{
    "data": {
        "attributes": {
            "type_description": "Android",
            "vhash": "5b83336462d87f1e32d283ca6fcc318e",
            "trid": [
                {
                    "file_type": "Android Package",
                    "probability": 67.5
                },
                {
                    "file_type": "Java Archive",
                    "probability": 23.6
                },
                {
                    "file_type": "ZIP compressed archive",
                    "probability": 7.0
                },
                {
                    "file_type": "PrintFox/Pagefox bitmap (var. P)",
                    "probability": 1.7
                }
            ],
            "names": [
                "416891.apk",
                "output.100307951.txt",
                "0029333c3985b712c6d656b34ab0f5b9f9ac1f439210abb95532c38ee6373c28.log",
                "3a88c66d858208500cca545b59ff2cfa3398f5ec",
                "0029333c3985b712c6d656b34ab0f5b9f9ac1f439210abb95532c38ee6373c28-1381762800000"
            ],
            "last_modification_date": 1657734400,
            "type_tag": "android",
            "times_submitted": 6,
            "total_votes": {
                "harmless": 0,
                "malicious": 0
            },
            "size": 343980,
            "popular_threat_classification": {
                "suggested_threat_label": "adware.adload/wkload",
                "popular_threat_category": [
                    {
                        "count": 6,
                        "value": "adware"
                    },
                    {
                        "count": 4,
                        "value": "trojan"
                    },
                    {
                        "count": 2,
                        "value": "virus"
                    }
                ],
                "popular_threat_name": [
                    {
                        "count": 5,
                        "value": "adload"
                    },
                    {
                        "count": 3,
                        "value": "wkload"
                    },
                    {
                        "count": 3,
                        "value": "appquanta"
                    }
                ]
            },
            "last_submission_date": 1557781722,
            "last_analysis_results": {
                "Bkav": {
                    "category": "undetected",
                    "engine_name": "Bkav",
                    "engine_version": "1.3.0.9899",
                    "result": null,
                    "method": "blacklist",
                    "engine_update": "20200720"
                },
                "Lionic": {
                    "category": "malicious",
                    "engine_name": "AegisLab",
                    "engine_version": "4.2",
                    "result": "Trojan.AndroidOS.Generic.C!c",
                    "method": "blacklist",
                    "engine_update": "20200720"
                },
                "MicroWorld-eScan": {
                    "category": "undetected",
                    "engine_name": "MicroWorld-eScan",
                    "engine_version": "14.0.409.0",
                    "result": null,
                    "method": "blacklist",
                    "engine_update": "20200720"
                },
                "FireEye": {
                    "category": "undetected",
                    "engine_name": "FireEye",
                    "engine_version": "32.36.1.0",
                    "result": null,
                    "method": "blacklist",
                    "engine_update": "20200720"
                },
                "CAT-QuickHeal": {
                    "category": "timeout",
                    "engine_name": "CAT-QuickHeal",
                    "engine_version": null,
                    "result": null,
                    "method": "blacklist",
                    "engine_update": "20200720"
                },
                "McAfee": {
                    "category": "malicious",
                    "engine_name": "McAfee",
                    "engine_version": "6.0.6.653",
                    "result": "Artemis!3D25B270AEAC",
                    "method": "blacklist",
                    "engine_update": "20200721"
                },
                "Malwarebytes": {
                    "category": "undetected",
                    "engine_name": "Malwarebytes",
                    "engine_version": "3.6.4.335",
                    "result": null,
                    "method": "blacklist",
                    "engine_update": "20200721"
                },
                "Zillya": {
                    "category": "undetected",
                    "engine_name": "Zillya",
                    "engine_version": "2.0.0.4133",
                    "result": null,
                    "method": "blacklist",
                    "engine_update": "20200720"
                },
                "Paloalto": {
                    "category": "type-unsupported",
                    "engine_name": "Paloalto",
                    "engine_version": "1.0",
                    "result": null,
                    "method": "blacklist",
                    "engine_update": "20200721"
                },
                "Sangfor": {
                    "category": "undetected",
                    "engine_name": "Sangfor",
                    "engine_version": "1.0",
                    "result": null,
                    "method": "blacklist",
                    "engine_update": "20200423"
                },
                "Trustlook": {
                    "category": "malicious",
                    "engine_name": "Trustlook",
                    "engine_version": "1.0",
                    "result": "Android.Malware.General (score:9)",
                    "method": "blacklist",
                    "engine_update": "20200721"
                },
                "Alibaba": {
                    "category": "undetected",
                    "engine_name": "Alibaba",
                    "engine_version": "0.3.0.5",
                    "result": null,
                    "method": "blacklist",
                    "engine_update": "20190527"
                },
                "K7GW": {
                    "category": "undetected",
                    "engine_name": "K7GW",
                    "engine_version": "11.123.34756",
                    "result": null,
                    "method": "blacklist",
                    "engine_update": "20200720"
                },
                "K7AntiVirus": {
                    "category": "undetected",
                    "engine_name": "K7AntiVirus",
                    "engine_version": "11.123.34756",
                    "result": null,
                    "method": "blacklist",
                    "engine_update": "20200720"
                },
                "Invincea": {
                    "category": "type-unsupported",
                    "engine_name": "Invincea",
                    "engine_version": "6.3.6.26157",
                    "result": null,
                    "method": "blacklist",
                    "engine_update": "20200502"
                },
                "Baidu": {
                    "category": "undetected",
                    "engine_name": "Baidu",
                    "engine_version": "1.0.0.2",
                    "result": null,
                    "method": "blacklist",
                    "engine_update": "20190318"
                },
                "F-Prot": {
                    "category": "malicious",
                    "engine_name": "F-Prot",
                    "engine_version": "4.7.1.166",
                    "result": "AndroidOS/Wkload.A",
                    "method": "blacklist",
                    "engine_update": "20200721"
                },
                "SymantecMobileInsight": {
                    "category": "malicious",
                    "engine_name": "SymantecMobileInsight",
                    "engine_version": "2.0",
                    "result": "PrivacyRisk:Adload",
                    "method": "blacklist",
                    "engine_update": "20200701"
                },
                "Symantec": {
                    "category": "malicious",
                    "engine_name": "Symantec",
                    "engine_version": "1.11.0.0",
                    "result": "Trojan.Gen.2",
                    "method": "blacklist",
                    "engine_update": "20200720"
                },
                "TotalDefense": {
                    "category": "undetected",
                    "engine_name": "TotalDefense",
                    "engine_version": "37.1.62.1",
                    "result": null,
                    "method": "blacklist",
                    "engine_update": "20200720"
                },
                "APEX": {
                    "category": "type-unsupported",
                    "engine_name": "APEX",
                    "engine_version": "6.49",
                    "result": null,
                    "method": "blacklist",
                    "engine_update": "20200720"
                },
                "TrendMicro-HouseCall": {
                    "category": "undetected",
                    "engine_name": "TrendMicro-HouseCall",
                    "engine_version": "10.0.0.1040",
                    "result": null,
                    "method": "blacklist",
                    "engine_update": "20200720"
                },
                "Avast": {
                    "category": "undetected",
                    "engine_name": "Avast",
                    "engine_version": "18.4.3895.0",
                    "result": null,
                    "method": "blacklist",
                    "engine_update": "20200721"
                },
                "ClamAV": {
                    "category": "undetected",
                    "engine_name": "ClamAV",
                    "engine_version": "0.102.4.0",
                    "result": null,
                    "method": "blacklist",
                    "engine_update": "20200720"
                },
                "Kaspersky": {
                    "category": "malicious",
                    "engine_name": "Kaspersky",
                    "engine_version": "15.0.1.13",
                    "result": "not-a-virus:HEUR:AdWare.AndroidOS.Reflod.c",
                    "method": "blacklist",
                    "engine_update": "20200720"
                },
                "BitDefender": {
                    "category": "undetected",
                    "engine_name": "BitDefender",
                    "engine_version": "7.2",
                    "result": null,
                    "method": "blacklist",
                    "engine_update": "20200720"
                },
                "NANO-Antivirus": {
                    "category": "malicious",
                    "engine_name": "NANO-Antivirus",
                    "engine_version": "1.0.134.25119",
                    "result": "Trojan.Android.AdLoad.culgqd",
                    "method": "blacklist",
                    "engine_update": "20200720"
                },
                "SUPERAntiSpyware": {
                    "category": "undetected",
                    "engine_name": "SUPERAntiSpyware",
                    "engine_version": "5.6.0.1032",
                    "result": null,
                    "method": "blacklist",
                    "engine_update": "20200717"
                },
                "Rising": {
                    "category": "undetected",
                    "engine_name": "Rising",
                    "engine_version": "25.0.0.26",
                    "result": null,
                    "method": "blacklist",
                    "engine_update": "20200721"
                },
                "Ad-Aware": {
                    "category": "undetected",
                    "engine_name": "Ad-Aware",
                    "engine_version": "3.0.5.370",
                    "result": null,
                    "method": "blacklist",
                    "engine_update": "20200720"
                },
                "TACHYON": {
                    "category": "undetected",
                    "engine_name": "TACHYON",
                    "engine_version": "2020-07-20.02",
                    "result": null,
                    "method": "blacklist",
                    "engine_update": "20200720"
                },
                "Emsisoft": {
                    "category": "undetected",
                    "engine_name": "Emsisoft",
                    "engine_version": "2018.12.0.1641",
                    "result": null,
                    "method": "blacklist",
                    "engine_update": "20200721"
                },
                "Comodo": {
                    "category": "malicious",
                    "engine_name": "Comodo",
                    "engine_version": "32645",
                    "result": "Malware@#2r05wz6ybnvse",
                    "method": "blacklist",
                    "engine_update": "20200720"
                },
                "F-Secure": {
                    "category": "malicious",
                    "engine_name": "F-Secure",
                    "engine_version": "12.0.86.52",
                    "result": "Malware.ANDROID/AdLoad.A.Gen",
                    "method": "blacklist",
                    "engine_update": "20200720"
                },
                "DrWeb": {
                    "category": "malicious",
                    "engine_name": "DrWeb",
                    "engine_version": "7.0.46.3050",
                    "result": "Adware.Appquanta.1.origin",
                    "method": "blacklist",
                    "engine_update": "20200721"
                },
                "VIPRE": {
                    "category": "undetected",
                    "engine_name": "VIPRE",
                    "engine_version": "85344",
                    "result": null,
                    "method": "blacklist",
                    "engine_update": "20200721"
                },
                "TrendMicro": {
                    "category": "undetected",
                    "engine_name": "TrendMicro",
                    "engine_version": "11.0.0.1006",
                    "result": null,
                    "method": "blacklist",
                    "engine_update": "20200721"
                },
                "McAfee-GW-Edition": {
                    "category": "failure",
                    "engine_name": "McAfee-GW-Edition",
                    "engine_version": null,
                    "result": null,
                    "method": "blacklist",
                    "engine_update": "20200720"
                },
                "Trapmine": {
                    "category": "type-unsupported",
                    "engine_name": "Trapmine",
                    "engine_version": "3.5.0.987",
                    "result": null,
                    "method": "blacklist",
                    "engine_update": "20200619"
                },
                "CMC": {
                    "category": "undetected",
                    "engine_name": "CMC",
                    "engine_version": "2.7.2019.1",
                    "result": null,
                    "method": "blacklist",
                    "engine_update": "20200720"
                },
                "Sophos": {
                    "category": "malicious",
                    "engine_name": "Sophos",
                    "engine_version": "4.98.0",
                    "result": "Andr/Wkload-A",
                    "method": "blacklist",
                    "engine_update": "20200720"
                },
                "SentinelOne": {
                    "category": "undetected",
                    "engine_name": "SentinelOne",
                    "engine_version": "4.3.0.105",
                    "result": null,
                    "method": "blacklist",
                    "engine_update": "20200601"
                },
                "Cyren": {
                    "category": "malicious",
                    "engine_name": "Cyren",
                    "engine_version": "6.3.0.2",
                    "result": "AndroidOS/Wkload.A",
                    "method": "blacklist",
                    "engine_update": "20200721"
                },
                "Jiangmin": {
                    "category": "undetected",
                    "engine_name": "Jiangmin",
                    "engine_version": "16.0.100",
                    "result": null,
                    "method": "blacklist",
                    "engine_update": "20200721"
                },
                "Webroot": {
                    "category": "type-unsupported",
                    "engine_name": "Webroot",
                    "engine_version": "1.0.0.403",
                    "result": null,
                    "method": "blacklist",
                    "engine_update": "20200721"
                },
                "Avira": {
                    "category": "malicious",
                    "engine_name": "Avira",
                    "engine_version": "8.3.3.8",
                    "result": "ANDROID/AdLoad.A.Gen",
                    "method": "blacklist",
                    "engine_update": "20200720"
                },
                "eGambit": {
                    "category": "type-unsupported",
                    "engine_name": "eGambit",
                    "engine_version": null,
                    "result": null,
                    "method": "blacklist",
                    "engine_update": "20200721"
                },
                "Fortinet": {
                    "category": "malicious",
                    "engine_name": "Fortinet",
                    "engine_version": "6.2.142.0",
                    "result": "Riskware/Generic.Z.3EA8E0!Android",
                    "method": "blacklist",
                    "engine_update": "20200721"
                },
                "Antiy-AVL": {
                    "category": "undetected",
                    "engine_name": "Antiy-AVL",
                    "engine_version": "3.0.0.1",
                    "result": null,
                    "method": "blacklist",
                    "engine_update": "20200720"
                },
                "Kingsoft": {
                    "category": "undetected",
                    "engine_name": "Kingsoft",
                    "engine_version": "2013.8.14.323",
                    "result": null,
                    "method": "blacklist",
                    "engine_update": "20200721"
                },
                "Endgame": {
                    "category": "type-unsupported",
                    "engine_name": "Endgame",
                    "engine_version": "4.0.5",
                    "result": null,
                    "method": "blacklist",
                    "engine_update": "20200608"
                },
                "Arcabit": {
                    "category": "undetected",
                    "engine_name": "Arcabit",
                    "engine_version": "1.0.0.877",
                    "result": null,
                    "method": "blacklist",
                    "engine_update": "20200721"
                },
                "ViRobot": {
                    "category": "undetected",
                    "engine_name": "ViRobot",
                    "engine_version": "2014.3.20.0",
                    "result": null,
                    "method": "blacklist",
                    "engine_update": "20200720"
                },
                "ZoneAlarm": {
                    "category": "malicious",
                    "engine_name": "ZoneAlarm",
                    "engine_version": "1.0",
                    "result": "not-a-virus:HEUR:AdWare.AndroidOS.Reflod.c",
                    "method": "blacklist",
                    "engine_update": "20200721"
                },
                "Avast-Mobile": {
                    "category": "undetected",
                    "engine_name": "Avast-Mobile",
                    "engine_version": "200720-00",
                    "result": null,
                    "method": "blacklist",
                    "engine_update": "20200720"
                },
                "Microsoft": {
                    "category": "malicious",
                    "engine_name": "Microsoft",
                    "engine_version": "1.1.17200.2",
                    "result": "Trojan:Script/Wacatac.C!ml",
                    "method": "blacklist",
                    "engine_update": "20200720"
                },
                "Cynet": {
                    "category": "malicious",
                    "engine_name": "Cynet",
                    "engine_version": "4.0.0.24",
                    "result": "Malicious (score: 85)",
                    "method": "blacklist",
                    "engine_update": "20200714"
                },
                "AhnLab-V3": {
                    "category": "malicious",
                    "engine_name": "AhnLab-V3",
                    "engine_version": "3.18.1.10026",
                    "result": "PUP/Android.Appquanta.517084",
                    "method": "blacklist",
                    "engine_update": "20200720"
                },
                "Acronis": {
                    "category": "type-unsupported",
                    "engine_name": "Acronis",
                    "engine_version": "1.1.1.76",
                    "result": null,
                    "method": "blacklist",
                    "engine_update": "20200603"
                },
                "ALYac": {
                    "category": "undetected",
                    "engine_name": "ALYac",
                    "engine_version": "1.1.1.5",
                    "result": null,
                    "method": "blacklist",
                    "engine_update": "20200721"
                },
                "MAX": {
                    "category": "undetected",
                    "engine_name": "MAX",
                    "engine_version": "2019.9.16.1",
                    "result": null,
                    "method": "blacklist",
                    "engine_update": "20200721"
                },
                "VBA32": {
                    "category": "undetected",
                    "engine_name": "VBA32",
                    "engine_version": "4.4.1",
                    "result": null,
                    "method": "blacklist",
                    "engine_update": "20200720"
                },
                "Cylance": {
                    "category": "type-unsupported",
                    "engine_name": "Cylance",
                    "engine_version": "2.3.1.101",
                    "result": null,
                    "method": "blacklist",
                    "engine_update": "20200721"
                },
                "Zoner": {
                    "category": "undetected",
                    "engine_name": "Zoner",
                    "engine_version": "0.0.0.0",
                    "result": null,
                    "method": "blacklist",
                    "engine_update": "20200721"
                },
                "ESET-NOD32": {
                    "category": "malicious",
                    "engine_name": "ESET-NOD32",
                    "engine_version": "21687",
                    "result": "a variant of Android/Adload.A potentially unwanted",
                    "method": "blacklist",
                    "engine_update": "20200720"
                },
                "Tencent": {
                    "category": "malicious",
                    "engine_name": "Tencent",
                    "engine_version": "1.0.0.1",
                    "result": "Dos.Adware.Reflod.Lknt",
                    "method": "blacklist",
                    "engine_update": "20200721"
                },
                "Yandex": {
                    "category": "undetected",
                    "engine_name": "Yandex",
                    "engine_version": "5.5.2.24",
                    "result": null,
                    "method": "blacklist",
                    "engine_update": "20200707"
                },
                "Ikarus": {
                    "category": "malicious",
                    "engine_name": "Ikarus",
                    "engine_version": "0.1.5.2",
                    "result": "AdWare.AndroidOS.AppQuanta",
                    "method": "blacklist",
                    "engine_update": "20200720"
                },
                "MaxSecure": {
                    "category": "undetected",
                    "engine_name": "MaxSecure",
                    "engine_version": "1.0.0.1",
                    "result": null,
                    "method": "blacklist",
                    "engine_update": "20200622"
                },
                "GData": {
                    "category": "undetected",
                    "engine_name": "GData",
                    "engine_version": "A:25.26299B:27.19519",
                    "result": null,
                    "method": "blacklist",
                    "engine_update": "20200721"
                },
                "BitDefenderTheta": {
                    "category": "undetected",
                    "engine_name": "BitDefenderTheta",
                    "engine_version": "7.2.37796.0",
                    "result": null,
                    "method": "blacklist",
                    "engine_update": "20200714"
                },
                "AVG": {
                    "category": "undetected",
                    "engine_name": "AVG",
                    "engine_version": "18.4.3895.0",
                    "result": null,
                    "method": "blacklist",
                    "engine_update": "20200721"
                },
                "Cybereason": {
                    "category": "type-unsupported",
                    "engine_name": "Cybereason",
                    "engine_version": "1.2.449",
                    "result": null,
                    "method": "blacklist",
                    "engine_update": "20190616"
                },
                "Panda": {
                    "category": "undetected",
                    "engine_name": "Panda",
                    "engine_version": "4.6.4.2",
                    "result": null,
                    "method": "blacklist",
                    "engine_update": "20200720"
                },
                "CrowdStrike": {
                    "category": "type-unsupported",
                    "engine_name": "CrowdStrike",
                    "engine_version": "1.0",
                    "result": null,
                    "method": "blacklist",
                    "engine_update": "20190702"
                },
                "Qihoo-360": {
                    "category": "malicious",
                    "engine_name": "Qihoo-360",
                    "engine_version": "1.0.0.1120",
                    "result": "Adware.Android.Gen",
                    "method": "blacklist",
                    "engine_update": "20200721"
                }
            },
            "sha256": "0029333c3985b712c6d656b34ab0f5b9f9ac1f439210abb95532c38ee6373c28",
            "type_extension": "apk",
            "tags": [
                "reflection",
                "apk",
                "runtime-modules",
                "telephony",
                "dyn-class",
                "android"
            ],
            "last_analysis_date": 1595289749,
            "unique_sources": 5,
            "first_submission_date": 1392264223,
            "sha1": "ffc2ad6ee0c3d1c564dd92de288f12ecd0a509f6",
            "ssdeep": "6144:0ge69nMHISy9PBew5MAiY4t5VCyNeDKYttNCYPucvslElkMgOcCPLd7ODO0Ygy:7DkO95MAAcPDvtNNKedVODOIy",
            "bundle_info": {
                "highest_datetime": "2013-08-21 10:41:00",
                "lowest_datetime": "2013-06-25 16:22:06",
                "num_children": 40,
                "extensions": {
                    "xml": 2,
                    "dex": 1,
                    "MF": 1,
                    "zip": 1,
                    "RSA": 1,
                    "0": 15,
                    "SF": 1,
                    "png": 14
                },
                "file_types": {
                    "XML": 2,
                    "DEX": 1,
                    "unknown": 19,
                    "JPG": 2,
                    "HTML": 1,
                    "PNG": 15
                },
                "type": "APK",
                "uncompressed_size": 468432
            },
            "md5": "3d25b270aeac9565364b4df217d4eae8",
            "androguard": {
                "Activities": [
                    "com.zhainvdaku.geepalmm.MyActivity",
                    "com.appquanta.wk.MainActivity"
                ],
                "AndroidVersionCode": "100",
                "main_activity": "com.zhainvdaku.geepalmm.MyActivity",
                "certificate": {
                    "Subject": {
                        "DN": "C:CN, CN:cn, L:l, O:o, ST:st, OU:ou",
                        "C": "CN",
                        "CN": "cn",
                        "L": "l",
                        "O": "o",
                        "ST": "st",
                        "OU": "ou"
                    },
                    "validto": "2113-08-05 06:22:46",
                    "serialnumber": "5123a62a",
                    "thumbprint": "1817d7d972cec36578e10e7e23f9a75bf3b8acb0",
                    "validfrom": "2013-08-05 06:22:46",
                    "Issuer": {
                        "DN": "C:CN, CN:cn, L:l, O:o, ST:st, OU:ou",
                        "C": "CN",
                        "CN": "cn",
                        "L": "l",
                        "O": "o",
                        "ST": "st",
                        "OU": "ou"
                    }
                },
                "VTAndroidInfo": 1.41,
                "Package": "com.zhainvdaku.geepalmm",
                "intent_filters": {
                    "Services": {},
                    "Activities": {
                        "com.zhainvdaku.geepalmm.MyActivity": {
                            "action": [
                                "android.intent.action.MAIN"
                            ],
                            "category": [
                                "android.intent.category.LAUNCHER"
                            ]
                        }
                    },
                    "Receivers": {
                        "com.zhainvdaku.geepalmm.MyReceiver": {
                            "action": [
                                "android.intent.action.BOOT_COMPLETED"
                            ]
                        }
                    }
                },
                "permission_details": {
                    "android.permission.RECEIVE_BOOT_COMPLETED": {
                        "short_description": "automatically start at boot",
                        "full_description": "Allows an application to start itself as soon as the system has finished booting. This can make it take longer to start the phone and allow the application to slow down the overall phone by always running.",
                        "permission_type": "normal"
                    },
                    "com.android.launcher.permission.UNINSTALL_SHORTCUT": {
                        "short_description": "Unknown permission from android reference",
                        "full_description": "Unknown permission from android reference",
                        "permission_type": "normal"
                    },
                    "android.permission.READ_PHONE_STATE": {
                        "short_description": "read phone state and identity",
                        "full_description": "Allows the application to access the phone features of the device. An application with this permission can determine the phone number and serial number of this phone, whether a call is active, the number that call is connected to and so on.",
                        "permission_type": "dangerous"
                    },
                    "com.android.launcher.permission.INSTALL_SHORTCUT": {
                        "short_description": "Unknown permission from android reference",
                        "full_description": "Unknown permission from android reference",
                        "permission_type": "normal"
                    },
                    "android.permission.ACCESS_NETWORK_STATE": {
                        "short_description": "view network status",
                        "full_description": "Allows an application to view the status of all networks.",
                        "permission_type": "normal"
                    },
                    "android.permission.GET_TASKS": {
                        "short_description": "retrieve running applications",
                        "full_description": "Allows application to retrieve information about currently and recently running tasks. May allow malicious applications to discover private information about other applications.",
                        "permission_type": "dangerous"
                    },
                    "android.permission.SET_WALLPAPER": {
                        "short_description": "set wallpaper",
                        "full_description": "Allows the application to set the system wallpaper.",
                        "permission_type": "normal"
                    },
                    "android.permission.ACCESS_WIFI_STATE": {
                        "short_description": "view Wi-Fi status",
                        "full_description": "Allows an application to view the information about the status of Wi-Fi.",
                        "permission_type": "normal"
                    },
                    "android.permission.INTERNET": {
                        "short_description": "full Internet access",
                        "full_description": "Allows an application to create network sockets.",
                        "permission_type": "dangerous"
                    },
                    "android.permission.WRITE_EXTERNAL_STORAGE": {
                        "short_description": "modify/delete SD card contents",
                        "full_description": "Allows an application to write to the SD card.",
                        "permission_type": "dangerous"
                    }
                },
                "AndroidApplication": 1,
                "AndroidApplicationError": false,
                "AndroidVersionName": "1.00",
                "RiskIndicator": {
                    "APK": {
                        "DEX": 1
                    },
                    "PERM": {
                        "DANGEROUS": 2,
                        "INTERNET": 1,
                        "PRIVACY": 1,
                        "NORMAL": 4
                    }
                },
                "Services": [
                    "com.appquanta.wk.MainService"
                ],
                "MinSdkVersion": "8",
                "TargetSdkVersion": "8",
                "Receivers": [
                    "com.zhainvdaku.geepalmm.MyReceiver"
                ],
                "AndroguardVersion": "3.0-dev",
                "AndroidApplicationInfo": "APK"
            },
            "magic": "Zip archive data, at least v1.0 to extract",
            "last_analysis_stats": {
                "harmless": 0,
                "type-unsupported": 11,
                "suspicious": 0,
                "confirmed-timeout": 0,
                "timeout": 1,
                "failure": 1,
                "malicious": 23,
                "undetected": 40
            },
            "meaningful_name": "416891.apk",
            "reputation": 0
        },
        "type": "file",
        "id": "0029333c3985b712c6d656b34ab0f5b9f9ac1f439210abb95532c38ee6373c28",
        "links": {
            "self": "https://www.virustotal.com/api/v3/files/0029333c3985b712c6d656b34ab0f5b9f9ac1f439210abb95532c38ee6373c28"
        }
    }
}