{
    "data": {
        "attributes": {
            "type_description": "Android",
            "tlsh": "T17113E057E790D40DF0EDE5721BE90B46AF782024AC093AB903400BDD4DB6DD26F598BB",
            "vhash": "4ff7ec1d54b071515376cc2c0227055d",
            "trid": [
                {
                    "file_type": "Android Package",
                    "probability": 67.5
                },
                {
                    "file_type": "Java Archive",
                    "probability": 23.6
                },
                {
                    "file_type": "ZIP compressed archive",
                    "probability": 7.0
                },
                {
                    "file_type": "PrintFox/Pagefox bitmap (640x800)",
                    "probability": 1.7
                }
            ],
            "names": [
                "004b3862f816f35464fe8f1e45d56628b299d32b25f47ed4d308251f4b250d19.bff31529a9f4d5a1ccf1b54d7230001c.apk",
                "004B3862F816F35464FE8F1E45D56628B299D32B25F47ED4D308251F4B250D19.apk",
                "004b3862f816f35464fe8f1e45d56628b299d32b25f47ed4d308251f4b250d19.apk",
                "004b3862f816f35464fe8f1e45d56628b299d32b25f47ed4d308251f4b250d19",
                "004b3862f816f35464fe8f1e45d56628b299d32b25f47ed4d308251f4b250d19 (2).apk",
                "0957e94812caf6878f04669931d56c24205bb113.apk",
                "file-7700075_",
                "004b3862f816f35464fe8f1e45d56628b299d32b25f47ed4d308251f4b250d19.bin",
                "browser_update.apk"
            ],
            "last_modification_date": 1656029125,
            "type_tag": "android",
            "times_submitted": 59,
            "total_votes": {
                "harmless": 0,
                "malicious": 0
            },
            "size": 44048,
            "popular_threat_classification": {
                "suggested_threat_label": "trojan.fakeinst/opfake",
                "popular_threat_category": [
                    {
                        "count": 18,
                        "value": "trojan"
                    }
                ],
                "popular_threat_name": [
                    {
                        "count": 7,
                        "value": "fakeinst"
                    },
                    {
                        "count": 5,
                        "value": "opfake"
                    },
                    {
                        "count": 2,
                        "value": "trojansms"
                    }
                ]
            },
            "last_submission_date": 1656021885,
            "last_analysis_results": {
                "Bkav": {
                    "category": "undetected",
                    "engine_name": "Bkav",
                    "engine_version": "1.3.0.9899",
                    "result": null,
                    "method": "blacklist",
                    "engine_update": "20220623"
                },
                "Lionic": {
                    "category": "malicious",
                    "engine_name": "Lionic",
                    "engine_version": "7.5",
                    "result": "SUSPICIOUS",
                    "method": "blacklist",
                    "engine_update": "20220623"
                },
                "Elastic": {
                    "category": "type-unsupported",
                    "engine_name": "Elastic",
                    "engine_version": "4.0.40",
                    "result": null,
                    "method": "blacklist",
                    "engine_update": "20220623"
                },
                "DrWeb": {
                    "category": "malicious",
                    "engine_name": "DrWeb",
                    "engine_version": "7.0.56.4040",
                    "result": "Android.SmsSend.360",
                    "method": "blacklist",
                    "engine_update": "20220623"
                },
                "MicroWorld-eScan": {
                    "category": "undetected",
                    "engine_name": "MicroWorld-eScan",
                    "engine_version": "14.0.409.0",
                    "result": null,
                    "method": "blacklist",
                    "engine_update": "20220623"
                },
                "FireEye": {
                    "category": "undetected",
                    "engine_name": "FireEye",
                    "engine_version": "35.24.1.0",
                    "result": null,
                    "method": "blacklist",
                    "engine_update": "20220623"
                },
                "CAT-QuickHeal": {
                    "category": "malicious",
                    "engine_name": "CAT-QuickHeal",
                    "engine_version": "14.00",
                    "result": "Android.gPHKE.GEN48251",
                    "method": "blacklist",
                    "engine_update": "20220623"
                },
                "ALYac": {
                    "category": "undetected",
                    "engine_name": "ALYac",
                    "engine_version": "1.1.3.1",
                    "result": null,
                    "method": "blacklist",
                    "engine_update": "20220623"
                },
                "Malwarebytes": {
                    "category": "undetected",
                    "engine_name": "Malwarebytes",
                    "engine_version": "4.3.3.37",
                    "result": null,
                    "method": "blacklist",
                    "engine_update": "20220623"
                },
                "Paloalto": {
                    "category": "type-unsupported",
                    "engine_name": "Paloalto",
                    "engine_version": "0.9.0.1003",
                    "result": null,
                    "method": "blacklist",
                    "engine_update": "20220623"
                },
                "Sangfor": {
                    "category": "malicious",
                    "engine_name": "Sangfor",
                    "engine_version": "2.14.0.0",
                    "result": "Malware.Generic-Script.Save.2afb9048",
                    "method": "blacklist",
                    "engine_update": "20220602"
                },
                "Trustlook": {
                    "category": "malicious",
                    "engine_name": "Trustlook",
                    "engine_version": "1.0",
                    "result": "Android.Malware.Trojan",
                    "method": "blacklist",
                    "engine_update": "20220623"
                },
                "Alibaba": {
                    "category": "malicious",
                    "engine_name": "Alibaba",
                    "engine_version": "0.3.0.5",
                    "result": "Trojan:Android/FakeInst.d80dbd69",
                    "method": "blacklist",
                    "engine_update": "20190527"
                },
                "K7GW": {
                    "category": "malicious",
                    "engine_name": "K7GW",
                    "engine_version": "12.21.42995",
                    "result": "Trojan ( 0048d9381 )",
                    "method": "blacklist",
                    "engine_update": "20220623"
                },
                "K7AntiVirus": {
                    "category": "undetected",
                    "engine_name": "K7AntiVirus",
                    "engine_version": "12.21.42993",
                    "result": null,
                    "method": "blacklist",
                    "engine_update": "20220623"
                },
                "Arcabit": {
                    "category": "undetected",
                    "engine_name": "Arcabit",
                    "engine_version": "1.0.0.889",
                    "result": null,
                    "method": "blacklist",
                    "engine_update": "20220623"
                },
                "BitDefenderTheta": {
                    "category": "undetected",
                    "engine_name": "BitDefenderTheta",
                    "engine_version": "7.2.37796.0",
                    "result": null,
                    "method": "blacklist",
                    "engine_update": "20220614"
                },
                "VirIT": {
                    "category": "malicious",
                    "engine_name": "VirIT",
                    "engine_version": "9.5.223",
                    "result": "Android.Trj.SmsSend.NW",
                    "method": "blacklist",
                    "engine_update": "20220623"
                },
                "Cyren": {
                    "category": "malicious",
                    "engine_name": "Cyren",
                    "engine_version": "6.5.1.2",
                    "result": "AndroidOS/Opfake.B",
                    "method": "blacklist",
                    "engine_update": "20220623"
                },
                "SymantecMobileInsight": {
                    "category": "malicious",
                    "engine_name": "SymantecMobileInsight",
                    "engine_version": "2.0",
                    "result": "Trojan:Opfake",
                    "method": "blacklist",
                    "engine_update": "20220208"
                },
                "tehtris": {
                    "category": "type-unsupported",
                    "engine_name": "tehtris",
                    "engine_version": null,
                    "result": null,
                    "method": "blacklist",
                    "engine_update": "20220623"
                },
                "ESET-NOD32": {
                    "category": "malicious",
                    "engine_name": "ESET-NOD32",
                    "engine_version": "25484",
                    "result": "Android/TrojanSMS.Agent.AV",
                    "method": "blacklist",
                    "engine_update": "20220623"
                },
                "APEX": {
                    "category": "type-unsupported",
                    "engine_name": "APEX",
                    "engine_version": "6.305",
                    "result": null,
                    "method": "blacklist",
                    "engine_update": "20220622"
                },
                "TrendMicro-HouseCall": {
                    "category": "malicious",
                    "engine_name": "TrendMicro-HouseCall",
                    "engine_version": "10.0.0.1040",
                    "result": "AndroidOS_FAKE.DQ",
                    "method": "blacklist",
                    "engine_update": "20220623"
                },
                "Avast": {
                    "category": "malicious",
                    "engine_name": "Avast",
                    "engine_version": "21.1.5827.0",
                    "result": "Android:Agent-GWO [Trj]",
                    "method": "blacklist",
                    "engine_update": "20220623"
                },
                "ClamAV": {
                    "category": "malicious",
                    "engine_name": "ClamAV",
                    "engine_version": "0.105.0.0",
                    "result": "Win.Trojan.SMS-79",
                    "method": "blacklist",
                    "engine_update": "20220623"
                },
                "Kaspersky": {
                    "category": "malicious",
                    "engine_name": "Kaspersky",
                    "engine_version": "21.0.1.45",
                    "result": "HEUR:Trojan-SMS.AndroidOS.FakeInst.a",
                    "method": "blacklist",
                    "engine_update": "20220623"
                },
                "BitDefender": {
                    "category": "undetected",
                    "engine_name": "BitDefender",
                    "engine_version": "7.2",
                    "result": null,
                    "method": "blacklist",
                    "engine_update": "20220623"
                },
                "NANO-Antivirus": {
                    "category": "malicious",
                    "engine_name": "NANO-Antivirus",
                    "engine_version": "1.0.146.25588",
                    "result": "Trojan.Android.FakeInst.dnpsms",
                    "method": "blacklist",
                    "engine_update": "20220623"
                },
                "SUPERAntiSpyware": {
                    "category": "undetected",
                    "engine_name": "SUPERAntiSpyware",
                    "engine_version": "5.6.0.1032",
                    "result": null,
                    "method": "blacklist",
                    "engine_update": "20220618"
                },
                "Tencent": {
                    "category": "malicious",
                    "engine_name": "Tencent",
                    "engine_version": "1.0.0.1",
                    "result": "Trojan.Android.FakeInstall.ao",
                    "method": "blacklist",
                    "engine_update": "20220623"
                },
                "Ad-Aware": {
                    "category": "undetected",
                    "engine_name": "Ad-Aware",
                    "engine_version": "3.0.21.193",
                    "result": null,
                    "method": "blacklist",
                    "engine_update": "20220623"
                },
                "Sophos": {
                    "category": "malicious",
                    "engine_name": "Sophos",
                    "engine_version": "1.4.1.0",
                    "result": "Andr/Opfake-G",
                    "method": "blacklist",
                    "engine_update": "20220623"
                },
                "Comodo": {
                    "category": "malicious",
                    "engine_name": "Comodo",
                    "engine_version": "34741",
                    "result": "Malware@#3o5s844nal5w2",
                    "method": "blacklist",
                    "engine_update": "20220623"
                },
                "F-Secure": {
                    "category": "malicious",
                    "engine_name": "F-Secure",
                    "engine_version": "18.10.978.51",
                    "result": "Trojan:Android/Fakeinst.V",
                    "method": "blacklist",
                    "engine_update": "20220623"
                },
                "Baidu": {
                    "category": "undetected",
                    "engine_name": "Baidu",
                    "engine_version": "1.0.0.2",
                    "result": null,
                    "method": "blacklist",
                    "engine_update": "20190318"
                },
                "Zillya": {
                    "category": "malicious",
                    "engine_name": "Zillya",
                    "engine_version": "2.0.0.4656",
                    "result": "Trojan.Agent..11985",
                    "method": "blacklist",
                    "engine_update": "20220623"
                },
                "TrendMicro": {
                    "category": "malicious",
                    "engine_name": "TrendMicro",
                    "engine_version": "11.0.0.1006",
                    "result": "AndroidOS_FAKE.DQ",
                    "method": "blacklist",
                    "engine_update": "20220623"
                },
                "McAfee-GW-Edition": {
                    "category": "malicious",
                    "engine_name": "McAfee-GW-Edition",
                    "engine_version": "v2019.1.2+3728",
                    "result": "Android/FakeGame.a",
                    "method": "blacklist",
                    "engine_update": "20220623"
                },
                "SentinelOne": {
                    "category": "type-unsupported",
                    "engine_name": "SentinelOne",
                    "engine_version": "22.2.1.2",
                    "result": null,
                    "method": "blacklist",
                    "engine_update": "20220330"
                },
                "Trapmine": {
                    "category": "type-unsupported",
                    "engine_name": "Trapmine",
                    "engine_version": "3.5.50.94",
                    "result": null,
                    "method": "blacklist",
                    "engine_update": "20220526"
                },
                "Emsisoft": {
                    "category": "undetected",
                    "engine_name": "Emsisoft",
                    "engine_version": "2021.5.0.7597",
                    "result": null,
                    "method": "blacklist",
                    "engine_update": "20220623"
                },
                "Ikarus": {
                    "category": "malicious",
                    "engine_name": "Ikarus",
                    "engine_version": "6.0.24.0",
                    "result": "Trojan.AndroidOS.Obfus",
                    "method": "blacklist",
                    "engine_update": "20220623"
                },
                "GData": {
                    "category": "undetected",
                    "engine_name": "GData",
                    "engine_version": "A:25.33342B:27.27825",
                    "result": null,
                    "method": "blacklist",
                    "engine_update": "20220623"
                },
                "Jiangmin": {
                    "category": "malicious",
                    "engine_name": "Jiangmin",
                    "engine_version": "16.0.100",
                    "result": "Trojan/AndroidOS.ri",
                    "method": "blacklist",
                    "engine_update": "20220622"
                },
                "Webroot": {
                    "category": "type-unsupported",
                    "engine_name": "Webroot",
                    "engine_version": "1.0.0.403",
                    "result": null,
                    "method": "blacklist",
                    "engine_update": "20220623"
                },
                "Avira": {
                    "category": "malicious",
                    "engine_name": "Avira",
                    "engine_version": "8.3.3.14",
                    "result": "ANDROID/SMSAgent.FIKZ.Gen",
                    "method": "blacklist",
                    "engine_update": "20220623"
                },
                "Kingsoft": {
                    "category": "malicious",
                    "engine_name": "Kingsoft",
                    "engine_version": "2017.9.26.565",
                    "result": "Android.Troj.at_FakeInst.g.(kcloud)",
                    "method": "blacklist",
                    "engine_update": "20220623"
                },
                "Gridinsoft": {
                    "category": "undetected",
                    "engine_name": "Gridinsoft",
                    "engine_version": "1.0.82.174",
                    "result": null,
                    "method": "blacklist",
                    "engine_update": "20220623"
                },
                "Microsoft": {
                    "category": "malicious",
                    "engine_name": "Microsoft",
                    "engine_version": "1.1.19300.2",
                    "result": "Trojan:AndroidOS/FakeInstSms.E",
                    "method": "blacklist",
                    "engine_update": "20220623"
                },
                "ViRobot": {
                    "category": "undetected",
                    "engine_name": "ViRobot",
                    "engine_version": "2014.3.20.0",
                    "result": null,
                    "method": "blacklist",
                    "engine_update": "20220623"
                },
                "ZoneAlarm": {
                    "category": "malicious",
                    "engine_name": "ZoneAlarm",
                    "engine_version": "1.0",
                    "result": "HEUR:Trojan-SMS.AndroidOS.FakeInst.a",
                    "method": "blacklist",
                    "engine_update": "20220623"
                },
                "Avast-Mobile": {
                    "category": "malicious",
                    "engine_name": "Avast-Mobile",
                    "engine_version": "220623-02",
                    "result": "Android:TrojanSMS-ADS [Trj]",
                    "method": "blacklist",
                    "engine_update": "20220623"
                },
                "Cynet": {
                    "category": "malicious",
                    "engine_name": "Cynet",
                    "engine_version": "4.0.0.27",
                    "result": "Malicious (score: 99)",
                    "method": "blacklist",
                    "engine_update": "20220623"
                },
                "BitDefenderFalx": {
                    "category": "malicious",
                    "engine_name": "BitDefenderFalx",
                    "engine_version": "2.0.936",
                    "result": "Android.Trojan.FakeInst.BB",
                    "method": "blacklist",
                    "engine_update": "20220103"
                },
                "AhnLab-V3": {
                    "category": "malicious",
                    "engine_name": "AhnLab-V3",
                    "engine_version": "3.22.1.10283",
                    "result": "Trojan/Android.Opfake.519828",
                    "method": "blacklist",
                    "engine_update": "20220623"
                },
                "Acronis": {
                    "category": "undetected",
                    "engine_name": "Acronis",
                    "engine_version": "1.2.0.108",
                    "result": null,
                    "method": "blacklist",
                    "engine_update": "20220426"
                },
                "McAfee": {
                    "category": "malicious",
                    "engine_name": "McAfee",
                    "engine_version": "6.0.6.653",
                    "result": "Artemis!BFF31529A9F4",
                    "method": "blacklist",
                    "engine_update": "20220623"
                },
                "MAX": {
                    "category": "malicious",
                    "engine_name": "MAX",
                    "engine_version": "2019.9.16.1",
                    "result": "malware (ai score=100)",
                    "method": "blacklist",
                    "engine_update": "20220623"
                },
                "VBA32": {
                    "category": "malicious",
                    "engine_name": "VBA32",
                    "engine_version": "5.0.0",
                    "result": "Trojan-SMS.AndroidOS.Opfake.bq",
                    "method": "blacklist",
                    "engine_update": "20220623"
                },
                "Cylance": {
                    "category": "type-unsupported",
                    "engine_name": "Cylance",
                    "engine_version": "2.3.1.101",
                    "result": null,
                    "method": "blacklist",
                    "engine_update": "20220623"
                },
                "Zoner": {
                    "category": "undetected",
                    "engine_name": "Zoner",
                    "engine_version": "2.2.2.0",
                    "result": null,
                    "method": "blacklist",
                    "engine_update": "20220622"
                },
                "Rising": {
                    "category": "undetected",
                    "engine_name": "Rising",
                    "engine_version": "25.0.0.27",
                    "result": null,
                    "method": "blacklist",
                    "engine_update": "20220623"
                },
                "Yandex": {
                    "category": "undetected",
                    "engine_name": "Yandex",
                    "engine_version": "5.5.2.24",
                    "result": null,
                    "method": "blacklist",
                    "engine_update": "20220623"
                },
                "TACHYON": {
                    "category": "undetected",
                    "engine_name": "TACHYON",
                    "engine_version": "2022-06-23.02",
                    "result": null,
                    "method": "blacklist",
                    "engine_update": "20220623"
                },
                "MaxSecure": {
                    "category": "undetected",
                    "engine_name": "MaxSecure",
                    "engine_version": "1.0.0.1",
                    "result": null,
                    "method": "blacklist",
                    "engine_update": "20220623"
                },
                "Fortinet": {
                    "category": "malicious",
                    "engine_name": "Fortinet",
                    "engine_version": "6.2.142.0",
                    "result": "Android/Obfus.C!tr",
                    "method": "blacklist",
                    "engine_update": "20220623"
                },
                "AVG": {
                    "category": "malicious",
                    "engine_name": "AVG",
                    "engine_version": "21.1.5827.0",
                    "result": "Android:Agent-GWO [Trj]",
                    "method": "blacklist",
                    "engine_update": "20220623"
                },
                "Cybereason": {
                    "category": "type-unsupported",
                    "engine_name": "Cybereason",
                    "engine_version": "1.2.449",
                    "result": null,
                    "method": "blacklist",
                    "engine_update": "20210330"
                },
                "Panda": {
                    "category": "undetected",
                    "engine_name": "Panda",
                    "engine_version": "4.6.4.2",
                    "result": null,
                    "method": "blacklist",
                    "engine_update": "20220623"
                },
                "CrowdStrike": {
                    "category": "type-unsupported",
                    "engine_name": "CrowdStrike",
                    "engine_version": "1.0",
                    "result": null,
                    "method": "blacklist",
                    "engine_update": null
                }
            },
            "sha256": "004b3862f816f35464fe8f1e45d56628b299d32b25f47ed4d308251f4b250d19",
            "type_extension": "apk",
            "tags": [
                "apk",
                "android",
                "sends-sms",
                "reflection",
                "telephony"
            ],
            "last_analysis_date": 1656021885,
            "unique_sources": 28,
            "first_submission_date": 1332171948,
            "sha1": "0957e94812caf6878f04669931d56c24205bb113",
            "ssdeep": "768:seD5520fWD2NfF1mMbRn5Ww635735a35NQXSTsQXSTrQXSTo:sGwEWG+li",
            "bundle_info": {
                "highest_datetime": "2012-03-12 20:33:48",
                "lowest_datetime": "2011-09-14 12:29:04",
                "num_children": 16,
                "extensions": {
                    "xml": 4,
                    "dex": 1,
                    "MF": 1,
                    "db": 1,
                    "RSA": 1,
                    "SF": 1,
                    "png": 6
                },
                "file_types": {
                    "XML": 4,
                    "unknown": 5,
                    "DEX": 1,
                    "PNG": 6
                },
                "type": "APK",
                "uncompressed_size": 81558
            },
            "md5": "bff31529a9f4d5a1ccf1b54d7230001c",
            "androguard": {
                "Activities": [
                    "Jk7H.PwcD.SLYfoMdG"
                ],
                "AndroidVersionCode": "1",
                "main_activity": "Jk7H.PwcD.SLYfoMdG",
                "certificate": {
                    "Subject": {
                        "DN": "C:01, CN:Ivan Ivan, L:Moscow, O:Opera, ST:Moscom, OU:Opera",
                        "C": "01",
                        "CN": "Ivan Ivan",
                        "L": "Moscow",
                        "O": "Opera",
                        "ST": "Moscom",
                        "OU": "Opera"
                    },
                    "validto": "2039-01-02 19:20:29",
                    "serialnumber": "4e4c147d",
                    "thumbprint": "fb2fd4d89d7363e6386c865247825c041f23cdeb",
                    "validfrom": "2011-08-17 19:20:29",
                    "Issuer": {
                        "DN": "C:01, CN:Ivan Ivan, L:Moscow, O:Opera, ST:Moscom, OU:Opera",
                        "C": "01",
                        "CN": "Ivan Ivan",
                        "L": "Moscow",
                        "O": "Opera",
                        "ST": "Moscom",
                        "OU": "Opera"
                    }
                },
                "VTAndroidInfo": 2.0,
                "Package": "Jk7H.PwcD",
                "intent_filters": {
                    "Activities": {
                        "Jk7H.PwcD.SLYfoMdG": {
                            "action": [
                                "android.intent.action.MAIN"
                            ],
                            "category": [
                                "android.intent.category.LAUNCHER"
                            ]
                        }
                    }
                },
                "AndroidApplication": 1,
                "permission_details": {
                    "android.permission.SEND_SMS": {
                        "short_description": "send SMS messages",
                        "full_description": "Allows the app to send SMS messages.\n     This may result in unexpected charges. Malicious apps may cost you money by\n     sending messages without your confirmation.",
                        "permission_type": "dangerous"
                    },
                    "android.permission.READ_PHONE_STATE": {
                        "short_description": "read phone status and identity",
                        "full_description": "Allows the app to access the phone\n      features of the device.  This permission allows the app to determine the\n      phone number and device IDs, whether a call is active, and the remote number\n      connected by a call.",
                        "permission_type": "dangerous"
                    },
                    "android.permission.INTERNET": {
                        "short_description": "full network access",
                        "full_description": "Allows the app to create\n     network sockets and use custom network protocols. The browser and other\n     applications provide means to send data to the internet, so this\n     permission is not required to send data to the internet.",
                        "permission_type": "dangerous"
                    },
                    "android.permission.ACCESS_NETWORK_STATE": {
                        "short_description": "view network connections",
                        "full_description": "Allows the app to view\n      information about network connections such as which networks exist and are\n      connected.",
                        "permission_type": "normal"
                    }
                },
                "AndroidApplicationError": false,
                "AndroidVersionName": "1.0",
                "RiskIndicator": {
                    "APK": {
                        "DEX": 1
                    },
                    "PERM": {
                        "MONEY": 1,
                        "PRIVACY": 1,
                        "SMS": 1,
                        "INTERNET": 1,
                        "NORMAL": 1
                    }
                },
                "MinSdkVersion": "4",
                "AndroguardVersion": "3.4.0a1",
                "AndroidApplicationInfo": "APK"
            },
            "magic": "Zip archive data, at least v2.0 to extract",
            "last_analysis_stats": {
                "harmless": 0,
                "type-unsupported": 10,
                "suspicious": 0,
                "confirmed-timeout": 0,
                "timeout": 0,
                "failure": 0,
                "malicious": 38,
                "undetected": 23
            },
            "meaningful_name": "004b3862f816f35464fe8f1e45d56628b299d32b25f47ed4d308251f4b250d19.bff31529a9f4d5a1ccf1b54d7230001c.apk",
            "reputation": 0
        },
        "type": "file",
        "id": "004b3862f816f35464fe8f1e45d56628b299d32b25f47ed4d308251f4b250d19",
        "links": {
            "self": "https://www.virustotal.com/api/v3/files/004b3862f816f35464fe8f1e45d56628b299d32b25f47ed4d308251f4b250d19"
        }
    }
}