{
    "data": {
        "attributes": {
            "type_description": "Android",
            "tlsh": "T162152341B789DC1BD9FBC1339F2661016D115C88866AFB2B2203F29C5BF3E90974DE5A",
            "vhash": "94ee9b4a51a1259a3d27753af9d3866a",
            "trid": [
                {
                    "file_type": "Android Package",
                    "probability": 67.5
                },
                {
                    "file_type": "Java Archive",
                    "probability": 23.6
                },
                {
                    "file_type": "ZIP compressed archive",
                    "probability": 7.0
                },
                {
                    "file_type": "PrintFox/Pagefox bitmap (640x800)",
                    "probability": 1.7
                }
            ],
            "names": [
                "013083",
                "VirusShare_f4ff1575ff3f30124435ddbd35418490",
                "f4ff1575ff3f30124435ddbd35418490",
                "344075a2ec4a4b33528d55b1134889bde357c210",
                "SqSZeE30rw.bmp"
            ],
            "last_modification_date": 1657182929,
            "type_tag": "android",
            "times_submitted": 4,
            "total_votes": {
                "harmless": 0,
                "malicious": 0
            },
            "size": 926508,
            "popular_threat_classification": {
                "suggested_threat_label": "adware.airpush/artemis",
                "popular_threat_category": [
                    {
                        "count": 7,
                        "value": "adware"
                    },
                    {
                        "count": 3,
                        "value": "trojan"
                    }
                ],
                "popular_threat_name": [
                    {
                        "count": 10,
                        "value": "airpush"
                    },
                    {
                        "count": 2,
                        "value": "artemis"
                    }
                ]
            },
            "last_submission_date": 1644173081,
            "last_analysis_results": {
                "Bkav": {
                    "category": "undetected",
                    "engine_name": "Bkav",
                    "engine_version": "1.3.0.9899",
                    "result": null,
                    "method": "blacklist",
                    "engine_update": "20220128"
                },
                "Lionic": {
                    "category": "malicious",
                    "engine_name": "Lionic",
                    "engine_version": "4.2",
                    "result": "Riskware.AndroidOS.Generic.z!c",
                    "method": "blacklist",
                    "engine_update": "20220206"
                },
                "Elastic": {
                    "category": "type-unsupported",
                    "engine_name": "Elastic",
                    "engine_version": "4.0.32",
                    "result": null,
                    "method": "blacklist",
                    "engine_update": "20211223"
                },
                "DrWeb": {
                    "category": "malicious",
                    "engine_name": "DrWeb",
                    "engine_version": "7.0.52.8270",
                    "result": "Adware.Airpush.7.origin",
                    "method": "blacklist",
                    "engine_update": "20220206"
                },
                "MicroWorld-eScan": {
                    "category": "undetected",
                    "engine_name": "MicroWorld-eScan",
                    "engine_version": "14.0.409.0",
                    "result": null,
                    "method": "blacklist",
                    "engine_update": "20220206"
                },
                "FireEye": {
                    "category": "undetected",
                    "engine_name": "FireEye",
                    "engine_version": "32.44.1.0",
                    "result": null,
                    "method": "blacklist",
                    "engine_update": "20220206"
                },
                "CAT-QuickHeal": {
                    "category": "malicious",
                    "engine_name": "CAT-QuickHeal",
                    "engine_version": "14.00",
                    "result": "Android.DowginSCF.AA (PUP)",
                    "method": "blacklist",
                    "engine_update": "20220206"
                },
                "McAfee": {
                    "category": "malicious",
                    "engine_name": "McAfee",
                    "engine_version": "6.0.6.653",
                    "result": "Artemis!F4FF1575FF3F",
                    "method": "blacklist",
                    "engine_update": "20220206"
                },
                "Malwarebytes": {
                    "category": "undetected",
                    "engine_name": "Malwarebytes",
                    "engine_version": "4.2.2.27",
                    "result": null,
                    "method": "blacklist",
                    "engine_update": "20220206"
                },
                "Zillya": {
                    "category": "undetected",
                    "engine_name": "Zillya",
                    "engine_version": "2.0.0.4564",
                    "result": null,
                    "method": "blacklist",
                    "engine_update": "20220204"
                },
                "Sangfor": {
                    "category": "undetected",
                    "engine_name": "Sangfor",
                    "engine_version": "2.9.0.0",
                    "result": null,
                    "method": "blacklist",
                    "engine_update": "20211224"
                },
                "Trustlook": {
                    "category": "malicious",
                    "engine_name": "Trustlook",
                    "engine_version": "1.0",
                    "result": "Android.PUA.Adware",
                    "method": "blacklist",
                    "engine_update": "20220206"
                },
                "Alibaba": {
                    "category": "undetected",
                    "engine_name": "Alibaba",
                    "engine_version": "0.3.0.5",
                    "result": null,
                    "method": "blacklist",
                    "engine_update": "20190527"
                },
                "K7GW": {
                    "category": "malicious",
                    "engine_name": "K7GW",
                    "engine_version": "11.245.40712",
                    "result": "Adware ( 0052bfa21 )",
                    "method": "blacklist",
                    "engine_update": "20220206"
                },
                "K7AntiVirus": {
                    "category": "undetected",
                    "engine_name": "K7AntiVirus",
                    "engine_version": "11.245.40712",
                    "result": null,
                    "method": "blacklist",
                    "engine_update": "20220206"
                },
                "BitDefenderTheta": {
                    "category": "undetected",
                    "engine_name": "BitDefenderTheta",
                    "engine_version": "7.2.37796.0",
                    "result": null,
                    "method": "blacklist",
                    "engine_update": "20220125"
                },
                "VirIT": {
                    "category": "malicious",
                    "engine_name": "VirIT",
                    "engine_version": "9.5.127",
                    "result": "Android.Adw.AirPush.Gen",
                    "method": "blacklist",
                    "engine_update": "20220204"
                },
                "Cyren": {
                    "category": "undetected",
                    "engine_name": "Cyren",
                    "engine_version": "6.5.1.2",
                    "result": null,
                    "method": "blacklist",
                    "engine_update": "20220206"
                },
                "SymantecMobileInsight": {
                    "category": "malicious",
                    "engine_name": "SymantecMobileInsight",
                    "engine_version": "2.0",
                    "result": "AdLibrary:AdMob",
                    "method": "blacklist",
                    "engine_update": "20220203"
                },
                "Symantec": {
                    "category": "malicious",
                    "engine_name": "Symantec",
                    "engine_version": "1.16.0.0",
                    "result": "Trojan.Gen.MBT",
                    "method": "blacklist",
                    "engine_update": "20220206"
                },
                "ESET-NOD32": {
                    "category": "malicious",
                    "engine_name": "ESET-NOD32",
                    "engine_version": "24743",
                    "result": "a variant of Android/AdDisplay.AirPush.D potentially unwanted",
                    "method": "blacklist",
                    "engine_update": "20220206"
                },
                "APEX": {
                    "category": "type-unsupported",
                    "engine_name": "APEX",
                    "engine_version": "6.257",
                    "result": null,
                    "method": "blacklist",
                    "engine_update": "20220204"
                },
                "TrendMicro-HouseCall": {
                    "category": "undetected",
                    "engine_name": "TrendMicro-HouseCall",
                    "engine_version": "10.0.0.1040",
                    "result": null,
                    "method": "blacklist",
                    "engine_update": "20220206"
                },
                "Avast": {
                    "category": "undetected",
                    "engine_name": "Avast",
                    "engine_version": "21.1.5827.0",
                    "result": null,
                    "method": "blacklist",
                    "engine_update": "20220206"
                },
                "ClamAV": {
                    "category": "undetected",
                    "engine_name": "ClamAV",
                    "engine_version": "0.104.2.0",
                    "result": null,
                    "method": "blacklist",
                    "engine_update": "20220206"
                },
                "Kaspersky": {
                    "category": "undetected",
                    "engine_name": "Kaspersky",
                    "engine_version": "21.0.1.45",
                    "result": null,
                    "method": "blacklist",
                    "engine_update": "20220206"
                },
                "BitDefender": {
                    "category": "undetected",
                    "engine_name": "BitDefender",
                    "engine_version": "7.2",
                    "result": null,
                    "method": "blacklist",
                    "engine_update": "20220206"
                },
                "NANO-Antivirus": {
                    "category": "malicious",
                    "engine_name": "NANO-Antivirus",
                    "engine_version": "1.0.146.25561",
                    "result": "Trojan.Android.Airpush.dhegmw",
                    "method": "blacklist",
                    "engine_update": "20220206"
                },
                "SUPERAntiSpyware": {
                    "category": "undetected",
                    "engine_name": "SUPERAntiSpyware",
                    "engine_version": "5.6.0.1032",
                    "result": null,
                    "method": "blacklist",
                    "engine_update": "20220205"
                },
                "Tencent": {
                    "category": "undetected",
                    "engine_name": "Tencent",
                    "engine_version": "1.0.0.1",
                    "result": null,
                    "method": "blacklist",
                    "engine_update": "20220206"
                },
                "TACHYON": {
                    "category": "undetected",
                    "engine_name": "TACHYON",
                    "engine_version": "2022-02-06.02",
                    "result": null,
                    "method": "blacklist",
                    "engine_update": "20220206"
                },
                "Emsisoft": {
                    "category": "undetected",
                    "engine_name": "Emsisoft",
                    "engine_version": "2021.5.0.7597",
                    "result": null,
                    "method": "blacklist",
                    "engine_update": "20220206"
                },
                "Comodo": {
                    "category": "malicious",
                    "engine_name": "Comodo",
                    "engine_version": "34329",
                    "result": "ApplicUnwnt@#315vuai80gnp8",
                    "method": "blacklist",
                    "engine_update": "20220206"
                },
                "F-Secure": {
                    "category": "malicious",
                    "engine_name": "F-Secure",
                    "engine_version": "12.0.86.52",
                    "result": "Adware:Android/AirPush",
                    "method": "blacklist",
                    "engine_update": "20220206"
                },
                "Baidu": {
                    "category": "undetected",
                    "engine_name": "Baidu",
                    "engine_version": "1.0.0.2",
                    "result": null,
                    "method": "blacklist",
                    "engine_update": "20190318"
                },
                "VIPRE": {
                    "category": "undetected",
                    "engine_name": "VIPRE",
                    "engine_version": "98492",
                    "result": null,
                    "method": "blacklist",
                    "engine_update": "20220119"
                },
                "TrendMicro": {
                    "category": "undetected",
                    "engine_name": "TrendMicro",
                    "engine_version": "11.0.0.1006",
                    "result": null,
                    "method": "blacklist",
                    "engine_update": "20220206"
                },
                "McAfee-GW-Edition": {
                    "category": "malicious",
                    "engine_name": "McAfee-GW-Edition",
                    "engine_version": "v2019.1.2+3728",
                    "result": "Artemis!PUP",
                    "method": "blacklist",
                    "engine_update": "20220206"
                },
                "SentinelOne": {
                    "category": "type-unsupported",
                    "engine_name": "SentinelOne",
                    "engine_version": "7.2.0.1",
                    "result": null,
                    "method": "blacklist",
                    "engine_update": "20220201"
                },
                "CMC": {
                    "category": "undetected",
                    "engine_name": "CMC",
                    "engine_version": "2.10.2019.1",
                    "result": null,
                    "method": "blacklist",
                    "engine_update": "20211026"
                },
                "Sophos": {
                    "category": "malicious",
                    "engine_name": "Sophos",
                    "engine_version": "1.4.1.0",
                    "result": "Android Airpush (PUA)",
                    "method": "blacklist",
                    "engine_update": "20220206"
                },
                "Paloalto": {
                    "category": "type-unsupported",
                    "engine_name": "Paloalto",
                    "engine_version": "1.0",
                    "result": null,
                    "method": "blacklist",
                    "engine_update": "20220206"
                },
                "Avast-Mobile": {
                    "category": "undetected",
                    "engine_name": "Avast-Mobile",
                    "engine_version": "220206-02",
                    "result": null,
                    "method": "blacklist",
                    "engine_update": "20220206"
                },
                "Jiangmin": {
                    "category": "undetected",
                    "engine_name": "Jiangmin",
                    "engine_version": "16.0.100",
                    "result": null,
                    "method": "blacklist",
                    "engine_update": "20220205"
                },
                "Webroot": {
                    "category": "type-unsupported",
                    "engine_name": "Webroot",
                    "engine_version": "1.0.0.403",
                    "result": null,
                    "method": "blacklist",
                    "engine_update": "20220206"
                },
                "Avira": {
                    "category": "malicious",
                    "engine_name": "Avira",
                    "engine_version": "8.3.3.12",
                    "result": "ADWARE/ANDR.AirPush.VY.Gen",
                    "method": "blacklist",
                    "engine_update": "20220206"
                },
                "eGambit": {
                    "category": "type-unsupported",
                    "engine_name": "eGambit",
                    "engine_version": null,
                    "result": null,
                    "method": "blacklist",
                    "engine_update": "20220206"
                },
                "Antiy-AVL": {
                    "category": "malicious",
                    "engine_name": "Antiy-AVL",
                    "engine_version": "3.0.0.1",
                    "result": "Trojan/Android.Generic",
                    "method": "blacklist",
                    "engine_update": "20220206"
                },
                "Kingsoft": {
                    "category": "undetected",
                    "engine_name": "Kingsoft",
                    "engine_version": "2017.9.26.565",
                    "result": null,
                    "method": "blacklist",
                    "engine_update": "20220206"
                },
                "Gridinsoft": {
                    "category": "undetected",
                    "engine_name": "Gridinsoft",
                    "engine_version": "1.0.72.174",
                    "result": null,
                    "method": "blacklist",
                    "engine_update": "20220206"
                },
                "Microsoft": {
                    "category": "malicious",
                    "engine_name": "Microsoft",
                    "engine_version": "1.1.18900.2",
                    "result": "PUA:AndroidOS/Airpush.B!MTB",
                    "method": "blacklist",
                    "engine_update": "20220206"
                },
                "ViRobot": {
                    "category": "undetected",
                    "engine_name": "ViRobot",
                    "engine_version": "2014.3.20.0",
                    "result": null,
                    "method": "blacklist",
                    "engine_update": "20220206"
                },
                "ZoneAlarm": {
                    "category": "undetected",
                    "engine_name": "ZoneAlarm",
                    "engine_version": "1.0",
                    "result": null,
                    "method": "blacklist",
                    "engine_update": "20220206"
                },
                "GData": {
                    "category": "undetected",
                    "engine_name": "GData",
                    "engine_version": "A:25.32243B:27.26246",
                    "result": null,
                    "method": "blacklist",
                    "engine_update": "20220206"
                },
                "Cynet": {
                    "category": "malicious",
                    "engine_name": "Cynet",
                    "engine_version": "4.0.0.27",
                    "result": "Malicious (score: 99)",
                    "method": "blacklist",
                    "engine_update": "20220206"
                },
                "BitDefenderFalx": {
                    "category": "undetected",
                    "engine_name": "BitDefenderFalx",
                    "engine_version": "2.0.936",
                    "result": null,
                    "method": "blacklist",
                    "engine_update": "20220103"
                },
                "AhnLab-V3": {
                    "category": "malicious",
                    "engine_name": "AhnLab-V3",
                    "engine_version": "3.21.2.10258",
                    "result": "PUP/Android.Airpush.7941",
                    "method": "blacklist",
                    "engine_update": "20220206"
                },
                "VBA32": {
                    "category": "undetected",
                    "engine_name": "VBA32",
                    "engine_version": "5.0.0",
                    "result": null,
                    "method": "blacklist",
                    "engine_update": "20220204"
                },
                "ALYac": {
                    "category": "undetected",
                    "engine_name": "ALYac",
                    "engine_version": "1.1.3.1",
                    "result": null,
                    "method": "blacklist",
                    "engine_update": "20220206"
                },
                "MAX": {
                    "category": "malicious",
                    "engine_name": "MAX",
                    "engine_version": "2019.9.16.1",
                    "result": "malware (ai score=95)",
                    "method": "blacklist",
                    "engine_update": "20220206"
                },
                "Cylance": {
                    "category": "type-unsupported",
                    "engine_name": "Cylance",
                    "engine_version": "2.3.1.101",
                    "result": null,
                    "method": "blacklist",
                    "engine_update": "20220206"
                },
                "Zoner": {
                    "category": "undetected",
                    "engine_name": "Zoner",
                    "engine_version": "2.2.2.0",
                    "result": null,
                    "method": "blacklist",
                    "engine_update": "20220205"
                },
                "Rising": {
                    "category": "undetected",
                    "engine_name": "Rising",
                    "engine_version": "25.0.0.27",
                    "result": null,
                    "method": "blacklist",
                    "engine_update": "20220206"
                },
                "Yandex": {
                    "category": "undetected",
                    "engine_name": "Yandex",
                    "engine_version": "5.5.2.24",
                    "result": null,
                    "method": "blacklist",
                    "engine_update": "20220206"
                },
                "Ikarus": {
                    "category": "malicious",
                    "engine_name": "Ikarus",
                    "engine_version": "0.1.5.2",
                    "result": "AdWare.AndroidOS.Apperhand",
                    "method": "blacklist",
                    "engine_update": "20220206"
                },
                "MaxSecure": {
                    "category": "undetected",
                    "engine_name": "MaxSecure",
                    "engine_version": "1.0.0.1",
                    "result": null,
                    "method": "blacklist",
                    "engine_update": "20220205"
                },
                "Fortinet": {
                    "category": "malicious",
                    "engine_name": "Fortinet",
                    "engine_version": "6.2.142.0",
                    "result": "Adware/AirPush!Android",
                    "method": "blacklist",
                    "engine_update": "20220206"
                },
                "Cybereason": {
                    "category": "type-unsupported",
                    "engine_name": "Cybereason",
                    "engine_version": "1.2.449",
                    "result": null,
                    "method": "blacklist",
                    "engine_update": "20210330"
                },
                "Panda": {
                    "category": "undetected",
                    "engine_name": "Panda",
                    "engine_version": "4.6.4.2",
                    "result": null,
                    "method": "blacklist",
                    "engine_update": "20220206"
                },
                "CrowdStrike": {
                    "category": "type-unsupported",
                    "engine_name": "CrowdStrike",
                    "engine_version": "1.0",
                    "result": null,
                    "method": "blacklist",
                    "engine_update": "20210907"
                }
            },
            "sha256": "004e604754363d5dae6a5b15fec40c1ce81bb516e63cf75d438a905ad76651ab",
            "type_extension": "apk",
            "tags": [
                "apk",
                "checks-gps",
                "android",
                "reflection",
                "telephony"
            ],
            "last_analysis_date": 1644173081,
            "unique_sources": 4,
            "first_submission_date": 1394929862,
            "sha1": "344075a2ec4a4b33528d55b1134889bde357c210",
            "ssdeep": "12288:fHVXyg/C40cf4DVbRgh1d8o08cUhByuVAa1EOC5Izi15P4jxJhNFIz8TCFW:Jb/CRDVOh1djbhzAaEtxrwdzNFIgTIW",
            "bundle_info": {
                "highest_datetime": "2013-02-16 18:41:00",
                "lowest_datetime": "2011-01-27 22:29:10",
                "num_children": 119,
                "extensions": {
                    "xml": 50,
                    "dex": 1,
                    "MF": 1,
                    "RSA": 1,
                    "gif": 4,
                    "SF": 1,
                    "png": 56
                },
                "file_types": {
                    "XML": 51,
                    "unknown": 7,
                    "DEX": 1,
                    "PNG": 56,
                    "GIF": 4
                },
                "type": "APK",
                "uncompressed_size": 1631093
            },
            "packers": {
                "F-PROT": "appended"
            },
            "md5": "f4ff1575ff3f30124435ddbd35418490",
            "androguard": {
                "VTAndroidInfo": 2.0,
                "AndroidApplicationError": false,
                "MinSdkVersion": "8",
                "AndroguardVersion": "3.4.0a1",
                "Activities": [
                    "com.appforall.synonymerse.Main",
                    "com.appforall.synonymerse.ConfigurationAppMovil",
                    "com.appforall.synonymerse.Feedback",
                    "com.appforall.synonymerse.Share",
                    "com.appforall.activities.FullScreenImageActivity",
                    "com.appforall.synonymerse.Dictionary",
                    "com.google.ads.AdActivity",
                    "com.airpush.android.OptinActivity",
                    "com.aVhobaMX.rNEVxIcN105352.OptinActivity",
                    "com.aVhobaMX.rNEVxIcN105352.SmartWallActivity",
                    "com.addthis.ui.activities.ATAllServiceActivity",
                    "com.addthis.ui.activities.ATFavoriteServiceActivity",
                    "com.addthis.ui.activities.ATShareActivity",
                    "com.addthis.ui.activities.ATActivityGroup"
                ],
                "certificate": {
                    "Subject": {
                        "DN": "C:ES, CN:App For All, L:Ja\u201an, O:App For All, ST:Ja\u201an, OU:App For All",
                        "C": "ES",
                        "CN": "App For All",
                        "L": "Ja\u201an",
                        "O": "App For All",
                        "ST": "Ja\u201an",
                        "OU": "App For All"
                    },
                    "validto": "2039-05-22 20:27:01",
                    "serialnumber": "4f04b615",
                    "thumbprint": "2c40a29123c0b06c23650fc42eea89e5ebdf576e",
                    "validfrom": "2012-01-04 20:27:01",
                    "Issuer": {
                        "DN": "C:ES, CN:App For All, L:Ja\u201an, O:App For All, ST:Ja\u201an, OU:App For All",
                        "C": "ES",
                        "CN": "App For All",
                        "L": "Ja\u201an",
                        "O": "App For All",
                        "ST": "Ja\u201an",
                        "OU": "App For All"
                    }
                },
                "AndroidApplication": 1,
                "RiskIndicator": {
                    "APK": {
                        "DEX": 1
                    },
                    "PERM": {
                        "DANGEROUS": 1,
                        "GPS": 2,
                        "INTERNET": 1,
                        "NORMAL": 3,
                        "PRIVACY": 4
                    }
                },
                "Services": [
                    "com.aVhobaMX.rNEVxIcN105352.PushService"
                ],
                "AndroidVersionCode": "2",
                "main_activity": "com.appforall.synonymerse.Main",
                "Package": "com.appforall.synonymerse",
                "intent_filters": {
                    "Activities": {
                        "com.appforall.activities.FullScreenImageActivity": {
                            "category": [
                                "android.intent.category.LAUNCHER"
                            ]
                        },
                        "com.appforall.synonymerse.Main": {
                            "action": [
                                "android.intent.action.MAIN"
                            ],
                            "category": [
                                "android.intent.category.LAUNCHER"
                            ]
                        },
                        "com.appforall.synonymerse.Feedback": {
                            "category": [
                                "android.intent.category.LAUNCHER"
                            ]
                        },
                        "com.appforall.synonymerse.Share": {
                            "category": [
                                "android.intent.category.LAUNCHER"
                            ]
                        },
                        "com.appforall.synonymerse.ConfigurationAppMovil": {
                            "category": [
                                "android.intent.category.LAUNCHER"
                            ]
                        }
                    },
                    "Receivers": {
                        "com.aVhobaMX.rNEVxIcN105352.BootReceiver": {
                            "action": [
                                "android.intent.action.BOOT_COMPLETED"
                            ],
                            "category": [
                                "android.intent.category.HOME"
                            ]
                        }
                    }
                },
                "AndroidVersionName": "1.1",
                "TargetSdkVersion": "9",
                "AndroidApplicationInfo": "APK",
                "permission_details": {
                    "android.permission.ACCESS_FINE_LOCATION": {
                        "short_description": "fine (GPS) location",
                        "full_description": "Access fine location sources such as the\n        Global Positioning System on the phone, where available.\n        Malicious applications can use this to determine where you are, and may\n        consume additional battery power.",
                        "permission_type": "dangerous"
                    },
                    "android.permission.RECEIVE_BOOT_COMPLETED": {
                        "short_description": "automatically start at boot",
                        "full_description": "Allows an application to\n        have itself started as soon as the system has finished booting.\n        This can make it take longer to start the phone and allow the\n        application to slow down the overall phone by always running.",
                        "permission_type": "normal"
                    },
                    "android.permission.INTERNET": {
                        "short_description": "full Internet access",
                        "full_description": "Allows an application to\n      create network sockets.",
                        "permission_type": "dangerous"
                    },
                    "com.android.launcher.permission.INSTALL_SHORTCUT": {
                        "short_description": "Unknown permission from android reference",
                        "full_description": "Unknown permission from android reference",
                        "permission_type": "normal"
                    },
                    "android.permission.ACCESS_NETWORK_STATE": {
                        "short_description": "view network state",
                        "full_description": "Allows an application to view\n      the state of all networks.",
                        "permission_type": "normal"
                    },
                    "android.permission.ACCESS_COARSE_LOCATION": {
                        "short_description": "coarse (network-based) location",
                        "full_description": "Access coarse location sources such as the cellular\n        network database to determine an approximate phone location, where available. Malicious\n        applications can use this to determine approximately where you are.",
                        "permission_type": "dangerous"
                    },
                    "android.permission.ACCESS_WIFI_STATE": {
                        "short_description": "view Wi-Fi state",
                        "full_description": "Allows an application to view\n      the information about the state of Wi-Fi.",
                        "permission_type": "normal"
                    },
                    "android.permission.READ_PHONE_STATE": {
                        "short_description": "read phone state and identity",
                        "full_description": "Allows the application to access the phone\n        features of the device.  An application with this permission can determine the phone\n        number and serial number of this phone, whether a call is active, the number that call\n        is connected to and the like.",
                        "permission_type": "dangerous"
                    },
                    "android.permission.WRITE_EXTERNAL_STORAGE": {
                        "short_description": "modify/delete SD card contents",
                        "full_description": "Allows an application to write to the SD card.",
                        "permission_type": "dangerous"
                    },
                    "android.permission.GET_ACCOUNTS": {
                        "short_description": "discover known accounts",
                        "full_description": "Allows an application to get\n      the list of accounts known by the phone.",
                        "permission_type": "normal"
                    }
                },
                "Receivers": [
                    "com.aVhobaMX.rNEVxIcN105352.BootReceiver"
                ],
                "StringsInformation": [
                    "http://api.addthis.com/oexchange/0.8/forward/",
                    "http://api.addthis.com/oexchange/0.8/shared/",
                    "http://api.airpush.com/testicon.php",
                    "http://api.twitpic.com/2/upload.json",
                    "http://apistaging.airpush.com/dialogad/clicktocall.php",
                    "http://apistaging.airpush.com/dialogad/clicktomsg.php",
                    "http://appforall.org/apps/synonymerse/dictionary.php",
                    "http://beta.airpush.com/images/adsthumbnail/48.png",
                    "http://cache.addthiscdn.com/services/v1/sharing.en.json",
                    "http://e.admob.com/clk?ad_loc=@gw_adlocid@&qdata=@gw_qdata@&ad_network_id=@gw_adnetid@&js=@gw_sdkver@&session_id=@gw_sessid@&seq_num=@gw_seqnum@&nr=@gw_adnetrefresh@",
                    "http://e.admob.com/imp?ad_loc=@gw_adlocid@&qdata=@gw_qdata@&ad_network_id=@gw_adnetid@&js=@gw_sdkver@&session_id=@gw_sessid@&seq_num=@gw_seqnum@&nr=@gw_adnetrefresh@&adt=@gw_adt@&aec=@gw_aec@",
                    "http://e.admob.com/nofill?ad_loc=@gw_adlocid@&qdata=@gw_qdata@&js=@gw_sdkver@&session_id=@gw_sessid@&seq_num=@gw_seqnum@&adt=@gw_adt@&aec=@gw_aec@",
                    "http://geoversia.es/appmovil/scripts/showImageFullScreen.php?url=",
                    "http://media.admob.com/",
                    "http://media.admob.com/mraid/v1/mraid_app_banner.js",
                    "http://media.admob.com/mraid/v1/mraid_app_expanded_banner.js",
                    "http://media.admob.com/mraid/v1/mraid_app_interstitial.js",
                    "http://schemas.android.com/apk/lib/com.google.ads",
                    "http://twitter.com/oauth/access_token",
                    "http://twitter.com/oauth/authorize?force_login=true",
                    "http://twitter.com/oauth/request_token",
                    "http://twitter.com/statuses/update.xml",
                    "http://www.gstatic.com/safa/",
                    "http://www.tumblr.com/api/authenticate",
                    "https://api.airpush.com/appwall/getid.php",
                    "https://api.airpush.com/dialogad/adcall.php",
                    "https://api.airpush.com/dialogad/adclick.php",
                    "https://api.airpush.com/fullpage/adcall.php?",
                    "https://api.airpush.com/lp/getinterstitialads.php",
                    "https://api.airpush.com/lp/log_sdk_request.php",
                    "https://api.airpush.com/model/user/getappinfo.php?packageName=",
                    "https://api.airpush.com/optin/",
                    "https://api.airpush.com/redirect.php?market=",
                    "https://api.airpush.com/testmsg2.php",
                    "https://api.airpush.com/v2/api.php",
                    "https://api.airpush.com/v2/api.php?apikey=",
                    "https://api.facebook.com/restserver.php",
                    "https://api.twitter.com/1/account/verify_credentials.json",
                    "https://bugsense.appspot.com/api/errors/airpush",
                    "https://graph.facebook.com/",
                    "https://m.facebook.com/dialog/",
                    "https://www.tumblr.com/api/write"
                ]
            },
            "magic": "Zip archive data, at least v2.0 to extract",
            "last_analysis_stats": {
                "harmless": 0,
                "type-unsupported": 9,
                "suspicious": 0,
                "confirmed-timeout": 0,
                "timeout": 0,
                "failure": 0,
                "malicious": 23,
                "undetected": 38
            },
            "meaningful_name": "013083",
            "reputation": 0
        },
        "type": "file",
        "id": "004e604754363d5dae6a5b15fec40c1ce81bb516e63cf75d438a905ad76651ab",
        "links": {
            "self": "https://www.virustotal.com/api/v3/files/004e604754363d5dae6a5b15fec40c1ce81bb516e63cf75d438a905ad76651ab"
        }
    }
}