{
    "data": {
        "attributes": {
            "type_description": "Android",
            "tlsh": "T169B70246F74698BAD4B7D43485AF9233EA217C044312D2ABAB44FB287E377D04B597C2",
            "vhash": "060833afac9e8d38e4af63e400ccbe27",
            "trid": [
                {
                    "file_type": "Android Package",
                    "probability": 57.0
                },
                {
                    "file_type": "Java Archive",
                    "probability": 20.0
                },
                {
                    "file_type": "Sweet Home 3D design (generic)",
                    "probability": 15.5
                },
                {
                    "file_type": "ZIP compressed archive",
                    "probability": 5.9
                },
                {
                    "file_type": "PrintFox/Pagefox bitmap (640x800)",
                    "probability": 1.4
                }
            ],
            "names": [
                "asia.coins.mobile.apk"
            ],
            "last_modification_date": 1643700019,
            "type_tag": "android",
            "times_submitted": 2,
            "total_votes": {
                "harmless": 0,
                "malicious": 0
            },
            "size": 52515222,
            "type_extension": "apk",
            "last_submission_date": 1635757042,
            "last_analysis_results": {
                "Bkav": {
                    "category": "undetected",
                    "engine_name": "Bkav",
                    "engine_version": "1.3.0.9899",
                    "result": null,
                    "method": "blacklist",
                    "engine_update": "20220128"
                },
                "Lionic": {
                    "category": "undetected",
                    "engine_name": "Lionic",
                    "engine_version": "4.2",
                    "result": null,
                    "method": "blacklist",
                    "engine_update": "20220201"
                },
                "Elastic": {
                    "category": "undetected",
                    "engine_name": "Elastic",
                    "engine_version": "4.0.32",
                    "result": null,
                    "method": "blacklist",
                    "engine_update": "20211223"
                },
                "DrWeb": {
                    "category": "undetected",
                    "engine_name": "DrWeb",
                    "engine_version": "7.0.52.8270",
                    "result": null,
                    "method": "blacklist",
                    "engine_update": "20220201"
                },
                "MicroWorld-eScan": {
                    "category": "undetected",
                    "engine_name": "MicroWorld-eScan",
                    "engine_version": "14.0.409.0",
                    "result": null,
                    "method": "blacklist",
                    "engine_update": "20220201"
                },
                "FireEye": {
                    "category": "undetected",
                    "engine_name": "FireEye",
                    "engine_version": "32.44.1.0",
                    "result": null,
                    "method": "blacklist",
                    "engine_update": "20220201"
                },
                "CAT-QuickHeal": {
                    "category": "undetected",
                    "engine_name": "CAT-QuickHeal",
                    "engine_version": "14.00",
                    "result": null,
                    "method": "blacklist",
                    "engine_update": "20220131"
                },
                "ALYac": {
                    "category": "undetected",
                    "engine_name": "ALYac",
                    "engine_version": "1.1.3.1",
                    "result": null,
                    "method": "blacklist",
                    "engine_update": "20220201"
                },
                "Malwarebytes": {
                    "category": "undetected",
                    "engine_name": "Malwarebytes",
                    "engine_version": "4.2.2.27",
                    "result": null,
                    "method": "blacklist",
                    "engine_update": "20220201"
                },
                "VIPRE": {
                    "category": "undetected",
                    "engine_name": "VIPRE",
                    "engine_version": "98492",
                    "result": null,
                    "method": "blacklist",
                    "engine_update": "20220119"
                },
                "Sangfor": {
                    "category": "undetected",
                    "engine_name": "Sangfor",
                    "engine_version": "2.9.0.0",
                    "result": null,
                    "method": "blacklist",
                    "engine_update": "20211224"
                },
                "Trustlook": {
                    "category": "undetected",
                    "engine_name": "Trustlook",
                    "engine_version": "1.0",
                    "result": null,
                    "method": "blacklist",
                    "engine_update": "20220201"
                },
                "Alibaba": {
                    "category": "undetected",
                    "engine_name": "Alibaba",
                    "engine_version": "0.3.0.5",
                    "result": null,
                    "method": "blacklist",
                    "engine_update": "20190527"
                },
                "K7GW": {
                    "category": "undetected",
                    "engine_name": "K7GW",
                    "engine_version": "11.245.40615",
                    "result": null,
                    "method": "blacklist",
                    "engine_update": "20220201"
                },
                "K7AntiVirus": {
                    "category": "undetected",
                    "engine_name": "K7AntiVirus",
                    "engine_version": "11.245.40613",
                    "result": null,
                    "method": "blacklist",
                    "engine_update": "20220131"
                },
                "BitDefenderTheta": {
                    "category": "undetected",
                    "engine_name": "BitDefenderTheta",
                    "engine_version": "7.2.37796.0",
                    "result": null,
                    "method": "blacklist",
                    "engine_update": "20220125"
                },
                "VirIT": {
                    "category": "undetected",
                    "engine_name": "VirIT",
                    "engine_version": "9.5.123",
                    "result": null,
                    "method": "blacklist",
                    "engine_update": "20220131"
                },
                "Cyren": {
                    "category": "undetected",
                    "engine_name": "Cyren",
                    "engine_version": "6.5.1.2",
                    "result": null,
                    "method": "blacklist",
                    "engine_update": "20220201"
                },
                "SymantecMobileInsight": {
                    "category": "failure",
                    "engine_name": "SymantecMobileInsight",
                    "engine_version": "2.0",
                    "result": null,
                    "method": "blacklist",
                    "engine_update": "20211119"
                },
                "Symantec": {
                    "category": "undetected",
                    "engine_name": "Symantec",
                    "engine_version": "1.16.0.0",
                    "result": null,
                    "method": "blacklist",
                    "engine_update": "20220131"
                },
                "ESET-NOD32": {
                    "category": "undetected",
                    "engine_name": "ESET-NOD32",
                    "engine_version": "24712",
                    "result": null,
                    "method": "blacklist",
                    "engine_update": "20220201"
                },
                "APEX": {
                    "category": "type-unsupported",
                    "engine_name": "APEX",
                    "engine_version": "6.255",
                    "result": null,
                    "method": "blacklist",
                    "engine_update": "20220131"
                },
                "TrendMicro-HouseCall": {
                    "category": "undetected",
                    "engine_name": "TrendMicro-HouseCall",
                    "engine_version": "10.0.0.1040",
                    "result": null,
                    "method": "blacklist",
                    "engine_update": "20220201"
                },
                "Avast": {
                    "category": "timeout",
                    "engine_name": "Avast",
                    "engine_version": "21.1.5827.0",
                    "result": null,
                    "method": "blacklist",
                    "engine_update": "20220201"
                },
                "ClamAV": {
                    "category": "undetected",
                    "engine_name": "ClamAV",
                    "engine_version": "0.104.2.0",
                    "result": null,
                    "method": "blacklist",
                    "engine_update": "20220131"
                },
                "Kaspersky": {
                    "category": "undetected",
                    "engine_name": "Kaspersky",
                    "engine_version": "21.0.1.45",
                    "result": null,
                    "method": "blacklist",
                    "engine_update": "20220201"
                },
                "BitDefender": {
                    "category": "undetected",
                    "engine_name": "BitDefender",
                    "engine_version": "7.2",
                    "result": null,
                    "method": "blacklist",
                    "engine_update": "20220201"
                },
                "NANO-Antivirus": {
                    "category": "undetected",
                    "engine_name": "NANO-Antivirus",
                    "engine_version": "1.0.146.25561",
                    "result": null,
                    "method": "blacklist",
                    "engine_update": "20220201"
                },
                "Cynet": {
                    "category": "type-unsupported",
                    "engine_name": "Cynet",
                    "engine_version": "4.0.0.27",
                    "result": null,
                    "method": "blacklist",
                    "engine_update": "20220201"
                },
                "SUPERAntiSpyware": {
                    "category": "undetected",
                    "engine_name": "SUPERAntiSpyware",
                    "engine_version": "5.6.0.1032",
                    "result": null,
                    "method": "blacklist",
                    "engine_update": "20220129"
                },
                "Tencent": {
                    "category": "undetected",
                    "engine_name": "Tencent",
                    "engine_version": "1.0.0.1",
                    "result": null,
                    "method": "blacklist",
                    "engine_update": "20220201"
                },
                "Ad-Aware": {
                    "category": "undetected",
                    "engine_name": "Ad-Aware",
                    "engine_version": "3.0.21.193",
                    "result": null,
                    "method": "blacklist",
                    "engine_update": "20220201"
                },
                "Emsisoft": {
                    "category": "undetected",
                    "engine_name": "Emsisoft",
                    "engine_version": "2021.5.0.7597",
                    "result": null,
                    "method": "blacklist",
                    "engine_update": "20220201"
                },
                "Comodo": {
                    "category": "undetected",
                    "engine_name": "Comodo",
                    "engine_version": "34312",
                    "result": null,
                    "method": "blacklist",
                    "engine_update": "20220131"
                },
                "F-Secure": {
                    "category": "undetected",
                    "engine_name": "F-Secure",
                    "engine_version": "12.0.86.52",
                    "result": null,
                    "method": "blacklist",
                    "engine_update": "20220201"
                },
                "Baidu": {
                    "category": "undetected",
                    "engine_name": "Baidu",
                    "engine_version": "1.0.0.2",
                    "result": null,
                    "method": "blacklist",
                    "engine_update": "20190318"
                },
                "Zillya": {
                    "category": "undetected",
                    "engine_name": "Zillya",
                    "engine_version": "2.0.0.4560",
                    "result": null,
                    "method": "blacklist",
                    "engine_update": "20220131"
                },
                "TrendMicro": {
                    "category": "undetected",
                    "engine_name": "TrendMicro",
                    "engine_version": "11.0.0.1006",
                    "result": null,
                    "method": "blacklist",
                    "engine_update": "20220201"
                },
                "McAfee-GW-Edition": {
                    "category": "undetected",
                    "engine_name": "McAfee-GW-Edition",
                    "engine_version": "v2019.1.2+3728",
                    "result": null,
                    "method": "blacklist",
                    "engine_update": "20220201"
                },
                "SentinelOne": {
                    "category": "type-unsupported",
                    "engine_name": "SentinelOne",
                    "engine_version": "7.0.0.7",
                    "result": null,
                    "method": "blacklist",
                    "engine_update": "20211129"
                },
                "CMC": {
                    "category": "undetected",
                    "engine_name": "CMC",
                    "engine_version": "2.10.2019.1",
                    "result": null,
                    "method": "blacklist",
                    "engine_update": "20211026"
                },
                "Sophos": {
                    "category": "undetected",
                    "engine_name": "Sophos",
                    "engine_version": "1.4.1.0",
                    "result": null,
                    "method": "blacklist",
                    "engine_update": "20220201"
                },
                "Paloalto": {
                    "category": "type-unsupported",
                    "engine_name": "Paloalto",
                    "engine_version": "1.0",
                    "result": null,
                    "method": "blacklist",
                    "engine_update": "20220201"
                },
                "Avast-Mobile": {
                    "category": "undetected",
                    "engine_name": "Avast-Mobile",
                    "engine_version": "220131-00",
                    "result": null,
                    "method": "blacklist",
                    "engine_update": "20220131"
                },
                "Jiangmin": {
                    "category": "undetected",
                    "engine_name": "Jiangmin",
                    "engine_version": "16.0.100",
                    "result": null,
                    "method": "blacklist",
                    "engine_update": "20220131"
                },
                "Webroot": {
                    "category": "type-unsupported",
                    "engine_name": "Webroot",
                    "engine_version": "1.0.0.403",
                    "result": null,
                    "method": "blacklist",
                    "engine_update": "20220201"
                },
                "Avira": {
                    "category": "undetected",
                    "engine_name": "Avira",
                    "engine_version": "8.3.3.12",
                    "result": null,
                    "method": "blacklist",
                    "engine_update": "20220201"
                },
                "eGambit": {
                    "category": "type-unsupported",
                    "engine_name": "eGambit",
                    "engine_version": null,
                    "result": null,
                    "method": "blacklist",
                    "engine_update": "20220201"
                },
                "Antiy-AVL": {
                    "category": "undetected",
                    "engine_name": "Antiy-AVL",
                    "engine_version": "3.0.0.1",
                    "result": null,
                    "method": "blacklist",
                    "engine_update": "20220201"
                },
                "Kingsoft": {
                    "category": "undetected",
                    "engine_name": "Kingsoft",
                    "engine_version": "2017.9.26.565",
                    "result": null,
                    "method": "blacklist",
                    "engine_update": "20220201"
                },
                "Microsoft": {
                    "category": "undetected",
                    "engine_name": "Microsoft",
                    "engine_version": "1.1.18800.4",
                    "result": null,
                    "method": "blacklist",
                    "engine_update": "20220131"
                },
                "Gridinsoft": {
                    "category": "undetected",
                    "engine_name": "Gridinsoft",
                    "engine_version": "1.0.71.173",
                    "result": null,
                    "method": "blacklist",
                    "engine_update": "20220201"
                },
                "Arcabit": {
                    "category": "undetected",
                    "engine_name": "Arcabit",
                    "engine_version": "1.0.0.889",
                    "result": null,
                    "method": "blacklist",
                    "engine_update": "20220201"
                },
                "ViRobot": {
                    "category": "undetected",
                    "engine_name": "ViRobot",
                    "engine_version": "2014.3.20.0",
                    "result": null,
                    "method": "blacklist",
                    "engine_update": "20220131"
                },
                "ZoneAlarm": {
                    "category": "undetected",
                    "engine_name": "ZoneAlarm",
                    "engine_version": "1.0",
                    "result": null,
                    "method": "blacklist",
                    "engine_update": "20220201"
                },
                "GData": {
                    "category": "undetected",
                    "engine_name": "GData",
                    "engine_version": "A:25.32195B:27.26179",
                    "result": null,
                    "method": "blacklist",
                    "engine_update": "20220201"
                },
                "TACHYON": {
                    "category": "undetected",
                    "engine_name": "TACHYON",
                    "engine_version": "2022-02-01.01",
                    "result": null,
                    "method": "blacklist",
                    "engine_update": "20220201"
                },
                "BitDefenderFalx": {
                    "category": "undetected",
                    "engine_name": "BitDefenderFalx",
                    "engine_version": "2.0.936",
                    "result": null,
                    "method": "blacklist",
                    "engine_update": "20220103"
                },
                "AhnLab-V3": {
                    "category": "undetected",
                    "engine_name": "AhnLab-V3",
                    "engine_version": "3.21.2.10258",
                    "result": null,
                    "method": "blacklist",
                    "engine_update": "20220201"
                },
                "Acronis": {
                    "category": "type-unsupported",
                    "engine_name": "Acronis",
                    "engine_version": "1.1.1.82",
                    "result": null,
                    "method": "blacklist",
                    "engine_update": "20210512"
                },
                "McAfee": {
                    "category": "undetected",
                    "engine_name": "McAfee",
                    "engine_version": "6.0.6.653",
                    "result": null,
                    "method": "blacklist",
                    "engine_update": "20220201"
                },
                "MAX": {
                    "category": "undetected",
                    "engine_name": "MAX",
                    "engine_version": "2019.9.16.1",
                    "result": null,
                    "method": "blacklist",
                    "engine_update": "20220201"
                },
                "VBA32": {
                    "category": "undetected",
                    "engine_name": "VBA32",
                    "engine_version": "5.0.0",
                    "result": null,
                    "method": "blacklist",
                    "engine_update": "20220131"
                },
                "Cylance": {
                    "category": "timeout",
                    "engine_name": "Cylance",
                    "engine_version": "2.3.1.101",
                    "result": null,
                    "method": "blacklist",
                    "engine_update": "20220201"
                },
                "Zoner": {
                    "category": "undetected",
                    "engine_name": "Zoner",
                    "engine_version": "2.2.2.0",
                    "result": null,
                    "method": "blacklist",
                    "engine_update": "20220131"
                },
                "Rising": {
                    "category": "undetected",
                    "engine_name": "Rising",
                    "engine_version": "25.0.0.27",
                    "result": null,
                    "method": "blacklist",
                    "engine_update": "20220201"
                },
                "Yandex": {
                    "category": "undetected",
                    "engine_name": "Yandex",
                    "engine_version": "5.5.2.24",
                    "result": null,
                    "method": "blacklist",
                    "engine_update": "20220131"
                },
                "Ikarus": {
                    "category": "undetected",
                    "engine_name": "Ikarus",
                    "engine_version": "0.1.5.2",
                    "result": null,
                    "method": "blacklist",
                    "engine_update": "20220131"
                },
                "MaxSecure": {
                    "category": "undetected",
                    "engine_name": "MaxSecure",
                    "engine_version": "1.0.0.1",
                    "result": null,
                    "method": "blacklist",
                    "engine_update": "20220131"
                },
                "Fortinet": {
                    "category": "undetected",
                    "engine_name": "Fortinet",
                    "engine_version": "6.2.142.0",
                    "result": null,
                    "method": "blacklist",
                    "engine_update": "20220201"
                },
                "AVG": {
                    "category": "confirmed-timeout",
                    "engine_name": "AVG",
                    "engine_version": "21.1.5827.0",
                    "result": null,
                    "method": "blacklist",
                    "engine_update": "20220201"
                },
                "Cybereason": {
                    "category": "type-unsupported",
                    "engine_name": "Cybereason",
                    "engine_version": "1.2.449",
                    "result": null,
                    "method": "blacklist",
                    "engine_update": "20210330"
                },
                "Panda": {
                    "category": "undetected",
                    "engine_name": "Panda",
                    "engine_version": "4.6.4.2",
                    "result": null,
                    "method": "blacklist",
                    "engine_update": "20220131"
                },
                "CrowdStrike": {
                    "category": "type-unsupported",
                    "engine_name": "CrowdStrike",
                    "engine_version": "1.0",
                    "result": null,
                    "method": "blacklist",
                    "engine_update": "20210907"
                }
            },
            "sha256": "00006e0ec28f209708ebd76d4dacab8da2c4aeebaba20d6f0dac952501d23941",
            "tags": [
                "reflection",
                "apk",
                "runtime-modules",
                "contains-elf",
                "telephony",
                "android"
            ],
            "last_analysis_date": 1643691715,
            "unique_sources": 2,
            "first_submission_date": 1635494188,
            "sha1": "167cad007906724db160375a3013191be546d58c",
            "ssdeep": "786432:QdAeWITgJnZr4Ul+6GSjWG0CWW6SxYoQ51iq3mEVuvjD7Lh:XrnZDqGQzSxG5zWf",
            "bundle_info": {
                "highest_datetime": "1981-01-01 01:01:02",
                "lowest_datetime": "1981-01-01 01:01:02",
                "num_children": 5230,
                "extensions": {
                    "xml": 215,
                    "bin": 1,
                    "crt": 2,
                    "dex": 2,
                    "gz": 1,
                    "otf": 1,
                    "gif": 1,
                    "so": 28,
                    "css": 1,
                    "txt": 1,
                    "ttf": 9,
                    "png": 29
                },
                "file_types": {
                    "XML": 215,
                    "DEX": 2,
                    "unknown": 715,
                    "ELF": 28,
                    "Java Bytecode": 1,
                    "GIF": 1,
                    "JSON": 9,
                    "PNG": 29
                },
                "type": "APK",
                "uncompressed_size": 45613891
            },
            "md5": "03a2582f13cd70873ea4d04f910ce9ef",
            "androguard": {
                "VTAndroidInfo": 2.0,
                "Libraries": [
                    "org.apache.http.legacy"
                ],
                "AndroidApplicationError": false,
                "MinSdkVersion": "21",
                "AndroguardVersion": "3.4.0a1",
                "Activities": [
                    "com.coins.coinsapp.views.MainActivity",
                    "com.clevertap.android.sdk.InAppNotificationActivity",
                    "com.coins.coinsapp.views.BuyOrderSentActivity",
                    "com.coins.coinsapp.views.WalletReceiveActivity",
                    "com.coins.coinsapp.views.WalletPrintActivity",
                    "com.coins.coinsapp.views.QRCodeTrustActivity",
                    "com.coins.coinsapp.views.PinActivity",
                    "com.coins.coinsapp.auth.controllers.AuthActivity",
                    "com.coins.coinsapp.settings.account.phone.UpdatePhoneActivity",
                    "com.coins.coinsapp.settings.security.pin.ChangePinActivity",
                    "com.coins.coinsapp.views.ExchangeDetailsActivity",
                    "com.coins.coinsapp.views.ReferralActivity",
                    "com.coins.coinsapp.views.VerificationActivity",
                    "com.coins.coinsapp.views.MaiCoinOrderDetailsActivity",
                    "com.coins.coinsapp.views.ScanQrActivity",
                    "com.coins.coinsapp.views.ScanBarcodeActivity",
                    "com.coins.coinsapp.views.TransactionCompleteActivity",
                    "com.coins.coinsapp.services.cashout.view.listing.CashOutListingActivity",
                    "com.coins.coinsapp.views.CashOutAmountActivity",
                    "com.coins.coinsapp.views.CashOutDetailsActivity",
                    "com.coins.coinsapp.settings.account.email.UpdateEmailActivity",
                    "com.coins.coinsapp.views.OnboardingActivity",
                    "com.coins.coinsapp.services.outlets.view.listing.paybills.PayBillsActivity",
                    "com.coins.coinsapp.services.outlets.view.select.OutletSelectActivity",
                    "com.coins.coinsapp.helpcenter.home.HelpCenterActivity",
                    "com.coins.coinsapp.helpcenter.home.WebHelpCenterActivity",
                    "com.coins.coinsapp.common.WebViewActivity",
                    "com.coins.coinsapp.helpcenter.issues.listing.IssueTypesActivity",
                    "com.coins.coinsapp.helpcenter.issues.listing.SubIssueTypesActivity",
                    "com.coins.coinsapp.helpcenter.articles.views.HelpCenterArticleListActivity",
                    "com.coins.coinsapp.helpcenter.issues.listing.ReportIssueActivity",
                    "zendesk.support.request.RequestActivity",
                    "zendesk.support.guide.ViewArticleActivity",
                    "com.coins.coinsapp.helpcenter.articles.views.HelpCenterArticleActivity",
                    "com.coins.coinsapp.helpcenter.issues.report.ReportIssueSuccessActivity",
                    "com.coins.coinsapp.helpcenter.home.AllMessagesActivity",
                    "com.coins.coinsapp.services.cashin.listing.controller.CashInListingActivity",
                    "com.coins.coinsapp.services.cashin.listing.controller.OutletListActivity",
                    "com.coins.coinsapp.views.InstructionsOnlyCashinActivity",
                    "com.coins.coinsapp.views.CashInAmountActivity",
                    "com.coins.coinsapp.views.WalletSendActivity2",
                    "com.coins.coinsapp.views.EnterCryptoAddressActivity",
                    "com.coins.coinsapp.settings.SettingsActivity",
                    "com.coins.coinsapp.settings.privacy.UpdateWalletPrivacySettingsActivity",
                    "com.coins.coinsapp.views.MissionsActivity",
                    "com.coins.coinsapp.auth.TwoStepVerificationActivity",
                    "com.coins.coinsapp.auth.SignUpVerificationActivity",
                    "com.facebook.FacebookActivity",
                    "com.coins.coinsapp.views.GiftCardListActivity",
                    "com.coins.coinsapp.views.GiftCardDetailsActivity",
                    "com.coins.coinsapp.views.GiftCardOrderActivity",
                    "com.coins.coinsapp.auth.FacebookSignupActivity",
                    "com.coins.coinsapp.views.RequestMoneyActivity",
                    "com.coins.coinsapp.westernunion.WesternUnionCountriesActivity",
                    "com.coins.coinsapp.westernunion.AdditionalInformationActivity",
                    "com.coins.coinsapp.westernunion.WesternUnionReceiveActivity",
                    "com.coins.coinsapp.westernunion.WesternUnionTransactionDetails",
                    "com.coins.coinsapp.westernunion.WesternUnionHelpActivity",
                    "com.coins.coinsapp.views.AdditionalIdDetailsActivity",
                    "com.coins.coinsapp.views.RequestListActivity",
                    "com.coins.coinsapp.views.P2PActivity",
                    "com.coins.coinsapp.views.PaymentRequestDetailsActivity",
                    "com.coins.coinsapp.views.NotificationsActivity",
                    "com.coins.coinsapp.views.SelfieVerificationActivity",
                    "com.coins.coinsapp.kyc.idverif.views.FramedCameraForIdUploadActivity",
                    "com.coins.coinsapp.views.SelfiePreviewActivity",
                    "com.coins.coinsapp.kyc.idverif.views.IdUploadPreviewActivity",
                    "com.coins.coinsapp.kyc.idverif.views.IdVerifInfoLongActivity",
                    "com.coins.coinsapp.kyc.idverif.views.IdVerifInfoShortActivity",
                    "com.coins.coinsapp.kyc.idverif.views.IdVerifIncomeStatusActivity",
                    "com.coins.coinsapp.kyc.idverif.views.IdVerifIncomeEmployedActivity",
                    "com.coins.coinsapp.kyc.idverif.views.IdVerifIncomeSelfEmployedActivity",
                    "com.coins.coinsapp.kyc.idverif.views.IdVerifIncomeUnemployedOtherActivity",
                    "com.coins.coinsapp.kyc.idverif.views.IdVerifAddressActivity",
                    "com.coins.coinsapp.kyc.idverif.views.IdVerifUploadActivity",
                    "com.coins.coinsapp.kyc.idverif.views.ShortIdVerifNoIdActivity",
                    "com.coins.coinsapp.kyc.idverif.views.IdVerifCheckListActivity",
                    "com.coins.coinsapp.services.angpao.view.receive.AngPaoReceiveActivity",
                    "com.coins.coinsapp.kyc.addressverif.AddressVerificationActivity",
                    "com.coins.coinsapp.views.RedEnvelopeTransactionActivity",
                    "com.coins.coinsapp.views.RedEnvelopeCreatedActivity",
                    "com.coins.coinsapp.views.WalletHistoryActivity",
                    "com.coins.coinsapp.views.BuyLoadActivity",
                    "com.coins.coinsapp.views.ConvertActivity",
                    "com.coins.coinsapp.services.crypto.view.charts.DigitalCurrencyChartActivity",
                    "com.coins.coinsapp.services.crypto.view.listing.DigitalCurrencyListingActivity",
                    "com.coins.coinsapp.views.FavoriteLabelActivity",
                    "com.coins.coinsapp.views.FavoriteReminderFrequencyActivity",
                    "com.coins.coinsapp.views.SetReminderSuccessActivity",
                    "com.coins.coinsapp.views.FavoriteListActivity",
                    "com.coins.coinsapp.views.AllServicesActivity",
                    "com.coins.coinsapp.views.PromotionDetailsActivity",
                    "com.coins.coinsapp.views.CoinsProActivity",
                    "com.coins.coinsapp.services.travel.TravelListingActivity",
                    "com.coins.coinsapp.services.travel.details.TravelDetailsActivity",
                    "com.coins.coinsapp.views.CoinsProSendFundsActivity",
                    "com.coins.coinsapp.views.SplashActivity",
                    "com.coins.coinsapp.services.crypto.view.send.SendToCryptoWalletActivity",
                    "com.coins.coinsapp.views.PaypalInstructionsActivity",
                    "com.coins.coinsapp.views.AccountCheckActivity"
                ],
                "certificate": {
                    "Subject": {
                        "DN": "O:Coins Asia",
                        "O": "Coins Asia"
                    },
                    "validto": "2104-07-16 10:59:06",
                    "serialnumber": "25fbe401",
                    "thumbprint": "170609bac2f71a66bb2d12fb40f1267493e99a8e",
                    "validfrom": "2014-08-07 10:59:06",
                    "Issuer": {
                        "DN": "O:Coins Asia",
                        "O": "Coins Asia"
                    }
                },
                "AndroidApplication": 1,
                "RiskIndicator": {
                    "PERM": {
                        "DANGEROUS": 2,
                        "PRIVACY": 2,
                        "INSTANT": 4,
                        "INTERNET": 1,
                        "NORMAL": 8
                    }
                },
                "Services": [
                    "com.coins.coinsapp.widget.crypto.full.CryptoListingWidgetService",
                    "com.coins.coinsapp.widget.crypto.compressed.CryptoListingCompressedWidgetService",
                    "com.coins.coinsapp.messaging.FirebaseMessageReceivingService",
                    "com.clevertap.android.sdk.pushnotification.CTNotificationIntentService",
                    "com.google.firebase.components.ComponentDiscoveryService",
                    "com.clevertap.android.sdk.pushnotification.amp.CTBackgroundIntentService",
                    "com.clevertap.android.sdk.pushnotification.amp.CTBackgroundJobService",
                    "com.google.android.gms.analytics.AnalyticsService",
                    "com.google.android.gms.analytics.AnalyticsJobService",
                    "com.google.mlkit.common.internal.MlKitComponentDiscoveryService",
                    "com.google.firebase.messaging.FirebaseMessagingService",
                    "com.google.android.gms.measurement.AppMeasurementService",
                    "com.google.android.gms.measurement.AppMeasurementJobService",
                    "com.google.android.datatransport.runtime.backends.TransportBackendDiscovery",
                    "com.google.android.datatransport.runtime.scheduling.jobscheduling.JobInfoSchedulerService"
                ],
                "AndroidVersionCode": "775",
                "main_activity": "com.coins.coinsapp.views.MainActivity",
                "Package": "asia.coins.mobile",
                "intent_filters": {
                    "Services": {
                        "com.clevertap.android.sdk.pushnotification.CTNotificationIntentService": {
                            "action": [
                                "com.clevertap.PUSH_EVENT"
                            ]
                        },
                        "com.clevertap.android.sdk.pushnotification.amp.CTBackgroundIntentService": {
                            "action": [
                                "com.clevertap.BG_EVENT"
                            ]
                        },
                        "com.coins.coinsapp.messaging.FirebaseMessageReceivingService": {
                            "action": [
                                "com.amazonaws.androidtest.AndroidMobilePushApp",
                                "com.amazonaws.androidtest.ExternalReceiver",
                                "com.google.firebase.MESSAGING_EVENT"
                            ],
                            "category": [
                                "com.amazonaws.androidtest"
                            ]
                        },
                        "com.google.firebase.messaging.FirebaseMessagingService": {
                            "action": [
                                "com.google.firebase.MESSAGING_EVENT"
                            ]
                        }
                    },
                    "Activities": {
                        "com.coins.coinsapp.auth.googlepay.ui.GooglePayAuthActivity": {
                            "action": [
                                "com.google.android.payments.standard.AUTHENTICATE_V1"
                            ],
                            "category": [
                                "android.intent.category.DEFAULT"
                            ]
                        },
                        "com.coins.coinsapp.views.SplashActivity": {
                            "action": [
                                "android.intent.action.VIEW"
                            ],
                            "category": [
                                "android.intent.category.DEFAULT",
                                "android.intent.category.BROWSABLE"
                            ]
                        },
                        "com.facebook.CustomTabActivity": {
                            "action": [
                                "android.intent.action.VIEW"
                            ],
                            "category": [
                                "android.intent.category.DEFAULT",
                                "android.intent.category.BROWSABLE"
                            ]
                        },
                        "com.coins.coinsapp.views.MainActivity": {
                            "action": [
                                "android.intent.action.MAIN"
                            ],
                            "category": [
                                "android.intent.category.LAUNCHER"
                            ]
                        }
                    },
                    "Receivers": {
                        "com.coins.coinsapp.receivers.AnalyticsCampaignReceiver": {
                            "action": [
                                "com.android.vending.INSTALL_REFERRER"
                            ]
                        },
                        "com.facebook.CurrentAccessTokenExpirationBroadcastReceiver": {
                            "action": [
                                "com.facebook.sdk.ACTION_CURRENT_ACCESS_TOKEN_CHANGED"
                            ]
                        },
                        "zendesk.support.DeepLinkingBroadcastReceiver": {
                            "action": [
                                "zendesk.support"
                            ]
                        },
                        "com.google.firebase.iid.FirebaseInstanceIdReceiver": {
                            "action": [
                                "com.google.android.c2dm.intent.RECEIVE"
                            ]
                        },
                        "com.google.android.gms.analytics.CampaignTrackingReceiver": {
                            "action": [
                                "com.android.vending.INSTALL_REFERRER"
                            ]
                        },
                        "com.appsflyer.MultipleInstallBroadcastReceiver": {
                            "action": [
                                "com.android.vending.INSTALL_REFERRER"
                            ]
                        },
                        "com.coins.coinsapp.widget.crypto.compressed.CryptoListingCompressedWidget": {
                            "action": [
                                "android.appwidget.action.APPWIDGET_UPDATE"
                            ]
                        },
                        "com.coins.coinsapp.receivers.LogoutReceiver": {
                            "action": [
                                "asia.coins.mobile.unauthorize"
                            ]
                        },
                        "com.coins.coinsapp.widget.crypto.full.CryptoListingWidget": {
                            "action": [
                                "android.appwidget.action.APPWIDGET_UPDATE"
                            ]
                        }
                    }
                },
                "AndroidVersionName": "3.7.3",
                "TargetSdkVersion": "30",
                "AndroidApplicationInfo": "APK",
                "Providers": [
                    "androidx.core.content.FileProvider",
                    "com.coins.asia.coinslibrary.CoinsLibraryInitProvider",
                    "zendesk.support.SupportSdkStartupProvider",
                    "zendesk.support.guide.GuideSdkStartupProvider",
                    "com.google.firebase.perf.provider.FirebasePerfProvider",
                    "com.facebook.internal.FacebookInitProvider",
                    "com.google.mlkit.common.internal.MlKitInitProvider",
                    "com.google.firebase.provider.FirebaseInitProvider",
                    "zendesk.belvedere.BelvedereFileProvider",
                    "androidx.lifecycle.ProcessLifecycleOwnerInitializer",
                    "com.squareup.picasso.PicassoProvider"
                ],
                "permission_details": {
                    "com.google.android.c2dm.permission.REGISTER": {
                        "short_description": "Unknown permission from android reference",
                        "full_description": "Unknown permission from android reference",
                        "permission_type": "normal"
                    },
                    "android.permission.USE_BIOMETRIC": {
                        "short_description": "use biometric hardware",
                        "full_description": "Allows the app to use biometric hardware for authentication",
                        "permission_type": "normal"
                    },
                    "android.permission.READ_EXTERNAL_STORAGE": {
                        "short_description": "read the contents of your shared storage",
                        "full_description": "Allows the app to read the contents of your shared storage.",
                        "permission_type": "dangerous"
                    },
                    "android.permission.USE_FINGERPRINT": {
                        "short_description": "use fingerprint hardware",
                        "full_description": "Allows the app to use fingerprint hardware for authentication",
                        "permission_type": "normal"
                    },
                    "android.permission.CAMERA": {
                        "short_description": "take pictures and videos",
                        "full_description": "This app can take pictures and record videos using the camera at any time.",
                        "permission_type": "dangerous|instant"
                    },
                    "android.permission.VIBRATE": {
                        "short_description": "control vibration",
                        "full_description": "Allows the app to control the vibrator.",
                        "permission_type": "normal|instant"
                    },
                    "com.google.android.c2dm.permission.RECEIVE": {
                        "short_description": "Unknown permission from android reference",
                        "full_description": "Unknown permission from android reference",
                        "permission_type": "normal"
                    },
                    "android.permission.ACCESS_WIFI_STATE": {
                        "short_description": "view Wi-Fi connections",
                        "full_description": "Allows the app to view information\n      about Wi-Fi networking, such as whether Wi-Fi is enabled and name of\n      connected Wi-Fi devices.",
                        "permission_type": "normal"
                    },
                    "android.permission.WAKE_LOCK": {
                        "short_description": "prevent phone from sleeping",
                        "full_description": "Allows the app to prevent the phone from going to sleep.",
                        "permission_type": "normal|instant"
                    },
                    "com.google.android.finsky.permission.BIND_GET_INSTALL_REFERRER_SERVICE": {
                        "short_description": "Unknown permission from android reference",
                        "full_description": "Unknown permission from android reference",
                        "permission_type": "normal"
                    },
                    "android.permission.ACCESS_NETWORK_STATE": {
                        "short_description": "view network connections",
                        "full_description": "Allows the app to view\n      information about network connections such as which networks exist and are\n      connected.",
                        "permission_type": "normal|instant"
                    },
                    "android.permission.INTERNET": {
                        "short_description": "have full network access",
                        "full_description": "Allows the app to create\n     network sockets and use custom network protocols. The browser and other\n     applications provide means to send data to the internet, so this\n     permission is not required to send data to the internet.",
                        "permission_type": "normal|instant"
                    },
                    "asia.coins.mobile.permission.LOGOUT_PERMISSION": {
                        "short_description": "Unknown permission from android reference",
                        "full_description": "Unknown permission from android reference",
                        "permission_type": "normal"
                    },
                    "android.permission.FOREGROUND_SERVICE": {
                        "short_description": "run foreground service",
                        "full_description": "Allows the app to make use of foreground services.",
                        "permission_type": "normal|instant"
                    },
                    "com.example.permission.MAPS_RECEIVE": {
                        "short_description": "Unknown permission from android reference",
                        "full_description": "Unknown permission from android reference",
                        "permission_type": "normal"
                    },
                    "android.permission.WRITE_EXTERNAL_STORAGE": {
                        "short_description": "modify or delete the contents of your shared storage",
                        "full_description": "Allows the app to write the contents of your shared storage.",
                        "permission_type": "dangerous"
                    },
                    "android.permission.READ_CONTACTS": {
                        "short_description": "read your contacts",
                        "full_description": "Allows the app to read data about your contacts stored on your phone.\n      This permission allows apps to save your contact data, and malicious apps may share contact data without your knowledge.",
                        "permission_type": "dangerous"
                    },
                    "com.google.android.providers.gsf.permission.READ_GSERVICES": {
                        "short_description": "Unknown permission from android reference",
                        "full_description": "Unknown permission from android reference",
                        "permission_type": "normal"
                    },
                    "android.permission.NFC": {
                        "short_description": "control Near Field Communication",
                        "full_description": "Allows the app to communicate\n      with Near Field Communication (NFC) tags, cards, and readers.",
                        "permission_type": "normal"
                    }
                },
                "Receivers": [
                    "com.coins.coinsapp.widget.crypto.full.CryptoListingWidget",
                    "com.coins.coinsapp.widget.crypto.compressed.CryptoListingCompressedWidget",
                    "com.clevertap.android.sdk.pushnotification.CTPushNotificationReceiver",
                    "com.coins.coinsapp.receivers.LogoutReceiver",
                    "com.appsflyer.MultipleInstallBroadcastReceiver",
                    "com.google.android.gms.analytics.CampaignTrackingReceiver",
                    "com.coins.coinsapp.receivers.AnalyticsCampaignReceiver",
                    "zendesk.support.DeepLinkingBroadcastReceiver",
                    "com.facebook.CurrentAccessTokenExpirationBroadcastReceiver",
                    "com.google.android.gms.analytics.AnalyticsReceiver",
                    "com.google.firebase.iid.FirebaseInstanceIdReceiver",
                    "com.google.android.gms.measurement.AppMeasurementReceiver",
                    "com.google.android.datatransport.runtime.scheduling.jobscheduling.AlarmManagerSchedulerBroadcastReceiver"
                ],
                "StringsInformation": [
                    "http://bit.ly/WesternUnionCoinsph",
                    "http://blog.coins.ph/post/115837196099/general-advisory-exercise-vigilance-regarding-investment",
                    "http://blog.coins.ph/post/156749291784/how-to-add-your-coinsph-virtual-card-to-paypal",
                    "http://blog.coins.ph/post/156925362589/how-to-shop-online-using-your-coinsph-virtual",
                    "http://blog.coins.ph/post/157048081909/how-to-withdraw-funds-to-your-coinsph-virtual",
                    "http://content.coins.ph/blog/incoming-fees/",
                    "http://schemas.android.com/apk/res-auto",
                    "http://schemas.android.com/apk/res/android",
                    "http://static.wizrocket.com/android/ico/",
                    "http://static.wizrocket.com/android/ico//",
                    "http://support.coins.ph/hc/en-us/articles/206113102",
                    "http://www.android.com/",
                    "http://www.google-analytics.com",
                    "https://%s/%s",
                    "https://%s/%s/%s",
                    "https://%sadrevenue.%s/api/v",
                    "https://%sapp.%s",
                    "https://%sattr.%s/api/v",
                    "https://%sconversions.%s/api/v",
                    "https://%sdlsdk.%s/v1.0/android/",
                    "https://%sgcdsdk.%s/install_data/v4.0/",
                    "https://%simpression.%s",
                    "https://%sinapps.%s/api/v",
                    "https://%slaunches.%s/api/v",
                    "https://%smonitorsdk.%s/remote-debug?app_id=",
                    "https://%sonelink.%s/shortlink-sdk/",
                    "https://%sregister.%s/api/v",
                    "https://%ssdk-services.%s/validate-android-signature",
                    "https://%sstats.%s/stats",
                    "https://%svalidate.%s/api/v",
                    "https://.facebook.com",
                    "https://api.coins.asia/",
                    "https://api.coins.asia/google-pay/v1/auth/challenge",
                    "https://api.coins.asia/google-pay/v1/auth/proof",
                    "https://api.coins.asia/v1/buyorder",
                    "https://api.coins.asia/v1/buyorder/",
                    "https://api.coins.asia/v1/buyorder/{id}",
                    "https://api.coins.asia/v1/buyquote?btc_amount=",
                    "https://api.coins.asia/v1/loyalty-points/account",
                    "https://api.coins.asia/v1/loyalty-points/catalogs",
                    "https://api.coins.asia/v1/loyalty-points/reward-previews",
                    "https://api.coins.asia/v1/loyalty-points/rewards",
                    "https://api.coins.asia/v1/loyalty-points/rewards/{id}",
                    "https://api.coins.asia/v1/loyalty-points/rewards/{reward_id}/issue",
                    "https://api.coins.asia/v1/loyalty-points/transactions",
                    "https://api.coins.asia/v1/maicoin-deposits/",
                    "https://api.coins.asia/v1/mobile-app/android",
                    "https://api.coins.asia/v1/order",
                    "https://api.coins.asia/v1/order?offset=",
                    "https://api.coins.asia/v1/payment",
                    "https://api.coins.asia/v1/payment-request-reminders/",
                    "https://api.coins.asia/v1/payment-requests/",
                    "https://api.coins.asia/v1/payment-requests//",
                    "https://api.coins.asia/v1/payment-requests/{id}/",
                    "https://api.coins.asia/v1/sellorder",
                    "https://api.coins.asia/v1/sellorder/",
                    "https://api.coins.asia/v1/sellquote?except=mobile_load&btc_amount=",
                    "https://api.coins.asia/v1/sendascrypto",
                    "https://api.coins.asia/v1/teller-exchanges/",
                    "https://api.coins.asia/v1/teller-exchanges/?role=customer&per_page=1&expand=teller",
                    "https://api.coins.asia/v1/travel-rule/transactions",
                    "https://api.coins.asia/v1/travel-rule/transactions/{id}",
                    "https://api.coins.asia/v1/vasp-directory/active",
                    "https://api.coins.asia/v2/market-quotes/{currency_pair}",
                    "https://api.coins.asia/v3/address-verifications/",
                    "https://api.coins.asia/v3/afp/check/",
                    "https://api.coins.asia/v3/afp/check/{id}/",
                    "https://api.coins.asia/v3/afp/refund/",
                    "https://api.coins.asia/v3/afp/refund/{id}/",
                    "https://api.coins.asia/v3/announcements?per_page=100",
                    "https://api.coins.asia/v3/bank-card-options/",
                    "https://api.coins.asia/v3/bank-card-transactions/?card_id=",
                    "https://api.coins.asia/v3/bank-cards/",
                    "https://api.coins.asia/v3/bank-cards//",
                    "https://api.coins.asia/v3/business-verifications/",
                    "https://api.coins.asia/v3/coins-pixels/",
                    "https://api.coins.asia/v3/crypto-currencies/",
                    "https://api.coins.asia/v3/crypto-payments/",
                    "https://api.coins.asia/v3/crypto-payments/?page=",
                    "https://api.coins.asia/v3/crypto-payments/deposit-fees/BTC/",
                    "https://api.coins.asia/v3/crypto-routes/",
                    "https://api.coins.asia/v3/favorite-sell-orders",
                    "https://api.coins.asia/v3/favorite-sell-orders/",
                    "https://api.coins.asia/v3/favorite-sell-orders?outlet_type__startswith=",
                    "https://api.coins.asia/v3/favorite-sell-orders?outlet_type__startswith=bills&per_page=150100&page=1",
                    "https://api.coins.asia/v3/giftaway-merchants",
                    "https://api.coins.asia/v3/giftaway-merchants/",
                    "https://api.coins.asia/v3/mobile-devices/",
                    "https://api.coins.asia/v3/order-attachments/",
                    "https://api.coins.asia/v3/payin-outlet-fees/?currency=PHP&per_page=100&payment_outlet=",
                    "https://api.coins.asia/v3/payout-outlet-categories/",
                    "https://api.coins.asia/v3/payout-outlet-fees/?currency=PHP&per_page=100&payment_outlet=",
                    "https://api.coins.asia/v3/profile?expand=volume&region=PH",
                    "https://api.coins.asia/v3/promo-codes/",
                    "https://api.coins.asia/v3/recent-recipients/",
                    "https://api.coins.asia/v3/red-envelope-previews/{id}",
                    "https://api.coins.asia/v3/red-envelope-redemptions",
                    "https://api.coins.asia/v3/red-envelope-redemptions/",
                    "https://api.coins.asia/v3/red-envelope-redemptions/{id}",
                    "https://api.coins.asia/v3/red-envelopes"
                ]
            },
            "magic": "Zip archive data",
            "last_analysis_stats": {
                "harmless": 0,
                "type-unsupported": 9,
                "suspicious": 0,
                "confirmed-timeout": 1,
                "timeout": 2,
                "failure": 1,
                "malicious": 0,
                "undetected": 61
            },
            "meaningful_name": "asia.coins.mobile.apk",
            "reputation": 0
        },
        "type": "file",
        "id": "00006e0ec28f209708ebd76d4dacab8da2c4aeebaba20d6f0dac952501d23941",
        "links": {
            "self": "https://www.virustotal.com/api/v3/files/00006e0ec28f209708ebd76d4dacab8da2c4aeebaba20d6f0dac952501d23941"
        }
    }
}