{
    "data": {
        "attributes": {
            "type_description": "Android",
            "tlsh": "T136A712A262088F08FA6A4339704A05B7F3553C7F1E585DE9B9C77DED167384C872A2B4",
            "vhash": "3fd583ed8ad912ee3d059ce1978f0b78",
            "trid": [
                {
                    "file_type": "Android Package",
                    "probability": 36.8
                },
                {
                    "file_type": "SPSS Extension",
                    "probability": 28.7
                },
                {
                    "file_type": "Java Archive",
                    "probability": 12.9
                },
                {
                    "file_type": "Sweet Home 3D design (generic)",
                    "probability": 10.0
                },
                {
                    "file_type": "Mozilla Archive Format (gen)",
                    "probability": 6.6
                }
            ],
            "names": [
                "75.apk"
            ],
            "last_modification_date": 1620747664,
            "type_tag": "android",
            "times_submitted": 1,
            "total_votes": {
                "harmless": 0,
                "malicious": 0
            },
            "size": 45038449,
            "type_extension": "apk",
            "last_submission_date": 1618893460,
            "last_analysis_results": {
                "Bkav": {
                    "category": "undetected",
                    "engine_name": "Bkav",
                    "engine_version": "1.3.0.9899",
                    "result": null,
                    "method": "blacklist",
                    "engine_update": "20210510"
                },
                "Lionic": {
                    "category": "undetected",
                    "engine_name": "AegisLab",
                    "engine_version": "4.2",
                    "result": null,
                    "method": "blacklist",
                    "engine_update": "20210511"
                },
                "Elastic": {
                    "category": "type-unsupported",
                    "engine_name": "Elastic",
                    "engine_version": "4.0.21",
                    "result": null,
                    "method": "blacklist",
                    "engine_update": "20210420"
                },
                "DrWeb": {
                    "category": "undetected",
                    "engine_name": "DrWeb",
                    "engine_version": "7.0.49.9080",
                    "result": null,
                    "method": "blacklist",
                    "engine_update": "20210511"
                },
                "MicroWorld-eScan": {
                    "category": "undetected",
                    "engine_name": "MicroWorld-eScan",
                    "engine_version": "14.0.409.0",
                    "result": null,
                    "method": "blacklist",
                    "engine_update": "20210511"
                },
                "FireEye": {
                    "category": "undetected",
                    "engine_name": "FireEye",
                    "engine_version": "32.44.1.0",
                    "result": null,
                    "method": "blacklist",
                    "engine_update": "20210511"
                },
                "CAT-QuickHeal": {
                    "category": "undetected",
                    "engine_name": "CAT-QuickHeal",
                    "engine_version": "14.00",
                    "result": null,
                    "method": "blacklist",
                    "engine_update": "20210510"
                },
                "McAfee": {
                    "category": "undetected",
                    "engine_name": "McAfee",
                    "engine_version": "6.0.6.653",
                    "result": null,
                    "method": "blacklist",
                    "engine_update": "20210504"
                },
                "Malwarebytes": {
                    "category": "undetected",
                    "engine_name": "Malwarebytes",
                    "engine_version": "4.2.2.27",
                    "result": null,
                    "method": "blacklist",
                    "engine_update": "20210511"
                },
                "VIPRE": {
                    "category": "undetected",
                    "engine_name": "VIPRE",
                    "engine_version": "92464",
                    "result": null,
                    "method": "blacklist",
                    "engine_update": "20210511"
                },
                "Paloalto": {
                    "category": "type-unsupported",
                    "engine_name": "Paloalto",
                    "engine_version": "1.0",
                    "result": null,
                    "method": "blacklist",
                    "engine_update": "20210511"
                },
                "Sangfor": {
                    "category": "failure",
                    "engine_name": "Sangfor",
                    "engine_version": "2.9.0.0",
                    "result": null,
                    "method": "blacklist",
                    "engine_update": "20210416"
                },
                "K7AntiVirus": {
                    "category": "undetected",
                    "engine_name": "K7AntiVirus",
                    "engine_version": "11.181.37137",
                    "result": null,
                    "method": "blacklist",
                    "engine_update": "20210511"
                },
                "BitDefender": {
                    "category": "undetected",
                    "engine_name": "BitDefender",
                    "engine_version": "7.2",
                    "result": null,
                    "method": "blacklist",
                    "engine_update": "20210511"
                },
                "K7GW": {
                    "category": "undetected",
                    "engine_name": "K7GW",
                    "engine_version": "11.181.37137",
                    "result": null,
                    "method": "blacklist",
                    "engine_update": "20210511"
                },
                "Trustlook": {
                    "category": "undetected",
                    "engine_name": "Trustlook",
                    "engine_version": "1.0",
                    "result": null,
                    "method": "blacklist",
                    "engine_update": "20210511"
                },
                "Arcabit": {
                    "category": "undetected",
                    "engine_name": "Arcabit",
                    "engine_version": "1.0.0.886",
                    "result": null,
                    "method": "blacklist",
                    "engine_update": "20210511"
                },
                "BitDefenderTheta": {
                    "category": "undetected",
                    "engine_name": "BitDefenderTheta",
                    "engine_version": "7.2.37796.0",
                    "result": null,
                    "method": "blacklist",
                    "engine_update": "20210504"
                },
                "Cyren": {
                    "category": "undetected",
                    "engine_name": "Cyren",
                    "engine_version": "6.3.0.2",
                    "result": null,
                    "method": "blacklist",
                    "engine_update": "20210511"
                },
                "SymantecMobileInsight": {
                    "category": "undetected",
                    "engine_name": "SymantecMobileInsight",
                    "engine_version": "2.0",
                    "result": null,
                    "method": "blacklist",
                    "engine_update": "20210126"
                },
                "Symantec": {
                    "category": "undetected",
                    "engine_name": "Symantec",
                    "engine_version": "1.14.0.0",
                    "result": null,
                    "method": "blacklist",
                    "engine_update": "20210511"
                },
                "ESET-NOD32": {
                    "category": "undetected",
                    "engine_name": "ESET-NOD32",
                    "engine_version": "23275",
                    "result": null,
                    "method": "blacklist",
                    "engine_update": "20210511"
                },
                "APEX": {
                    "category": "type-unsupported",
                    "engine_name": "APEX",
                    "engine_version": "6.162",
                    "result": null,
                    "method": "blacklist",
                    "engine_update": "20210510"
                },
                "TrendMicro-HouseCall": {
                    "category": "undetected",
                    "engine_name": "TrendMicro-HouseCall",
                    "engine_version": "10.0.0.1040",
                    "result": null,
                    "method": "blacklist",
                    "engine_update": "20210511"
                },
                "Avast": {
                    "category": "undetected",
                    "engine_name": "Avast",
                    "engine_version": "21.1.5827.0",
                    "result": null,
                    "method": "blacklist",
                    "engine_update": "20210511"
                },
                "ClamAV": {
                    "category": "undetected",
                    "engine_name": "ClamAV",
                    "engine_version": "0.103.2.0",
                    "result": null,
                    "method": "blacklist",
                    "engine_update": "20210511"
                },
                "Kaspersky": {
                    "category": "undetected",
                    "engine_name": "Kaspersky",
                    "engine_version": "21.0.1.45",
                    "result": null,
                    "method": "blacklist",
                    "engine_update": "20210511"
                },
                "Alibaba": {
                    "category": "undetected",
                    "engine_name": "Alibaba",
                    "engine_version": "0.3.0.5",
                    "result": null,
                    "method": "blacklist",
                    "engine_update": "20190527"
                },
                "NANO-Antivirus": {
                    "category": "undetected",
                    "engine_name": "NANO-Antivirus",
                    "engine_version": "1.0.146.25279",
                    "result": null,
                    "method": "blacklist",
                    "engine_update": "20210511"
                },
                "ViRobot": {
                    "category": "undetected",
                    "engine_name": "ViRobot",
                    "engine_version": "2014.3.20.0",
                    "result": null,
                    "method": "blacklist",
                    "engine_update": "20210511"
                },
                "Tencent": {
                    "category": "undetected",
                    "engine_name": "Tencent",
                    "engine_version": "1.0.0.1",
                    "result": null,
                    "method": "blacklist",
                    "engine_update": "20210511"
                },
                "Ad-Aware": {
                    "category": "undetected",
                    "engine_name": "Ad-Aware",
                    "engine_version": "3.0.21.179",
                    "result": null,
                    "method": "blacklist",
                    "engine_update": "20210511"
                },
                "Emsisoft": {
                    "category": "undetected",
                    "engine_name": "Emsisoft",
                    "engine_version": "2018.12.0.1641",
                    "result": null,
                    "method": "blacklist",
                    "engine_update": "20210511"
                },
                "Comodo": {
                    "category": "undetected",
                    "engine_name": "Comodo",
                    "engine_version": "33516",
                    "result": null,
                    "method": "blacklist",
                    "engine_update": "20210510"
                },
                "F-Secure": {
                    "category": "undetected",
                    "engine_name": "F-Secure",
                    "engine_version": "12.0.86.52",
                    "result": null,
                    "method": "blacklist",
                    "engine_update": "20210331"
                },
                "Baidu": {
                    "category": "undetected",
                    "engine_name": "Baidu",
                    "engine_version": "1.0.0.2",
                    "result": null,
                    "method": "blacklist",
                    "engine_update": "20190318"
                },
                "Zillya": {
                    "category": "undetected",
                    "engine_name": "Zillya",
                    "engine_version": "2.0.0.4359",
                    "result": null,
                    "method": "blacklist",
                    "engine_update": "20210510"
                },
                "TrendMicro": {
                    "category": "undetected",
                    "engine_name": "TrendMicro",
                    "engine_version": "11.0.0.1006",
                    "result": null,
                    "method": "blacklist",
                    "engine_update": "20210511"
                },
                "McAfee-GW-Edition": {
                    "category": "undetected",
                    "engine_name": "McAfee-GW-Edition",
                    "engine_version": "v2019.1.2+3728",
                    "result": null,
                    "method": "blacklist",
                    "engine_update": "20210511"
                },
                "SentinelOne": {
                    "category": "type-unsupported",
                    "engine_name": "SentinelOne",
                    "engine_version": "5.0.0.20",
                    "result": null,
                    "method": "blacklist",
                    "engine_update": "20210215"
                },
                "Trapmine": {
                    "category": "type-unsupported",
                    "engine_name": "Trapmine",
                    "engine_version": "3.5.0.1023",
                    "result": null,
                    "method": "blacklist",
                    "engine_update": "20200727"
                },
                "CMC": {
                    "category": "undetected",
                    "engine_name": "CMC",
                    "engine_version": "2.10.2019.1",
                    "result": null,
                    "method": "blacklist",
                    "engine_update": "20210506"
                },
                "Sophos": {
                    "category": "undetected",
                    "engine_name": "Sophos",
                    "engine_version": "1.0.2.0",
                    "result": null,
                    "method": "blacklist",
                    "engine_update": "20210510"
                },
                "Ikarus": {
                    "category": "failure",
                    "engine_name": "Ikarus",
                    "engine_version": "0.1.5.2",
                    "result": null,
                    "method": "blacklist",
                    "engine_update": "20210510"
                },
                "GData": {
                    "category": "undetected",
                    "engine_name": "GData",
                    "engine_version": "A:25.29608B:27.22963",
                    "result": null,
                    "method": "blacklist",
                    "engine_update": "20210511"
                },
                "Jiangmin": {
                    "category": "undetected",
                    "engine_name": "Jiangmin",
                    "engine_version": "16.0.100",
                    "result": null,
                    "method": "blacklist",
                    "engine_update": "20210510"
                },
                "Webroot": {
                    "category": "type-unsupported",
                    "engine_name": "Webroot",
                    "engine_version": "1.0.0.403",
                    "result": null,
                    "method": "blacklist",
                    "engine_update": "20210511"
                },
                "Avira": {
                    "category": "undetected",
                    "engine_name": "Avira",
                    "engine_version": "8.3.3.12",
                    "result": null,
                    "method": "blacklist",
                    "engine_update": "20210511"
                },
                "eGambit": {
                    "category": "type-unsupported",
                    "engine_name": "eGambit",
                    "engine_version": null,
                    "result": null,
                    "method": "blacklist",
                    "engine_update": "20210511"
                },
                "Antiy-AVL": {
                    "category": "undetected",
                    "engine_name": "Antiy-AVL",
                    "engine_version": "3.0.0.1",
                    "result": null,
                    "method": "blacklist",
                    "engine_update": "20210511"
                },
                "Kingsoft": {
                    "category": "undetected",
                    "engine_name": "Kingsoft",
                    "engine_version": "2017.9.26.565",
                    "result": null,
                    "method": "blacklist",
                    "engine_update": "20210511"
                },
                "Gridinsoft": {
                    "category": "undetected",
                    "engine_name": "Gridinsoft",
                    "engine_version": "1.0.39.131",
                    "result": null,
                    "method": "blacklist",
                    "engine_update": "20210511"
                },
                "Microsoft": {
                    "category": "undetected",
                    "engine_name": "Microsoft",
                    "engine_version": "1.1.18100.6",
                    "result": null,
                    "method": "blacklist",
                    "engine_update": "20210510"
                },
                "SUPERAntiSpyware": {
                    "category": "undetected",
                    "engine_name": "SUPERAntiSpyware",
                    "engine_version": "5.6.0.1032",
                    "result": null,
                    "method": "blacklist",
                    "engine_update": "20210507"
                },
                "ZoneAlarm": {
                    "category": "undetected",
                    "engine_name": "ZoneAlarm",
                    "engine_version": "1.0",
                    "result": null,
                    "method": "blacklist",
                    "engine_update": "20210511"
                },
                "Avast-Mobile": {
                    "category": "undetected",
                    "engine_name": "Avast-Mobile",
                    "engine_version": "210510-00",
                    "result": null,
                    "method": "blacklist",
                    "engine_update": "20210510"
                },
                "Cynet": {
                    "category": "type-unsupported",
                    "engine_name": "Cynet",
                    "engine_version": "4.0.0.27",
                    "result": null,
                    "method": "blacklist",
                    "engine_update": "20210511"
                },
                "BitDefenderFalx": {
                    "category": "undetected",
                    "engine_name": "BitDefenderFalx",
                    "engine_version": "2.0.936",
                    "result": null,
                    "method": "blacklist",
                    "engine_update": "20200916"
                },
                "AhnLab-V3": {
                    "category": "undetected",
                    "engine_name": "AhnLab-V3",
                    "engine_version": "3.20.0.10177",
                    "result": null,
                    "method": "blacklist",
                    "engine_update": "20210511"
                },
                "Acronis": {
                    "category": "type-unsupported",
                    "engine_name": "Acronis",
                    "engine_version": "1.1.1.81",
                    "result": null,
                    "method": "blacklist",
                    "engine_update": "20210211"
                },
                "ALYac": {
                    "category": "undetected",
                    "engine_name": "ALYac",
                    "engine_version": "1.1.3.1",
                    "result": null,
                    "method": "blacklist",
                    "engine_update": "20210511"
                },
                "MAX": {
                    "category": "undetected",
                    "engine_name": "MAX",
                    "engine_version": "2019.9.16.1",
                    "result": null,
                    "method": "blacklist",
                    "engine_update": "20210511"
                },
                "VBA32": {
                    "category": "undetected",
                    "engine_name": "VBA32",
                    "engine_version": "5.0.0",
                    "result": null,
                    "method": "blacklist",
                    "engine_update": "20210507"
                },
                "Cylance": {
                    "category": "type-unsupported",
                    "engine_name": "Cylance",
                    "engine_version": "2.3.1.101",
                    "result": null,
                    "method": "blacklist",
                    "engine_update": "20210511"
                },
                "Zoner": {
                    "category": "undetected",
                    "engine_name": "Zoner",
                    "engine_version": "0.0.0.0",
                    "result": null,
                    "method": "blacklist",
                    "engine_update": "20210510"
                },
                "Rising": {
                    "category": "undetected",
                    "engine_name": "Rising",
                    "engine_version": "25.0.0.26",
                    "result": null,
                    "method": "blacklist",
                    "engine_update": "20210511"
                },
                "Yandex": {
                    "category": "undetected",
                    "engine_name": "Yandex",
                    "engine_version": "5.5.2.24",
                    "result": null,
                    "method": "blacklist",
                    "engine_update": "20210510"
                },
                "TACHYON": {
                    "category": "undetected",
                    "engine_name": "TACHYON",
                    "engine_version": "2021-05-11.01",
                    "result": null,
                    "method": "blacklist",
                    "engine_update": "20210511"
                },
                "MaxSecure": {
                    "category": "undetected",
                    "engine_name": "MaxSecure",
                    "engine_version": "1.0.0.1",
                    "result": null,
                    "method": "blacklist",
                    "engine_update": "20210511"
                },
                "Fortinet": {
                    "category": "undetected",
                    "engine_name": "Fortinet",
                    "engine_version": "6.2.142.0",
                    "result": null,
                    "method": "blacklist",
                    "engine_update": "20210511"
                },
                "Cybereason": {
                    "category": "type-unsupported",
                    "engine_name": "Cybereason",
                    "engine_version": "1.2.449",
                    "result": null,
                    "method": "blacklist",
                    "engine_update": "20210330"
                },
                "Panda": {
                    "category": "undetected",
                    "engine_name": "Panda",
                    "engine_version": "4.6.4.2",
                    "result": null,
                    "method": "blacklist",
                    "engine_update": "20210510"
                },
                "CrowdStrike": {
                    "category": "type-unsupported",
                    "engine_name": "CrowdStrike",
                    "engine_version": "1.0",
                    "result": null,
                    "method": "blacklist",
                    "engine_update": "20210203"
                },
                "Qihoo-360": {
                    "category": "undetected",
                    "engine_name": "Qihoo-360",
                    "engine_version": "1.0.0.1120",
                    "result": null,
                    "method": "blacklist",
                    "engine_update": "20210511"
                }
            },
            "sha256": "000058bed0427bd2be76eefc140629417eaa1b53620a6d723ec4559a8df63da5",
            "tags": [
                "reflection",
                "telephony",
                "runtime-modules",
                "apk",
                "clipboard",
                "android"
            ],
            "last_analysis_date": 1620709310,
            "unique_sources": 1,
            "first_submission_date": 1618893460,
            "sha1": "4c846131b36417ed546e018aa1963b547a3f52d1",
            "ssdeep": "786432:+E5BRieMvzV0Gf8RvYMBV4WoWln2jZMEmrAag2je:+OseMveGElbLn2yhrAa9e",
            "bundle_info": {
                "highest_datetime": "1980-00-00 00:00:00",
                "lowest_datetime": "1980-00-00 00:00:00",
                "num_children": 1068,
                "extensions": {
                    "xml": 274,
                    "dex": 1,
                    "MF": 1,
                    "png": 519,
                    "RSA": 1,
                    "jpg": 3,
                    "js": 2,
                    "mp3": 42,
                    "txt": 1,
                    "ttf": 1,
                    "SF": 1,
                    "css": 4
                },
                "file_types": {
                    "XML": 274,
                    "DEX": 1,
                    "unknown": 157,
                    "JPG": 3,
                    "JSON": 2,
                    "HTML": 2,
                    "MP3": 42,
                    "PNG": 519
                },
                "type": "APK",
                "uncompressed_size": 49580010
            },
            "md5": "419a78b55e34ac9f192efe18f502be49",
            "androguard": {
                "VTAndroidInfo": 1.41,
                "Libraries": [
                    "org.apache.http.legacy"
                ],
                "AndroidApplicationError": false,
                "MinSdkVersion": "16",
                "AndroguardVersion": "3.0-dev",
                "Activities": [
                    "quran.tilawatequran.SheikhNaifalfaisal.Dashboard_000",
                    "quran.tilawatequran.SheikhNaifalfaisal.Htmlarchive_1604749812_7a55663502",
                    "quran.tilawatequran.SheikhNaifalfaisal.Audio376389",
                    "quran.tilawatequran.SheikhNaifalfaisal.Podcast34428",
                    "quran.tilawatequran.SheikhNaifalfaisal.Podcast34428_Episode",
                    "quran.tilawatequran.SheikhNaifalfaisal.PodcastPreferences",
                    "quran.tilawatequran.SheikhNaifalfaisal.Market269090",
                    "quran.tilawatequran.SheikhNaifalfaisal.Market269091",
                    "quran.tilawatequran.SheikhNaifalfaisal.AndromoAboutActivity",
                    "com.google.android.gms.ads.AdActivity"
                ],
                "certificate": {
                    "Subject": {
                        "DN": "C:CA, OU:Development, CN:Andromo App, O:Andromo.com L=Winnipeg, ST:MB",
                        "C": "CA",
                        "CN": "Andromo App",
                        "O": "Andromo.com L=Winnipeg",
                        "ST": "MB",
                        "OU": "Development"
                    },
                    "validto": "2038-12-19 16:40:51",
                    "serialnumber": "4e397a13",
                    "thumbprint": "e44763a669eae706121c8fc5370094659a310c9b",
                    "validfrom": "2011-08-03 16:40:51",
                    "Issuer": {
                        "DN": "C:CA, OU:Development, CN:Andromo App, O:Andromo.com L=Winnipeg, ST:MB",
                        "C": "CA",
                        "CN": "Andromo App",
                        "O": "Andromo.com L=Winnipeg",
                        "ST": "MB",
                        "OU": "Development"
                    }
                },
                "AndroidApplication": 1,
                "RiskIndicator": {
                    "APK": {
                        "DEX": 1
                    },
                    "PERM": {
                        "DANGEROUS": 1,
                        "NORMAL": 4,
                        "INTERNET": 1
                    }
                },
                "Services": [
                    "quran.tilawatequran.SheikhNaifalfaisal.AudioService",
                    "quran.tilawatequran.SheikhNaifalfaisal.Audio376389_PlaylistManager",
                    "quran.tilawatequran.SheikhNaifalfaisal.SetRingtoneService",
                    "quran.tilawatequran.SheikhNaifalfaisal.AudioService",
                    "quran.tilawatequran.SheikhNaifalfaisal.AudioCacheService",
                    "quran.tilawatequran.SheikhNaifalfaisal.AudioCacheLoader",
                    "quran.tilawatequran.SheikhNaifalfaisal.AudioCacheSaver",
                    "quran.tilawatequran.SheikhNaifalfaisal.AudioCacheUpdater",
                    "quran.tilawatequran.SheikhNaifalfaisal.Podcast34428_PlaylistManager",
                    "quran.tilawatequran.SheikhNaifalfaisal.FileDownloader"
                ],
                "AndroidVersionCode": "1001",
                "main_activity": "quran.tilawatequran.SheikhNaifalfaisal.Dashboard_000",
                "Package": "quran.tilawatequran.SheikhNaifalfaisal",
                "intent_filters": {
                    "Services": {},
                    "Activities": {
                        "quran.tilawatequran.SheikhNaifalfaisal.Dashboard_000": {
                            "action": [
                                "android.intent.action.MAIN"
                            ],
                            "category": [
                                "android.intent.category.LAUNCHER"
                            ]
                        }
                    },
                    "Receivers": {
                        "quran.tilawatequran.SheikhNaifalfaisal.AudioIntentReceiver": {
                            "action": [
                                "android.media.AUDIO_BECOMING_NOISY"
                            ]
                        }
                    }
                },
                "AndroidVersionName": "2.2",
                "TargetSdkVersion": "29",
                "AndroidApplicationInfo": "APK",
                "Providers": [
                    "com.google.android.gms.ads.MobileAdsInitProvider"
                ],
                "permission_details": {
                    "android.permission.ACCESS_NETWORK_STATE": {
                        "short_description": "view network status",
                        "full_description": "Allows an application to view the status of all networks.",
                        "permission_type": "normal"
                    },
                    "android.permission.WAKE_LOCK": {
                        "short_description": "prevent phone from sleeping",
                        "full_description": "Allows an application to prevent the phone from going to sleep.",
                        "permission_type": "normal"
                    },
                    "android.permission.WRITE_SETTINGS": {
                        "short_description": "modify global system settings",
                        "full_description": "Allows an application to modify the system's settings data. Malicious applications can corrupt your system's configuration.",
                        "permission_type": "normal"
                    },
                    "android.permission.ACCESS_WIFI_STATE": {
                        "short_description": "view Wi-Fi status",
                        "full_description": "Allows an application to view the information about the status of Wi-Fi.",
                        "permission_type": "normal"
                    },
                    "android.permission.INTERNET": {
                        "short_description": "full Internet access",
                        "full_description": "Allows an application to create network sockets.",
                        "permission_type": "dangerous"
                    },
                    "android.permission.FOREGROUND_SERVICE": {
                        "short_description": "Unknown permission from android reference",
                        "full_description": "Unknown permission from android reference",
                        "permission_type": "normal"
                    },
                    "android.permission.WRITE_EXTERNAL_STORAGE": {
                        "short_description": "modify/delete SD card contents",
                        "full_description": "Allows an application to write to the SD card.",
                        "permission_type": "dangerous"
                    }
                },
                "Receivers": [
                    "quran.tilawatequran.SheikhNaifalfaisal.AudioIntentReceiver"
                ],
                "StringsInformation": [
                    "http://",
                    "http://data.flurry.com/aap.do",
                    "http://play.google.com/store/",
                    "http://play.google.com/store/apps/",
                    "http://pro.ip-api.com/csv/?key=3PjN9TMSUIC5qFL&fields=countryCode",
                    "http://schemas.android.com/apk/res/android",
                    "http://www.amazon.com/gp/mas/dl/",
                    "http://www.amazon.com/gp/mas/dl/android?p=",
                    "http://www.example.com",
                    "http://www.google.com",
                    "http://www.samsungapps.com/appquery/appDetail.as?appId=",
                    "https://adservice.google.com/getconfig/pubvendors",
                    "https://csi.gstatic.com/csi",
                    "https://data.flurry.com/aap.do",
                    "https://data.flurry.com/pcr.do",
                    "https://googleads.g.doubleclick.net/mads/static/mad/sdk/native/mraid/v2/mraid_app_banner.js",
                    "https://googleads.g.doubleclick.net/mads/static/mad/sdk/native/mraid/v2/mraid_app_expanded_banner.js",
                    "https://googleads.g.doubleclick.net/mads/static/mad/sdk/native/mraid/v2/mraid_app_interstitial.js",
                    "https://googleads.g.doubleclick.net/mads/static/mad/sdk/native/native_ads.html",
                    "https://googleads.g.doubleclick.net/mads/static/mad/sdk/native/production/native_ads.js",
                    "https://googleads.g.doubleclick.net/mads/static/mad/sdk/native/production/sdk-core-v40-impl.html",
                    "https://googleads.g.doubleclick.net/mads/static/mad/sdk/native/production/sdk-core-v40-impl.js",
                    "https://googleads.g.doubleclick.net/mads/static/mad/sdk/native/sdk-core-v40-loader.html",
                    "https://imasdk.googleapis.com/admob/sdkloader/native_video.html",
                    "https://kuranmp3offline.blogspot.com/2020/11/privacy-policy.html",
                    "https://pagead2.googlesyndication.com/pagead/gen_204?id=gmob-apps",
                    "https://play.google.com/store/apps/",
                    "https://play.google.com/store/apps/details?id=",
                    "https://proton.flurry.com/sdk/v1/config",
                    "https://sqz.andromo.com",
                    "https://support.google.com/dfp_premium/answer/7160685#push",
                    "https://www.google.com/dfp/debugSignals",
                    "https://www.google.com/dfp/inAppPreview",
                    "https://www.google.com/dfp/linkDevice",
                    "https://www.google.com/dfp/sendDebugData"
                ]
            },
            "magic": "Zip archive data",
            "last_analysis_stats": {
                "harmless": 0,
                "type-unsupported": 12,
                "suspicious": 0,
                "confirmed-timeout": 0,
                "timeout": 0,
                "failure": 2,
                "malicious": 0,
                "undetected": 60
            },
            "meaningful_name": "75.apk",
            "reputation": 0
        },
        "type": "file",
        "id": "000058bed0427bd2be76eefc140629417eaa1b53620a6d723ec4559a8df63da5",
        "links": {
            "self": "https://www.virustotal.com/api/v3/files/000058bed0427bd2be76eefc140629417eaa1b53620a6d723ec4559a8df63da5"
        }
    }
}