{
    "data": {
        "attributes": {
            "type_description": "Android",
            "tlsh": "T10BF6E0A7E3C8EE11C1F38332827905A766190C989B83D693360D727D3BF79E18549EE5",
            "vhash": "96102b6a4b3f868d223f3e21e091c41d",
            "trid": [
                {
                    "file_type": "Android Package",
                    "probability": 39.4
                },
                {
                    "file_type": "SPSS Extension",
                    "probability": 30.7
                },
                {
                    "file_type": "Java Archive",
                    "probability": 13.8
                },
                {
                    "file_type": "Sweet Home 3D design (generic)",
                    "probability": 10.7
                },
                {
                    "file_type": "ZIP compressed archive",
                    "probability": 4.1
                }
            ],
            "names": [
                "000018022DEEADDBACD1E5E2A7942DBB6F48429B7D755D7E021899DAE3E99A4F.apk"
            ],
            "last_modification_date": 1657955349,
            "type_tag": "android",
            "times_submitted": 5,
            "total_votes": {
                "harmless": 0,
                "malicious": 0
            },
            "size": 16269432,
            "type_extension": "apk",
            "last_submission_date": 1648086600,
            "last_analysis_results": {
                "Bkav": {
                    "category": "undetected",
                    "engine_name": "Bkav",
                    "engine_version": "1.3.0.9899",
                    "result": null,
                    "method": "blacklist",
                    "engine_update": "20220716"
                },
                "Lionic": {
                    "category": "undetected",
                    "engine_name": "Lionic",
                    "engine_version": "7.5",
                    "result": null,
                    "method": "blacklist",
                    "engine_update": "20220716"
                },
                "Elastic": {
                    "category": "undetected",
                    "engine_name": "Elastic",
                    "engine_version": "4.0.40",
                    "result": null,
                    "method": "blacklist",
                    "engine_update": "20220623"
                },
                "MicroWorld-eScan": {
                    "category": "undetected",
                    "engine_name": "MicroWorld-eScan",
                    "engine_version": "14.0.409.0",
                    "result": null,
                    "method": "blacklist",
                    "engine_update": "20220715"
                },
                "FireEye": {
                    "category": "undetected",
                    "engine_name": "FireEye",
                    "engine_version": "35.24.1.0",
                    "result": null,
                    "method": "blacklist",
                    "engine_update": "20220716"
                },
                "CAT-QuickHeal": {
                    "category": "undetected",
                    "engine_name": "CAT-QuickHeal",
                    "engine_version": "14.00",
                    "result": null,
                    "method": "blacklist",
                    "engine_update": "20220715"
                },
                "ALYac": {
                    "category": "undetected",
                    "engine_name": "ALYac",
                    "engine_version": "1.1.3.1",
                    "result": null,
                    "method": "blacklist",
                    "engine_update": "20220716"
                },
                "Malwarebytes": {
                    "category": "undetected",
                    "engine_name": "Malwarebytes",
                    "engine_version": "4.3.3.37",
                    "result": null,
                    "method": "blacklist",
                    "engine_update": "20220716"
                },
                "VIPRE": {
                    "category": "undetected",
                    "engine_name": "VIPRE",
                    "engine_version": "6.0.0.35",
                    "result": null,
                    "method": "blacklist",
                    "engine_update": "20220715"
                },
                "Paloalto": {
                    "category": "type-unsupported",
                    "engine_name": "Paloalto",
                    "engine_version": "0.9.0.1003",
                    "result": null,
                    "method": "blacklist",
                    "engine_update": "20220716"
                },
                "Sangfor": {
                    "category": "undetected",
                    "engine_name": "Sangfor",
                    "engine_version": "2.14.0.0",
                    "result": null,
                    "method": "blacklist",
                    "engine_update": "20220602"
                },
                "Trustlook": {
                    "category": "undetected",
                    "engine_name": "Trustlook",
                    "engine_version": "1.0",
                    "result": null,
                    "method": "blacklist",
                    "engine_update": "20220716"
                },
                "Alibaba": {
                    "category": "undetected",
                    "engine_name": "Alibaba",
                    "engine_version": "0.3.0.5",
                    "result": null,
                    "method": "blacklist",
                    "engine_update": "20190527"
                },
                "K7GW": {
                    "category": "undetected",
                    "engine_name": "K7GW",
                    "engine_version": "12.25.43353",
                    "result": null,
                    "method": "blacklist",
                    "engine_update": "20220716"
                },
                "K7AntiVirus": {
                    "category": "undetected",
                    "engine_name": "K7AntiVirus",
                    "engine_version": "12.25.43355",
                    "result": null,
                    "method": "blacklist",
                    "engine_update": "20220716"
                },
                "BitDefenderTheta": {
                    "category": "undetected",
                    "engine_name": "BitDefenderTheta",
                    "engine_version": "7.2.37796.0",
                    "result": null,
                    "method": "blacklist",
                    "engine_update": "20220705"
                },
                "VirIT": {
                    "category": "undetected",
                    "engine_name": "VirIT",
                    "engine_version": "9.5.239",
                    "result": null,
                    "method": "blacklist",
                    "engine_update": "20220715"
                },
                "Cyren": {
                    "category": "undetected",
                    "engine_name": "Cyren",
                    "engine_version": "6.5.1.2",
                    "result": null,
                    "method": "blacklist",
                    "engine_update": "20220716"
                },
                "SymantecMobileInsight": {
                    "category": "undetected",
                    "engine_name": "SymantecMobileInsight",
                    "engine_version": "2.0",
                    "result": null,
                    "method": "blacklist",
                    "engine_update": "20220208"
                },
                "Symantec": {
                    "category": "undetected",
                    "engine_name": "Symantec",
                    "engine_version": "1.18.0.0",
                    "result": null,
                    "method": "blacklist",
                    "engine_update": "20220715"
                },
                "tehtris": {
                    "category": "type-unsupported",
                    "engine_name": "tehtris",
                    "engine_version": "v0.1.4",
                    "result": null,
                    "method": "blacklist",
                    "engine_update": "20220716"
                },
                "ESET-NOD32": {
                    "category": "undetected",
                    "engine_name": "ESET-NOD32",
                    "engine_version": "25599",
                    "result": null,
                    "method": "blacklist",
                    "engine_update": "20220715"
                },
                "Baidu": {
                    "category": "undetected",
                    "engine_name": "Baidu",
                    "engine_version": "1.0.0.2",
                    "result": null,
                    "method": "blacklist",
                    "engine_update": "20190318"
                },
                "TrendMicro-HouseCall": {
                    "category": "undetected",
                    "engine_name": "TrendMicro-HouseCall",
                    "engine_version": "10.0.0.1040",
                    "result": null,
                    "method": "blacklist",
                    "engine_update": "20220716"
                },
                "Avast": {
                    "category": "undetected",
                    "engine_name": "Avast",
                    "engine_version": "21.1.5827.0",
                    "result": null,
                    "method": "blacklist",
                    "engine_update": "20220716"
                },
                "ClamAV": {
                    "category": "undetected",
                    "engine_name": "ClamAV",
                    "engine_version": "0.105.0.0",
                    "result": null,
                    "method": "blacklist",
                    "engine_update": "20220715"
                },
                "Kaspersky": {
                    "category": "undetected",
                    "engine_name": "Kaspersky",
                    "engine_version": "21.0.1.45",
                    "result": null,
                    "method": "blacklist",
                    "engine_update": "20220716"
                },
                "BitDefender": {
                    "category": "undetected",
                    "engine_name": "BitDefender",
                    "engine_version": "7.2",
                    "result": null,
                    "method": "blacklist",
                    "engine_update": "20220716"
                },
                "NANO-Antivirus": {
                    "category": "undetected",
                    "engine_name": "NANO-Antivirus",
                    "engine_version": "1.0.146.25618",
                    "result": null,
                    "method": "blacklist",
                    "engine_update": "20220716"
                },
                "SUPERAntiSpyware": {
                    "category": "undetected",
                    "engine_name": "SUPERAntiSpyware",
                    "engine_version": "5.6.0.1032",
                    "result": null,
                    "method": "blacklist",
                    "engine_update": "20220709"
                },
                "APEX": {
                    "category": "type-unsupported",
                    "engine_name": "APEX",
                    "engine_version": "6.312",
                    "result": null,
                    "method": "blacklist",
                    "engine_update": "20220713"
                },
                "Tencent": {
                    "category": "undetected",
                    "engine_name": "Tencent",
                    "engine_version": "1.0.0.1",
                    "result": null,
                    "method": "blacklist",
                    "engine_update": "20220716"
                },
                "Ad-Aware": {
                    "category": "undetected",
                    "engine_name": "Ad-Aware",
                    "engine_version": "3.0.21.193",
                    "result": null,
                    "method": "blacklist",
                    "engine_update": "20220716"
                },
                "Emsisoft": {
                    "category": "undetected",
                    "engine_name": "Emsisoft",
                    "engine_version": "2021.5.0.7597",
                    "result": null,
                    "method": "blacklist",
                    "engine_update": "20220716"
                },
                "Comodo": {
                    "category": "undetected",
                    "engine_name": "Comodo",
                    "engine_version": "34807",
                    "result": null,
                    "method": "blacklist",
                    "engine_update": "20220715"
                },
                "F-Secure": {
                    "category": "undetected",
                    "engine_name": "F-Secure",
                    "engine_version": "18.10.978.51",
                    "result": null,
                    "method": "blacklist",
                    "engine_update": "20220716"
                },
                "DrWeb": {
                    "category": "undetected",
                    "engine_name": "DrWeb",
                    "engine_version": "7.0.56.4040",
                    "result": null,
                    "method": "blacklist",
                    "engine_update": "20220716"
                },
                "Zillya": {
                    "category": "undetected",
                    "engine_name": "Zillya",
                    "engine_version": "2.0.0.4670",
                    "result": null,
                    "method": "blacklist",
                    "engine_update": "20220714"
                },
                "TrendMicro": {
                    "category": "undetected",
                    "engine_name": "TrendMicro",
                    "engine_version": "11.0.0.1006",
                    "result": null,
                    "method": "blacklist",
                    "engine_update": "20220716"
                },
                "McAfee-GW-Edition": {
                    "category": "undetected",
                    "engine_name": "McAfee-GW-Edition",
                    "engine_version": "v2019.1.2+3728",
                    "result": null,
                    "method": "blacklist",
                    "engine_update": "20220716"
                },
                "SentinelOne": {
                    "category": "type-unsupported",
                    "engine_name": "SentinelOne",
                    "engine_version": "22.2.1.2",
                    "result": null,
                    "method": "blacklist",
                    "engine_update": "20220330"
                },
                "Trapmine": {
                    "category": "type-unsupported",
                    "engine_name": "Trapmine",
                    "engine_version": "3.5.48.101",
                    "result": null,
                    "method": "blacklist",
                    "engine_update": "20220707"
                },
                "Sophos": {
                    "category": "undetected",
                    "engine_name": "Sophos",
                    "engine_version": "1.4.1.0",
                    "result": null,
                    "method": "blacklist",
                    "engine_update": "20220715"
                },
                "Ikarus": {
                    "category": "undetected",
                    "engine_name": "Ikarus",
                    "engine_version": "6.0.24.0",
                    "result": null,
                    "method": "blacklist",
                    "engine_update": "20220715"
                },
                "Avast-Mobile": {
                    "category": "undetected",
                    "engine_name": "Avast-Mobile",
                    "engine_version": "220715-00",
                    "result": null,
                    "method": "blacklist",
                    "engine_update": "20220715"
                },
                "Jiangmin": {
                    "category": "undetected",
                    "engine_name": "Jiangmin",
                    "engine_version": "16.0.100",
                    "result": null,
                    "method": "blacklist",
                    "engine_update": "20220715"
                },
                "Webroot": {
                    "category": "type-unsupported",
                    "engine_name": "Webroot",
                    "engine_version": "1.0.0.403",
                    "result": null,
                    "method": "blacklist",
                    "engine_update": "20220716"
                },
                "Avira": {
                    "category": "undetected",
                    "engine_name": "Avira",
                    "engine_version": "8.3.3.14",
                    "result": null,
                    "method": "blacklist",
                    "engine_update": "20220716"
                },
                "Antiy-AVL": {
                    "category": "undetected",
                    "engine_name": "Antiy-AVL",
                    "engine_version": "3.0",
                    "result": null,
                    "method": "blacklist",
                    "engine_update": "20220716"
                },
                "Kingsoft": {
                    "category": "undetected",
                    "engine_name": "Kingsoft",
                    "engine_version": "2017.9.26.565",
                    "result": null,
                    "method": "blacklist",
                    "engine_update": "20220716"
                },
                "Microsoft": {
                    "category": "undetected",
                    "engine_name": "Microsoft",
                    "engine_version": "1.1.19400.3",
                    "result": null,
                    "method": "blacklist",
                    "engine_update": "20220716"
                },
                "Gridinsoft": {
                    "category": "undetected",
                    "engine_name": "Gridinsoft",
                    "engine_version": "1.0.85.174",
                    "result": null,
                    "method": "blacklist",
                    "engine_update": "20220716"
                },
                "Arcabit": {
                    "category": "undetected",
                    "engine_name": "Arcabit",
                    "engine_version": "1.0.0.889",
                    "result": null,
                    "method": "blacklist",
                    "engine_update": "20220716"
                },
                "ViRobot": {
                    "category": "undetected",
                    "engine_name": "ViRobot",
                    "engine_version": "2014.3.20.0",
                    "result": null,
                    "method": "blacklist",
                    "engine_update": "20220715"
                },
                "ZoneAlarm": {
                    "category": "undetected",
                    "engine_name": "ZoneAlarm",
                    "engine_version": "1.0",
                    "result": null,
                    "method": "blacklist",
                    "engine_update": "20220716"
                },
                "GData": {
                    "category": "undetected",
                    "engine_name": "GData",
                    "engine_version": "A:25.33511B:27.28091",
                    "result": null,
                    "method": "blacklist",
                    "engine_update": "20220716"
                },
                "Cynet": {
                    "category": "type-unsupported",
                    "engine_name": "Cynet",
                    "engine_version": "4.0.0.27",
                    "result": null,
                    "method": "blacklist",
                    "engine_update": "20220716"
                },
                "BitDefenderFalx": {
                    "category": "undetected",
                    "engine_name": "BitDefenderFalx",
                    "engine_version": "2.0.936",
                    "result": null,
                    "method": "blacklist",
                    "engine_update": "20220103"
                },
                "AhnLab-V3": {
                    "category": "undetected",
                    "engine_name": "AhnLab-V3",
                    "engine_version": "3.22.1.10283",
                    "result": null,
                    "method": "blacklist",
                    "engine_update": "20220716"
                },
                "Acronis": {
                    "category": "undetected",
                    "engine_name": "Acronis",
                    "engine_version": "1.2.0.108",
                    "result": null,
                    "method": "blacklist",
                    "engine_update": "20220426"
                },
                "McAfee": {
                    "category": "undetected",
                    "engine_name": "McAfee",
                    "engine_version": "6.0.6.653",
                    "result": null,
                    "method": "blacklist",
                    "engine_update": "20220716"
                },
                "MAX": {
                    "category": "undetected",
                    "engine_name": "MAX",
                    "engine_version": "2019.9.16.1",
                    "result": null,
                    "method": "blacklist",
                    "engine_update": "20220716"
                },
                "VBA32": {
                    "category": "undetected",
                    "engine_name": "VBA32",
                    "engine_version": "5.0.0",
                    "result": null,
                    "method": "blacklist",
                    "engine_update": "20220715"
                },
                "Cylance": {
                    "category": "type-unsupported",
                    "engine_name": "Cylance",
                    "engine_version": "2.3.1.101",
                    "result": null,
                    "method": "blacklist",
                    "engine_update": "20220716"
                },
                "Zoner": {
                    "category": "undetected",
                    "engine_name": "Zoner",
                    "engine_version": "2.2.2.0",
                    "result": null,
                    "method": "blacklist",
                    "engine_update": "20220715"
                },
                "Rising": {
                    "category": "undetected",
                    "engine_name": "Rising",
                    "engine_version": "25.0.0.27",
                    "result": null,
                    "method": "blacklist",
                    "engine_update": "20220715"
                },
                "Yandex": {
                    "category": "undetected",
                    "engine_name": "Yandex",
                    "engine_version": "5.5.2.24",
                    "result": null,
                    "method": "blacklist",
                    "engine_update": "20220715"
                },
                "TACHYON": {
                    "category": "undetected",
                    "engine_name": "TACHYON",
                    "engine_version": "2022-07-16.01",
                    "result": null,
                    "method": "blacklist",
                    "engine_update": "20220716"
                },
                "MaxSecure": {
                    "category": "malicious",
                    "engine_name": "MaxSecure",
                    "engine_version": "1.0.0.1",
                    "result": "Android.boogr.gsh",
                    "method": "blacklist",
                    "engine_update": "20220715"
                },
                "Fortinet": {
                    "category": "undetected",
                    "engine_name": "Fortinet",
                    "engine_version": "6.2.142.0",
                    "result": null,
                    "method": "blacklist",
                    "engine_update": "20220716"
                },
                "Cybereason": {
                    "category": "type-unsupported",
                    "engine_name": "Cybereason",
                    "engine_version": "1.2.449",
                    "result": null,
                    "method": "blacklist",
                    "engine_update": "20210330"
                },
                "Panda": {
                    "category": "undetected",
                    "engine_name": "Panda",
                    "engine_version": "4.6.4.2",
                    "result": null,
                    "method": "blacklist",
                    "engine_update": "20220715"
                },
                "CrowdStrike": {
                    "category": "type-unsupported",
                    "engine_name": "CrowdStrike",
                    "engine_version": "1.0",
                    "result": null,
                    "method": "blacklist",
                    "engine_update": "20220418"
                }
            },
            "sha256": "000018022deeaddbacd1e5e2a7942dbb6f48429b7d755d7e021899dae3e99a4f",
            "tags": [
                "reflection",
                "apk",
                "runtime-modules",
                "contains-elf",
                "telephony",
                "android"
            ],
            "last_analysis_date": 1657947669,
            "unique_sources": 2,
            "first_submission_date": 1556329763,
            "sha1": "7d3730f3abae56080e023c95cef31bd5b630a78d",
            "ssdeep": "393216:QS3/mFJ4W9fTLG6y1M6hmv0W5Uarmw1VvwU:N/CNJTDy1Mg65PrjD",
            "bundle_info": {
                "highest_datetime": "2019-03-25 12:12:52",
                "lowest_datetime": "2019-03-25 09:31:04",
                "num_children": 4409,
                "extensions": {
                    "xml": 179,
                    "dex": 2,
                    "gz": 1,
                    "js": 3,
                    "so": 12,
                    "css": 17,
                    "txt": 5,
                    "ttf": 2,
                    "png": 737
                },
                "file_types": {
                    "XML": 179,
                    "DEX": 2,
                    "unknown": 69,
                    "ELF": 12,
                    "HTML": 1,
                    "PNG": 737
                },
                "type": "APK",
                "uncompressed_size": 20691571
            },
            "packers": {
                "F-PROT": "appended, packed"
            },
            "md5": "9c127a4fcb85fd64c5f202d8d3d1041b",
            "androguard": {
                "VTAndroidInfo": 2.0,
                "AndroidApplicationError": false,
                "MinSdkVersion": "17",
                "AndroguardVersion": "3.4.0a1",
                "Activities": [
                    "com.appyet.activity.MainActivity",
                    "com.appyet.activity.SplashActivity",
                    "com.appyet.activity.TranslateActivity",
                    "com.appyet.activity.MediaPlayerActivity",
                    "com.appyet.activity.PodcastActionActivity",
                    "com.appyet.activity.WebActionActivity",
                    "com.appyet.activity.WebBrowserActivity",
                    "com.appyet.activity.WhatsNewActivity",
                    "com.appyet.activity.DisqusCommentActivity",
                    "com.appyet.activity.VideoPlayerActivity",
                    "com.appyet.activity.DownloadActivity",
                    "com.appyet.activity.ExploreActivity",
                    "com.appyet.activity.SettingsActivity",
                    "com.appyet.activity.AboutActivity",
                    "com.appyet.activity.ImageViewerActivity",
                    "com.appyet.activity.WidgetConfigureActivity",
                    "com.google.android.gms.ads.AdActivity",
                    "com.appyet.activity.forum.ForumNewTopicActivity",
                    "com.appyet.activity.forum.ForumReplyPostActivity",
                    "com.appyet.activity.forum.ForumNewMessageActivity",
                    "com.appyet.activity.forum.ForumNewConversationActivity",
                    "com.appyet.activity.forum.ForumSignInActivity",
                    "com.appyet.activity.forum.ForumSignUpActivity",
                    "com.appyet.activity.forum.ForumForgetPasswordActivity",
                    "com.appyet.activity.forum.ForumProfileActivity",
                    "com.appyet.activity.forum.ForumSearchActivity",
                    "com.appyet.activity.forum.ForumMessageActivity",
                    "com.appyet.activity.forum.ForumSettingsActivity",
                    "com.appyet.activity.forum.ForumConversationActivity",
                    "com.appyet.activity.forum.ForumPeopleActivity",
                    "com.appyet.activity.forum.ForumStatisticsActivity",
                    "com.appyet.activity.ExoMediaPlayerActivity",
                    "com.flurry.android.FlurryFullscreenTakeoverActivity",
                    "com.facebook.ads.InterstitialAdActivity",
                    "com.appyet.mediapicker.MultiImageSelectorActivity",
                    "com.appyet.musicplayer.ui.MusicPlayerActivity",
                    "com.appyet.musicplayer.ui.PlaceholderActivity",
                    "com.appyet.musicplayer.ui.NowPlayingActivity",
                    "com.appyet.musicplayer.ui.FullScreenPlayerActivity",
                    "com.appyet.activity.post.MessageComposerActivity",
                    "com.firebase.ui.auth.KickoffActivity",
                    "com.firebase.ui.auth.ui.idp.SingleSignInActivity",
                    "com.firebase.ui.auth.ui.credentials.CredentialSaveActivity",
                    "com.firebase.ui.auth.ui.provider.GitHubLoginActivity",
                    "com.firebase.ui.auth.ui.email.RecoverPasswordActivity",
                    "com.firebase.ui.auth.ui.email.EmailActivity",
                    "com.firebase.ui.auth.ui.phone.PhoneActivity",
                    "com.firebase.ui.auth.ui.idp.WelcomeBackIdpPrompt",
                    "com.firebase.ui.auth.ui.email.WelcomeBackPasswordPrompt",
                    "com.firebase.ui.auth.ui.idp.AuthMethodPickerActivity",
                    "com.facebook.FacebookActivity",
                    "com.facebook.CustomTabActivity",
                    "pub.devrel.easypermissions.AppSettingsDialogHolderActivity",
                    "com.facebook.ads.AudienceNetworkActivity",
                    "com.google.firebase.auth.internal.FederatedSignInActivity",
                    "com.google.android.gms.auth.api.signin.internal.SignInHubActivity",
                    "com.google.android.gms.common.api.GoogleApiActivity",
                    "com.twitter.sdk.android.tweetui.PlayerActivity",
                    "com.twitter.sdk.android.tweetui.GalleryActivity",
                    "com.twitter.sdk.android.tweetcomposer.ComposerActivity",
                    "com.twitter.sdk.android.core.identity.OAuthActivity",
                    "com.flurry.android.FlurryTileAdActivity",
                    "com.flurry.android.FlurryBrowserActivity"
                ],
                "certificate": {
                    "Subject": {
                        "DN": "C:US, CN:Android, L:Mountain View, O:Google Inc., ST:California, OU:Android",
                        "C": "US",
                        "CN": "Android",
                        "L": "Mountain View",
                        "O": "Google Inc.",
                        "ST": "California",
                        "OU": "Android"
                    },
                    "validto": "2048-08-27 11:20:49",
                    "serialnumber": "80b853e2c4deaa6fc4bcfd1688c2c5458d207ccf",
                    "thumbprint": "40c95eb433dcaea56ea9b99bde48e9cb7e3593a7",
                    "validfrom": "2018-08-27 11:20:49",
                    "Issuer": {
                        "DN": "C:US, CN:Android, L:Mountain View, O:Google Inc., ST:California, OU:Android",
                        "C": "US",
                        "CN": "Android",
                        "L": "Mountain View",
                        "O": "Google Inc.",
                        "ST": "California",
                        "OU": "Android"
                    }
                },
                "AndroidApplication": 1,
                "RiskIndicator": {
                    "APK": {
                        "DEX": 2,
                        "SHARED LIBRARIES": 12
                    },
                    "PERM": {
                        "DANGEROUS": 1,
                        "NORMAL": 6,
                        "EPHEMERAL": 3,
                        "INTERNET": 1
                    }
                },
                "Services": [
                    "com.appyet.service.SyncService",
                    "com.appyet.service.MediaService",
                    "com.appyet.service.FIIService",
                    "com.appyet.service.FCMService",
                    "com.appyet.musicplayer.MusicService",
                    "com.google.android.gms.cast.framework.media.MediaNotificationService",
                    "com.google.android.gms.cast.framework.ReconnectionService",
                    "com.google.android.gms.analytics.AnalyticsJobService",
                    "com.google.firebase.messaging.FirebaseMessagingService",
                    "com.google.firebase.components.ComponentDiscoveryService",
                    "com.google.android.gms.auth.api.signin.RevocationBoundService",
                    "com.google.android.gms.measurement.AppMeasurementService",
                    "com.google.android.gms.measurement.AppMeasurementJobService",
                    "com.google.firebase.iid.FirebaseInstanceIdService",
                    "com.firebase.jobdispatcher.GooglePlayReceiver",
                    "com.twitter.sdk.android.tweetcomposer.TweetUploadService"
                ],
                "AndroidVersionCode": "9",
                "main_activity": "com.appyet.activity.MainActivity",
                "Package": "com.congo.actualite",
                "intent_filters": {
                    "Services": {
                        "com.appyet.musicplayer.MusicService": {
                            "action": [
                                "android.media.browse.MediaBrowserService"
                            ]
                        },
                        "com.appyet.service.FIIService": {
                            "action": [
                                "com.google.firebase.INSTANCE_ID_EVENT"
                            ]
                        },
                        "com.google.firebase.messaging.FirebaseMessagingService": {
                            "action": [
                                "com.google.firebase.MESSAGING_EVENT"
                            ]
                        },
                        "com.appyet.service.FCMService": {
                            "action": [
                                "com.google.firebase.MESSAGING_EVENT"
                            ]
                        },
                        "com.firebase.jobdispatcher.GooglePlayReceiver": {
                            "action": [
                                "com.google.android.gms.gcm.ACTION_TASK_READY"
                            ]
                        },
                        "com.google.firebase.iid.FirebaseInstanceIdService": {
                            "action": [
                                "com.google.firebase.INSTANCE_ID_EVENT"
                            ]
                        }
                    },
                    "Activities": {
                        "com.firebase.ui.auth.ui.provider.GitHubLoginActivity": {
                            "action": [
                                "android.intent.action.VIEW"
                            ],
                            "category": [
                                "android.intent.category.DEFAULT",
                                "android.intent.category.BROWSABLE"
                            ]
                        },
                        "com.appyet.activity.WidgetConfigureActivity": {
                            "action": [
                                "android.appwidget.action.APPWIDGET_CONFIGURE"
                            ]
                        },
                        "com.facebook.CustomTabActivity": {
                            "action": [
                                "android.intent.action.VIEW"
                            ],
                            "category": [
                                "android.intent.category.DEFAULT",
                                "android.intent.category.BROWSABLE"
                            ]
                        },
                        "com.appyet.activity.MainActivity": {
                            "action": [
                                "android.intent.action.MAIN"
                            ],
                            "category": [
                                "android.intent.category.LAUNCHER"
                            ]
                        }
                    },
                    "Receivers": {
                        "com.appyet.receiver.DownloadReceiver": {
                            "action": [
                                "android.intent.action.DOWNLOAD_COMPLETE",
                                "android.intent.action.DOWNLOAD_NOTIFICATION_CLICKED",
                                "android.intent.action.ACTION_VIEW_DOWNLOADS"
                            ]
                        },
                        "com.appyet.receiver.BootCompletedReceiver": {
                            "action": [
                                "android.intent.action.BOOT_COMPLETED"
                            ]
                        },
                        "com.appyet.provider.WidgetProvider_4_1": {
                            "action": [
                                "android.appwidget.action.APPWIDGET_UPDATE"
                            ]
                        },
                        "com.google.firebase.iid.FirebaseInstanceIdReceiver": {
                            "action": [
                                "com.google.android.c2dm.intent.RECEIVE"
                            ],
                            "category": [
                                "com.congo.actualite"
                            ]
                        },
                        "com.appyet.provider.WidgetProvider": {
                            "action": [
                                "android.appwidget.action.APPWIDGET_UPDATE"
                            ]
                        },
                        "com.appyet.receiver.CommonReceiver": {
                            "action": [
                                "android.intent.action.MEDIA_BUTTON",
                                "android.intent.action.HEADSET_PLUG",
                                "android.intent.action.ACTION_POWER_DISCONNECTED",
                                "android.net.ConnectivityManager.CONNECTIVITY_ACTION",
                                "android.bluetooth.adapter.action.STATE_CHANGED",
                                "android.net.wifi.WIFI_STATE_CHANGED",
                                "android.net.wifi.STATE_CHANGE"
                            ]
                        },
                        "com.google.android.gms.measurement.AppMeasurementInstallReferrerReceiver": {
                            "action": [
                                "com.android.vending.INSTALL_REFERRER"
                            ]
                        },
                        "android.support.v4.media.session.MediaButtonReceiver": {
                            "action": [
                                "android.intent.action.MEDIA_BUTTON"
                            ]
                        }
                    }
                },
                "AndroidVersionName": "1.0.1",
                "TargetSdkVersion": "26",
                "AndroidApplicationInfo": "APK",
                "Providers": [
                    "android.support.v4.content.FileProvider",
                    "com.appyet.provider.SuggestionProvider",
                    "com.firebase.ui.auth.data.client.AuthUiInitProvider",
                    "com.google.firebase.provider.FirebaseInitProvider",
                    "android.arch.lifecycle.ProcessLifecycleOwnerInitializer"
                ],
                "permission_details": {
                    "android.permission.VIBRATE": {
                        "short_description": "control vibration",
                        "full_description": "Allows the app to control the vibrator.",
                        "permission_type": "normal|ephemeral"
                    },
                    "android.permission.RECEIVE_BOOT_COMPLETED": {
                        "short_description": "run at startup",
                        "full_description": "Allows the app to\n        have itself started as soon as the system has finished booting.\n        This can make it take longer to start the phone and allow the\n        app to slow down the overall phone by always running.",
                        "permission_type": "normal"
                    },
                    "com.google.android.c2dm.permission.RECEIVE": {
                        "short_description": "Unknown permission from android reference",
                        "full_description": "Unknown permission from android reference",
                        "permission_type": "normal"
                    },
                    "android.permission.ACCESS_WIFI_STATE": {
                        "short_description": "view Wi-Fi connections",
                        "full_description": "Allows the app to view information\n      about Wi-Fi networking, such as whether Wi-Fi is enabled and name of\n      connected Wi-Fi devices.",
                        "permission_type": "normal"
                    },
                    "android.permission.WAKE_LOCK": {
                        "short_description": "prevent phone from sleeping",
                        "full_description": "Allows the app to prevent the phone from going to sleep.",
                        "permission_type": "normal|ephemeral"
                    },
                    "com.congo.actualite.permission.C2D_MESSAGE": {
                        "short_description": "Unknown permission from android reference",
                        "full_description": "Unknown permission from android reference",
                        "permission_type": "normal"
                    },
                    "android.permission.ACCESS_NETWORK_STATE": {
                        "short_description": "view network connections",
                        "full_description": "Allows the app to view\n      information about network connections such as which networks exist and are\n      connected.",
                        "permission_type": "normal|ephemeral"
                    },
                    "android.permission.INTERNET": {
                        "short_description": "have full network access",
                        "full_description": "Allows the app to create\n     network sockets and use custom network protocols. The browser and other\n     applications provide means to send data to the internet, so this\n     permission is not required to send data to the internet.",
                        "permission_type": "normal|ephemeral"
                    },
                    "com.google.android.finsky.permission.BIND_GET_INSTALL_REFERRER_SERVICE": {
                        "short_description": "Unknown permission from android reference",
                        "full_description": "Unknown permission from android reference",
                        "permission_type": "normal"
                    },
                    "android.permission.WRITE_EXTERNAL_STORAGE": {
                        "short_description": "modify or delete the contents of your SD card",
                        "full_description": "Allows the app to write to the SD card.",
                        "permission_type": "dangerous"
                    },
                    "android.permission.FLASHLIGHT": {
                        "short_description": "control flashlight",
                        "full_description": "Allows the app to control the flashlight.",
                        "permission_type": "normal"
                    }
                },
                "Receivers": [
                    "com.appyet.receiver.DownloadReceiver",
                    "com.appyet.receiver.CommonReceiver",
                    "com.appyet.receiver.AlarmUpdateReceiver",
                    "com.appyet.receiver.AlarmHeartBeatReceiver",
                    "com.appyet.receiver.BootCompletedReceiver",
                    "com.appyet.provider.WidgetProvider",
                    "com.appyet.provider.WidgetProvider_4_1",
                    "android.support.v4.media.session.MediaButtonReceiver",
                    "com.google.android.gms.cast.framework.media.MediaIntentReceiver",
                    "com.google.android.gms.measurement.AppMeasurementReceiver",
                    "com.google.android.gms.measurement.AppMeasurementInstallReferrerReceiver",
                    "com.google.firebase.iid.FirebaseInstanceIdReceiver"
                ],
                "StringsInformation": [
                    "http://%s:%d/%s",
                    "http://adlog.flurry.com",
                    "http://ads.flurry.com/v19/getAds.do",
                    "http://api.flickr.com/services/feeds",
                    "http://appyet_base",
                    "http://base",
                    "http://base/",
                    "http://base/#comment",
                    "http://cloud.feedly.com",
                    "http://comment",
                    "http://data.flurry.com/aap.do",
                    "http://disqus.com/",
                    "http://disqus.com/_ax/facebook/complete/",
                    "http://disqus.com/_ax/google/complete/",
                    "http://disqus.com/_ax/twitter/complete/",
                    "http://disqus.com/account/",
                    "http://disqus.com/logout",
                    "http://disqus.com/next/login-success/",
                    "http://docs.disqus.com/kb",
                    "http://gdata.youtube.com/schemas/2007",
                    "http://photos.googleapis.com/data/feed",
                    "http://pinterest.com",
                    "http://play.google.com/store/apps/",
                    "http://purl.org/dc/elements/1.1/",
                    "http://purl.org/rss/1.0/",
                    "http://purl.org/rss/1.0/modules/content/",
                    "http://purl.org/rss/1.0/modules/slash/",
                    "http://purl.org/rss/1.0/modules/syndication/",
                    "http://schemas.android.com/apk/res/android",
                    "http://schemas.microsoft.com/DRM/2007/03/protocols/AcquireLicense",
                    "http://search.yahoo.com/mrss/",
                    "http://storage.googleapis.com/automotive-media/music.json",
                    "http://translate.google.com/translate?sl=auto&tl=",
                    "http://wellformedweb.org/CommentAPI/",
                    "http://www.android.com/",
                    "http://www.appyet.com/Handler/Disqus.ashx?guid=",
                    "http://www.example.com",
                    "http://www.facebook.com",
                    "http://www.facebook.com/feeds",
                    "http://www.itunes.com/dtds/podcast-1.0.dtd",
                    "http://www.w3.org/1999/02/22-rdf-syntax-ns#",
                    "http://www.w3.org/2005/Atom",
                    "http://www.w3.org/ns/ttml#parameter",
                    "http://www.yahoo.com",
                    "http://www.youtube.com/watch",
                    "http://www.youtube.com/watch?v=",
                    "http://xmlpull.org/v1/doc/features.html#process-namespaces",
                    "https://.facebook.com",
                    "https://accounts.google.com",
                    "https://adlog.flurry.com",
                    "https://ads.flurry.com/v19/getAds.do",
                    "https://api.login.yahoo.com/oauth2/device_session",
                    "https://cdn.flurry.com/vast/videocontrols/v2/android.zip",
                    "https://cfg.flurry.com/sdk/v1/config",
                    "https://data.flurry.com/aap.do",
                    "https://data.flurry.com/pcr.do",
                    "https://dev.tapjoy.com/faq/tapjoy-privacy-policy/",
                    "https://developers.ironsrc.com/ironsource-mobile/air/ironsource-mobile-privacy-policy/",
                    "https://fabric.io/terms",
                    "https://facebook.com",
                    "https://facebook.com/device?user_code=%1$s&qr=1",
                    "https://firebase.google.com/support/privacy",
                    "https://github.com",
                    "https://graph-video.%s",
                    "https://graph.%s",
                    "https://graph.%s.facebook.com/693953940997901/bugs",
                    "https://graph.%s.facebook.com/network_ads_common",
                    "https://graph.facebook.com/693953940997901/bugs",
                    "https://graph.facebook.com/network_ads_common",
                    "https://itunes.apple.com",
                    "https://login.live.com",
                    "https://login.yahoo.com",
                    "https://onesignal.com/privacy_policy",
                    "https://pagead2.googlesyndication.com/pagead/gen_204?id=gmob-apps",
                    "https://phone.firebase",
                    "https://photos.googleapis.com/data/feed",
                    "https://pinterest.com",
                    "https://play.google.com/store/apps/details?id=",
                    "https://policies.google.com/privacy",
                    "https://policies.oath.com/us/en/oath/privacy/index.html",
                    "https://proton.flurry.com/sdk/v1/config",
                    "https://s.update.fbsbx.com/843748/gs?dt=8437481537452023477000",
                    "https://s.update.fbsbx.com/dcf?ci=843748&os=a&v=",
                    "https://service.cmp.oath.com/cmp/v0/location/eu",
                    "https://support.google.com/admob/answer/9012903",
                    "https://twitter.com",
                    "https://twitter.com/intent/tweet?url=",
                    "https://unity3d.com/legal/privacy-policy",
                    "https://vungle.com/privacy",
                    "https://www.%s.facebook.com",
                    "https://www.%s.facebook.com/adnw_logging/",
                    "https://www.%s.facebook.com/audience_network/server_side_reward",
                    "https://www.adcolony.com/privacy-policy",
                    "https://www.adobe.com/privacy/policy.html",
                    "https://www.aerserv.com/privacy-policy",
                    "https://www.appbrain.com/info/help/privacy/index.html",
                    "https://www.applovin.com/privacy",
                    "https://www.appnext.com/policy.html#",
                    "https://www.appodeal.com/home/partners-privacy-policies/",
                    "https://www.appodeal.com/privacy-policy"
                ]
            },
            "magic": "Zip archive data, at least v2.0 to extract",
            "last_analysis_stats": {
                "harmless": 0,
                "type-unsupported": 10,
                "suspicious": 0,
                "confirmed-timeout": 0,
                "timeout": 0,
                "failure": 0,
                "malicious": 1,
                "undetected": 62
            },
            "meaningful_name": "000018022DEEADDBACD1E5E2A7942DBB6F48429B7D755D7E021899DAE3E99A4F.apk",
            "reputation": 0
        },
        "type": "file",
        "id": "000018022deeaddbacd1e5e2a7942dbb6f48429b7d755d7e021899dae3e99a4f",
        "links": {
            "self": "https://www.virustotal.com/api/v3/files/000018022deeaddbacd1e5e2a7942dbb6f48429b7d755d7e021899dae3e99a4f"
        }
    }
}