{
    "data": {
        "attributes": {
            "type_description": "Android",
            "tlsh": "T12E971263E8048D83D57DC3B13F8B5E6C2F950E1CD48A75FA049A3ED62FB7220499859E",
            "vhash": "84fdb17a607c8ee21121c7cd845045f1",
            "trid": [
                {
                    "file_type": "Android Package",
                    "probability": 47.5
                },
                {
                    "file_type": "BlueEyes Animation",
                    "probability": 16.6
                },
                {
                    "file_type": "Java Archive",
                    "probability": 16.6
                },
                {
                    "file_type": "Sweet Home 3D design (generic)",
                    "probability": 12.9
                },
                {
                    "file_type": "ZIP compressed archive",
                    "probability": 4.9
                }
            ],
            "names": [
                "NoksUx1KDZr4ZmssXzo520200607-58742-1vcj53y"
            ],
            "last_modification_date": 1603740643,
            "type_tag": "android",
            "times_submitted": 1,
            "total_votes": {
                "harmless": 0,
                "malicious": 0
            },
            "size": 41731633,
            "type_extension": "apk",
            "last_submission_date": 1591525416,
            "last_analysis_results": {
                "Bkav": {
                    "category": "failure",
                    "engine_name": "Bkav",
                    "engine_version": "1.3.0.9899",
                    "result": null,
                    "method": "blacklist",
                    "engine_update": "20201026"
                },
                "Lionic": {
                    "category": "undetected",
                    "engine_name": "AegisLab",
                    "engine_version": "4.2",
                    "result": null,
                    "method": "blacklist",
                    "engine_update": "20201026"
                },
                "Elastic": {
                    "category": "type-unsupported",
                    "engine_name": "Elastic",
                    "engine_version": "4.0.11",
                    "result": null,
                    "method": "blacklist",
                    "engine_update": "20201012"
                },
                "MicroWorld-eScan": {
                    "category": "undetected",
                    "engine_name": "MicroWorld-eScan",
                    "engine_version": "14.0.409.0",
                    "result": null,
                    "method": "blacklist",
                    "engine_update": "20201026"
                },
                "CMC": {
                    "category": "undetected",
                    "engine_name": "CMC",
                    "engine_version": "2.7.2019.1",
                    "result": null,
                    "method": "blacklist",
                    "engine_update": "20201026"
                },
                "CAT-QuickHeal": {
                    "category": "undetected",
                    "engine_name": "CAT-QuickHeal",
                    "engine_version": "14.00",
                    "result": null,
                    "method": "blacklist",
                    "engine_update": "20201026"
                },
                "ALYac": {
                    "category": "undetected",
                    "engine_name": "ALYac",
                    "engine_version": "1.1.1.5",
                    "result": null,
                    "method": "blacklist",
                    "engine_update": "20201026"
                },
                "Malwarebytes": {
                    "category": "undetected",
                    "engine_name": "Malwarebytes",
                    "engine_version": "3.6.4.335",
                    "result": null,
                    "method": "blacklist",
                    "engine_update": "20201026"
                },
                "VIPRE": {
                    "category": "undetected",
                    "engine_name": "VIPRE",
                    "engine_version": "87722",
                    "result": null,
                    "method": "blacklist",
                    "engine_update": "20201026"
                },
                "Paloalto": {
                    "category": "type-unsupported",
                    "engine_name": "Paloalto",
                    "engine_version": "1.0",
                    "result": null,
                    "method": "blacklist",
                    "engine_update": "20201026"
                },
                "Sangfor": {
                    "category": "undetected",
                    "engine_name": "Sangfor",
                    "engine_version": "1.0",
                    "result": null,
                    "method": "blacklist",
                    "engine_update": "20201021"
                },
                "Trustlook": {
                    "category": "undetected",
                    "engine_name": "Trustlook",
                    "engine_version": "1.0",
                    "result": null,
                    "method": "blacklist",
                    "engine_update": "20201026"
                },
                "Alibaba": {
                    "category": "undetected",
                    "engine_name": "Alibaba",
                    "engine_version": "0.3.0.5",
                    "result": null,
                    "method": "blacklist",
                    "engine_update": "20190527"
                },
                "K7GW": {
                    "category": "undetected",
                    "engine_name": "K7GW",
                    "engine_version": "11.146.35568",
                    "result": null,
                    "method": "blacklist",
                    "engine_update": "20201026"
                },
                "K7AntiVirus": {
                    "category": "undetected",
                    "engine_name": "K7AntiVirus",
                    "engine_version": "11.146.35568",
                    "result": null,
                    "method": "blacklist",
                    "engine_update": "20201026"
                },
                "TrendMicro": {
                    "category": "undetected",
                    "engine_name": "TrendMicro",
                    "engine_version": "11.0.0.1006",
                    "result": null,
                    "method": "blacklist",
                    "engine_update": "20201026"
                },
                "BitDefenderTheta": {
                    "category": "undetected",
                    "engine_name": "BitDefenderTheta",
                    "engine_version": "7.2.37796.0",
                    "result": null,
                    "method": "blacklist",
                    "engine_update": "20201023"
                },
                "Cyren": {
                    "category": "undetected",
                    "engine_name": "Cyren",
                    "engine_version": "6.3.0.2",
                    "result": null,
                    "method": "blacklist",
                    "engine_update": "20201026"
                },
                "SymantecMobileInsight": {
                    "category": "undetected",
                    "engine_name": "SymantecMobileInsight",
                    "engine_version": "2.0",
                    "result": null,
                    "method": "blacklist",
                    "engine_update": "20200813"
                },
                "Symantec": {
                    "category": "undetected",
                    "engine_name": "Symantec",
                    "engine_version": "1.13.0.0",
                    "result": null,
                    "method": "blacklist",
                    "engine_update": "20201026"
                },
                "ESET-NOD32": {
                    "category": "undetected",
                    "engine_name": "ESET-NOD32",
                    "engine_version": "22214",
                    "result": null,
                    "method": "blacklist",
                    "engine_update": "20201026"
                },
                "Baidu": {
                    "category": "undetected",
                    "engine_name": "Baidu",
                    "engine_version": "1.0.0.2",
                    "result": null,
                    "method": "blacklist",
                    "engine_update": "20190318"
                },
                "TrendMicro-HouseCall": {
                    "category": "undetected",
                    "engine_name": "TrendMicro-HouseCall",
                    "engine_version": "10.0.0.1040",
                    "result": null,
                    "method": "blacklist",
                    "engine_update": "20201026"
                },
                "Avast": {
                    "category": "undetected",
                    "engine_name": "Avast",
                    "engine_version": "18.4.3895.0",
                    "result": null,
                    "method": "blacklist",
                    "engine_update": "20201026"
                },
                "ClamAV": {
                    "category": "undetected",
                    "engine_name": "ClamAV",
                    "engine_version": "0.102.3.0",
                    "result": null,
                    "method": "blacklist",
                    "engine_update": "20201026"
                },
                "Kaspersky": {
                    "category": "undetected",
                    "engine_name": "Kaspersky",
                    "engine_version": "15.0.1.13",
                    "result": null,
                    "method": "blacklist",
                    "engine_update": "20201026"
                },
                "BitDefender": {
                    "category": "undetected",
                    "engine_name": "BitDefender",
                    "engine_version": "7.2",
                    "result": null,
                    "method": "blacklist",
                    "engine_update": "20201026"
                },
                "NANO-Antivirus": {
                    "category": "undetected",
                    "engine_name": "NANO-Antivirus",
                    "engine_version": "1.0.146.25233",
                    "result": null,
                    "method": "blacklist",
                    "engine_update": "20201026"
                },
                "SUPERAntiSpyware": {
                    "category": "undetected",
                    "engine_name": "SUPERAntiSpyware",
                    "engine_version": "5.6.0.1032",
                    "result": null,
                    "method": "blacklist",
                    "engine_update": "20201023"
                },
                "APEX": {
                    "category": "type-unsupported",
                    "engine_name": "APEX",
                    "engine_version": "6.89",
                    "result": null,
                    "method": "blacklist",
                    "engine_update": "20201025"
                },
                "Rising": {
                    "category": "undetected",
                    "engine_name": "Rising",
                    "engine_version": "25.0.0.26",
                    "result": null,
                    "method": "blacklist",
                    "engine_update": "20201026"
                },
                "Ad-Aware": {
                    "category": "undetected",
                    "engine_name": "Ad-Aware",
                    "engine_version": "3.0.16.117",
                    "result": null,
                    "method": "blacklist",
                    "engine_update": "20201026"
                },
                "Sophos": {
                    "category": "undetected",
                    "engine_name": "Sophos",
                    "engine_version": "4.98.0",
                    "result": null,
                    "method": "blacklist",
                    "engine_update": "20201026"
                },
                "Comodo": {
                    "category": "undetected",
                    "engine_name": "Comodo",
                    "engine_version": "32932",
                    "result": null,
                    "method": "blacklist",
                    "engine_update": "20201026"
                },
                "F-Secure": {
                    "category": "undetected",
                    "engine_name": "F-Secure",
                    "engine_version": "12.0.86.52",
                    "result": null,
                    "method": "blacklist",
                    "engine_update": "20201026"
                },
                "DrWeb": {
                    "category": "undetected",
                    "engine_name": "DrWeb",
                    "engine_version": "7.0.49.9080",
                    "result": null,
                    "method": "blacklist",
                    "engine_update": "20201026"
                },
                "Zillya": {
                    "category": "undetected",
                    "engine_name": "Zillya",
                    "engine_version": "2.0.0.4207",
                    "result": null,
                    "method": "blacklist",
                    "engine_update": "20201026"
                },
                "Invincea": {
                    "category": "undetected",
                    "engine_name": "Invincea",
                    "engine_version": "1.0.1.0",
                    "result": null,
                    "method": "blacklist",
                    "engine_update": "20201026"
                },
                "McAfee-GW-Edition": {
                    "category": "undetected",
                    "engine_name": "McAfee-GW-Edition",
                    "engine_version": "v2019.1.2+3728",
                    "result": null,
                    "method": "blacklist",
                    "engine_update": "20201026"
                },
                "SentinelOne": {
                    "category": "type-unsupported",
                    "engine_name": "SentinelOne",
                    "engine_version": "4.5.0.1",
                    "result": null,
                    "method": "blacklist",
                    "engine_update": "20201008"
                },
                "Trapmine": {
                    "category": "type-unsupported",
                    "engine_name": "Trapmine",
                    "engine_version": "3.5.0.1023",
                    "result": null,
                    "method": "blacklist",
                    "engine_update": "20200727"
                },
                "FireEye": {
                    "category": "undetected",
                    "engine_name": "FireEye",
                    "engine_version": "32.36.1.0",
                    "result": null,
                    "method": "blacklist",
                    "engine_update": "20201026"
                },
                "Emsisoft": {
                    "category": "undetected",
                    "engine_name": "Emsisoft",
                    "engine_version": "2018.12.0.1641",
                    "result": null,
                    "method": "blacklist",
                    "engine_update": "20201026"
                },
                "Ikarus": {
                    "category": "undetected",
                    "engine_name": "Ikarus",
                    "engine_version": "0.1.5.2",
                    "result": null,
                    "method": "blacklist",
                    "engine_update": "20201026"
                },
                "GData": {
                    "category": "undetected",
                    "engine_name": "GData",
                    "engine_version": "A:25.27499B:27.20659",
                    "result": null,
                    "method": "blacklist",
                    "engine_update": "20201026"
                },
                "Jiangmin": {
                    "category": "undetected",
                    "engine_name": "Jiangmin",
                    "engine_version": "16.0.100",
                    "result": null,
                    "method": "blacklist",
                    "engine_update": "20201026"
                },
                "Webroot": {
                    "category": "type-unsupported",
                    "engine_name": "Webroot",
                    "engine_version": "1.0.0.403",
                    "result": null,
                    "method": "blacklist",
                    "engine_update": "20201026"
                },
                "Avira": {
                    "category": "undetected",
                    "engine_name": "Avira",
                    "engine_version": "8.3.3.8",
                    "result": null,
                    "method": "blacklist",
                    "engine_update": "20201026"
                },
                "eGambit": {
                    "category": "type-unsupported",
                    "engine_name": "eGambit",
                    "engine_version": null,
                    "result": null,
                    "method": "blacklist",
                    "engine_update": "20201026"
                },
                "Antiy-AVL": {
                    "category": "undetected",
                    "engine_name": "Antiy-AVL",
                    "engine_version": "3.0.0.1",
                    "result": null,
                    "method": "blacklist",
                    "engine_update": "20201026"
                },
                "Kingsoft": {
                    "category": "undetected",
                    "engine_name": "Kingsoft",
                    "engine_version": "2013.8.14.323",
                    "result": null,
                    "method": "blacklist",
                    "engine_update": "20201026"
                },
                "Microsoft": {
                    "category": "undetected",
                    "engine_name": "Microsoft",
                    "engine_version": "1.1.17500.4",
                    "result": null,
                    "method": "blacklist",
                    "engine_update": "20201026"
                },
                "Arcabit": {
                    "category": "undetected",
                    "engine_name": "Arcabit",
                    "engine_version": "1.0.0.881",
                    "result": null,
                    "method": "blacklist",
                    "engine_update": "20201026"
                },
                "ViRobot": {
                    "category": "undetected",
                    "engine_name": "ViRobot",
                    "engine_version": "2014.3.20.0",
                    "result": null,
                    "method": "blacklist",
                    "engine_update": "20201026"
                },
                "ZoneAlarm": {
                    "category": "undetected",
                    "engine_name": "ZoneAlarm",
                    "engine_version": "1.0",
                    "result": null,
                    "method": "blacklist",
                    "engine_update": "20201026"
                },
                "Avast-Mobile": {
                    "category": "undetected",
                    "engine_name": "Avast-Mobile",
                    "engine_version": "201025-02",
                    "result": null,
                    "method": "blacklist",
                    "engine_update": "20201026"
                },
                "Cynet": {
                    "category": "type-unsupported",
                    "engine_name": "Cynet",
                    "engine_version": "4.0.0.24",
                    "result": null,
                    "method": "blacklist",
                    "engine_update": "20201026"
                },
                "AhnLab-V3": {
                    "category": "undetected",
                    "engine_name": "AhnLab-V3",
                    "engine_version": "3.18.2.10046",
                    "result": null,
                    "method": "blacklist",
                    "engine_update": "20201026"
                },
                "Acronis": {
                    "category": "type-unsupported",
                    "engine_name": "Acronis",
                    "engine_version": "1.1.1.80",
                    "result": null,
                    "method": "blacklist",
                    "engine_update": "20201023"
                },
                "McAfee": {
                    "category": "undetected",
                    "engine_name": "McAfee",
                    "engine_version": "6.0.6.653",
                    "result": null,
                    "method": "blacklist",
                    "engine_update": "20201026"
                },
                "MAX": {
                    "category": "undetected",
                    "engine_name": "MAX",
                    "engine_version": "2019.9.16.1",
                    "result": null,
                    "method": "blacklist",
                    "engine_update": "20201026"
                },
                "VBA32": {
                    "category": "undetected",
                    "engine_name": "VBA32",
                    "engine_version": "4.4.1",
                    "result": null,
                    "method": "blacklist",
                    "engine_update": "20201026"
                },
                "Cylance": {
                    "category": "type-unsupported",
                    "engine_name": "Cylance",
                    "engine_version": "2.3.1.101",
                    "result": null,
                    "method": "blacklist",
                    "engine_update": "20201026"
                },
                "Zoner": {
                    "category": "undetected",
                    "engine_name": "Zoner",
                    "engine_version": "0.0.0.0",
                    "result": null,
                    "method": "blacklist",
                    "engine_update": "20201026"
                },
                "Tencent": {
                    "category": "undetected",
                    "engine_name": "Tencent",
                    "engine_version": "1.0.0.1",
                    "result": null,
                    "method": "blacklist",
                    "engine_update": "20201026"
                },
                "Yandex": {
                    "category": "undetected",
                    "engine_name": "Yandex",
                    "engine_version": "5.5.2.24",
                    "result": null,
                    "method": "blacklist",
                    "engine_update": "20201024"
                },
                "TACHYON": {
                    "category": "undetected",
                    "engine_name": "TACHYON",
                    "engine_version": "2020-10-26.02",
                    "result": null,
                    "method": "blacklist",
                    "engine_update": "20201026"
                },
                "MaxSecure": {
                    "category": "timeout",
                    "engine_name": "MaxSecure",
                    "engine_version": "1.0.0.1",
                    "result": null,
                    "method": "blacklist",
                    "engine_update": "20201026"
                },
                "Fortinet": {
                    "category": "undetected",
                    "engine_name": "Fortinet",
                    "engine_version": "6.2.142.0",
                    "result": null,
                    "method": "blacklist",
                    "engine_update": "20201026"
                },
                "AVG": {
                    "category": "undetected",
                    "engine_name": "AVG",
                    "engine_version": "18.4.3895.0",
                    "result": null,
                    "method": "blacklist",
                    "engine_update": "20201026"
                },
                "Cybereason": {
                    "category": "type-unsupported",
                    "engine_name": "Cybereason",
                    "engine_version": null,
                    "result": null,
                    "method": "blacklist",
                    "engine_update": "20180308"
                },
                "Panda": {
                    "category": "undetected",
                    "engine_name": "Panda",
                    "engine_version": "4.6.4.2",
                    "result": null,
                    "method": "blacklist",
                    "engine_update": "20201026"
                },
                "CrowdStrike": {
                    "category": "type-unsupported",
                    "engine_name": "CrowdStrike",
                    "engine_version": "1.0",
                    "result": null,
                    "method": "blacklist",
                    "engine_update": "20180202"
                },
                "Qihoo-360": {
                    "category": "undetected",
                    "engine_name": "Qihoo-360",
                    "engine_version": "1.0.0.1120",
                    "result": null,
                    "method": "blacklist",
                    "engine_update": "20201026"
                }
            },
            "sha256": "000059640787f0dfd615c1e987a4b532ab3e1e7bbd5572321054d16a2b973495",
            "tags": [
                "apk",
                "android"
            ],
            "last_analysis_date": 1603733359,
            "unique_sources": 1,
            "first_submission_date": 1591525416,
            "sha1": "03833b647e87c86827e4ec2d835d14bdcb513474",
            "ssdeep": "786432:3WvepyYpIapu9J24mkZJtsDknqQ45O7wL4rTnQb78AcZQ:XpyYOa4S/k/uQnqJ5OlkbIAEQ",
            "bundle_info": {
                "highest_datetime": "1980-00-00 00:00:00",
                "lowest_datetime": "1980-00-00 00:00:00",
                "num_children": 1374,
                "extensions": {
                    "bin": 2,
                    "dex": 3,
                    "fs": 3,
                    "crt": 2,
                    "xml": 61,
                    "cfg": 2,
                    "gz": 1,
                    "jpg": 199,
                    "RSA": 1,
                    "dat": 1,
                    "ndx": 3,
                    "MF": 1,
                    "cal": 1,
                    "id": 1,
                    "SF": 1,
                    "png": 578
                },
                "file_types": {
                    "XML": 61,
                    "DEX": 3,
                    "unknown": 156,
                    "JPG": 199,
                    "JSON": 2,
                    "PNG": 579
                },
                "type": "APK",
                "uncompressed_size": 49086050
            },
            "packers": {
                "F-PROT": "appended, packed"
            },
            "md5": "d5325261bf096fd4e498842223c99589",
            "androguard": {
                "VTAndroidInfo": 1.41,
                "Libraries": [
                    "org.apache.http.legacy"
                ],
                "AndroidApplicationError": false,
                "MinSdkVersion": "21",
                "AndroguardVersion": "3.0-dev",
                "Activities": [
                    "com.mobimento.caponate.MainActivity",
                    "com.mobimento.caponate.CapoNormalActivity",
                    "com.mobimento.caponate.CapoNormalActivityLandscape",
                    "com.mobimento.caponate.CapoNormalActivityAuto",
                    "com.mobimento.caponate.CapoMapActivity",
                    "com.mobimento.caponate.CapoMapActivityLandscape",
                    "com.mobimento.caponate.CapoMapActivityAuto",
                    "com.mobimento.caponate.CapoDataViewActivity",
                    "com.mobimento.caponate.CapoDataViewActivityLandscape",
                    "com.mobimento.caponate.CapoDataViewActivityAuto",
                    "com.mobimento.caponate.MapViewOfDataViewActivity",
                    "com.mobimento.caponate.NormalViewOfDataViewActivity",
                    "com.mobimento.caponate.OfflineMapViewOfDataViewActivity",
                    "com.mobimento.caponate.ARPoisActivity",
                    "com.mobimento.caponate.OnlineAppLoader",
                    "com.mobimento.caponate.ConenedoraActivity",
                    "com.mobimento.caponate.DisabledActivity",
                    "com.mobimento.caponate.ad.CustomInterstitialAd",
                    "com.mobimento.caponate.ad.CustomOnExitAd",
                    "com.google.android.gms.ads.AdActivity",
                    "com.amazon.device.ads.AdActivity",
                    "com.adcolony.sdk.AdColonyInterstitialActivity",
                    "com.startapp.android.publish.ads.list3d.List3DActivity",
                    "com.startapp.android.publish.adsCommon.activities.OverlayActivity",
                    "com.startapp.android.publish.adsCommon.activities.FullScreenActivity",
                    "com.unity3d.services.ads.adunit.AdUnitActivity",
                    "com.unity3d.services.ads.adunit.AdUnitTransparentActivity",
                    "com.unity3d.services.ads.adunit.AdUnitTransparentSoftwareActivity",
                    "com.unity3d.services.ads.adunit.AdUnitSoftwareActivity",
                    "com.clevertap.android.sdk.InAppNotificationActivity",
                    "com.clevertap.android.sdk.CTInboxActivity",
                    "com.tappx.sdk.android.AdActivity",
                    "com.tappx.sdk.android.InterstitialAdActivity",
                    "com.tappx.sdk.android.VideoAdActivity",
                    "com.tappx.sdk.android.PrivacyConsentActivity",
                    "com.facebook.ads.AudienceNetworkActivity",
                    "com.facebook.ads.internal.ipc.RemoteANActivity",
                    "com.adcolony.sdk.AdColonyAdViewActivity",
                    "com.google.android.gms.common.api.GoogleApiActivity",
                    "com.android.billingclient.api.ProxyBillingActivity"
                ],
                "certificate": {
                    "Subject": {
                        "DN": "C:ES, CN:Mobimento Mobile, L:Valencia, O:Mobimento Mobile, ST:Valencia, OU:Unknown",
                        "C": "ES",
                        "CN": "Mobimento Mobile",
                        "L": "Valencia",
                        "O": "Mobimento Mobile",
                        "ST": "Valencia",
                        "OU": "Unknown"
                    },
                    "validto": "2038-03-28 11:45:58",
                    "serialnumber": "4cda85f6",
                    "thumbprint": "f19ac1c0228c3c3da455f32665a46a326a8509eb",
                    "validfrom": "2010-11-10 11:45:58",
                    "Issuer": {
                        "DN": "C:ES, CN:Mobimento Mobile, L:Valencia, O:Mobimento Mobile, ST:Valencia, OU:Unknown",
                        "C": "ES",
                        "CN": "Mobimento Mobile",
                        "L": "Valencia",
                        "O": "Mobimento Mobile",
                        "ST": "Valencia",
                        "OU": "Unknown"
                    }
                },
                "AndroidApplication": 1,
                "RiskIndicator": {
                    "APK": {},
                    "PERM": {
                        "DANGEROUS": 4,
                        "GPS": 2,
                        "NORMAL": 4,
                        "INTERNET": 1,
                        "PRIVACY": 5
                    }
                },
                "Services": [
                    "com.startapp.android.publish.common.metaData.PeriodicMetaDataService",
                    "com.startapp.android.publish.common.metaData.InfoEventService",
                    "com.mobimento.caponate.util.notifications.MyFirebaseMessagingService",
                    "com.mobimento.caponate.util.notifications.MyFirebaseInstanceIDService",
                    "com.google.firebase.components.ComponentDiscoveryService",
                    "com.clevertap.android.sdk.CTBackgroundIntentService",
                    "com.clevertap.android.sdk.CTBackgroundJobService",
                    "com.facebook.ads.internal.ipc.AdsProcessPriorityService",
                    "com.facebook.ads.internal.ipc.AdsMessengerService",
                    "org.altbeacon.beacon.service.BeaconService",
                    "org.altbeacon.beacon.BeaconIntentProcessor",
                    "org.altbeacon.beacon.service.ScanJob",
                    "org.altbeacon.bluetooth.BluetoothTestJob",
                    "com.startapp.android.publish.common.metaData.PeriodicJobService",
                    "com.google.firebase.messaging.FirebaseMessagingService",
                    "com.google.android.gms.measurement.AppMeasurementService",
                    "com.google.android.gms.measurement.AppMeasurementJobService",
                    "com.google.android.datatransport.runtime.backends.TransportBackendDiscovery",
                    "com.google.android.datatransport.runtime.scheduling.jobscheduling.JobInfoSchedulerService"
                ],
                "AndroidVersionCode": "2",
                "main_activity": "com.mobimento.caponate.MainActivity",
                "Package": "com.sketchye.draw_cars_concept",
                "intent_filters": {
                    "Services": {
                        "com.mobimento.caponate.util.notifications.MyFirebaseMessagingService": {
                            "action": [
                                "com.google.firebase.MESSAGING_EVENT"
                            ]
                        },
                        "com.mobimento.caponate.util.notifications.MyFirebaseInstanceIDService": {
                            "action": [
                                "com.google.firebase.INSTANCE_ID_EVENT"
                            ]
                        },
                        "com.google.firebase.messaging.FirebaseMessagingService": {
                            "action": [
                                "com.google.firebase.MESSAGING_EVENT"
                            ]
                        },
                        "com.clevertap.android.sdk.CTBackgroundIntentService": {
                            "action": [
                                "com.clevertap.BG_EVENT"
                            ]
                        }
                    },
                    "Activities": {
                        "com.mobimento.caponate.MainActivity": {
                            "action": [
                                "android.intent.action.MAIN",
                                "android.intent.action.VIEW"
                            ],
                            "category": [
                                "android.intent.category.LAUNCHER",
                                "android.intent.category.DEFAULT",
                                "android.intent.category.BROWSABLE"
                            ]
                        }
                    },
                    "Receivers": {
                        "com.tappx.sdk.android.TrackInstallReceiver": {
                            "action": [
                                "com.android.vending.INSTALL_REFERRER"
                            ]
                        },
                        "com.google.firebase.iid.FirebaseInstanceIdReceiver": {
                            "action": [
                                "com.google.android.c2dm.intent.RECEIVE"
                            ]
                        },
                        "com.google.android.gms.measurement.AppMeasurementInstallReferrerReceiver": {
                            "action": [
                                "com.android.vending.INSTALL_REFERRER"
                            ]
                        },
                        "org.altbeacon.beacon.startup.StartupBroadcastReceiver": {
                            "action": [
                                "android.intent.action.BOOT_COMPLETED",
                                "android.intent.action.ACTION_POWER_CONNECTED",
                                "android.intent.action.ACTION_POWER_DISCONNECTED"
                            ]
                        },
                        "com.clevertap.android.sdk.InstallReferrerBroadcastReceiver": {
                            "action": [
                                "com.android.vending.INSTALL_REFERRER"
                            ]
                        },
                        "com.startapp.android.publish.common.metaData.BootCompleteListener": {
                            "action": [
                                "android.intent.action.BOOT_COMPLETED"
                            ]
                        }
                    }
                },
                "AndroidVersionName": "2.0.0",
                "TargetSdkVersion": "29",
                "AndroidApplicationInfo": "APK",
                "Providers": [
                    "com.mobimento.caponate.util.AppContentProvider",
                    "com.facebook.ads.AudienceNetworkContentProvider",
                    "com.google.firebase.provider.FirebaseInitProvider",
                    "com.squareup.picasso.PicassoProvider"
                ],
                "permission_details": {
                    "android.permission.ACCESS_FINE_LOCATION": {
                        "short_description": "fine (GPS) location",
                        "full_description": "Access fine location sources, such as the Global Positioning System on the phone, where available. Malicious applications can use this to determine where you are and may consume additional battery power.",
                        "permission_type": "dangerous"
                    },
                    "android.permission.RECEIVE_BOOT_COMPLETED": {
                        "short_description": "automatically start at boot",
                        "full_description": "Allows an application to start itself as soon as the system has finished booting. This can make it take longer to start the phone and allow the application to slow down the overall phone by always running.",
                        "permission_type": "normal"
                    },
                    "android.permission.READ_PHONE_STATE": {
                        "short_description": "read phone state and identity",
                        "full_description": "Allows the application to access the phone features of the device. An application with this permission can determine the phone number and serial number of this phone, whether a call is active, the number that call is connected to and so on.",
                        "permission_type": "dangerous"
                    },
                    "android.permission.BLUETOOTH_ADMIN": {
                        "short_description": "bluetooth administration",
                        "full_description": "Allows an application to configure the local Bluetooth phone and to discover and pair with remote devices.",
                        "permission_type": "dangerous"
                    },
                    "com.google.android.c2dm.permission.RECEIVE": {
                        "short_description": "Unknown permission from android reference",
                        "full_description": "Unknown permission from android reference",
                        "permission_type": "normal"
                    },
                    "android.permission.CAMERA": {
                        "short_description": "take pictures and videos",
                        "full_description": "Allows application to take pictures and videos with the camera. This allows the application to collect images that the camera is seeing at any time.",
                        "permission_type": "dangerous"
                    },
                    "android.permission.ACCESS_COARSE_LOCATION": {
                        "short_description": "coarse (network-based) location",
                        "full_description": "Access coarse location sources, such as the mobile network database, to determine an approximate phone location, where available. Malicious applications can use this to determine approximately where you are.",
                        "permission_type": "dangerous"
                    },
                    "android.permission.WAKE_LOCK": {
                        "short_description": "prevent phone from sleeping",
                        "full_description": "Allows an application to prevent the phone from going to sleep.",
                        "permission_type": "normal"
                    },
                    "android.permission.CALL_PHONE": {
                        "short_description": "directly call phone numbers",
                        "full_description": "Allows an application to initiate a phone call without going through the Dialer user interface for the user to confirm the call being placed. ",
                        "permission_type": "dangerous"
                    },
                    "android.permission.BLUETOOTH": {
                        "short_description": "create Bluetooth connections",
                        "full_description": "Allows an application to view configuration of the local Bluetooth phone and to make and accept connections with paired devices.",
                        "permission_type": "dangerous"
                    },
                    "android.permission.ACCESS_WIFI_STATE": {
                        "short_description": "view Wi-Fi status",
                        "full_description": "Allows an application to view the information about the status of Wi-Fi.",
                        "permission_type": "normal"
                    },
                    "android.permission.INTERNET": {
                        "short_description": "full Internet access",
                        "full_description": "Allows an application to create network sockets.",
                        "permission_type": "dangerous"
                    },
                    "android.permission.ACCESS_NETWORK_STATE": {
                        "short_description": "view network status",
                        "full_description": "Allows an application to view the status of all networks.",
                        "permission_type": "normal"
                    },
                    "com.google.android.finsky.permission.BIND_GET_INSTALL_REFERRER_SERVICE": {
                        "short_description": "Unknown permission from android reference",
                        "full_description": "Unknown permission from android reference",
                        "permission_type": "normal"
                    },
                    "android.permission.WRITE_EXTERNAL_STORAGE": {
                        "short_description": "modify/delete SD card contents",
                        "full_description": "Allows an application to write to the SD card.",
                        "permission_type": "dangerous"
                    },
                    "com.android.vending.BILLING": {
                        "short_description": "Unknown permission from android reference",
                        "full_description": "Unknown permission from android reference",
                        "permission_type": "normal"
                    },
                    "android.permission.GET_ACCOUNTS": {
                        "short_description": "discover known accounts",
                        "full_description": "Allows an application to access the list of accounts known by the phone.",
                        "permission_type": "normal"
                    }
                },
                "Receivers": [
                    "com.startapp.android.publish.common.metaData.BootCompleteListener",
                    "com.tappx.sdk.android.TrackInstallReceiver",
                    "com.mobimento.caponate.util.alarms.MAUAlarmReceiver",
                    "com.mobimento.caponate.util.alarms.InstallStatsAlarmReceiver",
                    "com.clevertap.android.sdk.InstallReferrerBroadcastReceiver",
                    "com.clevertap.android.sdk.CTPushNotificationReceiver",
                    "org.altbeacon.beacon.startup.StartupBroadcastReceiver",
                    "com.google.firebase.iid.FirebaseInstanceIdReceiver",
                    "com.google.android.gms.measurement.AppMeasurementReceiver",
                    "com.google.android.gms.measurement.AppMeasurementInstallReferrerReceiver",
                    "com.google.android.datatransport.runtime.scheduling.jobscheduling.AlarmManagerSchedulerBroadcastReceiver"
                ],
                "StringsInformation": [
                    "http://",
                    "http://192.168.1.69:8888/cas/appImages.php",
                    "http://192.168.1.69:8888/cas/appLister.php",
                    "http://192.168.1.69:8888/cas/appSelector.php?appName=",
                    "http://amazon-adsystem.com",
                    "http://cms.mobincube",
                    "http://dpma.mobi/caponate/collections/index.php?sqlite=1&v=2&schema=",
                    "http://itunes.apple.com",
                    "http://mads.amazon-adsystem.com/",
                    "http://maps.google",
                    "http://mobimento.com/~orubio/process_metrics.php",
                    "http://myappterms.com/reader.php?id=1",
                    "http://play.google.com",
                    "http://schema.org/ActivateAction",
                    "http://schema.org/ActiveActionStatus",
                    "http://schema.org/AddAction",
                    "http://schema.org/BookmarkAction",
                    "http://schema.org/CommunicateAction",
                    "http://schema.org/CompletedActionStatus",
                    "http://schema.org/FailedActionStatus",
                    "http://schema.org/FilmAction",
                    "http://schema.org/LikeAction",
                    "http://schema.org/ListenAction",
                    "http://schema.org/PhotographAction",
                    "http://schema.org/ReserveAction",
                    "http://schema.org/SearchAction",
                    "http://schema.org/ViewAction",
                    "http://schema.org/WantAction",
                    "http://schema.org/WatchAction",
                    "http://schemas.android.com/apk/lib/com.amazon.device.ads",
                    "http://schemas.android.com/apk/res/",
                    "http://schemas.android.com/apk/res/android",
                    "http://searchmobileonline.com/static/eula_more_sdk.html",
                    "http://static.wizrocket.com/android/ico//",
                    "http://www.example.com",
                    "http://www.google.com",
                    "http://www.mobincube.com/banner-apps.php",
                    "http://xmlpull.org/v1/doc/features.html#process-namespaces",
                    "https://",
                    "https://adc3-launch-staging.adcolony.com/v4/launch",
                    "https://adc3-launch.adcolony.com/v4/launch",
                    "https://app-measurement.com/a",
                    "https://awsdus.api.p3insight.de/isupload/upload_check_lumen.php",
                    "https://config.unityads.unity3d.com/webview/",
                    "https://config.unityads.unitychina.cn/webview/",
                    "https://csi.gstatic.com/csi",
                    "https://d1byvlfiet2h9q.cloudfront.net/InApp/resources/adInformationDialog3.html",
                    "https://d2to8y50b3n6dq.cloudfront.net/truststores/[PROJECTID]/cdnconfig.zip",
                    "https://d2to8y50b3n6dq.cloudfront.net/truststores/[PROJECTID]/truststore.zip",
                    "https://dwxjayoxbnyrr.cloudfront.net/amazon-ads.viewablejs",
                    "https://geoip.api.c0nnectthed0ts.com/geoip/",
                    "https://geoip.api.p3insight.de/geoip/",
                    "https://google.com/search?",
                    "https://googleads.g.doubleclick.net/mads/static/mad/sdk/native/mraid/v2/mraid_app_banner.js",
                    "https://googleads.g.doubleclick.net/mads/static/mad/sdk/native/mraid/v2/mraid_app_expanded_banner.js",
                    "https://googleads.g.doubleclick.net/mads/static/mad/sdk/native/mraid/v2/mraid_app_interstitial.js",
                    "https://googleads.g.doubleclick.net/mads/static/mad/sdk/native/native_ads.html",
                    "https://googleads.g.doubleclick.net/mads/static/mad/sdk/native/production/native_ads.js",
                    "https://googleads.g.doubleclick.net/mads/static/mad/sdk/native/production/sdk-core-v40-impl.js",
                    "https://googleads.g.doubleclick.net/mads/static/mad/sdk/native/sdk-core-v40.html",
                    "https://imasdk.googleapis.com/admob/sdkloader/native_video.html",
                    "https://info.startappservice.com/InApp/resources/info_l.png",
                    "https://itunes.apple.com",
                    "https://m.facebook.com/plugins/close_popup.php",
                    "https://maps.google",
                    "https://mobileclient.paypal.com/mepadapter/",
                    "https://mobileclient.sandbox.paypal.com/mepadapter/",
                    "https://mobincube.com/no-terms.php?idApp={appId}",
                    "https://pagead2.googlesyndication.com/pagead/gen_204",
                    "https://pagead2.googlesyndication.com/pagead/gen_204?id=gmob-apps",
                    "https://payment.mobincube.com/paypal/ec",
                    "https://play.google.com",
                    "https://plus.google.com/",
                    "https://stats.mobincube.com/installations/",
                    "https://support.google.com/dfp_premium/answer/7160685#push",
                    "https://svcs.paypal.com/AdaptivePayments/",
                    "https://svcs.sandbox.paypal.com/AdaptivePayments/",
                    "https://tappx.com/",
                    "https://ul.api.c0nnectthed0ts.com/ul/v3/",
                    "https://wd.adcolony.com/logs",
                    "https://www.com.startapp.com/policy/sdk-policy/",
                    "https://www.facebook.com/adnw_logging/",
                    "https://www.google.com",
                    "https://www.google.com/dfp/debugSignals",
                    "https://www.google.com/dfp/inAppPreview",
                    "https://www.google.com/dfp/linkDevice",
                    "https://www.google.com/dfp/sendDebugData",
                    "https://www.google.com/maps/",
                    "https://www.googleadservices.com/pagead/conversion/app/deeplink?id_type=adid&sdk_version=%s&rdid=%s&bundleid=%s&retry=%s",
                    "https://www.googleapis.com/auth/appstate",
                    "https://www.googleapis.com/auth/datastoremobile",
                    "https://www.googleapis.com/auth/drive",
                    "https://www.googleapis.com/auth/drive.appdata",
                    "https://www.googleapis.com/auth/drive.apps",
                    "https://www.googleapis.com/auth/drive.file",
                    "https://www.googleapis.com/auth/fitness.activity.read",
                    "https://www.googleapis.com/auth/fitness.activity.write",
                    "https://www.googleapis.com/auth/fitness.blood_glucose.read",
                    "https://www.googleapis.com/auth/fitness.blood_glucose.write",
                    "https://www.googleapis.com/auth/fitness.blood_pressure.read"
                ]
            },
            "magic": "Zip archive data",
            "last_analysis_stats": {
                "harmless": 0,
                "type-unsupported": 12,
                "suspicious": 0,
                "confirmed-timeout": 0,
                "timeout": 1,
                "failure": 1,
                "malicious": 0,
                "undetected": 60
            },
            "meaningful_name": "NoksUx1KDZr4ZmssXzo520200607-58742-1vcj53y",
            "reputation": 0
        },
        "type": "file",
        "id": "000059640787f0dfd615c1e987a4b532ab3e1e7bbd5572321054d16a2b973495",
        "links": {
            "self": "https://www.virustotal.com/api/v3/files/000059640787f0dfd615c1e987a4b532ab3e1e7bbd5572321054d16a2b973495"
        }
    }
}