{
    "data": {
        "attributes": {
            "type_description": "Android",
            "tlsh": "T129372282F31DEC1AE477E2338E670277A5550D408686EA772511B22CACF7EE84359FC9",
            "vhash": "8d19f3cdc6f297f583a16d3479058c66",
            "trid": [
                {
                    "file_type": "Android Package",
                    "probability": 29.6
                },
                {
                    "file_type": "OpenOffice Extension",
                    "probability": 16.5
                },
                {
                    "file_type": "Power BI desktop Visual data",
                    "probability": 16.5
                },
                {
                    "file_type": "Java Archive",
                    "probability": 10.3
                },
                {
                    "file_type": "VYM Mind Map",
                    "probability": 9.6
                }
            ],
            "names": [
                "000061090719A28264F3062D8051E771454F0CB9BDD1AF9D1E305171DDB1C0B4.apk"
            ],
            "last_modification_date": 1649956163,
            "type_tag": "android",
            "times_submitted": 4,
            "total_votes": {
                "harmless": 0,
                "malicious": 0
            },
            "size": 24026506,
            "type_extension": "apk",
            "last_submission_date": 1648151741,
            "last_analysis_results": {
                "Bkav": {
                    "category": "undetected",
                    "engine_name": "Bkav",
                    "engine_version": "1.3.0.9899",
                    "result": null,
                    "method": "blacklist",
                    "engine_update": "20220413"
                },
                "Lionic": {
                    "category": "undetected",
                    "engine_name": "Lionic",
                    "engine_version": "7.5",
                    "result": null,
                    "method": "blacklist",
                    "engine_update": "20220414"
                },
                "Elastic": {
                    "category": "type-unsupported",
                    "engine_name": "Elastic",
                    "engine_version": "4.0.35",
                    "result": null,
                    "method": "blacklist",
                    "engine_update": "20220302"
                },
                "MicroWorld-eScan": {
                    "category": "undetected",
                    "engine_name": "MicroWorld-eScan",
                    "engine_version": "14.0.409.0",
                    "result": null,
                    "method": "blacklist",
                    "engine_update": "20220414"
                },
                "FireEye": {
                    "category": "undetected",
                    "engine_name": "FireEye",
                    "engine_version": "32.44.1.0",
                    "result": null,
                    "method": "blacklist",
                    "engine_update": "20220414"
                },
                "CAT-QuickHeal": {
                    "category": "undetected",
                    "engine_name": "CAT-QuickHeal",
                    "engine_version": "14.00",
                    "result": null,
                    "method": "blacklist",
                    "engine_update": "20220413"
                },
                "ALYac": {
                    "category": "undetected",
                    "engine_name": "ALYac",
                    "engine_version": "1.1.3.1",
                    "result": null,
                    "method": "blacklist",
                    "engine_update": "20220414"
                },
                "Malwarebytes": {
                    "category": "undetected",
                    "engine_name": "Malwarebytes",
                    "engine_version": "4.2.2.27",
                    "result": null,
                    "method": "blacklist",
                    "engine_update": "20220414"
                },
                "Paloalto": {
                    "category": "type-unsupported",
                    "engine_name": "Paloalto",
                    "engine_version": "0.9.0.1003",
                    "result": null,
                    "method": "blacklist",
                    "engine_update": "20220414"
                },
                "Sangfor": {
                    "category": "undetected",
                    "engine_name": "Sangfor",
                    "engine_version": "2.9.0.0",
                    "result": null,
                    "method": "blacklist",
                    "engine_update": "20220409"
                },
                "Trustlook": {
                    "category": "undetected",
                    "engine_name": "Trustlook",
                    "engine_version": "1.0",
                    "result": null,
                    "method": "blacklist",
                    "engine_update": "20220414"
                },
                "BitDefender": {
                    "category": "undetected",
                    "engine_name": "BitDefender",
                    "engine_version": "7.2",
                    "result": null,
                    "method": "blacklist",
                    "engine_update": "20220414"
                },
                "K7GW": {
                    "category": "undetected",
                    "engine_name": "K7GW",
                    "engine_version": "12.6.41828",
                    "result": null,
                    "method": "blacklist",
                    "engine_update": "20220414"
                },
                "K7AntiVirus": {
                    "category": "undetected",
                    "engine_name": "K7AntiVirus",
                    "engine_version": "12.6.41822",
                    "result": null,
                    "method": "blacklist",
                    "engine_update": "20220413"
                },
                "BitDefenderTheta": {
                    "category": "undetected",
                    "engine_name": "BitDefenderTheta",
                    "engine_version": "7.2.37796.0",
                    "result": null,
                    "method": "blacklist",
                    "engine_update": "20220412"
                },
                "VirIT": {
                    "category": "undetected",
                    "engine_name": "VirIT",
                    "engine_version": "9.5.175",
                    "result": null,
                    "method": "blacklist",
                    "engine_update": "20220413"
                },
                "Cyren": {
                    "category": "undetected",
                    "engine_name": "Cyren",
                    "engine_version": "6.5.1.2",
                    "result": null,
                    "method": "blacklist",
                    "engine_update": "20220414"
                },
                "SymantecMobileInsight": {
                    "category": "undetected",
                    "engine_name": "SymantecMobileInsight",
                    "engine_version": "2.0",
                    "result": null,
                    "method": "blacklist",
                    "engine_update": "20220208"
                },
                "Symantec": {
                    "category": "undetected",
                    "engine_name": "Symantec",
                    "engine_version": "1.17.0.0",
                    "result": null,
                    "method": "blacklist",
                    "engine_update": "20220414"
                },
                "tehtris": {
                    "category": "type-unsupported",
                    "engine_name": "tehtris",
                    "engine_version": "v0.0.7",
                    "result": null,
                    "method": "blacklist",
                    "engine_update": "20220414"
                },
                "ESET-NOD32": {
                    "category": "undetected",
                    "engine_name": "ESET-NOD32",
                    "engine_version": "25103",
                    "result": null,
                    "method": "blacklist",
                    "engine_update": "20220413"
                },
                "Baidu": {
                    "category": "undetected",
                    "engine_name": "Baidu",
                    "engine_version": "1.0.0.2",
                    "result": null,
                    "method": "blacklist",
                    "engine_update": "20190318"
                },
                "TrendMicro-HouseCall": {
                    "category": "undetected",
                    "engine_name": "TrendMicro-HouseCall",
                    "engine_version": "10.0.0.1040",
                    "result": null,
                    "method": "blacklist",
                    "engine_update": "20220414"
                },
                "Avast": {
                    "category": "undetected",
                    "engine_name": "Avast",
                    "engine_version": "21.1.5827.0",
                    "result": null,
                    "method": "blacklist",
                    "engine_update": "20220414"
                },
                "ClamAV": {
                    "category": "undetected",
                    "engine_name": "ClamAV",
                    "engine_version": "0.104.2.0",
                    "result": null,
                    "method": "blacklist",
                    "engine_update": "20220413"
                },
                "Kaspersky": {
                    "category": "undetected",
                    "engine_name": "Kaspersky",
                    "engine_version": "21.0.1.45",
                    "result": null,
                    "method": "blacklist",
                    "engine_update": "20220414"
                },
                "Alibaba": {
                    "category": "undetected",
                    "engine_name": "Alibaba",
                    "engine_version": "0.3.0.5",
                    "result": null,
                    "method": "blacklist",
                    "engine_update": "20190527"
                },
                "NANO-Antivirus": {
                    "category": "undetected",
                    "engine_name": "NANO-Antivirus",
                    "engine_version": "1.0.146.25576",
                    "result": null,
                    "method": "blacklist",
                    "engine_update": "20220414"
                },
                "ViRobot": {
                    "category": "undetected",
                    "engine_name": "ViRobot",
                    "engine_version": "2014.3.20.0",
                    "result": null,
                    "method": "blacklist",
                    "engine_update": "20220413"
                },
                "APEX": {
                    "category": "type-unsupported",
                    "engine_name": "APEX",
                    "engine_version": "6.281",
                    "result": null,
                    "method": "blacklist",
                    "engine_update": "20220413"
                },
                "Rising": {
                    "category": "undetected",
                    "engine_name": "Rising",
                    "engine_version": "25.0.0.27",
                    "result": null,
                    "method": "blacklist",
                    "engine_update": "20220413"
                },
                "Ad-Aware": {
                    "category": "undetected",
                    "engine_name": "Ad-Aware",
                    "engine_version": "3.0.21.193",
                    "result": null,
                    "method": "blacklist",
                    "engine_update": "20220414"
                },
                "Sophos": {
                    "category": "undetected",
                    "engine_name": "Sophos",
                    "engine_version": "1.4.1.0",
                    "result": null,
                    "method": "blacklist",
                    "engine_update": "20220413"
                },
                "Comodo": {
                    "category": "undetected",
                    "engine_name": "Comodo",
                    "engine_version": "34529",
                    "result": null,
                    "method": "blacklist",
                    "engine_update": "20220414"
                },
                "F-Secure": {
                    "category": "undetected",
                    "engine_name": "F-Secure",
                    "engine_version": "12.0.86.52",
                    "result": null,
                    "method": "blacklist",
                    "engine_update": "20220413"
                },
                "DrWeb": {
                    "category": "undetected",
                    "engine_name": "DrWeb",
                    "engine_version": "7.0.54.3080",
                    "result": null,
                    "method": "blacklist",
                    "engine_update": "20220414"
                },
                "Zillya": {
                    "category": "undetected",
                    "engine_name": "Zillya",
                    "engine_version": "2.0.0.4611",
                    "result": null,
                    "method": "blacklist",
                    "engine_update": "20220413"
                },
                "TrendMicro": {
                    "category": "undetected",
                    "engine_name": "TrendMicro",
                    "engine_version": "11.0.0.1006",
                    "result": null,
                    "method": "blacklist",
                    "engine_update": "20220414"
                },
                "McAfee-GW-Edition": {
                    "category": "undetected",
                    "engine_name": "McAfee-GW-Edition",
                    "engine_version": "v2019.1.2+3728",
                    "result": null,
                    "method": "blacklist",
                    "engine_update": "20220413"
                },
                "SentinelOne": {
                    "category": "type-unsupported",
                    "engine_name": "SentinelOne",
                    "engine_version": "22.2.1.2",
                    "result": null,
                    "method": "blacklist",
                    "engine_update": "20220330"
                },
                "Trapmine": {
                    "category": "type-unsupported",
                    "engine_name": "Trapmine",
                    "engine_version": "3.5.45.75",
                    "result": null,
                    "method": "blacklist",
                    "engine_update": "20220217"
                },
                "CMC": {
                    "category": "undetected",
                    "engine_name": "CMC",
                    "engine_version": "2.10.2019.1",
                    "result": null,
                    "method": "blacklist",
                    "engine_update": "20211026"
                },
                "Emsisoft": {
                    "category": "undetected",
                    "engine_name": "Emsisoft",
                    "engine_version": "2021.5.0.7597",
                    "result": null,
                    "method": "blacklist",
                    "engine_update": "20220414"
                },
                "Ikarus": {
                    "category": "failure",
                    "engine_name": "Ikarus",
                    "engine_version": "6.0.23.0",
                    "result": null,
                    "method": "blacklist",
                    "engine_update": "20220413"
                },
                "GData": {
                    "category": "undetected",
                    "engine_name": "GData",
                    "engine_version": "A:25.32799B:27.27018",
                    "result": null,
                    "method": "blacklist",
                    "engine_update": "20220414"
                },
                "Jiangmin": {
                    "category": "undetected",
                    "engine_name": "Jiangmin",
                    "engine_version": "16.0.100",
                    "result": null,
                    "method": "blacklist",
                    "engine_update": "20220413"
                },
                "Webroot": {
                    "category": "type-unsupported",
                    "engine_name": "Webroot",
                    "engine_version": "1.0.0.403",
                    "result": null,
                    "method": "blacklist",
                    "engine_update": "20220414"
                },
                "Avira": {
                    "category": "undetected",
                    "engine_name": "Avira",
                    "engine_version": "8.3.3.14",
                    "result": null,
                    "method": "blacklist",
                    "engine_update": "20220413"
                },
                "Antiy-AVL": {
                    "category": "undetected",
                    "engine_name": "Antiy-AVL",
                    "engine_version": "3.0.0.1",
                    "result": null,
                    "method": "blacklist",
                    "engine_update": "20220414"
                },
                "Kingsoft": {
                    "category": "undetected",
                    "engine_name": "Kingsoft",
                    "engine_version": "2017.9.26.565",
                    "result": null,
                    "method": "blacklist",
                    "engine_update": "20220414"
                },
                "Microsoft": {
                    "category": "undetected",
                    "engine_name": "Microsoft",
                    "engine_version": "1.1.19100.5",
                    "result": null,
                    "method": "blacklist",
                    "engine_update": "20220414"
                },
                "Gridinsoft": {
                    "category": "undetected",
                    "engine_name": "Gridinsoft",
                    "engine_version": "1.0.75.174",
                    "result": null,
                    "method": "blacklist",
                    "engine_update": "20220414"
                },
                "Arcabit": {
                    "category": "undetected",
                    "engine_name": "Arcabit",
                    "engine_version": "1.0.0.889",
                    "result": null,
                    "method": "blacklist",
                    "engine_update": "20220414"
                },
                "SUPERAntiSpyware": {
                    "category": "undetected",
                    "engine_name": "SUPERAntiSpyware",
                    "engine_version": "5.6.0.1032",
                    "result": null,
                    "method": "blacklist",
                    "engine_update": "20220409"
                },
                "ZoneAlarm": {
                    "category": "undetected",
                    "engine_name": "ZoneAlarm",
                    "engine_version": "1.0",
                    "result": null,
                    "method": "blacklist",
                    "engine_update": "20220414"
                },
                "Avast-Mobile": {
                    "category": "undetected",
                    "engine_name": "Avast-Mobile",
                    "engine_version": "220413-00",
                    "result": null,
                    "method": "blacklist",
                    "engine_update": "20220413"
                },
                "Cynet": {
                    "category": "type-unsupported",
                    "engine_name": "Cynet",
                    "engine_version": "4.0.0.27",
                    "result": null,
                    "method": "blacklist",
                    "engine_update": "20220413"
                },
                "BitDefenderFalx": {
                    "category": "undetected",
                    "engine_name": "BitDefenderFalx",
                    "engine_version": "2.0.936",
                    "result": null,
                    "method": "blacklist",
                    "engine_update": "20220103"
                },
                "AhnLab-V3": {
                    "category": "undetected",
                    "engine_name": "AhnLab-V3",
                    "engine_version": "3.21.3.10230",
                    "result": null,
                    "method": "blacklist",
                    "engine_update": "20220413"
                },
                "Acronis": {
                    "category": "undetected",
                    "engine_name": "Acronis",
                    "engine_version": "1.2.0.88",
                    "result": null,
                    "method": "blacklist",
                    "engine_update": "20220411"
                },
                "McAfee": {
                    "category": "undetected",
                    "engine_name": "McAfee",
                    "engine_version": "6.0.6.653",
                    "result": null,
                    "method": "blacklist",
                    "engine_update": "20220414"
                },
                "MAX": {
                    "category": "undetected",
                    "engine_name": "MAX",
                    "engine_version": "2019.9.16.1",
                    "result": null,
                    "method": "blacklist",
                    "engine_update": "20220414"
                },
                "VBA32": {
                    "category": "undetected",
                    "engine_name": "VBA32",
                    "engine_version": "5.0.0",
                    "result": null,
                    "method": "blacklist",
                    "engine_update": "20220413"
                },
                "Cylance": {
                    "category": "type-unsupported",
                    "engine_name": "Cylance",
                    "engine_version": "2.3.1.101",
                    "result": null,
                    "method": "blacklist",
                    "engine_update": "20220414"
                },
                "Zoner": {
                    "category": "undetected",
                    "engine_name": "Zoner",
                    "engine_version": "2.2.2.0",
                    "result": null,
                    "method": "blacklist",
                    "engine_update": "20220413"
                },
                "Tencent": {
                    "category": "undetected",
                    "engine_name": "Tencent",
                    "engine_version": "1.0.0.1",
                    "result": null,
                    "method": "blacklist",
                    "engine_update": "20220414"
                },
                "Yandex": {
                    "category": "undetected",
                    "engine_name": "Yandex",
                    "engine_version": "5.5.2.24",
                    "result": null,
                    "method": "blacklist",
                    "engine_update": "20220413"
                },
                "TACHYON": {
                    "category": "undetected",
                    "engine_name": "TACHYON",
                    "engine_version": "2022-04-13.02",
                    "result": null,
                    "method": "blacklist",
                    "engine_update": "20220414"
                },
                "MaxSecure": {
                    "category": "undetected",
                    "engine_name": "MaxSecure",
                    "engine_version": "1.0.0.1",
                    "result": null,
                    "method": "blacklist",
                    "engine_update": "20220413"
                },
                "Fortinet": {
                    "category": "undetected",
                    "engine_name": "Fortinet",
                    "engine_version": "6.2.142.0",
                    "result": null,
                    "method": "blacklist",
                    "engine_update": "20220414"
                },
                "Cybereason": {
                    "category": "type-unsupported",
                    "engine_name": "Cybereason",
                    "engine_version": "1.2.449",
                    "result": null,
                    "method": "blacklist",
                    "engine_update": "20210330"
                },
                "Panda": {
                    "category": "undetected",
                    "engine_name": "Panda",
                    "engine_version": "4.6.4.2",
                    "result": null,
                    "method": "blacklist",
                    "engine_update": "20220413"
                },
                "CrowdStrike": {
                    "category": "type-unsupported",
                    "engine_name": "CrowdStrike",
                    "engine_version": "1.0",
                    "result": null,
                    "method": "blacklist",
                    "engine_update": "20210907"
                }
            },
            "sha256": "000061090719a28264f3062d8051e771454f0cb9bdd1af9d1e305171ddb1c0b4",
            "tags": [
                "apk",
                "android",
                "runtime-modules",
                "reflection",
                "telephony"
            ],
            "last_analysis_date": 1649912530,
            "unique_sources": 2,
            "first_submission_date": 1607415391,
            "sha1": "227449f6455135ca059194cac984bc357abea4f3",
            "ssdeep": "393216:YnjdM9MiJIr8CoEqWbwGDjFALwTcEYvguqu+JIXUzSB2ObU0ynrcfYuko3geL+4h:YjdqMlobEDbwOmLwYEYvgnlC2Przro3Z",
            "bundle_info": {
                "highest_datetime": "1980-00-00 00:00:00",
                "lowest_datetime": "1980-00-00 00:00:00",
                "num_children": 4677,
                "extensions": {
                    "xml": 1,
                    "md": 3,
                    "txt": 3,
                    "otf": 22,
                    "js": 902
                },
                "file_types": {
                    "XML": 1,
                    "unknown": 997,
                    "HTML": 2
                },
                "type": "APK",
                "uncompressed_size": 11766153
            },
            "md5": "4da0d0619acf592b04f23f79b1856dbd",
            "androguard": {
                "VTAndroidInfo": 2.0,
                "AndroidApplicationError": false,
                "MinSdkVersion": "17",
                "AndroguardVersion": "3.4.0a1",
                "Activities": [
                    "co.classplus.app.ui.common.splash.KSplashActivity",
                    "co.classplus.app.ui.common.zoom.ZoomWebViewActivity",
                    "co.classplus.app.ui.common.deeplink.DeepLinkActivity",
                    "co.classplus.app.ui.student.peerchallenge.PeerChallengeWebViewActivity",
                    "co.classplus.app.ui.tutor.home.chatslist.StudentGroupsActivity",
                    "co.classplus.app.ui.common.chatV2.options.CategoryActivity",
                    "co.classplus.app.ui.common.game.GameZopWebViewActivity",
                    "co.classplus.app.ui.tutor.feemanagement.ezcredit.schemes.EzCreditSchemesActivity",
                    "co.classplus.app.ui.tutor.batchdetails.homework.studenthw.StudentHwActivity",
                    "co.classplus.app.ui.tutor.batchdetails.homework.selectStudent.SelectHomeworkStudentActivity",
                    "co.classplus.app.ui.common.freeresources.studymaterial.StudyMaterialActivity",
                    "co.classplus.app.ui.common.userprofile.ProfilePictureViewingActivity",
                    "co.classplus.app.ui.live.ui.message.MessageActivity",
                    "co.classplus.app.ui.common.liveClasses.AgoraLiveClassesActivity",
                    "co.classplus.app.ui.live.GoLiveActivity",
                    "co.classplus.app.ui.common.offline.download.OfflineDownloadActivity",
                    "co.classplus.app.ui.common.videostore.categoryListing.CategoryListingActivity",
                    "co.classplus.app.ui.common.dynamicscreen.DynamicScreenActivity",
                    "co.classplus.app.ui.common.chatV2.createBroadcast.CreateBroadcastActivity",
                    "co.classplus.app.ui.common.videostore.genericfilters.allfilters.AllFiltersActivity",
                    "co.classplus.app.ui.common.videostore.recommendCourse.selectReceipt.RecommendReceiptActivity",
                    "co.classplus.app.ui.common.videostore.recommendCourse.RecommendCourseActivity",
                    "co.classplus.app.ui.common.videostore.editCourse.EditCourseActivity",
                    "co.classplus.app.ui.common.videostore.editCourse.subcategorySelection.MultiItemSelectActivity",
                    "co.classplus.app.ui.common.userprofile.editparent.AddEditParentActivity",
                    "co.classplus.app.ui.tutor.batchTimings.BatchTimingActivity",
                    "co.classplus.app.ui.tutor.createclass.CreateClassActivity",
                    "co.classplus.app.ui.tutor.createclass.UpdateClassActivity",
                    "co.classplus.app.ui.common.userprofile.paymentsfragment.paymentslisting.PaymentsListingActivity",
                    "co.classplus.app.ui.common.edituserprofile.EditUserProfile",
                    "co.classplus.app.ui.common.userprofile.UserProfileActivity",
                    "co.classplus.app.ui.common.chat.chatwindow.ShowAllFiltersActivity",
                    "co.classplus.app.ui.common.chatV2.selectrecipient.SelectRecipientActivity",
                    "co.classplus.app.ui.common.utils.multipleselection.MultipleSelectionActivity",
                    "co.classplus.app.ui.common.chatV2.createGroup.CreateGroupActivity",
                    "co.classplus.app.ui.common.leaderboard.LeaderBoardActivity",
                    "co.classplus.app.ui.tutor.enquiry.create.AssignLeadActivity",
                    "co.classplus.app.ui.common.customgrading.CustomGradingActivity",
                    "co.classplus.app.ui.common.notifications.details.NotificationDetailActivity",
                    "co.classplus.app.ui.common.checkUser.CheckUserActivity",
                    "co.classplus.app.ui.common.fullscreen.FullScreenActivity",
                    "co.classplus.app.ui.common.signup.SignupActivity",
                    "co.classplus.app.ui.common.otp.OtpActivity",
                    "co.classplus.app.ui.common.signupType.SignUpTypeActivity",
                    "co.classplus.app.ui.tutor.createtest.assignTest.AssignTestToStudentsActivity",
                    "co.classplus.app.ui.tutor.home.HomeActivity",
                    "co.classplus.app.ui.tutor.createbatch.CreateBatchActivity",
                    "co.classplus.app.ui.tutor.feemanagement.feerecord.FeeRecordActivity",
                    "co.classplus.app.ui.tutor.attendance.AttendanceActivity",
                    "co.classplus.app.ui.common.chat.chatwindow.ChatWindowActivity",
                    "co.classplus.app.ui.common.creditmanagement.CreditManagementActivity",
                    "co.classplus.app.ui.common.utils.multiitemselector.SelectMultiItemActivity",
                    "co.classplus.app.ui.tutor.batchdetails.announcements.view.AnnouncementPreviewActivity",
                    "co.classplus.app.ui.tutor.batchdetails.students.RequestedStudentsActivity",
                    "co.classplus.app.ui.tutor.composemessage.CreateMessageActivity",
                    "co.classplus.app.ui.common.profile.EditProfileActivity",
                    "co.classplus.app.ui.tutor.batchdetails.BatchDetailsActivity",
                    "co.classplus.app.ui.tutor.batchdetails.students.addstudent.AddStudentsActivity",
                    "co.classplus.app.ui.tutor.testdetails.TestPerformanceActivity",
                    "co.classplus.app.ui.tutor.batchdetails.students.addstudent.addfromcontacts.AddStudentFromContactsActivity",
                    "co.classplus.app.ui.tutor.studentDetails.addparent.AddParentFromContactsActivity",
                    "co.classplus.app.ui.tutor.batchdetails.students.addstudent.addmanually.AddContactManuallyActivity",
                    "co.classplus.app.ui.common.registrationtutor.AfterTutorSignupActivity",
                    "co.classplus.app.ui.common.utils.singleitemselector.SelectSingleItemActivity",
                    "co.classplus.app.ui.tutor.home.timetable.create.CreateEventActivity",
                    "co.classplus.app.ui.tutor.batchdetails.settings.BatchSettingsActivity",
                    "co.classplus.app.ui.tutor.createtest.CreateTestActivity",
                    "co.classplus.app.ui.tutor.createbatch.selectitem.SelectActivity",
                    "co.classplus.app.ui.tutor.batchdetails.settings.coownerdetails.CownerDetailsActivity",
                    "co.classplus.app.ui.tutor.createbatch.batchupdate.UpdateBatchActivity",
                    "co.classplus.app.ui.tutor.testdetails.testupdate.UpdateTestActivity",
                    "co.classplus.app.ui.common.creditmanagement.info.CreditInfoActivity",
                    "co.classplus.app.ui.common.chat.contacts.ChatContactsActivity",
                    "co.classplus.app.ui.common.chat.conversationinfo.ConversationInfoActivity",
                    "co.classplus.app.ui.tutor.composemessage.selectstudents.SelectStudentFromBatchesActivity",
                    "co.classplus.app.ui.tutor.studentDetails.StudentDetailsActivity",
                    "co.classplus.app.ui.common.settings.SettingsActivity",
                    "co.classplus.app.ui.student.batchdetails.StudentBatchDetailsActivity",
                    "co.classplus.app.ui.student.home.StudentHomeActivity",
                    "co.classplus.app.ui.student.testdetails.StudentTestPerformanceActivity",
                    "co.classplus.app.ui.student.payfee.PayFeeActivity",
                    "co.classplus.app.ui.parent.linkstudent.SearchStudentActivity",
                    "co.classplus.app.ui.tutor.studentDetails.studentattendance.StudentAttendanceActivity",
                    "co.classplus.app.ui.parent.home.ParentHomeActivity",
                    "co.classplus.app.ui.student.testdetails.givetest.WebTestActivity",
                    "co.classplus.app.ui.common.signup.onboarding.OnboardingActivity",
                    "co.classplus.app.ui.common.signup.onboarding.RevampOnBoardingActivity",
                    "co.classplus.app.ui.tutor.createtest.selecttopic.PreviewTestActivity",
                    "co.classplus.app.ui.tutor.batchdetails.resources.addresource.AddResourceActivity",
                    "co.classplus.app.ui.tutor.batchdetails.resources.playvideo.PlayVideoActivity",
                    "co.classplus.app.ui.common.aboutus.CommonWebViewActivity",
                    "co.classplus.app.ui.common.pickcontact.PickContactActivity",
                    "co.classplus.app.ui.tutor.enquiry.create.AddEnquiryActivity",
                    "co.classplus.app.ui.tutor.enquiry.list.EnquiriesActivity",
                    "co.classplus.app.ui.tutor.enquiry.list.filter.EnquiryFilterActivity",
                    "co.classplus.app.ui.tutor.enquiry.details.EnquiryDetailsActivity",
                    "co.classplus.app.ui.tutor.enquiry.details.history.EnquiryHistoryActivity",
                    "co.classplus.app.ui.tutor.enquiry.edit.EditEnquiryActivity",
                    "co.classplus.app.ui.tutor.feemanagement.structure.FeeStructureActivity",
                    "co.classplus.app.ui.tutor.feemanagement.feerecord.studentlist.StudentListActivity"
                ],
                "certificate": {
                    "Subject": {
                        "DN": "C:US, CN:Android, L:Mountain View, O:Google Inc., ST:California, OU:Android",
                        "C": "US",
                        "CN": "Android",
                        "L": "Mountain View",
                        "O": "Google Inc.",
                        "ST": "California",
                        "OU": "Android"
                    },
                    "validto": "2050-07-13 18:19:28",
                    "serialnumber": "9f77712ebc7a41658c313dda143afd1976d06a3c",
                    "thumbprint": "fbfeaea3c127ac96e7343a70f535bde16e07258b",
                    "validfrom": "2020-07-13 18:19:28",
                    "Issuer": {
                        "DN": "C:US, CN:Android, L:Mountain View, O:Google Inc., ST:California, OU:Android",
                        "C": "US",
                        "CN": "Android",
                        "L": "Mountain View",
                        "O": "Google Inc.",
                        "ST": "California",
                        "OU": "Android"
                    }
                },
                "AndroidApplication": 1,
                "RiskIndicator": {
                    "PERM": {
                        "DANGEROUS": 2,
                        "INTERNET": 1,
                        "INSTANT": 4,
                        "PRIVACY": 4,
                        "NORMAL": 7
                    }
                },
                "Services": [
                    "co.classplus.app.ui.tutor.batchdetails.resources.playvideo.youtubeanalytics.YoutubeAnalyticsService",
                    "co.classplus.app.ui.common.jwplayer.updatesubscriberservice.SubscriberUpdateService",
                    "co.classplus.app.cloudmessaging.handle.FcmMessagingService",
                    "co.classplus.app.ui.common.attachment.AttachmentUploadService",
                    "co.classplus.app.ui.common.splash.updateUtm.UtmUpdateService",
                    "co.classplus.app.ui.tutor.batchdetails.resources.playvideo.youtubeanalytics.YoutubeAnalyticsService",
                    "co.classplus.app.ui.common.jwplayer.updatesubscriberservice.SubscriberUpdateService",
                    "co.classplus.app.ui.tutor.batchdetails.announcements.sendservice.SendNewNoticeService",
                    "co.classplus.app.ui.common.chat.SendChatMessageService",
                    "co.classplus.app.ui.tutor.feemanagement.downloadreceipt.DownloadPaymentReceiptService",
                    "com.clevertap.android.sdk.CTNotificationIntentService",
                    "com.google.android.gms.analytics.CampaignTrackingService",
                    "com.google.android.gms.analytics.AnalyticsService",
                    "co.classplus.app.ui.common.offline.manager.OfflineVideoDownloadService",
                    "com.google.android.exoplayer2.scheduler.PlatformScheduler$PlatformSchedulerService",
                    "io.intercom.android.sdk.fcm.IntercomFcmMessengerService",
                    "com.freshchat.consumer.sdk.service.FreshchatService",
                    "com.clevertap.android.sdk.CTBackgroundIntentService",
                    "com.clevertap.android.sdk.CTBackgroundJobService",
                    "com.google.firebase.messaging.FirebaseMessagingService",
                    "com.google.firebase.components.ComponentDiscoveryService",
                    "com.google.android.datatransport.runtime.backends.TransportBackendDiscovery",
                    "com.google.android.datatransport.runtime.scheduling.jobscheduling.JobInfoSchedulerService",
                    "com.google.android.gms.auth.api.signin.RevocationBoundService",
                    "com.google.android.gms.analytics.AnalyticsJobService",
                    "androidx.room.MultiInstanceInvalidationService",
                    "com.google.android.gms.measurement.AppMeasurementService",
                    "com.google.android.gms.measurement.AppMeasurementJobService"
                ],
                "AndroidVersionCode": "3",
                "main_activity": "co.classplus.app.ui.common.splash.KSplashActivity",
                "Package": "co.lynde.svfmk",
                "intent_filters": {
                    "Services": {
                        "io.intercom.android.sdk.fcm.IntercomFcmMessengerService": {
                            "action": [
                                "com.google.firebase.MESSAGING_EVENT",
                                "com.google.firebase.INSTANCE_ID_EVENT"
                            ]
                        },
                        "com.clevertap.android.sdk.CTBackgroundIntentService": {
                            "action": [
                                "com.clevertap.BG_EVENT"
                            ]
                        },
                        "co.classplus.app.ui.common.offline.manager.OfflineVideoDownloadService": {
                            "action": [
                                "com.google.android.exoplayer.downloadService.action.RESTART"
                            ],
                            "category": [
                                "android.intent.category.DEFAULT"
                            ]
                        },
                        "com.google.firebase.messaging.FirebaseMessagingService": {
                            "action": [
                                "com.google.firebase.MESSAGING_EVENT"
                            ]
                        },
                        "co.classplus.app.cloudmessaging.handle.FcmMessagingService": {
                            "action": [
                                "com.google.firebase.MESSAGING_EVENT"
                            ]
                        },
                        "com.clevertap.android.sdk.CTNotificationIntentService": {
                            "action": [
                                "com.clevertap.PUSH_EVENT"
                            ]
                        }
                    },
                    "Activities": {
                        "co.classplus.app.ui.student.peerchallenge.PeerChallengeWebViewActivity": {
                            "action": [
                                "android.intent.action.VIEW"
                            ],
                            "category": [
                                "android.intent.category.DEFAULT",
                                "android.intent.category.BROWSABLE"
                            ]
                        },
                        "co.classplus.app.ui.common.userprofile.UserProfileActivity": {
                            "action": [
                                "android.intent.action.VIEW"
                            ],
                            "category": [
                                "android.intent.category.DEFAULT",
                                "android.intent.category.BROWSABLE"
                            ]
                        },
                        "co.classplus.app.ui.common.splash.KSplashActivity": {
                            "action": [
                                "android.intent.action.MAIN"
                            ],
                            "category": [
                                "android.intent.category.LAUNCHER"
                            ]
                        },
                        "co.classplus.app.ui.common.deeplink.DeepLinkActivity": {
                            "action": [
                                "android.intent.action.VIEW"
                            ],
                            "category": [
                                "android.intent.category.DEFAULT",
                                "android.intent.category.BROWSABLE"
                            ]
                        },
                        "co.classplus.app.ui.common.aboutus.CommonWebViewActivity": {
                            "action": [
                                "android.intent.action.VIEW"
                            ],
                            "category": [
                                "android.intent.category.DEFAULT",
                                "android.intent.category.BROWSABLE"
                            ]
                        },
                        "co.classplus.app.ui.common.checkUser.CheckUserActivity": {
                            "action": [
                                "android.intent.action.VIEW"
                            ],
                            "category": [
                                "android.intent.category.DEFAULT",
                                "android.intent.category.BROWSABLE"
                            ]
                        },
                        "co.classplus.app.ui.common.videostore.batchdetail.OnlineBatchDetailActivity": {
                            "action": [
                                "android.intent.action.VIEW"
                            ],
                            "category": [
                                "android.intent.category.DEFAULT",
                                "android.intent.category.BROWSABLE"
                            ]
                        },
                        "com.razorpay.CheckoutActivity": {
                            "action": [
                                "android.intent.action.MAIN"
                            ]
                        },
                        "co.classplus.app.ui.tutor.smsrecharge.SmsRechargeActivity": {
                            "action": [
                                "android.intent.action.VIEW"
                            ],
                            "category": [
                                "android.intent.category.DEFAULT",
                                "android.intent.category.BROWSABLE"
                            ]
                        },
                        "co.classplus.app.ui.student.cms.web.CMSWebviewActivity": {
                            "action": [
                                "android.intent.action.VIEW"
                            ],
                            "category": [
                                "android.intent.category.DEFAULT",
                                "android.intent.category.BROWSABLE"
                            ]
                        },
                        "com.surveymonkey.surveymonkeyandroidsdk.SMFeedbackActivity": {
                            "action": [
                                "android.intent.action.MAIN"
                            ]
                        },
                        "co.classplus.app.ui.common.videostore.batchdetail.ContentActivity": {
                            "action": [
                                "android.intent.action.VIEW"
                            ],
                            "category": [
                                "android.intent.category.DEFAULT",
                                "android.intent.category.BROWSABLE"
                            ]
                        },
                        "co.classplus.app.ui.common.videostore.courseListing.CourseListingActivity": {
                            "action": [
                                "android.intent.action.VIEW"
                            ],
                            "category": [
                                "android.intent.category.DEFAULT",
                                "android.intent.category.BROWSABLE"
                            ]
                        }
                    },
                    "Receivers": {
                        "com.razorpay.RzpTokenReceiver": {
                            "action": [
                                "rzp.device_token.share"
                            ]
                        },
                        "com.freshchat.consumer.sdk.receiver.FreshchatReceiver": {
                            "action": [
                                "android.intent.action.BOOT_COMPLETED",
                                "android.intent.action.LOCALE_CHANGED",
                                "android.intent.action.MY_PACKAGE_REPLACED"
                            ]
                        },
                        "co.classplus.app.ui.common.splash.UtmReceiver": {
                            "action": [
                                "com.android.vending.INSTALL_REFERRER"
                            ]
                        },
                        "com.google.firebase.iid.FirebaseInstanceIdReceiver": {
                            "action": [
                                "com.google.android.c2dm.intent.RECEIVE"
                            ]
                        },
                        "com.freshchat.consumer.sdk.receiver.FreshchatNetworkChangeReceiver": {
                            "action": [
                                "android.net.conn.CONNECTIVITY_CHANGE"
                            ]
                        },
                        "com.google.android.gms.analytics.CampaignTrackingReceiver": {
                            "action": [
                                "com.android.vending.INSTALL_REFERRER"
                            ]
                        },
                        "io.intercom.android.sdk.push.IntercomPushBroadcastReceiver": {
                            "action": [
                                "io.intercom.android.sdk.INTERCOM_PUSH_OPENED",
                                "io.intercom.android.sdk.INTERCOM_PUSH_DISMISSED"
                            ]
                        },
                        "com.clevertap.android.sdk.InstallReferrerBroadcastReceiver": {
                            "action": [
                                "com.android.vending.INSTALL_REFERRER"
                            ]
                        },
                        "com.google.android.gms.analytics.AnalyticsReceiver": {
                            "action": [
                                "com.google.android.gms.analytics.ANALYTICS_DISPATCH"
                            ]
                        },
                        "co.classplus.app.utils.receiver.SMSRetrieverBroadcastReceiver": {
                            "action": [
                                "com.google.android.gms.auth.api.phone.SMS_RETRIEVED"
                            ]
                        }
                    }
                },
                "AndroidVersionName": "1.4.16.1",
                "TargetSdkVersion": "29",
                "AndroidApplicationInfo": "APK",
                "Providers": [
                    "co.classplus.app.utils.ClassplusFileProvider",
                    "androidx.core.content.FileProvider",
                    "io.intercom.android.sdk.IntercomInitializeContentProvider",
                    "com.freshchat.consumer.sdk.provider.FreshchatInitProvider",
                    "droidninja.filepicker.utils.FilePickerProvider",
                    "androidx.lifecycle.ProcessLifecycleOwnerInitializer",
                    "com.google.firebase.provider.FirebaseInitProvider"
                ],
                "permission_details": {
                    "android.permission.VIBRATE": {
                        "short_description": "control vibration",
                        "full_description": "Allows the app to control the vibrator.",
                        "permission_type": "normal|instant"
                    },
                    "android.permission.READ_EXTERNAL_STORAGE": {
                        "short_description": "read the contents of your shared storage",
                        "full_description": "Allows the app to read the contents of your shared storage.",
                        "permission_type": "dangerous"
                    },
                    "android.permission.RECEIVE_BOOT_COMPLETED": {
                        "short_description": "run at startup",
                        "full_description": "Allows the app to\n        have itself started as soon as the system has finished booting.\n        This can make it take longer to start the phone and allow the\n        app to slow down the overall phone by always running.",
                        "permission_type": "normal"
                    },
                    "android.permission.INTERNET": {
                        "short_description": "have full network access",
                        "full_description": "Allows the app to create\n     network sockets and use custom network protocols. The browser and other\n     applications provide means to send data to the internet, so this\n     permission is not required to send data to the internet.",
                        "permission_type": "normal|instant"
                    },
                    "com.google.android.c2dm.permission.RECEIVE": {
                        "short_description": "Unknown permission from android reference",
                        "full_description": "Unknown permission from android reference",
                        "permission_type": "normal"
                    },
                    "android.permission.CAMERA": {
                        "short_description": "take pictures and videos",
                        "full_description": "This app can take pictures and record videos using the camera at any time.",
                        "permission_type": "dangerous|instant"
                    },
                    "android.permission.WAKE_LOCK": {
                        "short_description": "prevent phone from sleeping",
                        "full_description": "Allows the app to prevent the phone from going to sleep.",
                        "permission_type": "normal|instant"
                    },
                    "android.permission.FOREGROUND_SERVICE": {
                        "short_description": "run foreground service",
                        "full_description": "Allows the app to make use of foreground services.",
                        "permission_type": "normal|instant"
                    },
                    "android.permission.BLUETOOTH": {
                        "short_description": "pair with Bluetooth devices",
                        "full_description": "Allows the app to view the\n      configuration of the Bluetooth on the phone, and to make and accept\n      connections with paired devices.",
                        "permission_type": "normal"
                    },
                    "android.permission.ACCESS_NETWORK_STATE": {
                        "short_description": "view network connections",
                        "full_description": "Allows the app to view\n      information about network connections such as which networks exist and are\n      connected.",
                        "permission_type": "normal|instant"
                    },
                    "android.permission.READ_PHONE_STATE": {
                        "short_description": "read phone status and identity",
                        "full_description": "Allows the app to access the phone\n      features of the device.  This permission allows the app to determine the\n      phone number and device IDs, whether a call is active, and the remote number\n      connected by a call.",
                        "permission_type": "dangerous"
                    },
                    "com.google.android.finsky.permission.BIND_GET_INSTALL_REFERRER_SERVICE": {
                        "short_description": "Unknown permission from android reference",
                        "full_description": "Unknown permission from android reference",
                        "permission_type": "normal"
                    },
                    "android.permission.MODIFY_AUDIO_SETTINGS": {
                        "short_description": "change your audio settings",
                        "full_description": "Allows the app to modify global audio settings such as volume and which speaker is used for output.",
                        "permission_type": "normal"
                    },
                    "android.permission.WRITE_EXTERNAL_STORAGE": {
                        "short_description": "modify or delete the contents of your shared storage",
                        "full_description": "Allows the app to write the contents of your shared storage.",
                        "permission_type": "dangerous"
                    },
                    "android.permission.READ_CONTACTS": {
                        "short_description": "read your contacts",
                        "full_description": "Allows the app to read data about your contacts stored on your phone.\n      This permission allows apps to save your contact data, and malicious apps may share contact data without your knowledge.",
                        "permission_type": "dangerous"
                    },
                    "android.permission.RECORD_AUDIO": {
                        "short_description": "record audio",
                        "full_description": "This app can record audio using the microphone at any time.",
                        "permission_type": "dangerous|instant"
                    }
                },
                "Receivers": [
                    "co.classplus.app.ui.common.splash.UtmReceiver",
                    "com.clevertap.android.sdk.InstallReferrerBroadcastReceiver",
                    "com.clevertap.android.sdk.CTPushNotificationReceiver",
                    "co.classplus.app.utils.receiver.SMSRetrieverBroadcastReceiver",
                    "com.google.android.gms.analytics.CampaignTrackingReceiver",
                    "com.google.android.gms.analytics.AnalyticsReceiver",
                    "io.intercom.android.sdk.push.IntercomPushBroadcastReceiver",
                    "com.freshchat.consumer.sdk.receiver.FreshchatReceiver",
                    "com.freshchat.consumer.sdk.receiver.FreshchatNetworkChangeReceiver",
                    "com.google.android.datatransport.runtime.scheduling.jobscheduling.AlarmManagerSchedulerBroadcastReceiver",
                    "com.razorpay.RzpTokenReceiver",
                    "com.google.firebase.iid.FirebaseInstanceIdReceiver",
                    "com.google.android.gms.measurement.AppMeasurementReceiver"
                ],
                "StringsInformation": [
                    "http://bar",
                    "http://chat-engine.classplus.co",
                    "http://couponhelp.classplusapp.com/",
                    "http://docs.google.com/gview?embedded=true&url=",
                    "http://library.classplusapp.com/?token={hash}",
                    "http://localhost/",
                    "http://schemas.android.com/apk/res/android",
                    "http://www.youtube.com/watch?v=",
                    "https://accounts.google.com",
                    "https://api.classplusapp.com/",
                    "https://api.classplusapp.com/?",
                    "https://api.surveymonkey.net/sdk/v1/respondents?api_key=",
                    "https://api.whatsapp.com/send?phone=",
                    "https://api.whatsapp.com/send?text=",
                    "https://chat.classplusapp.com/",
                    "https://classplusapp.com/termsOfUse.html",
                    "https://muratselek.com.tr/wp-content/uploads/2019/01/yorum-icon-avatar-300x300.png",
                    "https://play.google.com/store/apps/details?id=",
                    "https://res.cloudinary.com/dmnjztlw5/image/upload/v1573822168/Dashboard_creative_10.09_1_mjgzud.jpg",
                    "https://www.proprofs.com/quiz-school/quizreport.php?",
                    "https://www.youtube.com"
                ]
            },
            "magic": "Zip archive data",
            "last_analysis_stats": {
                "harmless": 0,
                "type-unsupported": 11,
                "suspicious": 0,
                "confirmed-timeout": 0,
                "timeout": 0,
                "failure": 1,
                "malicious": 0,
                "undetected": 61
            },
            "meaningful_name": "000061090719A28264F3062D8051E771454F0CB9BDD1AF9D1E305171DDB1C0B4.apk",
            "reputation": 0
        },
        "type": "file",
        "id": "000061090719a28264f3062d8051e771454f0cb9bdd1af9d1e305171ddb1c0b4",
        "links": {
            "self": "https://www.virustotal.com/api/v3/files/000061090719a28264f3062d8051e771454f0cb9bdd1af9d1e305171ddb1c0b4"
        }
    }
}