{
    "data": {
        "attributes": {
            "type_description": "Android",
            "tlsh": "T18FE62367F25FE895E277E331C2722B46DCF88050A52AFB265A12D4788DF3D809146FC6",
            "vhash": "08d9d47e2ed38ffd0195c7897c101d22",
            "trid": [
                {
                    "file_type": "Android Package",
                    "probability": 57.0
                },
                {
                    "file_type": "Java Archive",
                    "probability": 20.0
                },
                {
                    "file_type": "Sweet Home 3D design (generic)",
                    "probability": 15.5
                },
                {
                    "file_type": "ZIP compressed archive",
                    "probability": 5.9
                },
                {
                    "file_type": "PrintFox/Pagefox bitmap (640x800)",
                    "probability": 1.4
                }
            ],
            "names": [
                "000023827E6E577DE2C3772D2B0C184EAFF7FFC314D6CDF62B748CFA6A462AF5.apk"
            ],
            "last_modification_date": 1648099922,
            "type_tag": "android",
            "times_submitted": 6,
            "total_votes": {
                "harmless": 0,
                "malicious": 0
            },
            "size": 15014403,
            "type_extension": "apk",
            "last_submission_date": 1648092537,
            "last_analysis_results": {
                "Bkav": {
                    "category": "undetected",
                    "engine_name": "Bkav",
                    "engine_version": "1.3.0.9899",
                    "result": null,
                    "method": "blacklist",
                    "engine_update": "20220322"
                },
                "Lionic": {
                    "category": "undetected",
                    "engine_name": "Lionic",
                    "engine_version": "7.5",
                    "result": null,
                    "method": "blacklist",
                    "engine_update": "20220324"
                },
                "Elastic": {
                    "category": "undetected",
                    "engine_name": "Elastic",
                    "engine_version": "4.0.35",
                    "result": null,
                    "method": "blacklist",
                    "engine_update": "20220302"
                },
                "MicroWorld-eScan": {
                    "category": "undetected",
                    "engine_name": "MicroWorld-eScan",
                    "engine_version": "14.0.409.0",
                    "result": null,
                    "method": "blacklist",
                    "engine_update": "20220324"
                },
                "FireEye": {
                    "category": "undetected",
                    "engine_name": "FireEye",
                    "engine_version": "32.44.1.0",
                    "result": null,
                    "method": "blacklist",
                    "engine_update": "20220324"
                },
                "CAT-QuickHeal": {
                    "category": "undetected",
                    "engine_name": "CAT-QuickHeal",
                    "engine_version": "14.00",
                    "result": null,
                    "method": "blacklist",
                    "engine_update": "20220323"
                },
                "ALYac": {
                    "category": "undetected",
                    "engine_name": "ALYac",
                    "engine_version": "1.1.3.1",
                    "result": null,
                    "method": "blacklist",
                    "engine_update": "20220324"
                },
                "Malwarebytes": {
                    "category": "undetected",
                    "engine_name": "Malwarebytes",
                    "engine_version": "4.2.2.27",
                    "result": null,
                    "method": "blacklist",
                    "engine_update": "20220324"
                },
                "Paloalto": {
                    "category": "type-unsupported",
                    "engine_name": "Paloalto",
                    "engine_version": "0.9.0.1003",
                    "result": null,
                    "method": "blacklist",
                    "engine_update": "20220324"
                },
                "Sangfor": {
                    "category": "undetected",
                    "engine_name": "Sangfor",
                    "engine_version": "2.9.0.0",
                    "result": null,
                    "method": "blacklist",
                    "engine_update": "20211224"
                },
                "Trustlook": {
                    "category": "undetected",
                    "engine_name": "Trustlook",
                    "engine_version": "1.0",
                    "result": null,
                    "method": "blacklist",
                    "engine_update": "20220324"
                },
                "Alibaba": {
                    "category": "undetected",
                    "engine_name": "Alibaba",
                    "engine_version": "0.3.0.5",
                    "result": null,
                    "method": "blacklist",
                    "engine_update": "20190527"
                },
                "K7GW": {
                    "category": "undetected",
                    "engine_name": "K7GW",
                    "engine_version": "11.255.41451",
                    "result": null,
                    "method": "blacklist",
                    "engine_update": "20220324"
                },
                "K7AntiVirus": {
                    "category": "undetected",
                    "engine_name": "K7AntiVirus",
                    "engine_version": "11.255.41445",
                    "result": null,
                    "method": "blacklist",
                    "engine_update": "20220323"
                },
                "Arcabit": {
                    "category": "undetected",
                    "engine_name": "Arcabit",
                    "engine_version": "1.0.0.889",
                    "result": null,
                    "method": "blacklist",
                    "engine_update": "20220323"
                },
                "Baidu": {
                    "category": "undetected",
                    "engine_name": "Baidu",
                    "engine_version": "1.0.0.2",
                    "result": null,
                    "method": "blacklist",
                    "engine_update": "20190318"
                },
                "VirIT": {
                    "category": "undetected",
                    "engine_name": "VirIT",
                    "engine_version": "9.5.160",
                    "result": null,
                    "method": "blacklist",
                    "engine_update": "20220323"
                },
                "Cyren": {
                    "category": "undetected",
                    "engine_name": "Cyren",
                    "engine_version": "6.5.1.2",
                    "result": null,
                    "method": "blacklist",
                    "engine_update": "20220324"
                },
                "SymantecMobileInsight": {
                    "category": "undetected",
                    "engine_name": "SymantecMobileInsight",
                    "engine_version": "2.0",
                    "result": null,
                    "method": "blacklist",
                    "engine_update": "20220208"
                },
                "tehtris": {
                    "category": "type-unsupported",
                    "engine_name": "tehtris",
                    "engine_version": "v0.0.7",
                    "result": null,
                    "method": "blacklist",
                    "engine_update": "20220324"
                },
                "ESET-NOD32": {
                    "category": "undetected",
                    "engine_name": "ESET-NOD32",
                    "engine_version": "24990",
                    "result": null,
                    "method": "blacklist",
                    "engine_update": "20220324"
                },
                "APEX": {
                    "category": "type-unsupported",
                    "engine_name": "APEX",
                    "engine_version": "6.273",
                    "result": null,
                    "method": "blacklist",
                    "engine_update": "20220322"
                },
                "TrendMicro-HouseCall": {
                    "category": "undetected",
                    "engine_name": "TrendMicro-HouseCall",
                    "engine_version": "10.0.0.1040",
                    "result": null,
                    "method": "blacklist",
                    "engine_update": "20220323"
                },
                "Avast": {
                    "category": "undetected",
                    "engine_name": "Avast",
                    "engine_version": "21.1.5827.0",
                    "result": null,
                    "method": "blacklist",
                    "engine_update": "20220324"
                },
                "ClamAV": {
                    "category": "undetected",
                    "engine_name": "ClamAV",
                    "engine_version": "0.104.2.0",
                    "result": null,
                    "method": "blacklist",
                    "engine_update": "20220323"
                },
                "Kaspersky": {
                    "category": "undetected",
                    "engine_name": "Kaspersky",
                    "engine_version": "21.0.1.45",
                    "result": null,
                    "method": "blacklist",
                    "engine_update": "20220324"
                },
                "BitDefender": {
                    "category": "undetected",
                    "engine_name": "BitDefender",
                    "engine_version": "7.2",
                    "result": null,
                    "method": "blacklist",
                    "engine_update": "20220324"
                },
                "NANO-Antivirus": {
                    "category": "undetected",
                    "engine_name": "NANO-Antivirus",
                    "engine_version": "1.0.146.25563",
                    "result": null,
                    "method": "blacklist",
                    "engine_update": "20220323"
                },
                "SUPERAntiSpyware": {
                    "category": "undetected",
                    "engine_name": "SUPERAntiSpyware",
                    "engine_version": "5.6.0.1032",
                    "result": null,
                    "method": "blacklist",
                    "engine_update": "20220319"
                },
                "Tencent": {
                    "category": "undetected",
                    "engine_name": "Tencent",
                    "engine_version": "1.0.0.1",
                    "result": null,
                    "method": "blacklist",
                    "engine_update": "20220324"
                },
                "Ad-Aware": {
                    "category": "undetected",
                    "engine_name": "Ad-Aware",
                    "engine_version": "3.0.21.193",
                    "result": null,
                    "method": "blacklist",
                    "engine_update": "20220324"
                },
                "Sophos": {
                    "category": "undetected",
                    "engine_name": "Sophos",
                    "engine_version": "1.4.1.0",
                    "result": null,
                    "method": "blacklist",
                    "engine_update": "20220324"
                },
                "Comodo": {
                    "category": "undetected",
                    "engine_name": "Comodo",
                    "engine_version": "34465",
                    "result": null,
                    "method": "blacklist",
                    "engine_update": "20220323"
                },
                "F-Secure": {
                    "category": "undetected",
                    "engine_name": "F-Secure",
                    "engine_version": "12.0.86.52",
                    "result": null,
                    "method": "blacklist",
                    "engine_update": "20220323"
                },
                "DrWeb": {
                    "category": "undetected",
                    "engine_name": "DrWeb",
                    "engine_version": "7.0.54.3080",
                    "result": null,
                    "method": "blacklist",
                    "engine_update": "20220324"
                },
                "Zillya": {
                    "category": "undetected",
                    "engine_name": "Zillya",
                    "engine_version": "2.0.0.4595",
                    "result": null,
                    "method": "blacklist",
                    "engine_update": "20220323"
                },
                "TrendMicro": {
                    "category": "undetected",
                    "engine_name": "TrendMicro",
                    "engine_version": "11.0.0.1006",
                    "result": null,
                    "method": "blacklist",
                    "engine_update": "20220324"
                },
                "McAfee-GW-Edition": {
                    "category": "undetected",
                    "engine_name": "McAfee-GW-Edition",
                    "engine_version": "v2019.1.2+3728",
                    "result": null,
                    "method": "blacklist",
                    "engine_update": "20220323"
                },
                "SentinelOne": {
                    "category": "type-unsupported",
                    "engine_name": "SentinelOne",
                    "engine_version": "7.2.0.1",
                    "result": null,
                    "method": "blacklist",
                    "engine_update": "20220201"
                },
                "Trapmine": {
                    "category": "type-unsupported",
                    "engine_name": "Trapmine",
                    "engine_version": "3.5.45.75",
                    "result": null,
                    "method": "blacklist",
                    "engine_update": "20220217"
                },
                "CMC": {
                    "category": "undetected",
                    "engine_name": "CMC",
                    "engine_version": "2.10.2019.1",
                    "result": null,
                    "method": "blacklist",
                    "engine_update": "20211026"
                },
                "Emsisoft": {
                    "category": "undetected",
                    "engine_name": "Emsisoft",
                    "engine_version": "2021.5.0.7597",
                    "result": null,
                    "method": "blacklist",
                    "engine_update": "20220324"
                },
                "Ikarus": {
                    "category": "failure",
                    "engine_name": "Ikarus",
                    "engine_version": "6.0.11.0",
                    "result": null,
                    "method": "blacklist",
                    "engine_update": "20220323"
                },
                "Avast-Mobile": {
                    "category": "undetected",
                    "engine_name": "Avast-Mobile",
                    "engine_version": "220323-00",
                    "result": null,
                    "method": "blacklist",
                    "engine_update": "20220323"
                },
                "Jiangmin": {
                    "category": "undetected",
                    "engine_name": "Jiangmin",
                    "engine_version": "16.0.100",
                    "result": null,
                    "method": "blacklist",
                    "engine_update": "20220323"
                },
                "Webroot": {
                    "category": "type-unsupported",
                    "engine_name": "Webroot",
                    "engine_version": "1.0.0.403",
                    "result": null,
                    "method": "blacklist",
                    "engine_update": "20220324"
                },
                "Avira": {
                    "category": "undetected",
                    "engine_name": "Avira",
                    "engine_version": "8.3.3.14",
                    "result": null,
                    "method": "blacklist",
                    "engine_update": "20220324"
                },
                "Antiy-AVL": {
                    "category": "undetected",
                    "engine_name": "Antiy-AVL",
                    "engine_version": "3.0.0.1",
                    "result": null,
                    "method": "blacklist",
                    "engine_update": "20220323"
                },
                "Kingsoft": {
                    "category": "undetected",
                    "engine_name": "Kingsoft",
                    "engine_version": "2017.9.26.565",
                    "result": null,
                    "method": "blacklist",
                    "engine_update": "20220324"
                },
                "Gridinsoft": {
                    "category": "undetected",
                    "engine_name": "Gridinsoft",
                    "engine_version": "1.0.74.174",
                    "result": null,
                    "method": "blacklist",
                    "engine_update": "20220324"
                },
                "Microsoft": {
                    "category": "undetected",
                    "engine_name": "Microsoft",
                    "engine_version": "1.1.19000.8",
                    "result": null,
                    "method": "blacklist",
                    "engine_update": "20220323"
                },
                "ViRobot": {
                    "category": "undetected",
                    "engine_name": "ViRobot",
                    "engine_version": "2014.3.20.0",
                    "result": null,
                    "method": "blacklist",
                    "engine_update": "20220323"
                },
                "ZoneAlarm": {
                    "category": "undetected",
                    "engine_name": "ZoneAlarm",
                    "engine_version": "1.0",
                    "result": null,
                    "method": "blacklist",
                    "engine_update": "20220324"
                },
                "GData": {
                    "category": "undetected",
                    "engine_name": "GData",
                    "engine_version": "A:25.32620B:27.26769",
                    "result": null,
                    "method": "blacklist",
                    "engine_update": "20220324"
                },
                "Cynet": {
                    "category": "undetected",
                    "engine_name": "Cynet",
                    "engine_version": "4.0.0.27",
                    "result": null,
                    "method": "blacklist",
                    "engine_update": "20220324"
                },
                "BitDefenderFalx": {
                    "category": "undetected",
                    "engine_name": "BitDefenderFalx",
                    "engine_version": "2.0.936",
                    "result": null,
                    "method": "blacklist",
                    "engine_update": "20220103"
                },
                "AhnLab-V3": {
                    "category": "undetected",
                    "engine_name": "AhnLab-V3",
                    "engine_version": "3.21.3.10230",
                    "result": null,
                    "method": "blacklist",
                    "engine_update": "20220323"
                },
                "Acronis": {
                    "category": "type-unsupported",
                    "engine_name": "Acronis",
                    "engine_version": "1.1.1.82",
                    "result": null,
                    "method": "blacklist",
                    "engine_update": "20210512"
                },
                "McAfee": {
                    "category": "undetected",
                    "engine_name": "McAfee",
                    "engine_version": "6.0.6.653",
                    "result": null,
                    "method": "blacklist",
                    "engine_update": "20220324"
                },
                "MAX": {
                    "category": "undetected",
                    "engine_name": "MAX",
                    "engine_version": "2019.9.16.1",
                    "result": null,
                    "method": "blacklist",
                    "engine_update": "20220324"
                },
                "VBA32": {
                    "category": "undetected",
                    "engine_name": "VBA32",
                    "engine_version": "5.0.0",
                    "result": null,
                    "method": "blacklist",
                    "engine_update": "20220323"
                },
                "Cylance": {
                    "category": "type-unsupported",
                    "engine_name": "Cylance",
                    "engine_version": "2.3.1.101",
                    "result": null,
                    "method": "blacklist",
                    "engine_update": "20220324"
                },
                "Zoner": {
                    "category": "undetected",
                    "engine_name": "Zoner",
                    "engine_version": "2.2.2.0",
                    "result": null,
                    "method": "blacklist",
                    "engine_update": "20220323"
                },
                "Rising": {
                    "category": "undetected",
                    "engine_name": "Rising",
                    "engine_version": "25.0.0.27",
                    "result": null,
                    "method": "blacklist",
                    "engine_update": "20220323"
                },
                "Yandex": {
                    "category": "undetected",
                    "engine_name": "Yandex",
                    "engine_version": "5.5.2.24",
                    "result": null,
                    "method": "blacklist",
                    "engine_update": "20220323"
                },
                "TACHYON": {
                    "category": "undetected",
                    "engine_name": "TACHYON",
                    "engine_version": "2022-03-24.01",
                    "result": null,
                    "method": "blacklist",
                    "engine_update": "20220324"
                },
                "MaxSecure": {
                    "category": "undetected",
                    "engine_name": "MaxSecure",
                    "engine_version": "1.0.0.1",
                    "result": null,
                    "method": "blacklist",
                    "engine_update": "20220323"
                },
                "Fortinet": {
                    "category": "undetected",
                    "engine_name": "Fortinet",
                    "engine_version": "6.2.142.0",
                    "result": null,
                    "method": "blacklist",
                    "engine_update": "20220324"
                },
                "BitDefenderTheta": {
                    "category": "undetected",
                    "engine_name": "BitDefenderTheta",
                    "engine_version": "7.2.37796.0",
                    "result": null,
                    "method": "blacklist",
                    "engine_update": "20220318"
                },
                "Cybereason": {
                    "category": "type-unsupported",
                    "engine_name": "Cybereason",
                    "engine_version": "1.2.449",
                    "result": null,
                    "method": "blacklist",
                    "engine_update": "20210330"
                },
                "Panda": {
                    "category": "undetected",
                    "engine_name": "Panda",
                    "engine_version": "4.6.4.2",
                    "result": null,
                    "method": "blacklist",
                    "engine_update": "20220323"
                },
                "CrowdStrike": {
                    "category": "type-unsupported",
                    "engine_name": "CrowdStrike",
                    "engine_version": "1.0",
                    "result": null,
                    "method": "blacklist",
                    "engine_update": "20210907"
                }
            },
            "sha256": "000023827e6e577de2c3772d2b0c184eaff7ffc314d6cdf62b748cfa6a462af5",
            "tags": [
                "apk",
                "android",
                "runtime-modules",
                "reflection",
                "telephony"
            ],
            "last_analysis_date": 1648092537,
            "unique_sources": 2,
            "first_submission_date": 1562582742,
            "sha1": "eebaf66dbe92dacbbd76243e8901a4301ffaae6a",
            "ssdeep": "393216:6u08un/1Qq5VaBiPcpPm7eqihssqC5j8QuLukKR:X0lt4BaWW9iqBCd85aki",
            "bundle_info": {
                "highest_datetime": "2107-11-30 00:00:00",
                "lowest_datetime": "2107-11-30 00:00:00",
                "num_children": 2201,
                "extensions": {
                    "dex": 2,
                    "xml": 385,
                    "ktx": 1,
                    "mat": 1,
                    "aac": 1,
                    "ps": 8,
                    "jpg": 3,
                    "js": 1,
                    "vs": 8,
                    "mp3": 1,
                    "png": 527
                },
                "file_types": {
                    "DEX": 2,
                    "unknown": 83,
                    "JPG": 3,
                    "PNG": 527,
                    "XML": 385
                },
                "type": "APK",
                "uncompressed_size": 13382415
            },
            "packers": {
                "F-PROT": "appended, packed"
            },
            "md5": "06564bfe8579135edb0e4b5f797b1d54",
            "androguard": {
                "VTAndroidInfo": 2.0,
                "AndroidApplicationError": false,
                "MinSdkVersion": "15",
                "AndroguardVersion": "3.4.0a1",
                "Activities": [
                    "com.uc.vmate.ui.SplashActivity",
                    "com.uc.vmate.ui.MainActivity",
                    "com.uc.vmate.ui.EntranceActivity",
                    "com.uc.vmate.ui.me.Picture2Activity",
                    "com.uc.vmate.ui.ugc.im.ui.main.IMActivity",
                    "com.uc.vmate.ui.ugc.im.ui.stranger.StrangerListActivity",
                    "com.uc.vmate.ui.ugc.im.ui.chat.ChatActivity",
                    "com.uc.vmate.ui.ugc.im.ui.settings.ChatSettingsActivity",
                    "com.uc.vmate.ui.me.notice.NoticeUserListActivity",
                    "com.uc.vmate.ui.me.notice.like.NoticeLikeActivity",
                    "com.uc.vmate.ui.me.notice.follow.NoticeFollowerActivity",
                    "com.uc.vmate.ui.me.notice.comment.NoticeCommentActivity",
                    "com.uc.vmate.ui.me.notice.system.NoticeSystemActivity",
                    "com.uc.vmate.ui.me.profile.ProfileEditActivity",
                    "com.uc.vmate.ui.me.profile.CountryActivity",
                    "com.uc.vmate.ui.me.profile.crop.RectangleCropActivity",
                    "com.uc.vmate.ui.ugc.topic.TopicActivity",
                    "com.uc.vmate.ui.ugc.topic.UGCWebViewActivity",
                    "com.uc.vmate.ui.ugc.videostudio.follow.record.FollowRecordActivity",
                    "com.uc.vmate.ui.ugc.videostudio.follow.edit.FollowEditActivity",
                    "com.uc.vmate.ui.ugc.videostudio.main.record.MainRecordActivity",
                    "com.uc.vmate.ui.ugc.record.VideoDoubleRecordActivity",
                    "com.uc.vmate.ui.ugc.music.main.MusicMainActivity",
                    "com.uc.vmate.ui.ugc.music.search.MusicSearchActivity",
                    "com.uc.vmate.ui.ugc.music.subcatalog.SubCatalogActivity",
                    "com.uc.vmate.ui.ugc.edit.LFVideoEditActivity",
                    "com.uc.vmate.ui.ugc.edit.LFVideoCoverActivity",
                    "com.uc.vmate.ui.ugc.edit.LFVideoCutActivity",
                    "com.uc.vmate.ui.ugc.edit.LFVideoDuetActivity",
                    "com.uc.vmate.ui.ugc.local.LFVideoCropActivity",
                    "com.uc.vmate.ui.ugc.userinfo.UserInfoActivity",
                    "com.uc.vmate.ui.ugc.userinfo.recommend.more.MoreRecommendActivity",
                    "com.uc.vmate.ui.ugc.follow.UGCMeFollowActivity",
                    "com.uc.vmate.ui.ugc.search.SearchActivity",
                    "com.uc.vmate.ui.ugc.musicvideoset.MusicVideoSetActivity",
                    "com.uc.vmate.ui.me.VMateActivity",
                    "com.uc.vmate.manager.user.phone.PhoneLoginActivity",
                    "com.uc.vmate.ui.ugc.edit.effect.EffectActivity",
                    "com.uc.vmate.ui.ugc.videostudio.common.edit.graffiti.GraffitiActivity",
                    "com.uc.vmate.ui.me.profile.dialog.PicPreviewActivity",
                    "com.uc.vmate.ui.ugc.language.ChooseLanguageActivity",
                    "com.uc.base.push.alive.PushPullActivity",
                    "com.facebook.FacebookActivity",
                    "com.uc.vmate.ui.ugc.videodetail.VideoDetailActivity",
                    "com.uc.vmate.ui.ugc.videostudio.common.graffiti.DubbingActivity",
                    "com.uc.vmate.ui.ugc.videodetail.content.stable.comment.report.CommentReportActivity",
                    "com.uc.vmate.mission.MissionCenterActivity",
                    "com.uc.vmate.manager.permission.component.core.PermissionActivity",
                    "com.uc.vmate.ui.ugc.videostudio.common.localvideoalbum.LocalSelectActivity",
                    "com.uc.base.push.popup.PopupActivity",
                    "com.uc.vmate.ui.ugc.discover.DiscoverFeedActivity",
                    "com.uc.vmate.contacts.ContactsFriendsListActivity",
                    "com.google.android.gms.auth.api.signin.internal.SignInHubActivity",
                    "com.google.android.gms.common.api.GoogleApiActivity"
                ],
                "certificate": {
                    "Subject": {
                        "DN": "CN:uc_vmate",
                        "CN": "uc_vmate"
                    },
                    "validto": "2116-07-22 09:40:47",
                    "serialnumber": "5763bc75",
                    "thumbprint": "42ce580fd640ba5b095c6ac5fea3dfbacaca3f85",
                    "validfrom": "2016-08-15 09:40:47",
                    "Issuer": {
                        "DN": "CN:uc_vmate",
                        "CN": "uc_vmate"
                    }
                },
                "AndroidApplication": 1,
                "RiskIndicator": {
                    "APK": {
                        "DEX": 2
                    },
                    "PERM": {
                        "DEVELOPMENT": 1,
                        "PRIVACY": 7,
                        "PRE23": 1,
                        "APPOP": 1,
                        "NORMAL": 11,
                        "EPHEMERAL": 2,
                        "PREINSTALLED": 1,
                        "DANGEROUS": 3,
                        "SIGNATURE": 1,
                        "INTERNET": 1,
                        "GPS": 3
                    }
                },
                "Services": [
                    "com.uc.base.push.PushService",
                    "com.uc.base.push.alive.PushJobService",
                    "com.uc.base.push.gcm.VMFirebaseMessagingService",
                    "com.uc.base.push.gcm.VMFirebaseJobService",
                    "com.uc.base.push.sync.AuthenticatorService",
                    "com.uc.base.push.sync.SyncService",
                    "com.uc.crashsdk.CrashLogFilesUploader",
                    "com.amap.api.location.APSService",
                    "com.uc.vmate.ui.ugc.im.service.ImServiceWrapper",
                    "com.uc.base.push.alive.AliveBarService",
                    "com.google.android.gms.analytics.AnalyticsService",
                    "com.google.android.gms.analytics.AnalyticsJobService",
                    "com.google.android.gms.auth.api.signin.RevocationBoundService",
                    "com.google.firebase.messaging.FirebaseMessagingService",
                    "com.google.firebase.components.ComponentDiscoveryService",
                    "com.google.android.gms.measurement.AppMeasurementService",
                    "com.google.android.gms.measurement.AppMeasurementJobService",
                    "com.google.firebase.iid.FirebaseInstanceIdService",
                    "com.daemon.service.DaemonService",
                    "com.nemo.rainbow.service.UploadFileService",
                    "com.firebase.jobdispatcher.GooglePlayReceiver",
                    "com.test.leak.LeakSlackUploadService"
                ],
                "AndroidVersionCode": "22403",
                "main_activity": "com.uc.vmate.ui.SplashActivity",
                "Package": "com.uc.vmate",
                "intent_filters": {
                    "Services": {
                        "com.uc.base.push.PushService": {
                            "action": [
                                "com.uc.vmate.action.PushService"
                            ]
                        },
                        "com.uc.base.push.sync.SyncService": {
                            "action": [
                                "android.content.SyncAdapter"
                            ]
                        },
                        "com.google.firebase.messaging.FirebaseMessagingService": {
                            "action": [
                                "com.google.firebase.MESSAGING_EVENT"
                            ]
                        },
                        "com.uc.base.push.sync.AuthenticatorService": {
                            "action": [
                                "android.accounts.AccountAuthenticator"
                            ]
                        },
                        "com.firebase.jobdispatcher.GooglePlayReceiver": {
                            "action": [
                                "com.google.android.gms.gcm.ACTION_TASK_READY"
                            ]
                        },
                        "com.google.firebase.iid.FirebaseInstanceIdService": {
                            "action": [
                                "com.google.firebase.INSTANCE_ID_EVENT"
                            ]
                        },
                        "com.uc.base.push.gcm.VMFirebaseMessagingService": {
                            "action": [
                                "com.google.firebase.MESSAGING_EVENT"
                            ]
                        }
                    },
                    "Activities": {
                        "com.uc.vmate.ui.SplashActivity": {
                            "action": [
                                "android.intent.action.MAIN"
                            ],
                            "category": [
                                "android.intent.category.LAUNCHER"
                            ]
                        },
                        "com.uc.vmate.ui.EntranceActivity": {
                            "action": [
                                "android.intent.action.VIEW"
                            ],
                            "category": [
                                "android.intent.category.DEFAULT",
                                "android.intent.category.BROWSABLE"
                            ]
                        },
                        "com.uc.base.push.alive.PushPullActivity": {
                            "action": [
                                "android.intent.action.VIEW"
                            ],
                            "category": [
                                "android.intent.category.DEFAULT",
                                "android.intent.category.BROWSABLE"
                            ]
                        }
                    },
                    "Receivers": {
                        "com.uc.vmate.referrer.GPReferrerReceiver": {
                            "action": [
                                "com.android.vending.INSTALL_REFERRER"
                            ]
                        },
                        "com.google.firebase.iid.FirebaseInstanceIdReceiver": {
                            "action": [
                                "com.google.android.c2dm.intent.RECEIVE"
                            ]
                        },
                        "com.uc.base.push.popup.PopupReceiver": {
                            "action": [
                                "com.uc.vmate.intent.action.float.update",
                                "com.uc.vmate.intent.action.screen.update",
                                "com.uc.vmate.intent.action.screen.notify",
                                "com.uc.vmate.intent.action.screen.remove"
                            ]
                        },
                        "com.appsflyer.MultipleInstallBroadcastReceiver": {
                            "action": [
                                "com.android.vending.INSTALL_REFERRER"
                            ]
                        },
                        "com.google.android.gms.measurement.AppMeasurementInstallReferrerReceiver": {
                            "action": [
                                "com.android.vending.INSTALL_REFERRER"
                            ]
                        },
                        "com.uc.base.push.alive.PushReceiver": {
                            "action": [
                                "process.daemon.receiver.alarm",
                                "android.intent.action.USER_PRESENT",
                                "android.intent.action.ACTION_POWER_CONNECTED",
                                "android.intent.action.MY_PACKAGE_REPLACED",
                                "android.intent.action.SCREEN_ON",
                                "android.intent.action.SCREEN_OFF",
                                "android.net.wifi.WIFI_STATE_CHANGED",
                                "android.net.conn.CONNECTIVITY_CHANGE",
                                "android.intent.action.ANY_DATA_STATE",
                                "android.net.wifi.STATE_CHANGE",
                                "android.intent.action.PACKAGE_RESTARTED",
                                "android.intent.action.PACKAGE_DATA_CLEARED",
                                "android.intent.action.PACKAGE_REMOVED",
                                "android.intent.action.QUERY_PACKAGE_RESTART",
                                "android.intent.action.PACKAGE_INSTALL",
                                "android.intent.action.MEDIA_REMOVED",
                                "android.intent.action.MEDIA_UNMOUNTED",
                                "android.intent.action.MEDIA_MOUNTED",
                                "android.intent.action.MEDIA_UNMOUNTABLE",
                                "android.intent.action.MEDIA_EJECT",
                                "android.intent.action.MEDIA_CHECKING",
                                "android.intent.action.BOOT_COMPLETED",
                                "com.uc.vmate.push.action.DELETE",
                                "com.uc.vmate.notice.action.DELETE"
                            ],
                            "category": [
                                "android.intent.category.LAUNCHER"
                            ]
                        },
                        "com.uc.vmate.receiver.PackageChangeReceiver": {
                            "action": [
                                "android.intent.action.PACKAGE_ADDED",
                                "android.intent.action.PACKAGE_REPLACED"
                            ]
                        }
                    }
                },
                "AndroidVersionName": "2.24",
                "TargetSdkVersion": "26",
                "AndroidApplicationInfo": "APK",
                "Providers": [
                    "com.uc.base.push.sync.SyncContentProvider",
                    "com.facebook.FacebookContentProvider",
                    "android.support.v4.content.FileProvider",
                    "com.uc.base.push.provider.VMProvider",
                    "com.google.firebase.provider.FirebaseInitProvider"
                ],
                "permission_details": {
                    "android.permission.CHANGE_NETWORK_STATE": {
                        "short_description": "change network connectivity",
                        "full_description": "Allows the app to change the state of network connectivity.",
                        "permission_type": "normal"
                    },
                    "com.huawei.android.launcher.permission.WRITE_SETTINGS": {
                        "short_description": "Unknown permission from android reference",
                        "full_description": "Unknown permission from android reference",
                        "permission_type": "normal"
                    },
                    "android.permission.ACCESS_COARSE_LOCATION": {
                        "short_description": "access approximate location\n      (network-based)",
                        "full_description": "This app can get your location based on network sources such as cell towers and Wi-Fi networks. These location services must be turned on and available on your phone for the app to be able to use them.",
                        "permission_type": "dangerous|ephemeral"
                    },
                    "android.permission.READ_SYNC_STATS": {
                        "short_description": "read sync statistics",
                        "full_description": "Allows an app to read the sync stats for an account, including the history of sync events and how much data is synced. ",
                        "permission_type": "normal"
                    },
                    "com.huawei.android.launcher.permission.CHANGE_BADGE": {
                        "short_description": "Unknown permission from android reference",
                        "full_description": "Unknown permission from android reference",
                        "permission_type": "normal"
                    },
                    "android.permission.BLUETOOTH": {
                        "short_description": "pair with Bluetooth devices",
                        "full_description": "Allows the app to view the\n      configuration of the Bluetooth on the phone, and to make and accept\n      connections with paired devices.",
                        "permission_type": "normal"
                    },
                    "android.permission.ACCESS_WIFI_STATE": {
                        "short_description": "view Wi-Fi connections",
                        "full_description": "Allows the app to view information\n      about Wi-Fi networking, such as whether Wi-Fi is enabled and name of\n      connected Wi-Fi devices.",
                        "permission_type": "normal"
                    },
                    "android.permission.INTERNET": {
                        "short_description": "have full network access",
                        "full_description": "Allows the app to create\n     network sockets and use custom network protocols. The browser and other\n     applications provide means to send data to the internet, so this\n     permission is not required to send data to the internet.",
                        "permission_type": "normal|ephemeral"
                    },
                    "com.oppo.launcher.permission.READ_SETTINGS": {
                        "short_description": "Unknown permission from android reference",
                        "full_description": "Unknown permission from android reference",
                        "permission_type": "normal"
                    },
                    "android.permission.BLUETOOTH_ADMIN": {
                        "short_description": "access Bluetooth settings",
                        "full_description": "Allows the app to configure\n      the local Bluetooth phone, and to discover and pair with remote devices.",
                        "permission_type": "normal"
                    },
                    "android.permission.MANAGE_ACCOUNTS": {
                        "short_description": "manage the accounts list",
                        "full_description": "Allows an application to\n    perform operations like adding, and removing accounts and deleting\n    their password.",
                        "permission_type": "dangerous"
                    },
                    "com.android.launcher.permission.INSTALL_SHORTCUT": {
                        "short_description": "install shortcuts",
                        "full_description": "Allows an application to add\n        Homescreen shortcuts without user intervention.",
                        "permission_type": "normal"
                    },
                    "com.google.android.c2dm.permission.RECEIVE": {
                        "short_description": "Unknown permission from android reference",
                        "full_description": "Unknown permission from android reference",
                        "permission_type": "normal"
                    },
                    "android.permission.ACCESS_NETWORK_STATE": {
                        "short_description": "view network connections",
                        "full_description": "Allows the app to view\n      information about network connections such as which networks exist and are\n      connected.",
                        "permission_type": "normal|ephemeral"
                    },
                    "com.htc.launcher.permission.UPDATE_SHORTCUT": {
                        "short_description": "Unknown permission from android reference",
                        "full_description": "Unknown permission from android reference",
                        "permission_type": "normal"
                    },
                    "com.htc.launcher.permission.READ_SETTINGS": {
                        "short_description": "Unknown permission from android reference",
                        "full_description": "Unknown permission from android reference",
                        "permission_type": "normal"
                    },
                    "android.permission.WRITE_EXTERNAL_STORAGE": {
                        "short_description": "modify or delete the contents of your SD card",
                        "full_description": "Allows the app to write to the SD card.",
                        "permission_type": "dangerous"
                    },
                    "android.permission.ACCESS_FINE_LOCATION": {
                        "short_description": "access precise location (GPS and\n      network-based)",
                        "full_description": "This app can get your location based on GPS or network location sources such as cell towers and Wi-Fi networks. These location services must be turned on and available on your phone for the app to be able to use them. This may increase battery consumption.",
                        "permission_type": "dangerous|ephemeral"
                    },
                    "android.permission.READ_EXTERNAL_STORAGE": {
                        "short_description": "read the contents of your SD card",
                        "full_description": "Allows the app to read the contents of your SD card.",
                        "permission_type": "dangerous"
                    },
                    "android.permission.WRITE_SYNC_SETTINGS": {
                        "short_description": "toggle sync on and off",
                        "full_description": "Allows an app to modify the sync settings for an account.  For example, this can be used to enable sync of the People app with an account.",
                        "permission_type": "normal"
                    },
                    "android.permission.AUTHENTICATE_ACCOUNTS": {
                        "short_description": "act as an account authenticator",
                        "full_description": "Allows an application\n    to use the account authenticator capabilities of the\n    AccountManager, including creating accounts and getting and\n    setting their passwords.",
                        "permission_type": "dangerous"
                    },
                    "com.sonymobile.home.permission.PROVIDER_INSERT_BADGE": {
                        "short_description": "Unknown permission from android reference",
                        "full_description": "Unknown permission from android reference",
                        "permission_type": "normal"
                    },
                    "android.permission.FLASHLIGHT": {
                        "short_description": "control flashlight",
                        "full_description": "Allows the application to control\n        the flashlight.",
                        "permission_type": "normal"
                    },
                    "com.oppo.launcher.permission.WRITE_SETTINGS": {
                        "short_description": "Unknown permission from android reference",
                        "full_description": "Unknown permission from android reference",
                        "permission_type": "normal"
                    },
                    "android.permission.SYSTEM_ALERT_WINDOW": {
                        "short_description": "This app can appear on top of other apps",
                        "full_description": "This app can appear on top of other apps or other parts of the screen. This may interfere with normal app usage and change the way that other apps appear.",
                        "permission_type": "signature|preinstalled|appop|pre23|development"
                    },
                    "com.huawei.android.launcher.permission.READ_SETTINGS": {
                        "short_description": "Unknown permission from android reference",
                        "full_description": "Unknown permission from android reference",
                        "permission_type": "normal"
                    },
                    "android.permission.ACCESS_LOCATION_EXTRA_COMMANDS": {
                        "short_description": "access extra location provider commands",
                        "full_description": "Allows the app to access\n        extra location provider commands.  This may allow the app to interfere\n        with the operation of the GPS or other location sources.",
                        "permission_type": "normal"
                    },
                    "android.permission.CAMERA": {
                        "short_description": "take pictures and videos",
                        "full_description": "This app can take pictures and record videos using the camera at any time.",
                        "permission_type": "dangerous|ephemeral"
                    },
                    "android.permission.WAKE_LOCK": {
                        "short_description": "prevent phone from sleeping",
                        "full_description": "Allows the app to prevent the phone from going to sleep.",
                        "permission_type": "normal|ephemeral"
                    },
                    "android.permission.CHANGE_WIFI_STATE": {
                        "short_description": "connect and disconnect from Wi-Fi",
                        "full_description": "Allows the app to connect to and\n      disconnect from Wi-Fi access points and to make changes to device\n      configuration for Wi-Fi networks.",
                        "permission_type": "normal"
                    },
                    "android.permission.RECORD_AUDIO": {
                        "short_description": "record audio",
                        "full_description": "This app can record audio using the microphone at any time.",
                        "permission_type": "dangerous"
                    },
                    "android.permission.READ_CONTACTS": {
                        "short_description": "read your contacts",
                        "full_description": "Allows the app to\n      read data about your contacts stored on your phone, including the\n      frequency with which you've called, emailed, or communicated in other ways\n      with specific individuals. This permission allows apps to save your\n      contact data, and malicious apps may share contact data without your\n      knowledge.",
                        "permission_type": "dangerous"
                    },
                    "com.google.android.finsky.permission.BIND_GET_INSTALL_REFERRER_SERVICE": {
                        "short_description": "Unknown permission from android reference",
                        "full_description": "Unknown permission from android reference",
                        "permission_type": "normal"
                    },
                    "android.permission.RECORD_VIDEO": {
                        "short_description": "Unknown permission from android reference",
                        "full_description": "Unknown permission from android reference",
                        "permission_type": "normal"
                    },
                    "com.sonyericsson.home.permission.BROADCAST_BADGE": {
                        "short_description": "Unknown permission from android reference",
                        "full_description": "Unknown permission from android reference",
                        "permission_type": "normal"
                    },
                    "android.permission.GET_ACCOUNTS": {
                        "short_description": "find accounts on the device",
                        "full_description": "Allows the app to get\n      the list of accounts known by the phone.  This may include any accounts\n      created by applications you have installed.",
                        "permission_type": "dangerous"
                    }
                },
                "Receivers": [
                    "com.uc.base.push.alive.PushReceiver",
                    "com.uc.vmate.receiver.PackageChangeReceiver",
                    "com.appsflyer.MultipleInstallBroadcastReceiver",
                    "com.uc.vmate.referrer.GPReferrerReceiver",
                    "com.uc.base.push.popup.PopupReceiver",
                    "com.google.android.gms.analytics.AnalyticsReceiver",
                    "com.google.android.gms.measurement.AppMeasurementReceiver",
                    "com.google.android.gms.measurement.AppMeasurementInstallReferrerReceiver",
                    "com.google.firebase.iid.FirebaseInstanceIdReceiver"
                ],
                "StringsInformation": [
                    "http://172.217.24.196/generate_204",
                    "http://172.217.24.206/generate_204",
                    "http://216.58.199.14/generate_204",
                    "http://8.37.236.131/generate_204",
                    "http://abroad.apilocate.amap.com/mobile/binary",
                    "http://api.vmate.test.uae-2.uc.cn",
                    "http://api.vmate.test.uae-2.uc.cn/gateway/v1/wuji/app/log",
                    "http://apilocate.amap.com/mobile/binary",
                    "http://apilocatesrc.amap.com/mobile/binary",
                    "http://clients1.google.com/generate_204",
                    "http://clients3.google.com/generate_204",
                    "http://hostname/?",
                    "http://restapi.amap.com",
                    "http://restapi.amap.com/v3/config/district?",
                    "http://restapi.amap.com/v3/geocode/regeo",
                    "http://restapi.amap.com/v3/iasdkauth",
                    "http://restapi.amap.com/v3/place/around?",
                    "http://restapi.amap.com/v3/place/text?",
                    "http://schemas.android.com/apk/res/android",
                    "http://share.vmate.in/report",
                    "http://t1.vmate.in/report",
                    "http://upload01.vmate.in/generate_204",
                    "http://vapi.apk.vmate.in",
                    "http://vapi.apk.vmate.in//v2/ugc/hashtaghot",
                    "http://vapi.apk.vmate.in/v1/follow_ifollowvideolist",
                    "http://vapi.apk.vmate.in/v1/ugc/nearby",
                    "http://vapi.apk.vmate.in/v1/ugc_feed",
                    "http://vapi.apk.vmate.in/v2/ugc/audiohot",
                    "http://vapi.apk.vmate.in/v2/ugc/discover",
                    "http://vapi.gw.log.vmate.in/gateway/v1/wuji/app/log",
                    "http://vapi.gw.vmate.in",
                    "http://vapi.test.vmate.in",
                    "http://vmate-hybrid-h5.ingrp-uc.uae-2.ucweb.com",
                    "http://vmate-hybrid-h5.test.uae-2.uc.cn",
                    "http://vmate.in?",
                    "http://www.google-analytics.com",
                    "http://www.google-analytics.com/generate_204",
                    "http://www.google.com/generate_204",
                    "http://xmlpull.org/v1/doc/features.html#indent-output",
                    "https://%s/%s",
                    "https://.facebook.com",
                    "https://HolmesHelp.ucweb.com",
                    "https://accounts.google.com/o/oauth2/revoke?token=",
                    "https://adiu.amap.com/ws/device/adius",
                    "https://api.%s/install_data/v3/",
                    "https://app-measurement.com/a",
                    "https://app.%s",
                    "https://applog.uc.cn/collect",
                    "https://attr.%s/api/v",
                    "https://audid-api.taobao.com/v2.0/a/audid/apps?version=",
                    "https://audid-api.taobao.com/v2.0/a/audid/req/",
                    "https://events.%s/api/v",
                    "https://facebook.com",
                    "https://gjapplog.ucweb.com/collect",
                    "https://graph-video.%s",
                    "https://graph.%s",
                    "https://impression.%s",
                    "https://monitorsdk.%s/remote-debug?app_id=",
                    "https://onelink.%s/shortlink-sdk/v1",
                    "https://pagead2.googlesyndication.com/pagead/gen_204?id=gmob-apps",
                    "https://play.google.com/store/apps/details?id=",
                    "https://plus.google.com/",
                    "https://register.%s/api/v",
                    "https://restapi.amap.com/v3/iasdkauth",
                    "https://sdk-services.%s/validate-android-signature",
                    "https://ssl.google-analytics.com",
                    "https://stats.%s/stats",
                    "https://t.%s/api/v",
                    "https://up4-intl.ucweb.com/upload",
                    "https://up4.ucweb.com/upload",
                    "https://validate.%s/api/v",
                    "https://woodpecker.uc.cn",
                    "https://wpk-auth.ucweb.com",
                    "https://www.facebook.com/VMateOfficial",
                    "https://www.facebook.com/sharer/sharer.php?u=",
                    "https://www.google.com",
                    "https://www.googleapis.com/auth/games",
                    "https://www.googleapis.com/auth/games_lite",
                    "https://www.googletagmanager.com",
                    "https://www.vmate.com/community",
                    "https://www.vmate.com/feedback",
                    "https://www.vmate.com/privacy",
                    "https://www.vmate.com/terms"
                ]
            },
            "magic": "Zip archive data, at least v2.0 to extract",
            "last_analysis_stats": {
                "harmless": 0,
                "type-unsupported": 10,
                "suspicious": 0,
                "confirmed-timeout": 0,
                "timeout": 0,
                "failure": 1,
                "malicious": 0,
                "undetected": 61
            },
            "meaningful_name": "000023827E6E577DE2C3772D2B0C184EAFF7FFC314D6CDF62B748CFA6A462AF5.apk",
            "reputation": 0
        },
        "type": "file",
        "id": "000023827e6e577de2c3772d2b0c184eaff7ffc314d6cdf62b748cfa6a462af5",
        "links": {
            "self": "https://www.virustotal.com/api/v3/files/000023827e6e577de2c3772d2b0c184eaff7ffc314d6cdf62b748cfa6a462af5"
        }
    }
}