{
    "data": {
        "attributes": {
            "type_description": "Android",
            "tlsh": "T153E73352E38498CAF07F913D07A62770D8170EAA8719DDCB941DB73838BB5845BD0BB6",
            "vhash": "d8e72def8afe6fef97578893d17d0166",
            "trid": [
                {
                    "file_type": "Android Package",
                    "probability": 52.3
                },
                {
                    "file_type": "Java Archive",
                    "probability": 18.3
                },
                {
                    "file_type": "Sweet Home 3D design (generic)",
                    "probability": 14.2
                },
                {
                    "file_type": "Google Earth saved working session",
                    "probability": 8.1
                },
                {
                    "file_type": "ZIP compressed archive",
                    "probability": 5.4
                }
            ],
            "names": [],
            "last_modification_date": 1645807872,
            "type_tag": "android",
            "times_submitted": 1,
            "total_votes": {
                "harmless": 0,
                "malicious": 0
            },
            "size": 69796094,
            "type_extension": "apk",
            "last_submission_date": 1645715244,
            "reputation": 0,
            "sha256": "000022029986c121b891c377db8737a70afdc6a26c9e4517bf029878ff605470",
            "tags": [
                "apk",
                "android",
                "runtime-modules",
                "contains-elf",
                "reflection"
            ],
            "last_analysis_date": 1645715244,
            "unique_sources": 1,
            "first_submission_date": 1645715244,
            "sha1": "83af6eeebcf989ca50d67c9e1cb9c86dc5f55a33",
            "ssdeep": "1572864:FsqT9zVk/VUhmIoR9WMk2txGOy17xfVyjs9TOFqvTNZj+wJtHI0SdqG:6qoGATtk8GOy1TTOFqJp+4dI08qG",
            "bundle_info": {
                "highest_datetime": "1980-00-00 00:00:00",
                "lowest_datetime": "1980-00-00 00:00:00",
                "num_children": 1023,
                "extensions": {
                    "dex": 2,
                    "xml": 211,
                    "MF": 1,
                    "png": 340,
                    "RSA": 1,
                    "otf": 1,
                    "gz": 1,
                    "gif": 2,
                    "so": 12,
                    "jpg": 2,
                    "txt": 2,
                    "js": 1,
                    "ttf": 10,
                    "SF": 1,
                    "css": 2,
                    "mp3": 24
                },
                "file_types": {
                    "XML": 211,
                    "DEX": 2,
                    "unknown": 404,
                    "ELF": 12,
                    "JPG": 3,
                    "GIF": 2,
                    "JSON": 1,
                    "HTML": 1,
                    "MP3": 24,
                    "PNG": 340
                },
                "type": "APK",
                "uncompressed_size": 101569344
            },
            "md5": "50fcfe6fdfd209d7bce6e7f40801c88a",
            "androguard": {
                "VTAndroidInfo": 2.0,
                "AndroidApplicationError": false,
                "MinSdkVersion": "19",
                "AndroguardVersion": "3.4.0a1",
                "Activities": [
                    "com.ryanheise.audioservice.AudioServiceActivity",
                    "com.pichillilorenzo.flutter_inappwebview.in_app_browser.InAppBrowserActivity",
                    "com.pichillilorenzo.flutter_inappwebview.chrome_custom_tabs.ChromeCustomTabsActivity",
                    "io.flutter.plugins.urllauncher.WebViewActivity",
                    "com.onesignal.NotificationOpenedActivityHMS",
                    "com.onesignal.PermissionsActivity",
                    "com.onesignal.NotificationOpenedReceiver",
                    "com.google.android.play.core.missingsplits.PlayCoreMissingSplitsActivity",
                    "com.google.android.play.core.common.PlayCoreDialogWrapperActivity",
                    "com.google.android.gms.ads.AdActivity",
                    "com.google.android.gms.common.api.GoogleApiActivity"
                ],
                "certificate": {
                    "Subject": {
                        "DN": "C:CA, CN:Andromo App, O:Andromo.com L=Winnipeg, ST:MB, OU:Development",
                        "C": "CA",
                        "CN": "Andromo App",
                        "O": "Andromo.com L=Winnipeg",
                        "ST": "MB",
                        "OU": "Development"
                    },
                    "validto": "2038-12-19 16:40:51",
                    "serialnumber": "4e397a13",
                    "thumbprint": "e44763a669eae706121c8fc5370094659a310c9b",
                    "validfrom": "2011-08-03 16:40:51",
                    "Issuer": {
                        "DN": "C:CA, CN:Andromo App, O:Andromo.com L=Winnipeg, ST:MB, OU:Development",
                        "C": "CA",
                        "CN": "Andromo App",
                        "O": "Andromo.com L=Winnipeg",
                        "ST": "MB",
                        "OU": "Development"
                    }
                },
                "AndroidApplication": 1,
                "RiskIndicator": {
                    "APK": {
                        "DEX": 2
                    },
                    "PERM": {
                        "INSTANT": 4,
                        "NORMAL": 5,
                        "DANGEROUS": 1,
                        "INTERNET": 1,
                        "SIGNATURE": 1,
                        "PREINSTALLED": 1,
                        "APPOP": 1,
                        "PRE23": 1
                    }
                },
                "Services": [
                    "com.ryanheise.audioservice.AudioService",
                    "com.google.firebase.components.ComponentDiscoveryService",
                    "com.onesignal.HmsMessageServiceOneSignal",
                    "com.onesignal.FCMIntentService",
                    "com.onesignal.FCMIntentJobService",
                    "com.onesignal.FocusDelaySyncService",
                    "com.onesignal.FocusDelaySyncJobService",
                    "com.onesignal.SyncService",
                    "com.onesignal.SyncJobService",
                    "com.google.android.play.core.assetpacks.AssetPackExtractionService",
                    "com.google.android.gms.ads.AdService",
                    "com.google.firebase.messaging.FirebaseMessagingService",
                    "androidx.work.impl.background.systemalarm.SystemAlarmService",
                    "androidx.work.impl.background.systemjob.SystemJobService",
                    "androidx.room.MultiInstanceInvalidationService",
                    "com.google.android.datatransport.runtime.backends.TransportBackendDiscovery",
                    "com.google.android.datatransport.runtime.scheduling.jobscheduling.JobInfoSchedulerService"
                ],
                "AndroidVersionCode": "1008",
                "main_activity": "com.ryanheise.audioservice.AudioServiceActivity",
                "Package": "com.hatem.bilal",
                "intent_filters": {
                    "Services": {
                        "com.ryanheise.audioservice.AudioService": {
                            "action": [
                                "android.media.browse.MediaBrowserService"
                            ]
                        },
                        "com.google.firebase.messaging.FirebaseMessagingService": {
                            "action": [
                                "com.google.firebase.MESSAGING_EVENT"
                            ]
                        },
                        "com.onesignal.HmsMessageServiceOneSignal": {
                            "action": [
                                "com.huawei.push.action.MESSAGING_EVENT"
                            ]
                        }
                    },
                    "Activities": {
                        "com.ryanheise.audioservice.AudioServiceActivity": {
                            "action": [
                                "android.intent.action.MAIN"
                            ],
                            "category": [
                                "android.intent.category.LAUNCHER"
                            ]
                        },
                        "com.onesignal.NotificationOpenedActivityHMS": {
                            "action": [
                                "android.intent.action.VIEW"
                            ]
                        }
                    },
                    "Receivers": {
                        "androidx.work.impl.background.systemalarm.ConstraintProxy$BatteryNotLowProxy": {
                            "action": [
                                "android.intent.action.BATTERY_OKAY",
                                "android.intent.action.BATTERY_LOW"
                            ]
                        },
                        "com.ryanheise.audioservice.MediaButtonReceiver": {
                            "action": [
                                "android.intent.action.MEDIA_BUTTON"
                            ]
                        },
                        "androidx.work.impl.background.systemalarm.ConstraintProxy$StorageNotLowProxy": {
                            "action": [
                                "android.intent.action.DEVICE_STORAGE_LOW",
                                "android.intent.action.DEVICE_STORAGE_OK"
                            ]
                        },
                        "com.google.firebase.iid.FirebaseInstanceIdReceiver": {
                            "action": [
                                "com.google.android.c2dm.intent.RECEIVE"
                            ]
                        },
                        "com.onesignal.UpgradeReceiver": {
                            "action": [
                                "android.intent.action.MY_PACKAGE_REPLACED"
                            ]
                        },
                        "androidx.work.impl.background.systemalarm.ConstraintProxy$NetworkStateProxy": {
                            "action": [
                                "android.net.conn.CONNECTIVITY_CHANGE"
                            ]
                        },
                        "com.onesignal.FCMBroadcastReceiver": {
                            "action": [
                                "com.google.android.c2dm.intent.RECEIVE"
                            ],
                            "category": [
                                "com.hatem.bilal"
                            ]
                        },
                        "androidx.work.impl.background.systemalarm.ConstraintProxyUpdateReceiver": {
                            "action": [
                                "androidx.work.impl.background.systemalarm.UpdateProxies"
                            ]
                        },
                        "androidx.work.impl.background.systemalarm.ConstraintProxy$BatteryChargingProxy": {
                            "action": [
                                "android.intent.action.ACTION_POWER_CONNECTED",
                                "android.intent.action.ACTION_POWER_DISCONNECTED"
                            ]
                        },
                        "androidx.work.impl.background.systemalarm.RescheduleReceiver": {
                            "action": [
                                "android.intent.action.BOOT_COMPLETED",
                                "android.intent.action.TIME_SET",
                                "android.intent.action.TIMEZONE_CHANGED"
                            ]
                        },
                        "com.onesignal.BootUpReceiver": {
                            "action": [
                                "android.intent.action.BOOT_COMPLETED",
                                "android.intent.action.QUICKBOOT_POWERON"
                            ]
                        }
                    }
                },
                "AndroidVersionName": "2.0.0",
                "TargetSdkVersion": "30",
                "AndroidApplicationInfo": "APK",
                "Providers": [
                    "com.wisecrab.wc_flutter_share.WcFlutterShareFileProvider",
                    "com.google.android.gms.ads.MobileAdsInitProvider",
                    "com.google.firebase.provider.FirebaseInitProvider",
                    "androidx.work.impl.WorkManagerInitializer",
                    "androidx.lifecycle.ProcessLifecycleOwnerInitializer"
                ],
                "permission_details": {
                    "com.huawei.android.launcher.permission.WRITE_SETTINGS": {
                        "short_description": "Unknown permission from android reference",
                        "full_description": "Unknown permission from android reference",
                        "permission_type": "normal"
                    },
                    "com.huawei.android.launcher.permission.CHANGE_BADGE": {
                        "short_description": "Unknown permission from android reference",
                        "full_description": "Unknown permission from android reference",
                        "permission_type": "normal"
                    },
                    "android.permission.INTERNET": {
                        "short_description": "have full network access",
                        "full_description": "Allows the app to create\n     network sockets and use custom network protocols. The browser and other\n     applications provide means to send data to the internet, so this\n     permission is not required to send data to the internet.",
                        "permission_type": "normal|instant"
                    },
                    "com.oppo.launcher.permission.READ_SETTINGS": {
                        "short_description": "Unknown permission from android reference",
                        "full_description": "Unknown permission from android reference",
                        "permission_type": "normal"
                    },
                    "com.hatem.bilal.permission.C2D_MESSAGE": {
                        "short_description": "Unknown permission from android reference",
                        "full_description": "Unknown permission from android reference",
                        "permission_type": "normal"
                    },
                    "com.sec.android.provider.badge.permission.WRITE": {
                        "short_description": "Unknown permission from android reference",
                        "full_description": "Unknown permission from android reference",
                        "permission_type": "normal"
                    },
                    "com.majeur.launcher.permission.UPDATE_BADGE": {
                        "short_description": "Unknown permission from android reference",
                        "full_description": "Unknown permission from android reference",
                        "permission_type": "normal"
                    },
                    "com.google.android.c2dm.permission.RECEIVE": {
                        "short_description": "Unknown permission from android reference",
                        "full_description": "Unknown permission from android reference",
                        "permission_type": "normal"
                    },
                    "android.permission.ACCESS_NETWORK_STATE": {
                        "short_description": "view network connections",
                        "full_description": "Allows the app to view\n      information about network connections such as which networks exist and are\n      connected.",
                        "permission_type": "normal|instant"
                    },
                    "me.everything.badger.permission.BADGE_COUNT_READ": {
                        "short_description": "Unknown permission from android reference",
                        "full_description": "Unknown permission from android reference",
                        "permission_type": "normal"
                    },
                    "com.htc.launcher.permission.UPDATE_SHORTCUT": {
                        "short_description": "Unknown permission from android reference",
                        "full_description": "Unknown permission from android reference",
                        "permission_type": "normal"
                    },
                    "com.htc.launcher.permission.READ_SETTINGS": {
                        "short_description": "Unknown permission from android reference",
                        "full_description": "Unknown permission from android reference",
                        "permission_type": "normal"
                    },
                    "me.everything.badger.permission.BADGE_COUNT_WRITE": {
                        "short_description": "Unknown permission from android reference",
                        "full_description": "Unknown permission from android reference",
                        "permission_type": "normal"
                    },
                    "android.permission.WRITE_EXTERNAL_STORAGE": {
                        "short_description": "modify or delete the contents of your shared storage",
                        "full_description": "Allows the app to write the contents of your shared storage.",
                        "permission_type": "dangerous"
                    },
                    "android.permission.RECEIVE_BOOT_COMPLETED": {
                        "short_description": "run at startup",
                        "full_description": "Allows the app to\n        have itself started as soon as the system has finished booting.\n        This can make it take longer to start the phone and allow the\n        app to slow down the overall phone by always running.",
                        "permission_type": "normal"
                    },
                    "com.anddoes.launcher.permission.UPDATE_COUNT": {
                        "short_description": "Unknown permission from android reference",
                        "full_description": "Unknown permission from android reference",
                        "permission_type": "normal"
                    },
                    "com.sonymobile.home.permission.PROVIDER_INSERT_BADGE": {
                        "short_description": "Unknown permission from android reference",
                        "full_description": "Unknown permission from android reference",
                        "permission_type": "normal"
                    },
                    "android.permission.WRITE_SETTINGS": {
                        "short_description": "modify system settings",
                        "full_description": "Allows the app to modify the\n        system's settings data. Malicious apps may corrupt your system's\n        configuration.",
                        "permission_type": "signature|preinstalled|appop|pre23"
                    },
                    "android.permission.FOREGROUND_SERVICE": {
                        "short_description": "run foreground service",
                        "full_description": "Allows the app to make use of foreground services.",
                        "permission_type": "normal|instant"
                    },
                    "com.oppo.launcher.permission.WRITE_SETTINGS": {
                        "short_description": "Unknown permission from android reference",
                        "full_description": "Unknown permission from android reference",
                        "permission_type": "normal"
                    },
                    "android.permission.VIBRATE": {
                        "short_description": "control vibration",
                        "full_description": "Allows the app to control the vibrator.",
                        "permission_type": "normal|instant"
                    },
                    "com.huawei.android.launcher.permission.READ_SETTINGS": {
                        "short_description": "Unknown permission from android reference",
                        "full_description": "Unknown permission from android reference",
                        "permission_type": "normal"
                    },
                    "android.permission.WAKE_LOCK": {
                        "short_description": "prevent phone from sleeping",
                        "full_description": "Allows the app to prevent the phone from going to sleep.",
                        "permission_type": "normal|instant"
                    },
                    "com.sonyericsson.home.permission.BROADCAST_BADGE": {
                        "short_description": "Unknown permission from android reference",
                        "full_description": "Unknown permission from android reference",
                        "permission_type": "normal"
                    },
                    "com.sec.android.provider.badge.permission.READ": {
                        "short_description": "Unknown permission from android reference",
                        "full_description": "Unknown permission from android reference",
                        "permission_type": "normal"
                    },
                    "android.permission.READ_APP_BADGE": {
                        "short_description": "Unknown permission from android reference",
                        "full_description": "Unknown permission from android reference",
                        "permission_type": "normal"
                    }
                },
                "Receivers": [
                    "com.ryanheise.audioservice.MediaButtonReceiver",
                    "com.pichillilorenzo.flutter_inappwebview.chrome_custom_tabs.ActionBroadcastReceiver",
                    "com.onesignal.FCMBroadcastReceiver",
                    "com.onesignal.NotificationDismissReceiver",
                    "com.onesignal.BootUpReceiver",
                    "com.onesignal.UpgradeReceiver",
                    "com.google.firebase.iid.FirebaseInstanceIdReceiver",
                    "androidx.work.impl.utils.ForceStopRunnable$BroadcastReceiver",
                    "androidx.work.impl.background.systemalarm.ConstraintProxy$BatteryChargingProxy",
                    "androidx.work.impl.background.systemalarm.ConstraintProxy$BatteryNotLowProxy",
                    "androidx.work.impl.background.systemalarm.ConstraintProxy$StorageNotLowProxy",
                    "androidx.work.impl.background.systemalarm.ConstraintProxy$NetworkStateProxy",
                    "androidx.work.impl.background.systemalarm.RescheduleReceiver",
                    "androidx.work.impl.background.systemalarm.ConstraintProxyUpdateReceiver",
                    "com.google.android.datatransport.runtime.scheduling.jobscheduling.AlarmManagerSchedulerBroadcastReceiver"
                ],
                "StringsInformation": [
                    "http://dashif.org/guidelines/last-segment-number",
                    "http://dashif.org/guidelines/trickmode",
                    "http://data.flurry.com/aap.do",
                    "http://ns.adobe.com/xap/1.0/",
                    "http://schemas.android.com/apk/res/android",
                    "http://schemas.microsoft.com/DRM/2007/03/protocols/AcquireLicense",
                    "http://www.example.com",
                    "http://www.google.com",
                    "http://www.w3.org/ns/ttml#parameter",
                    "https://%s/%s/%s",
                    "https://admob-gmats.uc.r.appspot.com/",
                    "https://adservice.google.com/getconfig/pubvendors",
                    "https://aomedia.org/emsg/ID3",
                    "https://api.onesignal.com/",
                    "https://csi.gstatic.com/csi",
                    "https://data.flurry.com/aap.do",
                    "https://data.flurry.com/pcr.do",
                    "https://developer.apple.com/streaming/emsg-id3",
                    "https://firebasestorage.googleapis.com/v0",
                    "https://googleads.g.doubleclick.net/mads/static/mad/sdk/native/native_ads.html",
                    "https://googleads.g.doubleclick.net/mads/static/mad/sdk/native/production/mraid/v3/mraid_app_banner.js",
                    "https://googleads.g.doubleclick.net/mads/static/mad/sdk/native/production/mraid/v3/mraid_app_expanded_banner.js",
                    "https://googleads.g.doubleclick.net/mads/static/mad/sdk/native/production/mraid/v3/mraid_app_interstitial.js",
                    "https://googleads.g.doubleclick.net/mads/static/mad/sdk/native/production/native_ads.js",
                    "https://googleads.g.doubleclick.net/mads/static/mad/sdk/native/production/sdk-core-v40-impl.html",
                    "https://googleads.g.doubleclick.net/mads/static/mad/sdk/native/production/sdk-core-v40-impl.js",
                    "https://googleads.g.doubleclick.net/mads/static/mad/sdk/native/sdk-core-v40-loader.html",
                    "https://imasdk.googleapis.com/admob/sdkloader/native_video.html",
                    "https://pagead2.googlesyndication.com/pagead/gen_204?id=gmob-apps",
                    "https://play.google.com/store/apps/details?id=",
                    "https://plus.google.com/",
                    "https://proton.flurry.com/sdk/v1/config",
                    "https://support.google.com/dfp_premium/answer/7160685#push",
                    "https://www.google.com/dfp/debugSignals",
                    "https://www.google.com/dfp/inAppPreview",
                    "https://www.google.com/dfp/linkDevice",
                    "https://www.google.com/dfp/sendDebugData",
                    "https://x"
                ]
            },
            "magic": "Zip archive data",
            "last_analysis_stats": {
                "harmless": 0,
                "type-unsupported": 11,
                "suspicious": 0,
                "confirmed-timeout": 0,
                "timeout": 0,
                "failure": 1,
                "malicious": 0,
                "undetected": 60
            },
            "last_analysis_results": {
                "Bkav": {
                    "category": "undetected",
                    "engine_name": "Bkav",
                    "engine_version": "1.3.0.9899",
                    "result": null,
                    "method": "blacklist",
                    "engine_update": "20220224"
                },
                "Lionic": {
                    "category": "undetected",
                    "engine_name": "Lionic",
                    "engine_version": "4.2",
                    "result": null,
                    "method": "blacklist",
                    "engine_update": "20220224"
                },
                "Elastic": {
                    "category": "undetected",
                    "engine_name": "Elastic",
                    "engine_version": "4.0.33",
                    "result": null,
                    "method": "blacklist",
                    "engine_update": "20220211"
                },
                "DrWeb": {
                    "category": "undetected",
                    "engine_name": "DrWeb",
                    "engine_version": "7.0.52.8270",
                    "result": null,
                    "method": "blacklist",
                    "engine_update": "20220224"
                },
                "MicroWorld-eScan": {
                    "category": "undetected",
                    "engine_name": "MicroWorld-eScan",
                    "engine_version": "14.0.409.0",
                    "result": null,
                    "method": "blacklist",
                    "engine_update": "20220224"
                },
                "FireEye": {
                    "category": "undetected",
                    "engine_name": "FireEye",
                    "engine_version": "32.44.1.0",
                    "result": null,
                    "method": "blacklist",
                    "engine_update": "20220224"
                },
                "CAT-QuickHeal": {
                    "category": "undetected",
                    "engine_name": "CAT-QuickHeal",
                    "engine_version": "14.00",
                    "result": null,
                    "method": "blacklist",
                    "engine_update": "20220224"
                },
                "ALYac": {
                    "category": "undetected",
                    "engine_name": "ALYac",
                    "engine_version": "1.1.3.1",
                    "result": null,
                    "method": "blacklist",
                    "engine_update": "20220224"
                },
                "Malwarebytes": {
                    "category": "undetected",
                    "engine_name": "Malwarebytes",
                    "engine_version": "4.2.2.27",
                    "result": null,
                    "method": "blacklist",
                    "engine_update": "20220224"
                },
                "Zillya": {
                    "category": "failure",
                    "engine_name": "Zillya",
                    "engine_version": "2.0.0.4575",
                    "result": null,
                    "method": "blacklist",
                    "engine_update": "20220223"
                },
                "Paloalto": {
                    "category": "type-unsupported",
                    "engine_name": "Paloalto",
                    "engine_version": "1.0",
                    "result": null,
                    "method": "blacklist",
                    "engine_update": "20220224"
                },
                "Sangfor": {
                    "category": "undetected",
                    "engine_name": "Sangfor",
                    "engine_version": "2.9.0.0",
                    "result": null,
                    "method": "blacklist",
                    "engine_update": "20211224"
                },
                "Trustlook": {
                    "category": "undetected",
                    "engine_name": "Trustlook",
                    "engine_version": "1.0",
                    "result": null,
                    "method": "blacklist",
                    "engine_update": "20220224"
                },
                "BitDefender": {
                    "category": "undetected",
                    "engine_name": "BitDefender",
                    "engine_version": "7.2",
                    "result": null,
                    "method": "blacklist",
                    "engine_update": "20220224"
                },
                "K7GW": {
                    "category": "undetected",
                    "engine_name": "K7GW",
                    "engine_version": "11.249.40993",
                    "result": null,
                    "method": "blacklist",
                    "engine_update": "20220224"
                },
                "K7AntiVirus": {
                    "category": "undetected",
                    "engine_name": "K7AntiVirus",
                    "engine_version": "11.249.40993",
                    "result": null,
                    "method": "blacklist",
                    "engine_update": "20220224"
                },
                "BitDefenderTheta": {
                    "category": "undetected",
                    "engine_name": "BitDefenderTheta",
                    "engine_version": "7.2.37796.0",
                    "result": null,
                    "method": "blacklist",
                    "engine_update": "20220217"
                },
                "VirIT": {
                    "category": "undetected",
                    "engine_name": "VirIT",
                    "engine_version": "9.5.141",
                    "result": null,
                    "method": "blacklist",
                    "engine_update": "20220224"
                },
                "Cyren": {
                    "category": "undetected",
                    "engine_name": "Cyren",
                    "engine_version": "6.5.1.2",
                    "result": null,
                    "method": "blacklist",
                    "engine_update": "20220225"
                },
                "SymantecMobileInsight": {
                    "category": "undetected",
                    "engine_name": "SymantecMobileInsight",
                    "engine_version": "2.0",
                    "result": null,
                    "method": "blacklist",
                    "engine_update": "20220208"
                },
                "Symantec": {
                    "category": "undetected",
                    "engine_name": "Symantec",
                    "engine_version": "1.16.0.0",
                    "result": null,
                    "method": "blacklist",
                    "engine_update": "20220224"
                },
                "ESET-NOD32": {
                    "category": "undetected",
                    "engine_name": "ESET-NOD32",
                    "engine_version": "24841",
                    "result": null,
                    "method": "blacklist",
                    "engine_update": "20220224"
                },
                "APEX": {
                    "category": "type-unsupported",
                    "engine_name": "APEX",
                    "engine_version": "6.263",
                    "result": null,
                    "method": "blacklist",
                    "engine_update": "20220222"
                },
                "TrendMicro-HouseCall": {
                    "category": "undetected",
                    "engine_name": "TrendMicro-HouseCall",
                    "engine_version": "10.0.0.1040",
                    "result": null,
                    "method": "blacklist",
                    "engine_update": "20220224"
                },
                "Avast": {
                    "category": "undetected",
                    "engine_name": "Avast",
                    "engine_version": "21.1.5827.0",
                    "result": null,
                    "method": "blacklist",
                    "engine_update": "20220224"
                },
                "ClamAV": {
                    "category": "undetected",
                    "engine_name": "ClamAV",
                    "engine_version": "0.104.2.0",
                    "result": null,
                    "method": "blacklist",
                    "engine_update": "20220224"
                },
                "Kaspersky": {
                    "category": "undetected",
                    "engine_name": "Kaspersky",
                    "engine_version": "21.0.1.45",
                    "result": null,
                    "method": "blacklist",
                    "engine_update": "20220225"
                },
                "Alibaba": {
                    "category": "undetected",
                    "engine_name": "Alibaba",
                    "engine_version": "0.3.0.5",
                    "result": null,
                    "method": "blacklist",
                    "engine_update": "20190527"
                },
                "NANO-Antivirus": {
                    "category": "undetected",
                    "engine_name": "NANO-Antivirus",
                    "engine_version": "1.0.146.25561",
                    "result": null,
                    "method": "blacklist",
                    "engine_update": "20220224"
                },
                "SUPERAntiSpyware": {
                    "category": "undetected",
                    "engine_name": "SUPERAntiSpyware",
                    "engine_version": "5.6.0.1032",
                    "result": null,
                    "method": "blacklist",
                    "engine_update": "20220219"
                },
                "Rising": {
                    "category": "undetected",
                    "engine_name": "Rising",
                    "engine_version": "25.0.0.27",
                    "result": null,
                    "method": "blacklist",
                    "engine_update": "20220224"
                },
                "Ad-Aware": {
                    "category": "undetected",
                    "engine_name": "Ad-Aware",
                    "engine_version": "3.0.21.193",
                    "result": null,
                    "method": "blacklist",
                    "engine_update": "20220224"
                },
                "Sophos": {
                    "category": "undetected",
                    "engine_name": "Sophos",
                    "engine_version": "1.4.1.0",
                    "result": null,
                    "method": "blacklist",
                    "engine_update": "20220224"
                },
                "Comodo": {
                    "category": "undetected",
                    "engine_name": "Comodo",
                    "engine_version": "34383",
                    "result": null,
                    "method": "blacklist",
                    "engine_update": "20220224"
                },
                "F-Secure": {
                    "category": "undetected",
                    "engine_name": "F-Secure",
                    "engine_version": "12.0.86.52",
                    "result": null,
                    "method": "blacklist",
                    "engine_update": "20220224"
                },
                "Baidu": {
                    "category": "undetected",
                    "engine_name": "Baidu",
                    "engine_version": "1.0.0.2",
                    "result": null,
                    "method": "blacklist",
                    "engine_update": "20190318"
                },
                "VIPRE": {
                    "category": "undetected",
                    "engine_name": "VIPRE",
                    "engine_version": "98492",
                    "result": null,
                    "method": "blacklist",
                    "engine_update": "20220119"
                },
                "TrendMicro": {
                    "category": "undetected",
                    "engine_name": "TrendMicro",
                    "engine_version": "11.0.0.1006",
                    "result": null,
                    "method": "blacklist",
                    "engine_update": "20220225"
                },
                "SentinelOne": {
                    "category": "type-unsupported",
                    "engine_name": "SentinelOne",
                    "engine_version": "7.2.0.1",
                    "result": null,
                    "method": "blacklist",
                    "engine_update": "20220201"
                },
                "Trapmine": {
                    "category": "type-unsupported",
                    "engine_name": "Trapmine",
                    "engine_version": "3.5.45.75",
                    "result": null,
                    "method": "blacklist",
                    "engine_update": "20220217"
                },
                "CMC": {
                    "category": "undetected",
                    "engine_name": "CMC",
                    "engine_version": "2.10.2019.1",
                    "result": null,
                    "method": "blacklist",
                    "engine_update": "20211026"
                },
                "Emsisoft": {
                    "category": "undetected",
                    "engine_name": "Emsisoft",
                    "engine_version": "2021.5.0.7597",
                    "result": null,
                    "method": "blacklist",
                    "engine_update": "20220224"
                },
                "Ikarus": {
                    "category": "undetected",
                    "engine_name": "Ikarus",
                    "engine_version": "0.1.5.2",
                    "result": null,
                    "method": "blacklist",
                    "engine_update": "20220224"
                },
                "GData": {
                    "category": "undetected",
                    "engine_name": "GData",
                    "engine_version": "A:25.32384B:27.26452",
                    "result": null,
                    "method": "blacklist",
                    "engine_update": "20220224"
                },
                "Jiangmin": {
                    "category": "undetected",
                    "engine_name": "Jiangmin",
                    "engine_version": "16.0.100",
                    "result": null,
                    "method": "blacklist",
                    "engine_update": "20220223"
                },
                "Webroot": {
                    "category": "type-unsupported",
                    "engine_name": "Webroot",
                    "engine_version": "1.0.0.403",
                    "result": null,
                    "method": "blacklist",
                    "engine_update": "20220224"
                },
                "Avira": {
                    "category": "undetected",
                    "engine_name": "Avira",
                    "engine_version": "8.3.3.14",
                    "result": null,
                    "method": "blacklist",
                    "engine_update": "20220224"
                },
                "eGambit": {
                    "category": "type-unsupported",
                    "engine_name": "eGambit",
                    "engine_version": null,
                    "result": null,
                    "method": "blacklist",
                    "engine_update": "20220224"
                },
                "Antiy-AVL": {
                    "category": "undetected",
                    "engine_name": "Antiy-AVL",
                    "engine_version": "3.0.0.1",
                    "result": null,
                    "method": "blacklist",
                    "engine_update": "20220224"
                },
                "Kingsoft": {
                    "category": "undetected",
                    "engine_name": "Kingsoft",
                    "engine_version": "2017.9.26.565",
                    "result": null,
                    "method": "blacklist",
                    "engine_update": "20220224"
                },
                "Microsoft": {
                    "category": "undetected",
                    "engine_name": "Microsoft",
                    "engine_version": "1.1.18900.3",
                    "result": null,
                    "method": "blacklist",
                    "engine_update": "20220225"
                },
                "Gridinsoft": {
                    "category": "undetected",
                    "engine_name": "Gridinsoft",
                    "engine_version": "1.0.74.174",
                    "result": null,
                    "method": "blacklist",
                    "engine_update": "20220224"
                },
                "Arcabit": {
                    "category": "undetected",
                    "engine_name": "Arcabit",
                    "engine_version": "1.0.0.889",
                    "result": null,
                    "method": "blacklist",
                    "engine_update": "20220224"
                },
                "ViRobot": {
                    "category": "undetected",
                    "engine_name": "ViRobot",
                    "engine_version": "2014.3.20.0",
                    "result": null,
                    "method": "blacklist",
                    "engine_update": "20220224"
                },
                "ZoneAlarm": {
                    "category": "undetected",
                    "engine_name": "ZoneAlarm",
                    "engine_version": "1.0",
                    "result": null,
                    "method": "blacklist",
                    "engine_update": "20220224"
                },
                "Avast-Mobile": {
                    "category": "undetected",
                    "engine_name": "Avast-Mobile",
                    "engine_version": "220224-00",
                    "result": null,
                    "method": "blacklist",
                    "engine_update": "20220224"
                },
                "Cynet": {
                    "category": "type-unsupported",
                    "engine_name": "Cynet",
                    "engine_version": "4.0.0.27",
                    "result": null,
                    "method": "blacklist",
                    "engine_update": "20220224"
                },
                "BitDefenderFalx": {
                    "category": "undetected",
                    "engine_name": "BitDefenderFalx",
                    "engine_version": "2.0.936",
                    "result": null,
                    "method": "blacklist",
                    "engine_update": "20220103"
                },
                "AhnLab-V3": {
                    "category": "undetected",
                    "engine_name": "AhnLab-V3",
                    "engine_version": "3.21.3.10230",
                    "result": null,
                    "method": "blacklist",
                    "engine_update": "20220224"
                },
                "Acronis": {
                    "category": "type-unsupported",
                    "engine_name": "Acronis",
                    "engine_version": "1.1.1.82",
                    "result": null,
                    "method": "blacklist",
                    "engine_update": "20210512"
                },
                "VBA32": {
                    "category": "undetected",
                    "engine_name": "VBA32",
                    "engine_version": "5.0.0",
                    "result": null,
                    "method": "blacklist",
                    "engine_update": "20220224"
                },
                "TACHYON": {
                    "category": "undetected",
                    "engine_name": "TACHYON",
                    "engine_version": "2022-02-24.02",
                    "result": null,
                    "method": "blacklist",
                    "engine_update": "20220224"
                },
                "Cylance": {
                    "category": "type-unsupported",
                    "engine_name": "Cylance",
                    "engine_version": "2.3.1.101",
                    "result": null,
                    "method": "blacklist",
                    "engine_update": "20220225"
                },
                "Zoner": {
                    "category": "undetected",
                    "engine_name": "Zoner",
                    "engine_version": "2.2.2.0",
                    "result": null,
                    "method": "blacklist",
                    "engine_update": "20220223"
                },
                "Tencent": {
                    "category": "undetected",
                    "engine_name": "Tencent",
                    "engine_version": "1.0.0.1",
                    "result": null,
                    "method": "blacklist",
                    "engine_update": "20220224"
                },
                "Yandex": {
                    "category": "undetected",
                    "engine_name": "Yandex",
                    "engine_version": "5.5.2.24",
                    "result": null,
                    "method": "blacklist",
                    "engine_update": "20220224"
                },
                "MAX": {
                    "category": "undetected",
                    "engine_name": "MAX",
                    "engine_version": "2019.9.16.1",
                    "result": null,
                    "method": "blacklist",
                    "engine_update": "20220224"
                },
                "MaxSecure": {
                    "category": "undetected",
                    "engine_name": "MaxSecure",
                    "engine_version": "1.0.0.1",
                    "result": null,
                    "method": "blacklist",
                    "engine_update": "20220224"
                },
                "Fortinet": {
                    "category": "undetected",
                    "engine_name": "Fortinet",
                    "engine_version": "6.2.142.0",
                    "result": null,
                    "method": "blacklist",
                    "engine_update": "20220224"
                },
                "Cybereason": {
                    "category": "type-unsupported",
                    "engine_name": "Cybereason",
                    "engine_version": "1.2.449",
                    "result": null,
                    "method": "blacklist",
                    "engine_update": "20210330"
                },
                "Panda": {
                    "category": "undetected",
                    "engine_name": "Panda",
                    "engine_version": "4.6.4.2",
                    "result": null,
                    "method": "blacklist",
                    "engine_update": "20220224"
                },
                "CrowdStrike": {
                    "category": "type-unsupported",
                    "engine_name": "CrowdStrike",
                    "engine_version": "1.0",
                    "result": null,
                    "method": "blacklist",
                    "engine_update": "20210907"
                }
            }
        },
        "type": "file",
        "id": "000022029986c121b891c377db8737a70afdc6a26c9e4517bf029878ff605470",
        "links": {
            "self": "https://www.virustotal.com/api/v3/files/000022029986c121b891c377db8737a70afdc6a26c9e4517bf029878ff605470"
        }
    }
}