{
    "data": {
        "attributes": {
            "type_description": "Android",
            "tlsh": "T1EF673396F399DD2BC9BB803246B616A761890E11C683D34B1828736CFCB7ED05E497F4",
            "vhash": "862efae30cf0b3f4119fbd9dfe3d5b18",
            "trid": [
                {
                    "file_type": "Android Package",
                    "probability": 57.0
                },
                {
                    "file_type": "Java Archive",
                    "probability": 20.0
                },
                {
                    "file_type": "Sweet Home 3D design (generic)",
                    "probability": 15.5
                },
                {
                    "file_type": "ZIP compressed archive",
                    "probability": 5.9
                },
                {
                    "file_type": "PrintFox/Pagefox bitmap (640x800)",
                    "probability": 1.4
                }
            ],
            "names": [
                "000028EA8D6DF46C51EA6CEE7B2B7A97B816D8EF9A1296C9D98F835117DEE191.apk",
                "0DE999DC91DAE86AC9F14430D8256BE3"
            ],
            "last_modification_date": 1648101731,
            "type_tag": "android",
            "times_submitted": 5,
            "total_votes": {
                "harmless": 0,
                "malicious": 0
            },
            "size": 31221901,
            "type_extension": "apk",
            "last_submission_date": 1648094432,
            "last_analysis_results": {
                "Bkav": {
                    "category": "undetected",
                    "engine_name": "Bkav",
                    "engine_version": "1.3.0.9899",
                    "result": null,
                    "method": "blacklist",
                    "engine_update": "20220322"
                },
                "Lionic": {
                    "category": "undetected",
                    "engine_name": "Lionic",
                    "engine_version": "7.5",
                    "result": null,
                    "method": "blacklist",
                    "engine_update": "20220324"
                },
                "tehtris": {
                    "category": "type-unsupported",
                    "engine_name": "tehtris",
                    "engine_version": "v0.0.7",
                    "result": null,
                    "method": "blacklist",
                    "engine_update": "20220324"
                },
                "DrWeb": {
                    "category": "undetected",
                    "engine_name": "DrWeb",
                    "engine_version": "7.0.54.3080",
                    "result": null,
                    "method": "blacklist",
                    "engine_update": "20220324"
                },
                "MicroWorld-eScan": {
                    "category": "undetected",
                    "engine_name": "MicroWorld-eScan",
                    "engine_version": "14.0.409.0",
                    "result": null,
                    "method": "blacklist",
                    "engine_update": "20220324"
                },
                "FireEye": {
                    "category": "undetected",
                    "engine_name": "FireEye",
                    "engine_version": "32.44.1.0",
                    "result": null,
                    "method": "blacklist",
                    "engine_update": "20220324"
                },
                "CAT-QuickHeal": {
                    "category": "undetected",
                    "engine_name": "CAT-QuickHeal",
                    "engine_version": "14.00",
                    "result": null,
                    "method": "blacklist",
                    "engine_update": "20220323"
                },
                "McAfee": {
                    "category": "undetected",
                    "engine_name": "McAfee",
                    "engine_version": "6.0.6.653",
                    "result": null,
                    "method": "blacklist",
                    "engine_update": "20220324"
                },
                "Malwarebytes": {
                    "category": "undetected",
                    "engine_name": "Malwarebytes",
                    "engine_version": "4.2.2.27",
                    "result": null,
                    "method": "blacklist",
                    "engine_update": "20220324"
                },
                "Paloalto": {
                    "category": "type-unsupported",
                    "engine_name": "Paloalto",
                    "engine_version": "0.9.0.1003",
                    "result": null,
                    "method": "blacklist",
                    "engine_update": "20220324"
                },
                "Sangfor": {
                    "category": "undetected",
                    "engine_name": "Sangfor",
                    "engine_version": "2.9.0.0",
                    "result": null,
                    "method": "blacklist",
                    "engine_update": "20211224"
                },
                "Trustlook": {
                    "category": "undetected",
                    "engine_name": "Trustlook",
                    "engine_version": "1.0",
                    "result": null,
                    "method": "blacklist",
                    "engine_update": "20220324"
                },
                "Alibaba": {
                    "category": "undetected",
                    "engine_name": "Alibaba",
                    "engine_version": "0.3.0.5",
                    "result": null,
                    "method": "blacklist",
                    "engine_update": "20190527"
                },
                "K7GW": {
                    "category": "undetected",
                    "engine_name": "K7GW",
                    "engine_version": "11.255.41451",
                    "result": null,
                    "method": "blacklist",
                    "engine_update": "20220324"
                },
                "K7AntiVirus": {
                    "category": "undetected",
                    "engine_name": "K7AntiVirus",
                    "engine_version": "11.255.41445",
                    "result": null,
                    "method": "blacklist",
                    "engine_update": "20220323"
                },
                "Arcabit": {
                    "category": "undetected",
                    "engine_name": "Arcabit",
                    "engine_version": "1.0.0.889",
                    "result": null,
                    "method": "blacklist",
                    "engine_update": "20220323"
                },
                "BitDefenderTheta": {
                    "category": "undetected",
                    "engine_name": "BitDefenderTheta",
                    "engine_version": "7.2.37796.0",
                    "result": null,
                    "method": "blacklist",
                    "engine_update": "20220318"
                },
                "VirIT": {
                    "category": "undetected",
                    "engine_name": "VirIT",
                    "engine_version": "9.5.160",
                    "result": null,
                    "method": "blacklist",
                    "engine_update": "20220323"
                },
                "Cyren": {
                    "category": "undetected",
                    "engine_name": "Cyren",
                    "engine_version": "6.5.1.2",
                    "result": null,
                    "method": "blacklist",
                    "engine_update": "20220324"
                },
                "SymantecMobileInsight": {
                    "category": "undetected",
                    "engine_name": "SymantecMobileInsight",
                    "engine_version": "2.0",
                    "result": null,
                    "method": "blacklist",
                    "engine_update": "20220208"
                },
                "Elastic": {
                    "category": "type-unsupported",
                    "engine_name": "Elastic",
                    "engine_version": "4.0.35",
                    "result": null,
                    "method": "blacklist",
                    "engine_update": "20220302"
                },
                "ESET-NOD32": {
                    "category": "undetected",
                    "engine_name": "ESET-NOD32",
                    "engine_version": "24990",
                    "result": null,
                    "method": "blacklist",
                    "engine_update": "20220324"
                },
                "APEX": {
                    "category": "type-unsupported",
                    "engine_name": "APEX",
                    "engine_version": "6.273",
                    "result": null,
                    "method": "blacklist",
                    "engine_update": "20220322"
                },
                "TrendMicro-HouseCall": {
                    "category": "undetected",
                    "engine_name": "TrendMicro-HouseCall",
                    "engine_version": "10.0.0.1040",
                    "result": null,
                    "method": "blacklist",
                    "engine_update": "20220323"
                },
                "Avast": {
                    "category": "undetected",
                    "engine_name": "Avast",
                    "engine_version": "21.1.5827.0",
                    "result": null,
                    "method": "blacklist",
                    "engine_update": "20220324"
                },
                "ClamAV": {
                    "category": "undetected",
                    "engine_name": "ClamAV",
                    "engine_version": "0.104.2.0",
                    "result": null,
                    "method": "blacklist",
                    "engine_update": "20220323"
                },
                "Kaspersky": {
                    "category": "undetected",
                    "engine_name": "Kaspersky",
                    "engine_version": "21.0.1.45",
                    "result": null,
                    "method": "blacklist",
                    "engine_update": "20220324"
                },
                "BitDefender": {
                    "category": "undetected",
                    "engine_name": "BitDefender",
                    "engine_version": "7.2",
                    "result": null,
                    "method": "blacklist",
                    "engine_update": "20220324"
                },
                "NANO-Antivirus": {
                    "category": "undetected",
                    "engine_name": "NANO-Antivirus",
                    "engine_version": "1.0.146.25563",
                    "result": null,
                    "method": "blacklist",
                    "engine_update": "20220324"
                },
                "ViRobot": {
                    "category": "undetected",
                    "engine_name": "ViRobot",
                    "engine_version": "2014.3.20.0",
                    "result": null,
                    "method": "blacklist",
                    "engine_update": "20220323"
                },
                "Tencent": {
                    "category": "undetected",
                    "engine_name": "Tencent",
                    "engine_version": "1.0.0.1",
                    "result": null,
                    "method": "blacklist",
                    "engine_update": "20220324"
                },
                "Ad-Aware": {
                    "category": "undetected",
                    "engine_name": "Ad-Aware",
                    "engine_version": "3.0.21.193",
                    "result": null,
                    "method": "blacklist",
                    "engine_update": "20220324"
                },
                "Emsisoft": {
                    "category": "undetected",
                    "engine_name": "Emsisoft",
                    "engine_version": "2021.5.0.7597",
                    "result": null,
                    "method": "blacklist",
                    "engine_update": "20220324"
                },
                "Comodo": {
                    "category": "undetected",
                    "engine_name": "Comodo",
                    "engine_version": "34465",
                    "result": null,
                    "method": "blacklist",
                    "engine_update": "20220323"
                },
                "F-Secure": {
                    "category": "undetected",
                    "engine_name": "F-Secure",
                    "engine_version": "12.0.86.52",
                    "result": null,
                    "method": "blacklist",
                    "engine_update": "20220323"
                },
                "Baidu": {
                    "category": "undetected",
                    "engine_name": "Baidu",
                    "engine_version": "1.0.0.2",
                    "result": null,
                    "method": "blacklist",
                    "engine_update": "20190318"
                },
                "Zillya": {
                    "category": "undetected",
                    "engine_name": "Zillya",
                    "engine_version": "2.0.0.4595",
                    "result": null,
                    "method": "blacklist",
                    "engine_update": "20220323"
                },
                "TrendMicro": {
                    "category": "undetected",
                    "engine_name": "TrendMicro",
                    "engine_version": "11.0.0.1006",
                    "result": null,
                    "method": "blacklist",
                    "engine_update": "20220324"
                },
                "McAfee-GW-Edition": {
                    "category": "undetected",
                    "engine_name": "McAfee-GW-Edition",
                    "engine_version": "v2019.1.2+3728",
                    "result": null,
                    "method": "blacklist",
                    "engine_update": "20220323"
                },
                "SentinelOne": {
                    "category": "type-unsupported",
                    "engine_name": "SentinelOne",
                    "engine_version": "7.2.0.1",
                    "result": null,
                    "method": "blacklist",
                    "engine_update": "20220201"
                },
                "Trapmine": {
                    "category": "type-unsupported",
                    "engine_name": "Trapmine",
                    "engine_version": "3.5.45.75",
                    "result": null,
                    "method": "blacklist",
                    "engine_update": "20220217"
                },
                "CMC": {
                    "category": "undetected",
                    "engine_name": "CMC",
                    "engine_version": "2.10.2019.1",
                    "result": null,
                    "method": "blacklist",
                    "engine_update": "20211026"
                },
                "Sophos": {
                    "category": "undetected",
                    "engine_name": "Sophos",
                    "engine_version": "1.4.1.0",
                    "result": null,
                    "method": "blacklist",
                    "engine_update": "20220324"
                },
                "Ikarus": {
                    "category": "undetected",
                    "engine_name": "Ikarus",
                    "engine_version": "6.0.11.0",
                    "result": null,
                    "method": "blacklist",
                    "engine_update": "20220323"
                },
                "Avast-Mobile": {
                    "category": "undetected",
                    "engine_name": "Avast-Mobile",
                    "engine_version": "220323-00",
                    "result": null,
                    "method": "blacklist",
                    "engine_update": "20220323"
                },
                "Jiangmin": {
                    "category": "undetected",
                    "engine_name": "Jiangmin",
                    "engine_version": "16.0.100",
                    "result": null,
                    "method": "blacklist",
                    "engine_update": "20220323"
                },
                "Webroot": {
                    "category": "type-unsupported",
                    "engine_name": "Webroot",
                    "engine_version": "1.0.0.403",
                    "result": null,
                    "method": "blacklist",
                    "engine_update": "20220324"
                },
                "Avira": {
                    "category": "undetected",
                    "engine_name": "Avira",
                    "engine_version": "8.3.3.14",
                    "result": null,
                    "method": "blacklist",
                    "engine_update": "20220324"
                },
                "Antiy-AVL": {
                    "category": "undetected",
                    "engine_name": "Antiy-AVL",
                    "engine_version": "3.0.0.1",
                    "result": null,
                    "method": "blacklist",
                    "engine_update": "20220323"
                },
                "Kingsoft": {
                    "category": "undetected",
                    "engine_name": "Kingsoft",
                    "engine_version": "2017.9.26.565",
                    "result": null,
                    "method": "blacklist",
                    "engine_update": "20220324"
                },
                "Gridinsoft": {
                    "category": "undetected",
                    "engine_name": "Gridinsoft",
                    "engine_version": "1.0.74.174",
                    "result": null,
                    "method": "blacklist",
                    "engine_update": "20220324"
                },
                "Microsoft": {
                    "category": "undetected",
                    "engine_name": "Microsoft",
                    "engine_version": "1.1.19000.8",
                    "result": null,
                    "method": "blacklist",
                    "engine_update": "20220323"
                },
                "SUPERAntiSpyware": {
                    "category": "undetected",
                    "engine_name": "SUPERAntiSpyware",
                    "engine_version": "5.6.0.1032",
                    "result": null,
                    "method": "blacklist",
                    "engine_update": "20220319"
                },
                "ZoneAlarm": {
                    "category": "undetected",
                    "engine_name": "ZoneAlarm",
                    "engine_version": "1.0",
                    "result": null,
                    "method": "blacklist",
                    "engine_update": "20220324"
                },
                "GData": {
                    "category": "undetected",
                    "engine_name": "GData",
                    "engine_version": "A:25.32620B:27.26769",
                    "result": null,
                    "method": "blacklist",
                    "engine_update": "20220324"
                },
                "Cynet": {
                    "category": "type-unsupported",
                    "engine_name": "Cynet",
                    "engine_version": "4.0.0.27",
                    "result": null,
                    "method": "blacklist",
                    "engine_update": "20220324"
                },
                "BitDefenderFalx": {
                    "category": "undetected",
                    "engine_name": "BitDefenderFalx",
                    "engine_version": "2.0.936",
                    "result": null,
                    "method": "blacklist",
                    "engine_update": "20220103"
                },
                "AhnLab-V3": {
                    "category": "undetected",
                    "engine_name": "AhnLab-V3",
                    "engine_version": "3.21.3.10230",
                    "result": null,
                    "method": "blacklist",
                    "engine_update": "20220323"
                },
                "Acronis": {
                    "category": "type-unsupported",
                    "engine_name": "Acronis",
                    "engine_version": "1.1.1.82",
                    "result": null,
                    "method": "blacklist",
                    "engine_update": "20210512"
                },
                "VBA32": {
                    "category": "undetected",
                    "engine_name": "VBA32",
                    "engine_version": "5.0.0",
                    "result": null,
                    "method": "blacklist",
                    "engine_update": "20220323"
                },
                "ALYac": {
                    "category": "undetected",
                    "engine_name": "ALYac",
                    "engine_version": "1.1.3.1",
                    "result": null,
                    "method": "blacklist",
                    "engine_update": "20220324"
                },
                "MAX": {
                    "category": "undetected",
                    "engine_name": "MAX",
                    "engine_version": "2019.9.16.1",
                    "result": null,
                    "method": "blacklist",
                    "engine_update": "20220324"
                },
                "Cylance": {
                    "category": "type-unsupported",
                    "engine_name": "Cylance",
                    "engine_version": "2.3.1.101",
                    "result": null,
                    "method": "blacklist",
                    "engine_update": "20220324"
                },
                "Zoner": {
                    "category": "undetected",
                    "engine_name": "Zoner",
                    "engine_version": "2.2.2.0",
                    "result": null,
                    "method": "blacklist",
                    "engine_update": "20220323"
                },
                "Rising": {
                    "category": "undetected",
                    "engine_name": "Rising",
                    "engine_version": "25.0.0.27",
                    "result": null,
                    "method": "blacklist",
                    "engine_update": "20220323"
                },
                "Yandex": {
                    "category": "undetected",
                    "engine_name": "Yandex",
                    "engine_version": "5.5.2.24",
                    "result": null,
                    "method": "blacklist",
                    "engine_update": "20220323"
                },
                "TACHYON": {
                    "category": "undetected",
                    "engine_name": "TACHYON",
                    "engine_version": "2022-03-24.01",
                    "result": null,
                    "method": "blacklist",
                    "engine_update": "20220324"
                },
                "MaxSecure": {
                    "category": "undetected",
                    "engine_name": "MaxSecure",
                    "engine_version": "1.0.0.1",
                    "result": null,
                    "method": "blacklist",
                    "engine_update": "20220323"
                },
                "Fortinet": {
                    "category": "undetected",
                    "engine_name": "Fortinet",
                    "engine_version": "6.2.142.0",
                    "result": null,
                    "method": "blacklist",
                    "engine_update": "20220324"
                },
                "Cybereason": {
                    "category": "type-unsupported",
                    "engine_name": "Cybereason",
                    "engine_version": "1.2.449",
                    "result": null,
                    "method": "blacklist",
                    "engine_update": "20210330"
                },
                "Panda": {
                    "category": "undetected",
                    "engine_name": "Panda",
                    "engine_version": "4.6.4.2",
                    "result": null,
                    "method": "blacklist",
                    "engine_update": "20220323"
                },
                "CrowdStrike": {
                    "category": "type-unsupported",
                    "engine_name": "CrowdStrike",
                    "engine_version": "1.0",
                    "result": null,
                    "method": "blacklist",
                    "engine_update": "20210907"
                }
            },
            "sha256": "000028ea8d6df46c51ea6cee7b2b7a97b816d8ef9a1296c9d98f835117dee191",
            "tags": [
                "apk",
                "android",
                "reflection"
            ],
            "last_analysis_date": 1648094432,
            "unique_sources": 3,
            "first_submission_date": 1616106998,
            "sha1": "eb5aae45c299b660010a33e9bb16e1836e2a44dd",
            "ssdeep": "786432:flet2FNx+8z7g8jz3Bs3k+8xFAKHH2bnnk:fsQNPPTi0+8xFrn6k",
            "bundle_info": {
                "highest_datetime": "1980-00-00 00:00:00",
                "lowest_datetime": "1980-00-00 00:00:00",
                "num_children": 1177,
                "extensions": {
                    "xml": 69,
                    "dex": 2,
                    "map": 3,
                    "dat": 3,
                    "ini": 1,
                    "txt": 1,
                    "png": 291
                },
                "file_types": {
                    "XML": 78,
                    "unknown": 629,
                    "DEX": 2,
                    "PNG": 291
                },
                "type": "APK",
                "uncompressed_size": 153236876
            },
            "md5": "0de999dc91dae86ac9f14430d8256be3",
            "androguard": {
                "VTAndroidInfo": 2.0,
                "Libraries": [
                    "org.apache.http.legacy"
                ],
                "AndroidApplicationError": false,
                "MinSdkVersion": "22",
                "AndroguardVersion": "3.4.0a1",
                "Activities": [
                    "com.google.firebase.MessagingUnityPlayerActivity",
                    "com.facebook.unity.FBUnityLoginActivity",
                    "com.facebook.unity.FBUnityDialogsActivity",
                    "com.facebook.unity.FBUnityGamingServicesFriendFinderActivity",
                    "com.facebook.unity.FBUnityAppLinkActivity",
                    "com.facebook.unity.FBUnityDeepLinkingActivity",
                    "com.facebook.unity.FBUnityGameRequestActivity",
                    "com.facebook.unity.FBUnityCreateGameGroupActivity",
                    "com.facebook.unity.FBUnityJoinGameGroupActivity",
                    "com.facebook.ads.AudienceNetworkActivity",
                    "com.facebook.FacebookActivity",
                    "com.facebook.CustomTabMainActivity",
                    "com.facebook.CustomTabActivity",
                    "com.google.android.gms.ads.AdActivity",
                    "com.google.android.gms.common.api.GoogleApiActivity",
                    "com.google.android.play.core.missingsplits.PlayCoreMissingSplitsActivity",
                    "com.google.android.play.core.common.PlayCoreDialogWrapperActivity",
                    "com.unity3d.services.ads.adunit.AdUnitActivity",
                    "com.unity3d.services.ads.adunit.AdUnitTransparentActivity",
                    "com.unity3d.services.ads.adunit.AdUnitTransparentSoftwareActivity",
                    "com.unity3d.services.ads.adunit.AdUnitSoftwareActivity"
                ],
                "certificate": {
                    "Subject": {
                        "DN": "C:US, CN:Android, L:Mountain View, O:Google Inc., ST:California, OU:Android",
                        "C": "US",
                        "CN": "Android",
                        "L": "Mountain View",
                        "O": "Google Inc.",
                        "ST": "California",
                        "OU": "Android"
                    },
                    "validto": "2049-01-08 12:31:09",
                    "serialnumber": "b13b49317877bc3a42a09e50e7443be0731b9c29",
                    "thumbprint": "9d2035bddcadca2d79f43bfb9015e17ac26582d1",
                    "validfrom": "2019-01-08 12:31:09",
                    "Issuer": {
                        "DN": "C:US, CN:Android, L:Mountain View, O:Google Inc., ST:California, OU:Android",
                        "C": "US",
                        "CN": "Android",
                        "L": "Mountain View",
                        "O": "Google Inc.",
                        "ST": "California",
                        "OU": "Android"
                    }
                },
                "AndroidApplication": 1,
                "RiskIndicator": {
                    "APK": {
                        "DEX": 1
                    },
                    "PERM": {
                        "GPS": 1,
                        "NORMAL": 5,
                        "INSTANT": 4,
                        "PRIVACY": 1,
                        "INTERNET": 1
                    }
                },
                "Services": [
                    "com.moonfrog.mfsdk_stats.StatsJobScheduler",
                    "com.google.firebase.messaging.MessageForwardingService",
                    "androidx.room.MultiInstanceInvalidationService",
                    "androidx.work.impl.background.systemalarm.SystemAlarmService",
                    "androidx.work.impl.background.systemjob.SystemJobService",
                    "com.google.android.datatransport.runtime.backends.TransportBackendDiscovery",
                    "com.google.android.datatransport.runtime.scheduling.jobscheduling.JobInfoSchedulerService",
                    "com.google.android.gms.ads.AdService",
                    "com.google.android.gms.measurement.AppMeasurementService",
                    "com.google.android.gms.measurement.AppMeasurementJobService",
                    "com.google.firebase.components.ComponentDiscoveryService",
                    "com.google.android.play.core.assetpacks.AssetPackExtractionService",
                    "com.google.firebase.messaging.FirebaseMessagingService",
                    "com.google.firebase.messaging.cpp.ListenerService",
                    "com.google.firebase.messaging.cpp.RegistrationIntentService"
                ],
                "AndroidVersionCode": "1082",
                "main_activity": "com.google.firebase.MessagingUnityPlayerActivity",
                "Package": "com.ulkagames.callbridge",
                "intent_filters": {
                    "Services": {
                        "com.google.firebase.messaging.FirebaseMessagingService": {
                            "action": [
                                "com.google.firebase.MESSAGING_EVENT"
                            ]
                        },
                        "com.google.firebase.messaging.cpp.ListenerService": {
                            "action": [
                                "com.google.firebase.MESSAGING_EVENT"
                            ]
                        }
                    },
                    "Activities": {
                        "com.google.firebase.MessagingUnityPlayerActivity": {
                            "action": [
                                "android.intent.action.MAIN"
                            ],
                            "category": [
                                "android.intent.category.LAUNCHER"
                            ]
                        },
                        "com.facebook.CustomTabActivity": {
                            "action": [
                                "android.intent.action.VIEW"
                            ],
                            "category": [
                                "android.intent.category.DEFAULT",
                                "android.intent.category.BROWSABLE"
                            ]
                        }
                    },
                    "Receivers": {
                        "androidx.work.impl.background.systemalarm.ConstraintProxy$BatteryNotLowProxy": {
                            "action": [
                                "android.intent.action.BATTERY_OKAY",
                                "android.intent.action.BATTERY_LOW"
                            ]
                        },
                        "androidx.work.impl.background.systemalarm.ConstraintProxy$StorageNotLowProxy": {
                            "action": [
                                "android.intent.action.DEVICE_STORAGE_LOW",
                                "android.intent.action.DEVICE_STORAGE_OK"
                            ]
                        },
                        "com.google.firebase.iid.FirebaseInstanceIdReceiver": {
                            "action": [
                                "com.google.android.c2dm.intent.RECEIVE"
                            ]
                        },
                        "com.facebook.CurrentAccessTokenExpirationBroadcastReceiver": {
                            "action": [
                                "com.facebook.sdk.ACTION_CURRENT_ACCESS_TOKEN_CHANGED"
                            ]
                        },
                        "androidx.work.impl.background.systemalarm.ConstraintProxy$NetworkStateProxy": {
                            "action": [
                                "android.net.conn.CONNECTIVITY_CHANGE"
                            ]
                        },
                        "androidx.work.impl.background.systemalarm.ConstraintProxy$BatteryChargingProxy": {
                            "action": [
                                "android.intent.action.ACTION_POWER_CONNECTED",
                                "android.intent.action.ACTION_POWER_DISCONNECTED"
                            ]
                        },
                        "androidx.work.impl.background.systemalarm.ConstraintProxyUpdateReceiver": {
                            "action": [
                                "androidx.work.impl.background.systemalarm.UpdateProxies"
                            ]
                        },
                        "com.unity.androidnotifications.UnityNotificationRestartOnBootReceiver": {
                            "action": [
                                "android.intent.action.BOOT_COMPLETED"
                            ]
                        },
                        "androidx.work.impl.background.systemalarm.RescheduleReceiver": {
                            "action": [
                                "android.intent.action.BOOT_COMPLETED",
                                "android.intent.action.TIME_SET",
                                "android.intent.action.TIMEZONE_CHANGED"
                            ]
                        }
                    }
                },
                "AndroidVersionName": "10.82",
                "TargetSdkVersion": "30",
                "AndroidApplicationInfo": "APK",
                "Providers": [
                    "com.facebook.FacebookContentProvider",
                    "androidx.work.impl.WorkManagerInitializer",
                    "com.facebook.ads.AudienceNetworkContentProvider",
                    "com.facebook.internal.FacebookInitProvider",
                    "com.google.android.gms.ads.MobileAdsInitProvider",
                    "com.google.firebase.provider.FirebaseInitProvider"
                ],
                "permission_details": {
                    "android.permission.ACCESS_FINE_LOCATION": {
                        "short_description": "access precise location only in the foreground",
                        "full_description": "This app can get your exact location only when it is in the foreground. These location services must be turned on and available on your phone for the app to be able to use them. This may increase battery consumption.",
                        "permission_type": "dangerous|instant"
                    },
                    "com.ulkagames.callbridge.permission.C2D_MESSAGE": {
                        "short_description": "Unknown permission from android reference",
                        "full_description": "Unknown permission from android reference",
                        "permission_type": "normal"
                    },
                    "android.permission.RECEIVE_BOOT_COMPLETED": {
                        "short_description": "run at startup",
                        "full_description": "Allows the app to\n        have itself started as soon as the system has finished booting.\n        This can make it take longer to start the phone and allow the\n        app to slow down the overall phone by always running.",
                        "permission_type": "normal"
                    },
                    "android.permission.VIBRATE": {
                        "short_description": "control vibration",
                        "full_description": "Allows the app to control the vibrator.",
                        "permission_type": "normal|instant"
                    },
                    "com.google.android.c2dm.permission.RECEIVE": {
                        "short_description": "Unknown permission from android reference",
                        "full_description": "Unknown permission from android reference",
                        "permission_type": "normal"
                    },
                    "android.permission.ACCESS_NETWORK_STATE": {
                        "short_description": "view network connections",
                        "full_description": "Allows the app to view\n      information about network connections such as which networks exist and are\n      connected.",
                        "permission_type": "normal|instant"
                    },
                    "android.permission.WAKE_LOCK": {
                        "short_description": "prevent phone from sleeping",
                        "full_description": "Allows the app to prevent the phone from going to sleep.",
                        "permission_type": "normal|instant"
                    },
                    "com.google.android.finsky.permission.BIND_GET_INSTALL_REFERRER_SERVICE": {
                        "short_description": "Unknown permission from android reference",
                        "full_description": "Unknown permission from android reference",
                        "permission_type": "normal"
                    },
                    "android.permission.INTERNET": {
                        "short_description": "have full network access",
                        "full_description": "Allows the app to create\n     network sockets and use custom network protocols. The browser and other\n     applications provide means to send data to the internet, so this\n     permission is not required to send data to the internet.",
                        "permission_type": "normal|instant"
                    },
                    "android.permission.FOREGROUND_SERVICE": {
                        "short_description": "run foreground service",
                        "full_description": "Allows the app to make use of foreground services.",
                        "permission_type": "normal|instant"
                    }
                },
                "Receivers": [
                    "com.moonfrog.mfsdk_stats.BackgroundStatsUploader",
                    "com.unity.androidnotifications.UnityNotificationManager",
                    "com.unity.androidnotifications.UnityNotificationRestartOnBootReceiver",
                    "androidx.work.impl.utils.ForceStopRunnable$BroadcastReceiver",
                    "androidx.work.impl.background.systemalarm.ConstraintProxy$BatteryChargingProxy",
                    "androidx.work.impl.background.systemalarm.ConstraintProxy$BatteryNotLowProxy",
                    "androidx.work.impl.background.systemalarm.ConstraintProxy$StorageNotLowProxy",
                    "androidx.work.impl.background.systemalarm.ConstraintProxy$NetworkStateProxy",
                    "androidx.work.impl.background.systemalarm.RescheduleReceiver",
                    "androidx.work.impl.background.systemalarm.ConstraintProxyUpdateReceiver",
                    "com.facebook.CurrentAccessTokenExpirationBroadcastReceiver",
                    "com.google.android.datatransport.runtime.scheduling.jobscheduling.AlarmManagerSchedulerBroadcastReceiver",
                    "com.google.android.gms.measurement.AppMeasurementReceiver",
                    "com.google.firebase.iid.FirebaseInstanceIdReceiver"
                ],
                "StringsInformation": [
                    "http://schemas.android.com/apk/res/android",
                    "http://www.example.com",
                    "http://www.google.com",
                    "https://%s/%s/%s",
                    "https://.facebook.com",
                    "https://adservice.google.com/getconfig/pubvendors",
                    "https://app-measurement.com/a",
                    "https://config.unityads.unity3d.com/webview/",
                    "https://config.unityads.unitychina.cn/webview/",
                    "https://csi.gstatic.com/csi",
                    "https://facebook.com",
                    "https://facebook.com/device?user_code=%1$s&qr=1",
                    "https://fb.gg/me/community/",
                    "https://fb.gg/me/friendfinder/",
                    "https://fb.gg/me/media_asset/",
                    "https://firebase-settings.crashlytics.com/spi/v2/platforms/android/gmp/%s/settings",
                    "https://google.com/search?",
                    "https://googleads.g.doubleclick.net/mads/static/mad/sdk/native/native_ads.html",
                    "https://googleads.g.doubleclick.net/mads/static/mad/sdk/native/production/mraid/v3/mraid_app_banner.js",
                    "https://googleads.g.doubleclick.net/mads/static/mad/sdk/native/production/mraid/v3/mraid_app_expanded_banner.js",
                    "https://googleads.g.doubleclick.net/mads/static/mad/sdk/native/production/mraid/v3/mraid_app_interstitial.js",
                    "https://googleads.g.doubleclick.net/mads/static/mad/sdk/native/production/native_ads.js",
                    "https://googleads.g.doubleclick.net/mads/static/mad/sdk/native/production/sdk-core-v40-impl.html",
                    "https://googleads.g.doubleclick.net/mads/static/mad/sdk/native/production/sdk-core-v40-impl.js",
                    "https://googleads.g.doubleclick.net/mads/static/mad/sdk/native/sdk-core-v40-loader.html",
                    "https://graph-video.%s",
                    "https://graph.%s",
                    "https://imasdk.googleapis.com/admob/sdkloader/native_video.html",
                    "https://pagead2.googlesyndication.com/pagead/gen_204?id=gmob-apps",
                    "https://plus.google.com/",
                    "https://reports.crashlytics.com/sdk-api/v1/platforms/android/apps/%s/minidumps",
                    "https://reports.crashlytics.com/spi/v1/platforms/android/apps/%s/reports",
                    "https://support.google.com/dfp_premium/answer/7160685#push",
                    "https://update.crashlytics.com/spi/v1/platforms/android/apps",
                    "https://update.crashlytics.com/spi/v1/platforms/android/apps/%s",
                    "https://www.facebook.com/adnw_logging/",
                    "https://www.google.com",
                    "https://www.google.com/dfp/debugSignals",
                    "https://www.google.com/dfp/inAppPreview",
                    "https://www.google.com/dfp/linkDevice",
                    "https://www.google.com/dfp/sendDebugData",
                    "https://www.googleadservices.com/pagead/conversion/app/deeplink?id_type=adid&sdk_version=%s&rdid=%s&bundleid=%s&retry=%s"
                ]
            },
            "magic": "Zip archive data",
            "last_analysis_stats": {
                "harmless": 0,
                "type-unsupported": 12,
                "suspicious": 0,
                "confirmed-timeout": 0,
                "timeout": 0,
                "failure": 0,
                "malicious": 0,
                "undetected": 60
            },
            "meaningful_name": "000028EA8D6DF46C51EA6CEE7B2B7A97B816D8EF9A1296C9D98F835117DEE191.apk",
            "reputation": 0
        },
        "type": "file",
        "id": "000028ea8d6df46c51ea6cee7b2b7a97b816d8ef9a1296c9d98f835117dee191",
        "links": {
            "self": "https://www.virustotal.com/api/v3/files/000028ea8d6df46c51ea6cee7b2b7a97b816d8ef9a1296c9d98f835117dee191"
        }
    }
}