{
    "data": {
        "attributes": {
            "type_description": "Android",
            "tlsh": "T131D6F1038D498A93E15983F4BE071DAD6F0A2F0CE9867AFB11253EDB7E755120C8E45E",
            "vhash": "2a7619b3c82d544e46b2642a0da69476",
            "trid": [
                {
                    "file_type": "Android Package",
                    "probability": 67.5
                },
                {
                    "file_type": "Java Archive",
                    "probability": 23.6
                },
                {
                    "file_type": "ZIP compressed archive",
                    "probability": 7.0
                },
                {
                    "file_type": "PrintFox/Pagefox bitmap (640x800)",
                    "probability": 1.7
                }
            ],
            "crowdsourced_yara_results": [
                {
                    "description": "This signature identifies Adobe Extensible Metadata Platform (XMP) identifiers embedded within files. Defined as a standard for mapping graphical asset relationships, XMP allows for tracking of both parent-child relationships and individual revisions. There are three categories of identifiers: original document, document, and instance. Generally, XMP data is stored in XML format, updated on save/copy, and embedded within the graphical asset. These identifiers can be used to track both malicious and benign graphics within common Microsoft and Adobe document lures.",
                    "source": "https://github.com/InQuest/yara-rules-vt",
                    "author": "InQuest Labs",
                    "ruleset_name": "Adobe_XMP_Identifier",
                    "rule_name": "Adobe_XMP_Identifier",
                    "ruleset_id": "0121ae37cc"
                }
            ],
            "names": [
                "00005B6B8FDD182A2F7FF41FE9738CDDE5D39AF500D60DF38AE618BD76082CB5.apk",
                "oasauEqBHvNCPNEOOksEj5QquYKeNHXpnIUbDDG8QSaaNTY1S7Lj2ijUDjQi"
            ],
            "last_modification_date": 1648157107,
            "type_tag": "android",
            "times_submitted": 4,
            "total_votes": {
                "harmless": 0,
                "malicious": 0
            },
            "size": 13149616,
            "popular_threat_classification": {
                "suggested_threat_label": "adware.tencentprotect",
                "popular_threat_category": [
                    {
                        "count": 3,
                        "value": "adware"
                    }
                ],
                "popular_threat_name": [
                    {
                        "count": 2,
                        "value": "tencentprotect"
                    }
                ]
            },
            "last_submission_date": 1648149828,
            "last_analysis_results": {
                "Bkav": {
                    "category": "undetected",
                    "engine_name": "Bkav",
                    "engine_version": "1.3.0.9899",
                    "result": null,
                    "method": "blacklist",
                    "engine_update": "20220324"
                },
                "Lionic": {
                    "category": "undetected",
                    "engine_name": "Lionic",
                    "engine_version": "7.5",
                    "result": null,
                    "method": "blacklist",
                    "engine_update": "20220324"
                },
                "Elastic": {
                    "category": "undetected",
                    "engine_name": "Elastic",
                    "engine_version": "4.0.35",
                    "result": null,
                    "method": "blacklist",
                    "engine_update": "20220302"
                },
                "DrWeb": {
                    "category": "undetected",
                    "engine_name": "DrWeb",
                    "engine_version": "7.0.54.3080",
                    "result": null,
                    "method": "blacklist",
                    "engine_update": "20220324"
                },
                "MicroWorld-eScan": {
                    "category": "undetected",
                    "engine_name": "MicroWorld-eScan",
                    "engine_version": "14.0.409.0",
                    "result": null,
                    "method": "blacklist",
                    "engine_update": "20220324"
                },
                "CMC": {
                    "category": "undetected",
                    "engine_name": "CMC",
                    "engine_version": "2.10.2019.1",
                    "result": null,
                    "method": "blacklist",
                    "engine_update": "20211026"
                },
                "CAT-QuickHeal": {
                    "category": "undetected",
                    "engine_name": "CAT-QuickHeal",
                    "engine_version": "14.00",
                    "result": null,
                    "method": "blacklist",
                    "engine_update": "20220324"
                },
                "McAfee": {
                    "category": "undetected",
                    "engine_name": "McAfee",
                    "engine_version": "6.0.6.653",
                    "result": null,
                    "method": "blacklist",
                    "engine_update": "20220324"
                },
                "Malwarebytes": {
                    "category": "undetected",
                    "engine_name": "Malwarebytes",
                    "engine_version": "4.2.2.27",
                    "result": null,
                    "method": "blacklist",
                    "engine_update": "20220324"
                },
                "Paloalto": {
                    "category": "type-unsupported",
                    "engine_name": "Paloalto",
                    "engine_version": "0.9.0.1003",
                    "result": null,
                    "method": "blacklist",
                    "engine_update": "20220324"
                },
                "Sangfor": {
                    "category": "undetected",
                    "engine_name": "Sangfor",
                    "engine_version": "2.9.0.0",
                    "result": null,
                    "method": "blacklist",
                    "engine_update": "20211224"
                },
                "Trustlook": {
                    "category": "undetected",
                    "engine_name": "Trustlook",
                    "engine_version": "1.0",
                    "result": null,
                    "method": "blacklist",
                    "engine_update": "20220324"
                },
                "Alibaba": {
                    "category": "undetected",
                    "engine_name": "Alibaba",
                    "engine_version": "0.3.0.5",
                    "result": null,
                    "method": "blacklist",
                    "engine_update": "20190527"
                },
                "K7GW": {
                    "category": "malicious",
                    "engine_name": "K7GW",
                    "engine_version": "12.1.41464",
                    "result": "Adware ( 0052b8d61 )",
                    "method": "blacklist",
                    "engine_update": "20220324"
                },
                "K7AntiVirus": {
                    "category": "undetected",
                    "engine_name": "K7AntiVirus",
                    "engine_version": "12.1.41464",
                    "result": null,
                    "method": "blacklist",
                    "engine_update": "20220324"
                },
                "BitDefenderTheta": {
                    "category": "undetected",
                    "engine_name": "BitDefenderTheta",
                    "engine_version": "7.2.37796.0",
                    "result": null,
                    "method": "blacklist",
                    "engine_update": "20220318"
                },
                "VirIT": {
                    "category": "undetected",
                    "engine_name": "VirIT",
                    "engine_version": "9.5.160",
                    "result": null,
                    "method": "blacklist",
                    "engine_update": "20220324"
                },
                "Cyren": {
                    "category": "undetected",
                    "engine_name": "Cyren",
                    "engine_version": "6.5.1.2",
                    "result": null,
                    "method": "blacklist",
                    "engine_update": "20220324"
                },
                "SymantecMobileInsight": {
                    "category": "malicious",
                    "engine_name": "SymantecMobileInsight",
                    "engine_version": "2.0",
                    "result": "AppRisk:Generisk",
                    "method": "blacklist",
                    "engine_update": "20220208"
                },
                "tehtris": {
                    "category": "type-unsupported",
                    "engine_name": "tehtris",
                    "engine_version": "v0.0.7",
                    "result": null,
                    "method": "blacklist",
                    "engine_update": "20220324"
                },
                "ESET-NOD32": {
                    "category": "malicious",
                    "engine_name": "ESET-NOD32",
                    "engine_version": "24994",
                    "result": "a variant of Android/Packed.TencentProtect.B potentially unsafe",
                    "method": "blacklist",
                    "engine_update": "20220324"
                },
                "APEX": {
                    "category": "type-unsupported",
                    "engine_name": "APEX",
                    "engine_version": "6.273",
                    "result": null,
                    "method": "blacklist",
                    "engine_update": "20220322"
                },
                "TrendMicro-HouseCall": {
                    "category": "undetected",
                    "engine_name": "TrendMicro-HouseCall",
                    "engine_version": "10.0.0.1040",
                    "result": null,
                    "method": "blacklist",
                    "engine_update": "20220324"
                },
                "Avast": {
                    "category": "undetected",
                    "engine_name": "Avast",
                    "engine_version": "21.1.5827.0",
                    "result": null,
                    "method": "blacklist",
                    "engine_update": "20220324"
                },
                "ClamAV": {
                    "category": "undetected",
                    "engine_name": "ClamAV",
                    "engine_version": "0.104.2.0",
                    "result": null,
                    "method": "blacklist",
                    "engine_update": "20220324"
                },
                "Kaspersky": {
                    "category": "undetected",
                    "engine_name": "Kaspersky",
                    "engine_version": "21.0.1.45",
                    "result": null,
                    "method": "blacklist",
                    "engine_update": "20220324"
                },
                "BitDefender": {
                    "category": "undetected",
                    "engine_name": "BitDefender",
                    "engine_version": "7.2",
                    "result": null,
                    "method": "blacklist",
                    "engine_update": "20220324"
                },
                "NANO-Antivirus": {
                    "category": "undetected",
                    "engine_name": "NANO-Antivirus",
                    "engine_version": "1.0.146.25563",
                    "result": null,
                    "method": "blacklist",
                    "engine_update": "20220324"
                },
                "ViRobot": {
                    "category": "undetected",
                    "engine_name": "ViRobot",
                    "engine_version": "2014.3.20.0",
                    "result": null,
                    "method": "blacklist",
                    "engine_update": "20220324"
                },
                "Rising": {
                    "category": "undetected",
                    "engine_name": "Rising",
                    "engine_version": "25.0.0.27",
                    "result": null,
                    "method": "blacklist",
                    "engine_update": "20220324"
                },
                "Ad-Aware": {
                    "category": "undetected",
                    "engine_name": "Ad-Aware",
                    "engine_version": "3.0.21.193",
                    "result": null,
                    "method": "blacklist",
                    "engine_update": "20220324"
                },
                "Emsisoft": {
                    "category": "undetected",
                    "engine_name": "Emsisoft",
                    "engine_version": "2021.5.0.7597",
                    "result": null,
                    "method": "blacklist",
                    "engine_update": "20220324"
                },
                "Comodo": {
                    "category": "undetected",
                    "engine_name": "Comodo",
                    "engine_version": "34467",
                    "result": null,
                    "method": "blacklist",
                    "engine_update": "20220324"
                },
                "F-Secure": {
                    "category": "undetected",
                    "engine_name": "F-Secure",
                    "engine_version": "12.0.86.52",
                    "result": null,
                    "method": "blacklist",
                    "engine_update": "20220324"
                },
                "Baidu": {
                    "category": "undetected",
                    "engine_name": "Baidu",
                    "engine_version": "1.0.0.2",
                    "result": null,
                    "method": "blacklist",
                    "engine_update": "20190318"
                },
                "Zillya": {
                    "category": "undetected",
                    "engine_name": "Zillya",
                    "engine_version": "2.0.0.4597",
                    "result": null,
                    "method": "blacklist",
                    "engine_update": "20220324"
                },
                "TrendMicro": {
                    "category": "undetected",
                    "engine_name": "TrendMicro",
                    "engine_version": "11.0.0.1006",
                    "result": null,
                    "method": "blacklist",
                    "engine_update": "20220324"
                },
                "McAfee-GW-Edition": {
                    "category": "undetected",
                    "engine_name": "McAfee-GW-Edition",
                    "engine_version": "v2019.1.2+3728",
                    "result": null,
                    "method": "blacklist",
                    "engine_update": "20220324"
                },
                "SentinelOne": {
                    "category": "type-unsupported",
                    "engine_name": "SentinelOne",
                    "engine_version": "7.2.0.1",
                    "result": null,
                    "method": "blacklist",
                    "engine_update": "20220201"
                },
                "Trapmine": {
                    "category": "type-unsupported",
                    "engine_name": "Trapmine",
                    "engine_version": "3.5.45.75",
                    "result": null,
                    "method": "blacklist",
                    "engine_update": "20220217"
                },
                "FireEye": {
                    "category": "undetected",
                    "engine_name": "FireEye",
                    "engine_version": "32.44.1.0",
                    "result": null,
                    "method": "blacklist",
                    "engine_update": "20220324"
                },
                "Sophos": {
                    "category": "undetected",
                    "engine_name": "Sophos",
                    "engine_version": "1.4.1.0",
                    "result": null,
                    "method": "blacklist",
                    "engine_update": "20220324"
                },
                "Ikarus": {
                    "category": "malicious",
                    "engine_name": "Ikarus",
                    "engine_version": "6.0.11.0",
                    "result": "AdWare.AndroidOS.TencentProtect",
                    "method": "blacklist",
                    "engine_update": "20220324"
                },
                "Avast-Mobile": {
                    "category": "undetected",
                    "engine_name": "Avast-Mobile",
                    "engine_version": "220324-00",
                    "result": null,
                    "method": "blacklist",
                    "engine_update": "20220324"
                },
                "Jiangmin": {
                    "category": "malicious",
                    "engine_name": "Jiangmin",
                    "engine_version": "16.0.100",
                    "result": "AdWare.AndroidOS.gidq",
                    "method": "blacklist",
                    "engine_update": "20220323"
                },
                "Webroot": {
                    "category": "type-unsupported",
                    "engine_name": "Webroot",
                    "engine_version": "1.0.0.403",
                    "result": null,
                    "method": "blacklist",
                    "engine_update": "20220324"
                },
                "Avira": {
                    "category": "undetected",
                    "engine_name": "Avira",
                    "engine_version": "8.3.3.14",
                    "result": null,
                    "method": "blacklist",
                    "engine_update": "20220324"
                },
                "Antiy-AVL": {
                    "category": "undetected",
                    "engine_name": "Antiy-AVL",
                    "engine_version": "3.0.0.1",
                    "result": null,
                    "method": "blacklist",
                    "engine_update": "20220324"
                },
                "Kingsoft": {
                    "category": "undetected",
                    "engine_name": "Kingsoft",
                    "engine_version": "2017.9.26.565",
                    "result": null,
                    "method": "blacklist",
                    "engine_update": "20220324"
                },
                "Microsoft": {
                    "category": "undetected",
                    "engine_name": "Microsoft",
                    "engine_version": "1.1.19000.8",
                    "result": null,
                    "method": "blacklist",
                    "engine_update": "20220324"
                },
                "Gridinsoft": {
                    "category": "undetected",
                    "engine_name": "Gridinsoft",
                    "engine_version": "1.0.74.174",
                    "result": null,
                    "method": "blacklist",
                    "engine_update": "20220324"
                },
                "Arcabit": {
                    "category": "undetected",
                    "engine_name": "Arcabit",
                    "engine_version": "1.0.0.889",
                    "result": null,
                    "method": "blacklist",
                    "engine_update": "20220324"
                },
                "SUPERAntiSpyware": {
                    "category": "undetected",
                    "engine_name": "SUPERAntiSpyware",
                    "engine_version": "5.6.0.1032",
                    "result": null,
                    "method": "blacklist",
                    "engine_update": "20220319"
                },
                "ZoneAlarm": {
                    "category": "undetected",
                    "engine_name": "ZoneAlarm",
                    "engine_version": "1.0",
                    "result": null,
                    "method": "blacklist",
                    "engine_update": "20220324"
                },
                "GData": {
                    "category": "undetected",
                    "engine_name": "GData",
                    "engine_version": "A:25.32624B:27.26778",
                    "result": null,
                    "method": "blacklist",
                    "engine_update": "20220324"
                },
                "Cynet": {
                    "category": "undetected",
                    "engine_name": "Cynet",
                    "engine_version": "4.0.0.27",
                    "result": null,
                    "method": "blacklist",
                    "engine_update": "20220324"
                },
                "BitDefenderFalx": {
                    "category": "undetected",
                    "engine_name": "BitDefenderFalx",
                    "engine_version": "2.0.936",
                    "result": null,
                    "method": "blacklist",
                    "engine_update": "20220103"
                },
                "AhnLab-V3": {
                    "category": "undetected",
                    "engine_name": "AhnLab-V3",
                    "engine_version": "3.21.3.10230",
                    "result": null,
                    "method": "blacklist",
                    "engine_update": "20220324"
                },
                "Acronis": {
                    "category": "type-unsupported",
                    "engine_name": "Acronis",
                    "engine_version": "1.1.1.82",
                    "result": null,
                    "method": "blacklist",
                    "engine_update": "20210512"
                },
                "VBA32": {
                    "category": "undetected",
                    "engine_name": "VBA32",
                    "engine_version": "5.0.0",
                    "result": null,
                    "method": "blacklist",
                    "engine_update": "20220324"
                },
                "ALYac": {
                    "category": "undetected",
                    "engine_name": "ALYac",
                    "engine_version": "1.1.3.1",
                    "result": null,
                    "method": "blacklist",
                    "engine_update": "20220324"
                },
                "MAX": {
                    "category": "undetected",
                    "engine_name": "MAX",
                    "engine_version": "2019.9.16.1",
                    "result": null,
                    "method": "blacklist",
                    "engine_update": "20220324"
                },
                "Cylance": {
                    "category": "type-unsupported",
                    "engine_name": "Cylance",
                    "engine_version": "2.3.1.101",
                    "result": null,
                    "method": "blacklist",
                    "engine_update": "20220324"
                },
                "Zoner": {
                    "category": "undetected",
                    "engine_name": "Zoner",
                    "engine_version": "2.2.2.0",
                    "result": null,
                    "method": "blacklist",
                    "engine_update": "20220323"
                },
                "Tencent": {
                    "category": "undetected",
                    "engine_name": "Tencent",
                    "engine_version": "1.0.0.1",
                    "result": null,
                    "method": "blacklist",
                    "engine_update": "20220324"
                },
                "Yandex": {
                    "category": "undetected",
                    "engine_name": "Yandex",
                    "engine_version": "5.5.2.24",
                    "result": null,
                    "method": "blacklist",
                    "engine_update": "20220324"
                },
                "TACHYON": {
                    "category": "undetected",
                    "engine_name": "TACHYON",
                    "engine_version": "2022-03-24.02",
                    "result": null,
                    "method": "blacklist",
                    "engine_update": "20220324"
                },
                "MaxSecure": {
                    "category": "malicious",
                    "engine_name": "MaxSecure",
                    "engine_version": "1.0.0.1",
                    "result": "Android.smsthief.fh",
                    "method": "blacklist",
                    "engine_update": "20220324"
                },
                "Fortinet": {
                    "category": "malicious",
                    "engine_name": "Fortinet",
                    "engine_version": "6.2.142.0",
                    "result": "Riskware/PackedTencent!Android",
                    "method": "blacklist",
                    "engine_update": "20220324"
                },
                "Cybereason": {
                    "category": "type-unsupported",
                    "engine_name": "Cybereason",
                    "engine_version": "1.2.449",
                    "result": null,
                    "method": "blacklist",
                    "engine_update": "20210330"
                },
                "Panda": {
                    "category": "undetected",
                    "engine_name": "Panda",
                    "engine_version": "4.6.4.2",
                    "result": null,
                    "method": "blacklist",
                    "engine_update": "20220324"
                },
                "CrowdStrike": {
                    "category": "type-unsupported",
                    "engine_name": "CrowdStrike",
                    "engine_version": "1.0",
                    "result": null,
                    "method": "blacklist",
                    "engine_update": "20210907"
                }
            },
            "sha256": "00005b6b8fdd182a2f7ff41fe9738cdde5d39af500d60df38ae618bd76082cb5",
            "type_extension": "apk",
            "tags": [
                "checks-gps",
                "reflection",
                "apk",
                "runtime-modules",
                "contains-elf",
                "telephony",
                "android"
            ],
            "last_analysis_date": 1648149828,
            "unique_sources": 2,
            "first_submission_date": 1521512426,
            "sha1": "cca24adb0a224d61e41c523ac038b28950f60c57",
            "ssdeep": "393216:oiuuMoRF0YZeUNhmvwoJIeWaFmTNnX0oRgSWdM7s:HzRwUNheuaFmTNEoGn6s",
            "bundle_info": {
                "highest_datetime": "2017-10-31 13:41:46",
                "lowest_datetime": "2016-08-30 11:00:40",
                "num_children": 520,
                "extensions": {
                    "dex": 3,
                    "map": 3,
                    "MF": 1,
                    "xml": 216,
                    "jar": 1,
                    "db": 2,
                    "RSA": 1,
                    "jpg": 7,
                    "ttf": 1,
                    "mf": 1,
                    "so": 33,
                    "PNG": 1,
                    "txt": 4,
                    "SF": 1,
                    "png": 220
                },
                "file_types": {
                    "DEX": 2,
                    "XML": 216,
                    "ZIP": 3,
                    "unknown": 27,
                    "ELF": 37,
                    "JPG": 7,
                    "HTML": 7,
                    "PNG": 221
                },
                "type": "APK",
                "uncompressed_size": 22422548
            },
            "packers": {
                "F-PROT": "appended"
            },
            "md5": "8ee732c689cfbca099b415e89ffed9e0",
            "androguard": {
                "VTAndroidInfo": 2.0,
                "AndroidApplicationError": false,
                "MinSdkVersion": "8",
                "AndroguardVersion": "3.4.0a1",
                "Activities": [
                    "com.ww.share.activity.ASplashActivity",
                    "com.ww.share.activity.NewTabActivity",
                    "com.ww.share.wxapi.WXEntryActivity",
                    "com.ww.share.dialog.BmobPlayDialog",
                    "com.ww.share.dialog.ChangeDbActivity",
                    "com.ww.share.dialog.NoticeDialog",
                    "com.ww.share.dialog.SpotDialog",
                    "com.ww.share.activity.main.MainActivity",
                    "com.ww.share.activity.main.ArticleZoomActivity",
                    "com.ww.share.activity.main.WeixinOtherActivity",
                    "com.ww.share.activity.main.PreviewActivity",
                    "com.ww.share.activity.main.MainFragmentActivity",
                    "com.ww.share.activity.main.NewMainActivity",
                    "com.ww.share.activity.main.JiaoChengActivity",
                    "com.ww.share.activity.query.QueryActivity",
                    "com.ww.share.activity.query.QueryHistoryActivity",
                    "com.ww.share.activity.setting.SettingActivity",
                    "com.ww.share.activity.adv.MoudelListActivity",
                    "com.ww.share.activity.adv.DiyEditActivity",
                    "com.ww.share.activity.adv.MyAdvListActivity",
                    "com.ww.share.activity.adv.MyArticleListActivity",
                    "com.ww.share.activity.adv.MyArticleDetailActivity",
                    "com.ww.share.activity.adv.AdvEditActivity",
                    "com.ww.share.activity.user.LoginActivity",
                    "com.ww.share.activity.user.PlayResultActivity",
                    "com.ww.share.activity.user.UserActivity",
                    "com.ww.share.activity.user.PriceActivity",
                    "com.ww.share.activity.user.WeiDianActivity",
                    "com.ww.share.activity.user.DdshActivity",
                    "com.ww.share.activity.user.DdxxActivity",
                    "com.ww.share.activity.user.HistoryActivity",
                    "com.ww.share.activity.user.StoreActivity",
                    "com.ww.share.activity.user.StatusActivity",
                    "com.ww.share.activity.share.ShareActivity",
                    "com.ww.share.activity.ranking.RankingActivity",
                    "com.ww.share.activity.friend.FriendActivity",
                    "com.ww.share.activity.friend.FriendQueryActivity",
                    "com.ww.share.activity.friend.FriendInfoActivity",
                    "com.ww.share.activity.friend.FriendNewActivity",
                    "com.ww.share.activity.friend.FriendFilterActivity",
                    "com.ww.share.activity.hutui.HuTuiingActivity",
                    "com.ww.share.activity.hutui.HuTuiArticleListActivity",
                    "com.ww.share.activity.hutui.HuTuiArticleDetailActivity",
                    "com.ww.share.activity.hutui.HuiTuiMyArticleListActivity",
                    "com.ww.share.activity.hutui.HuTuiTabActivity",
                    "com.ww.share.activity.hutui.HuTuiWdsqActivity",
                    "com.ww.share.activity.hutui.HuTuiWdshActivity",
                    "com.ww.share.activity.hutui.HuTuiWddbActivity",
                    "com.ww.share.activity.hutui.HuTuiXgtjActivity",
                    "com.ww.share.activity.hutui.HuTuiChooseTabActivity",
                    "com.ww.share.activity.hutui.HuTuiUserInfoActivity",
                    "cn.jpush.android.ui.PopWinActivity",
                    "cn.jpush.android.ui.PushActivity",
                    "cn.finalteam.galleryfinal.PhotoSelectActivity",
                    "cn.finalteam.galleryfinal.PhotoEditActivity",
                    "cn.finalteam.galleryfinal.PhotoPreviewActivity",
                    "com.qq.e.ads.ADActivity",
                    "com.alipay.sdk.app.H5PayActivity",
                    "cn.bmob.pay.v3.act.PayAct",
                    "com.ww.bmob.upgrade.UpgradeActivity",
                    "com.ww.core.upgrade.UpgradeActivity",
                    "com.ww.core.activity.FeedBackActivity",
                    "com.ww.core.activity.WebActivity",
                    "com.ww.core.activity.LoginActivity",
                    "com.ww.core.activity.RegisterActivity",
                    "com.ww.core.activity.ResetPswActivity",
                    "com.ww.core.activity.UpdatePswActivity",
                    "com.ww.core.activity.UserInfoActivity",
                    "com.ww.core.activity.image.PhotoExpolorActivity",
                    "com.ww.core.widget.wheel.DatePickActivity",
                    "com.ww.core.widget.wheel.DateAndTimePickActivity",
                    "com.ww.core.widget.wheel.TimePickActivity",
                    "com.umeng.qq.tencent.AuthActivity",
                    "com.umeng.qq.tencent.AssistActivity",
                    "com.bmob.app.sport.wxapi.BmobActivity"
                ],
                "certificate": {
                    "Subject": {
                        "DN": "CN:wangwei, L:nj, O:china, ST:js, OU:wangwei",
                        "CN": "wangwei",
                        "L": "nj",
                        "O": "china",
                        "ST": "js",
                        "OU": "wangwei"
                    },
                    "validto": "2113-11-09 07:08:45",
                    "serialnumber": "529d837d",
                    "thumbprint": "b1f1a187894182271739beb2b0bf3887a36110bd",
                    "validfrom": "2013-12-03 07:08:45",
                    "Issuer": {
                        "DN": "CN:wangwei, L:nj, O:china, ST:js, OU:wangwei",
                        "CN": "wangwei",
                        "L": "nj",
                        "O": "china",
                        "ST": "js",
                        "OU": "wangwei"
                    }
                },
                "AndroidApplication": 1,
                "RiskIndicator": {
                    "APK": {
                        "DEX": 2,
                        "APK": 1,
                        "SHARED LIBRARIES": 32,
                        "ZIP": 2
                    },
                    "PERM": {
                        "DEVELOPMENT": 1,
                        "NORMAL": 12,
                        "DANGEROUS": 5,
                        "PRIVACY": 7,
                        "SYSTEM": 2,
                        "SIGNATURE": 2,
                        "INTERNET": 1,
                        "GPS": 3
                    }
                },
                "Services": [
                    "cn.jpush.android.service.DownloadService",
                    "cn.jpush.android.service.PushService",
                    "cn.jpush.android.service.DaemonService",
                    "com.qq.e.comm.DownloadService"
                ],
                "AndroidVersionCode": "114",
                "main_activity": "com.ww.share.activity.ASplashActivity",
                "Package": "com.ww.share",
                "intent_filters": {
                    "Services": {
                        "cn.jpush.android.service.PushService": {
                            "action": [
                                "cn.jpush.android.intent.REGISTER",
                                "cn.jpush.android.intent.REPORT",
                                "cn.jpush.android.intent.PushService",
                                "cn.jpush.android.intent.PUSH_TIME"
                            ]
                        },
                        "cn.jpush.android.service.DaemonService": {
                            "action": [
                                "cn.jpush.android.intent.DaemonService"
                            ],
                            "category": [
                                "com.ww.share"
                            ]
                        }
                    },
                    "Activities": {
                        "com.ww.share.activity.NewTabActivity": {
                            "action": [
                                "com.ww.share.Main"
                            ],
                            "category": [
                                "android.intent.category.DEFAULT"
                            ]
                        },
                        "cn.jpush.android.ui.PushActivity": {
                            "action": [
                                "cn.jpush.android.ui.PushActivity"
                            ],
                            "category": [
                                "android.intent.category.DEFAULT",
                                "com.ww.share"
                            ]
                        },
                        "com.umeng.qq.tencent.AuthActivity": {
                            "action": [
                                "android.intent.action.VIEW"
                            ],
                            "category": [
                                "android.intent.category.DEFAULT",
                                "android.intent.category.BROWSABLE"
                            ]
                        },
                        "com.ww.share.activity.ASplashActivity": {
                            "action": [
                                "android.intent.action.MAIN"
                            ],
                            "category": [
                                "android.intent.category.LAUNCHER"
                            ]
                        }
                    },
                    "Receivers": {
                        "cn.jpush.android.service.PushReceiver": {
                            "action": [
                                "cn.jpush.android.intent.NOTIFICATION_RECEIVED_PROXY",
                                "android.intent.action.USER_PRESENT",
                                "android.net.conn.CONNECTIVITY_CHANGE",
                                "android.intent.action.PACKAGE_ADDED",
                                "android.intent.action.PACKAGE_REMOVED"
                            ],
                            "category": [
                                "com.ww.share"
                            ]
                        },
                        "com.ww.share.util.JPushReceiver": {
                            "action": [
                                "cn.jpush.android.intent.REGISTRATION",
                                "cn.jpush.android.intent.UNREGISTRATION",
                                "cn.jpush.android.intent.MESSAGE_RECEIVED",
                                "cn.jpush.android.intent.NOTIFICATION_RECEIVED",
                                "cn.jpush.android.intent.NOTIFICATION_OPENED",
                                "cn.jpush.android.intent.ACTION_RICHPUSH_CALLBACK",
                                "cn.jpush.android.intent.CONNECTION"
                            ],
                            "category": [
                                "com.ww.share"
                            ]
                        }
                    }
                },
                "AndroidVersionName": "1.1.4",
                "TargetSdkVersion": "22",
                "AndroidApplicationInfo": "APK",
                "permission_details": {
                    "android.permission.CHANGE_NETWORK_STATE": {
                        "short_description": "change network connectivity",
                        "full_description": "Allows the app to change the state of network connectivity.",
                        "permission_type": "normal"
                    },
                    "android.permission.ACCESS_MOCK_LOCATION": {
                        "short_description": "mock location sources for testing",
                        "full_description": "Create mock location sources for\n      testing or install a new location provider.  This allows the app to\n      override the location and/or status returned by other location sources\n      such as GPS or location providers.",
                        "permission_type": "dangerous"
                    },
                    "android.permission.READ_LOGS": {
                        "short_description": "read sensitive log data",
                        "full_description": "Allows the app to read from the\n        system's various log files.  This allows it to discover general\n        information about what you are doing with the phone, potentially\n        including personal or private information.",
                        "permission_type": "signature|system|development"
                    },
                    "android.permission.ACCESS_COARSE_LOCATION": {
                        "short_description": "approximate location\n      (network-based)",
                        "full_description": "Allows the app to get your\n      approximate location. This location is derived by location services using\n      network location sources such as cell towers and Wi-Fi. These location\n      services must be turned on and available to your device for the app to\n      use them. Apps may use this to determine approximately where you\n      are.",
                        "permission_type": "dangerous"
                    },
                    "android.permission.CAMERA": {
                        "short_description": "take pictures and videos",
                        "full_description": "Allows the app to take pictures and videos\n      with the camera.  This permission allows the app to use the camera at any\n      time without your confirmation.",
                        "permission_type": "dangerous"
                    },
                    "android.permission.INTERNET": {
                        "short_description": "full network access",
                        "full_description": "Allows the app to create\n     network sockets and use custom network protocols. The browser and other\n     applications provide means to send data to the internet, so this\n     permission is not required to send data to the internet.",
                        "permission_type": "dangerous"
                    },
                    "android.permission.MANAGE_ACCOUNTS": {
                        "short_description": "add or remove accounts",
                        "full_description": "Allows the app to\n    perform operations like adding and removing accounts, and deleting\n    their password.",
                        "permission_type": "dangerous"
                    },
                    "android.permission.RECEIVE_USER_PRESENT": {
                        "short_description": "Unknown permission from android reference",
                        "full_description": "Unknown permission from android reference",
                        "permission_type": "normal"
                    },
                    "com.android.launcher.permission.INSTALL_SHORTCUT": {
                        "short_description": "install shortcuts",
                        "full_description": "Allows an application to add\n        Homescreen shortcuts without user intervention.",
                        "permission_type": "dangerous"
                    },
                    "android.permission.ACCESS_NETWORK_STATE": {
                        "short_description": "view network connections",
                        "full_description": "Allows the app to view\n      information about network connections such as which networks exist and are\n      connected.",
                        "permission_type": "normal"
                    },
                    "android.permission.GET_TASKS": {
                        "short_description": "retrieve running apps",
                        "full_description": "Allows the app to retrieve information\n       about currently and recently running tasks.  This may allow the app to\n       discover information about which applications are used on the device.",
                        "permission_type": "normal"
                    },
                    "android.permission.ACCESS_GPS": {
                        "short_description": "Unknown permission from android reference",
                        "full_description": "Unknown permission from android reference",
                        "permission_type": "normal"
                    },
                    "android.permission.WRITE_EXTERNAL_STORAGE": {
                        "short_description": "modify or delete the contents of your SD card",
                        "full_description": "Allows the app to write to the SD card.",
                        "permission_type": "dangerous"
                    },
                    "android.permission.ACCESS_FINE_LOCATION": {
                        "short_description": "precise location (GPS and\n      network-based)",
                        "full_description": "Allows the app to get your\n      precise location using the Global Positioning System (GPS) or network\n      location sources such as cell towers and Wi-Fi. These location services\n      must be turned on and available to your device for the app to use them.\n      Apps may use this to determine where you are, and may consume additional\n      battery power.",
                        "permission_type": "dangerous"
                    },
                    "android.permission.READ_EXTERNAL_STORAGE": {
                        "short_description": "read the contents of your SD card",
                        "full_description": "Allows the app to read the contents of your SD card.",
                        "permission_type": "normal"
                    },
                    "android.permission.RECEIVE_BOOT_COMPLETED": {
                        "short_description": "run at startup",
                        "full_description": "Allows the app to\n        have itself started as soon as the system has finished booting.\n        This can make it take longer to start the phone and allow the\n        app to slow down the overall phone by always running.",
                        "permission_type": "normal"
                    },
                    "com.ww.share.permission.JPUSH_MESSAGE": {
                        "short_description": "Unknown permission from android reference",
                        "full_description": "Unknown permission from android reference",
                        "permission_type": "normal"
                    },
                    "com.android.launcher.permission.READ_SETTINGS": {
                        "short_description": "Unknown permission from android reference",
                        "full_description": "Unknown permission from android reference",
                        "permission_type": "normal"
                    },
                    "android.permission.BROADCAST_STICKY": {
                        "short_description": "send sticky broadcast",
                        "full_description": "Allows the app to\n    send sticky broadcasts, which remain after the broadcast ends. Excessive\n    use may make the phone slow or unstable by causing it to use too\n    much memory.",
                        "permission_type": "normal"
                    },
                    "android.permission.WRITE_SETTINGS": {
                        "short_description": "modify system settings",
                        "full_description": "Allows the app to modify the\n        system's settings data. Malicious apps may corrupt your system's\n        configuration.",
                        "permission_type": "normal"
                    },
                    "android.permission.READ_PHONE_STATE": {
                        "short_description": "read phone status and identity",
                        "full_description": "Allows the app to access the phone\n      features of the device.  This permission allows the app to determine the\n      phone number and device IDs, whether a call is active, and the remote number\n      connected by a call.",
                        "permission_type": "dangerous"
                    },
                    "android.permission.MODIFY_AUDIO_SETTINGS": {
                        "short_description": "change your audio settings",
                        "full_description": "Allows the app to modify global audio settings such as volume and which speaker is used for output.",
                        "permission_type": "normal"
                    },
                    "android.permission.VIBRATE": {
                        "short_description": "control vibration",
                        "full_description": "Allows the app to control the vibrator.",
                        "permission_type": "normal"
                    },
                    "android.permission.SYSTEM_ALERT_WINDOW": {
                        "short_description": "draw over other apps",
                        "full_description": "Allows the app to draw on top of other\n        applications or parts of the user interface.  They may interfere with your\n        use of the interface in any application, or change what you think you are\n        seeing in other applications.",
                        "permission_type": "dangerous"
                    },
                    "android.permission.ACCESS_LOCATION_EXTRA_COMMANDS": {
                        "short_description": "access extra location provider commands",
                        "full_description": "Allows the app to access\n      extra location provider commands.  This may allow the app to interfere\n      with the operation of the GPS or other location sources.",
                        "permission_type": "normal"
                    },
                    "android.permission.ACCESS_WIFI_STATE": {
                        "short_description": "view Wi-Fi connections",
                        "full_description": "Allows the app to view information\n      about Wi-Fi networking, such as whether Wi-Fi is enabled and name of\n      connected Wi-Fi devices.",
                        "permission_type": "normal"
                    },
                    "android.permission.WAKE_LOCK": {
                        "short_description": "prevent phone from sleeping",
                        "full_description": "Allows the app to prevent the phone from going to sleep.",
                        "permission_type": "normal"
                    },
                    "android.permission.CHANGE_WIFI_STATE": {
                        "short_description": "connect and disconnect from Wi-Fi",
                        "full_description": "Allows the app to connect to and\n      disconnect from Wi-Fi access points and to make changes to device\n      configuration for Wi-Fi networks.",
                        "permission_type": "dangerous"
                    },
                    "android.permission.RECORD_AUDIO": {
                        "short_description": "record audio",
                        "full_description": "Allows the app to record audio with the\n      microphone.  This permission allows the app to record audio at any time\n      without your confirmation.",
                        "permission_type": "dangerous"
                    },
                    "android.permission.BAIDU_LOCATION_SERVICE": {
                        "short_description": "Unknown permission from android reference",
                        "full_description": "Unknown permission from android reference",
                        "permission_type": "normal"
                    },
                    "android.permission.MOUNT_UNMOUNT_FILESYSTEMS": {
                        "short_description": "access SD Card filesystem",
                        "full_description": "Allows the app to mount and\n        unmount filesystems for removable storage.",
                        "permission_type": "system|signature"
                    },
                    "android.permission.RESTART_PACKAGES": {
                        "short_description": "close other apps",
                        "full_description": "Allows the app to end\n      background processes of other apps.  This may cause other apps to stop\n      running.",
                        "permission_type": "normal"
                    },
                    "android.hardware.sensor.accelerometer": {
                        "short_description": "Unknown permission from android reference",
                        "full_description": "Unknown permission from android reference",
                        "permission_type": "normal"
                    },
                    "android.permission.GET_ACCOUNTS": {
                        "short_description": "find accounts on the device",
                        "full_description": "Allows the app to get\n      the list of accounts known by the phone.  This may include any accounts\n      created by applications you have installed.",
                        "permission_type": "normal"
                    }
                },
                "Receivers": [
                    "cn.jpush.android.service.PushReceiver",
                    "cn.jpush.android.service.AlarmReceiver",
                    "com.ww.share.util.JPushReceiver"
                ],
                "StringsInformation": [
                    "http://android.bugly.qq.com/rqd/async",
                    "http://rqd.uu.qq.com/rqd/sync"
                ]
            },
            "magic": "Zip archive data, at least v2.0 to extract",
            "last_analysis_stats": {
                "harmless": 0,
                "type-unsupported": 10,
                "suspicious": 0,
                "confirmed-timeout": 0,
                "timeout": 0,
                "failure": 0,
                "malicious": 7,
                "undetected": 55
            },
            "meaningful_name": "00005B6B8FDD182A2F7FF41FE9738CDDE5D39AF500D60DF38AE618BD76082CB5.apk",
            "reputation": 0
        },
        "type": "file",
        "id": "00005b6b8fdd182a2f7ff41fe9738cdde5d39af500d60df38ae618bd76082cb5",
        "links": {
            "self": "https://www.virustotal.com/api/v3/files/00005b6b8fdd182a2f7ff41fe9738cdde5d39af500d60df38ae618bd76082cb5"
        }
    }
}