{
    "data": {
        "attributes": {
            "type_description": "Android",
            "tlsh": "T1A1571246FA416841E2BBECB218F740639E760DC0D9D0F422BD8EF46A9F761F115296CB",
            "vhash": "889b1f8448f12fda1db3141ccec40cf0",
            "trid": [
                {
                    "file_type": "Android Package",
                    "probability": 43.0
                },
                {
                    "file_type": "PulseView sigrok dump",
                    "probability": 16.7
                },
                {
                    "file_type": "Java Archive",
                    "probability": 15.0
                },
                {
                    "file_type": "Sweet Home 3D design (generic)",
                    "probability": 11.7
                },
                {
                    "file_type": "Mozilla Archive Format (gen)",
                    "probability": 7.8
                }
            ],
            "crowdsourced_yara_results": [
                {
                    "description": "This signature identifies Adobe Extensible Metadata Platform (XMP) identifiers embedded within files. Defined as a standard for mapping graphical asset relationships, XMP allows for tracking of both parent-child relationships and individual revisions. There are three categories of identifiers: original document, document, and instance. Generally, XMP data is stored in XML format, updated on save/copy, and embedded within the graphical asset. These identifiers can be used to track both malicious and benign graphics within common Microsoft and Adobe document lures.",
                    "source": "https://github.com/InQuest/yara-rules-vt",
                    "author": "InQuest Labs",
                    "ruleset_name": "Adobe_XMP_Identifier",
                    "rule_name": "Adobe_XMP_Identifier",
                    "ruleset_id": "0121ae37cc"
                }
            ],
            "names": [
                "00009C58545B6B6FA22F5C2BE900ABB1B4029ACF7AC57196D97FD1C0298886E2.apk",
                "sdjm9CBK3jewI4Oyb2408598YmEfa4yrUElpbUv43hsZpXZ39T7ty74jSb9qnCiEq4nw"
            ],
            "last_modification_date": 1649191457,
            "type_tag": "android",
            "times_submitted": 5,
            "total_votes": {
                "harmless": 0,
                "malicious": 0
            },
            "size": 28025206,
            "popular_threat_classification": {
                "suggested_threat_label": "trojan.jiagu",
                "popular_threat_category": [
                    {
                        "count": 2,
                        "value": "trojan"
                    }
                ],
                "popular_threat_name": [
                    {
                        "count": 2,
                        "value": "jiagu"
                    }
                ]
            },
            "last_submission_date": 1648166908,
            "last_analysis_results": {
                "Bkav": {
                    "category": "undetected",
                    "engine_name": "Bkav",
                    "engine_version": "1.3.0.9899",
                    "result": null,
                    "method": "blacklist",
                    "engine_update": "20220404"
                },
                "Lionic": {
                    "category": "undetected",
                    "engine_name": "Lionic",
                    "engine_version": "7.5",
                    "result": null,
                    "method": "blacklist",
                    "engine_update": "20220405"
                },
                "Elastic": {
                    "category": "undetected",
                    "engine_name": "Elastic",
                    "engine_version": "4.0.35",
                    "result": null,
                    "method": "blacklist",
                    "engine_update": "20220302"
                },
                "DrWeb": {
                    "category": "undetected",
                    "engine_name": "DrWeb",
                    "engine_version": "7.0.54.3080",
                    "result": null,
                    "method": "blacklist",
                    "engine_update": "20220405"
                },
                "MicroWorld-eScan": {
                    "category": "undetected",
                    "engine_name": "MicroWorld-eScan",
                    "engine_version": "14.0.409.0",
                    "result": null,
                    "method": "blacklist",
                    "engine_update": "20220405"
                },
                "CMC": {
                    "category": "undetected",
                    "engine_name": "CMC",
                    "engine_version": "2.10.2019.1",
                    "result": null,
                    "method": "blacklist",
                    "engine_update": "20211026"
                },
                "CAT-QuickHeal": {
                    "category": "undetected",
                    "engine_name": "CAT-QuickHeal",
                    "engine_version": "14.00",
                    "result": null,
                    "method": "blacklist",
                    "engine_update": "20220405"
                },
                "ALYac": {
                    "category": "undetected",
                    "engine_name": "ALYac",
                    "engine_version": "1.1.3.1",
                    "result": null,
                    "method": "blacklist",
                    "engine_update": "20220405"
                },
                "Malwarebytes": {
                    "category": "undetected",
                    "engine_name": "Malwarebytes",
                    "engine_version": "4.2.2.27",
                    "result": null,
                    "method": "blacklist",
                    "engine_update": "20220405"
                },
                "Sangfor": {
                    "category": "undetected",
                    "engine_name": "Sangfor",
                    "engine_version": "2.9.0.0",
                    "result": null,
                    "method": "blacklist",
                    "engine_update": "20220401"
                },
                "Trustlook": {
                    "category": "undetected",
                    "engine_name": "Trustlook",
                    "engine_version": "1.0",
                    "result": null,
                    "method": "blacklist",
                    "engine_update": "20220405"
                },
                "BitDefender": {
                    "category": "undetected",
                    "engine_name": "BitDefender",
                    "engine_version": "7.2",
                    "result": null,
                    "method": "blacklist",
                    "engine_update": "20220405"
                },
                "K7GW": {
                    "category": "malicious",
                    "engine_name": "K7GW",
                    "engine_version": "12.4.41675",
                    "result": "Adware ( 005307e21 )",
                    "method": "blacklist",
                    "engine_update": "20220405"
                },
                "K7AntiVirus": {
                    "category": "undetected",
                    "engine_name": "K7AntiVirus",
                    "engine_version": "12.4.41675",
                    "result": null,
                    "method": "blacklist",
                    "engine_update": "20220405"
                },
                "Arcabit": {
                    "category": "undetected",
                    "engine_name": "Arcabit",
                    "engine_version": "1.0.0.889",
                    "result": null,
                    "method": "blacklist",
                    "engine_update": "20220405"
                },
                "BitDefenderTheta": {
                    "category": "undetected",
                    "engine_name": "BitDefenderTheta",
                    "engine_version": "7.2.37796.0",
                    "result": null,
                    "method": "blacklist",
                    "engine_update": "20220404"
                },
                "VirIT": {
                    "category": "undetected",
                    "engine_name": "VirIT",
                    "engine_version": "9.5.169",
                    "result": null,
                    "method": "blacklist",
                    "engine_update": "20220405"
                },
                "Cyren": {
                    "category": "undetected",
                    "engine_name": "Cyren",
                    "engine_version": "6.5.1.2",
                    "result": null,
                    "method": "blacklist",
                    "engine_update": "20220405"
                },
                "SymantecMobileInsight": {
                    "category": "malicious",
                    "engine_name": "SymantecMobileInsight",
                    "engine_version": "2.0",
                    "result": "AdLibrary:Generisk",
                    "method": "blacklist",
                    "engine_update": "20220208"
                },
                "Symantec": {
                    "category": "undetected",
                    "engine_name": "Symantec",
                    "engine_version": "1.17.0.0",
                    "result": null,
                    "method": "blacklist",
                    "engine_update": "20220405"
                },
                "tehtris": {
                    "category": "type-unsupported",
                    "engine_name": "tehtris",
                    "engine_version": null,
                    "result": null,
                    "method": "blacklist",
                    "engine_update": "20220405"
                },
                "ESET-NOD32": {
                    "category": "malicious",
                    "engine_name": "ESET-NOD32",
                    "engine_version": "25057",
                    "result": "a variant of Android/Packed.Jiagu.D potentially unsafe",
                    "method": "blacklist",
                    "engine_update": "20220405"
                },
                "APEX": {
                    "category": "type-unsupported",
                    "engine_name": "APEX",
                    "engine_version": "6.278",
                    "result": null,
                    "method": "blacklist",
                    "engine_update": "20220404"
                },
                "TrendMicro-HouseCall": {
                    "category": "undetected",
                    "engine_name": "TrendMicro-HouseCall",
                    "engine_version": "10.0.0.1040",
                    "result": null,
                    "method": "blacklist",
                    "engine_update": "20220405"
                },
                "Avast": {
                    "category": "undetected",
                    "engine_name": "Avast",
                    "engine_version": "21.1.5827.0",
                    "result": null,
                    "method": "blacklist",
                    "engine_update": "20220405"
                },
                "ClamAV": {
                    "category": "undetected",
                    "engine_name": "ClamAV",
                    "engine_version": "0.104.2.0",
                    "result": null,
                    "method": "blacklist",
                    "engine_update": "20220405"
                },
                "Kaspersky": {
                    "category": "undetected",
                    "engine_name": "Kaspersky",
                    "engine_version": "21.0.1.45",
                    "result": null,
                    "method": "blacklist",
                    "engine_update": "20220405"
                },
                "Alibaba": {
                    "category": "undetected",
                    "engine_name": "Alibaba",
                    "engine_version": "0.3.0.5",
                    "result": null,
                    "method": "blacklist",
                    "engine_update": "20190527"
                },
                "NANO-Antivirus": {
                    "category": "undetected",
                    "engine_name": "NANO-Antivirus",
                    "engine_version": "1.0.146.25576",
                    "result": null,
                    "method": "blacklist",
                    "engine_update": "20220405"
                },
                "Cynet": {
                    "category": "type-unsupported",
                    "engine_name": "Cynet",
                    "engine_version": "4.0.0.27",
                    "result": null,
                    "method": "blacklist",
                    "engine_update": "20220405"
                },
                "SUPERAntiSpyware": {
                    "category": "undetected",
                    "engine_name": "SUPERAntiSpyware",
                    "engine_version": "5.6.0.1032",
                    "result": null,
                    "method": "blacklist",
                    "engine_update": "20220402"
                },
                "Rising": {
                    "category": "undetected",
                    "engine_name": "Rising",
                    "engine_version": "25.0.0.27",
                    "result": null,
                    "method": "blacklist",
                    "engine_update": "20220405"
                },
                "Ad-Aware": {
                    "category": "undetected",
                    "engine_name": "Ad-Aware",
                    "engine_version": "3.0.21.193",
                    "result": null,
                    "method": "blacklist",
                    "engine_update": "20220405"
                },
                "Sophos": {
                    "category": "undetected",
                    "engine_name": "Sophos",
                    "engine_version": "1.4.1.0",
                    "result": null,
                    "method": "blacklist",
                    "engine_update": "20220405"
                },
                "Comodo": {
                    "category": "malicious",
                    "engine_name": "Comodo",
                    "engine_version": "34503",
                    "result": "Malware@#1c635ll7c8jvw",
                    "method": "blacklist",
                    "engine_update": "20220405"
                },
                "F-Secure": {
                    "category": "undetected",
                    "engine_name": "F-Secure",
                    "engine_version": "12.0.86.52",
                    "result": null,
                    "method": "blacklist",
                    "engine_update": "20220405"
                },
                "Baidu": {
                    "category": "undetected",
                    "engine_name": "Baidu",
                    "engine_version": "1.0.0.2",
                    "result": null,
                    "method": "blacklist",
                    "engine_update": "20190318"
                },
                "Zillya": {
                    "category": "undetected",
                    "engine_name": "Zillya",
                    "engine_version": "2.0.0.4605",
                    "result": null,
                    "method": "blacklist",
                    "engine_update": "20220405"
                },
                "TrendMicro": {
                    "category": "undetected",
                    "engine_name": "TrendMicro",
                    "engine_version": "11.0.0.1006",
                    "result": null,
                    "method": "blacklist",
                    "engine_update": "20220405"
                },
                "McAfee-GW-Edition": {
                    "category": "undetected",
                    "engine_name": "McAfee-GW-Edition",
                    "engine_version": "v2019.1.2+3728",
                    "result": null,
                    "method": "blacklist",
                    "engine_update": "20220405"
                },
                "Trapmine": {
                    "category": "type-unsupported",
                    "engine_name": "Trapmine",
                    "engine_version": "3.5.45.75",
                    "result": null,
                    "method": "blacklist",
                    "engine_update": "20220217"
                },
                "FireEye": {
                    "category": "undetected",
                    "engine_name": "FireEye",
                    "engine_version": "32.44.1.0",
                    "result": null,
                    "method": "blacklist",
                    "engine_update": "20220405"
                },
                "Emsisoft": {
                    "category": "undetected",
                    "engine_name": "Emsisoft",
                    "engine_version": "2021.5.0.7597",
                    "result": null,
                    "method": "blacklist",
                    "engine_update": "20220405"
                },
                "SentinelOne": {
                    "category": "type-unsupported",
                    "engine_name": "SentinelOne",
                    "engine_version": "22.2.1.2",
                    "result": null,
                    "method": "blacklist",
                    "engine_update": "20220330"
                },
                "Avast-Mobile": {
                    "category": "undetected",
                    "engine_name": "Avast-Mobile",
                    "engine_version": "220404-00",
                    "result": null,
                    "method": "blacklist",
                    "engine_update": "20220404"
                },
                "Jiangmin": {
                    "category": "malicious",
                    "engine_name": "Jiangmin",
                    "engine_version": "16.0.100",
                    "result": "Trojan.Generic.gwsvk",
                    "method": "blacklist",
                    "engine_update": "20220404"
                },
                "Webroot": {
                    "category": "type-unsupported",
                    "engine_name": "Webroot",
                    "engine_version": "1.0.0.403",
                    "result": null,
                    "method": "blacklist",
                    "engine_update": "20220405"
                },
                "Avira": {
                    "category": "undetected",
                    "engine_name": "Avira",
                    "engine_version": "8.3.3.14",
                    "result": null,
                    "method": "blacklist",
                    "engine_update": "20220405"
                },
                "Antiy-AVL": {
                    "category": "undetected",
                    "engine_name": "Antiy-AVL",
                    "engine_version": "3.0.0.1",
                    "result": null,
                    "method": "blacklist",
                    "engine_update": "20220405"
                },
                "Kingsoft": {
                    "category": "undetected",
                    "engine_name": "Kingsoft",
                    "engine_version": "2017.9.26.565",
                    "result": null,
                    "method": "blacklist",
                    "engine_update": "20220405"
                },
                "Gridinsoft": {
                    "category": "undetected",
                    "engine_name": "Gridinsoft",
                    "engine_version": "1.0.74.174",
                    "result": null,
                    "method": "blacklist",
                    "engine_update": "20220405"
                },
                "Microsoft": {
                    "category": "malicious",
                    "engine_name": "Microsoft",
                    "engine_version": "1.1.19000.8",
                    "result": "Program:AndroidOS/Multiverze",
                    "method": "blacklist",
                    "engine_update": "20220405"
                },
                "ViRobot": {
                    "category": "undetected",
                    "engine_name": "ViRobot",
                    "engine_version": "2014.3.20.0",
                    "result": null,
                    "method": "blacklist",
                    "engine_update": "20220405"
                },
                "ZoneAlarm": {
                    "category": "undetected",
                    "engine_name": "ZoneAlarm",
                    "engine_version": "1.0",
                    "result": null,
                    "method": "blacklist",
                    "engine_update": "20220405"
                },
                "GData": {
                    "category": "undetected",
                    "engine_name": "GData",
                    "engine_version": "A:25.32721B:27.26917",
                    "result": null,
                    "method": "blacklist",
                    "engine_update": "20220405"
                },
                "TACHYON": {
                    "category": "undetected",
                    "engine_name": "TACHYON",
                    "engine_version": "2022-04-05.02",
                    "result": null,
                    "method": "blacklist",
                    "engine_update": "20220405"
                },
                "BitDefenderFalx": {
                    "category": "undetected",
                    "engine_name": "BitDefenderFalx",
                    "engine_version": "2.0.936",
                    "result": null,
                    "method": "blacklist",
                    "engine_update": "20220103"
                },
                "AhnLab-V3": {
                    "category": "undetected",
                    "engine_name": "AhnLab-V3",
                    "engine_version": "3.21.3.10230",
                    "result": null,
                    "method": "blacklist",
                    "engine_update": "20220405"
                },
                "Acronis": {
                    "category": "type-unsupported",
                    "engine_name": "Acronis",
                    "engine_version": "1.1.1.82",
                    "result": null,
                    "method": "blacklist",
                    "engine_update": "20210512"
                },
                "McAfee": {
                    "category": "undetected",
                    "engine_name": "McAfee",
                    "engine_version": "6.0.6.653",
                    "result": null,
                    "method": "blacklist",
                    "engine_update": "20220405"
                },
                "MAX": {
                    "category": "undetected",
                    "engine_name": "MAX",
                    "engine_version": "2019.9.16.1",
                    "result": null,
                    "method": "blacklist",
                    "engine_update": "20220405"
                },
                "VBA32": {
                    "category": "undetected",
                    "engine_name": "VBA32",
                    "engine_version": "5.0.0",
                    "result": null,
                    "method": "blacklist",
                    "engine_update": "20220405"
                },
                "Cylance": {
                    "category": "type-unsupported",
                    "engine_name": "Cylance",
                    "engine_version": "2.3.1.101",
                    "result": null,
                    "method": "blacklist",
                    "engine_update": "20220405"
                },
                "Zoner": {
                    "category": "undetected",
                    "engine_name": "Zoner",
                    "engine_version": "2.2.2.0",
                    "result": null,
                    "method": "blacklist",
                    "engine_update": "20220404"
                },
                "Tencent": {
                    "category": "undetected",
                    "engine_name": "Tencent",
                    "engine_version": "1.0.0.1",
                    "result": null,
                    "method": "blacklist",
                    "engine_update": "20220405"
                },
                "Yandex": {
                    "category": "malicious",
                    "engine_name": "Yandex",
                    "engine_version": "5.5.2.24",
                    "result": "Trojan.Etecer.bRWx6j.5",
                    "method": "blacklist",
                    "engine_update": "20220405"
                },
                "Ikarus": {
                    "category": "malicious",
                    "engine_name": "Ikarus",
                    "engine_version": "6.0.17.0",
                    "result": "PUA.AndroidOS.Jiagu",
                    "method": "blacklist",
                    "engine_update": "20220405"
                },
                "MaxSecure": {
                    "category": "undetected",
                    "engine_name": "MaxSecure",
                    "engine_version": "1.0.0.1",
                    "result": null,
                    "method": "blacklist",
                    "engine_update": "20220405"
                },
                "Fortinet": {
                    "category": "malicious",
                    "engine_name": "Fortinet",
                    "engine_version": "6.2.142.0",
                    "result": "Riskware/PackagingUntrustworthyJiagu!Android",
                    "method": "blacklist",
                    "engine_update": "20220405"
                },
                "Cybereason": {
                    "category": "type-unsupported",
                    "engine_name": "Cybereason",
                    "engine_version": "1.2.449",
                    "result": null,
                    "method": "blacklist",
                    "engine_update": "20210330"
                },
                "Paloalto": {
                    "category": "type-unsupported",
                    "engine_name": "Paloalto",
                    "engine_version": "0.9.0.1003",
                    "result": null,
                    "method": "blacklist",
                    "engine_update": "20220405"
                },
                "CrowdStrike": {
                    "category": "type-unsupported",
                    "engine_name": "CrowdStrike",
                    "engine_version": "1.0",
                    "result": null,
                    "method": "blacklist",
                    "engine_update": null
                }
            },
            "sha256": "00009c58545b6b6fa22f5c2be900abb1b4029acf7ac57196d97fd1c0298886e2",
            "type_extension": "apk",
            "tags": [
                "reflection",
                "apk",
                "runtime-modules",
                "contains-elf",
                "telephony",
                "android"
            ],
            "last_analysis_date": 1649173493,
            "unique_sources": 3,
            "first_submission_date": 1551250791,
            "sha1": "265229265d90e9ad893eef86c5f4ba5f33b0798c",
            "ssdeep": "393216:IvN5IiULNSaCI+JiQqtAD/WT2f2NyPhWnsuDy41jgK8TSJxpqaIMdp1pCUpZAZKS:IULUhlf/Wq2NA6ymglTLQpGUpZ8KW/jX",
            "bundle_info": {
                "highest_datetime": "2019-02-22 11:22:32",
                "lowest_datetime": "1980-00-00 00:00:00",
                "num_children": 3463,
                "extensions": {
                    "xml": 342,
                    "dex": 1,
                    "gz": 1,
                    "js": 1,
                    "dat": 2,
                    "so": 18,
                    "ini": 1,
                    "txt": 1,
                    "png": 317,
                    "mp3": 1
                },
                "file_types": {
                    "XML": 342,
                    "DEX": 1,
                    "ZIP": 1,
                    "unknown": 311,
                    "ELF": 18,
                    "JSON": 1,
                    "OGG": 1,
                    "PNG": 325
                },
                "type": "APK",
                "uncompressed_size": 23545408
            },
            "packers": {
                "F-PROT": "appended, UTF-8, packed"
            },
            "md5": "a78bf4102ddbc20acdb0bb1682de703d",
            "androguard": {
                "VTAndroidInfo": 2.0,
                "AndroidApplicationError": false,
                "MinSdkVersion": "17",
                "AndroguardVersion": "3.4.0a1",
                "Activities": [
                    "cn.net.cnea.transportcapacitycooldemo.ui.main.aty.SplashActivity",
                    "com.stub.plugin.Stub01",
                    "com.stub.stub08.AppUpdateActivity",
                    "cn.net.cnea.transportcapacitycooldemo.ui.discover.aty.PersonInfoActivity",
                    "cn.net.cnea.transportcapacitycooldemo.ui.main.aty.LoginActivity",
                    "cn.net.cnea.transportcapacitycooldemo.ui.main.aty.RegisteActivity",
                    "cn.net.cnea.transportcapacitycooldemo.ui.main.aty.ForgetPasswordActivity",
                    "cn.net.cnea.transportcapacitycooldemo.ui.discover.aty.CarDetailActivity",
                    "cn.net.cnea.transportcapacitycooldemo.ui.main.aty.HomeResideMenuActivity",
                    "cn.net.cnea.transportcapacitycooldemo.ui.home.aty.OrderDetailAty",
                    "cn.net.cnea.transportcapacitycooldemo.ui.main.aty.GPSNaviActivity",
                    "cn.net.cnea.transportcapacitycooldemo.ui.discover.aty.WebSideActivity",
                    "cn.net.cnea.transportcapacitycooldemo.ui.mine.aty.SettingActivity",
                    "cn.net.cnea.transportcapacitycooldemo.ui.discover.aty.AboutUsActivity",
                    "cn.net.cnea.transportcapacitycooldemo.ui.mine.aty.AdviceActivity",
                    "cn.net.cnea.transportcapacitycooldemo.ui.discover.aty.BeingCapActivity",
                    "cn.net.cnea.transportcapacitycooldemo.ui.discover.aty.CarChangeInfoActivity",
                    "cn.net.cnea.transportcapacitycooldemo.ui.discover.aty.InvitationAcitivty",
                    "cn.net.cnea.transportcapacitycooldemo.ui.home.aty.AchieveActivity",
                    "cn.net.cnea.transportcapacitycooldemo.ui.mine.aty.AccountSafeActivity",
                    "cn.net.cnea.transportcapacitycooldemo.share.wxapi.WXEntryActivity",
                    "com.mob.tools.MobUIShell",
                    "cn.net.cnea.transportcapacitycooldemo.ui.discover.aty.CarModelActivity",
                    "cn.net.cnea.transportcapacitycooldemo.ui.mine.aty.EditActivity",
                    "cn.net.cnea.transportcapacitycooldemo.ui.home.aty.SelectAddressActivity",
                    "cn.net.cnea.transportcapacitycooldemo.ui.discover.aty.AuthInfoActivity",
                    "cn.net.cnea.transportcapacitycooldemo.ui.home.aty.MyAchieveInfoActivity",
                    "cn.net.cnea.transportcapacitycooldemo.ui.main.aty.EvaluationInfoActivity",
                    "cn.net.cnea.transportcapacitycooldemo.ui.home.aty.ReceiveAddressNumberActivity",
                    "cn.net.cnea.transportcapacitycooldemo.ui.home.aty.SendReceivePointActivity",
                    "cn.net.cnea.transportcapacitycooldemo.ui.discover.aty.NearToolActivity",
                    "cn.net.cnea.transportcapacitycooldemo.ui.discover.aty.ANavigationActivity",
                    "cn.net.cnea.transportcapacitycooldemo.ui.income.aty.InforAty",
                    "cn.net.cnea.transportcapacitycooldemo.ui.home.aty.OrderListAty",
                    "cn.net.cnea.transportcapacitycooldemo.ui.discover.aty.MonitoringAty",
                    "cn.net.cnea.transportcapacitycooldemo.ui.home.aty.CarrierCarAty",
                    "cn.net.cnea.transportcapacitycooldemo.ui.home.aty.CarrierDriverAty",
                    "cn.net.cnea.transportcapacitycooldemo.ui.home.aty.CarrierOrderAty",
                    "cn.net.cnea.transportcapacitycooldemo.ui.home.aty.OrderCenterAty",
                    "cn.net.cnea.transportcapacitycooldemo.ui.discover.aty.CarManagerActivity",
                    "cn.net.cnea.transportcapacitycooldemo.ui.home.aty.SearchCarActivity",
                    "cn.net.cnea.transportcapacitycooldemo.ui.discover.aty.CarInfoActivity",
                    "cn.net.cnea.transportcapacitycooldemo.ui.home.aty.SearchDriverAty",
                    "cn.net.cnea.transportcapacitycooldemo.ui.discover.aty.BeingCooAty",
                    "cn.net.cnea.transportcapacitycooldemo.ui.home.aty.BaseCapActivity",
                    "cn.net.cnea.transportcapacitycooldemo.ui.discover.aty.StandardCapActivity",
                    "cn.net.cnea.transportcapacitycooldemo.ui.home.aty.BrandServiceAty",
                    "cn.net.cnea.transportcapacitycooldemo.ui.discover.aty.FailToReportAty",
                    "cn.net.cnea.transportcapacitycooldemo.ui.income.aty.IncomeAty",
                    "cn.net.cnea.transportcapacitycooldemo.ui.income.aty.IncomeAddAty",
                    "cn.net.cnea.transportcapacitycooldemo.ui.income.aty.IncomeExtendAty",
                    "cn.net.cnea.transportcapacitycooldemo.ui.income.aty.IncomeHistoryAty",
                    "cn.net.cnea.transportcapacitycooldemo.ui.income.aty.IncomeHistoryDetailAty",
                    "cn.net.cnea.transportcapacitycooldemo.ui.income.aty.IcAddDetailAty",
                    "cn.net.cnea.transportcapacitycooldemo.ui.income.aty.IncomeListAty",
                    "cn.net.cnea.transportcapacitycooldemo.ui.income.aty.IncomeExpendCompareAty",
                    "cn.net.cnea.transportcapacitycooldemo.ui.income.aty.IncomeExDetailAty",
                    "cn.net.cnea.transportcapacitycooldemo.ui.income.aty.IEDDetailAty",
                    "cn.net.cnea.transportcapacitycooldemo.ui.income.aty.IcAddClassifyAty",
                    "cn.net.cnea.transportcapacitycooldemo.ui.income.aty.IcAddOppositeAty",
                    "cn.net.cnea.transportcapacitycooldemo.ui.income.aty.IncomeSearchAty",
                    "cn.net.cnea.transportcapacitycooldemo.ui.income.aty.IcChangeDetailAty",
                    "cn.net.cnea.transportcapacitycooldemo.ui.discover.aty.CostUploadAty",
                    "cn.net.cnea.transportcapacitycooldemo.ui.discover.aty.FailToReportListAty",
                    "cn.net.cnea.transportcapacitycooldemo.ui.discover.aty.FtrActivieAty",
                    "cn.net.cnea.transportcapacitycooldemo.ui.discover.aty.FtrComonFailAty",
                    "cn.net.cnea.transportcapacitycooldemo.ui.discover.aty.FtrLookResultAty",
                    "cn.net.cnea.transportcapacitycooldemo.ui.discover.aty.FtrEvaluateAty",
                    "cn.net.cnea.transportcapacitycooldemo.ui.discover.aty.ChargeStationAty",
                    "cn.net.cnea.transportcapacitycooldemo.ui.home.aty.UploadChargeAty",
                    "cn.net.cnea.transportcapacitycooldemo.ui.home.aty.UploadRecordListAty",
                    "cn.net.cnea.transportcapacitycooldemo.ui.home.aty.UploadWordAty",
                    "cn.net.cnea.transportcapacitycooldemo.ui.home.aty.UploadRedPacketAty",
                    "cn.jpush.android.ui.PopWinActivity",
                    "cn.jpush.android.ui.PushActivity",
                    "cn.net.cnea.transportcapacitycooldemo.ui.mine.aty.NoticeListAty",
                    "cn.net.cnea.transportcapacitycooldemo.ui.mine.aty.NoticeDetailAty",
                    "cn.net.cnea.transportcapacitycooldemo.ui.mine.aty.CardAty",
                    "cn.net.cnea.transportcapacitycooldemo.ui.discover.aty.TgListAty",
                    "cn.net.cnea.transportcapacitycooldemo.ui.discover.aty.TgDetailAty",
                    "cn.net.cnea.transportcapacitycooldemo.widget.print.Activity_DeviceList",
                    "cn.net.cnea.transportcapacitycooldemo.ui.discover.aty.TgAdrAty",
                    "cn.net.cnea.transportcapacitycooldemo.ui.discover.aty.TgLocalListAty",
                    "cn.net.cnea.transportcapacitycooldemo.ui.discover.aty.ScanAty",
                    "cn.net.cnea.transportcapacitycooldemo.ui.main.aty.RegisterChoiceAty",
                    "cn.net.cnea.transportcapacitycooldemo.ui.main.aty.FastRegisterAty",
                    "cn.net.cnea.transportcapacitycooldemo.ui.mine.aty.LocationAty",
                    "cn.net.cnea.transportcapacitycooldemo.ui.home.aty.OrderAbnormalHistoryAty",
                    "cn.net.cnea.transportcapacitycooldemo.ui.home.aty.OrderInterruptListAty",
                    "cn.net.cnea.transportcapacitycooldemo.ui.home.aty.OrderInterruptDetailAty",
                    "cn.net.cnea.transportcapacitycooldemo.ui.discover.aty.TgBusinessListAty",
                    "cn.net.cnea.transportcapacitycooldemo.ui.discover.aty.TgPrintAty",
                    "com.luck.picture.lib.ui.PictureAlbumDirectoryActivity",
                    "com.luck.picture.lib.ui.PictureImageGridActivity",
                    "com.luck.picture.lib.ui.PicturePreviewActivity",
                    "com.luck.picture.lib.ui.PictureVideoPlayActivity",
                    "com.luck.picture.lib.ui.PictureExternalPreviewActivity",
                    "com.yalantis.ucrop.ui.PictureMultiCuttingActivity",
                    "com.yalantis.ucrop.ui.PictureSingeUCropActivity",
                    "com.yanzhenjie.permission.PermissionActivity"
                ],
                "certificate": {
                    "Subject": {
                        "DN": "CN:cnea, O:cnea",
                        "CN": "cnea",
                        "O": "cnea"
                    },
                    "validto": "2042-04-28 07:06:04",
                    "serialnumber": "d1f25d0",
                    "thumbprint": "efbe7c8cf5d3b6af687a26db0aac19d32b92b464",
                    "validfrom": "2017-05-04 07:06:04",
                    "Issuer": {
                        "DN": "CN:cnea, O:cnea",
                        "CN": "cnea",
                        "O": "cnea"
                    }
                },
                "AndroidApplication": 1,
                "RiskIndicator": {
                    "APK": {
                        "DEX": 1,
                        "APK": 1,
                        "SHARED LIBRARIES": 1
                    },
                    "PERM": {
                        "DEVELOPMENT": 1,
                        "PRE23": 2,
                        "APPOP": 3,
                        "PRIVACY": 6,
                        "EPHEMERAL": 3,
                        "SYSTEM": 3,
                        "PREINSTALLED": 2,
                        "DANGEROUS": 3,
                        "SIGNATURE": 7,
                        "INTERNET": 1,
                        "NORMAL": 13,
                        "GPS": 3
                    }
                },
                "Services": [
                    "com.stub.plugin.Stub02",
                    "cn.net.cnea.transportcapacitycooldemo.keeplive.KeepLiveService",
                    "cn.net.cnea.transportcapacitycooldemo.keeplive.CancelNoticeService",
                    "com.alibaba.sdk.android.push.ChannelService",
                    "com.amap.api.location.APSService",
                    "cn.net.cnea.transportcapacitycooldemo.manager.UpdateAppService",
                    "cn.net.cnea.transportcapacitycooldemo.tcp.MsgService",
                    "cn.net.cnea.transportcapacitycooldemo.tcp.InnerService",
                    "cn.jpush.android.service.PushService",
                    "com.alibaba.sdk.android.push.MsgService",
                    "com.alibaba.sdk.android.push.channel.CheckService",
                    "com.taobao.accs.ChannelService",
                    "com.taobao.accs.ChannelService$KernelService",
                    "com.taobao.accs.data.MsgDistributeService",
                    "org.android.agoo.accs.AgooService",
                    "com.alibaba.sdk.android.push.AliyunPushIntentService",
                    "com.alibaba.sdk.android.push.channel.TaobaoRecvService",
                    "com.taobao.accs.internal.AccsJobService",
                    "com.alibaba.sdk.android.push.channel.KeepChannelService",
                    "com.xiaomi.mipush.sdk.PushMessageHandler",
                    "com.xiaomi.mipush.sdk.MessageHandleService",
                    "com.taobao.sophix.aidl.DownloadService"
                ],
                "AndroidVersionCode": "21",
                "main_activity": "cn.net.cnea.transportcapacitycooldemo.ui.main.aty.SplashActivity",
                "Package": "cn.net.cnea.transportcapacitycooldemo",
                "intent_filters": {
                    "Services": {
                        "com.alibaba.sdk.android.push.channel.CheckService": {
                            "action": [
                                "com.alibaba.sdk.android.push.CHECK_SERVICE"
                            ]
                        },
                        "cn.jpush.android.service.PushService": {
                            "action": [
                                "cn.jpush.android.intent.REGISTER",
                                "cn.jpush.android.intent.REPORT",
                                "cn.jpush.android.intent.PushService",
                                "cn.jpush.android.intent.PUSH_TIME"
                            ]
                        },
                        "com.taobao.accs.ChannelService": {
                            "action": [
                                "com.taobao.accs.intent.action.SERVICE"
                            ]
                        },
                        "com.alibaba.sdk.android.push.MsgService": {
                            "action": [
                                "com.alibaba.sdk.android.push.NOTIFY_ACTION"
                            ]
                        },
                        "com.alibaba.sdk.android.push.ChannelService": {
                            "action": [
                                "com.taobao.accs.intent.action.SERVICE",
                                "org.agoo.android.intent.action.PING_V4"
                            ],
                            "category": [
                                "taobao"
                            ]
                        },
                        "com.taobao.sophix.aidl.DownloadService": {
                            "action": [
                                "com.taobao.hotfix.action"
                            ],
                            "category": [
                                "android.intent.category.DEFAULT"
                            ]
                        },
                        "com.alibaba.sdk.android.push.AliyunPushIntentService": {
                            "action": [
                                "org.agoo.android.intent.action.RECEIVE"
                            ]
                        },
                        "com.taobao.accs.data.MsgDistributeService": {
                            "action": [
                                "com.taobao.accs.intent.action.RECEIVE"
                            ]
                        },
                        "org.android.agoo.accs.AgooService": {
                            "action": [
                                "com.taobao.accs.intent.action.RECEIVE"
                            ]
                        },
                        "com.alibaba.sdk.android.push.channel.TaobaoRecvService": {
                            "action": [
                                "org.android.agoo.client.MessageReceiverService"
                            ]
                        }
                    },
                    "Activities": {
                        "com.mob.tools.MobUIShell": {
                            "action": [
                                "android.intent.action.VIEW",
                                "com.sina.weibo.sdk.action.ACTION_SDK_REQ_ACTIVITY"
                            ],
                            "category": [
                                "android.intent.category.BROWSABLE",
                                "android.intent.category.DEFAULT"
                            ]
                        },
                        "cn.net.cnea.transportcapacitycooldemo.ui.home.aty.OrderDetailAty": {
                            "action": [
                                "android.media.action.IMAGE_CAPTURE"
                            ],
                            "category": [
                                "android.intent.category.DEFAULT"
                            ]
                        },
                        "cn.net.cnea.transportcapacitycooldemo.ui.main.aty.SplashActivity": {
                            "action": [
                                "android.intent.action.MAIN"
                            ],
                            "category": [
                                "android.intent.category.LAUNCHER"
                            ]
                        },
                        "cn.jpush.android.ui.PushActivity": {
                            "action": [
                                "cn.jpush.android.ui.PushActivity"
                            ],
                            "category": [
                                "android.intent.category.DEFAULT",
                                "cn.net.cnea.transportcapacitycooldemo"
                            ]
                        }
                    },
                    "Receivers": {
                        "com.taobao.accs.ServiceReceiver": {
                            "action": [
                                "com.taobao.accs.intent.action.COMMAND",
                                "com.taobao.accs.intent.action.START_FROM_AGOO"
                            ]
                        },
                        "cn.jpush.android.service.PushReceiver": {
                            "action": [
                                "cn.jpush.android.intent.NOTIFICATION_RECEIVED_PROXY",
                                "android.intent.action.USER_PRESENT",
                                "android.net.conn.CONNECTIVITY_CHANGE",
                                "android.intent.action.PACKAGE_ADDED",
                                "android.intent.action.PACKAGE_REMOVED"
                            ],
                            "category": [
                                "cn.net.cnea.transportcapacitycooldemo"
                            ]
                        },
                        "cn.net.cnea.transportcapacitycooldemo.jpush.MyJpushReceiver": {
                            "action": [
                                "cn.jpush.android.intent.REGISTRATION",
                                "cn.jpush.android.intent.MESSAGE_RECEIVED",
                                "cn.jpush.android.intent.NOTIFICATION_RECEIVED",
                                "cn.jpush.android.intent.NOTIFICATION_OPENED",
                                "cn.jpush.android.intent.CONNECTION"
                            ],
                            "category": [
                                "cn.net.cnea.transportcapacitycooldemo"
                            ]
                        },
                        "com.alibaba.sdk.android.push.HuaWeiReceiver": {
                            "action": [
                                "com.huawei.android.push.intent.REGISTRATION",
                                "com.huawei.android.push.intent.RECEIVE",
                                "com.huawei.intent.action.PUSH",
                                "com.huawei.intent.action.PUSH_STATE"
                            ]
                        },
                        "com.taobao.accs.EventReceiver": {
                            "action": [
                                "android.intent.action.BOOT_COMPLETED",
                                "android.net.conn.CONNECTIVITY_CHANGE",
                                "android.intent.action.PACKAGE_REMOVED",
                                "android.intent.action.USER_PRESENT"
                            ]
                        },
                        "com.xiaomi.push.service.receivers.NetworkStatusReceiver": {
                            "action": [
                                "android.net.conn.CONNECTIVITY_CHANGE"
                            ],
                            "category": [
                                "android.intent.category.DEFAULT"
                            ]
                        },
                        "com.alibaba.sdk.android.push.MiPushBroadcastReceiver": {
                            "action": [
                                "com.xiaomi.mipush.RECEIVE_MESSAGE",
                                "com.xiaomi.mipush.MESSAGE_ARRIVED",
                                "com.xiaomi.mipush.ERROR"
                            ]
                        },
                        "cn.net.cnea.transportcapacitycooldemo.alipush.ALYunReceiver": {
                            "action": [
                                "com.alibaba.push2.action.NOTIFICATION_OPENED",
                                "com.alibaba.push2.action.NOTIFICATION_REMOVED",
                                "com.alibaba.sdk.android.push.RECEIVE"
                            ]
                        },
                        "com.taobao.agoo.AgooCommondReceiver": {
                            "action": [
                                "cn.net.cnea.transportcapacitycooldemo.intent.action.COMMAND",
                                "android.intent.action.PACKAGE_REMOVED"
                            ]
                        },
                        "cn.net.cnea.transportcapacitycooldemo.tcp.KeepAppReceiver": {
                            "action": [
                                "cn.net.cnea.tcp.KeepAppReceiver",
                                "android.intent.action.SCREEN_OFF",
                                "android.intent.action.SCREEN_ON"
                            ]
                        },
                        "com.alibaba.sdk.android.push.SystemEventReceiver": {
                            "action": [
                                "android.intent.action.MEDIA_MOUNTED",
                                "android.intent.action.ACTION_POWER_CONNECTED",
                                "android.intent.action.ACTION_POWER_DISCONNECTED"
                            ]
                        }
                    }
                },
                "AndroidVersionName": "1.5.6",
                "TargetSdkVersion": "26",
                "AndroidApplicationInfo": "APK",
                "Providers": [
                    "com.stub.plugin.Stub04",
                    "android.support.v4.content.FileProvider",
                    "cn.net.cnea.transportcapacitycooldemo.utils.MyFileProvider",
                    "cn.jpush.android.service.DataProvider",
                    "cn.jpush.android.service.DownloadProvider"
                ],
                "permission_details": {
                    "android.permission.CHANGE_NETWORK_STATE": {
                        "short_description": "change network connectivity",
                        "full_description": "Allows the app to change the state of network connectivity.",
                        "permission_type": "normal"
                    },
                    "android.permission.WRITE_MEDIA_STORAGE": {
                        "short_description": "modify/delete internal media storage contents",
                        "full_description": "Allows the app to modify the contents of the internal media storage.",
                        "permission_type": "signature|system"
                    },
                    "android.permission.ACCESS_COARSE_LOCATION": {
                        "short_description": "access approximate location\n      (network-based)",
                        "full_description": "This app can get your location based on network sources such as cell towers and Wi-Fi networks. These location services must be turned on and available on your phone for the app to be able to use them.",
                        "permission_type": "dangerous|ephemeral"
                    },
                    "android.permission.RECEIVE_BOOT_COMPLETED": {
                        "short_description": "run at startup",
                        "full_description": "Allows the app to\n        have itself started as soon as the system has finished booting.\n        This can make it take longer to start the phone and allow the\n        app to slow down the overall phone by always running.",
                        "permission_type": "normal"
                    },
                    "android.permission.BLUETOOTH": {
                        "short_description": "pair with Bluetooth devices",
                        "full_description": "Allows the app to view the\n      configuration of the Bluetooth on the phone, and to make and accept\n      connections with paired devices.",
                        "permission_type": "normal"
                    },
                    "android.permission.ACCESS_WIFI_STATE": {
                        "short_description": "view Wi-Fi connections",
                        "full_description": "Allows the app to view information\n      about Wi-Fi networking, such as whether Wi-Fi is enabled and name of\n      connected Wi-Fi devices.",
                        "permission_type": "normal"
                    },
                    "android.permission.INTERNET": {
                        "short_description": "have full network access",
                        "full_description": "Allows the app to create\n     network sockets and use custom network protocols. The browser and other\n     applications provide means to send data to the internet, so this\n     permission is not required to send data to the internet.",
                        "permission_type": "normal|ephemeral"
                    },
                    "cn.net.cnea.transportcapacitycooldemo.permission.MIPUSH_RECEIVE": {
                        "short_description": "Unknown permission from android reference",
                        "full_description": "Unknown permission from android reference",
                        "permission_type": "normal"
                    },
                    "android.permission.BLUETOOTH_ADMIN": {
                        "short_description": "access Bluetooth settings",
                        "full_description": "Allows the app to configure\n      the local Bluetooth phone, and to discover and pair with remote devices.",
                        "permission_type": "normal"
                    },
                    "android.permission.ACCESS_FINE_LOCATION": {
                        "short_description": "access precise location (GPS and\n      network-based)",
                        "full_description": "This app can get your location based on GPS or network location sources such as cell towers and Wi-Fi networks. These location services must be turned on and available on your phone for the app to be able to use them. This may increase battery consumption.",
                        "permission_type": "dangerous|ephemeral"
                    },
                    "android.permission.REQUEST_INSTALL_PACKAGES": {
                        "short_description": "request install packages",
                        "full_description": "Allows an application to request installation of packages.",
                        "permission_type": "signature|appop"
                    },
                    "cn.net.cnea.transportcapacitycooldemo.permission.JPUSH_MESSAGE": {
                        "short_description": "Unknown permission from android reference",
                        "full_description": "Unknown permission from android reference",
                        "permission_type": "normal"
                    },
                    "android.permission.RECEIVE_USER_PRESENT": {
                        "short_description": "Unknown permission from android reference",
                        "full_description": "Unknown permission from android reference",
                        "permission_type": "normal"
                    },
                    "android.permission.REORDER_TASKS": {
                        "short_description": "reorder running apps",
                        "full_description": "Allows the app to move tasks to the\n      foreground and background.  The app may do this without your input.",
                        "permission_type": "normal"
                    },
                    "android.permission.DEVICE_POWER": {
                        "short_description": "power phone on or off",
                        "full_description": "Allows the app to turn the phone on or off.",
                        "permission_type": "signature"
                    },
                    "android.permission.ACCESS_NETWORK_STATE": {
                        "short_description": "view network connections",
                        "full_description": "Allows the app to view\n      information about network connections such as which networks exist and are\n      connected.",
                        "permission_type": "normal|ephemeral"
                    },
                    "cn.net.cnea.transportcapacitycooldemo.permission.C2D_MESSAGE": {
                        "short_description": "Unknown permission from android reference",
                        "full_description": "Unknown permission from android reference",
                        "permission_type": "normal"
                    },
                    "android.permission.GET_TASKS": {
                        "short_description": "retrieve running apps",
                        "full_description": "Allows the app to retrieve information\n       about currently and recently running tasks.  This may allow the app to\n       discover information about which applications are used on the device.",
                        "permission_type": "normal"
                    },
                    "android.permission.STATUS_BAR": {
                        "short_description": "disable or modify status bar",
                        "full_description": "Allows the app to disable the status bar or add and remove system icons.",
                        "permission_type": "signature|system"
                    },
                    "android.permission.WRITE_EXTERNAL_STORAGE": {
                        "short_description": "modify or delete the contents of your SD card",
                        "full_description": "Allows the app to write to the SD card.",
                        "permission_type": "dangerous"
                    },
                    "android.permission.BROADCAST_PACKAGE_REPLACED": {
                        "short_description": "Unknown permission from android reference",
                        "full_description": "Unknown permission from android reference",
                        "permission_type": "normal"
                    },
                    "android.permission.MANAGE_ACCOUNTS": {
                        "short_description": "add or remove accounts",
                        "full_description": "Allows the app to\n    perform operations like adding and removing accounts, and deleting\n    their password.",
                        "permission_type": "dangerous"
                    },
                    "android.permission.READ_EXTERNAL_STORAGE": {
                        "short_description": "read the contents of your SD card",
                        "full_description": "Allows the app to read the contents of your SD card.",
                        "permission_type": "dangerous"
                    },
                    "android.permission.BROADCAST_PACKAGE_CHANGED": {
                        "short_description": "Unknown permission from android reference",
                        "full_description": "Unknown permission from android reference",
                        "permission_type": "normal"
                    },
                    "com.google.android.c2dm.permission.RECEIVE": {
                        "short_description": "Unknown permission from android reference",
                        "full_description": "Unknown permission from android reference",
                        "permission_type": "normal"
                    },
                    "android.permission.CALL_PHONE": {
                        "short_description": "directly call phone numbers",
                        "full_description": "Allows the app to call phone numbers\n      without your intervention. This may result in unexpected charges or calls.\n      Note that this doesn't allow the app to call emergency numbers.\n      Malicious apps may cost you money by making calls without your\n      confirmation.",
                        "permission_type": "dangerous"
                    },
                    "android.permission.WRITE_SETTINGS": {
                        "short_description": "modify system settings",
                        "full_description": "Allows the app to modify the\n        system's settings data. Malicious apps may corrupt your system's\n        configuration.",
                        "permission_type": "signature|preinstalled|appop|pre23"
                    },
                    "android.permission.FLASHLIGHT": {
                        "short_description": "control flashlight",
                        "full_description": "Allows the app to control the flashlight.",
                        "permission_type": "normal"
                    },
                    "android.permission.READ_PHONE_STATE": {
                        "short_description": "read phone status and identity",
                        "full_description": "Allows the app to access the phone\n      features of the device.  This permission allows the app to determine the\n      phone number and device IDs, whether a call is active, and the remote number\n      connected by a call.",
                        "permission_type": "dangerous"
                    },
                    "android.permission.VIBRATE": {
                        "short_description": "control vibration",
                        "full_description": "Allows the app to control the vibrator.",
                        "permission_type": "normal|ephemeral"
                    },
                    "android.permission.SYSTEM_ALERT_WINDOW": {
                        "short_description": "This app can appear on top of other apps",
                        "full_description": "This app can appear on top of other apps or other parts of the screen. This may interfere with normal app usage and change the way that other apps appear.",
                        "permission_type": "signature|preinstalled|appop|pre23|development"
                    },
                    "android.permission.ACCESS_LOCATION_EXTRA_COMMANDS": {
                        "short_description": "access extra location provider commands",
                        "full_description": "Allows the app to access\n        extra location provider commands.  This may allow the app to interfere\n        with the operation of the GPS or other location sources.",
                        "permission_type": "normal"
                    },
                    "android.permission.CAMERA": {
                        "short_description": "take pictures and videos",
                        "full_description": "This app can take pictures and record videos using the camera at any time.",
                        "permission_type": "dangerous|ephemeral"
                    },
                    "android.permission.WAKE_LOCK": {
                        "short_description": "prevent phone from sleeping",
                        "full_description": "Allows the app to prevent the phone from going to sleep.",
                        "permission_type": "normal|ephemeral"
                    },
                    "android.permission.CHANGE_WIFI_STATE": {
                        "short_description": "connect and disconnect from Wi-Fi",
                        "full_description": "Allows the app to connect to and\n      disconnect from Wi-Fi access points and to make changes to device\n      configuration for Wi-Fi networks.",
                        "permission_type": "normal"
                    },
                    "android.permission.MOUNT_UNMOUNT_FILESYSTEMS": {
                        "short_description": "access SD Card filesystem",
                        "full_description": "Allows the app to mount and\n        unmount filesystems for removable storage.",
                        "permission_type": "system|signature"
                    },
                    "android.permission.RESTART_PACKAGES": {
                        "short_description": "close other apps",
                        "full_description": "Allows the app to end\n      background processes of other apps.  This may cause other apps to stop\n      running.",
                        "permission_type": "normal"
                    },
                    "android.permission.GET_ACCOUNTS": {
                        "short_description": "find accounts on the device",
                        "full_description": "Allows the app to get\n      the list of accounts known by the phone.  This may include any accounts\n      created by applications you have installed.",
                        "permission_type": "dangerous"
                    },
                    "com.huawei.systemmanager.permission.ACCESS_INTERFACE": {
                        "short_description": "Unknown permission from android reference",
                        "full_description": "Unknown permission from android reference",
                        "permission_type": "normal"
                    }
                },
                "Receivers": [
                    "com.stub.plugin.Stub03",
                    "cn.net.cnea.transportcapacitycooldemo.alipush.ALYunReceiver",
                    "cn.net.cnea.transportcapacitycooldemo.tcp.KeepAppReceiver",
                    "cn.jpush.android.service.PushReceiver",
                    "cn.jpush.android.service.AlarmReceiver",
                    "cn.net.cnea.transportcapacitycooldemo.jpush.MyJpushReceiver",
                    "com.taobao.accs.EventReceiver",
                    "com.taobao.accs.ServiceReceiver",
                    "com.taobao.agoo.AgooCommondReceiver",
                    "com.alibaba.sdk.android.push.SystemEventReceiver",
                    "com.alibaba.sdk.android.push.MiPushBroadcastReceiver",
                    "com.xiaomi.push.service.receivers.NetworkStatusReceiver",
                    "com.alibaba.sdk.android.push.HuaWeiReceiver"
                ]
            },
            "magic": "Zip archive data, at least v2.0 to extract",
            "last_analysis_stats": {
                "harmless": 0,
                "type-unsupported": 11,
                "suspicious": 0,
                "confirmed-timeout": 0,
                "timeout": 0,
                "failure": 0,
                "malicious": 9,
                "undetected": 52
            },
            "meaningful_name": "00009C58545B6B6FA22F5C2BE900ABB1B4029ACF7AC57196D97FD1C0298886E2.apk",
            "reputation": 0
        },
        "type": "file",
        "id": "00009c58545b6b6fa22f5c2be900abb1b4029acf7ac57196d97fd1c0298886e2",
        "links": {
            "self": "https://www.virustotal.com/api/v3/files/00009c58545b6b6fa22f5c2be900abb1b4029acf7ac57196d97fd1c0298886e2"
        }
    }
}