{
    "data": {
        "attributes": {
            "type_description": "Android",
            "tlsh": "T190E62343B358A97FC877D0330A5216346266DC46CA83DA43395D776D28B7AE84F8AFC4",
            "vhash": "082f271a40c58dc29093b19038bfc289",
            "trid": [
                {
                    "file_type": "Android Package",
                    "probability": 44.2
                },
                {
                    "file_type": "Java Archive",
                    "probability": 15.5
                },
                {
                    "file_type": "VYM Mind Map",
                    "probability": 14.3
                },
                {
                    "file_type": "Sweet Home 3D design (generic)",
                    "probability": 12.0
                },
                {
                    "file_type": "Mozilla Archive Format (gen)",
                    "probability": 8.0
                }
            ],
            "names": [
                "0000670CA280DB9532877AA6E7CB362A45327A147AA77334F3A77CB6936EDCFB.apk",
                "d4p76d1TTFQnfoHAxvPE20200622-46107-1csg1zc"
            ],
            "last_modification_date": 1649576113,
            "type_tag": "android",
            "times_submitted": 5,
            "total_votes": {
                "harmless": 0,
                "malicious": 0
            },
            "size": 14183103,
            "type_extension": "apk",
            "last_submission_date": 1648152704,
            "last_analysis_results": {
                "Bkav": {
                    "category": "undetected",
                    "engine_name": "Bkav",
                    "engine_version": "1.3.0.9899",
                    "result": null,
                    "method": "blacklist",
                    "engine_update": "20220404"
                },
                "Lionic": {
                    "category": "undetected",
                    "engine_name": "Lionic",
                    "engine_version": "7.5",
                    "result": null,
                    "method": "blacklist",
                    "engine_update": "20220410"
                },
                "tehtris": {
                    "category": "type-unsupported",
                    "engine_name": "tehtris",
                    "engine_version": "v0.0.7",
                    "result": null,
                    "method": "blacklist",
                    "engine_update": "20220410"
                },
                "MicroWorld-eScan": {
                    "category": "undetected",
                    "engine_name": "MicroWorld-eScan",
                    "engine_version": "14.0.409.0",
                    "result": null,
                    "method": "blacklist",
                    "engine_update": "20220410"
                },
                "FireEye": {
                    "category": "undetected",
                    "engine_name": "FireEye",
                    "engine_version": "32.44.1.0",
                    "result": null,
                    "method": "blacklist",
                    "engine_update": "20220410"
                },
                "CAT-QuickHeal": {
                    "category": "undetected",
                    "engine_name": "CAT-QuickHeal",
                    "engine_version": "14.00",
                    "result": null,
                    "method": "blacklist",
                    "engine_update": "20220409"
                },
                "McAfee": {
                    "category": "undetected",
                    "engine_name": "McAfee",
                    "engine_version": "6.0.6.653",
                    "result": null,
                    "method": "blacklist",
                    "engine_update": "20220410"
                },
                "Malwarebytes": {
                    "category": "undetected",
                    "engine_name": "Malwarebytes",
                    "engine_version": "4.2.2.27",
                    "result": null,
                    "method": "blacklist",
                    "engine_update": "20220410"
                },
                "Paloalto": {
                    "category": "type-unsupported",
                    "engine_name": "Paloalto",
                    "engine_version": "0.9.0.1003",
                    "result": null,
                    "method": "blacklist",
                    "engine_update": "20220410"
                },
                "Sangfor": {
                    "category": "timeout",
                    "engine_name": "Sangfor",
                    "engine_version": "2.9.0.0",
                    "result": null,
                    "method": "blacklist",
                    "engine_update": "20220409"
                },
                "Trustlook": {
                    "category": "undetected",
                    "engine_name": "Trustlook",
                    "engine_version": "1.0",
                    "result": null,
                    "method": "blacklist",
                    "engine_update": "20220410"
                },
                "Alibaba": {
                    "category": "undetected",
                    "engine_name": "Alibaba",
                    "engine_version": "0.3.0.5",
                    "result": null,
                    "method": "blacklist",
                    "engine_update": "20190527"
                },
                "K7GW": {
                    "category": "undetected",
                    "engine_name": "K7GW",
                    "engine_version": "12.5.41762",
                    "result": null,
                    "method": "blacklist",
                    "engine_update": "20220410"
                },
                "K7AntiVirus": {
                    "category": "undetected",
                    "engine_name": "K7AntiVirus",
                    "engine_version": "12.5.41756",
                    "result": null,
                    "method": "blacklist",
                    "engine_update": "20220409"
                },
                "Arcabit": {
                    "category": "undetected",
                    "engine_name": "Arcabit",
                    "engine_version": "1.0.0.889",
                    "result": null,
                    "method": "blacklist",
                    "engine_update": "20220410"
                },
                "BitDefenderTheta": {
                    "category": "undetected",
                    "engine_name": "BitDefenderTheta",
                    "engine_version": "7.2.37796.0",
                    "result": null,
                    "method": "blacklist",
                    "engine_update": "20220404"
                },
                "VirIT": {
                    "category": "undetected",
                    "engine_name": "VirIT",
                    "engine_version": "9.5.172",
                    "result": null,
                    "method": "blacklist",
                    "engine_update": "20220408"
                },
                "Cyren": {
                    "category": "undetected",
                    "engine_name": "Cyren",
                    "engine_version": "6.5.1.2",
                    "result": null,
                    "method": "blacklist",
                    "engine_update": "20220410"
                },
                "SymantecMobileInsight": {
                    "category": "undetected",
                    "engine_name": "SymantecMobileInsight",
                    "engine_version": "2.0",
                    "result": null,
                    "method": "blacklist",
                    "engine_update": "20220208"
                },
                "Symantec": {
                    "category": "undetected",
                    "engine_name": "Symantec",
                    "engine_version": "1.17.0.0",
                    "result": null,
                    "method": "blacklist",
                    "engine_update": "20220409"
                },
                "Elastic": {
                    "category": "type-unsupported",
                    "engine_name": "Elastic",
                    "engine_version": "4.0.35",
                    "result": null,
                    "method": "blacklist",
                    "engine_update": "20220302"
                },
                "ESET-NOD32": {
                    "category": "undetected",
                    "engine_name": "ESET-NOD32",
                    "engine_version": "25082",
                    "result": null,
                    "method": "blacklist",
                    "engine_update": "20220409"
                },
                "Baidu": {
                    "category": "undetected",
                    "engine_name": "Baidu",
                    "engine_version": "1.0.0.2",
                    "result": null,
                    "method": "blacklist",
                    "engine_update": "20190318"
                },
                "TrendMicro-HouseCall": {
                    "category": "undetected",
                    "engine_name": "TrendMicro-HouseCall",
                    "engine_version": "10.0.0.1040",
                    "result": null,
                    "method": "blacklist",
                    "engine_update": "20220409"
                },
                "Avast": {
                    "category": "undetected",
                    "engine_name": "Avast",
                    "engine_version": "21.1.5827.0",
                    "result": null,
                    "method": "blacklist",
                    "engine_update": "20220410"
                },
                "ClamAV": {
                    "category": "undetected",
                    "engine_name": "ClamAV",
                    "engine_version": "0.104.2.0",
                    "result": null,
                    "method": "blacklist",
                    "engine_update": "20220409"
                },
                "Kaspersky": {
                    "category": "undetected",
                    "engine_name": "Kaspersky",
                    "engine_version": "21.0.1.45",
                    "result": null,
                    "method": "blacklist",
                    "engine_update": "20220410"
                },
                "BitDefender": {
                    "category": "undetected",
                    "engine_name": "BitDefender",
                    "engine_version": "7.2",
                    "result": null,
                    "method": "blacklist",
                    "engine_update": "20220410"
                },
                "NANO-Antivirus": {
                    "category": "undetected",
                    "engine_name": "NANO-Antivirus",
                    "engine_version": "1.0.146.25576",
                    "result": null,
                    "method": "blacklist",
                    "engine_update": "20220410"
                },
                "Cynet": {
                    "category": "type-unsupported",
                    "engine_name": "Cynet",
                    "engine_version": "4.0.0.27",
                    "result": null,
                    "method": "blacklist",
                    "engine_update": "20220410"
                },
                "SUPERAntiSpyware": {
                    "category": "undetected",
                    "engine_name": "SUPERAntiSpyware",
                    "engine_version": "5.6.0.1032",
                    "result": null,
                    "method": "blacklist",
                    "engine_update": "20220409"
                },
                "Tencent": {
                    "category": "undetected",
                    "engine_name": "Tencent",
                    "engine_version": "1.0.0.1",
                    "result": null,
                    "method": "blacklist",
                    "engine_update": "20220410"
                },
                "Ad-Aware": {
                    "category": "undetected",
                    "engine_name": "Ad-Aware",
                    "engine_version": "3.0.21.193",
                    "result": null,
                    "method": "blacklist",
                    "engine_update": "20220410"
                },
                "Emsisoft": {
                    "category": "undetected",
                    "engine_name": "Emsisoft",
                    "engine_version": "2021.5.0.7597",
                    "result": null,
                    "method": "blacklist",
                    "engine_update": "20220410"
                },
                "Comodo": {
                    "category": "undetected",
                    "engine_name": "Comodo",
                    "engine_version": "34517",
                    "result": null,
                    "method": "blacklist",
                    "engine_update": "20220410"
                },
                "F-Secure": {
                    "category": "undetected",
                    "engine_name": "F-Secure",
                    "engine_version": "12.0.86.52",
                    "result": null,
                    "method": "blacklist",
                    "engine_update": "20220410"
                },
                "DrWeb": {
                    "category": "undetected",
                    "engine_name": "DrWeb",
                    "engine_version": "7.0.54.3080",
                    "result": null,
                    "method": "blacklist",
                    "engine_update": "20220410"
                },
                "Zillya": {
                    "category": "undetected",
                    "engine_name": "Zillya",
                    "engine_version": "2.0.0.4607",
                    "result": null,
                    "method": "blacklist",
                    "engine_update": "20220408"
                },
                "TrendMicro": {
                    "category": "timeout",
                    "engine_name": "TrendMicro",
                    "engine_version": "11.0.0.1006",
                    "result": null,
                    "method": "blacklist",
                    "engine_update": "20220410"
                },
                "McAfee-GW-Edition": {
                    "category": "undetected",
                    "engine_name": "McAfee-GW-Edition",
                    "engine_version": "v2019.1.2+3728",
                    "result": null,
                    "method": "blacklist",
                    "engine_update": "20220410"
                },
                "SentinelOne": {
                    "category": "type-unsupported",
                    "engine_name": "SentinelOne",
                    "engine_version": "22.2.1.2",
                    "result": null,
                    "method": "blacklist",
                    "engine_update": "20220330"
                },
                "Trapmine": {
                    "category": "type-unsupported",
                    "engine_name": "Trapmine",
                    "engine_version": "3.5.45.75",
                    "result": null,
                    "method": "blacklist",
                    "engine_update": "20220217"
                },
                "CMC": {
                    "category": "undetected",
                    "engine_name": "CMC",
                    "engine_version": "2.10.2019.1",
                    "result": null,
                    "method": "blacklist",
                    "engine_update": "20211026"
                },
                "Sophos": {
                    "category": "undetected",
                    "engine_name": "Sophos",
                    "engine_version": "1.4.1.0",
                    "result": null,
                    "method": "blacklist",
                    "engine_update": "20220410"
                },
                "APEX": {
                    "category": "type-unsupported",
                    "engine_name": "APEX",
                    "engine_version": "6.279",
                    "result": null,
                    "method": "blacklist",
                    "engine_update": "20220407"
                },
                "Avast-Mobile": {
                    "category": "undetected",
                    "engine_name": "Avast-Mobile",
                    "engine_version": "220409-00",
                    "result": null,
                    "method": "blacklist",
                    "engine_update": "20220409"
                },
                "Jiangmin": {
                    "category": "undetected",
                    "engine_name": "Jiangmin",
                    "engine_version": "16.0.100",
                    "result": null,
                    "method": "blacklist",
                    "engine_update": "20220409"
                },
                "Webroot": {
                    "category": "type-unsupported",
                    "engine_name": "Webroot",
                    "engine_version": "1.0.0.403",
                    "result": null,
                    "method": "blacklist",
                    "engine_update": "20220410"
                },
                "Avira": {
                    "category": "undetected",
                    "engine_name": "Avira",
                    "engine_version": "8.3.3.14",
                    "result": null,
                    "method": "blacklist",
                    "engine_update": "20220410"
                },
                "Antiy-AVL": {
                    "category": "undetected",
                    "engine_name": "Antiy-AVL",
                    "engine_version": "3.0.0.1",
                    "result": null,
                    "method": "blacklist",
                    "engine_update": "20220410"
                },
                "Kingsoft": {
                    "category": "undetected",
                    "engine_name": "Kingsoft",
                    "engine_version": "2017.9.26.565",
                    "result": null,
                    "method": "blacklist",
                    "engine_update": "20220410"
                },
                "Gridinsoft": {
                    "category": "undetected",
                    "engine_name": "Gridinsoft",
                    "engine_version": "1.0.75.174",
                    "result": null,
                    "method": "blacklist",
                    "engine_update": "20220410"
                },
                "Microsoft": {
                    "category": "undetected",
                    "engine_name": "Microsoft",
                    "engine_version": "1.1.19100.5",
                    "result": null,
                    "method": "blacklist",
                    "engine_update": "20220410"
                },
                "ViRobot": {
                    "category": "undetected",
                    "engine_name": "ViRobot",
                    "engine_version": "2014.3.20.0",
                    "result": null,
                    "method": "blacklist",
                    "engine_update": "20220409"
                },
                "ZoneAlarm": {
                    "category": "undetected",
                    "engine_name": "ZoneAlarm",
                    "engine_version": "1.0",
                    "result": null,
                    "method": "blacklist",
                    "engine_update": "20220410"
                },
                "GData": {
                    "category": "undetected",
                    "engine_name": "GData",
                    "engine_version": "A:25.32764B:27.26971",
                    "result": null,
                    "method": "blacklist",
                    "engine_update": "20220410"
                },
                "TACHYON": {
                    "category": "undetected",
                    "engine_name": "TACHYON",
                    "engine_version": "2022-04-10.01",
                    "result": null,
                    "method": "blacklist",
                    "engine_update": "20220410"
                },
                "BitDefenderFalx": {
                    "category": "undetected",
                    "engine_name": "BitDefenderFalx",
                    "engine_version": "2.0.936",
                    "result": null,
                    "method": "blacklist",
                    "engine_update": "20220103"
                },
                "AhnLab-V3": {
                    "category": "undetected",
                    "engine_name": "AhnLab-V3",
                    "engine_version": "3.21.3.10230",
                    "result": null,
                    "method": "blacklist",
                    "engine_update": "20220410"
                },
                "Acronis": {
                    "category": "type-unsupported",
                    "engine_name": "Acronis",
                    "engine_version": "1.1.1.82",
                    "result": null,
                    "method": "blacklist",
                    "engine_update": "20210512"
                },
                "VBA32": {
                    "category": "undetected",
                    "engine_name": "VBA32",
                    "engine_version": "5.0.0",
                    "result": null,
                    "method": "blacklist",
                    "engine_update": "20220408"
                },
                "ALYac": {
                    "category": "failure",
                    "engine_name": "ALYac",
                    "engine_version": "1.1.3.1",
                    "result": null,
                    "method": "blacklist",
                    "engine_update": "20220410"
                },
                "MAX": {
                    "category": "undetected",
                    "engine_name": "MAX",
                    "engine_version": "2019.9.16.1",
                    "result": null,
                    "method": "blacklist",
                    "engine_update": "20220410"
                },
                "Cylance": {
                    "category": "failure",
                    "engine_name": "Cylance",
                    "engine_version": "2.3.1.101",
                    "result": null,
                    "method": "blacklist",
                    "engine_update": "20220410"
                },
                "Zoner": {
                    "category": "undetected",
                    "engine_name": "Zoner",
                    "engine_version": "2.2.2.0",
                    "result": null,
                    "method": "blacklist",
                    "engine_update": "20220409"
                },
                "Rising": {
                    "category": "undetected",
                    "engine_name": "Rising",
                    "engine_version": "25.0.0.27",
                    "result": null,
                    "method": "blacklist",
                    "engine_update": "20220410"
                },
                "Yandex": {
                    "category": "undetected",
                    "engine_name": "Yandex",
                    "engine_version": "5.5.2.24",
                    "result": null,
                    "method": "blacklist",
                    "engine_update": "20220409"
                },
                "Ikarus": {
                    "category": "undetected",
                    "engine_name": "Ikarus",
                    "engine_version": "6.0.20.0",
                    "result": null,
                    "method": "blacklist",
                    "engine_update": "20220409"
                },
                "MaxSecure": {
                    "category": "undetected",
                    "engine_name": "MaxSecure",
                    "engine_version": "1.0.0.1",
                    "result": null,
                    "method": "blacklist",
                    "engine_update": "20220409"
                },
                "Fortinet": {
                    "category": "undetected",
                    "engine_name": "Fortinet",
                    "engine_version": "6.2.142.0",
                    "result": null,
                    "method": "blacklist",
                    "engine_update": "20220410"
                },
                "Cybereason": {
                    "category": "type-unsupported",
                    "engine_name": "Cybereason",
                    "engine_version": "1.2.449",
                    "result": null,
                    "method": "blacklist",
                    "engine_update": "20210330"
                },
                "Panda": {
                    "category": "undetected",
                    "engine_name": "Panda",
                    "engine_version": "4.6.4.2",
                    "result": null,
                    "method": "blacklist",
                    "engine_update": "20220409"
                },
                "CrowdStrike": {
                    "category": "type-unsupported",
                    "engine_name": "CrowdStrike",
                    "engine_version": "1.0",
                    "result": null,
                    "method": "blacklist",
                    "engine_update": "20210907"
                }
            },
            "sha256": "0000670ca280db9532877aa6e7cb362a45327a147aa77334f3a77cb6936edcfb",
            "tags": [
                "obfuscated",
                "reflection",
                "telephony",
                "runtime-modules",
                "apk",
                "android"
            ],
            "last_analysis_date": 1649566937,
            "unique_sources": 3,
            "first_submission_date": 1592838242,
            "sha1": "9b85bd215a21853943b564dd01903b0d7058a889",
            "ssdeep": "196608:7e2FzS4uLun32lk+MW9mWiIXOfd305cEgq2B0nVBAiMhIm35AXxuWNa4T90cXAlr:7e2FzOu32Z5i+CE12KnDAiMSnNJGlr",
            "bundle_info": {
                "highest_datetime": "1980-00-00 00:00:00",
                "lowest_datetime": "1980-00-00 00:00:00",
                "num_children": 644,
                "extensions": {
                    "xml": 394,
                    "dex": 3,
                    "MF": 1,
                    "SF": 1,
                    "gz": 1,
                    "js": 2,
                    "RSA": 1,
                    "wav": 1,
                    "vm": 1,
                    "pdf": 1,
                    "ogg": 1,
                    "txt": 6,
                    "dtd": 4,
                    "ttf": 1,
                    "png": 133
                },
                "file_types": {
                    "XML": 394,
                    "DEX": 3,
                    "unknown": 110,
                    "HTML": 2,
                    "PDF": 1,
                    "OGG": 1,
                    "PNG": 133
                },
                "type": "APK",
                "uncompressed_size": 54250270
            },
            "packers": {
                "F-PROT": "appended, packed"
            },
            "md5": "ce7a5041f25146bf0e3794e3eeb8b47f",
            "androguard": {
                "VTAndroidInfo": 2.0,
                "AndroidApplicationError": false,
                "MinSdkVersion": "17",
                "AndroguardVersion": "3.4.0a1",
                "Activities": [
                    "com.mtag.flashcode.SplashActivity",
                    "com.mtag.flashcode.ChangePasswordActivity",
                    "com.mtag.flashcode.MainActivity",
                    "com.mtag.flashcode.HomeActivity",
                    "com.mtag.flashcode.LoginActivity",
                    "com.mtag.flashcode.RegisterActivity",
                    "com.mtag.flashcode.CreateFidelityCardActivity",
                    "com.mtag.flashcode.ScanActivity",
                    "com.mtag.flashcode.ProductDetailActivity",
                    "com.mtag.flashcode.ProductDetailFoodActivity",
                    "com.mtag.flashcode.FidelityCardDetailActivity",
                    "com.mtag.flashcode.PromotionDetailActivity",
                    "com.mtag.flashcode.TextDetailActivity",
                    "com.journeyapps.barcodescanner.CaptureActivity",
                    "com.mtag.flashcode.ResultActivity",
                    "com.mtag.flashcode.DealRefundActivity",
                    "com.mtag.flashcode.HistoryItemsActivity",
                    "com.mtag.flashcode.TutoScanActivity",
                    "com.mtag.flashcode.InterneAdActivity",
                    "com.mtag.flashcode.CGUActivity",
                    "com.mtag.flashcode.OpenfoodUrlActivity",
                    "com.mtag.flashcode.NutriScoreUrlActivity",
                    "com.mtag.flashcode.LocationAuthorizationActivity",
                    "com.mtag.flashcode.ScannerCheckDealActivity",
                    "com.sptproximitykit.CmpWebViewActivity",
                    "com.google.android.gms.common.api.GoogleApiActivity",
                    "com.facebook.FacebookActivity",
                    "com.facebook.CustomTabMainActivity",
                    "com.facebook.CustomTabActivity",
                    "com.batch.android.MessagingActivity",
                    "com.batch.android.BatchActionActivity",
                    "com.batch.android.debug.BatchDebugActivity",
                    "com.google.android.gms.ads.AdActivity"
                ],
                "certificate": {
                    "Subject": {
                        "DN": "CN:Mobile Tag",
                        "CN": "Mobile Tag"
                    },
                    "validto": "3009-06-26 13:36:22",
                    "serialnumber": "4b83d9d6",
                    "thumbprint": "9e59c484a86c4b7757bdbdcb352aa0781aaf165a",
                    "validfrom": "2010-02-23 13:36:22",
                    "Issuer": {
                        "DN": "CN:Mobile Tag",
                        "CN": "Mobile Tag"
                    }
                },
                "AndroidApplication": 1,
                "RiskIndicator": {
                    "APK": {
                        "DEX": 3
                    },
                    "PERM": {
                        "INSTANT": 3,
                        "PRIVACY": 10,
                        "DANGEROUS": 2,
                        "NORMAL": 8,
                        "INTERNET": 1,
                        "GPS": 2
                    }
                },
                "Services": [
                    "com.mtag.flashcode.service.FCFirebaseMessagingService",
                    "com.mtag.flashcode.service.FCFirebaseInstanceIDService",
                    "com.mtag.flashcode.service.LocationService",
                    "com.google.android.gms.analytics.AnalyticsService",
                    "com.google.android.gms.analytics.AnalyticsJobService",
                    "com.sptproximitykit.SPTServiceRelauncherJob",
                    "com.google.firebase.messaging.FirebaseMessagingService",
                    "com.google.firebase.components.ComponentDiscoveryService",
                    "org.altbeacon.beacon.service.BeaconService",
                    "org.altbeacon.beacon.BeaconIntentProcessor",
                    "org.altbeacon.beacon.service.ScanJob",
                    "org.altbeacon.bluetooth.BluetoothTestJob",
                    "com.evernote.android.job.v21.PlatformJobService",
                    "com.evernote.android.job.v14.PlatformAlarmService",
                    "com.evernote.android.job.gcm.PlatformGcmService",
                    "com.evernote.android.job.JobRescheduleService",
                    "com.batch.android.BatchActionService",
                    "com.batch.android.BatchPushService",
                    "com.batch.android.BatchPushJobService",
                    "com.batch.android.eventdispatcher.DispatcherDiscoveryService",
                    "com.google.android.gms.measurement.AppMeasurementService",
                    "com.google.android.gms.measurement.AppMeasurementJobService"
                ],
                "AndroidVersionCode": "165",
                "main_activity": "com.mtag.flashcode.SplashActivity",
                "Package": "com.mtag.flashcode",
                "intent_filters": {
                    "Services": {
                        "com.mtag.flashcode.service.FCFirebaseInstanceIDService": {
                            "action": [
                                "com.google.firebase.INSTANCE_ID_EVENT"
                            ]
                        },
                        "com.mtag.flashcode.service.FCFirebaseMessagingService": {
                            "action": [
                                "com.google.firebase.MESSAGING_EVENT"
                            ]
                        },
                        "com.evernote.android.job.gcm.PlatformGcmService": {
                            "action": [
                                "com.google.android.gms.gcm.ACTION_TASK_READY"
                            ]
                        },
                        "com.google.firebase.messaging.FirebaseMessagingService": {
                            "action": [
                                "com.google.firebase.MESSAGING_EVENT"
                            ]
                        }
                    },
                    "Activities": {
                        "com.mtag.flashcode.ProductDetailActivity": {
                            "action": [
                                "android.intent.action.VIEW"
                            ],
                            "category": [
                                "android.intent.category.DEFAULT",
                                "android.intent.category.BROWSABLE"
                            ]
                        },
                        "com.facebook.CustomTabActivity": {
                            "action": [
                                "android.intent.action.VIEW"
                            ],
                            "category": [
                                "android.intent.category.DEFAULT",
                                "android.intent.category.BROWSABLE"
                            ]
                        },
                        "com.mtag.flashcode.ProductDetailFoodActivity": {
                            "action": [
                                "android.intent.action.VIEW"
                            ],
                            "category": [
                                "android.intent.category.DEFAULT",
                                "android.intent.category.BROWSABLE"
                            ]
                        },
                        "com.mtag.flashcode.HomeActivity": {
                            "action": [
                                "android.intent.action.VIEW"
                            ],
                            "category": [
                                "android.intent.category.DEFAULT",
                                "android.intent.category.BROWSABLE"
                            ]
                        },
                        "com.mtag.flashcode.ChangePasswordActivity": {
                            "action": [
                                "android.intent.action.VIEW"
                            ],
                            "category": [
                                "android.intent.category.DEFAULT",
                                "android.intent.category.BROWSABLE"
                            ]
                        },
                        "com.mtag.flashcode.SplashActivity": {
                            "action": [
                                "android.intent.action.MAIN",
                                "android.intent.action.VIEW"
                            ],
                            "category": [
                                "android.intent.category.LAUNCHER",
                                "android.intent.category.DEFAULT",
                                "android.intent.category.BROWSABLE"
                            ]
                        },
                        "com.mtag.flashcode.CreateFidelityCardActivity": {
                            "action": [
                                "android.intent.action.VIEW"
                            ],
                            "category": [
                                "android.intent.category.DEFAULT",
                                "android.intent.category.BROWSABLE"
                            ]
                        },
                        "com.mtag.flashcode.PromotionDetailActivity": {
                            "action": [
                                "android.intent.action.VIEW"
                            ],
                            "category": [
                                "android.intent.category.DEFAULT",
                                "android.intent.category.BROWSABLE"
                            ]
                        }
                    },
                    "Receivers": {
                        "com.facebook.CurrentAccessTokenExpirationBroadcastReceiver": {
                            "action": [
                                "com.facebook.sdk.ACTION_CURRENT_ACCESS_TOKEN_CHANGED"
                            ]
                        },
                        "com.fidzup.android.sdk.FidzupReceiver": {
                            "action": [
                                "com.fidzup.intent.OUTBOUND"
                            ]
                        },
                        "com.evernote.android.job.JobBootReceiver": {
                            "action": [
                                "android.intent.action.BOOT_COMPLETED",
                                "android.intent.action.QUICKBOOT_POWERON",
                                "com.htc.intent.action.QUICKBOOT_POWERON",
                                "android.intent.action.MY_PACKAGE_REPLACED"
                            ]
                        },
                        "com.batch.android.BatchPushMessageReceiver": {
                            "action": [
                                "com.google.android.c2dm.intent.RECEIVE"
                            ],
                            "category": [
                                "com.mtag.flashcode"
                            ]
                        },
                        "com.evernote.android.job.v14.PlatformAlarmReceiver": {
                            "action": [
                                "com.evernote.android.job.v14.RUN_JOB",
                                "net.vrallev.android.job.v14.RUN_JOB"
                            ]
                        },
                        "com.google.firebase.iid.FirebaseInstanceIdReceiver": {
                            "action": [
                                "com.google.android.c2dm.intent.RECEIVE"
                            ]
                        },
                        "com.sptproximitykit.SPTServiceRelauncher": {
                            "action": [
                                "android.intent.action.BOOT_COMPLETED",
                                "android.intent.action.ACTION_POWER_CONNECTED",
                                "android.intent.action.ACTION_POWER_DISCONNECTED"
                            ]
                        },
                        "com.google.android.gms.measurement.AppMeasurementInstallReferrerReceiver": {
                            "action": [
                                "com.android.vending.INSTALL_REFERRER"
                            ]
                        },
                        "org.altbeacon.beacon.startup.StartupBroadcastReceiver": {
                            "action": [
                                "android.intent.action.BOOT_COMPLETED",
                                "android.intent.action.ACTION_POWER_CONNECTED",
                                "android.intent.action.ACTION_POWER_DISCONNECTED"
                            ]
                        }
                    }
                },
                "AndroidVersionName": "8.4.17",
                "TargetSdkVersion": "28",
                "AndroidApplicationInfo": "APK",
                "Providers": [
                    "androidx.core.content.FileProvider",
                    "com.crashlytics.android.CrashlyticsInitProvider",
                    "com.google.firebase.provider.FirebaseInitProvider",
                    "com.google.android.gms.ads.MobileAdsInitProvider",
                    "com.facebook.internal.FacebookInitProvider"
                ],
                "permission_details": {
                    "android.permission.READ_CALENDAR": {
                        "short_description": "Read calendar events and details",
                        "full_description": "This app can read all calendar events stored on your phone and share or save your calendar data.",
                        "permission_type": "dangerous"
                    },
                    "android.permission.ACCESS_COARSE_LOCATION": {
                        "short_description": "access approximate location\n      (network-based)",
                        "full_description": "This app can get your location based on network sources such as cell towers and Wi-Fi networks. These location services must be turned on and available on your phone for the app to be able to use them.",
                        "permission_type": "dangerous|instant"
                    },
                    "android.permission.BLUETOOTH": {
                        "short_description": "pair with Bluetooth devices",
                        "full_description": "Allows the app to view the\n      configuration of the Bluetooth on the phone, and to make and accept\n      connections with paired devices.",
                        "permission_type": "normal"
                    },
                    "android.permission.CAMERA": {
                        "short_description": "take pictures and videos",
                        "full_description": "This app can take pictures and record videos using the camera at any time.",
                        "permission_type": "dangerous|instant"
                    },
                    "android.permission.INTERNET": {
                        "short_description": "have full network access",
                        "full_description": "Allows the app to create\n     network sockets and use custom network protocols. The browser and other\n     applications provide means to send data to the internet, so this\n     permission is not required to send data to the internet.",
                        "permission_type": "normal|instant"
                    },
                    "com.mtag.flashcode.batch.permission.INTERNAL_BROADCAST": {
                        "short_description": "Unknown permission from android reference",
                        "full_description": "Unknown permission from android reference",
                        "permission_type": "normal"
                    },
                    "android.permission.BLUETOOTH_ADMIN": {
                        "short_description": "access Bluetooth settings",
                        "full_description": "Allows the app to configure\n      the local Bluetooth phone, and to discover and pair with remote devices.",
                        "permission_type": "normal"
                    },
                    "android.permission.WRITE_CONTACTS": {
                        "short_description": "modify your contacts",
                        "full_description": "Allows the app to\n    modify the data about your contacts stored on your phone, including the\n    frequency with which you've called, emailed, or communicated in other ways\n    with specific contacts. This permission allows apps to delete contact\n    data.",
                        "permission_type": "dangerous"
                    },
                    "com.google.android.c2dm.permission.RECEIVE": {
                        "short_description": "Unknown permission from android reference",
                        "full_description": "Unknown permission from android reference",
                        "permission_type": "normal"
                    },
                    "android.permission.ACCESS_NETWORK_STATE": {
                        "short_description": "view network connections",
                        "full_description": "Allows the app to view\n      information about network connections such as which networks exist and are\n      connected.",
                        "permission_type": "normal|instant"
                    },
                    "android.permission.WRITE_EXTERNAL_STORAGE": {
                        "short_description": "modify or delete the contents of your SD card",
                        "full_description": "Allows the app to write to the SD card.",
                        "permission_type": "dangerous"
                    },
                    "android.permission.ACCESS_FINE_LOCATION": {
                        "short_description": "access precise location (GPS and\n      network-based)",
                        "full_description": "This app can get your location based on GPS or network location sources such as cell towers and Wi-Fi networks. These location services must be turned on and available on your phone for the app to be able to use them. This may increase battery consumption.",
                        "permission_type": "dangerous|instant"
                    },
                    "android.permission.READ_EXTERNAL_STORAGE": {
                        "short_description": "read the contents of your SD card",
                        "full_description": "Allows the app to read the contents of your SD card.",
                        "permission_type": "dangerous"
                    },
                    "android.permission.RECEIVE_BOOT_COMPLETED": {
                        "short_description": "run at startup",
                        "full_description": "Allows the app to\n        have itself started as soon as the system has finished booting.\n        This can make it take longer to start the phone and allow the\n        app to slow down the overall phone by always running.",
                        "permission_type": "normal"
                    },
                    "android.permission.READ_PHONE_STATE": {
                        "short_description": "read phone status and identity",
                        "full_description": "Allows the app to access the phone\n      features of the device.  This permission allows the app to determine the\n      phone number and device IDs, whether a call is active, and the remote number\n      connected by a call.",
                        "permission_type": "dangerous"
                    },
                    "android.permission.VIBRATE": {
                        "short_description": "control vibration",
                        "full_description": "Allows the app to control the vibrator.",
                        "permission_type": "normal|instant"
                    },
                    "com.google.android.gms.permission.ACTIVITY_RECOGNITION": {
                        "short_description": "Unknown permission from android reference",
                        "full_description": "Unknown permission from android reference",
                        "permission_type": "normal"
                    },
                    "com.mtag.flashcode.permission.C2D_MESSAGE": {
                        "short_description": "Unknown permission from android reference",
                        "full_description": "Unknown permission from android reference",
                        "permission_type": "normal"
                    },
                    "android.permission.ACCESS_WIFI_STATE": {
                        "short_description": "view Wi-Fi connections",
                        "full_description": "Allows the app to view information\n      about Wi-Fi networking, such as whether Wi-Fi is enabled and name of\n      connected Wi-Fi devices.",
                        "permission_type": "normal"
                    },
                    "android.permission.WAKE_LOCK": {
                        "short_description": "prevent phone from sleeping",
                        "full_description": "Allows the app to prevent the phone from going to sleep.",
                        "permission_type": "normal|instant"
                    },
                    "android.permission.CHANGE_WIFI_STATE": {
                        "short_description": "connect and disconnect from Wi-Fi",
                        "full_description": "Allows the app to connect to and\n      disconnect from Wi-Fi access points and to make changes to device\n      configuration for Wi-Fi networks.",
                        "permission_type": "normal"
                    },
                    "android.permission.RECORD_AUDIO": {
                        "short_description": "record audio",
                        "full_description": "This app can record audio using the microphone at any time.",
                        "permission_type": "dangerous|instant"
                    },
                    "android.permission.READ_CONTACTS": {
                        "short_description": "read your contacts",
                        "full_description": "Allows the app to\n      read data about your contacts stored on your phone, including the\n      frequency with which you've called, emailed, or communicated in other ways\n      with specific individuals. This permission allows apps to save your\n      contact data, and malicious apps may share contact data without your\n      knowledge.",
                        "permission_type": "dangerous"
                    },
                    "com.google.android.finsky.permission.BIND_GET_INSTALL_REFERRER_SERVICE": {
                        "short_description": "Unknown permission from android reference",
                        "full_description": "Unknown permission from android reference",
                        "permission_type": "normal"
                    },
                    "android.permission.GET_ACCOUNTS": {
                        "short_description": "find accounts on the device",
                        "full_description": "Allows the app to get\n      the list of accounts known by the phone.  This may include any accounts\n      created by applications you have installed.",
                        "permission_type": "dangerous"
                    },
                    "android.permission.WRITE_CALENDAR": {
                        "short_description": "add or modify calendar events and send email to guests without owners' knowledge",
                        "full_description": "This app can add, remove, or change calendar events on your phone. This app can send messages that may appear to come from calendar owners, or change events without notifying their owners.",
                        "permission_type": "dangerous"
                    }
                },
                "Receivers": [
                    "com.fidzup.android.sdk.FidzupReceiver",
                    "com.google.android.gms.analytics.AnalyticsReceiver",
                    "com.sptproximitykit.SPTServiceRelauncher",
                    "com.sptproximitykit.SPTLocationReceiver",
                    "com.sptproximitykit.BatteryInfoReceiver",
                    "com.google.firebase.iid.FirebaseInstanceIdReceiver",
                    "org.altbeacon.beacon.startup.StartupBroadcastReceiver",
                    "com.evernote.android.job.v14.PlatformAlarmReceiver",
                    "com.evernote.android.job.JobBootReceiver",
                    "com.batch.android.BatchPushMessageReceiver",
                    "com.batch.android.BatchPushMessageDismissReceiver",
                    "com.google.android.gms.measurement.AppMeasurementReceiver",
                    "com.google.android.gms.measurement.AppMeasurementInstallReferrerReceiver",
                    "com.facebook.CurrentAccessTokenExpirationBroadcastReceiver"
                ],
                "StringsInformation": [
                    "http://8.mobiletag.com/?id=180438",
                    "http://apiv2.mobiletag.com/produit.php",
                    "http://habillage.mobiletag.mobi/index_preprod.php",
                    "http://hostname/?",
                    "http://mobiletagresolver.com/service",
                    "http://play.google.com/store/apps/details?id=com.facebook.orca",
                    "http://schemas.android.com/apk/res/android",
                    "http://www.mangerbouger.fr/Manger-Mieux/Comment-manger-mieux/Comprendre-les-infos-nutritionnelles2/Le-Nutri-Score-l-information-nutritionnelle-en-un-coup-d-oeil",
                    "http://xmlpull.org/v1/doc/features.html#indent-output",
                    "https://.facebook.com",
                    "https://api-sandbox.appsmiles.eu/",
                    "https://api.appsmiles.eu/",
                    "https://api.consoflash.fr",
                    "https://batch.com/",
                    "https://consoflash.fr/app-credits/",
                    "https://consoflash.fr/app-privacy-policy/",
                    "https://consoflash.fr/contact/?service=flashcode",
                    "https://facebook.com",
                    "https://facebook.com/device?user_code=%1$s&qr=1",
                    "https://fr.openfoodfacts.org",
                    "https://graph-video.%s",
                    "https://graph.%s",
                    "https://pagead2.googlesyndication.com/pagead/gen_204?id=gmob-apps",
                    "https://plus.google.com/",
                    "https://ws.batch.com/a/1.15.2",
                    "https://ws.batch.com/a/1.15.2/atc/%s",
                    "https://ws.batch.com/a/1.15.2/ats/%s",
                    "https://ws.batch.com/a/1.15.2/inbox/%s/%s/%s",
                    "https://ws.batch.com/a/1.15.2/local/%s",
                    "https://ws.batch.com/a/1.15.2/st/%s",
                    "https://ws.batch.com/a/1.15.2/t/%s",
                    "https://ws.batch.com/a/1.15.2/tr/%s",
                    "https://www.example.com",
                    "https://www.flashcode.fr/CGU_Applications_Flashcode.pdf",
                    "https://www.googleapis.com/auth/appstate",
                    "https://www.googleapis.com/auth/datastoremobile",
                    "https://www.googleapis.com/auth/drive",
                    "https://www.googleapis.com/auth/drive.appdata",
                    "https://www.googleapis.com/auth/drive.apps",
                    "https://www.googleapis.com/auth/drive.file",
                    "https://www.googleapis.com/auth/fitness.activity.read",
                    "https://www.googleapis.com/auth/fitness.activity.write",
                    "https://www.googleapis.com/auth/fitness.blood_glucose.read",
                    "https://www.googleapis.com/auth/fitness.blood_glucose.write",
                    "https://www.googleapis.com/auth/fitness.blood_pressure.read",
                    "https://www.googleapis.com/auth/fitness.blood_pressure.write",
                    "https://www.googleapis.com/auth/fitness.body.read",
                    "https://www.googleapis.com/auth/fitness.body.write",
                    "https://www.googleapis.com/auth/fitness.body_temperature.read",
                    "https://www.googleapis.com/auth/fitness.body_temperature.write",
                    "https://www.googleapis.com/auth/fitness.location.read",
                    "https://www.googleapis.com/auth/fitness.location.write",
                    "https://www.googleapis.com/auth/fitness.nutrition.read",
                    "https://www.googleapis.com/auth/fitness.nutrition.write",
                    "https://www.googleapis.com/auth/fitness.oxygen_saturation.read",
                    "https://www.googleapis.com/auth/fitness.oxygen_saturation.write",
                    "https://www.googleapis.com/auth/fitness.reproductive_health.read",
                    "https://www.googleapis.com/auth/fitness.reproductive_health.write",
                    "https://www.googleapis.com/auth/games",
                    "https://www.googleapis.com/auth/games.firstparty",
                    "https://www.googleapis.com/auth/games_lite",
                    "https://www.googleapis.com/auth/plus.login",
                    "https://www.googleapis.com/auth/plus.me",
                    "https://y7tfv2x9.com"
                ]
            },
            "magic": "Zip archive data",
            "last_analysis_stats": {
                "harmless": 0,
                "type-unsupported": 11,
                "suspicious": 0,
                "confirmed-timeout": 0,
                "timeout": 2,
                "failure": 2,
                "malicious": 0,
                "undetected": 58
            },
            "meaningful_name": "0000670CA280DB9532877AA6E7CB362A45327A147AA77334F3A77CB6936EDCFB.apk",
            "reputation": 0
        },
        "type": "file",
        "id": "0000670ca280db9532877aa6e7cb362a45327a147aa77334f3a77cb6936edcfb",
        "links": {
            "self": "https://www.virustotal.com/api/v3/files/0000670ca280db9532877aa6e7cb362a45327a147aa77334f3a77cb6936edcfb"
        }
    }
}