{
    "data": {
        "attributes": {
            "type_description": "Android",
            "tlsh": "T18B572383E34DD827CC37C1336E7A0F5A26750D08C991ABE76119BE9E6D77A840B44F89",
            "vhash": "f7731e7c2422bc3fd4bd4e7ec0958918",
            "trid": [
                {
                    "file_type": "Android Package",
                    "probability": 39.4
                },
                {
                    "file_type": "SPSS Extension",
                    "probability": 30.7
                },
                {
                    "file_type": "Java Archive",
                    "probability": 13.8
                },
                {
                    "file_type": "Sweet Home 3D design (generic)",
                    "probability": 10.7
                },
                {
                    "file_type": "ZIP compressed archive",
                    "probability": 4.1
                }
            ],
            "names": [
                "00003A877E8FFAFFF496C6DADFC6FBA534D4C8E78D1CE10ED445F2884D548398.apk",
                "com.superfanu.oilcityhighschooloilers.apk"
            ],
            "last_modification_date": 1649403538,
            "type_tag": "android",
            "times_submitted": 5,
            "total_votes": {
                "harmless": 0,
                "malicious": 0
            },
            "size": 28625393,
            "type_extension": "apk",
            "last_submission_date": 1648142906,
            "last_analysis_results": {
                "Bkav": {
                    "category": "undetected",
                    "engine_name": "Bkav",
                    "engine_version": "1.3.0.9899",
                    "result": null,
                    "method": "blacklist",
                    "engine_update": "20220404"
                },
                "Lionic": {
                    "category": "undetected",
                    "engine_name": "Lionic",
                    "engine_version": "7.5",
                    "result": null,
                    "method": "blacklist",
                    "engine_update": "20220408"
                },
                "Elastic": {
                    "category": "undetected",
                    "engine_name": "Elastic",
                    "engine_version": "4.0.35",
                    "result": null,
                    "method": "blacklist",
                    "engine_update": "20220302"
                },
                "DrWeb": {
                    "category": "undetected",
                    "engine_name": "DrWeb",
                    "engine_version": "7.0.54.3080",
                    "result": null,
                    "method": "blacklist",
                    "engine_update": "20220408"
                },
                "MicroWorld-eScan": {
                    "category": "undetected",
                    "engine_name": "MicroWorld-eScan",
                    "engine_version": "14.0.409.0",
                    "result": null,
                    "method": "blacklist",
                    "engine_update": "20220408"
                },
                "FireEye": {
                    "category": "undetected",
                    "engine_name": "FireEye",
                    "engine_version": "32.44.1.0",
                    "result": null,
                    "method": "blacklist",
                    "engine_update": "20220408"
                },
                "CAT-QuickHeal": {
                    "category": "undetected",
                    "engine_name": "CAT-QuickHeal",
                    "engine_version": "14.00",
                    "result": null,
                    "method": "blacklist",
                    "engine_update": "20220407"
                },
                "McAfee": {
                    "category": "undetected",
                    "engine_name": "McAfee",
                    "engine_version": "6.0.6.653",
                    "result": null,
                    "method": "blacklist",
                    "engine_update": "20220408"
                },
                "Malwarebytes": {
                    "category": "undetected",
                    "engine_name": "Malwarebytes",
                    "engine_version": "4.2.2.27",
                    "result": null,
                    "method": "blacklist",
                    "engine_update": "20220408"
                },
                "Sangfor": {
                    "category": "undetected",
                    "engine_name": "Sangfor",
                    "engine_version": "2.9.0.0",
                    "result": null,
                    "method": "blacklist",
                    "engine_update": "20220401"
                },
                "Trustlook": {
                    "category": "undetected",
                    "engine_name": "Trustlook",
                    "engine_version": "1.0",
                    "result": null,
                    "method": "blacklist",
                    "engine_update": "20220408"
                },
                "Alibaba": {
                    "category": "undetected",
                    "engine_name": "Alibaba",
                    "engine_version": "0.3.0.5",
                    "result": null,
                    "method": "blacklist",
                    "engine_update": "20190527"
                },
                "K7GW": {
                    "category": "undetected",
                    "engine_name": "K7GW",
                    "engine_version": "12.5.41723",
                    "result": null,
                    "method": "blacklist",
                    "engine_update": "20220408"
                },
                "K7AntiVirus": {
                    "category": "undetected",
                    "engine_name": "K7AntiVirus",
                    "engine_version": "12.5.41725",
                    "result": null,
                    "method": "blacklist",
                    "engine_update": "20220408"
                },
                "BitDefenderTheta": {
                    "category": "undetected",
                    "engine_name": "BitDefenderTheta",
                    "engine_version": "7.2.37796.0",
                    "result": null,
                    "method": "blacklist",
                    "engine_update": "20220404"
                },
                "VirIT": {
                    "category": "undetected",
                    "engine_name": "VirIT",
                    "engine_version": "9.5.171",
                    "result": null,
                    "method": "blacklist",
                    "engine_update": "20220407"
                },
                "Cyren": {
                    "category": "undetected",
                    "engine_name": "Cyren",
                    "engine_version": "6.5.1.2",
                    "result": null,
                    "method": "blacklist",
                    "engine_update": "20220408"
                },
                "SymantecMobileInsight": {
                    "category": "undetected",
                    "engine_name": "SymantecMobileInsight",
                    "engine_version": "2.0",
                    "result": null,
                    "method": "blacklist",
                    "engine_update": "20220208"
                },
                "Symantec": {
                    "category": "undetected",
                    "engine_name": "Symantec",
                    "engine_version": "1.17.0.0",
                    "result": null,
                    "method": "blacklist",
                    "engine_update": "20220408"
                },
                "tehtris": {
                    "category": "type-unsupported",
                    "engine_name": "tehtris",
                    "engine_version": "v0.0.7",
                    "result": null,
                    "method": "blacklist",
                    "engine_update": "20220408"
                },
                "ESET-NOD32": {
                    "category": "undetected",
                    "engine_name": "ESET-NOD32",
                    "engine_version": "25072",
                    "result": null,
                    "method": "blacklist",
                    "engine_update": "20220408"
                },
                "APEX": {
                    "category": "type-unsupported",
                    "engine_name": "APEX",
                    "engine_version": "6.279",
                    "result": null,
                    "method": "blacklist",
                    "engine_update": "20220407"
                },
                "TrendMicro-HouseCall": {
                    "category": "undetected",
                    "engine_name": "TrendMicro-HouseCall",
                    "engine_version": "10.0.0.1040",
                    "result": null,
                    "method": "blacklist",
                    "engine_update": "20220408"
                },
                "Avast": {
                    "category": "undetected",
                    "engine_name": "Avast",
                    "engine_version": "21.1.5827.0",
                    "result": null,
                    "method": "blacklist",
                    "engine_update": "20220408"
                },
                "ClamAV": {
                    "category": "undetected",
                    "engine_name": "ClamAV",
                    "engine_version": "0.104.2.0",
                    "result": null,
                    "method": "blacklist",
                    "engine_update": "20220407"
                },
                "Kaspersky": {
                    "category": "failure",
                    "engine_name": "Kaspersky",
                    "engine_version": "21.0.1.45",
                    "result": null,
                    "method": "blacklist",
                    "engine_update": "20220408"
                },
                "BitDefender": {
                    "category": "undetected",
                    "engine_name": "BitDefender",
                    "engine_version": "7.2",
                    "result": null,
                    "method": "blacklist",
                    "engine_update": "20220408"
                },
                "NANO-Antivirus": {
                    "category": "undetected",
                    "engine_name": "NANO-Antivirus",
                    "engine_version": "1.0.146.25576",
                    "result": null,
                    "method": "blacklist",
                    "engine_update": "20220408"
                },
                "SUPERAntiSpyware": {
                    "category": "undetected",
                    "engine_name": "SUPERAntiSpyware",
                    "engine_version": "5.6.0.1032",
                    "result": null,
                    "method": "blacklist",
                    "engine_update": "20220402"
                },
                "Tencent": {
                    "category": "undetected",
                    "engine_name": "Tencent",
                    "engine_version": "1.0.0.1",
                    "result": null,
                    "method": "blacklist",
                    "engine_update": "20220408"
                },
                "Ad-Aware": {
                    "category": "undetected",
                    "engine_name": "Ad-Aware",
                    "engine_version": "3.0.21.193",
                    "result": null,
                    "method": "blacklist",
                    "engine_update": "20220408"
                },
                "TACHYON": {
                    "category": "undetected",
                    "engine_name": "TACHYON",
                    "engine_version": "2022-04-08.01",
                    "result": null,
                    "method": "blacklist",
                    "engine_update": "20220408"
                },
                "Emsisoft": {
                    "category": "undetected",
                    "engine_name": "Emsisoft",
                    "engine_version": "2021.5.0.7597",
                    "result": null,
                    "method": "blacklist",
                    "engine_update": "20220408"
                },
                "Comodo": {
                    "category": "undetected",
                    "engine_name": "Comodo",
                    "engine_version": "34511",
                    "result": null,
                    "method": "blacklist",
                    "engine_update": "20220408"
                },
                "F-Secure": {
                    "category": "undetected",
                    "engine_name": "F-Secure",
                    "engine_version": "12.0.86.52",
                    "result": null,
                    "method": "blacklist",
                    "engine_update": "20220408"
                },
                "Baidu": {
                    "category": "undetected",
                    "engine_name": "Baidu",
                    "engine_version": "1.0.0.2",
                    "result": null,
                    "method": "blacklist",
                    "engine_update": "20190318"
                },
                "Zillya": {
                    "category": "undetected",
                    "engine_name": "Zillya",
                    "engine_version": "2.0.0.4606",
                    "result": null,
                    "method": "blacklist",
                    "engine_update": "20220406"
                },
                "TrendMicro": {
                    "category": "undetected",
                    "engine_name": "TrendMicro",
                    "engine_version": "11.0.0.1006",
                    "result": null,
                    "method": "blacklist",
                    "engine_update": "20220408"
                },
                "McAfee-GW-Edition": {
                    "category": "failure",
                    "engine_name": "McAfee-GW-Edition",
                    "engine_version": null,
                    "result": null,
                    "method": "blacklist",
                    "engine_update": "20220408"
                },
                "SentinelOne": {
                    "category": "type-unsupported",
                    "engine_name": "SentinelOne",
                    "engine_version": "22.2.1.2",
                    "result": null,
                    "method": "blacklist",
                    "engine_update": "20220330"
                },
                "Trapmine": {
                    "category": "type-unsupported",
                    "engine_name": "Trapmine",
                    "engine_version": "3.5.45.75",
                    "result": null,
                    "method": "blacklist",
                    "engine_update": "20220217"
                },
                "CMC": {
                    "category": "undetected",
                    "engine_name": "CMC",
                    "engine_version": "2.10.2019.1",
                    "result": null,
                    "method": "blacklist",
                    "engine_update": "20211026"
                },
                "Sophos": {
                    "category": "undetected",
                    "engine_name": "Sophos",
                    "engine_version": "1.4.1.0",
                    "result": null,
                    "method": "blacklist",
                    "engine_update": "20220408"
                },
                "Paloalto": {
                    "category": "type-unsupported",
                    "engine_name": "Paloalto",
                    "engine_version": "0.9.0.1003",
                    "result": null,
                    "method": "blacklist",
                    "engine_update": "20220408"
                },
                "GData": {
                    "category": "failure",
                    "engine_name": "GData",
                    "engine_version": null,
                    "result": null,
                    "method": "blacklist",
                    "engine_update": "20220408"
                },
                "Jiangmin": {
                    "category": "undetected",
                    "engine_name": "Jiangmin",
                    "engine_version": "16.0.100",
                    "result": null,
                    "method": "blacklist",
                    "engine_update": "20220407"
                },
                "Webroot": {
                    "category": "type-unsupported",
                    "engine_name": "Webroot",
                    "engine_version": "1.0.0.403",
                    "result": null,
                    "method": "blacklist",
                    "engine_update": "20220408"
                },
                "Avira": {
                    "category": "undetected",
                    "engine_name": "Avira",
                    "engine_version": "8.3.3.14",
                    "result": null,
                    "method": "blacklist",
                    "engine_update": "20220408"
                },
                "Kingsoft": {
                    "category": "undetected",
                    "engine_name": "Kingsoft",
                    "engine_version": "2017.9.26.565",
                    "result": null,
                    "method": "blacklist",
                    "engine_update": "20220408"
                },
                "Microsoft": {
                    "category": "undetected",
                    "engine_name": "Microsoft",
                    "engine_version": "1.1.19100.5",
                    "result": null,
                    "method": "blacklist",
                    "engine_update": "20220408"
                },
                "Gridinsoft": {
                    "category": "undetected",
                    "engine_name": "Gridinsoft",
                    "engine_version": "1.0.74.174",
                    "result": null,
                    "method": "blacklist",
                    "engine_update": "20220408"
                },
                "Arcabit": {
                    "category": "undetected",
                    "engine_name": "Arcabit",
                    "engine_version": "1.0.0.889",
                    "result": null,
                    "method": "blacklist",
                    "engine_update": "20220408"
                },
                "ViRobot": {
                    "category": "undetected",
                    "engine_name": "ViRobot",
                    "engine_version": "2014.3.20.0",
                    "result": null,
                    "method": "blacklist",
                    "engine_update": "20220408"
                },
                "ZoneAlarm": {
                    "category": "undetected",
                    "engine_name": "ZoneAlarm",
                    "engine_version": "1.0",
                    "result": null,
                    "method": "blacklist",
                    "engine_update": "20220408"
                },
                "Avast-Mobile": {
                    "category": "undetected",
                    "engine_name": "Avast-Mobile",
                    "engine_version": "220407-04",
                    "result": null,
                    "method": "blacklist",
                    "engine_update": "20220407"
                },
                "Cynet": {
                    "category": "undetected",
                    "engine_name": "Cynet",
                    "engine_version": "4.0.0.27",
                    "result": null,
                    "method": "blacklist",
                    "engine_update": "20220408"
                },
                "BitDefenderFalx": {
                    "category": "undetected",
                    "engine_name": "BitDefenderFalx",
                    "engine_version": "2.0.936",
                    "result": null,
                    "method": "blacklist",
                    "engine_update": "20220103"
                },
                "AhnLab-V3": {
                    "category": "undetected",
                    "engine_name": "AhnLab-V3",
                    "engine_version": "3.21.3.10230",
                    "result": null,
                    "method": "blacklist",
                    "engine_update": "20220408"
                },
                "Acronis": {
                    "category": "type-unsupported",
                    "engine_name": "Acronis",
                    "engine_version": "1.1.1.82",
                    "result": null,
                    "method": "blacklist",
                    "engine_update": "20210512"
                },
                "VBA32": {
                    "category": "undetected",
                    "engine_name": "VBA32",
                    "engine_version": "5.0.0",
                    "result": null,
                    "method": "blacklist",
                    "engine_update": "20220407"
                },
                "ALYac": {
                    "category": "undetected",
                    "engine_name": "ALYac",
                    "engine_version": "1.1.3.1",
                    "result": null,
                    "method": "blacklist",
                    "engine_update": "20220405"
                },
                "MAX": {
                    "category": "undetected",
                    "engine_name": "MAX",
                    "engine_version": "2019.9.16.1",
                    "result": null,
                    "method": "blacklist",
                    "engine_update": "20220408"
                },
                "Cylance": {
                    "category": "failure",
                    "engine_name": "Cylance",
                    "engine_version": "2.3.1.101",
                    "result": null,
                    "method": "blacklist",
                    "engine_update": "20220408"
                },
                "Zoner": {
                    "category": "undetected",
                    "engine_name": "Zoner",
                    "engine_version": "2.2.2.0",
                    "result": null,
                    "method": "blacklist",
                    "engine_update": "20220407"
                },
                "Rising": {
                    "category": "undetected",
                    "engine_name": "Rising",
                    "engine_version": "25.0.0.27",
                    "result": null,
                    "method": "blacklist",
                    "engine_update": "20220408"
                },
                "Yandex": {
                    "category": "undetected",
                    "engine_name": "Yandex",
                    "engine_version": "5.5.2.24",
                    "result": null,
                    "method": "blacklist",
                    "engine_update": "20220407"
                },
                "Ikarus": {
                    "category": "undetected",
                    "engine_name": "Ikarus",
                    "engine_version": "6.0.19.0",
                    "result": null,
                    "method": "blacklist",
                    "engine_update": "20220407"
                },
                "MaxSecure": {
                    "category": "failure",
                    "engine_name": "MaxSecure",
                    "engine_version": "1.0.0.1",
                    "result": null,
                    "method": "blacklist",
                    "engine_update": "20220407"
                },
                "Fortinet": {
                    "category": "undetected",
                    "engine_name": "Fortinet",
                    "engine_version": "6.2.142.0",
                    "result": null,
                    "method": "blacklist",
                    "engine_update": "20220408"
                },
                "Panda": {
                    "category": "undetected",
                    "engine_name": "Panda",
                    "engine_version": "4.6.4.2",
                    "result": null,
                    "method": "blacklist",
                    "engine_update": "20220407"
                },
                "CrowdStrike": {
                    "category": "type-unsupported",
                    "engine_name": "CrowdStrike",
                    "engine_version": "1.0",
                    "result": null,
                    "method": "blacklist",
                    "engine_update": "20210907"
                }
            },
            "sha256": "00003a877e8ffafff496c6dadfc6fba534d4c8e78d1ce10ed445f2884d548398",
            "tags": [
                "apk",
                "android",
                "contains-elf"
            ],
            "last_analysis_date": 1649394127,
            "unique_sources": 3,
            "first_submission_date": 1538668798,
            "sha1": "5daf1bb9af3f187a0589e8708ba1293c361b8086",
            "ssdeep": "786432:K3uM0QiN5GT2C08PZfYAZMoJp/LwPYAAlZmczj:e4QiqhLZjEFlej",
            "bundle_info": {
                "highest_datetime": "1980-00-00 00:00:00",
                "lowest_datetime": "1980-00-00 00:00:00",
                "num_children": 1757,
                "extensions": {
                    "xml": 104,
                    "dex": 1,
                    "MF": 1,
                    "pro": 1,
                    "RSA": 1,
                    "gz": 1,
                    "mp4": 1,
                    "so": 33,
                    "SF": 1,
                    "png": 813
                },
                "file_types": {
                    "XML": 102,
                    "DEX": 1,
                    "unknown": 49,
                    "ELF": 33,
                    "JPG": 1,
                    "JSON": 1,
                    "PNG": 813
                },
                "type": "APK",
                "uncompressed_size": 32979072
            },
            "packers": {
                "F-PROT": "appended, packed"
            },
            "md5": "3ccb8cabc1ecc01110a7f0c94ac7cb59",
            "androguard": {
                "VTAndroidInfo": 2.0,
                "AndroidApplicationError": false,
                "MinSdkVersion": "21",
                "AndroguardVersion": "3.4.0a1",
                "Activities": [
                    "com.superfanu.master.SplashActivity",
                    "com.superfanu.master.MainActivity",
                    "com.superfanu.master.ui.network.SFNetworksActivity",
                    "com.superfanu.master.ui.account.SFLoginActivity",
                    "com.superfanu.master.ui.account.SFSSOLoginActivity",
                    "com.superfanu.master.ui.account.SFRegisterActivity",
                    "com.superfanu.master.ui.account.SFForgotPasswordActivity",
                    "com.superfanu.master.ui.account.SFTutorialActivity",
                    "com.superfanu.master.ui.account.SFProfileActivity",
                    "com.superfanu.master.ui.account.SFFansActivity",
                    "com.superfanu.master.ui.account.SFEditProfileActivity",
                    "com.superfanu.master.ui.account.SFTrophyDetailsActivity",
                    "com.superfanu.master.ui.settings.SFSettingsActivity",
                    "com.superfanu.master.ui.settings.SFInviteFriendsActivity",
                    "com.superfanu.master.ui.settings.SFBonusPointsActivity",
                    "com.superfanu.master.ui.settings.SFFaqActivity",
                    "com.superfanu.master.ui.settings.SFFeedbackActivity",
                    "com.superfanu.master.ui.events.SFEventsActivity",
                    "com.superfanu.master.ui.events.SFEventDetailsActivity",
                    "com.superfanu.master.ui.misc.SFRewardsActivity",
                    "com.superfanu.master.ui.misc.SFRewardAwardDetailsActivity",
                    "com.superfanu.master.ui.misc.SFRewardPrizeDetailsActivity",
                    "com.superfanu.master.ui.misc.SFListsActivity",
                    "com.superfanu.master.ui.misc.SFPagesActivity",
                    "com.superfanu.master.ui.fancam.SFFanCamActivity",
                    "com.superfanu.master.ui.fancam.SFFanCamViewerActivity",
                    "com.superfanu.master.ui.fancam.SFFanCamCaptureActivity",
                    "com.superfanu.master.ui.fancam.SFFanCamPhotoEditActivity",
                    "com.superfanu.master.ui.fancam.SFFanCamVideoEditActivity",
                    "com.superfanu.master.ui.fancam.SFFanCamArtActivity",
                    "com.superfanu.master.ui.misc.SFSocialFeedActivity",
                    "com.superfanu.master.ui.misc.SFOffersActivity",
                    "com.superfanu.master.ui.misc.SFOfferDetailsActivity",
                    "com.superfanu.master.ui.fanpoll.SFFanPollActivity",
                    "com.superfanu.master.ui.misc.SFLeadersActivity",
                    "com.superfanu.master.ui.misc.SFRostersActivity",
                    "com.superfanu.master.ui.misc.SFRosterDetailsActivity",
                    "com.superfanu.master.ui.misc.SFNotificationsActivity",
                    "com.superfanu.master.ui.misc.SFNotificationDetailsActivity",
                    "com.superfanu.master.ui.misc.SFWebActivity",
                    "com.facebook.FacebookActivity",
                    "com.facebook.CustomTabActivity",
                    "com.google.android.gms.common.api.GoogleApiActivity",
                    "com.facebook.CustomTabMainActivity"
                ],
                "certificate": {
                    "Subject": {
                        "DN": "C:US, CN:Karma Progressive, L:Louisville, ST:KY, OU:Karma Progressive",
                        "C": "US",
                        "CN": "Karma Progressive",
                        "L": "Louisville",
                        "ST": "KY",
                        "OU": "Karma Progressive"
                    },
                    "validto": "2047-08-01 13:20:04",
                    "serialnumber": "5023b904",
                    "thumbprint": "2210e52ce4f853c9cd29d34ec23bfbe397a505cb",
                    "validfrom": "2012-08-09 13:20:04",
                    "Issuer": {
                        "DN": "C:US, CN:Karma Progressive, L:Louisville, ST:KY, OU:Karma Progressive",
                        "C": "US",
                        "CN": "Karma Progressive",
                        "L": "Louisville",
                        "ST": "KY",
                        "OU": "Karma Progressive"
                    }
                },
                "AndroidApplication": 1,
                "RiskIndicator": {
                    "APK": {
                        "DEX": 1,
                        "SHARED LIBRARIES": 33
                    },
                    "PERM": {
                        "INSTANT": 2,
                        "PRIVACY": 5,
                        "DANGEROUS": 2,
                        "NORMAL": 2,
                        "INTERNET": 1,
                        "GPS": 1
                    }
                },
                "Services": [
                    "com.superfanu.master.util.MyGcmListenerService",
                    "com.superfanu.master.util.MyInstanceIDListenerService",
                    "com.superfanu.master.util.RegistrationIntentService"
                ],
                "AndroidVersionCode": "7000005",
                "main_activity": "com.superfanu.master.SplashActivity",
                "Package": "com.superfanu.oilcityhighschooloilers",
                "intent_filters": {
                    "Services": {
                        "com.superfanu.master.util.MyGcmListenerService": {
                            "action": [
                                "com.google.android.c2dm.intent.RECEIVE"
                            ]
                        },
                        "com.superfanu.master.util.MyInstanceIDListenerService": {
                            "action": [
                                "com.google.android.gms.iid.InstanceID"
                            ]
                        }
                    },
                    "Activities": {
                        "com.superfanu.master.SplashActivity": {
                            "action": [
                                "android.intent.action.MAIN"
                            ],
                            "category": [
                                "android.intent.category.LAUNCHER"
                            ]
                        },
                        "com.facebook.CustomTabActivity": {
                            "action": [
                                "android.intent.action.VIEW"
                            ],
                            "category": [
                                "android.intent.category.DEFAULT",
                                "android.intent.category.BROWSABLE"
                            ]
                        }
                    },
                    "Receivers": {
                        "com.facebook.CurrentAccessTokenExpirationBroadcastReceiver": {
                            "action": [
                                "com.facebook.sdk.ACTION_CURRENT_ACCESS_TOKEN_CHANGED"
                            ]
                        },
                        "com.google.android.gms.gcm.GcmReceiver": {
                            "action": [
                                "com.google.android.c2dm.intent.RECEIVE"
                            ],
                            "category": [
                                "com.example.gcm"
                            ]
                        }
                    }
                },
                "AndroidVersionName": "7.0.0",
                "TargetSdkVersion": "27",
                "AndroidApplicationInfo": "APK",
                "Providers": [
                    "com.crashlytics.android.CrashlyticsInitProvider",
                    "com.facebook.internal.FacebookInitProvider"
                ],
                "permission_details": {
                    "android.permission.ACCESS_FINE_LOCATION": {
                        "short_description": "access precise location (GPS and\n      network-based)",
                        "full_description": "This app can get your location based on GPS or network location sources such as cell towers and Wi-Fi networks. These location services must be turned on and available on your phone for the app to be able to use them. This may increase battery consumption.",
                        "permission_type": "dangerous|instant"
                    },
                    "android.permission.READ_EXTERNAL_STORAGE": {
                        "short_description": "read the contents of your SD card",
                        "full_description": "Allows the app to read the contents of your SD card.",
                        "permission_type": "dangerous"
                    },
                    "android.permission.READ_CONTACTS": {
                        "short_description": "read your contacts",
                        "full_description": "Allows the app to\n      read data about your contacts stored on your phone, including the\n      frequency with which you've called, emailed, or communicated in other ways\n      with specific individuals. This permission allows apps to save your\n      contact data, and malicious apps may share contact data without your\n      knowledge.",
                        "permission_type": "dangerous"
                    },
                    "com.google.android.c2dm.permission.RECEIVE": {
                        "short_description": "Unknown permission from android reference",
                        "full_description": "Unknown permission from android reference",
                        "permission_type": "normal"
                    },
                    "android.permission.CAMERA": {
                        "short_description": "take pictures and videos",
                        "full_description": "This app can take pictures and record videos using the camera at any time.",
                        "permission_type": "dangerous|instant"
                    },
                    "android.permission.WAKE_LOCK": {
                        "short_description": "prevent phone from sleeping",
                        "full_description": "Allows the app to prevent the phone from going to sleep.",
                        "permission_type": "normal|instant"
                    },
                    "android.permission.ACCESS_NETWORK_STATE": {
                        "short_description": "view network connections",
                        "full_description": "Allows the app to view\n      information about network connections such as which networks exist and are\n      connected.",
                        "permission_type": "normal|instant"
                    },
                    "android.permission.INTERNET": {
                        "short_description": "have full network access",
                        "full_description": "Allows the app to create\n     network sockets and use custom network protocols. The browser and other\n     applications provide means to send data to the internet, so this\n     permission is not required to send data to the internet.",
                        "permission_type": "normal|instant"
                    },
                    "network.android_package.identifier.permission.C2D_MESSAGE": {
                        "short_description": "Unknown permission from android reference",
                        "full_description": "Unknown permission from android reference",
                        "permission_type": "normal"
                    },
                    "android.permission.WRITE_EXTERNAL_STORAGE": {
                        "short_description": "modify or delete the contents of your SD card",
                        "full_description": "Allows the app to write to the SD card.",
                        "permission_type": "dangerous"
                    },
                    "android.permission.GET_ACCOUNTS": {
                        "short_description": "find accounts on the device",
                        "full_description": "Allows the app to get\n      the list of accounts known by the phone.  This may include any accounts\n      created by applications you have installed.",
                        "permission_type": "dangerous"
                    },
                    "android.permission.RECORD_AUDIO": {
                        "short_description": "record audio",
                        "full_description": "This app can record audio using the microphone at any time.",
                        "permission_type": "dangerous|instant"
                    }
                },
                "Receivers": [
                    "com.google.android.gms.gcm.GcmReceiver",
                    "com.facebook.CurrentAccessTokenExpirationBroadcastReceiver"
                ],
                "StringsInformation": [
                    "http://docs.google.com/gview?embedded=true&url=",
                    "http://localhost/",
                    "http://schemas.android.com/apk/res/android",
                    "http://superfanu.com/mobile/privacy?nid=",
                    "http://superfanu.com/mobile/tos?nid=",
                    "http://www.superfanu.com",
                    "https://.facebook.com",
                    "https://api.superfanu.com",
                    "https://api.superfanu.com/7.0.1/link/out?out=",
                    "https://app.superfanu.com",
                    "https://app.superfanu.com/icons/",
                    "https://e.crashlytics.com/spi/v2/events",
                    "https://facebook.com",
                    "https://facebook.com/device?user_code=%1$s&qr=1",
                    "https://graph-video.%s",
                    "https://graph.%s",
                    "https://pagead2.googlesyndication.com/pagead/gen_204?id=gmob-apps",
                    "https://plus.google.com/",
                    "https://settings.crashlytics.com/spi/v2/platforms/android/apps/%s/settings",
                    "https://www.googleapis.com/auth/appstate",
                    "https://www.googleapis.com/auth/datastoremobile",
                    "https://www.googleapis.com/auth/drive.appdata",
                    "https://www.googleapis.com/auth/drive.file",
                    "https://www.googleapis.com/auth/fitness.activity.read",
                    "https://www.googleapis.com/auth/fitness.activity.write",
                    "https://www.googleapis.com/auth/fitness.body.read",
                    "https://www.googleapis.com/auth/fitness.body.write",
                    "https://www.googleapis.com/auth/fitness.location.read",
                    "https://www.googleapis.com/auth/fitness.location.write",
                    "https://www.googleapis.com/auth/fitness.nutrition.read",
                    "https://www.googleapis.com/auth/fitness.nutrition.write",
                    "https://www.googleapis.com/auth/games",
                    "https://www.googleapis.com/auth/games_lite",
                    "https://www.googleapis.com/auth/plus.login",
                    "https://www.googleapis.com/auth/plus.me"
                ]
            },
            "magic": "Zip archive data",
            "last_analysis_stats": {
                "harmless": 0,
                "type-unsupported": 8,
                "suspicious": 0,
                "confirmed-timeout": 0,
                "timeout": 0,
                "failure": 5,
                "malicious": 0,
                "undetected": 58
            },
            "meaningful_name": "00003A877E8FFAFFF496C6DADFC6FBA534D4C8E78D1CE10ED445F2884D548398.apk",
            "reputation": 0
        },
        "type": "file",
        "id": "00003a877e8ffafff496c6dadfc6fba534d4c8e78d1ce10ed445f2884d548398",
        "links": {
            "self": "https://www.virustotal.com/api/v3/files/00003a877e8ffafff496c6dadfc6fba534d4c8e78d1ce10ed445f2884d548398"
        }
    }
}