{
    "data": {
        "attributes": {
            "type_description": "Android",
            "tlsh": "T1C2872342F29C5B19D4B7817398E2022481D91C438BC29B1BDD39B33AB9F76AC4F957D2",
            "vhash": "1f35c2613977b616fd403aabd4e109dc",
            "trid": [
                {
                    "file_type": "Android Package",
                    "probability": 28.0
                },
                {
                    "file_type": "SPSS Extension",
                    "probability": 21.8
                },
                {
                    "file_type": "OpenOffice Extension",
                    "probability": 15.6
                },
                {
                    "file_type": "Java Archive",
                    "probability": 9.8
                },
                {
                    "file_type": "VYM Mind Map",
                    "probability": 9.0
                }
            ],
            "crowdsourced_yara_results": [
                {
                    "description": "This signature detects the presence of a number of Windows API functionality often seen within embedded executables. When this signature alerts on an executable, it is not an indication of malicious behavior. However, if seen firing in other file types, deeper investigation may be warranted.",
                    "source": "https://github.com/InQuest/yara-rules-vt",
                    "author": "InQuest Labs",
                    "ruleset_name": "Windows_API_Function",
                    "rule_name": "Windows_API_Function",
                    "ruleset_id": "0122a7f913"
                }
            ],
            "names": [],
            "last_modification_date": 1658302257,
            "type_tag": "android",
            "times_submitted": 1,
            "total_votes": {
                "harmless": 0,
                "malicious": 0
            },
            "size": 36516225,
            "type_extension": "apk",
            "last_submission_date": 1645193335,
            "reputation": 0,
            "sha256": "00003a8f140116eb686944700fa9fc4179af8cfea3975eaa842a94629bc628ed",
            "tags": [
                "reflection",
                "runtime-modules",
                "contains-elf",
                "apk",
                "clipboard",
                "contains-pe",
                "android"
            ],
            "last_analysis_date": 1658293320,
            "unique_sources": 1,
            "first_submission_date": 1645193335,
            "sha1": "8bc2effe20f3dfc0e81542433300436231cce28a",
            "ssdeep": "786432:ILxu2T3NqGduSgcmO1UJ7QQZSkCYdv1RjS/7tUZ8l3iKfuXr:WEhG4MJQZSkCou728l3iKWXr",
            "bundle_info": {
                "highest_datetime": "2021-11-12 16:26:54",
                "lowest_datetime": "1980-01-01 00:00:00",
                "num_children": 1738,
                "extensions": {
                    "xml": 177,
                    "dex": 1,
                    "pro": 1,
                    "dll": 184,
                    "so": 28,
                    "txt": 1,
                    "ttf": 21,
                    "png": 530
                },
                "file_types": {
                    "XML": 177,
                    "DEX": 1,
                    "Portable Executable": 3,
                    "ELF": 28,
                    "unknown": 261,
                    "PNG": 530
                },
                "type": "APK",
                "uncompressed_size": 61964071
            },
            "md5": "dccb0702368d6874579146135d31f26f",
            "androguard": {
                "VTAndroidInfo": 2.0,
                "Libraries": [
                    "org.apache.http.legacy"
                ],
                "AndroidApplicationError": false,
                "MinSdkVersion": "21",
                "AndroguardVersion": "3.4.0a1",
                "Activities": [
                    "crc647ae4a7d683fdada6.SplashActivity",
                    "crc647ae4a7d683fdada6.MainActivity",
                    "com.microsoft.windowsazure.mobileservices.authentication.RedirectUrlActivity",
                    "crc646957603ea1820544.MediaPickerActivity",
                    "crc6480997b3ef81bf9b2.ZxingActivity",
                    "com.google.android.gms.common.api.GoogleApiActivity"
                ],
                "certificate": {
                    "Subject": {
                        "DN": "C:US, CN:Android, L:Mountain View, O:Google Inc., ST:California, OU:Android",
                        "C": "US",
                        "CN": "Android",
                        "L": "Mountain View",
                        "O": "Google Inc.",
                        "ST": "California",
                        "OU": "Android"
                    },
                    "validto": "2048-06-01 10:36:36",
                    "serialnumber": "180919555d725a7aec76fa71f17c044b865da6c3",
                    "thumbprint": "75128684589c349e6398049875fb252ed5f52f5a",
                    "validfrom": "2018-06-01 10:36:36",
                    "Issuer": {
                        "DN": "C:US, CN:Android, L:Mountain View, O:Google Inc., ST:California, OU:Android",
                        "C": "US",
                        "CN": "Android",
                        "L": "Mountain View",
                        "O": "Google Inc.",
                        "ST": "California",
                        "OU": "Android"
                    }
                },
                "AndroidApplication": 1,
                "RiskIndicator": {
                    "PERM": {
                        "INSTANT": 2,
                        "PRIVACY": 3,
                        "DANGEROUS": 3,
                        "NORMAL": 8,
                        "INTERNET": 1,
                        "GPS": 3
                    }
                },
                "Services": [
                    "crc64396a3fe5f8138e3f.KeepAliveService"
                ],
                "AndroidVersionCode": "4254",
                "main_activity": "crc647ae4a7d683fdada6.SplashActivity",
                "Package": "ie.imec.incident",
                "intent_filters": {
                    "Activities": {
                        "crc647ae4a7d683fdada6.SplashActivity": {
                            "action": [
                                "android.intent.action.MAIN"
                            ],
                            "category": [
                                "android.intent.category.LAUNCHER"
                            ]
                        }
                    }
                },
                "AndroidVersionName": "2.8.4254",
                "TargetSdkVersion": "30",
                "AndroidApplicationInfo": "APK",
                "Providers": [
                    "androidx.core.content.FileProvider",
                    "mono.android.MultiDexLoader",
                    "mono.MonoRuntimeProvider"
                ],
                "permission_details": {
                    "android.permission.ACCESS_FINE_LOCATION": {
                        "short_description": "access precise location only in the foreground",
                        "full_description": "This app can get your exact location only when it is in the foreground. These location services must be turned on and available on your phone for the app to be able to use them. This may increase battery consumption.",
                        "permission_type": "dangerous|instant"
                    },
                    "android.permission.READ_EXTERNAL_STORAGE": {
                        "short_description": "read the contents of your shared storage",
                        "full_description": "Allows the app to read the contents of your shared storage.",
                        "permission_type": "dangerous"
                    },
                    "android.permission.RECEIVE_BOOT_COMPLETED": {
                        "short_description": "run at startup",
                        "full_description": "Allows the app to\n        have itself started as soon as the system has finished booting.\n        This can make it take longer to start the phone and allow the\n        app to slow down the overall phone by always running.",
                        "permission_type": "normal"
                    },
                    "android.permission.ACCESS_MOCK_LOCATION": {
                        "short_description": "mock location sources for testing",
                        "full_description": "Create mock location sources for\n      testing or install a new location provider.  This allows the app to\n      override the location and/or status returned by other location sources\n      such as GPS or location providers.",
                        "permission_type": "dangerous"
                    },
                    "android.permission.ACCESS_LOCATION_EXTRA_COMMANDS": {
                        "short_description": "access extra location provider commands",
                        "full_description": "Allows the app to access\n        extra location provider commands.  This may allow the app to interfere\n        with the operation of the GPS or other location sources.",
                        "permission_type": "normal"
                    },
                    "android.permission.ACCESS_WIFI_STATE": {
                        "short_description": "view Wi-Fi connections",
                        "full_description": "Allows the app to view information\n      about Wi-Fi networking, such as whether Wi-Fi is enabled and name of\n      connected Wi-Fi devices.",
                        "permission_type": "normal"
                    },
                    "android.permission.ACCESS_COARSE_LOCATION": {
                        "short_description": "access approximate location (network-based) only in the foreground",
                        "full_description": "This app can get your location based on network sources such as cell towers and Wi-Fi networks, but only when the app is in the foreground. These location services must be turned on and available on your phone for the app to be able to use them.",
                        "permission_type": "dangerous|instant"
                    },
                    "android.permission.WAKE_LOCK": {
                        "short_description": "prevent phone from sleeping",
                        "full_description": "Allows the app to prevent the phone from going to sleep.",
                        "permission_type": "normal|instant"
                    },
                    "android.permission.BLUETOOTH": {
                        "short_description": "pair with Bluetooth devices",
                        "full_description": "Allows the app to view the\n      configuration of the Bluetooth on the phone, and to make and accept\n      connections with paired devices.",
                        "permission_type": "normal"
                    },
                    "android.permission.CAMERA": {
                        "short_description": "take pictures and videos",
                        "full_description": "This app can take pictures and record videos using the camera at any time.",
                        "permission_type": "dangerous|instant"
                    },
                    "android.permission.INTERNET": {
                        "short_description": "have full network access",
                        "full_description": "Allows the app to create\n     network sockets and use custom network protocols. The browser and other\n     applications provide means to send data to the internet, so this\n     permission is not required to send data to the internet.",
                        "permission_type": "normal|instant"
                    },
                    "android.permission.ACCESS_NETWORK_STATE": {
                        "short_description": "view network connections",
                        "full_description": "Allows the app to view\n      information about network connections such as which networks exist and are\n      connected.",
                        "permission_type": "normal|instant"
                    },
                    "android.permission.CHANGE_WIFI_STATE": {
                        "short_description": "connect and disconnect from Wi-Fi",
                        "full_description": "Allows the app to connect to and\n      disconnect from Wi-Fi access points and to make changes to device\n      configuration for Wi-Fi networks.",
                        "permission_type": "normal"
                    },
                    "android.permission.WRITE_EXTERNAL_STORAGE": {
                        "short_description": "modify or delete the contents of your shared storage",
                        "full_description": "Allows the app to write the contents of your shared storage.",
                        "permission_type": "dangerous"
                    },
                    "android.permission.BLUETOOTH_ADMIN": {
                        "short_description": "access Bluetooth settings",
                        "full_description": "Allows the app to configure\n      the local Bluetooth phone, and to discover and pair with remote devices.",
                        "permission_type": "normal"
                    },
                    "android.permission.FLASHLIGHT": {
                        "short_description": "control flashlight",
                        "full_description": "Allows the app to control the flashlight.",
                        "permission_type": "normal"
                    }
                },
                "Receivers": [
                    "crc64cea48322b3427ae9.ConnectivityChangeBroadcastReceiver",
                    "crc643f46942d9dd1fff9.PowerSaveModeBroadcastReceiver"
                ],
                "StringsInformation": [
                    "http://schemas.android.com/apk/res-auto",
                    "http://schemas.android.com/apk/res/android",
                    "https://in.appcenter.ms",
                    "https://mobile.events.data.microsoft.com/OneCollector/1.0",
                    "https://plus.google.com/",
                    "https://www.example.com",
                    "https://www.googleapis.com/auth/appstate",
                    "https://www.googleapis.com/auth/datastoremobile",
                    "https://www.googleapis.com/auth/drive",
                    "https://www.googleapis.com/auth/drive.appdata",
                    "https://www.googleapis.com/auth/drive.apps",
                    "https://www.googleapis.com/auth/drive.file",
                    "https://www.googleapis.com/auth/fitness.activity.read",
                    "https://www.googleapis.com/auth/fitness.activity.write",
                    "https://www.googleapis.com/auth/fitness.blood_glucose.read",
                    "https://www.googleapis.com/auth/fitness.blood_glucose.write",
                    "https://www.googleapis.com/auth/fitness.blood_pressure.read",
                    "https://www.googleapis.com/auth/fitness.blood_pressure.write",
                    "https://www.googleapis.com/auth/fitness.body.read",
                    "https://www.googleapis.com/auth/fitness.body.write",
                    "https://www.googleapis.com/auth/fitness.body_temperature.read",
                    "https://www.googleapis.com/auth/fitness.body_temperature.write",
                    "https://www.googleapis.com/auth/fitness.location.read",
                    "https://www.googleapis.com/auth/fitness.location.write",
                    "https://www.googleapis.com/auth/fitness.nutrition.read",
                    "https://www.googleapis.com/auth/fitness.nutrition.write",
                    "https://www.googleapis.com/auth/fitness.oxygen_saturation.read",
                    "https://www.googleapis.com/auth/fitness.oxygen_saturation.write",
                    "https://www.googleapis.com/auth/fitness.reproductive_health.read",
                    "https://www.googleapis.com/auth/fitness.reproductive_health.write",
                    "https://www.googleapis.com/auth/games",
                    "https://www.googleapis.com/auth/games.firstparty",
                    "https://www.googleapis.com/auth/games_lite",
                    "https://www.googleapis.com/auth/plus.login",
                    "https://www.googleapis.com/auth/plus.me"
                ]
            },
            "magic": "Zip archive data, at least v2.0 to extract",
            "last_analysis_stats": {
                "harmless": 0,
                "type-unsupported": 9,
                "suspicious": 0,
                "confirmed-timeout": 0,
                "timeout": 0,
                "failure": 0,
                "malicious": 0,
                "undetected": 64
            },
            "last_analysis_results": {
                "Bkav": {
                    "category": "undetected",
                    "engine_name": "Bkav",
                    "engine_version": "1.3.0.9899",
                    "result": null,
                    "method": "blacklist",
                    "engine_update": "20220720"
                },
                "Lionic": {
                    "category": "undetected",
                    "engine_name": "Lionic",
                    "engine_version": "7.5",
                    "result": null,
                    "method": "blacklist",
                    "engine_update": "20220720"
                },
                "Elastic": {
                    "category": "undetected",
                    "engine_name": "Elastic",
                    "engine_version": "4.0.40",
                    "result": null,
                    "method": "blacklist",
                    "engine_update": "20220623"
                },
                "DrWeb": {
                    "category": "undetected",
                    "engine_name": "DrWeb",
                    "engine_version": "7.0.56.4040",
                    "result": null,
                    "method": "blacklist",
                    "engine_update": "20220720"
                },
                "MicroWorld-eScan": {
                    "category": "undetected",
                    "engine_name": "MicroWorld-eScan",
                    "engine_version": "14.0.409.0",
                    "result": null,
                    "method": "blacklist",
                    "engine_update": "20220720"
                },
                "FireEye": {
                    "category": "undetected",
                    "engine_name": "FireEye",
                    "engine_version": "35.24.1.0",
                    "result": null,
                    "method": "blacklist",
                    "engine_update": "20220720"
                },
                "CAT-QuickHeal": {
                    "category": "undetected",
                    "engine_name": "CAT-QuickHeal",
                    "engine_version": "14.00",
                    "result": null,
                    "method": "blacklist",
                    "engine_update": "20220719"
                },
                "ALYac": {
                    "category": "undetected",
                    "engine_name": "ALYac",
                    "engine_version": "1.1.3.1",
                    "result": null,
                    "method": "blacklist",
                    "engine_update": "20220720"
                },
                "Malwarebytes": {
                    "category": "undetected",
                    "engine_name": "Malwarebytes",
                    "engine_version": "4.3.3.37",
                    "result": null,
                    "method": "blacklist",
                    "engine_update": "20220720"
                },
                "Zillya": {
                    "category": "undetected",
                    "engine_name": "Zillya",
                    "engine_version": "2.0.0.4673",
                    "result": null,
                    "method": "blacklist",
                    "engine_update": "20220719"
                },
                "Paloalto": {
                    "category": "type-unsupported",
                    "engine_name": "Paloalto",
                    "engine_version": "0.9.0.1003",
                    "result": null,
                    "method": "blacklist",
                    "engine_update": "20220720"
                },
                "Sangfor": {
                    "category": "undetected",
                    "engine_name": "Sangfor",
                    "engine_version": "2.14.0.0",
                    "result": null,
                    "method": "blacklist",
                    "engine_update": "20220602"
                },
                "Trustlook": {
                    "category": "undetected",
                    "engine_name": "Trustlook",
                    "engine_version": "1.0",
                    "result": null,
                    "method": "blacklist",
                    "engine_update": "20220720"
                },
                "Alibaba": {
                    "category": "undetected",
                    "engine_name": "Alibaba",
                    "engine_version": "0.3.0.5",
                    "result": null,
                    "method": "blacklist",
                    "engine_update": "20190527"
                },
                "K7GW": {
                    "category": "undetected",
                    "engine_name": "K7GW",
                    "engine_version": "12.26.43424",
                    "result": null,
                    "method": "blacklist",
                    "engine_update": "20220720"
                },
                "K7AntiVirus": {
                    "category": "undetected",
                    "engine_name": "K7AntiVirus",
                    "engine_version": "12.26.43423",
                    "result": null,
                    "method": "blacklist",
                    "engine_update": "20220720"
                },
                "Arcabit": {
                    "category": "undetected",
                    "engine_name": "Arcabit",
                    "engine_version": "1.0.0.889",
                    "result": null,
                    "method": "blacklist",
                    "engine_update": "20220720"
                },
                "BitDefenderTheta": {
                    "category": "undetected",
                    "engine_name": "BitDefenderTheta",
                    "engine_version": "7.2.37796.0",
                    "result": null,
                    "method": "blacklist",
                    "engine_update": "20220718"
                },
                "VirIT": {
                    "category": "undetected",
                    "engine_name": "VirIT",
                    "engine_version": "9.5.241",
                    "result": null,
                    "method": "blacklist",
                    "engine_update": "20220719"
                },
                "Cyren": {
                    "category": "undetected",
                    "engine_name": "Cyren",
                    "engine_version": "6.5.1.2",
                    "result": null,
                    "method": "blacklist",
                    "engine_update": "20220720"
                },
                "SymantecMobileInsight": {
                    "category": "undetected",
                    "engine_name": "SymantecMobileInsight",
                    "engine_version": "2.0",
                    "result": null,
                    "method": "blacklist",
                    "engine_update": "20220208"
                },
                "Symantec": {
                    "category": "undetected",
                    "engine_name": "Symantec",
                    "engine_version": "1.18.0.0",
                    "result": null,
                    "method": "blacklist",
                    "engine_update": "20220720"
                },
                "tehtris": {
                    "category": "type-unsupported",
                    "engine_name": "tehtris",
                    "engine_version": "v0.1.4",
                    "result": null,
                    "method": "blacklist",
                    "engine_update": "20220720"
                },
                "ESET-NOD32": {
                    "category": "undetected",
                    "engine_name": "ESET-NOD32",
                    "engine_version": "25619",
                    "result": null,
                    "method": "blacklist",
                    "engine_update": "20220720"
                },
                "APEX": {
                    "category": "type-unsupported",
                    "engine_name": "APEX",
                    "engine_version": "6.314",
                    "result": null,
                    "method": "blacklist",
                    "engine_update": "20220719"
                },
                "TrendMicro-HouseCall": {
                    "category": "undetected",
                    "engine_name": "TrendMicro-HouseCall",
                    "engine_version": "10.0.0.1040",
                    "result": null,
                    "method": "blacklist",
                    "engine_update": "20220720"
                },
                "Avast": {
                    "category": "undetected",
                    "engine_name": "Avast",
                    "engine_version": "21.1.5827.0",
                    "result": null,
                    "method": "blacklist",
                    "engine_update": "20220720"
                },
                "ClamAV": {
                    "category": "undetected",
                    "engine_name": "ClamAV",
                    "engine_version": "0.105.0.0",
                    "result": null,
                    "method": "blacklist",
                    "engine_update": "20220719"
                },
                "Kaspersky": {
                    "category": "undetected",
                    "engine_name": "Kaspersky",
                    "engine_version": "21.0.1.45",
                    "result": null,
                    "method": "blacklist",
                    "engine_update": "20220720"
                },
                "BitDefender": {
                    "category": "undetected",
                    "engine_name": "BitDefender",
                    "engine_version": "7.2",
                    "result": null,
                    "method": "blacklist",
                    "engine_update": "20220720"
                },
                "NANO-Antivirus": {
                    "category": "undetected",
                    "engine_name": "NANO-Antivirus",
                    "engine_version": "1.0.146.25618",
                    "result": null,
                    "method": "blacklist",
                    "engine_update": "20220719"
                },
                "SUPERAntiSpyware": {
                    "category": "undetected",
                    "engine_name": "SUPERAntiSpyware",
                    "engine_version": "5.6.0.1032",
                    "result": null,
                    "method": "blacklist",
                    "engine_update": "20220716"
                },
                "Tencent": {
                    "category": "undetected",
                    "engine_name": "Tencent",
                    "engine_version": "1.0.0.1",
                    "result": null,
                    "method": "blacklist",
                    "engine_update": "20220720"
                },
                "Ad-Aware": {
                    "category": "undetected",
                    "engine_name": "Ad-Aware",
                    "engine_version": "3.0.21.193",
                    "result": null,
                    "method": "blacklist",
                    "engine_update": "20220720"
                },
                "Emsisoft": {
                    "category": "undetected",
                    "engine_name": "Emsisoft",
                    "engine_version": "2021.5.0.7597",
                    "result": null,
                    "method": "blacklist",
                    "engine_update": "20220720"
                },
                "Comodo": {
                    "category": "undetected",
                    "engine_name": "Comodo",
                    "engine_version": "34820",
                    "result": null,
                    "method": "blacklist",
                    "engine_update": "20220720"
                },
                "F-Secure": {
                    "category": "undetected",
                    "engine_name": "F-Secure",
                    "engine_version": "18.10.978.51",
                    "result": null,
                    "method": "blacklist",
                    "engine_update": "20220720"
                },
                "Baidu": {
                    "category": "undetected",
                    "engine_name": "Baidu",
                    "engine_version": "1.0.0.2",
                    "result": null,
                    "method": "blacklist",
                    "engine_update": "20190318"
                },
                "VIPRE": {
                    "category": "undetected",
                    "engine_name": "VIPRE",
                    "engine_version": "6.0.0.35",
                    "result": null,
                    "method": "blacklist",
                    "engine_update": "20220719"
                },
                "TrendMicro": {
                    "category": "undetected",
                    "engine_name": "TrendMicro",
                    "engine_version": "11.0.0.1006",
                    "result": null,
                    "method": "blacklist",
                    "engine_update": "20220720"
                },
                "McAfee-GW-Edition": {
                    "category": "undetected",
                    "engine_name": "McAfee-GW-Edition",
                    "engine_version": "v2019.1.2+3728",
                    "result": null,
                    "method": "blacklist",
                    "engine_update": "20220720"
                },
                "SentinelOne": {
                    "category": "type-unsupported",
                    "engine_name": "SentinelOne",
                    "engine_version": "22.2.1.2",
                    "result": null,
                    "method": "blacklist",
                    "engine_update": "20220330"
                },
                "Trapmine": {
                    "category": "type-unsupported",
                    "engine_name": "Trapmine",
                    "engine_version": "3.5.48.101",
                    "result": null,
                    "method": "blacklist",
                    "engine_update": "20220707"
                },
                "Sophos": {
                    "category": "undetected",
                    "engine_name": "Sophos",
                    "engine_version": "1.4.1.0",
                    "result": null,
                    "method": "blacklist",
                    "engine_update": "20220720"
                },
                "Ikarus": {
                    "category": "undetected",
                    "engine_name": "Ikarus",
                    "engine_version": "6.0.24.0",
                    "result": null,
                    "method": "blacklist",
                    "engine_update": "20220719"
                },
                "Avast-Mobile": {
                    "category": "undetected",
                    "engine_name": "Avast-Mobile",
                    "engine_version": "220718-00",
                    "result": null,
                    "method": "blacklist",
                    "engine_update": "20220718"
                },
                "Jiangmin": {
                    "category": "undetected",
                    "engine_name": "Jiangmin",
                    "engine_version": "16.0.100",
                    "result": null,
                    "method": "blacklist",
                    "engine_update": "20220719"
                },
                "Webroot": {
                    "category": "type-unsupported",
                    "engine_name": "Webroot",
                    "engine_version": "1.0.0.403",
                    "result": null,
                    "method": "blacklist",
                    "engine_update": "20220720"
                },
                "Avira": {
                    "category": "undetected",
                    "engine_name": "Avira",
                    "engine_version": "8.3.3.14",
                    "result": null,
                    "method": "blacklist",
                    "engine_update": "20220720"
                },
                "Antiy-AVL": {
                    "category": "undetected",
                    "engine_name": "Antiy-AVL",
                    "engine_version": "3.0",
                    "result": null,
                    "method": "blacklist",
                    "engine_update": "20220720"
                },
                "Kingsoft": {
                    "category": "undetected",
                    "engine_name": "Kingsoft",
                    "engine_version": "2017.9.26.565",
                    "result": null,
                    "method": "blacklist",
                    "engine_update": "20220720"
                },
                "Gridinsoft": {
                    "category": "undetected",
                    "engine_name": "Gridinsoft",
                    "engine_version": "1.0.85.174",
                    "result": null,
                    "method": "blacklist",
                    "engine_update": "20220720"
                },
                "Microsoft": {
                    "category": "undetected",
                    "engine_name": "Microsoft",
                    "engine_version": "1.1.19400.3",
                    "result": null,
                    "method": "blacklist",
                    "engine_update": "20220720"
                },
                "ViRobot": {
                    "category": "undetected",
                    "engine_name": "ViRobot",
                    "engine_version": "2014.3.20.0",
                    "result": null,
                    "method": "blacklist",
                    "engine_update": "20220720"
                },
                "ZoneAlarm": {
                    "category": "undetected",
                    "engine_name": "ZoneAlarm",
                    "engine_version": "1.0",
                    "result": null,
                    "method": "blacklist",
                    "engine_update": "20220720"
                },
                "GData": {
                    "category": "undetected",
                    "engine_name": "GData",
                    "engine_version": "A:25.33540B:27.28140",
                    "result": null,
                    "method": "blacklist",
                    "engine_update": "20220720"
                },
                "Cynet": {
                    "category": "type-unsupported",
                    "engine_name": "Cynet",
                    "engine_version": "4.0.0.27",
                    "result": null,
                    "method": "blacklist",
                    "engine_update": "20220720"
                },
                "BitDefenderFalx": {
                    "category": "undetected",
                    "engine_name": "BitDefenderFalx",
                    "engine_version": "2.0.936",
                    "result": null,
                    "method": "blacklist",
                    "engine_update": "20220103"
                },
                "AhnLab-V3": {
                    "category": "undetected",
                    "engine_name": "AhnLab-V3",
                    "engine_version": "3.22.1.10283",
                    "result": null,
                    "method": "blacklist",
                    "engine_update": "20220719"
                },
                "Acronis": {
                    "category": "undetected",
                    "engine_name": "Acronis",
                    "engine_version": "1.2.0.108",
                    "result": null,
                    "method": "blacklist",
                    "engine_update": "20220426"
                },
                "McAfee": {
                    "category": "undetected",
                    "engine_name": "McAfee",
                    "engine_version": "6.0.6.653",
                    "result": null,
                    "method": "blacklist",
                    "engine_update": "20220720"
                },
                "MAX": {
                    "category": "undetected",
                    "engine_name": "MAX",
                    "engine_version": "2019.9.16.1",
                    "result": null,
                    "method": "blacklist",
                    "engine_update": "20220720"
                },
                "VBA32": {
                    "category": "undetected",
                    "engine_name": "VBA32",
                    "engine_version": "5.0.0",
                    "result": null,
                    "method": "blacklist",
                    "engine_update": "20220719"
                },
                "Cylance": {
                    "category": "undetected",
                    "engine_name": "Cylance",
                    "engine_version": "2.3.1.101",
                    "result": null,
                    "method": "blacklist",
                    "engine_update": "20220720"
                },
                "Zoner": {
                    "category": "undetected",
                    "engine_name": "Zoner",
                    "engine_version": "2.2.2.0",
                    "result": null,
                    "method": "blacklist",
                    "engine_update": "20220719"
                },
                "Rising": {
                    "category": "undetected",
                    "engine_name": "Rising",
                    "engine_version": "25.0.0.27",
                    "result": null,
                    "method": "blacklist",
                    "engine_update": "20220720"
                },
                "Yandex": {
                    "category": "undetected",
                    "engine_name": "Yandex",
                    "engine_version": "5.5.2.24",
                    "result": null,
                    "method": "blacklist",
                    "engine_update": "20220719"
                },
                "TACHYON": {
                    "category": "undetected",
                    "engine_name": "TACHYON",
                    "engine_version": "2022-07-20.01",
                    "result": null,
                    "method": "blacklist",
                    "engine_update": "20220720"
                },
                "MaxSecure": {
                    "category": "undetected",
                    "engine_name": "MaxSecure",
                    "engine_version": "1.0.0.1",
                    "result": null,
                    "method": "blacklist",
                    "engine_update": "20220719"
                },
                "Fortinet": {
                    "category": "undetected",
                    "engine_name": "Fortinet",
                    "engine_version": "6.4.258.0",
                    "result": null,
                    "method": "blacklist",
                    "engine_update": "20220720"
                },
                "Cybereason": {
                    "category": "type-unsupported",
                    "engine_name": "Cybereason",
                    "engine_version": "1.2.449",
                    "result": null,
                    "method": "blacklist",
                    "engine_update": "20210330"
                },
                "Panda": {
                    "category": "undetected",
                    "engine_name": "Panda",
                    "engine_version": "4.6.4.2",
                    "result": null,
                    "method": "blacklist",
                    "engine_update": "20220719"
                },
                "CrowdStrike": {
                    "category": "type-unsupported",
                    "engine_name": "CrowdStrike",
                    "engine_version": "1.0",
                    "result": null,
                    "method": "blacklist",
                    "engine_update": "20220418"
                }
            }
        },
        "type": "file",
        "id": "00003a8f140116eb686944700fa9fc4179af8cfea3975eaa842a94629bc628ed",
        "links": {
            "self": "https://www.virustotal.com/api/v3/files/00003a8f140116eb686944700fa9fc4179af8cfea3975eaa842a94629bc628ed"
        }
    }
}