{
    "data": {
        "attributes": {
            "type_description": "Android",
            "tlsh": "T141572396A38DEC1AE0B7D4328BB4B557B8785C809349EA635506F12C9DF3FC05748F8A",
            "vhash": "2823f7dc953f70924ed07bd594349867",
            "trid": [
                {
                    "file_type": "Android Package",
                    "probability": 57.0
                },
                {
                    "file_type": "Java Archive",
                    "probability": 20.0
                },
                {
                    "file_type": "Sweet Home 3D design (generic)",
                    "probability": 15.5
                },
                {
                    "file_type": "ZIP compressed archive",
                    "probability": 5.9
                },
                {
                    "file_type": "PrintFox/Pagefox bitmap (640x800)",
                    "probability": 1.4
                }
            ],
            "names": [
                "08302",
                "VirusShare_b24448c3d25f98f889b96de5c47b1932",
                "myfile.exe",
                "aomszlYO8bNfItpeSJmzu",
                "00018f3a78fe5e38cbf83044b64b116c4e536620c4c48787520335feed5cf663.apk",
                "B24448C3D25F98F889B96DE5C47B1932.apk\";  filename*=utf-8''B24448C3D25F98F889B96DE5C47B1932.apk",
                "c9_@_35_@_b24448c3d25f98f889b96de5c47b1932.apk",
                "B24448C3D25F98F889B96DE5C47B1932.apk",
                "TkUsOhEJ.reg"
            ],
            "last_modification_date": 1657186861,
            "type_tag": "android",
            "times_submitted": 11,
            "total_votes": {
                "harmless": 0,
                "malicious": 0
            },
            "size": 27399212,
            "popular_threat_classification": {
                "suggested_threat_label": "apptrack/iresearch",
                "popular_threat_name": [
                    {
                        "count": 4,
                        "value": "apptrack"
                    },
                    {
                        "count": 2,
                        "value": "iresearch"
                    }
                ]
            },
            "last_submission_date": 1642984937,
            "last_analysis_results": {
                "Bkav": {
                    "category": "undetected",
                    "engine_name": "Bkav",
                    "engine_version": "1.3.0.9899",
                    "result": null,
                    "method": "blacklist",
                    "engine_update": "20220124"
                },
                "Lionic": {
                    "category": "undetected",
                    "engine_name": "Lionic",
                    "engine_version": "4.2",
                    "result": null,
                    "method": "blacklist",
                    "engine_update": "20220124"
                },
                "Elastic": {
                    "category": "undetected",
                    "engine_name": "Elastic",
                    "engine_version": "4.0.32",
                    "result": null,
                    "method": "blacklist",
                    "engine_update": "20211223"
                },
                "DrWeb": {
                    "category": "malicious",
                    "engine_name": "DrWeb",
                    "engine_version": "7.0.52.8270",
                    "result": "Tool.Iresearch.1.origin",
                    "method": "blacklist",
                    "engine_update": "20220124"
                },
                "MicroWorld-eScan": {
                    "category": "undetected",
                    "engine_name": "MicroWorld-eScan",
                    "engine_version": "14.0.409.0",
                    "result": null,
                    "method": "blacklist",
                    "engine_update": "20220124"
                },
                "FireEye": {
                    "category": "undetected",
                    "engine_name": "FireEye",
                    "engine_version": "32.44.1.0",
                    "result": null,
                    "method": "blacklist",
                    "engine_update": "20220124"
                },
                "CAT-QuickHeal": {
                    "category": "malicious",
                    "engine_name": "CAT-QuickHeal",
                    "engine_version": "14.00",
                    "result": "Android.Apptrack.De932 (PUP)",
                    "method": "blacklist",
                    "engine_update": "20220124"
                },
                "McAfee": {
                    "category": "undetected",
                    "engine_name": "McAfee",
                    "engine_version": "6.0.6.653",
                    "result": null,
                    "method": "blacklist",
                    "engine_update": "20220124"
                },
                "Malwarebytes": {
                    "category": "undetected",
                    "engine_name": "Malwarebytes",
                    "engine_version": "4.2.2.27",
                    "result": null,
                    "method": "blacklist",
                    "engine_update": "20220124"
                },
                "Zillya": {
                    "category": "undetected",
                    "engine_name": "Zillya",
                    "engine_version": "2.0.0.4555",
                    "result": null,
                    "method": "blacklist",
                    "engine_update": "20220122"
                },
                "Sangfor": {
                    "category": "undetected",
                    "engine_name": "Sangfor",
                    "engine_version": "2.9.0.0",
                    "result": null,
                    "method": "blacklist",
                    "engine_update": "20211224"
                },
                "Trustlook": {
                    "category": "malicious",
                    "engine_name": "Trustlook",
                    "engine_version": "1.0",
                    "result": "Android.PUA.General",
                    "method": "blacklist",
                    "engine_update": "20220124"
                },
                "Alibaba": {
                    "category": "undetected",
                    "engine_name": "Alibaba",
                    "engine_version": "0.3.0.5",
                    "result": null,
                    "method": "blacklist",
                    "engine_update": "20190527"
                },
                "K7GW": {
                    "category": "undetected",
                    "engine_name": "K7GW",
                    "engine_version": "11.243.40515",
                    "result": null,
                    "method": "blacklist",
                    "engine_update": "20220124"
                },
                "K7AntiVirus": {
                    "category": "undetected",
                    "engine_name": "K7AntiVirus",
                    "engine_version": "11.243.40515",
                    "result": null,
                    "method": "blacklist",
                    "engine_update": "20220124"
                },
                "BitDefenderTheta": {
                    "category": "undetected",
                    "engine_name": "BitDefenderTheta",
                    "engine_version": "7.2.37796.0",
                    "result": null,
                    "method": "blacklist",
                    "engine_update": "20220114"
                },
                "VirIT": {
                    "category": "undetected",
                    "engine_name": "VirIT",
                    "engine_version": "9.5.117",
                    "result": null,
                    "method": "blacklist",
                    "engine_update": "20220124"
                },
                "Cyren": {
                    "category": "undetected",
                    "engine_name": "Cyren",
                    "engine_version": "6.5.1.2",
                    "result": null,
                    "method": "blacklist",
                    "engine_update": "20220124"
                },
                "SymantecMobileInsight": {
                    "category": "failure",
                    "engine_name": "SymantecMobileInsight",
                    "engine_version": "2.0",
                    "result": null,
                    "method": "blacklist",
                    "engine_update": "20211119"
                },
                "Symantec": {
                    "category": "undetected",
                    "engine_name": "Symantec",
                    "engine_version": "1.16.0.0",
                    "result": null,
                    "method": "blacklist",
                    "engine_update": "20220124"
                },
                "ESET-NOD32": {
                    "category": "malicious",
                    "engine_name": "ESET-NOD32",
                    "engine_version": "24672",
                    "result": "a variant of Android/Apptrack.D potentially unwanted",
                    "method": "blacklist",
                    "engine_update": "20220124"
                },
                "APEX": {
                    "category": "type-unsupported",
                    "engine_name": "APEX",
                    "engine_version": "6.252",
                    "result": null,
                    "method": "blacklist",
                    "engine_update": "20220122"
                },
                "TrendMicro-HouseCall": {
                    "category": "undetected",
                    "engine_name": "TrendMicro-HouseCall",
                    "engine_version": "10.0.0.1040",
                    "result": null,
                    "method": "blacklist",
                    "engine_update": "20220124"
                },
                "Avast": {
                    "category": "undetected",
                    "engine_name": "Avast",
                    "engine_version": "21.1.5827.0",
                    "result": null,
                    "method": "blacklist",
                    "engine_update": "20220124"
                },
                "ClamAV": {
                    "category": "timeout",
                    "engine_name": "ClamAV",
                    "engine_version": "0.104.2.0",
                    "result": null,
                    "method": "blacklist",
                    "engine_update": "20220124"
                },
                "Kaspersky": {
                    "category": "undetected",
                    "engine_name": "Kaspersky",
                    "engine_version": "21.0.1.45",
                    "result": null,
                    "method": "blacklist",
                    "engine_update": "20220124"
                },
                "BitDefender": {
                    "category": "undetected",
                    "engine_name": "BitDefender",
                    "engine_version": "7.2",
                    "result": null,
                    "method": "blacklist",
                    "engine_update": "20220124"
                },
                "NANO-Antivirus": {
                    "category": "malicious",
                    "engine_name": "NANO-Antivirus",
                    "engine_version": "1.0.146.25520",
                    "result": "Riskware.Android.Iresearch.flmlqj",
                    "method": "blacklist",
                    "engine_update": "20220124"
                },
                "Cynet": {
                    "category": "type-unsupported",
                    "engine_name": "Cynet",
                    "engine_version": "4.0.0.27",
                    "result": null,
                    "method": "blacklist",
                    "engine_update": "20220124"
                },
                "SUPERAntiSpyware": {
                    "category": "undetected",
                    "engine_name": "SUPERAntiSpyware",
                    "engine_version": "5.6.0.1032",
                    "result": null,
                    "method": "blacklist",
                    "engine_update": "20220122"
                },
                "Tencent": {
                    "category": "undetected",
                    "engine_name": "Tencent",
                    "engine_version": "1.0.0.1",
                    "result": null,
                    "method": "blacklist",
                    "engine_update": "20220124"
                },
                "Ad-Aware": {
                    "category": "undetected",
                    "engine_name": "Ad-Aware",
                    "engine_version": "3.0.21.193",
                    "result": null,
                    "method": "blacklist",
                    "engine_update": "20220124"
                },
                "Emsisoft": {
                    "category": "undetected",
                    "engine_name": "Emsisoft",
                    "engine_version": "2021.5.0.7597",
                    "result": null,
                    "method": "blacklist",
                    "engine_update": "20220124"
                },
                "Comodo": {
                    "category": "malicious",
                    "engine_name": "Comodo",
                    "engine_version": "34291",
                    "result": "Malware@#3c8sqmq3cfr8t",
                    "method": "blacklist",
                    "engine_update": "20220124"
                },
                "F-Secure": {
                    "category": "undetected",
                    "engine_name": "F-Secure",
                    "engine_version": "12.0.86.52",
                    "result": null,
                    "method": "blacklist",
                    "engine_update": "20220124"
                },
                "Baidu": {
                    "category": "undetected",
                    "engine_name": "Baidu",
                    "engine_version": "1.0.0.2",
                    "result": null,
                    "method": "blacklist",
                    "engine_update": "20190318"
                },
                "VIPRE": {
                    "category": "undetected",
                    "engine_name": "VIPRE",
                    "engine_version": "98492",
                    "result": null,
                    "method": "blacklist",
                    "engine_update": "20220119"
                },
                "TrendMicro": {
                    "category": "undetected",
                    "engine_name": "TrendMicro",
                    "engine_version": "11.0.0.1006",
                    "result": null,
                    "method": "blacklist",
                    "engine_update": "20220124"
                },
                "McAfee-GW-Edition": {
                    "category": "undetected",
                    "engine_name": "McAfee-GW-Edition",
                    "engine_version": "v2019.1.2+3728",
                    "result": null,
                    "method": "blacklist",
                    "engine_update": "20220124"
                },
                "SentinelOne": {
                    "category": "type-unsupported",
                    "engine_name": "SentinelOne",
                    "engine_version": "7.0.0.7",
                    "result": null,
                    "method": "blacklist",
                    "engine_update": "20211129"
                },
                "CMC": {
                    "category": "undetected",
                    "engine_name": "CMC",
                    "engine_version": "2.10.2019.1",
                    "result": null,
                    "method": "blacklist",
                    "engine_update": "20211026"
                },
                "Sophos": {
                    "category": "undetected",
                    "engine_name": "Sophos",
                    "engine_version": "1.4.1.0",
                    "result": null,
                    "method": "blacklist",
                    "engine_update": "20220124"
                },
                "Paloalto": {
                    "category": "type-unsupported",
                    "engine_name": "Paloalto",
                    "engine_version": "1.0",
                    "result": null,
                    "method": "blacklist",
                    "engine_update": "20220124"
                },
                "Avast-Mobile": {
                    "category": "malicious",
                    "engine_name": "Avast-Mobile",
                    "engine_version": "220124-00",
                    "result": "APK:RepMetagen [Trj]",
                    "method": "blacklist",
                    "engine_update": "20220124"
                },
                "Jiangmin": {
                    "category": "undetected",
                    "engine_name": "Jiangmin",
                    "engine_version": "16.0.100",
                    "result": null,
                    "method": "blacklist",
                    "engine_update": "20220123"
                },
                "Webroot": {
                    "category": "type-unsupported",
                    "engine_name": "Webroot",
                    "engine_version": "1.0.0.403",
                    "result": null,
                    "method": "blacklist",
                    "engine_update": "20220124"
                },
                "Avira": {
                    "category": "malicious",
                    "engine_name": "Avira",
                    "engine_version": "8.3.3.12",
                    "result": "ANDROID/Agent.FIIY.Gen",
                    "method": "blacklist",
                    "engine_update": "20220124"
                },
                "eGambit": {
                    "category": "type-unsupported",
                    "engine_name": "eGambit",
                    "engine_version": null,
                    "result": null,
                    "method": "blacklist",
                    "engine_update": "20220124"
                },
                "Antiy-AVL": {
                    "category": "undetected",
                    "engine_name": "Antiy-AVL",
                    "engine_version": "3.0.0.1",
                    "result": null,
                    "method": "blacklist",
                    "engine_update": "20220124"
                },
                "Kingsoft": {
                    "category": "undetected",
                    "engine_name": "Kingsoft",
                    "engine_version": "2017.9.26.565",
                    "result": null,
                    "method": "blacklist",
                    "engine_update": "20220124"
                },
                "Microsoft": {
                    "category": "undetected",
                    "engine_name": "Microsoft",
                    "engine_version": "1.1.18800.4",
                    "result": null,
                    "method": "blacklist",
                    "engine_update": "20220124"
                },
                "Gridinsoft": {
                    "category": "undetected",
                    "engine_name": "Gridinsoft",
                    "engine_version": "1.0.70.172",
                    "result": null,
                    "method": "blacklist",
                    "engine_update": "20220124"
                },
                "Arcabit": {
                    "category": "undetected",
                    "engine_name": "Arcabit",
                    "engine_version": "1.0.0.889",
                    "result": null,
                    "method": "blacklist",
                    "engine_update": "20220124"
                },
                "ViRobot": {
                    "category": "undetected",
                    "engine_name": "ViRobot",
                    "engine_version": "2014.3.20.0",
                    "result": null,
                    "method": "blacklist",
                    "engine_update": "20220124"
                },
                "GData": {
                    "category": "undetected",
                    "engine_name": "GData",
                    "engine_version": "A:25.32132B:27.25983",
                    "result": null,
                    "method": "blacklist",
                    "engine_update": "20220124"
                },
                "TACHYON": {
                    "category": "undetected",
                    "engine_name": "TACHYON",
                    "engine_version": "2022-01-24.02",
                    "result": null,
                    "method": "blacklist",
                    "engine_update": "20220124"
                },
                "BitDefenderFalx": {
                    "category": "undetected",
                    "engine_name": "BitDefenderFalx",
                    "engine_version": "2.0.936",
                    "result": null,
                    "method": "blacklist",
                    "engine_update": "20220103"
                },
                "AhnLab-V3": {
                    "category": "undetected",
                    "engine_name": "AhnLab-V3",
                    "engine_version": "3.21.2.10258",
                    "result": null,
                    "method": "blacklist",
                    "engine_update": "20220124"
                },
                "Acronis": {
                    "category": "type-unsupported",
                    "engine_name": "Acronis",
                    "engine_version": "1.1.1.82",
                    "result": null,
                    "method": "blacklist",
                    "engine_update": "20210512"
                },
                "VBA32": {
                    "category": "undetected",
                    "engine_name": "VBA32",
                    "engine_version": "5.0.0",
                    "result": null,
                    "method": "blacklist",
                    "engine_update": "20220124"
                },
                "ALYac": {
                    "category": "undetected",
                    "engine_name": "ALYac",
                    "engine_version": "1.1.3.1",
                    "result": null,
                    "method": "blacklist",
                    "engine_update": "20220124"
                },
                "MAX": {
                    "category": "undetected",
                    "engine_name": "MAX",
                    "engine_version": "2019.9.16.1",
                    "result": null,
                    "method": "blacklist",
                    "engine_update": "20220124"
                },
                "Cylance": {
                    "category": "type-unsupported",
                    "engine_name": "Cylance",
                    "engine_version": "2.3.1.101",
                    "result": null,
                    "method": "blacklist",
                    "engine_update": "20220124"
                },
                "Zoner": {
                    "category": "undetected",
                    "engine_name": "Zoner",
                    "engine_version": "2.2.2.0",
                    "result": null,
                    "method": "blacklist",
                    "engine_update": "20220123"
                },
                "Rising": {
                    "category": "undetected",
                    "engine_name": "Rising",
                    "engine_version": "25.0.0.27",
                    "result": null,
                    "method": "blacklist",
                    "engine_update": "20220124"
                },
                "Yandex": {
                    "category": "undetected",
                    "engine_name": "Yandex",
                    "engine_version": "5.5.2.24",
                    "result": null,
                    "method": "blacklist",
                    "engine_update": "20220124"
                },
                "Ikarus": {
                    "category": "malicious",
                    "engine_name": "Ikarus",
                    "engine_version": "0.1.5.2",
                    "result": "PUA.AndroidOS.Apptrack",
                    "method": "blacklist",
                    "engine_update": "20220124"
                },
                "MaxSecure": {
                    "category": "malicious",
                    "engine_name": "MaxSecure",
                    "engine_version": "1.0.0.1",
                    "result": "Virus.Monitor.AndroidOS.Agent.byft5",
                    "method": "blacklist",
                    "engine_update": "20220124"
                },
                "Fortinet": {
                    "category": "malicious",
                    "engine_name": "Fortinet",
                    "engine_version": "6.2.142.0",
                    "result": "Adware/Apptrack!Android",
                    "method": "blacklist",
                    "engine_update": "20220124"
                },
                "Cybereason": {
                    "category": "timeout",
                    "engine_name": "Cybereason",
                    "engine_version": null,
                    "result": null,
                    "method": "blacklist",
                    "engine_update": "20210330"
                },
                "Panda": {
                    "category": "undetected",
                    "engine_name": "Panda",
                    "engine_version": "4.6.4.2",
                    "result": null,
                    "method": "blacklist",
                    "engine_update": "20220124"
                },
                "CrowdStrike": {
                    "category": "type-unsupported",
                    "engine_name": "CrowdStrike",
                    "engine_version": "1.0",
                    "result": null,
                    "method": "blacklist",
                    "engine_update": "20210907"
                }
            },
            "sha256": "00018f3a78fe5e38cbf83044b64b116c4e536620c4c48787520335feed5cf663",
            "type_extension": "apk",
            "tags": [
                "apk",
                "android",
                "runtime-modules",
                "reflection",
                "telephony"
            ],
            "last_analysis_date": 1643049318,
            "unique_sources": 8,
            "first_submission_date": 1448988084,
            "sha1": "21d96b2f3a9fc0aaf6ef57d4cb604bd4c69cd3a4",
            "ssdeep": "393216:nKZmUCEloIeyq2GLINGI/z9nRSkZQcmTW80OTpdPj8A9vRAojYkCz7xK:exoFgphz9nRSkAjldPjp5RjOz7xK",
            "bundle_info": {
                "highest_datetime": "2015-10-29 18:12:06",
                "lowest_datetime": "2015-10-29 18:09:56",
                "num_children": 4135,
                "extensions": {
                    "xml": 151,
                    "htm": 2,
                    "jpg": 1,
                    "pfx": 1,
                    "txt": 1,
                    "ttf": 1,
                    "png": 810
                },
                "file_types": {
                    "XML": 151,
                    "unknown": 34,
                    "JPG": 1,
                    "JSON": 2,
                    "HTML": 2,
                    "PNG": 810
                },
                "type": "APK",
                "uncompressed_size": 2699109
            },
            "packers": {
                "F-PROT": "UTF-8"
            },
            "md5": "b24448c3d25f98f889b96de5c47b1932",
            "androguard": {
                "VTAndroidInfo": 2.0,
                "AndroidApplicationError": false,
                "MinSdkVersion": "14",
                "AndroguardVersion": "3.4.0a1",
                "Activities": [
                    "com.yiche.autoeasy.ADActivity",
                    "com.yiche.autoeasy.MainActivity",
                    "com.yiche.autoeasy.CreditActivity",
                    "com.yiche.autoeasy.commonview.ListsActivity",
                    "com.yiche.autoeasy.module.user.UserMessageFragmentActivity",
                    "com.yiche.autoeasy.module.user.UserCertificationActivity",
                    "com.yiche.autoeasy.module.user.UserInfoActivity",
                    "com.yiche.autoeasy.module.user.UserUpdateHeadImgActivity",
                    "com.yiche.autoeasy.module.user.UserHeadImgClipActivity",
                    "com.yiche.autoeasy.module.user.OrderPhotoChoseCameraActivity",
                    "com.yiche.autoeasy.module.user.UserFragmentActivity",
                    "com.yiche.autoeasy.module.user.InviteFriendActivity",
                    "com.yiche.autoeasy.module.user.BindPhoneActivity",
                    "com.yiche.autoeasy.module.user.SettingActivity",
                    "com.yiche.autoeasy.module.user.UsernameModifyActivity",
                    "com.yiche.autoeasy.module.user.OriderActivity",
                    "com.yiche.autoeasy.module.user.PattnerAcivity",
                    "com.yiche.autoeasy.module.user.ToolsActivity",
                    "com.yiche.autoeasy.module.user.UserMessageListFragmentActivity",
                    "com.yiche.autoeasy.module.user.PersonalCenterActivity",
                    "com.yiche.autoeasy.module.user.UserFeedBackAboutActivity",
                    "com.yiche.autoeasy.module.user.TaskActivity",
                    "com.yiche.autoeasy.module.user.ColorEggActivity",
                    "com.yiche.autoeasy.module.user.MallActivity",
                    "com.yiche.autoeasy.module.cartype.SelectCarTabFragmentActivity",
                    "com.yiche.autoeasy.module.cartype.SelectCarResultActivity",
                    "com.yiche.autoeasy.module.cartype.CarCompareActivity",
                    "com.yiche.autoeasy.module.cartype.SelectCarByBrandFragmentActivity",
                    "com.yiche.autoeasy.module.cartype.BrandVideoPlayerActivity",
                    "com.yiche.autoeasy.module.news.VideoViewPlayingActivity",
                    "com.yiche.autoeasy.module.cartype.BrandYoukuPlayerActivity",
                    "com.yiche.autoeasy.module.cartype.AskPriceActivity",
                    "com.yiche.autoeasy.module.cartype.ReplacementActivity",
                    "com.yiche.autoeasy.module.cartype.loan.LoanUpdateUserActivity",
                    "com.yiche.autoeasy.module.cartype.loan.LoanActivity",
                    "com.yiche.autoeasy.module.cartype.PromotionActivity",
                    "com.yiche.autoeasy.module.cartype.OrderDriveActivity",
                    "com.yiche.autoeasy.module.cartype.CarDetailActivity",
                    "com.yiche.autoeasy.module.cartype.DealerHomePageActivity",
                    "com.yiche.autoeasy.module.cartype.DealerWebsiteActivity",
                    "com.yiche.autoeasy.module.cartype.CarDealerNewActivity",
                    "com.yiche.autoeasy.module.cartype.ProvinceActivity",
                    "com.yiche.autoeasy.module.cartype.SearchActivity",
                    "com.yiche.autoeasy.module.cartype.ReputationDetailModifyActivity",
                    "com.yiche.autoeasy.module.cartype.ReputationReportActivity",
                    "com.yiche.autoeasy.module.cartype.LookMapNewActivity",
                    "com.yiche.autoeasy.module.cartype.ReputationContentedActivity",
                    "com.yiche.autoeasy.module.cartype.MobileNetActivity",
                    "com.yiche.autoeasy.module.cartype.MobileSiteActivity",
                    "com.yiche.autoeasy.module.cartype.BrandActivity",
                    "com.yiche.autoeasy.module.cartype.PhotoDetailActivity",
                    "com.yiche.autoeasy.module.cartype.NearDealerLBSFragmentNewActivity",
                    "com.yiche.autoeasy.module.cartype.NearDealerAdvisorActivity",
                    "com.yiche.autoeasy.module.news.NewsVideoActivity",
                    "com.yiche.autoeasy.module.cartype.ShowAllPictureActivity",
                    "com.yiche.autoeasy.module.cartype.PhotoListActivity",
                    "com.yiche.autoeasy.module.cartype.PhotoCarIdFilterActivity",
                    "com.yiche.autoeasy.module.cartype.FuelConsumptionActivity",
                    "com.yiche.autoeasy.module.cartype.PhotoDetialBBSActivity",
                    "com.yiche.autoeasy.module.cartype.CarCarCalculatorFragmentActivity",
                    "com.yiche.autoeasy.module.cartype.BrandOnlyTypeFragmentActivity",
                    "com.yiche.autoeasy.module.cartype.CarCompareResultActivity",
                    "com.yiche.autoeasy.module.cartype.QuickSelectCarActivity",
                    "com.yiche.autoeasy.module.cartype.BrandSecondHandActivity",
                    "com.yiche.autoeasy.module.cartype.SecondHandCarIdFilterActivity",
                    "com.yiche.autoeasy.module.cartype.SecondHandCarDetailAcitivity",
                    "com.yiche.autoeasy.module.cartype.SecondHandCarBusinessAcitivity",
                    "com.yiche.autoeasy.module.partner.PartnerDealerDetailActivity",
                    "com.yiche.autoeasy.module.partner.PartnerReservationActivity",
                    "com.yiche.autoeasy.module.partner.PartnerReservationListActivity",
                    "com.yiche.autoeasy.module.news.AlbumBigPicActivity",
                    "com.yiche.autoeasy.module.news.BigPicActivity",
                    "com.yiche.autoeasy.module.cartype.CarStoryActivity",
                    "com.yiche.autoeasy.module.cartype.ServiceEvaluationActivity",
                    "com.yiche.autoeasy.module.partner.PartnerConsultSessionActivity",
                    "com.yiche.autoeasy.module.partner.ConsultantListActivity",
                    "com.yiche.autoeasy.zxing.activity.CaptureActivity",
                    "com.yiche.autoeasy.zxing.activity.CaptureResultActivity",
                    "com.yiche.autoeasy.module.news.HeadLineNewsDetailActivity",
                    "com.yiche.autoeasy.module.news.HeadNewsCommentActivity",
                    "com.yiche.autoeasy.module.news.VedioHeadNewsCommentActivity",
                    "com.yiche.autoeasy.module.news.GeneralCommentActivity",
                    "com.yiche.autoeasy.module.news.VideoDetailActivity",
                    "com.yiche.autoeasy.module.news.GeneralDetailActivity",
                    "com.yiche.autoeasy.module.news.WeMediaDetailActivity",
                    "com.yiche.autoeasy.module.news.NewsCommentActivity",
                    "com.yiche.autoeasy.module.news.WeMediaCommentActivity",
                    "com.yiche.autoeasy.module.news.VideoCommentActivity",
                    "com.yiche.autoeasy.module.news.NewsImagesActivity",
                    "com.yiche.autoeasy.module.price.ConcreDealerMapNewActivity",
                    "com.yiche.autoeasy.module.price.PromotionRankDetailActivity",
                    "com.yiche.autoeasy.module.cheyou.CheyouPublishActivity",
                    "com.yiche.autoeasy.module.cheyou.CheyouRecommendSettingActivity",
                    "com.yiche.autoeasy.module.cheyou.CheyouPublishTopicActivity",
                    "com.yiche.autoeasy.module.cheyou.CheyouPublishGalleryActivity",
                    "com.yiche.autoeasy.module.cheyou.CheyouDetialActivity",
                    "com.yiche.autoeasy.module.cheyou.CheyouForumHomeActivity",
                    "com.yiche.autoeasy.module.cheyou.TopicAgreeListActivity",
                    "com.yiche.autoeasy.module.cheyou.TopicListActivity",
                    "com.yiche.autoeasy.module.cheyou.HotTopicListActivity"
                ],
                "certificate": {
                    "Subject": {
                        "DN": "CN:bitauto",
                        "CN": "bitauto"
                    },
                    "validto": "2037-06-02 03:25:46",
                    "serialnumber": "4fd170ba",
                    "thumbprint": "17e3606e72da68d9731496f1ff3d44e2e4cdf690",
                    "validfrom": "2012-06-08 03:25:46",
                    "Issuer": {
                        "DN": "CN:bitauto",
                        "CN": "bitauto"
                    }
                },
                "AndroidApplication": 1,
                "RiskIndicator": {
                    "PERM": {
                        "DEVELOPMENT": 1,
                        "NORMAL": 12,
                        "DANGEROUS": 9,
                        "PRIVACY": 9,
                        "SMS": 3,
                        "SYSTEM": 2,
                        "MONEY": 1,
                        "SIGNATURE": 2,
                        "INTERNET": 1,
                        "GPS": 3
                    }
                },
                "Services": [
                    "com.easemob.chat.EMChatService",
                    "com.umeng.update.net.DownloadingService",
                    "com.yiche.autoeasy.service.DownLoadService",
                    "com.umeng.message.UmengService",
                    "com.umeng.message.UmengIntentService",
                    "com.umeng.message.UmengMessageIntentReceiverService",
                    "com.umeng.message.UmengMessageCallbackHandlerService",
                    "com.umeng.message.UmengDownloadResourceService",
                    "com.baidu.location.f",
                    "com.xiaomi.push.service.XMPushService",
                    "com.xiaomi.mipush.sdk.PushMessageHandler",
                    "com.xiaomi.mipush.sdk.MessageHandleService"
                ],
                "AndroidVersionCode": "35",
                "main_activity": "com.yiche.autoeasy.ADActivity",
                "Package": "com.yiche.autoeasy",
                "intent_filters": {
                    "Services": {
                        "com.umeng.message.UmengMessageCallbackHandlerService": {
                            "action": [
                                "com.umeng.messge.registercallback.action",
                                "com.umeng.message.unregistercallback.action",
                                "com.umeng.message.message.handler.action",
                                "com.umeng.message.autoupdate.handler.action"
                            ]
                        },
                        "com.umeng.message.UmengMessageIntentReceiverService": {
                            "action": [
                                "org.android.agoo.client.MessageReceiverService",
                                "org.android.agoo.client.ElectionReceiverService"
                            ]
                        },
                        "com.umeng.message.UmengService": {
                            "action": [
                                "com.yiche.autoeasy.intent.action.START",
                                "com.yiche.autoeasy.intent.action.COCKROACH",
                                "org.agoo.android.intent.action.PING_V4"
                            ],
                            "category": [
                                "umeng"
                            ]
                        }
                    },
                    "Activities": {
                        "com.yiche.autoeasy.module.cartype.CarCarCalculatorFragmentActivity": {
                            "action": [
                                "android.intent.action.VIEW"
                            ],
                            "category": [
                                "android.intent.category.DEFAULT",
                                "android.intent.category.BROWSABLE"
                            ]
                        },
                        "com.tencent.tauth.AuthActivity": {
                            "action": [
                                "android.intent.action.VIEW"
                            ],
                            "category": [
                                "android.intent.category.DEFAULT",
                                "android.intent.category.BROWSABLE"
                            ]
                        },
                        "com.yiche.autoeasy.module.cheyou.HotTopicListActivity": {
                            "action": [
                                "android.intent.action.VIEW"
                            ],
                            "category": [
                                "android.intent.category.DEFAULT",
                                "android.intent.category.BROWSABLE"
                            ]
                        },
                        "com.yiche.autoeasy.module.cheyou.TopicListActivity": {
                            "action": [
                                "android.intent.action.VIEW"
                            ],
                            "category": [
                                "android.intent.category.DEFAULT",
                                "android.intent.category.BROWSABLE"
                            ]
                        },
                        "com.yiche.autoeasy.module.news.WemediaPersonalHomepageActivity": {
                            "action": [
                                "android.intent.action.VIEW"
                            ],
                            "category": [
                                "android.intent.category.DEFAULT",
                                "android.intent.category.BROWSABLE"
                            ]
                        },
                        "com.yiche.autoeasy.MainActivity": {
                            "action": [
                                "android.intent.action.VIEW"
                            ],
                            "category": [
                                "android.intent.category.DEFAULT",
                                "android.intent.category.BROWSABLE"
                            ]
                        },
                        "com.yiche.autoeasy.module.user.BindPhoneActivity": {
                            "action": [
                                "android.intent.action.VIEW"
                            ],
                            "category": [
                                "android.intent.category.DEFAULT",
                                "android.intent.category.BROWSABLE"
                            ]
                        },
                        "com.yiche.autoeasy.module.cartype.CarCompareActivity": {
                            "action": [
                                "android.intent.action.VIEW"
                            ],
                            "category": [
                                "android.intent.category.DEFAULT",
                                "android.intent.category.BROWSABLE"
                            ]
                        },
                        "com.yiche.autoeasy.module.cheyou.CheyouPublishActivity": {
                            "action": [
                                "android.intent.action.VIEW"
                            ],
                            "category": [
                                "android.intent.category.DEFAULT",
                                "android.intent.category.BROWSABLE"
                            ]
                        },
                        "com.yiche.autoeasy.module.user.UserInfoActivity": {
                            "action": [
                                "android.intent.action.VIEW"
                            ],
                            "category": [
                                "android.intent.category.DEFAULT",
                                "android.intent.category.BROWSABLE"
                            ]
                        },
                        "com.yiche.autoeasy.module.news.WeMediaDetailActivity": {
                            "action": [
                                "android.intent.action.VIEW"
                            ],
                            "category": [
                                "android.intent.category.DEFAULT",
                                "android.intent.category.BROWSABLE"
                            ]
                        },
                        "com.yiche.autoeasy.module.news.VideoDetailActivity": {
                            "action": [
                                "android.intent.action.VIEW"
                            ],
                            "category": [
                                "android.intent.category.DEFAULT",
                                "android.intent.category.BROWSABLE"
                            ]
                        },
                        "com.yiche.autoeasy.module.cheyou.CheyouSuppleListActivity": {
                            "action": [
                                "android.intent.action.VIEW"
                            ],
                            "category": [
                                "android.intent.category.DEFAULT",
                                "android.intent.category.BROWSABLE"
                            ]
                        },
                        "com.yiche.autoeasy.module.cheyou.CheyouForumHomeActivity": {
                            "action": [
                                "android.intent.action.VIEW"
                            ],
                            "category": [
                                "android.intent.category.DEFAULT",
                                "android.intent.category.BROWSABLE"
                            ]
                        },
                        "com.yiche.autoeasy.module.news.VideoViewPlayingActivity": {
                            "action": [
                                "android.intent.action.VIEW"
                            ],
                            "category": [
                                "android.intent.category.DEFAULT",
                                "android.intent.category.BROWSABLE"
                            ]
                        },
                        "com.yiche.autoeasy.module.cartype.BrandActivity": {
                            "action": [
                                "android.intent.action.VIEW"
                            ],
                            "category": [
                                "android.intent.category.BROWSABLE",
                                "android.intent.category.DEFAULT"
                            ]
                        },
                        "com.yiche.autoeasy.module.news.GeneralCommentActivity": {
                            "action": [
                                "android.intent.action.VIEW"
                            ],
                            "category": [
                                "android.intent.category.DEFAULT",
                                "android.intent.category.BROWSABLE"
                            ]
                        },
                        "com.yiche.autoeasy.ADActivity": {
                            "action": [
                                "android.intent.action.MAIN"
                            ],
                            "category": [
                                "android.intent.category.LAUNCHER"
                            ]
                        },
                        "com.yiche.autoeasy.module.news.AlbumBigPicActivity": {
                            "action": [
                                "android.intent.action.VIEW"
                            ],
                            "category": [
                                "android.intent.category.DEFAULT",
                                "android.intent.category.BROWSABLE"
                            ]
                        },
                        "com.yiche.autoeasy.module.news.HeadNewsCommentActivity": {
                            "action": [
                                "android.intent.action.VIEW"
                            ],
                            "category": [
                                "android.intent.category.DEFAULT",
                                "android.intent.category.BROWSABLE"
                            ]
                        },
                        "com.yiche.autoeasy.module.cheyou.CommunityActivity": {
                            "action": [
                                "android.intent.action.VIEW"
                            ],
                            "category": [
                                "android.intent.category.DEFAULT",
                                "android.intent.category.BROWSABLE"
                            ]
                        },
                        "com.yiche.autoeasy.module.cartype.MobileSiteActivity": {
                            "action": [
                                "android.intent.action.VIEW"
                            ],
                            "category": [
                                "android.intent.category.DEFAULT",
                                "android.intent.category.BROWSABLE"
                            ]
                        },
                        "com.yiche.autoeasy.module.cheyou.CheyouPublishGalleryActivity": {
                            "action": [
                                "android.intent.action.VIEW"
                            ],
                            "category": [
                                "android.intent.category.DEFAULT",
                                "android.intent.category.BROWSABLE"
                            ]
                        },
                        "com.yiche.autoeasy.module.news.SpecialTopicActivity": {
                            "action": [
                                "android.intent.action.VIEW"
                            ],
                            "category": [
                                "android.intent.category.DEFAULT",
                                "android.intent.category.BROWSABLE"
                            ]
                        },
                        "com.yiche.autoeasy.module.cheyou.CheyouDetialActivity": {
                            "action": [
                                "android.intent.action.VIEW"
                            ],
                            "category": [
                                "android.intent.category.DEFAULT",
                                "android.intent.category.BROWSABLE"
                            ]
                        },
                        "com.yiche.autoeasy.module.user.InviteFriendActivity": {
                            "action": [
                                "android.intent.action.VIEW"
                            ],
                            "category": [
                                "android.intent.category.DEFAULT",
                                "android.intent.category.BROWSABLE"
                            ]
                        },
                        "com.yiche.autoeasy.module.news.GeneralDetailActivity": {
                            "action": [
                                "android.intent.action.VIEW"
                            ],
                            "category": [
                                "android.intent.category.DEFAULT",
                                "android.intent.category.BROWSABLE"
                            ]
                        },
                        "com.yiche.autoeasy.module.news.HeadLineNewsDetailActivity": {
                            "action": [
                                "android.intent.action.VIEW"
                            ],
                            "category": [
                                "android.intent.category.DEFAULT",
                                "android.intent.category.BROWSABLE"
                            ]
                        }
                    },
                    "Receivers": {
                        "com.xiaomi.push.service.receivers.NetworkStatusReceiver": {
                            "action": [
                                "android.net.conn.CONNECTIVITY_CHANGE"
                            ],
                            "category": [
                                "android.intent.category.DEFAULT"
                            ]
                        },
                        "com.xiaomi.push.service.receivers.PingReceiver": {
                            "action": [
                                "com.xiaomi.push.PING_TIMER"
                            ]
                        },
                        "com.umeng.message.SystemReceiver": {
                            "action": [
                                "android.intent.action.BOOT_COMPLETED",
                                "android.net.conn.CONNECTIVITY_CHANGE",
                                "android.intent.action.PACKAGE_REMOVED"
                            ]
                        },
                        "com.umeng.message.RegistrationReceiver": {
                            "action": [
                                "com.yiche.autoeasy.intent.action.COMMAND"
                            ]
                        },
                        "com.umeng.message.MessageReceiver": {
                            "action": [
                                "org.agoo.android.intent.action.RECEIVE"
                            ]
                        },
                        "com.yiche.autoeasy.push.mipush.MiPushMessageReceiver": {
                            "action": [
                                "com.xiaomi.mipush.RECEIVE_MESSAGE",
                                "com.xiaomi.mipush.MESSAGE_ARRIVED",
                                "com.xiaomi.mipush.ERROR"
                            ]
                        },
                        "com.umeng.message.UmengMessageBootReceiver": {
                            "action": [
                                "android.intent.action.BOOT_COMPLETED"
                            ]
                        },
                        "com.yiche.autoeasy.service.NetworkChangeReceiver": {
                            "action": [
                                "android.net.conn.CONNECTIVITY_CHANGE"
                            ]
                        },
                        "com.yiche.autoeasy.service.DownloadCompleteReceiver": {
                            "action": [
                                "android.intent.action.DOWNLOAD_COMPLETE"
                            ]
                        },
                        "com.umeng.message.ElectionReceiver": {
                            "action": [
                                "org.agoo.android.intent.action.ELECTION_RESULT_V4"
                            ],
                            "category": [
                                "umeng"
                            ]
                        }
                    }
                },
                "AndroidVersionName": "6.5",
                "TargetSdkVersion": "20",
                "AndroidApplicationInfo": "APK",
                "permission_details": {
                    "android.permission.CHANGE_NETWORK_STATE": {
                        "short_description": "change network connectivity",
                        "full_description": "Allows the app to change the state of network connectivity.",
                        "permission_type": "normal"
                    },
                    "android.permission.DISABLE_KEYGUARD": {
                        "short_description": "disable your screen lock",
                        "full_description": "Allows the app to disable the\n      keylock and any associated password security.  For example, the phone\n      disables the keylock when receiving an incoming phone call, then\n      re-enables the keylock when the call is finished.",
                        "permission_type": "dangerous"
                    },
                    "android.permission.USE_CREDENTIALS": {
                        "short_description": "use accounts on the device",
                        "full_description": "Allows the app to request authentication tokens.",
                        "permission_type": "dangerous"
                    },
                    "android.permission.READ_LOGS": {
                        "short_description": "read sensitive log data",
                        "full_description": "Allows the app to read from the\n        system's various log files.  This allows it to discover general\n        information about what you are doing with the phone, potentially\n        including personal or private information.",
                        "permission_type": "signature|system|development"
                    },
                    "android.permission.ACCESS_COARSE_LOCATION": {
                        "short_description": "approximate location\n      (network-based)",
                        "full_description": "Allows the app to get your\n      approximate location. This location is derived by location services using\n      network location sources such as cell towers and Wi-Fi. These location\n      services must be turned on and available to your device for the app to\n      use them. Apps may use this to determine approximately where you\n      are.",
                        "permission_type": "dangerous"
                    },
                    "android.permission.BLUETOOTH": {
                        "short_description": "pair with Bluetooth devices",
                        "full_description": "Allows the app to view the\n      configuration of the Bluetooth on the phone, and to make and accept\n      connections with paired devices.",
                        "permission_type": "dangerous"
                    },
                    "android.permission.ACCESS_WIFI_STATE": {
                        "short_description": "view Wi-Fi connections",
                        "full_description": "Allows the app to view information\n      about Wi-Fi networking, such as whether Wi-Fi is enabled and name of\n      connected Wi-Fi devices.",
                        "permission_type": "normal"
                    },
                    "android.permission.INTERNET": {
                        "short_description": "full network access",
                        "full_description": "Allows the app to create\n     network sockets and use custom network protocols. The browser and other\n     applications provide means to send data to the internet, so this\n     permission is not required to send data to the internet.",
                        "permission_type": "dangerous"
                    },
                    "android.permission.ACCESS_FINE_LOCATION": {
                        "short_description": "precise location (GPS and\n      network-based)",
                        "full_description": "Allows the app to get your\n      precise location using the Global Positioning System (GPS) or network\n      location sources such as cell towers and Wi-Fi. These location services\n      must be turned on and available to your device for the app to use them.\n      Apps may use this to determine where you are, and may consume additional\n      battery power.",
                        "permission_type": "dangerous"
                    },
                    "android.permission.SEND_SMS": {
                        "short_description": "send SMS messages",
                        "full_description": "Allows the app to send SMS messages.\n     This may result in unexpected charges. Malicious apps may cost you money by\n     sending messages without your confirmation.",
                        "permission_type": "dangerous"
                    },
                    "android.permission.REORDER_TASKS": {
                        "short_description": "reorder running apps",
                        "full_description": "Allows the app to move tasks to the\n      foreground and background.  The app may do this without your input.",
                        "permission_type": "normal"
                    },
                    "com.yiche.autoeasy.permission.MIPUSH_RECEIVE": {
                        "short_description": "Unknown permission from android reference",
                        "full_description": "Unknown permission from android reference",
                        "permission_type": "normal"
                    },
                    "android.permission.ACCESS_NETWORK_STATE": {
                        "short_description": "view network connections",
                        "full_description": "Allows the app to view\n      information about network connections such as which networks exist and are\n      connected.",
                        "permission_type": "normal"
                    },
                    "android.permission.GET_TASKS": {
                        "short_description": "retrieve running apps",
                        "full_description": "Allows the app to retrieve information\n       about currently and recently running tasks.  This may allow the app to\n       discover information about which applications are used on the device.",
                        "permission_type": "dangerous"
                    },
                    "android.permission.WRITE_EXTERNAL_STORAGE": {
                        "short_description": "modify or delete the contents of your SD card",
                        "full_description": "Allows the app to write to the SD card.",
                        "permission_type": "dangerous"
                    },
                    "android.permission.RECEIVE_SMS": {
                        "short_description": "receive text messages (SMS)",
                        "full_description": "Allows the app to receive and process SMS\n      messages. This means the app could monitor or delete messages sent to your\n      device without showing them to you.",
                        "permission_type": "dangerous"
                    },
                    "android.permission.MANAGE_ACCOUNTS": {
                        "short_description": "add or remove accounts",
                        "full_description": "Allows the app to\n    perform operations like adding and removing accounts, and deleting\n    their password.",
                        "permission_type": "dangerous"
                    },
                    "android.permission.READ_EXTERNAL_STORAGE": {
                        "short_description": "read the contents of your SD card",
                        "full_description": "Allows the app to read the contents of your SD card.",
                        "permission_type": "normal"
                    },
                    "android.permission.RECEIVE_BOOT_COMPLETED": {
                        "short_description": "run at startup",
                        "full_description": "Allows the app to\n        have itself started as soon as the system has finished booting.\n        This can make it take longer to start the phone and allow the\n        app to slow down the overall phone by always running.",
                        "permission_type": "normal"
                    },
                    "android.permission.AUTHENTICATE_ACCOUNTS": {
                        "short_description": "create accounts and set passwords",
                        "full_description": "Allows the app\n    to use the account authenticator capabilities of the\n    AccountManager, including creating accounts and getting and\n    setting their passwords.",
                        "permission_type": "dangerous"
                    },
                    "com.android.launcher.permission.READ_SETTINGS": {
                        "short_description": "Unknown permission from android reference",
                        "full_description": "Unknown permission from android reference",
                        "permission_type": "normal"
                    },
                    "android.permission.BROADCAST_STICKY": {
                        "short_description": "send sticky broadcast",
                        "full_description": "Allows the app to\n    send sticky broadcasts, which remain after the broadcast ends. Excessive\n    use may make the phone slow or unstable by causing it to use too\n    much memory.",
                        "permission_type": "normal"
                    },
                    "android.permission.CALL_PHONE": {
                        "short_description": "directly call phone numbers",
                        "full_description": "Allows the app to call phone numbers\n      without your intervention. This may result in unexpected charges or calls.\n      Note that this doesn't allow the app to call emergency numbers.\n      Malicious apps may cost you money by making calls without your\n      confirmation.",
                        "permission_type": "dangerous"
                    },
                    "android.permission.WRITE_SETTINGS": {
                        "short_description": "modify system settings",
                        "full_description": "Allows the app to modify the\n        system's settings data. Malicious apps may corrupt your system's\n        configuration.",
                        "permission_type": "normal"
                    },
                    "android.permission.FLASHLIGHT": {
                        "short_description": "control flashlight",
                        "full_description": "Allows the app to control the flashlight.",
                        "permission_type": "normal"
                    },
                    "android.permission.READ_PHONE_STATE": {
                        "short_description": "read phone status and identity",
                        "full_description": "Allows the app to access the phone\n      features of the device.  This permission allows the app to determine the\n      phone number and device IDs, whether a call is active, and the remote number\n      connected by a call.",
                        "permission_type": "dangerous"
                    },
                    "android.permission.MOUNT_UNMOUNT_FILESYSTEMS": {
                        "short_description": "access SD Card filesystem",
                        "full_description": "Allows the app to mount and\n        unmount filesystems for removable storage.",
                        "permission_type": "system|signature"
                    },
                    "android.permission.READ_SMS": {
                        "short_description": "read your text messages (SMS or MMS)",
                        "full_description": "Allows the app to read SMS\n      messages stored on your phone or SIM card. This allows the app to read all\n      SMS messages, regardless of content or confidentiality.",
                        "permission_type": "dangerous"
                    },
                    "android.permission.VIBRATE": {
                        "short_description": "control vibration",
                        "full_description": "Allows the app to control the vibrator.",
                        "permission_type": "normal"
                    },
                    "android.permission.SYSTEM_ALERT_WINDOW": {
                        "short_description": "draw over other apps",
                        "full_description": "Allows the app to draw on top of other\n        applications or parts of the user interface.  They may interfere with your\n        use of the interface in any application, or change what you think you are\n        seeing in other applications.",
                        "permission_type": "dangerous"
                    },
                    "android.permission.ACCESS_LOCATION_EXTRA_COMMANDS": {
                        "short_description": "access extra location provider commands",
                        "full_description": "Allows the app to access\n      extra location provider commands.  This may allow the app to to interfere\n      with the operation of the GPS or other location sources.",
                        "permission_type": "normal"
                    },
                    "android.permission.CAMERA": {
                        "short_description": "take pictures and videos",
                        "full_description": "Allows the app to take pictures and videos\n      with the camera.  This permission allows the app to use the camera at any\n      time without your confirmation.",
                        "permission_type": "dangerous"
                    },
                    "android.permission.WAKE_LOCK": {
                        "short_description": "prevent phone from sleeping",
                        "full_description": "Allows the app to prevent the phone from going to sleep.",
                        "permission_type": "normal"
                    },
                    "android.permission.ACCESS_DOWNLOAD_MANAGER": {
                        "short_description": "Unknown permission from android reference",
                        "full_description": "Unknown permission from android reference",
                        "permission_type": "normal"
                    },
                    "android.permission.CHANGE_WIFI_STATE": {
                        "short_description": "connect and disconnect from Wi-Fi",
                        "full_description": "Allows the app to connect to and\n      disconnect from Wi-Fi access points and to make changes to device\n      configuration for Wi-Fi networks.",
                        "permission_type": "dangerous"
                    },
                    "android.permission.RECORD_AUDIO": {
                        "short_description": "record audio",
                        "full_description": "Allows the app to record audio with the\n      microphone.  This permission allows the app to record audio at any time\n      without your confirmation.",
                        "permission_type": "dangerous"
                    },
                    "android.permission.MODIFY_AUDIO_SETTINGS": {
                        "short_description": "change your audio settings",
                        "full_description": "Allows the app to modify global audio settings such as volume and which speaker is used for output.",
                        "permission_type": "normal"
                    },
                    "android.permission.DOWNLOAD_WITHOUT_NOTIFICATION": {
                        "short_description": "Unknown permission from android reference",
                        "full_description": "Unknown permission from android reference",
                        "permission_type": "normal"
                    },
                    "android.permission.GET_ACCOUNTS": {
                        "short_description": "find accounts on the device",
                        "full_description": "Allows the app to get\n      the list of accounts known by the phone.  This may include any accounts\n      created by applications you have installed.",
                        "permission_type": "normal"
                    }
                },
                "Receivers": [
                    "com.umeng.message.NotificationProxyBroadcastReceiver",
                    "com.umeng.message.SystemReceiver",
                    "com.umeng.message.MessageReceiver",
                    "com.umeng.message.ElectionReceiver",
                    "com.umeng.message.RegistrationReceiver",
                    "com.umeng.message.UmengMessageBootReceiver",
                    "com.yiche.autoeasy.service.NetworkChangeReceiver",
                    "com.yiche.autoeasy.service.DownloadCompleteReceiver",
                    "com.yiche.autoeasy.push.mipush.MiPushMessageReceiver",
                    "com.xiaomi.push.service.receivers.NetworkStatusReceiver",
                    "com.xiaomi.push.service.receivers.PingReceiver"
                ],
                "StringsInformation": [
                    "http://%1$s/diagnoses/v1/report",
                    "http://%1$s/gslb/gslb/getbucket.asp?ver=3.0",
                    "http://%s:%d%s",
                    "http://%s:%d/%s/%s/%d/%s",
                    "http://10.237.12.17:9085/pass/register",
                    "http://100.69.165.28/agoo/report",
                    "http://100.69.168.33/agoo/report",
                    "http://192.168.15.37/sync/api.ashx",
                    "http://59.151.102.96/sugappforbbs.php",
                    "http://a.play.api.3g.youku.com",
                    "http://ad.api.3g.tudou.com",
                    "http://ad.api.3g.youku.com",
                    "http://adash.m.taobao.com/rest/abtest",
                    "http://adash.m.taobao.com/rest/gc",
                    "http://adash.m.taobao.com/rest/sur",
                    "http://agoodm.m.taobao.com/agoo/report",
                    "http://agoodm.wapa.taobao.com/agoo/report",
                    "http://api.3g.youku.com/layout/",
                    "http://api.3g.youku.com/openapi-wireless/",
                    "http://api.app.yiche.com/WebApi/reviewpost.ashx",
                    "http://api.app.yiche.com/WebApi/reviewpost.ashx?op=add&",
                    "http://api.app.yiche.com/dealer/api.ashx",
                    "http://api.app.yiche.com/sync/api.ashx",
                    "http://api.app.yiche.com/webapi/",
                    "http://api.app.yiche.com/webapi//carpick.ashx?",
                    "http://api.app.yiche.com/webapi/api.ashx",
                    "http://api.app.yiche.com/webapi/api.ashx/?",
                    "http://api.app.yiche.com/webapi/askbrand.ashx",
                    "http://api.app.yiche.com/webapi/asklist.ashx",
                    "http://api.app.yiche.com/webapi/askop.ashx",
                    "http://api.app.yiche.com/webapi/askuser.ashx",
                    "http://api.app.yiche.com/webapi/carpick.ashx?",
                    "http://api.app.yiche.com/webapi/carprice.ashx?carid=",
                    "http://api.app.yiche.com/webapi/dealernews.ashx",
                    "http://api.app.yiche.com/webapi/dealernews.ashx?categoryid=2&cityid=",
                    "http://api.app.yiche.com/webapi/dealernews.ashx?serialid=&dealerid=",
                    "http://api.app.yiche.com/webapi/dealerpromotionrank.ashx",
                    "http://api.app.yiche.com/webapi/forum.ashx",
                    "http://api.app.yiche.com/webapi/list.ashx",
                    "http://api.app.yiche.com/webapi/list.ashx?queryid=17",
                    "http://api.app.yiche.com/webapi/list.ashx?queryid=20&serialid=",
                    "http://api.app.yiche.com/webapi/list.ashx?queryid=25&type=1&pagesize=5&pageindex=1",
                    "http://api.app.yiche.com/webapi/list.ashx?queryid=30&dealerid=",
                    "http://api.app.yiche.com/webapi/list.ashx?queryid=34&masterid=",
                    "http://api.app.yiche.com/webapi/news2014.ashx",
                    "http://api.app.yiche.com/webapi/newscomment.ashx",
                    "http://api.app.yiche.com/webapi/newslist.ashx",
                    "http://api.app.yiche.com/webapi/param.ashx?carids=",
                    "http://api.app.yiche.com/webapi/param.ashx?key=group",
                    "http://api.app.yiche.com/webapi/photolistforcolor.ashx",
                    "http://api.app.yiche.com/webapi/piece.ashx",
                    "http://api.app.yiche.com/webapi/piece.ashx?",
                    "http://api.app.yiche.com/webapi/piece.ashx?name=hotbrandlist",
                    "http://api.app.yiche.com/webapi/piece.ashx?name=hotcar2013",
                    "http://api.app.yiche.com/webapi/piece.ashx?name=qcbjad",
                    "http://api.app.yiche.com/webapi/reviewtopic.ashx",
                    "http://api.app.yiche.com/webapi/user.ashx",
                    "http://api.app.yiche.com/webapi/userregister.ashx?op=forget",
                    "http://api.app.yiche.com/webapi/userregister.ashx?op=login",
                    "http://api.baa.bitauto.com/smilie.ashx",
                    "http://api.cheyisou.com/app/bsearchappbbs.ashx",
                    "http://api.hd.bitauto.com/baojia/",
                    "http://api.m.taobao.com/rest/api3.do",
                    "http://api.wapa.taobao.com/rest/api3.do",
                    "http://api.waptest.taobao.com/rest/api3.do",
                    "http://api.ycapp.yiche.com/",
                    "http://api.ycapp.yiche.com/Car/GetCarStylePropertys?",
                    "http://api.ycapp.yiche.com/Car/GetCarStylePropertys?carids=",
                    "http://api.ycapp.yiche.com/appnews/getnewscommentcount/",
                    "http://api.ycapp.yiche.com/ask/getquestiondetailoldformat/",
                    "http://api.ycapp.yiche.com/car/GetALLCarList",
                    "http://api.ycapp.yiche.com/car/GetCarListV61",
                    "http://api.ycapp.yiche.com/car/GetSerialInfoForUser",
                    "http://api.ycapp.yiche.com/car/getserialinfoforNew",
                    "http://api.ycapp.yiche.com/koubei/GetReport",
                    "http://api.ycapp.yiche.com/koubei/GetReviewImpression",
                    "http://api.ycapp.yiche.com/koubei/GetTopic",
                    "http://api.ycapp.yiche.com/koubei/GetTopic?unionKey=",
                    "http://api.ycapp.yiche.com/koubei/GetTopicList",
                    "http://api.ycapp.yiche.com/news/createcomment/",
                    "http://api.ycapp.yiche.com/news/getheadlinenewslist",
                    "http://api.ycapp.yiche.com/task/GetUserSignInAward",
                    "http://api.ycapp.yiche.com/task/GetUserSignInTask",
                    "http://api.ycapp.yiche.com/user/usersignin/",
                    "http://api.ycapp.yiche.com/yicheapp/getappads/?",
                    "http://apic.x.yiche.com",
                    "http://apoll.m.taobao.com",
                    "http://app.m.yiche.com/",
                    "http://app.yiche.com/userauth/login.aspx?token=",
                    "http://appsupport.qq.com/cgi-bin/appstage/mstats_batch_report",
                    "http://appsupport.qq.com/cgi-bin/qzapps/mapp_addapp.cgi",
                    "http://au.umeng.co/api/check_app_update",
                    "http://au.umeng.com/api/check_app_update",
                    "http://c.isdspeed.qq.com/code.cgi",
                    "http://car.m.yiche.com/",
                    "http://cgi.connect.qq.com/qqconnectopen/openapi/policy_conf",
                    "http://cgi.connect.qq.com/qqconnectutil/sdk",
                    "http://cgi.qplus.com/report/report",
                    "http://chedai.m.yiche.com/{0}/chedai/?cityId={2}&from=",
                    "http://cybertran.baidu.com"
                ]
            },
            "magic": "Zip archive data, at least v2.0 to extract",
            "last_analysis_stats": {
                "harmless": 0,
                "type-unsupported": 9,
                "suspicious": 0,
                "confirmed-timeout": 0,
                "timeout": 2,
                "failure": 1,
                "malicious": 11,
                "undetected": 49
            },
            "meaningful_name": "08302",
            "reputation": 0,
            "first_seen_itw_date": 1456622614
        },
        "type": "file",
        "id": "00018f3a78fe5e38cbf83044b64b116c4e536620c4c48787520335feed5cf663",
        "links": {
            "self": "https://www.virustotal.com/api/v3/files/00018f3a78fe5e38cbf83044b64b116c4e536620c4c48787520335feed5cf663"
        }
    }
}