{
    "data": {
        "attributes": {
            "type_description": "Android",
            "vhash": "952bb1cdb44995e3aba58d63b24a70c2",
            "trid": [
                {
                    "file_type": "Android Package",
                    "probability": 56.2
                },
                {
                    "file_type": "Java Archive",
                    "probability": 21.1
                },
                {
                    "file_type": "Sweet Home 3D design (generic)",
                    "probability": 15.3
                },
                {
                    "file_type": "ZIP compressed archive",
                    "probability": 5.8
                },
                {
                    "file_type": "PrintFox/Pagefox bitmap (var. P)",
                    "probability": 1.4
                }
            ],
            "names": [
                "D5BEC90C1736904A3385EA8CD5FAB99F"
            ],
            "last_modification_date": 1577396239,
            "type_tag": "android",
            "times_submitted": 1,
            "total_votes": {
                "harmless": 0,
                "malicious": 0
            },
            "size": 20110225,
            "type_extension": "apk",
            "last_submission_date": 1577360138,
            "reputation": 0,
            "sha256": "00013ef3090718f2cc43bc45bca71fbfd234d96d3f976021d19cb6169a4390b7",
            "tags": [
                "apk",
                "android",
                "contains-elf"
            ],
            "last_analysis_date": 1577360138,
            "unique_sources": 1,
            "first_submission_date": 1577360138,
            "sha1": "7067148e17f27c3583df5f63c6d5c2dc43442feb",
            "bundle_info": {
                "highest_datetime": "1980-00-00 00:00:00",
                "lowest_datetime": "1980-00-00 00:00:00",
                "num_children": 853,
                "extensions": {
                    "xml": 282,
                    "dex": 1,
                    "MF": 1,
                    "pro": 1,
                    "jar": 1,
                    "RSA": 1,
                    "jpg": 4,
                    "so": 1,
                    "psd": 1,
                    "SF": 1,
                    "png": 325,
                    "mp3": 25
                },
                "file_types": {
                    "XML": 282,
                    "DEX": 1,
                    "ZIP": 1,
                    "unknown": 214,
                    "ELF": 1,
                    "JPG": 4,
                    "HTML": 1,
                    "MP3": 24,
                    "PNG": 325
                },
                "type": "APK",
                "uncompressed_size": 35239936
            },
            "packers": {
                "F-PROT": "appended, UTF-8"
            },
            "md5": "d5bec90c1736904a3385ea8cd5fab99f",
            "androguard": {
                "VTAndroidInfo": 1.41,
                "Libraries": [
                    "org.apache.http.legacy"
                ],
                "AndroidApplicationError": false,
                "MinSdkVersion": "14",
                "AndroguardVersion": "3.0-dev",
                "Activities": [
                    "com.mizhongtech.carly.CarlyActivity",
                    "com.pp.sdk.SplashActivity",
                    "com.qq.e.ads.ADActivity",
                    "com.qq.e.ads.PortraitADActivity",
                    "com.qq.e.ads.LandscapeADActivity",
                    "com.qq.e.ads.RewardvideoPortraitADActivity",
                    "com.qq.e.ads.RewardvideoLandscapeADActivity",
                    "com.pp.sdk.PrivActivity"
                ],
                "certificate": {
                    "Subject": {
                        "DN": "C:86, CN:china z, L:\u5e7f\u5dde\u5e02, O:mizhong, ST:\u5e7f\u4e1c\u7701, OU:mizhong",
                        "C": "86",
                        "CN": "china z",
                        "L": "\u5e7f\u5dde\u5e02",
                        "O": "mizhong",
                        "ST": "\u5e7f\u4e1c\u7701",
                        "OU": "mizhong"
                    },
                    "validto": "03:22 AM 04/04/2070",
                    "serialnumber": "5594ae8b",
                    "thumbprint": "2743ec79bd4475e22822a896a022db994673aac9",
                    "validfrom": "03:22 AM 07/02/2015",
                    "Issuer": {
                        "DN": "C:86, CN:china z, L:\u5e7f\u5dde\u5e02, O:mizhong, ST:\u5e7f\u4e1c\u7701, OU:mizhong",
                        "C": "86",
                        "CN": "china z",
                        "L": "\u5e7f\u5dde\u5e02",
                        "O": "mizhong",
                        "ST": "\u5e7f\u4e1c\u7701",
                        "OU": "mizhong"
                    }
                },
                "AndroidApplication": 1,
                "RiskIndicator": {
                    "APK": {
                        "DEX": 1,
                        "ZIP": 1,
                        "SHARED LIBRARIES": 1
                    },
                    "PERM": {
                        "NORMAL": 2,
                        "PRIVACY": 1,
                        "INTERNET": 1
                    }
                },
                "Services": [
                    "com.qq.e.comm.DownloadService"
                ],
                "AndroidVersionCode": "1920",
                "main_activity": "com.mizhongtech.carly.CarlyActivity",
                "Package": "com.mizhongtech.carly",
                "intent_filters": {
                    "Services": {},
                    "Activities": {
                        "com.mizhongtech.carly.CarlyActivity": {
                            "action": [
                                "android.intent.action.MAIN"
                            ],
                            "category": [
                                "android.intent.category.LAUNCHER"
                            ]
                        }
                    },
                    "Receivers": {}
                },
                "AndroidVersionName": "1.92.91204",
                "TargetSdkVersion": "29",
                "AndroidApplicationInfo": "APK",
                "Providers": [
                    "android.support.v4.content.FileProvider"
                ],
                "permission_details": {
                    "android.permission.REQUEST_INSTALL_PACKAGES": {
                        "short_description": "Unknown permission from android reference",
                        "full_description": "Unknown permission from android reference",
                        "permission_type": "normal"
                    },
                    "android.permission.INTERNET": {
                        "short_description": "full Internet access",
                        "full_description": "Allows an application to create network sockets.",
                        "permission_type": "dangerous"
                    },
                    "android.permission.READ_PHONE_STATE": {
                        "short_description": "read phone state and identity",
                        "full_description": "Allows the application to access the phone features of the device. An application with this permission can determine the phone number and serial number of this phone, whether a call is active, the number that call is connected to and so on.",
                        "permission_type": "dangerous"
                    },
                    "android.permission.ACCESS_WIFI_STATE": {
                        "short_description": "view Wi-Fi status",
                        "full_description": "Allows an application to view the information about the status of Wi-Fi.",
                        "permission_type": "normal"
                    },
                    "android.permission.ACCESS_NETWORK_STATE": {
                        "short_description": "view network status",
                        "full_description": "Allows an application to view the status of all networks.",
                        "permission_type": "normal"
                    }
                },
                "StringsInformation": [
                    "http://",
                    "http://android.bugly.qq.com/rqd/async",
                    "http://ap.toucher58.com/LongtgV2.10.8317.apk",
                    "http://c.isdspeed.qq.com/code.cgi",
                    "http://rqd.uu.qq.com/rqd/sync",
                    "http://schemas.android.com/apk/res-auto",
                    "http://schemas.android.com/apk/res/android",
                    "http://sdk.e.qq.com/activate",
                    "http://sdk.e.qq.com/err",
                    "http://sdk.e.qq.com/launch",
                    "http://wspeed.qq.com/w.cgi",
                    "http://www.songbeitech.com/songpriv/privapi/commpriv_",
                    "http://www.songbeitech.com/songpriv/privapi/htmpriv_",
                    "https://",
                    "https://alogsus.umeng.com/unify_logs",
                    "https://alogus.umeng.com/unify_logs",
                    "https://androidquery.appspot.com",
                    "https://api.twitter.com/oauth/access_token",
                    "https://api.twitter.com/oauth/authorize",
                    "https://api.twitter.com/oauth/request_token",
                    "https://cmnsguider.yunos.com:443/genDeviceToken",
                    "https://developer.umeng.com/docs/66632/detail/",
                    "https://graph.facebook.com/me",
                    "https://graph.facebook.com/oauth/authorize",
                    "https://graph.facebook.com/oauth/authorize?",
                    "https://long.open.weixin.qq.com/connect/l/qrconnect?f=json&uuid=%s",
                    "https://open.weixin.qq.com/connect/sdk/qrconnect?appid=%s&noncestr=%s&timestamp=%s&scope=%s&signature=%s",
                    "https://ouplog.umeng.com",
                    "https://plbslog.umeng.com",
                    "https://ulogs.umeng.com/unify_logs",
                    "https://ulogs.umengcloud.com/unify_logs",
                    "https://www.facebook.com/connect/login_success.html"
                ]
            },
            "last_analysis_stats": {
                "harmless": 0,
                "type-unsupported": 11,
                "suspicious": 0,
                "confirmed-timeout": 0,
                "timeout": 1,
                "failure": 0,
                "malicious": 1,
                "undetected": 61
            },
            "last_analysis_results": {
                "Bkav": {
                    "category": "undetected",
                    "engine_name": "Bkav",
                    "engine_version": "1.3.0.9899",
                    "result": null,
                    "method": "blacklist",
                    "engine_update": "20191226"
                },
                "Lionic": {
                    "category": "undetected",
                    "engine_name": "AegisLab",
                    "engine_version": "4.2",
                    "result": null,
                    "method": "blacklist",
                    "engine_update": "20191220"
                },
                "TotalDefense": {
                    "category": "undetected",
                    "engine_name": "TotalDefense",
                    "engine_version": "37.1.62.1",
                    "result": null,
                    "method": "blacklist",
                    "engine_update": "20191226"
                },
                "MicroWorld-eScan": {
                    "category": "undetected",
                    "engine_name": "MicroWorld-eScan",
                    "engine_version": "14.0.297.0",
                    "result": null,
                    "method": "blacklist",
                    "engine_update": "20191226"
                },
                "FireEye": {
                    "category": "undetected",
                    "engine_name": "FireEye",
                    "engine_version": "29.7.0.0",
                    "result": null,
                    "method": "blacklist",
                    "engine_update": "20191226"
                },
                "CAT-QuickHeal": {
                    "category": "timeout",
                    "engine_name": "CAT-QuickHeal",
                    "engine_version": null,
                    "result": null,
                    "method": "blacklist",
                    "engine_update": "20191226"
                },
                "McAfee": {
                    "category": "undetected",
                    "engine_name": "McAfee",
                    "engine_version": "6.0.6.653",
                    "result": null,
                    "method": "blacklist",
                    "engine_update": "20191226"
                },
                "Malwarebytes": {
                    "category": "undetected",
                    "engine_name": "Malwarebytes",
                    "engine_version": "2.1.1.1115",
                    "result": null,
                    "method": "blacklist",
                    "engine_update": "20191226"
                },
                "Zillya": {
                    "category": "undetected",
                    "engine_name": "Zillya",
                    "engine_version": "2.0.0.3985",
                    "result": null,
                    "method": "blacklist",
                    "engine_update": "20191226"
                },
                "Paloalto": {
                    "category": "type-unsupported",
                    "engine_name": "Paloalto",
                    "engine_version": "1.0",
                    "result": null,
                    "method": "blacklist",
                    "engine_update": "20191226"
                },
                "Sangfor": {
                    "category": "undetected",
                    "engine_name": "Sangfor",
                    "engine_version": "1.0",
                    "result": null,
                    "method": "blacklist",
                    "engine_update": "20191224"
                },
                "Trustlook": {
                    "category": "undetected",
                    "engine_name": "Trustlook",
                    "engine_version": "1.0",
                    "result": null,
                    "method": "blacklist",
                    "engine_update": "20191226"
                },
                "Alibaba": {
                    "category": "undetected",
                    "engine_name": "Alibaba",
                    "engine_version": "0.3.0.5",
                    "result": null,
                    "method": "blacklist",
                    "engine_update": "20190527"
                },
                "K7GW": {
                    "category": "undetected",
                    "engine_name": "K7GW",
                    "engine_version": "11.85.32907",
                    "result": null,
                    "method": "blacklist",
                    "engine_update": "20191226"
                },
                "K7AntiVirus": {
                    "category": "undetected",
                    "engine_name": "K7AntiVirus",
                    "engine_version": "11.85.32907",
                    "result": null,
                    "method": "blacklist",
                    "engine_update": "20191226"
                },
                "Arcabit": {
                    "category": "undetected",
                    "engine_name": "Arcabit",
                    "engine_version": "1.0.0.865",
                    "result": null,
                    "method": "blacklist",
                    "engine_update": "20191226"
                },
                "Invincea": {
                    "category": "type-unsupported",
                    "engine_name": "Invincea",
                    "engine_version": "6.3.6.26157",
                    "result": null,
                    "method": "blacklist",
                    "engine_update": "20191211"
                },
                "BitDefenderTheta": {
                    "category": "undetected",
                    "engine_name": "BitDefenderTheta",
                    "engine_version": "7.2.37796.0",
                    "result": null,
                    "method": "blacklist",
                    "engine_update": "20191223"
                },
                "Cyren": {
                    "category": "undetected",
                    "engine_name": "Cyren",
                    "engine_version": "6.2.2.2",
                    "result": null,
                    "method": "blacklist",
                    "engine_update": "20191226"
                },
                "SymantecMobileInsight": {
                    "category": "undetected",
                    "engine_name": "SymantecMobileInsight",
                    "engine_version": "2.0",
                    "result": null,
                    "method": "blacklist",
                    "engine_update": "20191218"
                },
                "Symantec": {
                    "category": "undetected",
                    "engine_name": "Symantec",
                    "engine_version": "1.11.0.0",
                    "result": null,
                    "method": "blacklist",
                    "engine_update": "20191220"
                },
                "ESET-NOD32": {
                    "category": "undetected",
                    "engine_name": "ESET-NOD32",
                    "engine_version": "20571",
                    "result": null,
                    "method": "blacklist",
                    "engine_update": "20191226"
                },
                "Baidu": {
                    "category": "undetected",
                    "engine_name": "Baidu",
                    "engine_version": "1.0.0.2",
                    "result": null,
                    "method": "blacklist",
                    "engine_update": "20190318"
                },
                "TrendMicro-HouseCall": {
                    "category": "undetected",
                    "engine_name": "TrendMicro-HouseCall",
                    "engine_version": "10.0.0.1040",
                    "result": null,
                    "method": "blacklist",
                    "engine_update": "20191226"
                },
                "Avast": {
                    "category": "undetected",
                    "engine_name": "Avast",
                    "engine_version": "18.4.3895.0",
                    "result": null,
                    "method": "blacklist",
                    "engine_update": "20191226"
                },
                "ClamAV": {
                    "category": "undetected",
                    "engine_name": "ClamAV",
                    "engine_version": "0.102.1.0",
                    "result": null,
                    "method": "blacklist",
                    "engine_update": "20191225"
                },
                "Kaspersky": {
                    "category": "undetected",
                    "engine_name": "Kaspersky",
                    "engine_version": "15.0.1.13",
                    "result": null,
                    "method": "blacklist",
                    "engine_update": "20191226"
                },
                "BitDefender": {
                    "category": "undetected",
                    "engine_name": "BitDefender",
                    "engine_version": "7.2",
                    "result": null,
                    "method": "blacklist",
                    "engine_update": "20191226"
                },
                "NANO-Antivirus": {
                    "category": "undetected",
                    "engine_name": "NANO-Antivirus",
                    "engine_version": "1.0.134.25031",
                    "result": null,
                    "method": "blacklist",
                    "engine_update": "20191226"
                },
                "SUPERAntiSpyware": {
                    "category": "undetected",
                    "engine_name": "SUPERAntiSpyware",
                    "engine_version": "5.6.0.1032",
                    "result": null,
                    "method": "blacklist",
                    "engine_update": "20191219"
                },
                "Tencent": {
                    "category": "undetected",
                    "engine_name": "Tencent",
                    "engine_version": "1.0.0.1",
                    "result": null,
                    "method": "blacklist",
                    "engine_update": "20191226"
                },
                "Ad-Aware": {
                    "category": "undetected",
                    "engine_name": "Ad-Aware",
                    "engine_version": "3.0.5.370",
                    "result": null,
                    "method": "blacklist",
                    "engine_update": "20191226"
                },
                "Emsisoft": {
                    "category": "undetected",
                    "engine_name": "Emsisoft",
                    "engine_version": "2018.12.0.1641",
                    "result": null,
                    "method": "blacklist",
                    "engine_update": "20191226"
                },
                "Comodo": {
                    "category": "undetected",
                    "engine_name": "Comodo",
                    "engine_version": "31888",
                    "result": null,
                    "method": "blacklist",
                    "engine_update": "20191226"
                },
                "F-Secure": {
                    "category": "undetected",
                    "engine_name": "F-Secure",
                    "engine_version": "12.0.86.52",
                    "result": null,
                    "method": "blacklist",
                    "engine_update": "20191226"
                },
                "DrWeb": {
                    "category": "undetected",
                    "engine_name": "DrWeb",
                    "engine_version": "7.0.42.9300",
                    "result": null,
                    "method": "blacklist",
                    "engine_update": "20191226"
                },
                "VIPRE": {
                    "category": "undetected",
                    "engine_name": "VIPRE",
                    "engine_version": "80312",
                    "result": null,
                    "method": "blacklist",
                    "engine_update": "20191226"
                },
                "TrendMicro": {
                    "category": "undetected",
                    "engine_name": "TrendMicro",
                    "engine_version": "11.0.0.1006",
                    "result": null,
                    "method": "blacklist",
                    "engine_update": "20191226"
                },
                "McAfee-GW-Edition": {
                    "category": "undetected",
                    "engine_name": "McAfee-GW-Edition",
                    "engine_version": "v2017.3010",
                    "result": null,
                    "method": "blacklist",
                    "engine_update": "20191226"
                },
                "Trapmine": {
                    "category": "type-unsupported",
                    "engine_name": "Trapmine",
                    "engine_version": "3.2.16.890",
                    "result": null,
                    "method": "blacklist",
                    "engine_update": "20191216"
                },
                "CMC": {
                    "category": "undetected",
                    "engine_name": "CMC",
                    "engine_version": "1.1.0.977",
                    "result": null,
                    "method": "blacklist",
                    "engine_update": "20190321"
                },
                "Sophos": {
                    "category": "undetected",
                    "engine_name": "Sophos",
                    "engine_version": "4.98.0",
                    "result": null,
                    "method": "blacklist",
                    "engine_update": "20191226"
                },
                "Ikarus": {
                    "category": "malicious",
                    "engine_name": "Ikarus",
                    "engine_version": "0.1.5.2",
                    "result": "Trojan.AndroidOS.Agent",
                    "method": "blacklist",
                    "engine_update": "20191226"
                },
                "F-Prot": {
                    "category": "undetected",
                    "engine_name": "F-Prot",
                    "engine_version": "4.7.1.166",
                    "result": null,
                    "method": "blacklist",
                    "engine_update": "20191226"
                },
                "Jiangmin": {
                    "category": "undetected",
                    "engine_name": "Jiangmin",
                    "engine_version": "16.0.100",
                    "result": null,
                    "method": "blacklist",
                    "engine_update": "20191226"
                },
                "Webroot": {
                    "category": "type-unsupported",
                    "engine_name": "Webroot",
                    "engine_version": "1.0.0.403",
                    "result": null,
                    "method": "blacklist",
                    "engine_update": "20191226"
                },
                "Avira": {
                    "category": "undetected",
                    "engine_name": "Avira",
                    "engine_version": "8.3.3.8",
                    "result": null,
                    "method": "blacklist",
                    "engine_update": "20191226"
                },
                "eGambit": {
                    "category": "type-unsupported",
                    "engine_name": "eGambit",
                    "engine_version": null,
                    "result": null,
                    "method": "blacklist",
                    "engine_update": "20191226"
                },
                "Fortinet": {
                    "category": "undetected",
                    "engine_name": "Fortinet",
                    "engine_version": "6.2.137.0",
                    "result": null,
                    "method": "blacklist",
                    "engine_update": "20191226"
                },
                "Antiy-AVL": {
                    "category": "undetected",
                    "engine_name": "Antiy-AVL",
                    "engine_version": "3.0.0.1",
                    "result": null,
                    "method": "blacklist",
                    "engine_update": "20191226"
                },
                "Kingsoft": {
                    "category": "undetected",
                    "engine_name": "Kingsoft",
                    "engine_version": "2013.8.14.323",
                    "result": null,
                    "method": "blacklist",
                    "engine_update": "20191226"
                },
                "Endgame": {
                    "category": "type-unsupported",
                    "engine_name": "Endgame",
                    "engine_version": "3.0.15",
                    "result": null,
                    "method": "blacklist",
                    "engine_update": "20190918"
                },
                "Microsoft": {
                    "category": "undetected",
                    "engine_name": "Microsoft",
                    "engine_version": "1.1.16600.7",
                    "result": null,
                    "method": "blacklist",
                    "engine_update": "20191226"
                },
                "ViRobot": {
                    "category": "undetected",
                    "engine_name": "ViRobot",
                    "engine_version": "2014.3.20.0",
                    "result": null,
                    "method": "blacklist",
                    "engine_update": "20191226"
                },
                "ZoneAlarm": {
                    "category": "undetected",
                    "engine_name": "ZoneAlarm",
                    "engine_version": "1.0",
                    "result": null,
                    "method": "blacklist",
                    "engine_update": "20191226"
                },
                "Avast-Mobile": {
                    "category": "undetected",
                    "engine_name": "Avast-Mobile",
                    "engine_version": "191219-00",
                    "result": null,
                    "method": "blacklist",
                    "engine_update": "20191219"
                },
                "TACHYON": {
                    "category": "undetected",
                    "engine_name": "TACHYON",
                    "engine_version": "2019-12-26.02",
                    "result": null,
                    "method": "blacklist",
                    "engine_update": "20191226"
                },
                "AhnLab-V3": {
                    "category": "undetected",
                    "engine_name": "AhnLab-V3",
                    "engine_version": "3.17.0.26111",
                    "result": null,
                    "method": "blacklist",
                    "engine_update": "20191226"
                },
                "Acronis": {
                    "category": "type-unsupported",
                    "engine_name": "Acronis",
                    "engine_version": "1.1.1.58",
                    "result": null,
                    "method": "blacklist",
                    "engine_update": "20191224"
                },
                "ALYac": {
                    "category": "undetected",
                    "engine_name": "ALYac",
                    "engine_version": "1.1.1.5",
                    "result": null,
                    "method": "blacklist",
                    "engine_update": "20191226"
                },
                "MAX": {
                    "category": "undetected",
                    "engine_name": "MAX",
                    "engine_version": "2019.9.16.1",
                    "result": null,
                    "method": "blacklist",
                    "engine_update": "20191226"
                },
                "VBA32": {
                    "category": "undetected",
                    "engine_name": "VBA32",
                    "engine_version": "4.3.0",
                    "result": null,
                    "method": "blacklist",
                    "engine_update": "20191226"
                },
                "Cylance": {
                    "category": "type-unsupported",
                    "engine_name": "Cylance",
                    "engine_version": "2.3.1.101",
                    "result": null,
                    "method": "blacklist",
                    "engine_update": "20191226"
                },
                "APEX": {
                    "category": "type-unsupported",
                    "engine_name": "APEX",
                    "engine_version": "5.98",
                    "result": null,
                    "method": "blacklist",
                    "engine_update": "20191225"
                },
                "Rising": {
                    "category": "undetected",
                    "engine_name": "Rising",
                    "engine_version": "25.0.0.24",
                    "result": null,
                    "method": "blacklist",
                    "engine_update": "20191226"
                },
                "Yandex": {
                    "category": "undetected",
                    "engine_name": "Yandex",
                    "engine_version": "5.5.2.24",
                    "result": null,
                    "method": "blacklist",
                    "engine_update": "20191226"
                },
                "SentinelOne": {
                    "category": "undetected",
                    "engine_name": "SentinelOne",
                    "engine_version": "1.12.1.57",
                    "result": null,
                    "method": "blacklist",
                    "engine_update": "20191218"
                },
                "MaxSecure": {
                    "category": "undetected",
                    "engine_name": "MaxSecure",
                    "engine_version": "1.0.0.1",
                    "result": null,
                    "method": "blacklist",
                    "engine_update": "20191225"
                },
                "GData": {
                    "category": "undetected",
                    "engine_name": "GData",
                    "engine_version": "A:25.24371B:26.17128",
                    "result": null,
                    "method": "blacklist",
                    "engine_update": "20191226"
                },
                "AVG": {
                    "category": "undetected",
                    "engine_name": "AVG",
                    "engine_version": "18.4.3895.0",
                    "result": null,
                    "method": "blacklist",
                    "engine_update": "20191226"
                },
                "Cybereason": {
                    "category": "type-unsupported",
                    "engine_name": "Cybereason",
                    "engine_version": "1.2.449",
                    "result": null,
                    "method": "blacklist",
                    "engine_update": "20190616"
                },
                "Panda": {
                    "category": "undetected",
                    "engine_name": "Panda",
                    "engine_version": "4.6.4.2",
                    "result": null,
                    "method": "blacklist",
                    "engine_update": "20191225"
                },
                "CrowdStrike": {
                    "category": "type-unsupported",
                    "engine_name": "CrowdStrike",
                    "engine_version": "1.0",
                    "result": null,
                    "method": "blacklist",
                    "engine_update": "20190702"
                },
                "Qihoo-360": {
                    "category": "undetected",
                    "engine_name": "Qihoo-360",
                    "engine_version": "1.0.0.1120",
                    "result": null,
                    "method": "blacklist",
                    "engine_update": "20191226"
                }
            }
        },
        "type": "file",
        "id": "00013ef3090718f2cc43bc45bca71fbfd234d96d3f976021d19cb6169a4390b7",
        "links": {
            "self": "https://www.virustotal.com/api/v3/files/00013ef3090718f2cc43bc45bca71fbfd234d96d3f976021d19cb6169a4390b7"
        }
    }
}