{
    "data": {
        "attributes": {
            "type_description": "Android",
            "tlsh": "T1C7D62352E34DA52BC5BBD0338EB7027326A50D84A545F7131A15F22CADFBE846399FC8",
            "vhash": "27faa32e39126c9e2d87f46b75fd0967",
            "trid": [
                {
                    "file_type": "Android Package",
                    "probability": 47.8
                },
                {
                    "file_type": "Java Archive",
                    "probability": 16.7
                },
                {
                    "file_type": "Sweet Home 3D design (generic)",
                    "probability": 13.0
                },
                {
                    "file_type": "Mozilla Archive Format (gen)",
                    "probability": 8.6
                },
                {
                    "file_type": "Google Earth saved working session",
                    "probability": 7.4
                }
            ],
            "names": [],
            "last_modification_date": 1641039758,
            "type_tag": "android",
            "times_submitted": 1,
            "total_votes": {
                "harmless": 0,
                "malicious": 0
            },
            "size": 13547119,
            "popular_threat_classification": {
                "suggested_threat_label": "trojan.jiagu",
                "popular_threat_category": [
                    {
                        "count": 3,
                        "value": "trojan"
                    }
                ],
                "popular_threat_name": [
                    {
                        "count": 2,
                        "value": "jiagu"
                    }
                ]
            },
            "last_submission_date": 1641032414,
            "reputation": 0,
            "sha256": "00016fa3b94e1b117851eac18d639873b892ab833d027a41243baee04aa49309",
            "type_extension": "apk",
            "tags": [
                "apk",
                "android",
                "contains-elf"
            ],
            "last_analysis_date": 1641032414,
            "unique_sources": 1,
            "first_submission_date": 1641032414,
            "sha1": "57d977a8cabe6a57e03f6b50f299a34bd13c2fc0",
            "ssdeep": "393216:NkQeXAgYDahI/2Ke3GPjRSC75tGuD2+5AqgMH:NkQeX4+a/2b2Qa5I4r6q9H",
            "bundle_info": {
                "highest_datetime": "2019-05-24 19:12:00",
                "lowest_datetime": "1980-00-00 00:00:00",
                "num_children": 1582,
                "extensions": {
                    "xml": 536,
                    "dex": 1,
                    "pro": 1,
                    "gz": 1,
                    "js": 2,
                    "so": 9,
                    "txt": 1,
                    "ttf": 1,
                    "png": 425
                },
                "file_types": {
                    "XML": 536,
                    "DEX": 1,
                    "unknown": 26,
                    "JavaScript": 1,
                    "ELF": 9,
                    "HTML": 2,
                    "PNG": 425
                },
                "type": "APK",
                "uncompressed_size": 13663044
            },
            "md5": "5a7c09c171d09c089aa71e5511dad3b7",
            "androguard": {
                "VTAndroidInfo": 2.0,
                "AndroidApplicationError": false,
                "MinSdkVersion": "16",
                "AndroguardVersion": "3.4.0a1",
                "Activities": [
                    "com.huzicaotang.kanshijie.activity.start.StartPageActivity",
                    "com.huzicaotang.kanshijie.activity.LoadResActivity",
                    "com.huzicaotang.kanshijie.MainActivity",
                    "com.huzicaotang.kanshijie.activity.login.LoginActivity",
                    "com.huzicaotang.kanshijie.activity.about.AboutUsInfoActivity",
                    "com.huzicaotang.kanshijie.activity.about.AboutUsActivity",
                    "com.huzicaotang.kanshijie.activity.video.SelectUpActivity",
                    "com.huzicaotang.kanshijie.activity.me.UserInfoChangeActivity",
                    "com.huzicaotang.kanshijie.activity.me.AddressInfoActivity",
                    "com.huzicaotang.kanshijie.activity.me.MyCouponListActivity",
                    "com.huzicaotang.kanshijie.activity.pay.OrderConfirmActivity",
                    "com.huzicaotang.kanshijie.activity.me.SelectCouponActivity",
                    "com.huzicaotang.kanshijie.activity.me.InvalidCouponActivity",
                    "com.huzicaotang.kanshijie.activity.setting.SettingActivity",
                    "com.huzicaotang.kanshijie.activity.user.LookHistoryActivity",
                    "com.huzicaotang.kanshijie.activity.guide.GuideActivity",
                    "com.huzicaotang.kanshijie.wxapi.WXEntryActivity",
                    "com.huzicaotang.kanshijie.wxapi.WXPayEntryActivity",
                    "com.huzicaotang.kanshijie.activity.careup.CareUpUserCenterActivity",
                    "com.huzicaotang.kanshijie.activity.me.EditNameActivity",
                    "com.huzicaotang.kanshijie.activity.tucao.TenCentTuCaoActivity",
                    "com.huzicaotang.kanshijie.activity.learn.PDFWebViewActivity",
                    "com.huzicaotang.kanshijie.activity.message.MessageCenterActivity",
                    "com.huzicaotang.kanshijie.activity.collection.UserCollectionActivity",
                    "com.huzicaotang.kanshijie.activity.search.SearchActivity",
                    "com.huzicaotang.kanshijie.activity.channel.AllChannelActivity",
                    "com.huzicaotang.kanshijie.activity.fans.MyFansActivity",
                    "com.huzicaotang.kanshijie.activity.search.AllPeopleActivity",
                    "com.huzicaotang.kanshijie.activity.video.VideoInfoActivity",
                    "com.luck.picture.lib.ui.PictureImageGridActivity",
                    "com.yalantis.ucrop.ui.PictureSingeUCropActivity",
                    "com.luck.picture.lib.ui.PictureAlbumDirectoryActivity",
                    "com.huzicaotang.kanshijie.activity.me.ChangeTelephoneActivity",
                    "com.huzicaotang.kanshijie.activity.user.UserCenterActivity",
                    "com.huzicaotang.kanshijie.activity.me.EditDesActivity",
                    "com.huzicaotang.kanshijie.activity.address.PersonChoiceActivity",
                    "com.huzicaotang.kanshijie.activity.message.AllCommentActivity",
                    "com.huzicaotang.kanshijie.activity.login.NewUserInfoActivity",
                    "com.huzicaotang.kanshijie.activity.pushlike.FirstPushLikeActivity",
                    "com.huzicaotang.kanshijie.activity.upcenter.PushAllUperActivity",
                    "com.huzicaotang.kanshijie.activity.album.TheWorldVideoListActivity",
                    "com.huzicaotang.kanshijie.activity.album.AlbumVideoListActivity",
                    "com.huzicaotang.kanshijie.activity.costum.CustomerActivity",
                    "com.huzicaotang.kanshijie.activity.learn.CourseDetailsActivity",
                    "com.huzicaotang.kanshijie.activity.learn.CourseGuideReadActivity",
                    "com.huzicaotang.kanshijie.activity.learn.PDFPreviewActivity",
                    "com.huzicaotang.kanshijie.activity.learn.PicturePreviewActivity",
                    "com.huzicaotang.kanshijie.activity.ip.IpCenterActivity",
                    "com.huzicaotang.kanshijie.activity.learn.LearnVideoAllActivity",
                    "com.huzicaotang.kanshijie.activity.pay.BuyPayActivity",
                    "com.huzicaotang.kanshijie.activity.like.MyLikeActivity",
                    "com.huzicaotang.kanshijie.activity.comment.MyCommentActivity",
                    "com.huzicaotang.kanshijie.activity.pay.PaySuccessActivity",
                    "com.huzicaotang.kanshijie.activity.learn.LearnLevelActivity",
                    "com.huzicaotang.kanshijie.activity.upcenter.CustomTopicActivity",
                    "com.huzicaotang.kanshijie.activity.feedback.FeedBackActivity",
                    "com.huzicaotang.kanshijie.activity.webview.WebViewActivity",
                    "com.huzicaotang.kanshijie.activity.course.CourseInfoActivity",
                    "com.huzicaotang.kanshijie.activity.learn.LearnAlphaActivity",
                    "com.huzicaotang.kanshijie.activity.learn.LearnStarActivity",
                    "com.huzicaotang.kanshijie.activity.album.CourseAlbumListActivity",
                    "com.huzicaotang.kanshijie.activity.calendar.LearnCalendarActivity",
                    "com.huzicaotang.kanshijie.activity.setting.CheckActivity",
                    "com.huzicaotang.kanshijie.activity.learn.LearnSpeechActivity",
                    "com.yanzhenjie.permission.PermissionActivity",
                    "com.luck.picture.lib.ui.PicturePreviewActivity",
                    "com.luck.picture.lib.ui.PictureVideoPlayActivity",
                    "com.luck.picture.lib.ui.PictureExternalPreviewActivity",
                    "com.yalantis.ucrop.ui.PictureMultiCuttingActivity",
                    "cn.jpush.android.ui.PopWinActivity",
                    "cn.jpush.android.ui.PushActivity"
                ],
                "certificate": {
                    "Subject": {
                        "DN": "C:CN, CN:huzicaotang.com, L:Nanjing, O:Nanjing Hu Zi Cao Tang Wen Hua Chuan Bo Limited Company, ST:Jiangsu, OU:Nanjing Hu Zi Cao Tang Wen Hua Chuan Bo Limited Company",
                        "C": "CN",
                        "CN": "huzicaotang.com",
                        "L": "Nanjing",
                        "O": "Nanjing Hu Zi Cao Tang Wen Hua Chuan Bo Limited Company",
                        "ST": "Jiangsu",
                        "OU": "Nanjing Hu Zi Cao Tang Wen Hua Chuan Bo Limited Company"
                    },
                    "validto": "2118-07-02 13:54:45",
                    "serialnumber": "1fef675c",
                    "thumbprint": "f9fff27e8597c8614ef2cb7ae49c21546131ceea",
                    "validfrom": "2018-07-26 13:54:45",
                    "Issuer": {
                        "DN": "C:CN, CN:huzicaotang.com, L:Nanjing, O:Nanjing Hu Zi Cao Tang Wen Hua Chuan Bo Limited Company, ST:Jiangsu, OU:Nanjing Hu Zi Cao Tang Wen Hua Chuan Bo Limited Company",
                        "C": "CN",
                        "CN": "huzicaotang.com",
                        "L": "Nanjing",
                        "O": "Nanjing Hu Zi Cao Tang Wen Hua Chuan Bo Limited Company",
                        "ST": "Jiangsu",
                        "OU": "Nanjing Hu Zi Cao Tang Wen Hua Chuan Bo Limited Company"
                    }
                },
                "AndroidApplication": 1,
                "RiskIndicator": {
                    "APK": {
                        "DEX": 1,
                        "SHARED LIBRARIES": 9
                    },
                    "PERM": {
                        "DEVELOPMENT": 2,
                        "PRIVACY": 5,
                        "APPOP": 3,
                        "PRE23": 2,
                        "EPHEMERAL": 3,
                        "SYSTEM": 2,
                        "PREINSTALLED": 2,
                        "DANGEROUS": 3,
                        "SIGNATURE": 5,
                        "INTERNET": 1,
                        "NORMAL": 7,
                        "GPS": 3
                    }
                },
                "Services": [
                    "cn.jpush.android.service.PushService",
                    "cn.jpush.android.service.DaemonService",
                    "es.voghdev.pdfviewpager.library.service.CopyAssetService"
                ],
                "AndroidVersionCode": "19052401",
                "main_activity": "com.huzicaotang.kanshijie.activity.start.StartPageActivity",
                "Package": "com.huzicaotang.kanshijie",
                "intent_filters": {
                    "Services": {
                        "cn.jpush.android.service.PushService": {
                            "action": [
                                "cn.jpush.android.intent.REGISTER",
                                "cn.jpush.android.intent.REPORT",
                                "cn.jpush.android.intent.PushService",
                                "cn.jpush.android.intent.PUSH_TIME"
                            ]
                        },
                        "cn.jpush.android.service.DaemonService": {
                            "action": [
                                "cn.jpush.android.intent.DaemonService"
                            ],
                            "category": [
                                "com.huzicaotang.kanshijie"
                            ]
                        }
                    },
                    "Activities": {
                        "com.huzicaotang.kanshijie.MainActivity": {
                            "action": [
                                "android.intent.action.VIEW"
                            ],
                            "category": [
                                "android.intent.category.BROWSABLE",
                                "android.intent.category.DEFAULT"
                            ]
                        },
                        "com.huzicaotang.kanshijie.activity.start.StartPageActivity": {
                            "action": [
                                "android.intent.action.MAIN",
                                "android.intent.action.VIEW"
                            ],
                            "category": [
                                "android.intent.category.LAUNCHER",
                                "android.intent.category.BROWSABLE",
                                "android.intent.category.DEFAULT"
                            ]
                        },
                        "cn.jpush.android.ui.PushActivity": {
                            "action": [
                                "cn.jpush.android.ui.PushActivity"
                            ],
                            "category": [
                                "android.intent.category.DEFAULT",
                                "com.huzicaotang.kanshijie"
                            ]
                        }
                    },
                    "Receivers": {
                        "cn.jpush.android.service.PushReceiver": {
                            "action": [
                                "cn.jpush.android.intent.NOTIFICATION_RECEIVED_PROXY",
                                "android.intent.action.USER_PRESENT",
                                "android.net.conn.CONNECTIVITY_CHANGE",
                                "android.intent.action.PACKAGE_ADDED",
                                "android.intent.action.PACKAGE_REMOVED"
                            ],
                            "category": [
                                "com.huzicaotang.kanshijie"
                            ]
                        },
                        "com.huzicaotang.kanshijie.receiver.JPushReceiver": {
                            "action": [
                                "cn.jpush.android.intent.REGISTRATION",
                                "cn.jpush.android.intent.MESSAGE_RECEIVED",
                                "cn.jpush.android.intent.NOTIFICATION_RECEIVED",
                                "cn.jpush.android.intent.NOTIFICATION_OPENED",
                                "cn.jpush.android.intent.NOTIFICATION_CLICK_ACTION",
                                "cn.jpush.android.intent.CONNECTION"
                            ],
                            "category": [
                                "com.huzicaotang.kanshijie"
                            ]
                        },
                        "com.huzicaotang.kanshijie.receiver.RemoteControlReceiver": {
                            "action": [
                                "android.intent.action.MEDIA_BUTTON"
                            ]
                        }
                    }
                },
                "AndroidVersionName": "1.6.2",
                "TargetSdkVersion": "26",
                "AndroidApplicationInfo": "APK",
                "Providers": [
                    "android.support.v4.content.FileProvider",
                    "com.sensorsdata.analytics.android.sdk.data.SensorsDataContentProvider",
                    "cn.jpush.android.service.DataProvider",
                    "cn.jpush.android.service.DownloadProvider",
                    "com.liulishuo.okdownload.OkDownloadProvider"
                ],
                "permission_details": {
                    "android.permission.CHANGE_NETWORK_STATE": {
                        "short_description": "change network connectivity",
                        "full_description": "Allows the app to change the state of network connectivity.",
                        "permission_type": "normal"
                    },
                    "com.huawei.android.launcher.permission.WRITE_SETTINGS": {
                        "short_description": "Unknown permission from android reference",
                        "full_description": "Unknown permission from android reference",
                        "permission_type": "normal"
                    },
                    "android.permission.ACCESS_LOCATION_EXTRA_COMMANDS": {
                        "short_description": "access extra location provider commands",
                        "full_description": "Allows the app to access\n        extra location provider commands.  This may allow the app to interfere\n        with the operation of the GPS or other location sources.",
                        "permission_type": "normal"
                    },
                    "android.permission.WRITE_MEDIA_STORAGE": {
                        "short_description": "modify/delete internal media storage contents",
                        "full_description": "Allows the app to modify the contents of the internal media storage.",
                        "permission_type": "signature|system"
                    },
                    "android.permission.READ_LOGS": {
                        "short_description": "read sensitive log data",
                        "full_description": "Allows the app to read from the\n        system's various log files.  This allows it to discover general\n        information about what you are doing with the phone, potentially\n        including personal or private information.",
                        "permission_type": "signature|system|development"
                    },
                    "android.permission.ACCESS_COARSE_LOCATION": {
                        "short_description": "access approximate location\n      (network-based)",
                        "full_description": "This app can get your location based on network sources such as cell towers and Wi-Fi networks. These location services must be turned on and available on your phone for the app to be able to use them.",
                        "permission_type": "dangerous|ephemeral"
                    },
                    "com.huawei.android.launcher.permission.CHANGE_BADGE": {
                        "short_description": "Unknown permission from android reference",
                        "full_description": "Unknown permission from android reference",
                        "permission_type": "normal"
                    },
                    "android.permission.CAMERA": {
                        "short_description": "take pictures and videos",
                        "full_description": "This app can take pictures and record videos using the camera at any time.",
                        "permission_type": "dangerous|ephemeral"
                    },
                    "android.permission.INTERNET": {
                        "short_description": "have full network access",
                        "full_description": "Allows the app to create\n     network sockets and use custom network protocols. The browser and other\n     applications provide means to send data to the internet, so this\n     permission is not required to send data to the internet.",
                        "permission_type": "normal|ephemeral"
                    },
                    "com.sec.android.provider.badge.permission.WRITE": {
                        "short_description": "Unknown permission from android reference",
                        "full_description": "Unknown permission from android reference",
                        "permission_type": "normal"
                    },
                    "android.permission.ACCESS_FINE_LOCATION": {
                        "short_description": "access precise location (GPS and\n      network-based)",
                        "full_description": "This app can get your location based on GPS or network location sources such as cell towers and Wi-Fi networks. These location services must be turned on and available on your phone for the app to be able to use them. This may increase battery consumption.",
                        "permission_type": "dangerous|ephemeral"
                    },
                    "android.permission.WAKE_LOCK": {
                        "short_description": "prevent phone from sleeping",
                        "full_description": "Allows the app to prevent the phone from going to sleep.",
                        "permission_type": "normal|ephemeral"
                    },
                    "android.permission.RECEIVE_USER_PRESENT": {
                        "short_description": "Unknown permission from android reference",
                        "full_description": "Unknown permission from android reference",
                        "permission_type": "normal"
                    },
                    "android.permission.REORDER_TASKS": {
                        "short_description": "reorder running apps",
                        "full_description": "Allows the app to move tasks to the\n      foreground and background.  The app may do this without your input.",
                        "permission_type": "normal"
                    },
                    "com.oppo.launcher.permission.READ_SETTINGS": {
                        "short_description": "Unknown permission from android reference",
                        "full_description": "Unknown permission from android reference",
                        "permission_type": "normal"
                    },
                    "com.majeur.launcher.permission.UPDATE_BADGE": {
                        "short_description": "Unknown permission from android reference",
                        "full_description": "Unknown permission from android reference",
                        "permission_type": "normal"
                    },
                    "android.permission.ACCESS_NETWORK_STATE": {
                        "short_description": "view network connections",
                        "full_description": "Allows the app to view\n      information about network connections such as which networks exist and are\n      connected.",
                        "permission_type": "normal|ephemeral"
                    },
                    "me.everything.badger.permission.BADGE_COUNT_READ": {
                        "short_description": "Unknown permission from android reference",
                        "full_description": "Unknown permission from android reference",
                        "permission_type": "normal"
                    },
                    "com.htc.launcher.permission.UPDATE_SHORTCUT": {
                        "short_description": "Unknown permission from android reference",
                        "full_description": "Unknown permission from android reference",
                        "permission_type": "normal"
                    },
                    "com.htc.launcher.permission.READ_SETTINGS": {
                        "short_description": "Unknown permission from android reference",
                        "full_description": "Unknown permission from android reference",
                        "permission_type": "normal"
                    },
                    "me.everything.badger.permission.BADGE_COUNT_WRITE": {
                        "short_description": "Unknown permission from android reference",
                        "full_description": "Unknown permission from android reference",
                        "permission_type": "normal"
                    },
                    "android.permission.WRITE_EXTERNAL_STORAGE": {
                        "short_description": "modify or delete the contents of your SD card",
                        "full_description": "Allows the app to write to the SD card.",
                        "permission_type": "dangerous"
                    },
                    "android.permission.READ_EXTERNAL_STORAGE": {
                        "short_description": "read the contents of your SD card",
                        "full_description": "Allows the app to read the contents of your SD card.",
                        "permission_type": "dangerous"
                    },
                    "com.anddoes.launcher.permission.UPDATE_COUNT": {
                        "short_description": "Unknown permission from android reference",
                        "full_description": "Unknown permission from android reference",
                        "permission_type": "normal"
                    },
                    "com.huzicaotang.kanshijie.permission.JPUSH_MESSAGE": {
                        "short_description": "Unknown permission from android reference",
                        "full_description": "Unknown permission from android reference",
                        "permission_type": "normal"
                    },
                    "com.sonymobile.home.permission.PROVIDER_INSERT_BADGE": {
                        "short_description": "Unknown permission from android reference",
                        "full_description": "Unknown permission from android reference",
                        "permission_type": "normal"
                    },
                    "android.permission.WRITE_SETTINGS": {
                        "short_description": "modify system settings",
                        "full_description": "Allows the app to modify the\n        system's settings data. Malicious apps may corrupt your system's\n        configuration.",
                        "permission_type": "signature|preinstalled|appop|pre23"
                    },
                    "android.permission.READ_PHONE_STATE": {
                        "short_description": "read phone status and identity",
                        "full_description": "Allows the app to access the phone\n      features of the device.  This permission allows the app to determine the\n      phone number and device IDs, whether a call is active, and the remote number\n      connected by a call.",
                        "permission_type": "dangerous"
                    },
                    "com.oppo.launcher.permission.WRITE_SETTINGS": {
                        "short_description": "Unknown permission from android reference",
                        "full_description": "Unknown permission from android reference",
                        "permission_type": "normal"
                    },
                    "android.permission.VIBRATE": {
                        "short_description": "control vibration",
                        "full_description": "Allows the app to control the vibrator.",
                        "permission_type": "normal|ephemeral"
                    },
                    "android.permission.SYSTEM_OVERLAY_WINDOW": {
                        "short_description": "Unknown permission from android reference",
                        "full_description": "Unknown permission from android reference",
                        "permission_type": "normal"
                    },
                    "com.huawei.android.launcher.permission.READ_SETTINGS": {
                        "short_description": "Unknown permission from android reference",
                        "full_description": "Unknown permission from android reference",
                        "permission_type": "normal"
                    },
                    "android.permission.SYSTEM_ALERT_WINDOW": {
                        "short_description": "This app can appear on top of other apps",
                        "full_description": "This app can appear on top of other apps or other parts of the screen. This may interfere with normal app usage and change the way that other apps appear.",
                        "permission_type": "signature|preinstalled|appop|pre23|development"
                    },
                    "android.permission.ACCESS_WIFI_STATE": {
                        "short_description": "view Wi-Fi connections",
                        "full_description": "Allows the app to view information\n      about Wi-Fi networking, such as whether Wi-Fi is enabled and name of\n      connected Wi-Fi devices.",
                        "permission_type": "normal"
                    },
                    "android.permission.REQUEST_INSTALL_PACKAGES": {
                        "short_description": "request install packages",
                        "full_description": "Allows an application to request installation of packages.",
                        "permission_type": "signature|appop"
                    },
                    "android.permission.CHANGE_WIFI_STATE": {
                        "short_description": "connect and disconnect from Wi-Fi",
                        "full_description": "Allows the app to connect to and\n      disconnect from Wi-Fi access points and to make changes to device\n      configuration for Wi-Fi networks.",
                        "permission_type": "normal"
                    },
                    "android.permission.RECORD_AUDIO": {
                        "short_description": "record audio",
                        "full_description": "This app can record audio using the microphone at any time.",
                        "permission_type": "dangerous"
                    },
                    "android.permission.MOUNT_UNMOUNT_FILESYSTEMS": {
                        "short_description": "access SD Card filesystem",
                        "full_description": "Allows the app to mount and\n        unmount filesystems for removable storage.",
                        "permission_type": "dangerous"
                    },
                    "com.sonyericsson.home.permission.BROADCAST_BADGE": {
                        "short_description": "Unknown permission from android reference",
                        "full_description": "Unknown permission from android reference",
                        "permission_type": "normal"
                    },
                    "com.sec.android.provider.badge.permission.READ": {
                        "short_description": "Unknown permission from android reference",
                        "full_description": "Unknown permission from android reference",
                        "permission_type": "normal"
                    },
                    "android.permission.READ_APP_BADGE": {
                        "short_description": "Unknown permission from android reference",
                        "full_description": "Unknown permission from android reference",
                        "permission_type": "normal"
                    }
                },
                "Receivers": [
                    "com.huzicaotang.kanshijie.receiver.JPushReceiver",
                    "com.huzicaotang.kanshijie.receiver.RemoteControlReceiver",
                    "cn.jpush.android.service.PushReceiver",
                    "cn.jpush.android.service.AlarmReceiver"
                ]
            },
            "magic": "Zip archive data, at least v2.0 to extract",
            "last_analysis_stats": {
                "harmless": 0,
                "type-unsupported": 9,
                "suspicious": 0,
                "confirmed-timeout": 1,
                "timeout": 3,
                "failure": 1,
                "malicious": 6,
                "undetected": 53
            },
            "last_analysis_results": {
                "Bkav": {
                    "category": "timeout",
                    "engine_name": "Bkav",
                    "engine_version": "1.3.0.9899",
                    "result": null,
                    "method": "blacklist",
                    "engine_update": "20211231"
                },
                "Lionic": {
                    "category": "undetected",
                    "engine_name": "Lionic",
                    "engine_version": "4.2",
                    "result": null,
                    "method": "blacklist",
                    "engine_update": "20220101"
                },
                "Elastic": {
                    "category": "undetected",
                    "engine_name": "Elastic",
                    "engine_version": "4.0.32",
                    "result": null,
                    "method": "blacklist",
                    "engine_update": "20211223"
                },
                "MicroWorld-eScan": {
                    "category": "undetected",
                    "engine_name": "MicroWorld-eScan",
                    "engine_version": "14.0.409.0",
                    "result": null,
                    "method": "blacklist",
                    "engine_update": "20220101"
                },
                "ClamAV": {
                    "category": "undetected",
                    "engine_name": "ClamAV",
                    "engine_version": "0.104.1.0",
                    "result": null,
                    "method": "blacklist",
                    "engine_update": "20220101"
                },
                "FireEye": {
                    "category": "undetected",
                    "engine_name": "FireEye",
                    "engine_version": "32.44.1.0",
                    "result": null,
                    "method": "blacklist",
                    "engine_update": "20220101"
                },
                "CAT-QuickHeal": {
                    "category": "undetected",
                    "engine_name": "CAT-QuickHeal",
                    "engine_version": "14.00",
                    "result": null,
                    "method": "blacklist",
                    "engine_update": "20220101"
                },
                "ALYac": {
                    "category": "undetected",
                    "engine_name": "ALYac",
                    "engine_version": "1.1.3.1",
                    "result": null,
                    "method": "blacklist",
                    "engine_update": "20220101"
                },
                "Malwarebytes": {
                    "category": "undetected",
                    "engine_name": "Malwarebytes",
                    "engine_version": "4.2.2.27",
                    "result": null,
                    "method": "blacklist",
                    "engine_update": "20211231"
                },
                "Zillya": {
                    "category": "malicious",
                    "engine_name": "Zillya",
                    "engine_version": "2.0.0.4538",
                    "result": "Trojan.116312.Linux.1",
                    "method": "blacklist",
                    "engine_update": "20211231"
                },
                "Paloalto": {
                    "category": "type-unsupported",
                    "engine_name": "Paloalto",
                    "engine_version": "1.0",
                    "result": null,
                    "method": "blacklist",
                    "engine_update": "20220101"
                },
                "Sangfor": {
                    "category": "undetected",
                    "engine_name": "Sangfor",
                    "engine_version": "2.9.0.0",
                    "result": null,
                    "method": "blacklist",
                    "engine_update": "20211224"
                },
                "Trustlook": {
                    "category": "undetected",
                    "engine_name": "Trustlook",
                    "engine_version": "1.0",
                    "result": null,
                    "method": "blacklist",
                    "engine_update": "20220101"
                },
                "Alibaba": {
                    "category": "undetected",
                    "engine_name": "Alibaba",
                    "engine_version": "0.3.0.5",
                    "result": null,
                    "method": "blacklist",
                    "engine_update": "20190527"
                },
                "K7GW": {
                    "category": "undetected",
                    "engine_name": "K7GW",
                    "engine_version": "11.238.40103",
                    "result": null,
                    "method": "blacklist",
                    "engine_update": "20220101"
                },
                "K7AntiVirus": {
                    "category": "undetected",
                    "engine_name": "K7AntiVirus",
                    "engine_version": "11.238.40103",
                    "result": null,
                    "method": "blacklist",
                    "engine_update": "20220101"
                },
                "Arcabit": {
                    "category": "undetected",
                    "engine_name": "Arcabit",
                    "engine_version": "1.0.0.888",
                    "result": null,
                    "method": "blacklist",
                    "engine_update": "20220101"
                },
                "BitDefenderTheta": {
                    "category": "undetected",
                    "engine_name": "BitDefenderTheta",
                    "engine_version": "7.2.37796.0",
                    "result": null,
                    "method": "blacklist",
                    "engine_update": "20211223"
                },
                "VirIT": {
                    "category": "undetected",
                    "engine_name": "VirIT",
                    "engine_version": "9.5.103",
                    "result": null,
                    "method": "blacklist",
                    "engine_update": "20211231"
                },
                "Cyren": {
                    "category": "malicious",
                    "engine_name": "Cyren",
                    "engine_version": "6.5.1.2",
                    "result": "AndroidOS/Trojan.HBKO-9",
                    "method": "blacklist",
                    "engine_update": "20220101"
                },
                "SymantecMobileInsight": {
                    "category": "failure",
                    "engine_name": "SymantecMobileInsight",
                    "engine_version": "2.0",
                    "result": null,
                    "method": "blacklist",
                    "engine_update": "20211119"
                },
                "Symantec": {
                    "category": "undetected",
                    "engine_name": "Symantec",
                    "engine_version": "1.16.0.0",
                    "result": null,
                    "method": "blacklist",
                    "engine_update": "20211231"
                },
                "ESET-NOD32": {
                    "category": "malicious",
                    "engine_name": "ESET-NOD32",
                    "engine_version": "24549",
                    "result": "a variant of Android/Packed.Jiagu.D potentially unsafe",
                    "method": "blacklist",
                    "engine_update": "20220101"
                },
                "Baidu": {
                    "category": "timeout",
                    "engine_name": "Baidu",
                    "engine_version": "1.0.0.2",
                    "result": null,
                    "method": "blacklist",
                    "engine_update": "20190318"
                },
                "TrendMicro-HouseCall": {
                    "category": "undetected",
                    "engine_name": "TrendMicro-HouseCall",
                    "engine_version": "10.0.0.1040",
                    "result": null,
                    "method": "blacklist",
                    "engine_update": "20220101"
                },
                "Avast": {
                    "category": "timeout",
                    "engine_name": "Avast",
                    "engine_version": "21.1.5827.0",
                    "result": null,
                    "method": "blacklist",
                    "engine_update": "20220101"
                },
                "Cynet": {
                    "category": "undetected",
                    "engine_name": "Cynet",
                    "engine_version": "4.0.0.27",
                    "result": null,
                    "method": "blacklist",
                    "engine_update": "20220101"
                },
                "Kaspersky": {
                    "category": "undetected",
                    "engine_name": "Kaspersky",
                    "engine_version": "21.0.1.45",
                    "result": null,
                    "method": "blacklist",
                    "engine_update": "20220101"
                },
                "BitDefender": {
                    "category": "undetected",
                    "engine_name": "BitDefender",
                    "engine_version": "7.2",
                    "result": null,
                    "method": "blacklist",
                    "engine_update": "20220101"
                },
                "NANO-Antivirus": {
                    "category": "undetected",
                    "engine_name": "NANO-Antivirus",
                    "engine_version": "1.0.146.25520",
                    "result": null,
                    "method": "blacklist",
                    "engine_update": "20220101"
                },
                "ViRobot": {
                    "category": "undetected",
                    "engine_name": "ViRobot",
                    "engine_version": "2014.3.20.0",
                    "result": null,
                    "method": "blacklist",
                    "engine_update": "20211231"
                },
                "Tencent": {
                    "category": "undetected",
                    "engine_name": "Tencent",
                    "engine_version": "1.0.0.1",
                    "result": null,
                    "method": "blacklist",
                    "engine_update": "20220101"
                },
                "Ad-Aware": {
                    "category": "undetected",
                    "engine_name": "Ad-Aware",
                    "engine_version": "3.0.21.193",
                    "result": null,
                    "method": "blacklist",
                    "engine_update": "20220101"
                },
                "Sophos": {
                    "category": "undetected",
                    "engine_name": "Sophos",
                    "engine_version": "1.4.1.0",
                    "result": null,
                    "method": "blacklist",
                    "engine_update": "20220101"
                },
                "Comodo": {
                    "category": "undetected",
                    "engine_name": "Comodo",
                    "engine_version": "34044",
                    "result": null,
                    "method": "blacklist",
                    "engine_update": "20211102"
                },
                "F-Secure": {
                    "category": "undetected",
                    "engine_name": "F-Secure",
                    "engine_version": "12.0.86.52",
                    "result": null,
                    "method": "blacklist",
                    "engine_update": "20220101"
                },
                "DrWeb": {
                    "category": "undetected",
                    "engine_name": "DrWeb",
                    "engine_version": "7.0.52.8270",
                    "result": null,
                    "method": "blacklist",
                    "engine_update": "20220101"
                },
                "VIPRE": {
                    "category": "undetected",
                    "engine_name": "VIPRE",
                    "engine_version": "98066",
                    "result": null,
                    "method": "blacklist",
                    "engine_update": "20220101"
                },
                "TrendMicro": {
                    "category": "undetected",
                    "engine_name": "TrendMicro",
                    "engine_version": "11.0.0.1006",
                    "result": null,
                    "method": "blacklist",
                    "engine_update": "20220101"
                },
                "McAfee-GW-Edition": {
                    "category": "undetected",
                    "engine_name": "McAfee-GW-Edition",
                    "engine_version": "v2019.1.2+3728",
                    "result": null,
                    "method": "blacklist",
                    "engine_update": "20220101"
                },
                "SentinelOne": {
                    "category": "type-unsupported",
                    "engine_name": "SentinelOne",
                    "engine_version": "7.0.0.7",
                    "result": null,
                    "method": "blacklist",
                    "engine_update": "20211129"
                },
                "CMC": {
                    "category": "undetected",
                    "engine_name": "CMC",
                    "engine_version": "2.10.2019.1",
                    "result": null,
                    "method": "blacklist",
                    "engine_update": "20211026"
                },
                "Emsisoft": {
                    "category": "undetected",
                    "engine_name": "Emsisoft",
                    "engine_version": "2021.5.0.7597",
                    "result": null,
                    "method": "blacklist",
                    "engine_update": "20220101"
                },
                "APEX": {
                    "category": "type-unsupported",
                    "engine_name": "APEX",
                    "engine_version": "6.245",
                    "result": null,
                    "method": "blacklist",
                    "engine_update": "20220101"
                },
                "Avast-Mobile": {
                    "category": "undetected",
                    "engine_name": "Avast-Mobile",
                    "engine_version": "220101-02",
                    "result": null,
                    "method": "blacklist",
                    "engine_update": "20220101"
                },
                "Jiangmin": {
                    "category": "malicious",
                    "engine_name": "Jiangmin",
                    "engine_version": "16.0.100",
                    "result": "Trojan.Generic.gwsnz",
                    "method": "blacklist",
                    "engine_update": "20211231"
                },
                "Webroot": {
                    "category": "type-unsupported",
                    "engine_name": "Webroot",
                    "engine_version": "1.0.0.403",
                    "result": null,
                    "method": "blacklist",
                    "engine_update": "20220101"
                },
                "Avira": {
                    "category": "undetected",
                    "engine_name": "Avira",
                    "engine_version": "8.3.3.12",
                    "result": null,
                    "method": "blacklist",
                    "engine_update": "20211231"
                },
                "eGambit": {
                    "category": "type-unsupported",
                    "engine_name": "eGambit",
                    "engine_version": null,
                    "result": null,
                    "method": "blacklist",
                    "engine_update": "20220101"
                },
                "Antiy-AVL": {
                    "category": "undetected",
                    "engine_name": "Antiy-AVL",
                    "engine_version": "3.0.0.1",
                    "result": null,
                    "method": "blacklist",
                    "engine_update": "20220101"
                },
                "Kingsoft": {
                    "category": "undetected",
                    "engine_name": "Kingsoft",
                    "engine_version": "2017.9.26.565",
                    "result": null,
                    "method": "blacklist",
                    "engine_update": "20220101"
                },
                "Gridinsoft": {
                    "category": "undetected",
                    "engine_name": "Gridinsoft",
                    "engine_version": "1.0.67.167",
                    "result": null,
                    "method": "blacklist",
                    "engine_update": "20220101"
                },
                "Microsoft": {
                    "category": "undetected",
                    "engine_name": "Microsoft",
                    "engine_version": "1.1.18800.4",
                    "result": null,
                    "method": "blacklist",
                    "engine_update": "20220101"
                },
                "SUPERAntiSpyware": {
                    "category": "undetected",
                    "engine_name": "SUPERAntiSpyware",
                    "engine_version": "5.6.0.1032",
                    "result": null,
                    "method": "blacklist",
                    "engine_update": "20211229"
                },
                "GData": {
                    "category": "undetected",
                    "engine_name": "GData",
                    "engine_version": "A:25.31863B:27.25709",
                    "result": null,
                    "method": "blacklist",
                    "engine_update": "20220101"
                },
                "TACHYON": {
                    "category": "undetected",
                    "engine_name": "TACHYON",
                    "engine_version": "2022-01-01.02",
                    "result": null,
                    "method": "blacklist",
                    "engine_update": "20220101"
                },
                "BitDefenderFalx": {
                    "category": "undetected",
                    "engine_name": "BitDefenderFalx",
                    "engine_version": "2.0.936",
                    "result": null,
                    "method": "blacklist",
                    "engine_update": "20211222"
                },
                "AhnLab-V3": {
                    "category": "undetected",
                    "engine_name": "AhnLab-V3",
                    "engine_version": "3.21.2.10258",
                    "result": null,
                    "method": "blacklist",
                    "engine_update": "20220101"
                },
                "Acronis": {
                    "category": "type-unsupported",
                    "engine_name": "Acronis",
                    "engine_version": "1.1.1.82",
                    "result": null,
                    "method": "blacklist",
                    "engine_update": "20210512"
                },
                "McAfee": {
                    "category": "undetected",
                    "engine_name": "McAfee",
                    "engine_version": "6.0.6.653",
                    "result": null,
                    "method": "blacklist",
                    "engine_update": "20220101"
                },
                "MAX": {
                    "category": "undetected",
                    "engine_name": "MAX",
                    "engine_version": "2019.9.16.1",
                    "result": null,
                    "method": "blacklist",
                    "engine_update": "20220101"
                },
                "VBA32": {
                    "category": "undetected",
                    "engine_name": "VBA32",
                    "engine_version": "5.0.0",
                    "result": null,
                    "method": "blacklist",
                    "engine_update": "20211231"
                },
                "Cylance": {
                    "category": "type-unsupported",
                    "engine_name": "Cylance",
                    "engine_version": "2.3.1.101",
                    "result": null,
                    "method": "blacklist",
                    "engine_update": "20220101"
                },
                "Zoner": {
                    "category": "undetected",
                    "engine_name": "Zoner",
                    "engine_version": "2.2.2.0",
                    "result": null,
                    "method": "blacklist",
                    "engine_update": "20211231"
                },
                "Rising": {
                    "category": "undetected",
                    "engine_name": "Rising",
                    "engine_version": "25.0.0.27",
                    "result": null,
                    "method": "blacklist",
                    "engine_update": "20211231"
                },
                "Yandex": {
                    "category": "undetected",
                    "engine_name": "Yandex",
                    "engine_version": "5.5.2.24",
                    "result": null,
                    "method": "blacklist",
                    "engine_update": "20211231"
                },
                "Ikarus": {
                    "category": "malicious",
                    "engine_name": "Ikarus",
                    "engine_version": "0.1.5.2",
                    "result": "PUA.AndroidOS.Jiagu",
                    "method": "blacklist",
                    "engine_update": "20220101"
                },
                "MaxSecure": {
                    "category": "undetected",
                    "engine_name": "MaxSecure",
                    "engine_version": "1.0.0.1",
                    "result": null,
                    "method": "blacklist",
                    "engine_update": "20211231"
                },
                "Fortinet": {
                    "category": "malicious",
                    "engine_name": "Fortinet",
                    "engine_version": "6.2.142.0",
                    "result": "Riskware/PackagingUntrustworthyJiagu!Android",
                    "method": "blacklist",
                    "engine_update": "20220101"
                },
                "AVG": {
                    "category": "confirmed-timeout",
                    "engine_name": "AVG",
                    "engine_version": "21.1.5827.0",
                    "result": null,
                    "method": "blacklist",
                    "engine_update": "20220101"
                },
                "Cybereason": {
                    "category": "type-unsupported",
                    "engine_name": "Cybereason",
                    "engine_version": "1.2.449",
                    "result": null,
                    "method": "blacklist",
                    "engine_update": "20210330"
                },
                "Panda": {
                    "category": "undetected",
                    "engine_name": "Panda",
                    "engine_version": "4.6.4.2",
                    "result": null,
                    "method": "blacklist",
                    "engine_update": "20211231"
                },
                "CrowdStrike": {
                    "category": "type-unsupported",
                    "engine_name": "CrowdStrike",
                    "engine_version": "1.0",
                    "result": null,
                    "method": "blacklist",
                    "engine_update": "20210203"
                }
            }
        },
        "type": "file",
        "id": "00016fa3b94e1b117851eac18d639873b892ab833d027a41243baee04aa49309",
        "links": {
            "self": "https://www.virustotal.com/api/v3/files/00016fa3b94e1b117851eac18d639873b892ab833d027a41243baee04aa49309"
        }
    }
}