{
    "data": {
        "attributes": {
            "type_description": "Android",
            "tlsh": "T1654723A6F359B919C17BE0369A293377A4980D64EB81E6D3351DF21C5BF3AC08305ED8",
            "vhash": "1bfd7e323e20722631bfe243ba770ff0",
            "trid": [
                {
                    "file_type": "Android Package",
                    "probability": 43.7
                },
                {
                    "file_type": "Java Archive",
                    "probability": 15.3
                },
                {
                    "file_type": "BlueEyes Animation",
                    "probability": 15.3
                },
                {
                    "file_type": "Sweet Home 3D design (generic)",
                    "probability": 11.9
                },
                {
                    "file_type": "Mozilla Archive Format (gen)",
                    "probability": 7.9
                }
            ],
            "crowdsourced_yara_results": [
                {
                    "description": "This signature identifies Adobe Extensible Metadata Platform (XMP) identifiers embedded within files. Defined as a standard for mapping graphical asset relationships, XMP allows for tracking of both parent-child relationships and individual revisions. There are three categories of identifiers: original document, document, and instance. Generally, XMP data is stored in XML format, updated on save/copy, and embedded within the graphical asset. These identifiers can be used to track both malicious and benign graphics within common Microsoft and Adobe document lures.",
                    "source": "https://github.com/InQuest/yara-rules-vt",
                    "author": "InQuest Labs",
                    "ruleset_name": "Adobe_XMP_Identifier",
                    "rule_name": "Adobe_XMP_Identifier",
                    "ruleset_id": "0121ae37cc"
                }
            ],
            "names": [
                "659044BA0AC90DBE175078A1B8D505B9"
            ],
            "last_modification_date": 1652385905,
            "type_tag": "android",
            "times_submitted": 3,
            "total_votes": {
                "harmless": 0,
                "malicious": 0
            },
            "size": 25153851,
            "type_extension": "apk",
            "last_submission_date": 1603545851,
            "reputation": 0,
            "sha256": "000289d22687e8289bb6b247d5c17a2376d29c6e667e8121f770d5d13fc274d5",
            "tags": [
                "apk",
                "android",
                "contains-elf"
            ],
            "last_analysis_date": 1652378603,
            "unique_sources": 3,
            "first_submission_date": 1596487148,
            "sha1": "a630a360431a2891379ee538726040edf74c75ce",
            "ssdeep": "393216:6BlqLt5WST/oISvNtk235lobZ3juFgvmsTax1BTiI+sV6t3yxnd0MXANYzOfq30h:E3k/oD0bLRavdCVyxd0MwNYzOSW",
            "bundle_info": {
                "highest_datetime": "1980-00-00 00:00:00",
                "lowest_datetime": "1980-00-00 00:00:00",
                "num_children": 2533,
                "extensions": {
                    "xml": 161,
                    "p2": 4,
                    "gz": 1,
                    "jpg": 12,
                    "ts": 23,
                    "dat": 1,
                    "dex": 5,
                    "sig": 34,
                    "bin": 6,
                    "so": 12,
                    "js": 3,
                    "txt": 1,
                    "ttf": 8,
                    "png": 596,
                    "pkm": 5
                },
                "file_types": {
                    "XML": 161,
                    "DEX": 5,
                    "unknown": 199,
                    "ELF": 12,
                    "JPG": 12,
                    "JSON": 14,
                    "HTML": 1,
                    "PNG": 596
                },
                "type": "APK",
                "uncompressed_size": 42223846
            },
            "packers": {
                "F-PROT": "appended, packed"
            },
            "md5": "659044ba0ac90dbe175078a1b8d505b9",
            "androguard": {
                "VTAndroidInfo": 2.0,
                "Libraries": [
                    "org.apache.http.legacy"
                ],
                "AndroidApplicationError": false,
                "MinSdkVersion": "21",
                "AndroguardVersion": "3.4.0a1",
                "Activities": [
                    "org.saturn.splash.sdk.activity.SplashMainActivity",
                    "com.xpro.camera.lite.activites.CameraActivity",
                    "com.xpro.camera.lite.activites.GalleryActivity",
                    "com.xpro.camera.lite.activites.DeepLinkActivity",
                    "com.xpro.camera.lite.gallery.view.ImageDetailActivity",
                    "com.xpro.camera.lite.activites.HomeActivity",
                    "com.xpro.camera.lite.edit.main.EditActivity",
                    "com.xpro.camera.lite.activites.SettingActivity",
                    "com.xpro.camera.lite.activites.ToolsSettingActivity",
                    "com.xpro.camera.lite.activites.ToolsNotificationActivity",
                    "com.xpro.camera.lite.activites.AboutActivity",
                    "com.xpro.camera.lite.activites.PrivacySettingActivity",
                    "com.xpro.camera.lite.activites.ContactUsActivity",
                    "com.xpro.camera.lite.activites.DataPermissionSettingActivity",
                    "com.xpro.camera.lite.activites.ImageQualityActivity",
                    "com.xpro.camera.lite.activites.PhotoChooser",
                    "com.xpro.camera.lite.activites.CommonShareActivity",
                    "com.xpro.camera.lite.gallery.view.SelectPhotoActivity",
                    "com.xpro.camera.lite.gallery.view.PhotoPreviewActivity",
                    "com.xpro.camera.lite.activites.TagPickActivity",
                    "com.xpro.camera.lite.activites.ActivitiesActivity",
                    "com.xpro.camera.lite.activites.GuideBrowserActivity",
                    "com.xpro.camera.lite.activites.UploadSlinkActivity",
                    "com.xpro.camera.lite.cutout.CutEditActivity",
                    "com.facebook.ads.AudienceNetworkActivity",
                    "com.google.android.gms.ads.AdActivity",
                    "org.saturn.stark.core.wrapperads.InterstitialAdActivity",
                    "org.njord.account.ui.view.ProfileCenterActivity",
                    "com.xpro.camera.lite.activites.ScreenShotActivity",
                    "org.njord.account.ui.view.LoginActivity",
                    "com.applovin.adview.AppLovinInterstitialActivity",
                    "com.applovin.adview.AppLovinConfirmationActivity",
                    "com.mopub.common.privacy.ConsentDialogActivity",
                    "com.mopub.mobileads.MoPubActivity",
                    "com.mopub.mobileads.MraidActivity",
                    "com.mopub.common.MoPubBrowser",
                    "com.mopub.mobileads.MraidVideoPlayerActivity",
                    "com.mopub.mobileads.RewardedMraidActivity",
                    "com.xpro.camera.lite.activites.ContentActivity",
                    "com.xpro.camera.lite.edit.main.ShareEditActivity",
                    "com.xpro.camera.lite.edit.main.ShareCutoutActivity",
                    "com.xpro.camera.lite.usercenter.UserCenterActivity",
                    "com.tools.g3.loading.LoadingActivity",
                    "com.criteo.view.InterstialHtmlAdActivity",
                    "com.xpro.camera.lite.square.activity.SquareMainActivity",
                    "com.xpro.camera.lite.square.activity.MissionDetailActivity",
                    "com.xpro.camera.lite.square.activity.MomentDetailActivity",
                    "com.xpro.camera.lite.square.activity.UploadMomentActivity",
                    "com.xpro.camera.lite.square.activity.MomentReportActivity",
                    "com.xpro.camera.lite.socialshare.PickShareAppActivity",
                    "com.xpro.camera.lite.socialshare.common.ShareDialogActivity",
                    "com.apus.camera.sticker.ui.StickerActivity",
                    "com.xpro.camera.lite.faceswap.FaceSwapEditActivity",
                    "com.xpro.camera.lite.store.activity.SolidStoreActivity",
                    "com.xpro.camera.lite.store.activity.SolidStoreTopicMoreActivity",
                    "com.xpro.camera.lite.store.activity.StoreResDetailActivity",
                    "com.xpro.camera.lite.guide.GuideDisplayListActivity",
                    "com.xpro.camera.lite.puzzle.PuzzleActivity",
                    "com.xpro.camera.lite.puzzle.PuzzleEditActivity",
                    "com.xpro.camera.lite.materialugc.activities.MaterialUploadActivity",
                    "com.xpro.camera.lite.materialugc.activities.MaterialReportActivity",
                    "com.xpro.camera.lite.materialugc.activities.TopicPickActivity",
                    "com.xpro.camera.lite.credit.member.MemberCentreActivity",
                    "com.xpro.camera.lite.credit.member.SubscriptionActivity",
                    "com.adcolony.sdk.AdColonyInterstitialActivity",
                    "com.xpro.camera.account.AccountLoginDialogActivity",
                    "com.xpro.camera.lite.permission.activity.PermissionActivity",
                    "com.apus.camera.text.TextEditorActivity",
                    "org.thanos.ThanosHomeActivity",
                    "org.thanos.news.NewsDetailActivity",
                    "org.thanos.video.VideoDetailActivity",
                    "org.thanos.portraitv.VideoPortraitPlayActivity",
                    "org.thanos.setting.ThanosLanguageSettingActivity",
                    "org.thanos.pictures.PictureDetailActivity",
                    "org.thanos.video.msn.MSNVideoDetailActivity",
                    "org.thanos.push.ThanosPushActivity",
                    "com.wasp.sdk.ui.ui.PushTransferActivity",
                    "com.facebook.FacebookActivity",
                    "com.facebook.CustomTabMainActivity",
                    "com.facebook.ads.internal.ipc.RemoteANActivity",
                    "com.fantasy.guide.activity.WebDetailActivity",
                    "org.hera.crash.upload.HeraCrashUploadActivity",
                    "org.hera.crash.upload.HeraCrashDetailsActivity",
                    "com.vector.adkaw",
                    "com.vector.adkga",
                    "com.fantasy.manager.activity.TemplateActivity",
                    "com.fantasy.manager.activity.FantasyConsentActivity",
                    "org.njord.share.sms.ui.SmsSelectContactActivity",
                    "org.njord.share.sms.ui.FBShareActivity",
                    "com.ironsource.sdk.controller.ControllerActivity",
                    "com.ironsource.sdk.controller.InterstitialActivity",
                    "com.ironsource.sdk.controller.OpenUrlActivity",
                    "org.njord.activity.ActivityBrowserImp",
                    "org.njord.activity.WebActivity",
                    "com.p.P",
                    "com.p.P2",
                    "com.p.P3",
                    "com.startapp.android.publish.ads.list3d.List3DActivity",
                    "com.startapp.android.publish.adsCommon.activities.OverlayActivity",
                    "com.startapp.android.publish.adsCommon.activities.FullScreenActivity"
                ],
                "certificate": {
                    "Subject": {
                        "DN": "C:India, CN:XPRO, L:Noida, O:XPRO, ST:Uttar Pradesh, OU:XPRO Team",
                        "C": "India",
                        "CN": "XPRO",
                        "L": "Noida",
                        "O": "XPRO",
                        "ST": "Uttar Pradesh",
                        "OU": "XPRO Team"
                    },
                    "validto": "2117-01-20 10:28:20",
                    "serialnumber": "6d41d9a9",
                    "thumbprint": "47042d5dff3028a2bf704d405db5ffe5944def12",
                    "validfrom": "2017-02-13 10:28:20",
                    "Issuer": {
                        "DN": "C:India, CN:XPRO, L:Noida, O:XPRO, ST:Uttar Pradesh, OU:XPRO Team",
                        "C": "India",
                        "CN": "XPRO",
                        "L": "Noida",
                        "O": "XPRO",
                        "ST": "Uttar Pradesh",
                        "OU": "XPRO Team"
                    }
                },
                "AndroidApplication": 1,
                "RiskIndicator": {
                    "APK": {
                        "DEX": 1
                    },
                    "PERM": {
                        "DEVELOPMENT": 1,
                        "PRIVACY": 4,
                        "NORMAL": 9,
                        "APPOP": 2,
                        "PRE23": 2,
                        "SIGNATURE": 2,
                        "PREINSTALLED": 2,
                        "DANGEROUS": 3,
                        "INSTANT": 2,
                        "INTERNET": 1
                    }
                },
                "Services": [
                    "com.xpro.camera.lite.services.WaterMarkService",
                    "com.xpro.camera.lite.services.AceImageScanService",
                    "com.xpro.camera.lite.window.FloatWindowService",
                    "com.apollo.downloadlibrary.DownloadService",
                    "com.apollo.downloadlibrary.DownloadRetryJobService",
                    "com.evernote.android.job.JobRescheduleService",
                    "com.evernote.android.job.gcm.PlatformGcmService",
                    "org.cloud.library.CloudService",
                    "org.homeplanet.coreservice.BinderService",
                    "org.odin.OdinService",
                    "com.lachesis.innerservice.InnerService",
                    "com.lachesis.account.AuthenticationService",
                    "com.lachesis.innerservice.PlutoService",
                    "com.lachesis.module.jobscheduler.PlutoJobService",
                    "com.lachesis.account.SyncService",
                    "com.lachesis.gcm.PlutoGcmService",
                    "com.evernote.android.job.v21.PlatformJobService",
                    "com.evernote.android.job.v14.PlatformAlarmService",
                    "com.evernote.android.job.v14.PlatformAlarmServiceExact",
                    "com.wasp.sdk.push.fcm.FCMService",
                    "com.google.firebase.messaging.FirebaseMessagingService",
                    "com.facebook.ads.internal.ipc.AdsProcessPriorityService",
                    "com.facebook.ads.internal.ipc.AdsMessengerService",
                    "com.apollo.downloadlibrary.DownloadJobService",
                    "org.hera.crash.upload.HeraCrashService",
                    "com.p.PS",
                    "com.startapp.android.publish.common.metaData.PeriodicMetaDataService",
                    "com.startapp.android.publish.common.metaData.InfoEventService",
                    "com.startapp.android.publish.common.metaData.PeriodicJobService",
                    "org.saturn.splash.sdk.ad.monitor.SplashMonitorJobService",
                    "com.google.firebase.components.ComponentDiscoveryService",
                    "com.google.android.gms.measurement.AppMeasurementService",
                    "com.google.android.gms.measurement.AppMeasurementJobService",
                    "com.google.firebase.iid.FirebaseInstanceIdService"
                ],
                "AndroidVersionCode": "147",
                "main_activity": "org.saturn.splash.sdk.activity.SplashMainActivity",
                "Package": "com.xprodev.cutcam",
                "intent_filters": {
                    "Services": {
                        "com.wasp.sdk.push.fcm.FCMService": {
                            "action": [
                                "com.google.firebase.MESSAGING_EVENT"
                            ]
                        },
                        "com.xpro.camera.lite.services.AceImageScanService": {
                            "action": [
                                "com.xprodev.cutcam.ACTION_TOOLS_NOTIFICATION"
                            ]
                        },
                        "com.google.firebase.messaging.FirebaseMessagingService": {
                            "action": [
                                "com.google.firebase.MESSAGING_EVENT"
                            ]
                        },
                        "com.lachesis.gcm.PlutoGcmService": {
                            "action": [
                                "com.google.android.gms.gcm.ACTION_TASK_READY"
                            ]
                        },
                        "com.evernote.android.job.gcm.PlatformGcmService": {
                            "action": [
                                "com.google.android.gms.gcm.ACTION_TASK_READY"
                            ]
                        },
                        "com.lachesis.account.SyncService": {
                            "action": [
                                "android.content.SyncAdapter"
                            ]
                        },
                        "com.google.firebase.iid.FirebaseInstanceIdService": {
                            "action": [
                                "com.google.firebase.INSTANCE_ID_EVENT"
                            ]
                        },
                        "com.lachesis.account.AuthenticationService": {
                            "action": [
                                "android.accounts.AccountAuthenticator"
                            ]
                        }
                    },
                    "Activities": {
                        "com.xpro.camera.lite.activites.DeepLinkActivity": {
                            "action": [
                                "android.intent.action.MAIN",
                                "android.intent.action.VIEW"
                            ],
                            "category": [
                                "android.intent.category.DEFAULT",
                                "android.intent.category.BROWSABLE"
                            ]
                        },
                        "com.xpro.camera.lite.edit.main.ShareCutoutActivity": {
                            "action": [
                                "android.intent.action.SEND"
                            ],
                            "category": [
                                "android.intent.category.DEFAULT"
                            ]
                        },
                        "com.xpro.camera.lite.activites.GalleryActivity": {
                            "action": [
                                "android.intent.action.MAIN",
                                "android.intent.action.PICK"
                            ],
                            "category": [
                                "android.intent.category.DEFAULT"
                            ]
                        },
                        "org.saturn.splash.sdk.activity.SplashMainActivity": {
                            "action": [
                                "android.intent.action.MAIN"
                            ],
                            "category": [
                                "android.intent.category.LAUNCHER"
                            ]
                        },
                        "org.njord.activity.ActivityBrowserImp": {
                            "action": [
                                "com.xprodev.cutcam.njord.activity.browserimp"
                            ],
                            "category": [
                                "android.intent.category.DEFAULT"
                            ]
                        },
                        "org.njord.account.ui.view.ProfileCenterActivity": {
                            "action": [
                                "com.xprodev.cutcam.njord.account.profile"
                            ],
                            "category": [
                                "android.intent.category.DEFAULT"
                            ]
                        },
                        "org.njord.account.ui.view.LoginActivity": {
                            "action": [
                                "com.xprodev.cutcam.njord.account.login"
                            ],
                            "category": [
                                "android.intent.category.DEFAULT"
                            ]
                        },
                        "org.njord.activity.WebActivity": {
                            "action": [
                                "com.xprodev.cutcam.njord.activity.web"
                            ],
                            "category": [
                                "android.intent.category.DEFAULT"
                            ]
                        },
                        "com.xpro.camera.lite.activites.CameraActivity": {
                            "action": [
                                "android.media.action.IMAGE_CAPTURE"
                            ],
                            "category": [
                                "android.intent.category.DEFAULT"
                            ]
                        },
                        "com.xpro.camera.lite.edit.main.ShareEditActivity": {
                            "action": [
                                "android.intent.action.SEND"
                            ],
                            "category": [
                                "android.intent.category.DEFAULT"
                            ]
                        }
                    },
                    "Receivers": {
                        "com.tools.athene.MonitorReceiver": {
                            "action": [
                                "android.intent.action.PACKAGE_ADDED",
                                "android.intent.action.PACKAGE_REMOVED"
                            ]
                        },
                        "com.vector.adkur": {
                            "action": [
                                "com.xprodev.cutcam.vector.success",
                                "com.xprodev.cutcam.vector.dp",
                                "com.xprodev.cutcam.vector.in",
                                "com.xprodev.cutcam.vector.gin",
                                "com.xprodev.cutcam.vector.oin",
                                "com.xprodev.cutcam.vector.rno"
                            ]
                        },
                        "com.evernote.android.job.v14.PlatformAlarmReceiver": {
                            "action": [
                                "com.evernote.android.job.v14.RUN_JOB",
                                "net.vrallev.android.job.v14.RUN_JOB"
                            ]
                        },
                        "com.evernote.android.job.JobBootReceiver": {
                            "action": [
                                "android.intent.action.BOOT_COMPLETED",
                                "android.intent.action.QUICKBOOT_POWERON",
                                "com.htc.intent.action.QUICKBOOT_POWERON",
                                "android.intent.action.MY_PACKAGE_REPLACED"
                            ]
                        },
                        "com.facebook.CurrentAccessTokenExpirationBroadcastReceiver": {
                            "action": [
                                "com.facebook.sdk.ACTION_CURRENT_ACCESS_TOKEN_CHANGED"
                            ]
                        },
                        "com.apollo.downloadlibrary.DownloadReceiver": {
                            "action": [
                                "android.intent.action.BOOT_COMPLETED",
                                "com.xprodev.cutcam.okdownload.DOWNLOAD_WAKEUP",
                                "com.xprodev.cutcam.okdownload.DOWNLOAD_OPEN",
                                "com.xprodev.cutcam.okdownload.DOWNLOAD_LIST",
                                "com.xprodev.cutcam.okdownload.DOWNLOAD_HIDE"
                            ]
                        },
                        "com.google.android.gms.measurement.AppMeasurementInstallReferrerReceiver": {
                            "action": [
                                "com.android.vending.INSTALL_REFERRER"
                            ]
                        },
                        "com.google.firebase.iid.FirebaseInstanceIdReceiver": {
                            "action": [
                                "com.google.android.c2dm.intent.RECEIVE"
                            ]
                        },
                        "org.adoto.xrg.receiver.PlayReceiver": {
                            "action": [
                                "com.android.vending.INSTALL_REFERRER"
                            ]
                        },
                        "com.adjust.sdk.AdjustReferrerReceiver": {
                            "action": [
                                "com.android.vending.INSTALL_REFERRER"
                            ]
                        },
                        "org.adoto.xrg.receiver.GuardPlayReceiver": {
                            "action": [
                                "com.android.vending.INSTALL_REFERRER"
                            ]
                        },
                        "com.startapp.android.publish.common.metaData.BootCompleteListener": {
                            "action": [
                                "android.intent.action.BOOT_COMPLETED"
                            ]
                        }
                    }
                },
                "AndroidVersionName": "1.7.1",
                "TargetSdkVersion": "28",
                "AndroidApplicationInfo": "APK",
                "Providers": [
                    "com.xpro.camera.lite.provider.FacebookContentProviderWrapper",
                    "com.xpro.camera.lite.utils.MutiProcessUserSDKProvider",
                    "com.xpro.camera.lite.provider.FileProviderWrapper",
                    "com.xpro.camera.lite.provider.DownloadShareProviderWrapper",
                    "com.fantasy.core.dao.FantasyProvider",
                    "com.lachesis.account.AccountProvider",
                    "org.homeplanet.coreservice.ServiceProvider",
                    "com.facebook.ads.AudienceNetworkContentProvider",
                    "com.apollo.downloadlibrary.DownloadProvider",
                    "androidx.core.content.FileProvider",
                    "org.njord.account.core.data.DbProvider"
                ],
                "permission_details": {
                    "android.permission.READ_SYNC_SETTINGS": {
                        "short_description": "read sync settings",
                        "full_description": "Allows the app to read the sync settings for an account. For example, this can determine whether the People app is synced with an account.",
                        "permission_type": "normal"
                    },
                    "android.settings.action.MANAGE_OVERLAY_PERMISSION": {
                        "short_description": "Unknown permission from android reference",
                        "full_description": "Unknown permission from android reference",
                        "permission_type": "normal"
                    },
                    "android.permission.RECEIVE_BOOT_COMPLETED": {
                        "short_description": "run at startup",
                        "full_description": "Allows the app to\n        have itself started as soon as the system has finished booting.\n        This can make it take longer to start the phone and allow the\n        app to slow down the overall phone by always running.",
                        "permission_type": "normal"
                    },
                    "android.permission.ACCESS_WIFI_STATE": {
                        "short_description": "view Wi-Fi connections",
                        "full_description": "Allows the app to view information\n      about Wi-Fi networking, such as whether Wi-Fi is enabled and name of\n      connected Wi-Fi devices.",
                        "permission_type": "normal"
                    },
                    "android.permission.INTERNET": {
                        "short_description": "have full network access",
                        "full_description": "Allows the app to create\n     network sockets and use custom network protocols. The browser and other\n     applications provide means to send data to the internet, so this\n     permission is not required to send data to the internet.",
                        "permission_type": "normal|instant"
                    },
                    "android.permission.EXPAND_STATUS_BAR": {
                        "short_description": "expand/collapse status bar",
                        "full_description": "Allows the app to expand or collapse the status bar.",
                        "permission_type": "normal"
                    },
                    "com.android.launcher.permission.INSTALL_SHORTCUT": {
                        "short_description": "install shortcuts",
                        "full_description": "Allows an application to add\n        Homescreen shortcuts without user intervention.",
                        "permission_type": "normal"
                    },
                    "com.google.android.c2dm.permission.RECEIVE": {
                        "short_description": "Unknown permission from android reference",
                        "full_description": "Unknown permission from android reference",
                        "permission_type": "normal"
                    },
                    "android.permission.ACCESS_NETWORK_STATE": {
                        "short_description": "view network connections",
                        "full_description": "Allows the app to view\n      information about network connections such as which networks exist and are\n      connected.",
                        "permission_type": "normal|instant"
                    },
                    "com.android.vending.BILLING": {
                        "short_description": "Unknown permission from android reference",
                        "full_description": "Unknown permission from android reference",
                        "permission_type": "normal"
                    },
                    "android.permission.WRITE_EXTERNAL_STORAGE": {
                        "short_description": "modify or delete the contents of your SD card",
                        "full_description": "Allows the app to write to the SD card.",
                        "permission_type": "dangerous"
                    },
                    "android.permission.READ_EXTERNAL_STORAGE": {
                        "short_description": "read the contents of your SD card",
                        "full_description": "Allows the app to read the contents of your SD card.",
                        "permission_type": "dangerous"
                    },
                    "android.permission.WRITE_SYNC_SETTINGS": {
                        "short_description": "toggle sync on and off",
                        "full_description": "Allows an app to modify the sync settings for an account.  For example, this can be used to enable sync of the People app with an account.",
                        "permission_type": "normal"
                    },
                    "android.permission.AUTHENTICATE_ACCOUNTS": {
                        "short_description": "create accounts and set passwords",
                        "full_description": "Allows the app\n    to use the account authenticator capabilities of the\n    AccountManager, including creating accounts and getting and\n    setting their passwords.",
                        "permission_type": "dangerous"
                    },
                    "com.android.alarm.permission.SET_ALARM": {
                        "short_description": "set an alarm",
                        "full_description": "Allows the app to set an alarm in\n        an installed alarm clock app. Some alarm clock apps may\n        not implement this feature.",
                        "permission_type": "normal"
                    },
                    "android.permission.WRITE_SETTINGS": {
                        "short_description": "modify system settings",
                        "full_description": "Allows the app to modify the\n        system's settings data. Malicious apps may corrupt your system's\n        configuration.",
                        "permission_type": "signature|preinstalled|appop|pre23"
                    },
                    "android.permission.READ_PHONE_STATE": {
                        "short_description": "read phone status and identity",
                        "full_description": "Allows the app to access the phone\n      features of the device.  This permission allows the app to determine the\n      phone number and device IDs, whether a call is active, and the remote number\n      connected by a call.",
                        "permission_type": "dangerous"
                    },
                    "android.permission.SYSTEM_ALERT_WINDOW": {
                        "short_description": "This app can appear on top of other apps",
                        "full_description": "This app can appear on top of other apps or other parts of the screen. This may interfere with normal app usage and change the way that other apps appear.",
                        "permission_type": "signature|preinstalled|appop|pre23|development"
                    },
                    "android.permission.CAMERA": {
                        "short_description": "take pictures and videos",
                        "full_description": "This app can take pictures and record videos using the camera at any time.",
                        "permission_type": "dangerous|instant"
                    },
                    "android.permission.WAKE_LOCK": {
                        "short_description": "prevent phone from sleeping",
                        "full_description": "Allows the app to prevent the phone from going to sleep.",
                        "permission_type": "normal|instant"
                    },
                    "android.permission.CHANGE_WIFI_STATE": {
                        "short_description": "connect and disconnect from Wi-Fi",
                        "full_description": "Allows the app to connect to and\n      disconnect from Wi-Fi access points and to make changes to device\n      configuration for Wi-Fi networks.",
                        "permission_type": "normal"
                    },
                    "com.google.android.finsky.permission.BIND_GET_INSTALL_REFERRER_SERVICE": {
                        "short_description": "Unknown permission from android reference",
                        "full_description": "Unknown permission from android reference",
                        "permission_type": "normal"
                    },
                    "android.permission.GET_ACCOUNTS": {
                        "short_description": "find accounts on the device",
                        "full_description": "Allows the app to get\n      the list of accounts known by the phone.  This may include any accounts\n      created by applications you have installed.",
                        "permission_type": "dangerous"
                    }
                },
                "Receivers": [
                    "com.evernote.android.job.v14.PlatformAlarmReceiver",
                    "com.evernote.android.job.JobBootReceiver",
                    "org.adoto.xrg.receiver.PlayReceiver",
                    "org.adoto.xrg.receiver.GuardPlayReceiver",
                    "com.facebook.CurrentAccessTokenExpirationBroadcastReceiver",
                    "com.apollo.downloadlibrary.DownloadReceiver",
                    "com.vector.adkur",
                    "com.startapp.android.publish.common.metaData.BootCompleteListener",
                    "com.adjust.sdk.AdjustReferrerReceiver",
                    "com.google.android.gms.measurement.AppMeasurementReceiver",
                    "com.google.android.gms.measurement.AppMeasurementInstallReferrerReceiver",
                    "com.google.firebase.iid.FirebaseInstanceIdReceiver",
                    "com.tools.athene.MonitorReceiver"
                ],
                "StringsInformation": [
                    "http://feedback.onesurvey.info/v2/fb/ginfo",
                    "http://privacy-api.apusapps.com",
                    "http://privacy-api.subcdn.com",
                    "http://schemas.android.com/apk/res-auto",
                    "http://schemas.android.com/apk/res/android",
                    "http://schemas.applovin.com/android/1.0",
                    "http://www.example.com",
                    "http://www.google.com",
                    "http://xmlpull.org/v1/doc/features.html#indent-output",
                    "https://.facebook.com",
                    "https://a.applovin.com/",
                    "https://a.applovin.com/ad",
                    "https://a.applvn.com/",
                    "https://adc3-launch.adcolony.com/v4/launch",
                    "https://app-measurement.com/a",
                    "https://app.adjust.com",
                    "https://bidder.criteo.com/cdb?profileId=217",
                    "https://csi.gstatic.com/csi",
                    "https://csm.fr.eu.criteo.net/sdm",
                    "https://d.applovin.com/",
                    "https://d.applvn.com/",
                    "https://facebook.com",
                    "https://facebook.com/device?user_code=%1$s&qr=1",
                    "https://gdpr.adjust.com",
                    "https://googleads.g.doubleclick.net/mads/static/mad/sdk/native/mraid/v2/mraid_app_banner.js",
                    "https://googleads.g.doubleclick.net/mads/static/mad/sdk/native/mraid/v2/mraid_app_expanded_banner.js",
                    "https://googleads.g.doubleclick.net/mads/static/mad/sdk/native/mraid/v2/mraid_app_interstitial.js",
                    "https://googleads.g.doubleclick.net/mads/static/mad/sdk/native/native_ads.html",
                    "https://googleads.g.doubleclick.net/mads/static/mad/sdk/native/production/native_ads.js",
                    "https://googleads.g.doubleclick.net/mads/static/mad/sdk/native/production/sdk-core-v40-impl.js",
                    "https://googleads.g.doubleclick.net/mads/static/mad/sdk/native/sdk-core-v40.html",
                    "https://graph-video.%s",
                    "https://graph.%s",
                    "https://gum.criteo.com/sdm/config",
                    "https://imasdk.googleapis.com/admob/sdkloader/native_video.html",
                    "https://mobile-static.adsafeprotected.com/avid-v2.js",
                    "https://pagead2.googlesyndication.com/pagead/gen_204",
                    "https://pagead2.googlesyndication.com/pagead/gen_204?id=gmob-apps",
                    "https://play.google.com/store/apps/details?id=",
                    "https://plus.google.com/",
                    "https://rt.applovin.com/med",
                    "https://rt.applovin.com/pix",
                    "https://rt.applvn.com/pix",
                    "https://static.criteo.net/js/sdk/android-",
                    "https://static.criteo.net/js/sdk/android-global-config.json",
                    "https://support.google.com/dfp_premium/answer/7160685#push",
                    "https://vid.applovin.com/,https://pdn.applovin.com/,https://img.applovin.com/,https://d.applovin.com/,https://assets.applovin.com/,https://cdnjs.cloudflare.com/,http://vid.applovin.com/,http://pdn.applovin.com/,http://img.applovin.com/,http://d.applovin.com/,http://assets.applovin.com/,http://cdnjs.cloudflare.com/",
                    "https://wd.adcolony.com/logs",
                    "https://www.facebook.com/adnw_logging/",
                    "https://www.google.com",
                    "https://www.google.com/dfp/debugSignals",
                    "https://www.google.com/dfp/inAppPreview",
                    "https://www.google.com/dfp/linkDevice",
                    "https://www.google.com/dfp/sendDebugData",
                    "https://www.googleapis.com/auth/appstate",
                    "https://www.googleapis.com/auth/datastoremobile",
                    "https://www.googleapis.com/auth/drive",
                    "https://www.googleapis.com/auth/drive.appdata",
                    "https://www.googleapis.com/auth/drive.apps",
                    "https://www.googleapis.com/auth/drive.file",
                    "https://www.googleapis.com/auth/fitness.activity.read",
                    "https://www.googleapis.com/auth/fitness.activity.write",
                    "https://www.googleapis.com/auth/fitness.blood_glucose.read",
                    "https://www.googleapis.com/auth/fitness.blood_glucose.write",
                    "https://www.googleapis.com/auth/fitness.blood_pressure.read",
                    "https://www.googleapis.com/auth/fitness.blood_pressure.write",
                    "https://www.googleapis.com/auth/fitness.body.read",
                    "https://www.googleapis.com/auth/fitness.body.write",
                    "https://www.googleapis.com/auth/fitness.body_temperature.read",
                    "https://www.googleapis.com/auth/fitness.body_temperature.write",
                    "https://www.googleapis.com/auth/fitness.location.read",
                    "https://www.googleapis.com/auth/fitness.location.write",
                    "https://www.googleapis.com/auth/fitness.nutrition.read",
                    "https://www.googleapis.com/auth/fitness.nutrition.write",
                    "https://www.googleapis.com/auth/fitness.oxygen_saturation.read",
                    "https://www.googleapis.com/auth/fitness.oxygen_saturation.write",
                    "https://www.googleapis.com/auth/fitness.reproductive_health.read",
                    "https://www.googleapis.com/auth/fitness.reproductive_health.write",
                    "https://www.googleapis.com/auth/games",
                    "https://www.googleapis.com/auth/games.firstparty",
                    "https://www.googleapis.com/auth/games_lite",
                    "https://www.googleapis.com/auth/plus.login",
                    "https://www.googleapis.com/auth/plus.me"
                ]
            },
            "magic": "Zip archive data",
            "last_analysis_stats": {
                "harmless": 0,
                "type-unsupported": 10,
                "suspicious": 0,
                "confirmed-timeout": 0,
                "timeout": 1,
                "failure": 0,
                "malicious": 2,
                "undetected": 60
            },
            "last_analysis_results": {
                "Bkav": {
                    "category": "undetected",
                    "engine_name": "Bkav",
                    "engine_version": "1.3.0.9899",
                    "result": null,
                    "method": "blacklist",
                    "engine_update": "20220510"
                },
                "Lionic": {
                    "category": "undetected",
                    "engine_name": "Lionic",
                    "engine_version": "7.5",
                    "result": null,
                    "method": "blacklist",
                    "engine_update": "20220512"
                },
                "Elastic": {
                    "category": "undetected",
                    "engine_name": "Elastic",
                    "engine_version": "4.0.36",
                    "result": null,
                    "method": "blacklist",
                    "engine_update": "20220503"
                },
                "MicroWorld-eScan": {
                    "category": "undetected",
                    "engine_name": "MicroWorld-eScan",
                    "engine_version": "14.0.409.0",
                    "result": null,
                    "method": "blacklist",
                    "engine_update": "20220512"
                },
                "FireEye": {
                    "category": "undetected",
                    "engine_name": "FireEye",
                    "engine_version": "35.24.1.0",
                    "result": null,
                    "method": "blacklist",
                    "engine_update": "20220512"
                },
                "CAT-QuickHeal": {
                    "category": "undetected",
                    "engine_name": "CAT-QuickHeal",
                    "engine_version": "14.00",
                    "result": null,
                    "method": "blacklist",
                    "engine_update": "20220512"
                },
                "ALYac": {
                    "category": "undetected",
                    "engine_name": "ALYac",
                    "engine_version": "1.1.3.1",
                    "result": null,
                    "method": "blacklist",
                    "engine_update": "20220512"
                },
                "Malwarebytes": {
                    "category": "undetected",
                    "engine_name": "Malwarebytes",
                    "engine_version": "4.2.2.27",
                    "result": null,
                    "method": "blacklist",
                    "engine_update": "20220512"
                },
                "Paloalto": {
                    "category": "type-unsupported",
                    "engine_name": "Paloalto",
                    "engine_version": "0.9.0.1003",
                    "result": null,
                    "method": "blacklist",
                    "engine_update": "20220512"
                },
                "Sangfor": {
                    "category": "undetected",
                    "engine_name": "Sangfor",
                    "engine_version": "2.14.0.0",
                    "result": null,
                    "method": "blacklist",
                    "engine_update": "20220507"
                },
                "Trustlook": {
                    "category": "undetected",
                    "engine_name": "Trustlook",
                    "engine_version": "1.0",
                    "result": null,
                    "method": "blacklist",
                    "engine_update": "20220512"
                },
                "Alibaba": {
                    "category": "undetected",
                    "engine_name": "Alibaba",
                    "engine_version": "0.3.0.5",
                    "result": null,
                    "method": "blacklist",
                    "engine_update": "20190527"
                },
                "K7GW": {
                    "category": "undetected",
                    "engine_name": "K7GW",
                    "engine_version": "12.12.42324",
                    "result": null,
                    "method": "blacklist",
                    "engine_update": "20220512"
                },
                "K7AntiVirus": {
                    "category": "undetected",
                    "engine_name": "K7AntiVirus",
                    "engine_version": "12.12.42323",
                    "result": null,
                    "method": "blacklist",
                    "engine_update": "20220512"
                },
                "BitDefenderTheta": {
                    "category": "undetected",
                    "engine_name": "BitDefenderTheta",
                    "engine_version": "7.2.37796.0",
                    "result": null,
                    "method": "blacklist",
                    "engine_update": "20220511"
                },
                "VirIT": {
                    "category": "undetected",
                    "engine_name": "VirIT",
                    "engine_version": "9.5.194",
                    "result": null,
                    "method": "blacklist",
                    "engine_update": "20220512"
                },
                "Cyren": {
                    "category": "undetected",
                    "engine_name": "Cyren",
                    "engine_version": "6.5.1.2",
                    "result": null,
                    "method": "blacklist",
                    "engine_update": "20220512"
                },
                "SymantecMobileInsight": {
                    "category": "malicious",
                    "engine_name": "SymantecMobileInsight",
                    "engine_version": "2.0",
                    "result": "AdLibrary:Generisk",
                    "method": "blacklist",
                    "engine_update": "20220208"
                },
                "Symantec": {
                    "category": "undetected",
                    "engine_name": "Symantec",
                    "engine_version": "1.17.0.0",
                    "result": null,
                    "method": "blacklist",
                    "engine_update": "20220512"
                },
                "tehtris": {
                    "category": "type-unsupported",
                    "engine_name": "tehtris",
                    "engine_version": "v0.1.2",
                    "result": null,
                    "method": "blacklist",
                    "engine_update": "20220512"
                },
                "ESET-NOD32": {
                    "category": "undetected",
                    "engine_name": "ESET-NOD32",
                    "engine_version": "25256",
                    "result": null,
                    "method": "blacklist",
                    "engine_update": "20220512"
                },
                "Baidu": {
                    "category": "undetected",
                    "engine_name": "Baidu",
                    "engine_version": "1.0.0.2",
                    "result": null,
                    "method": "blacklist",
                    "engine_update": "20190318"
                },
                "TrendMicro-HouseCall": {
                    "category": "undetected",
                    "engine_name": "TrendMicro-HouseCall",
                    "engine_version": "10.0.0.1040",
                    "result": null,
                    "method": "blacklist",
                    "engine_update": "20220512"
                },
                "Avast": {
                    "category": "undetected",
                    "engine_name": "Avast",
                    "engine_version": "21.1.5827.0",
                    "result": null,
                    "method": "blacklist",
                    "engine_update": "20220512"
                },
                "ClamAV": {
                    "category": "timeout",
                    "engine_name": "ClamAV",
                    "engine_version": "0.105.0.0",
                    "result": null,
                    "method": "blacklist",
                    "engine_update": "20220512"
                },
                "Kaspersky": {
                    "category": "undetected",
                    "engine_name": "Kaspersky",
                    "engine_version": "21.0.1.45",
                    "result": null,
                    "method": "blacklist",
                    "engine_update": "20220512"
                },
                "BitDefender": {
                    "category": "undetected",
                    "engine_name": "BitDefender",
                    "engine_version": "7.2",
                    "result": null,
                    "method": "blacklist",
                    "engine_update": "20220512"
                },
                "NANO-Antivirus": {
                    "category": "undetected",
                    "engine_name": "NANO-Antivirus",
                    "engine_version": "1.0.146.25588",
                    "result": null,
                    "method": "blacklist",
                    "engine_update": "20220512"
                },
                "SUPERAntiSpyware": {
                    "category": "undetected",
                    "engine_name": "SUPERAntiSpyware",
                    "engine_version": "5.6.0.1032",
                    "result": null,
                    "method": "blacklist",
                    "engine_update": "20220507"
                },
                "APEX": {
                    "category": "type-unsupported",
                    "engine_name": "APEX",
                    "engine_version": "6.290",
                    "result": null,
                    "method": "blacklist",
                    "engine_update": "20220510"
                },
                "Tencent": {
                    "category": "undetected",
                    "engine_name": "Tencent",
                    "engine_version": "1.0.0.1",
                    "result": null,
                    "method": "blacklist",
                    "engine_update": "20220512"
                },
                "Ad-Aware": {
                    "category": "undetected",
                    "engine_name": "Ad-Aware",
                    "engine_version": "3.0.21.193",
                    "result": null,
                    "method": "blacklist",
                    "engine_update": "20220512"
                },
                "Emsisoft": {
                    "category": "undetected",
                    "engine_name": "Emsisoft",
                    "engine_version": "2021.5.0.7597",
                    "result": null,
                    "method": "blacklist",
                    "engine_update": "20220512"
                },
                "Comodo": {
                    "category": "undetected",
                    "engine_name": "Comodo",
                    "engine_version": "34614",
                    "result": null,
                    "method": "blacklist",
                    "engine_update": "20220512"
                },
                "F-Secure": {
                    "category": "undetected",
                    "engine_name": "F-Secure",
                    "engine_version": "18.10.978.51",
                    "result": null,
                    "method": "blacklist",
                    "engine_update": "20220512"
                },
                "DrWeb": {
                    "category": "undetected",
                    "engine_name": "DrWeb",
                    "engine_version": "7.0.56.4040",
                    "result": null,
                    "method": "blacklist",
                    "engine_update": "20220512"
                },
                "Zillya": {
                    "category": "undetected",
                    "engine_name": "Zillya",
                    "engine_version": "2.0.0.4630",
                    "result": null,
                    "method": "blacklist",
                    "engine_update": "20220512"
                },
                "TrendMicro": {
                    "category": "undetected",
                    "engine_name": "TrendMicro",
                    "engine_version": "11.0.0.1006",
                    "result": null,
                    "method": "blacklist",
                    "engine_update": "20220512"
                },
                "McAfee-GW-Edition": {
                    "category": "undetected",
                    "engine_name": "McAfee-GW-Edition",
                    "engine_version": "v2019.1.2+3728",
                    "result": null,
                    "method": "blacklist",
                    "engine_update": "20220512"
                },
                "SentinelOne": {
                    "category": "type-unsupported",
                    "engine_name": "SentinelOne",
                    "engine_version": "22.2.1.2",
                    "result": null,
                    "method": "blacklist",
                    "engine_update": "20220330"
                },
                "Trapmine": {
                    "category": "type-unsupported",
                    "engine_name": "Trapmine",
                    "engine_version": "3.5.48.1",
                    "result": null,
                    "method": "blacklist",
                    "engine_update": "20220419"
                },
                "CMC": {
                    "category": "undetected",
                    "engine_name": "CMC",
                    "engine_version": "2.10.2019.1",
                    "result": null,
                    "method": "blacklist",
                    "engine_update": "20211026"
                },
                "Sophos": {
                    "category": "undetected",
                    "engine_name": "Sophos",
                    "engine_version": "1.4.1.0",
                    "result": null,
                    "method": "blacklist",
                    "engine_update": "20220512"
                },
                "Ikarus": {
                    "category": "undetected",
                    "engine_name": "Ikarus",
                    "engine_version": "6.0.24.0",
                    "result": null,
                    "method": "blacklist",
                    "engine_update": "20220512"
                },
                "Avast-Mobile": {
                    "category": "undetected",
                    "engine_name": "Avast-Mobile",
                    "engine_version": "220512-00",
                    "result": null,
                    "method": "blacklist",
                    "engine_update": "20220512"
                },
                "Jiangmin": {
                    "category": "undetected",
                    "engine_name": "Jiangmin",
                    "engine_version": "16.0.100",
                    "result": null,
                    "method": "blacklist",
                    "engine_update": "20220511"
                },
                "Webroot": {
                    "category": "type-unsupported",
                    "engine_name": "Webroot",
                    "engine_version": "1.0.0.403",
                    "result": null,
                    "method": "blacklist",
                    "engine_update": "20220512"
                },
                "Avira": {
                    "category": "undetected",
                    "engine_name": "Avira",
                    "engine_version": "8.3.3.14",
                    "result": null,
                    "method": "blacklist",
                    "engine_update": "20220512"
                },
                "Antiy-AVL": {
                    "category": "undetected",
                    "engine_name": "Antiy-AVL",
                    "engine_version": "3.0",
                    "result": null,
                    "method": "blacklist",
                    "engine_update": "20220512"
                },
                "Kingsoft": {
                    "category": "undetected",
                    "engine_name": "Kingsoft",
                    "engine_version": "2017.9.26.565",
                    "result": null,
                    "method": "blacklist",
                    "engine_update": "20220512"
                },
                "Microsoft": {
                    "category": "undetected",
                    "engine_name": "Microsoft",
                    "engine_version": "1.1.19200.5",
                    "result": null,
                    "method": "blacklist",
                    "engine_update": "20220512"
                },
                "Gridinsoft": {
                    "category": "undetected",
                    "engine_name": "Gridinsoft",
                    "engine_version": "1.0.78.174",
                    "result": null,
                    "method": "blacklist",
                    "engine_update": "20220512"
                },
                "Arcabit": {
                    "category": "undetected",
                    "engine_name": "Arcabit",
                    "engine_version": "1.0.0.889",
                    "result": null,
                    "method": "blacklist",
                    "engine_update": "20220512"
                },
                "ViRobot": {
                    "category": "undetected",
                    "engine_name": "ViRobot",
                    "engine_version": "2014.3.20.0",
                    "result": null,
                    "method": "blacklist",
                    "engine_update": "20220512"
                },
                "ZoneAlarm": {
                    "category": "undetected",
                    "engine_name": "ZoneAlarm",
                    "engine_version": "1.0",
                    "result": null,
                    "method": "blacklist",
                    "engine_update": "20220512"
                },
                "GData": {
                    "category": "undetected",
                    "engine_name": "GData",
                    "engine_version": "A:25.33019B:27.27330",
                    "result": null,
                    "method": "blacklist",
                    "engine_update": "20220512"
                },
                "Cynet": {
                    "category": "type-unsupported",
                    "engine_name": "Cynet",
                    "engine_version": "4.0.0.27",
                    "result": null,
                    "method": "blacklist",
                    "engine_update": "20220512"
                },
                "BitDefenderFalx": {
                    "category": "undetected",
                    "engine_name": "BitDefenderFalx",
                    "engine_version": "2.0.936",
                    "result": null,
                    "method": "blacklist",
                    "engine_update": "20220103"
                },
                "AhnLab-V3": {
                    "category": "undetected",
                    "engine_name": "AhnLab-V3",
                    "engine_version": "3.21.3.10230",
                    "result": null,
                    "method": "blacklist",
                    "engine_update": "20220512"
                },
                "Acronis": {
                    "category": "undetected",
                    "engine_name": "Acronis",
                    "engine_version": "1.2.0.108",
                    "result": null,
                    "method": "blacklist",
                    "engine_update": "20220426"
                },
                "McAfee": {
                    "category": "undetected",
                    "engine_name": "McAfee",
                    "engine_version": "6.0.6.653",
                    "result": null,
                    "method": "blacklist",
                    "engine_update": "20220512"
                },
                "MAX": {
                    "category": "undetected",
                    "engine_name": "MAX",
                    "engine_version": "2019.9.16.1",
                    "result": null,
                    "method": "blacklist",
                    "engine_update": "20220512"
                },
                "VBA32": {
                    "category": "undetected",
                    "engine_name": "VBA32",
                    "engine_version": "5.0.0",
                    "result": null,
                    "method": "blacklist",
                    "engine_update": "20220512"
                },
                "Cylance": {
                    "category": "type-unsupported",
                    "engine_name": "Cylance",
                    "engine_version": "2.3.1.101",
                    "result": null,
                    "method": "blacklist",
                    "engine_update": "20220512"
                },
                "Zoner": {
                    "category": "undetected",
                    "engine_name": "Zoner",
                    "engine_version": "2.2.2.0",
                    "result": null,
                    "method": "blacklist",
                    "engine_update": "20220512"
                },
                "Rising": {
                    "category": "undetected",
                    "engine_name": "Rising",
                    "engine_version": "25.0.0.27",
                    "result": null,
                    "method": "blacklist",
                    "engine_update": "20220512"
                },
                "Yandex": {
                    "category": "undetected",
                    "engine_name": "Yandex",
                    "engine_version": "5.5.2.24",
                    "result": null,
                    "method": "blacklist",
                    "engine_update": "20220428"
                },
                "TACHYON": {
                    "category": "undetected",
                    "engine_name": "TACHYON",
                    "engine_version": "2022-05-12.02",
                    "result": null,
                    "method": "blacklist",
                    "engine_update": "20220512"
                },
                "MaxSecure": {
                    "category": "malicious",
                    "engine_name": "MaxSecure",
                    "engine_version": "1.0.0.1",
                    "result": "Android.WIN32.MobiDash.bm",
                    "method": "blacklist",
                    "engine_update": "20220512"
                },
                "Fortinet": {
                    "category": "undetected",
                    "engine_name": "Fortinet",
                    "engine_version": "6.2.142.0",
                    "result": null,
                    "method": "blacklist",
                    "engine_update": "20220512"
                },
                "Cybereason": {
                    "category": "type-unsupported",
                    "engine_name": "Cybereason",
                    "engine_version": "1.2.449",
                    "result": null,
                    "method": "blacklist",
                    "engine_update": "20210330"
                },
                "Panda": {
                    "category": "undetected",
                    "engine_name": "Panda",
                    "engine_version": "4.6.4.2",
                    "result": null,
                    "method": "blacklist",
                    "engine_update": "20220512"
                },
                "CrowdStrike": {
                    "category": "type-unsupported",
                    "engine_name": "CrowdStrike",
                    "engine_version": "1.0",
                    "result": null,
                    "method": "blacklist",
                    "engine_update": "20220418"
                }
            }
        },
        "type": "file",
        "id": "000289d22687e8289bb6b247d5c17a2376d29c6e667e8121f770d5d13fc274d5",
        "links": {
            "self": "https://www.virustotal.com/api/v3/files/000289d22687e8289bb6b247d5c17a2376d29c6e667e8121f770d5d13fc274d5"
        }
    }
}