{
    "data": {
        "attributes": {
            "type_description": "Android",
            "tlsh": "T12E773383B78CED27CC73E43343B203B256A29D298B92D5535464B36CADB79C44F19AD8",
            "vhash": "e8db0233a398e563f2608e8d8644384d",
            "trid": [
                {
                    "file_type": "Android Package",
                    "probability": 57.0
                },
                {
                    "file_type": "Java Archive",
                    "probability": 20.0
                },
                {
                    "file_type": "Sweet Home 3D design (generic)",
                    "probability": 15.5
                },
                {
                    "file_type": "ZIP compressed archive",
                    "probability": 5.9
                },
                {
                    "file_type": "PrintFox/Pagefox bitmap (640x800)",
                    "probability": 1.4
                }
            ],
            "names": [
                "000299A579851B8940000FFD70779B469025FB6CA6B2667632F5DD1444B13545.apk"
            ],
            "last_modification_date": 1657790452,
            "type_tag": "android",
            "times_submitted": 3,
            "total_votes": {
                "harmless": 0,
                "malicious": 0
            },
            "size": 35922331,
            "type_extension": "apk",
            "last_submission_date": 1657783148,
            "last_analysis_results": {
                "Bkav": {
                    "category": "undetected",
                    "engine_name": "Bkav",
                    "engine_version": "1.3.0.9899",
                    "result": null,
                    "method": "blacklist",
                    "engine_update": "20220714"
                },
                "Lionic": {
                    "category": "undetected",
                    "engine_name": "Lionic",
                    "engine_version": "7.5",
                    "result": null,
                    "method": "blacklist",
                    "engine_update": "20220714"
                },
                "Elastic": {
                    "category": "undetected",
                    "engine_name": "Elastic",
                    "engine_version": "4.0.40",
                    "result": null,
                    "method": "blacklist",
                    "engine_update": "20220623"
                },
                "DrWeb": {
                    "category": "undetected",
                    "engine_name": "DrWeb",
                    "engine_version": "7.0.56.4040",
                    "result": null,
                    "method": "blacklist",
                    "engine_update": "20220714"
                },
                "MicroWorld-eScan": {
                    "category": "undetected",
                    "engine_name": "MicroWorld-eScan",
                    "engine_version": "14.0.409.0",
                    "result": null,
                    "method": "blacklist",
                    "engine_update": "20220714"
                },
                "FireEye": {
                    "category": "undetected",
                    "engine_name": "FireEye",
                    "engine_version": "35.24.1.0",
                    "result": null,
                    "method": "blacklist",
                    "engine_update": "20220714"
                },
                "CAT-QuickHeal": {
                    "category": "undetected",
                    "engine_name": "CAT-QuickHeal",
                    "engine_version": "14.00",
                    "result": null,
                    "method": "blacklist",
                    "engine_update": "20220713"
                },
                "McAfee": {
                    "category": "undetected",
                    "engine_name": "McAfee",
                    "engine_version": "6.0.6.653",
                    "result": null,
                    "method": "blacklist",
                    "engine_update": "20220714"
                },
                "Cylance": {
                    "category": "undetected",
                    "engine_name": "Cylance",
                    "engine_version": "2.3.1.101",
                    "result": null,
                    "method": "blacklist",
                    "engine_update": "20220714"
                },
                "VIPRE": {
                    "category": "undetected",
                    "engine_name": "VIPRE",
                    "engine_version": "6.0.0.35",
                    "result": null,
                    "method": "blacklist",
                    "engine_update": "20220713"
                },
                "Paloalto": {
                    "category": "type-unsupported",
                    "engine_name": "Paloalto",
                    "engine_version": "0.9.0.1003",
                    "result": null,
                    "method": "blacklist",
                    "engine_update": "20220714"
                },
                "Sangfor": {
                    "category": "undetected",
                    "engine_name": "Sangfor",
                    "engine_version": "2.14.0.0",
                    "result": null,
                    "method": "blacklist",
                    "engine_update": "20220602"
                },
                "Trustlook": {
                    "category": "undetected",
                    "engine_name": "Trustlook",
                    "engine_version": "1.0",
                    "result": null,
                    "method": "blacklist",
                    "engine_update": "20220714"
                },
                "Alibaba": {
                    "category": "undetected",
                    "engine_name": "Alibaba",
                    "engine_version": "0.3.0.5",
                    "result": null,
                    "method": "blacklist",
                    "engine_update": "20190527"
                },
                "K7GW": {
                    "category": "undetected",
                    "engine_name": "K7GW",
                    "engine_version": "12.25.43319",
                    "result": null,
                    "method": "blacklist",
                    "engine_update": "20220714"
                },
                "K7AntiVirus": {
                    "category": "undetected",
                    "engine_name": "K7AntiVirus",
                    "engine_version": "12.25.43321",
                    "result": null,
                    "method": "blacklist",
                    "engine_update": "20220714"
                },
                "BitDefenderTheta": {
                    "category": "undetected",
                    "engine_name": "BitDefenderTheta",
                    "engine_version": "7.2.37796.0",
                    "result": null,
                    "method": "blacklist",
                    "engine_update": "20220705"
                },
                "VirIT": {
                    "category": "undetected",
                    "engine_name": "VirIT",
                    "engine_version": "9.5.237",
                    "result": null,
                    "method": "blacklist",
                    "engine_update": "20220713"
                },
                "Cyren": {
                    "category": "undetected",
                    "engine_name": "Cyren",
                    "engine_version": "6.5.1.2",
                    "result": null,
                    "method": "blacklist",
                    "engine_update": "20220714"
                },
                "SymantecMobileInsight": {
                    "category": "undetected",
                    "engine_name": "SymantecMobileInsight",
                    "engine_version": "2.0",
                    "result": null,
                    "method": "blacklist",
                    "engine_update": "20220208"
                },
                "Symantec": {
                    "category": "undetected",
                    "engine_name": "Symantec",
                    "engine_version": "1.18.0.0",
                    "result": null,
                    "method": "blacklist",
                    "engine_update": "20220714"
                },
                "tehtris": {
                    "category": "type-unsupported",
                    "engine_name": "tehtris",
                    "engine_version": null,
                    "result": null,
                    "method": "blacklist",
                    "engine_update": "20220714"
                },
                "ESET-NOD32": {
                    "category": "undetected",
                    "engine_name": "ESET-NOD32",
                    "engine_version": "25588",
                    "result": null,
                    "method": "blacklist",
                    "engine_update": "20220714"
                },
                "APEX": {
                    "category": "type-unsupported",
                    "engine_name": "APEX",
                    "engine_version": "6.312",
                    "result": null,
                    "method": "blacklist",
                    "engine_update": "20220713"
                },
                "TrendMicro-HouseCall": {
                    "category": "undetected",
                    "engine_name": "TrendMicro-HouseCall",
                    "engine_version": "10.0.0.1040",
                    "result": null,
                    "method": "blacklist",
                    "engine_update": "20220714"
                },
                "Avast": {
                    "category": "undetected",
                    "engine_name": "Avast",
                    "engine_version": "21.1.5827.0",
                    "result": null,
                    "method": "blacklist",
                    "engine_update": "20220714"
                },
                "ClamAV": {
                    "category": "undetected",
                    "engine_name": "ClamAV",
                    "engine_version": "0.105.0.0",
                    "result": null,
                    "method": "blacklist",
                    "engine_update": "20220713"
                },
                "Kaspersky": {
                    "category": "undetected",
                    "engine_name": "Kaspersky",
                    "engine_version": "21.0.1.45",
                    "result": null,
                    "method": "blacklist",
                    "engine_update": "20220714"
                },
                "BitDefender": {
                    "category": "undetected",
                    "engine_name": "BitDefender",
                    "engine_version": "7.2",
                    "result": null,
                    "method": "blacklist",
                    "engine_update": "20220714"
                },
                "NANO-Antivirus": {
                    "category": "undetected",
                    "engine_name": "NANO-Antivirus",
                    "engine_version": "1.0.146.25618",
                    "result": null,
                    "method": "blacklist",
                    "engine_update": "20220714"
                },
                "SUPERAntiSpyware": {
                    "category": "undetected",
                    "engine_name": "SUPERAntiSpyware",
                    "engine_version": "5.6.0.1032",
                    "result": null,
                    "method": "blacklist",
                    "engine_update": "20220709"
                },
                "Tencent": {
                    "category": "undetected",
                    "engine_name": "Tencent",
                    "engine_version": "1.0.0.1",
                    "result": null,
                    "method": "blacklist",
                    "engine_update": "20220714"
                },
                "Ad-Aware": {
                    "category": "undetected",
                    "engine_name": "Ad-Aware",
                    "engine_version": "3.0.21.193",
                    "result": null,
                    "method": "blacklist",
                    "engine_update": "20220714"
                },
                "Sophos": {
                    "category": "timeout",
                    "engine_name": "Sophos",
                    "engine_version": "1.4.1.0",
                    "result": null,
                    "method": "blacklist",
                    "engine_update": "20220714"
                },
                "Comodo": {
                    "category": "undetected",
                    "engine_name": "Comodo",
                    "engine_version": "34802",
                    "result": null,
                    "method": "blacklist",
                    "engine_update": "20220714"
                },
                "F-Secure": {
                    "category": "undetected",
                    "engine_name": "F-Secure",
                    "engine_version": "18.10.978.51",
                    "result": null,
                    "method": "blacklist",
                    "engine_update": "20220714"
                },
                "Baidu": {
                    "category": "undetected",
                    "engine_name": "Baidu",
                    "engine_version": "1.0.0.2",
                    "result": null,
                    "method": "blacklist",
                    "engine_update": "20190318"
                },
                "Zillya": {
                    "category": "undetected",
                    "engine_name": "Zillya",
                    "engine_version": "2.0.0.4669",
                    "result": null,
                    "method": "blacklist",
                    "engine_update": "20220712"
                },
                "TrendMicro": {
                    "category": "undetected",
                    "engine_name": "TrendMicro",
                    "engine_version": "11.0.0.1006",
                    "result": null,
                    "method": "blacklist",
                    "engine_update": "20220714"
                },
                "McAfee-GW-Edition": {
                    "category": "timeout",
                    "engine_name": "McAfee-GW-Edition",
                    "engine_version": null,
                    "result": null,
                    "method": "blacklist",
                    "engine_update": "20220714"
                },
                "SentinelOne": {
                    "category": "type-unsupported",
                    "engine_name": "SentinelOne",
                    "engine_version": "22.2.1.2",
                    "result": null,
                    "method": "blacklist",
                    "engine_update": "20220330"
                },
                "Trapmine": {
                    "category": "type-unsupported",
                    "engine_name": "Trapmine",
                    "engine_version": "3.5.48.101",
                    "result": null,
                    "method": "blacklist",
                    "engine_update": "20220707"
                },
                "Emsisoft": {
                    "category": "undetected",
                    "engine_name": "Emsisoft",
                    "engine_version": "2021.5.0.7597",
                    "result": null,
                    "method": "blacklist",
                    "engine_update": "20220714"
                },
                "Ikarus": {
                    "category": "undetected",
                    "engine_name": "Ikarus",
                    "engine_version": "6.0.24.0",
                    "result": null,
                    "method": "blacklist",
                    "engine_update": "20220713"
                },
                "Avast-Mobile": {
                    "category": "undetected",
                    "engine_name": "Avast-Mobile",
                    "engine_version": "220713-02",
                    "result": null,
                    "method": "blacklist",
                    "engine_update": "20220713"
                },
                "Jiangmin": {
                    "category": "undetected",
                    "engine_name": "Jiangmin",
                    "engine_version": "16.0.100",
                    "result": null,
                    "method": "blacklist",
                    "engine_update": "20220713"
                },
                "Webroot": {
                    "category": "type-unsupported",
                    "engine_name": "Webroot",
                    "engine_version": "1.0.0.403",
                    "result": null,
                    "method": "blacklist",
                    "engine_update": "20220714"
                },
                "Avira": {
                    "category": "undetected",
                    "engine_name": "Avira",
                    "engine_version": "8.3.3.14",
                    "result": null,
                    "method": "blacklist",
                    "engine_update": "20220714"
                },
                "Antiy-AVL": {
                    "category": "undetected",
                    "engine_name": "Antiy-AVL",
                    "engine_version": "3.0",
                    "result": null,
                    "method": "blacklist",
                    "engine_update": "20220714"
                },
                "Kingsoft": {
                    "category": "undetected",
                    "engine_name": "Kingsoft",
                    "engine_version": "2017.9.26.565",
                    "result": null,
                    "method": "blacklist",
                    "engine_update": "20220714"
                },
                "Microsoft": {
                    "category": "undetected",
                    "engine_name": "Microsoft",
                    "engine_version": "1.1.19400.3",
                    "result": null,
                    "method": "blacklist",
                    "engine_update": "20220713"
                },
                "Gridinsoft": {
                    "category": "undetected",
                    "engine_name": "Gridinsoft",
                    "engine_version": "1.0.84.174",
                    "result": null,
                    "method": "blacklist",
                    "engine_update": "20220714"
                },
                "Arcabit": {
                    "category": "undetected",
                    "engine_name": "Arcabit",
                    "engine_version": "1.0.0.889",
                    "result": null,
                    "method": "blacklist",
                    "engine_update": "20220714"
                },
                "ViRobot": {
                    "category": "undetected",
                    "engine_name": "ViRobot",
                    "engine_version": "2014.3.20.0",
                    "result": null,
                    "method": "blacklist",
                    "engine_update": "20220714"
                },
                "ZoneAlarm": {
                    "category": "undetected",
                    "engine_name": "ZoneAlarm",
                    "engine_version": "1.0",
                    "result": null,
                    "method": "blacklist",
                    "engine_update": "20220714"
                },
                "GData": {
                    "category": "undetected",
                    "engine_name": "GData",
                    "engine_version": "A:25.33497B:27.28068",
                    "result": null,
                    "method": "blacklist",
                    "engine_update": "20220714"
                },
                "Cynet": {
                    "category": "type-unsupported",
                    "engine_name": "Cynet",
                    "engine_version": "4.0.0.27",
                    "result": null,
                    "method": "blacklist",
                    "engine_update": "20220714"
                },
                "BitDefenderFalx": {
                    "category": "undetected",
                    "engine_name": "BitDefenderFalx",
                    "engine_version": "2.0.936",
                    "result": null,
                    "method": "blacklist",
                    "engine_update": "20220103"
                },
                "AhnLab-V3": {
                    "category": "undetected",
                    "engine_name": "AhnLab-V3",
                    "engine_version": "3.22.1.10283",
                    "result": null,
                    "method": "blacklist",
                    "engine_update": "20220714"
                },
                "Acronis": {
                    "category": "undetected",
                    "engine_name": "Acronis",
                    "engine_version": "1.2.0.108",
                    "result": null,
                    "method": "blacklist",
                    "engine_update": "20220426"
                },
                "VBA32": {
                    "category": "undetected",
                    "engine_name": "VBA32",
                    "engine_version": "5.0.0",
                    "result": null,
                    "method": "blacklist",
                    "engine_update": "20220713"
                },
                "ALYac": {
                    "category": "undetected",
                    "engine_name": "ALYac",
                    "engine_version": "1.1.3.1",
                    "result": null,
                    "method": "blacklist",
                    "engine_update": "20220714"
                },
                "MAX": {
                    "category": "undetected",
                    "engine_name": "MAX",
                    "engine_version": "2019.9.16.1",
                    "result": null,
                    "method": "blacklist",
                    "engine_update": "20220714"
                },
                "Malwarebytes": {
                    "category": "undetected",
                    "engine_name": "Malwarebytes",
                    "engine_version": "4.3.3.37",
                    "result": null,
                    "method": "blacklist",
                    "engine_update": "20220714"
                },
                "Zoner": {
                    "category": "undetected",
                    "engine_name": "Zoner",
                    "engine_version": "2.2.2.0",
                    "result": null,
                    "method": "blacklist",
                    "engine_update": "20220713"
                },
                "Rising": {
                    "category": "undetected",
                    "engine_name": "Rising",
                    "engine_version": "25.0.0.27",
                    "result": null,
                    "method": "blacklist",
                    "engine_update": "20220714"
                },
                "Yandex": {
                    "category": "undetected",
                    "engine_name": "Yandex",
                    "engine_version": "5.5.2.24",
                    "result": null,
                    "method": "blacklist",
                    "engine_update": "20220714"
                },
                "TACHYON": {
                    "category": "undetected",
                    "engine_name": "TACHYON",
                    "engine_version": "2022-07-14.02",
                    "result": null,
                    "method": "blacklist",
                    "engine_update": "20220714"
                },
                "MaxSecure": {
                    "category": "malicious",
                    "engine_name": "MaxSecure",
                    "engine_version": "1.0.0.1",
                    "result": "Trojan.Malware.300983.susgen",
                    "method": "blacklist",
                    "engine_update": "20220714"
                },
                "Fortinet": {
                    "category": "undetected",
                    "engine_name": "Fortinet",
                    "engine_version": "6.2.142.0",
                    "result": null,
                    "method": "blacklist",
                    "engine_update": "20220714"
                },
                "Cybereason": {
                    "category": "type-unsupported",
                    "engine_name": "Cybereason",
                    "engine_version": "1.2.449",
                    "result": null,
                    "method": "blacklist",
                    "engine_update": "20210330"
                },
                "Panda": {
                    "category": "undetected",
                    "engine_name": "Panda",
                    "engine_version": "4.6.4.2",
                    "result": null,
                    "method": "blacklist",
                    "engine_update": "20220713"
                },
                "CrowdStrike": {
                    "category": "type-unsupported",
                    "engine_name": "CrowdStrike",
                    "engine_version": "1.0",
                    "result": null,
                    "method": "blacklist",
                    "engine_update": null
                }
            },
            "sha256": "000299a579851b8940000ffd70779b469025fb6ca6b2667632f5dd1444b13545",
            "tags": [
                "reflection",
                "apk",
                "runtime-modules",
                "contains-elf",
                "telephony",
                "contains-pe",
                "android"
            ],
            "last_analysis_date": 1657783148,
            "unique_sources": 3,
            "first_submission_date": 1620644945,
            "sha1": "a0cc9d3ae58ccc5e67aa31cc0c6066300ab616af",
            "ssdeep": "786432:lU8JOib3jwKunPtx3/jesBv08pnLMFgonk/S+O8UazxIYh+ppuC2VMe8l5J:lTci3wfPtx3/ljGhkaAIDP2VM3l5J",
            "bundle_info": {
                "highest_datetime": "1980-00-00 00:00:00",
                "lowest_datetime": "1980-00-00 00:00:00",
                "num_children": 737,
                "extensions": {
                    "xml": 215,
                    "dex": 1,
                    "MF": 1,
                    "RSA": 1,
                    "dll": 86,
                    "so": 5,
                    "wav": 1,
                    "SF": 1,
                    "png": 320
                },
                "file_types": {
                    "XML": 215,
                    "DEX": 1,
                    "Portable Executable": 86,
                    "ELF": 5,
                    "unknown": 110,
                    "PNG": 320
                },
                "type": "APK",
                "uncompressed_size": 123090519
            },
            "md5": "203002984733187618ae5c0618405008",
            "androguard": {
                "VTAndroidInfo": 2.0,
                "AndroidApplicationError": false,
                "MinSdkVersion": "16",
                "AndroguardVersion": "3.4.0a1",
                "Activities": [
                    "com.unity3d.player.UnityPlayerActivity",
                    "com.unity3d.player.VideoPlayer",
                    "com.adcolony.sdk.AdColonyInterstitialActivity",
                    "com.adcolony.sdk.AdColonyAdViewActivity",
                    "com.applovin.adview.AppLovinInterstitialActivity",
                    "com.applovin.adview.AppLovinConfirmationActivity",
                    "com.applovin.sdk.AppLovinWebViewActivity",
                    "com.facebook.ads.AudienceNetworkActivity",
                    "com.facebook.ads.internal.ipc.RemoteANActivity",
                    "com.chartboost.sdk.CBImpressionActivity",
                    "com.google.android.gms.ads.AdActivity",
                    "com.google.android.gms.common.api.GoogleApiActivity",
                    "com.consoliads.mediation.permissionsHandler.PermissionActivity",
                    "com.consoliads.sdk.videoads.VideoActivity",
                    "com.unity.purchasing.googleplay.PurchaseActivity",
                    "com.unity.purchasing.googleplay.VRPurchaseActivity",
                    "com.ironsource.sdk.controller.ControllerActivity",
                    "com.ironsource.sdk.controller.InterstitialActivity",
                    "com.ironsource.sdk.controller.OpenUrlActivity",
                    "com.unity3d.services.ads.adunit.AdUnitActivity",
                    "com.unity3d.services.ads.adunit.AdUnitTransparentActivity",
                    "com.unity3d.services.ads.adunit.AdUnitTransparentSoftwareActivity",
                    "com.unity3d.services.ads.adunit.AdUnitSoftwareActivity"
                ],
                "certificate": {
                    "Subject": {
                        "DN": "C:44000, CN:kablam games, L:islamabad, O:KablamGames, ST:fedral, OU:ausomatic",
                        "C": "44000",
                        "CN": "kablam games",
                        "L": "islamabad",
                        "O": "KablamGames",
                        "ST": "fedral",
                        "OU": "ausomatic"
                    },
                    "validto": "2068-11-10 12:50:16",
                    "serialnumber": "2f6bceb0",
                    "thumbprint": "520e2e456023140def5bc4293f775c857db8a030",
                    "validfrom": "2018-11-23 12:50:16",
                    "Issuer": {
                        "DN": "C:44000, CN:kablam games, L:islamabad, O:KablamGames, ST:fedral, OU:ausomatic",
                        "C": "44000",
                        "CN": "kablam games",
                        "L": "islamabad",
                        "O": "KablamGames",
                        "ST": "fedral",
                        "OU": "ausomatic"
                    }
                },
                "AndroidApplication": 1,
                "RiskIndicator": {
                    "APK": {
                        "DEX": 1,
                        "SHARED LIBRARIES": 5
                    },
                    "PERM": {
                        "DANGEROUS": 2,
                        "NORMAL": 3,
                        "INSTANT": 2,
                        "INTERNET": 1
                    }
                },
                "Services": [
                    "com.facebook.ads.internal.ipc.AdsProcessPriorityService",
                    "com.facebook.ads.internal.ipc.AdsMessengerService"
                ],
                "AndroidVersionCode": "6",
                "main_activity": "com.unity3d.player.UnityPlayerActivity",
                "Package": "com.kablamgames.shark.dodge.hungry.hunting.attack.games",
                "intent_filters": {
                    "Activities": {
                        "com.unity.purchasing.googleplay.VRPurchaseActivity": {
                            "action": [
                                "com.google.vr.vrcore.ACTION_NONE"
                            ],
                            "category": [
                                "com.google.intent.category.DAYDREAM"
                            ]
                        },
                        "com.unity3d.player.UnityPlayerActivity": {
                            "action": [
                                "android.intent.action.MAIN"
                            ],
                            "category": [
                                "android.intent.category.LAUNCHER",
                                "android.intent.category.LEANBACK_LAUNCHER"
                            ]
                        }
                    },
                    "Receivers": {
                        "com.consoliads.sdk.AppInstallationReceiver": {
                            "action": [
                                "android.intent.action.PACKAGE_INSTALL",
                                "android.intent.action.PACKAGE_ADDED"
                            ]
                        }
                    }
                },
                "AndroidVersionName": "1.5",
                "TargetSdkVersion": "28",
                "AndroidApplicationInfo": "APK",
                "permission_details": {
                    "android.permission.VIBRATE": {
                        "short_description": "control vibration",
                        "full_description": "Allows the app to control the vibrator.",
                        "permission_type": "normal|instant"
                    },
                    "android.permission.READ_EXTERNAL_STORAGE": {
                        "short_description": "read the contents of your SD card",
                        "full_description": "Allows the app to read the contents of your SD card.",
                        "permission_type": "dangerous"
                    },
                    "com.google.android.c2dm.permission.RECEIVE": {
                        "short_description": "Unknown permission from android reference",
                        "full_description": "Unknown permission from android reference",
                        "permission_type": "normal"
                    },
                    "android.permission.ACCESS_WIFI_STATE": {
                        "short_description": "view Wi-Fi connections",
                        "full_description": "Allows the app to view information\n      about Wi-Fi networking, such as whether Wi-Fi is enabled and name of\n      connected Wi-Fi devices.",
                        "permission_type": "normal"
                    },
                    "android.permission.ACCESS_NETWORK_STATE": {
                        "short_description": "view network connections",
                        "full_description": "Allows the app to view\n      information about network connections such as which networks exist and are\n      connected.",
                        "permission_type": "normal|instant"
                    },
                    "android.permission.INTERNET": {
                        "short_description": "have full network access",
                        "full_description": "Allows the app to create\n     network sockets and use custom network protocols. The browser and other\n     applications provide means to send data to the internet, so this\n     permission is not required to send data to the internet.",
                        "permission_type": "normal|instant"
                    },
                    "android.permission.WRITE_EXTERNAL_STORAGE": {
                        "short_description": "modify or delete the contents of your SD card",
                        "full_description": "Allows the app to write to the SD card.",
                        "permission_type": "dangerous"
                    },
                    "com.android.vending.BILLING": {
                        "short_description": "Unknown permission from android reference",
                        "full_description": "Unknown permission from android reference",
                        "permission_type": "normal"
                    }
                },
                "Receivers": [
                    "com.consoliads.sdk.AppInstallationReceiver"
                ],
                "StringsInformation": [
                    "http://%s:%d/%s",
                    "http://market.android.com/",
                    "http://play.google.com/store/apps/",
                    "http://play.google.com/store/apps/category/GAME",
                    "http://schemas.android.com/apk/res/android",
                    "http://schemas.applovin.com/android/1.0",
                    "http://www.example.com",
                    "http://www.facebook.com",
                    "http://www.google.com",
                    "https://a.applovin.com/",
                    "https://a.applvn.com/",
                    "https://adc3-launch-staging.adcolony.com/v4/launch",
                    "https://adc3-launch.adcolony.com/v4/launch",
                    "https://app.appsflyer.com/",
                    "https://assets.applovin.com/gdpr/flow_v1/gdpr-flow-1.html",
                    "https://config.unityads.unity3d.com/webview/",
                    "https://consoliads-4urgcdcszyltlzr3.stackpathdns.com/images/",
                    "https://consoliads-4urgcdcszyltlzr3.stackpathdns.com/images/2408/7134/9_16_image.png",
                    "https://csi.gstatic.com/csi",
                    "https://d.applovin.com/",
                    "https://d.applvn.com/",
                    "https://googleads.g.doubleclick.net/mads/static/mad/sdk/native/mraid/v2/mraid_app_banner.js",
                    "https://googleads.g.doubleclick.net/mads/static/mad/sdk/native/mraid/v2/mraid_app_expanded_banner.js",
                    "https://googleads.g.doubleclick.net/mads/static/mad/sdk/native/mraid/v2/mraid_app_interstitial.js",
                    "https://googleads.g.doubleclick.net/mads/static/mad/sdk/native/native_ads.html",
                    "https://googleads.g.doubleclick.net/mads/static/mad/sdk/native/production/native_ads.js",
                    "https://googleads.g.doubleclick.net/mads/static/mad/sdk/native/production/sdk-core-v40-impl.js",
                    "https://googleads.g.doubleclick.net/mads/static/mad/sdk/native/sdk-core-v40.html",
                    "https://graph.%s.facebook.com/693953940997901/bugs",
                    "https://graph.%s.facebook.com/network_ads_common",
                    "https://graph.facebook.com/693953940997901/bugs",
                    "https://graph.facebook.com/network_ads_common",
                    "https://images2.alphacoders.com/689/thumb-1920-689233.jpg",
                    "https://imasdk.googleapis.com/admob/sdkloader/native_video.html",
                    "https://init.supersonicads.com/sdk/v",
                    "https://live.chartboost.com",
                    "https://mobile-static.adsafeprotected.com/avid-v2.js",
                    "https://mobilelogs.supersonic.com",
                    "https://ms.applovin.com/",
                    "https://ms.applvn.com/",
                    "https://outcome.supersonicads.com/mediation/",
                    "https://pagead2.googlesyndication.com/pagead/gen_204",
                    "https://pagead2.googlesyndication.com/pagead/gen_204?id=gmob-apps",
                    "https://play.google.com/store/apps/details",
                    "https://play.google.com/store/apps/details?id=",
                    "https://play.google.com/store/apps/details?id=%1$s&rdid=%1$s&rdot=%2$d",
                    "https://play.google.com/store/apps/details?referrer=appitup&id=",
                    "https://plus.google.com/",
                    "https://plus.google.com/%s/about",
                    "https://px.moatads.com/pixel.gif?e=0&i=MOATSDK1&ac=1",
                    "https://raw.githubusercontent.com/danikula/AndroidVideoCache/master/files/orange1.mp4",
                    "https://raw.githubusercontent.com/danikula/AndroidVideoCache/master/files/orange2.mp4",
                    "https://rt.applovin.com/",
                    "https://rt.applvn.com/",
                    "https://rubick.gameanalytics.com/v2/command_center?game_key=",
                    "https://sdk.consoliads.com/admin",
                    "https://sdk.consoliads.com/admin/api/",
                    "https://support.google.com/dfp_premium/answer/7160685#push",
                    "https://track.atom-data.io",
                    "https://vid.applovin.com/,https://pdn.applovin.com/,https://img.applovin.com/,https://d.applovin.com/,https://assets.applovin.com/,https://cdnjs.cloudflare.com/,http://vid.applovin.com/,http://pdn.applovin.com/,http://img.applovin.com/,http://d.applovin.com/,http://assets.applovin.com/,http://cdnjs.cloudflare.com/",
                    "https://wd.adcolony.com/logs",
                    "https://www.%s.facebook.com",
                    "https://www.%s.facebook.com/adnw_logging/",
                    "https://www.%s.facebook.com/audience_network/server_side_reward",
                    "https://www.example.com",
                    "https://www.facebook.com/",
                    "https://www.facebook.com/adnw_logging/",
                    "https://www.facebook.com/audience_network/server_side_reward",
                    "https://www.google.com",
                    "https://www.google.com/dfp/debugSignals",
                    "https://www.google.com/dfp/inAppPreview",
                    "https://www.google.com/dfp/linkDevice",
                    "https://www.google.com/dfp/sendDebugData",
                    "https://www.googleapis.com/auth/appstate",
                    "https://www.googleapis.com/auth/connections.read",
                    "https://www.googleapis.com/auth/datastoremobile",
                    "https://www.googleapis.com/auth/display_ads",
                    "https://www.googleapis.com/auth/drive",
                    "https://www.googleapis.com/auth/drive.appdata",
                    "https://www.googleapis.com/auth/drive.apps",
                    "https://www.googleapis.com/auth/drive.file",
                    "https://www.googleapis.com/auth/fitness.activity.read",
                    "https://www.googleapis.com/auth/fitness.activity.write",
                    "https://www.googleapis.com/auth/fitness.blood_glucose.read",
                    "https://www.googleapis.com/auth/fitness.blood_glucose.write",
                    "https://www.googleapis.com/auth/fitness.blood_pressure.read",
                    "https://www.googleapis.com/auth/fitness.blood_pressure.write",
                    "https://www.googleapis.com/auth/fitness.body.read",
                    "https://www.googleapis.com/auth/fitness.body.write",
                    "https://www.googleapis.com/auth/fitness.body_temperature.read",
                    "https://www.googleapis.com/auth/fitness.body_temperature.write",
                    "https://www.googleapis.com/auth/fitness.location.read",
                    "https://www.googleapis.com/auth/fitness.location.write",
                    "https://www.googleapis.com/auth/fitness.nutrition.read",
                    "https://www.googleapis.com/auth/fitness.nutrition.write",
                    "https://www.googleapis.com/auth/fitness.oxygen_saturation.read",
                    "https://www.googleapis.com/auth/fitness.oxygen_saturation.write",
                    "https://www.googleapis.com/auth/fitness.reproductive_health.read",
                    "https://www.googleapis.com/auth/fitness.reproductive_health.write",
                    "https://www.googleapis.com/auth/games"
                ]
            },
            "magic": "Zip archive data",
            "last_analysis_stats": {
                "harmless": 0,
                "type-unsupported": 9,
                "suspicious": 0,
                "confirmed-timeout": 0,
                "timeout": 2,
                "failure": 0,
                "malicious": 1,
                "undetected": 61
            },
            "meaningful_name": "000299A579851B8940000FFD70779B469025FB6CA6B2667632F5DD1444B13545.apk",
            "reputation": 0
        },
        "type": "file",
        "id": "000299a579851b8940000ffd70779b469025fb6ca6b2667632f5dd1444b13545",
        "links": {
            "self": "https://www.virustotal.com/api/v3/files/000299a579851b8940000ffd70779b469025fb6ca6b2667632f5dd1444b13545"
        }
    }
}