{
    "data": {
        "attributes": {
            "type_description": "Android",
            "tlsh": "T1AC272393E329A02FDCFB5532896A426391585F448991E71F390DF25C6BB3AC42F89FD0",
            "vhash": "88bd38bc5da11c0b86feac9ffa2fcac5",
            "trid": [
                {
                    "file_type": "Android Package",
                    "probability": 41.1
                },
                {
                    "file_type": "Java Archive",
                    "probability": 14.4
                },
                {
                    "file_type": "BlueEyes Animation",
                    "probability": 14.4
                },
                {
                    "file_type": "VYM Mind Map",
                    "probability": 13.3
                },
                {
                    "file_type": "Sweet Home 3D design (generic)",
                    "probability": 11.2
                }
            ],
            "names": [
                "5B90A0A36A227F4785564449537A4BC6"
            ],
            "last_modification_date": 1633767937,
            "type_tag": "android",
            "times_submitted": 2,
            "total_votes": {
                "harmless": 0,
                "malicious": 0
            },
            "size": 21826779,
            "popular_threat_classification": {
                "suggested_threat_label": "triada",
                "popular_threat_name": [
                    {
                        "count": 2,
                        "value": "triada"
                    }
                ]
            },
            "last_submission_date": 1632986169,
            "reputation": 0,
            "sha256": "0002ae4d2cc7b678ccb2eb230e76d825922eca80e05aec60f9a0314fc0479ce9",
            "type_extension": "apk",
            "tags": [
                "apk",
                "android",
                "reflection",
                "contains-elf"
            ],
            "last_analysis_date": 1633756471,
            "unique_sources": 2,
            "first_submission_date": 1630775922,
            "sha1": "606f07821e6e653260a37854feab327a701b081f",
            "ssdeep": "393216:HkQW7CrTWSIAvEGrD29p63vNzpZnPjc29YJ0bECWpDid9c+UPNP5h:HdBr1MGfip63JpZnPLYKACWta+fNBh",
            "bundle_info": {
                "highest_datetime": "1981-01-01 01:01:02",
                "lowest_datetime": "1981-01-01 01:01:02",
                "num_children": 2179,
                "extensions": {
                    "xml": 275,
                    "dex": 6,
                    "MF": 1,
                    "pro": 1,
                    "gz": 1,
                    "otf": 1,
                    "mp3": 9,
                    "txt": 3,
                    "ttf": 7,
                    "png": 36
                },
                "file_types": {
                    "XML": 275,
                    "DEX": 6,
                    "unknown": 672,
                    "ELF": 1,
                    "HTML": 1,
                    "MP3": 9,
                    "PNG": 36
                },
                "type": "APK",
                "uncompressed_size": 42656739
            },
            "md5": "5b90a0a36a227f4785564449537a4bc6",
            "androguard": {
                "VTAndroidInfo": 2.0,
                "Libraries": [
                    "org.apache.http.legacy"
                ],
                "AndroidApplicationError": false,
                "MinSdkVersion": "23",
                "AndroguardVersion": "3.4.0a1",
                "Activities": [
                    "com.gspl.gamer.Activity.Login",
                    "com.gspl.gamer.Activity.Walk_Through",
                    "com.gspl.gamer.Activity.Questions",
                    "com.gspl.gamer.Activity.CheckMobi_Login",
                    "com.gspl.gamer.Activity.Home",
                    "com.gspl.gamer.Activity.Help",
                    "com.gspl.gamer.Activity.Tournaments_Piano",
                    "com.gspl.gamer.Activity.Run_Job",
                    "com.gspl.gamer.Activity.Redeem_New",
                    "com.gspl.gamer.Activity.History",
                    "com.gspl.gamer.Activity.Lucky_Draw",
                    "com.gspl.gamer.Activity.Lucky_Number",
                    "com.gspl.gamer.Activity.Invite",
                    "com.gspl.gamer.Activity.Draw_RP",
                    "com.gspl.gamer.Activity.webweb2",
                    "com.gspl.gamer.Activity.MyRef",
                    "com.gspl.gamer.Activity.VerificationPhone",
                    "com.gspl.gamer.Activity.Verification_OTP",
                    "com.gspl.gamer.Activity.Leaderboard",
                    "com.gspl.gamer.Activity.Ref_History",
                    "com.gspl.gamer.Activity.webweb3",
                    "com.gspl.gamer.Activity.Email_Login",
                    "com.gspl.gamer.Activity.Email_Login_1",
                    "com.gspl.gamer.Activity.Game_Tiles",
                    "com.gspl.gamer.Activity.Tournament_List",
                    "com.gspl.gamer.Activity.Tournaments_Start",
                    "com.ayetstudios.publishersdk.OfferwallActivity",
                    "com.ayetstudios.publishersdk.VideoActivity",
                    "com.tapjoy.TJAdUnitActivity",
                    "com.tapjoy.TJContentActivity",
                    "com.adscendmedia.sdk.ui.OffersActivity",
                    "com.adscendmedia.sdk.ui.FiltersActivity",
                    "com.adscendmedia.sdk.ui.SupportActivity",
                    "com.adscendmedia.sdk.ui.RewardedVideoActivity",
                    "com.adscendmedia.sdk.ui.MarketResearchActivity",
                    "com.adscendmedia.sdk.ui.AnswersListActivity",
                    "com.adscendmedia.sdk.ui.OfferWebViewActivity",
                    "com.adscendmedia.sdk.ui.RewardedVideoPlayActivity",
                    "io.adjoe.sdk.AdjoeActivity",
                    "com.makeopinion.cpxresearchlib.views.CPXWebViewActivity",
                    "ai.bitlabs.sdk.WebActivity",
                    "com.facebook.FacebookActivity",
                    "com.facebook.CustomTabMainActivity",
                    "com.facebook.CustomTabActivity",
                    "com.facetec.zoom.sdk.ZoomSessionActivity",
                    "com.ironsource.sdk.controller.ControllerActivity",
                    "com.ironsource.sdk.controller.InterstitialActivity",
                    "com.ironsource.sdk.controller.OpenUrlActivity",
                    "com.applovin.adview.AppLovinInterstitialActivity",
                    "com.applovin.adview.AppLovinFullscreenActivity",
                    "com.applovin.sdk.AppLovinWebViewActivity",
                    "com.my.target.common.MyTargetActivity",
                    "com.adcolony.sdk.AdColonyInterstitialActivity",
                    "com.adcolony.sdk.AdColonyAdViewActivity",
                    "com.google.android.gms.ads.AdActivity",
                    "com.vungle.warren.ui.VungleActivity",
                    "com.yodo1.mas.mediation.yodo1.kit.Yodo1VPActivity",
                    "com.onesignal.NotificationOpenedActivityHMS",
                    "com.onesignal.PermissionsActivity",
                    "theoremreach.com.theoremreach.RewardCenterActivity",
                    "theoremreach.com.theoremreach.MomentSurveyActivity",
                    "com.pollfish.internal.PollfishOverlayActivity",
                    "com.adgem.android.internal.VideoAdActivity",
                    "com.adgem.android.internal.WebViewAdActivity",
                    "com.adgem.android.internal.EndCardActivity",
                    "com.adgem.android.internal.offerwall.OfferWallActivity",
                    "com.adgatemedia.sdk.activities.AdgateWebViewActivity",
                    "com.adgatemedia.sdk.activities.AdgatePlayVideoActivity",
                    "com.tapjoy.mraid.view.ActionHandler",
                    "com.tapjoy.mraid.view.Browser",
                    "com.tapr.internal.activities.survey.SurveyActivity",
                    "com.startapp.sdk.adsbase.consent.ConsentActivity",
                    "com.startapp.sdk.ads.list3d.List3DActivity",
                    "com.startapp.sdk.ads.interstitials.OverlayActivity",
                    "com.inbrain.sdk.SurveysActivity",
                    "com.fyber.ads.ofw.OfferWallActivity",
                    "com.offertoro.sdk.ui.activity.OfferToroWallActivity",
                    "com.offertoro.sdk.ui.activity.UserInfoActivity",
                    "com.offertoro.sdk.ui.activity.MissingActivity",
                    "com.offertoro.sdk.ui.activity.WebViewActivity",
                    "com.applovin.mediation.MaxDebuggerActivity",
                    "com.applovin.mediation.MaxDebuggerDetailActivity",
                    "com.applovin.mediation.MaxDebuggerMultiAdActivity",
                    "com.applovin.mediation.MaxDebuggerAdUnitsListActivity",
                    "com.applovin.mediation.MaxDebuggerAdUnitDetailActivity",
                    "com.google.android.gms.auth.api.signin.internal.SignInHubActivity",
                    "com.facebook.ads.AudienceNetworkActivity",
                    "com.google.android.gms.common.api.GoogleApiActivity",
                    "com.yandex.mobile.ads.AdActivity",
                    "com.unity3d.services.ads.adunit.AdUnitActivity",
                    "com.unity3d.services.ads.adunit.AdUnitTransparentActivity",
                    "com.unity3d.services.ads.adunit.AdUnitTransparentSoftwareActivity",
                    "com.unity3d.services.ads.adunit.AdUnitSoftwareActivity",
                    "com.fyber.inneractive.sdk.activities.InneractiveInternalBrowserActivity",
                    "com.fyber.inneractive.sdk.activities.InneractiveFullscreenAdActivity",
                    "com.fyber.inneractive.sdk.activities.InneractiveRichMediaVideoPlayerActivityCore",
                    "com.inmobi.ads.rendering.InMobiAdActivity",
                    "com.bytedance.sdk.openadsdk.activity.TTLandingPageActivity",
                    "com.bytedance.sdk.openadsdk.activity.TTPlayableLandingPageActivity",
                    "com.bytedance.sdk.openadsdk.activity.TTVideoLandingPageActivity"
                ],
                "certificate": {
                    "Subject": {
                        "DN": "CN:aj",
                        "CN": "aj"
                    },
                    "validto": "2144-11-05 05:18:53",
                    "serialnumber": "315e4295",
                    "thumbprint": "e646beed412f476ebdb410e6d7211e622a7a97dd",
                    "validfrom": "2019-12-06 05:18:53",
                    "Issuer": {
                        "DN": "CN:aj",
                        "CN": "aj"
                    }
                },
                "AndroidApplication": 1,
                "RiskIndicator": {
                    "APK": {
                        "DEX": 1,
                        "SHARED LIBRARIES": 1
                    },
                    "PERM": {
                        "DEVELOPMENT": 1,
                        "INSTANT": 3,
                        "NORMAL": 8,
                        "DANGEROUS": 2,
                        "APPOP": 1,
                        "INTERNET": 1,
                        "SIGNATURE": 1,
                        "PRIVILEGED": 1
                    }
                },
                "Services": [
                    "io.adjoe.sdk.AppTrackingService",
                    "io.adjoe.sdk.AppTrackingJob",
                    "io.adjoe.sdk.DeviceStatusService",
                    "com.onesignal.HmsMessageServiceOneSignal",
                    "com.onesignal.GcmIntentService",
                    "com.onesignal.GcmIntentJobService",
                    "com.onesignal.RestoreJobService",
                    "com.onesignal.RestoreKickoffJobService",
                    "com.onesignal.SyncService",
                    "com.onesignal.SyncJobService",
                    "com.onesignal.NotificationRestoreService",
                    "com.google.android.gms.ads.AdService",
                    "androidx.work.impl.background.systemalarm.SystemAlarmService",
                    "androidx.work.impl.background.systemjob.SystemJobService",
                    "com.startapp.sdk.cachedservice.BackgroundService",
                    "com.startapp.sdk.jobs.SchedulerService",
                    "com.google.firebase.messaging.FirebaseMessagingService",
                    "androidx.room.MultiInstanceInvalidationService",
                    "com.google.firebase.components.ComponentDiscoveryService",
                    "com.applovin.impl.sdk.utils.AppKilledService",
                    "com.applovin.impl.adview.activity.FullscreenAdService",
                    "com.google.android.gms.auth.api.signin.RevocationBoundService",
                    "com.yandex.metrica.MetricaService",
                    "com.yandex.metrica.ConfigurationService",
                    "com.yandex.metrica.ConfigurationJobService",
                    "com.bytedance.sdk.openadsdk.multipro.aidl.BinderPoolService"
                ],
                "AndroidVersionCode": "78",
                "main_activity": "com.gspl.gamer.Activity.Login",
                "Package": "com.gspl.gamer",
                "intent_filters": {
                    "Services": {
                        "com.yandex.metrica.MetricaService": {
                            "action": [
                                "com.yandex.metrica.IMetricaService"
                            ],
                            "category": [
                                "android.intent.category.DEFAULT"
                            ]
                        },
                        "com.google.firebase.messaging.FirebaseMessagingService": {
                            "action": [
                                "com.google.firebase.MESSAGING_EVENT"
                            ]
                        },
                        "com.yandex.metrica.ConfigurationService": {
                            "action": [
                                "com.yandex.metrica.configuration.ACTION_INIT"
                            ]
                        },
                        "com.onesignal.HmsMessageServiceOneSignal": {
                            "action": [
                                "com.huawei.push.action.MESSAGING_EVENT"
                            ]
                        }
                    },
                    "Activities": {
                        "com.onesignal.NotificationOpenedActivityHMS": {
                            "action": [
                                "android.intent.action.VIEW"
                            ]
                        },
                        "com.gspl.gamer.Activity.Login": {
                            "action": [
                                "android.intent.action.MAIN"
                            ],
                            "category": [
                                "android.intent.category.LAUNCHER"
                            ]
                        },
                        "com.facebook.CustomTabActivity": {
                            "action": [
                                "android.intent.action.VIEW"
                            ],
                            "category": [
                                "android.intent.category.DEFAULT",
                                "android.intent.category.BROWSABLE"
                            ]
                        },
                        "io.adjoe.sdk.AdjoeActivity": {
                            "action": [
                                "android.intent.action.VIEW"
                            ],
                            "category": [
                                "android.intent.category.BROWSABLE",
                                "android.intent.category.DEFAULT"
                            ]
                        }
                    },
                    "Receivers": {
                        "androidx.work.impl.background.systemalarm.ConstraintProxy$BatteryNotLowProxy": {
                            "action": [
                                "android.intent.action.BATTERY_OKAY",
                                "android.intent.action.BATTERY_LOW"
                            ]
                        },
                        "com.offertoro.sdk.sdk.OfferToroReceiver": {
                            "action": [
                                "com.offertoro_video.sdk.CALLBACK_INTENT"
                            ]
                        },
                        "com.yandex.metrica.ConfigurationServiceReceiver": {
                            "action": [
                                "com.yandex.metrica.configuration.service.PLC"
                            ]
                        },
                        "androidx.work.impl.background.systemalarm.ConstraintProxy$BatteryChargingProxy": {
                            "action": [
                                "android.intent.action.ACTION_POWER_CONNECTED",
                                "android.intent.action.ACTION_POWER_DISCONNECTED"
                            ]
                        },
                        "androidx.work.impl.background.systemalarm.RescheduleReceiver": {
                            "action": [
                                "android.intent.action.BOOT_COMPLETED",
                                "android.intent.action.TIME_SET",
                                "android.intent.action.TIMEZONE_CHANGED"
                            ]
                        },
                        "com.fyber.inneractive.sdk.video.IAVideoKit": {
                            "action": [
                                "com.fyber.inneractive.sdk.intent.action.REGISTER_KIT"
                            ]
                        },
                        "com.onesignal.UpgradeReceiver": {
                            "action": [
                                "android.intent.action.MY_PACKAGE_REPLACED"
                            ]
                        },
                        "com.yandex.metrica.MetricaEventHandler": {
                            "action": [
                                "com.android.vending.INSTALL_REFERRER"
                            ]
                        },
                        "androidx.work.impl.background.systemalarm.ConstraintProxy$NetworkStateProxy": {
                            "action": [
                                "android.net.conn.CONNECTIVITY_CHANGE"
                            ]
                        },
                        "io.adjoe.protection.PhoneVerificationBroadcastReceiver": {
                            "action": [
                                "com.google.android.gms.auth.api.phone.SMS_RETRIEVED"
                            ]
                        },
                        "androidx.work.impl.background.systemalarm.ConstraintProxyUpdateReceiver": {
                            "action": [
                                "androidx.work.impl.background.systemalarm.UpdateProxies"
                            ]
                        },
                        "com.onesignal.GcmBroadcastReceiver": {
                            "action": [
                                "com.google.android.c2dm.intent.RECEIVE"
                            ],
                            "category": [
                                "com.gspl.gamer"
                            ]
                        },
                        "androidx.work.impl.background.systemalarm.ConstraintProxy$StorageNotLowProxy": {
                            "action": [
                                "android.intent.action.DEVICE_STORAGE_LOW",
                                "android.intent.action.DEVICE_STORAGE_OK"
                            ]
                        },
                        "com.facebook.CurrentAccessTokenExpirationBroadcastReceiver": {
                            "action": [
                                "com.facebook.sdk.ACTION_CURRENT_ACCESS_TOKEN_CHANGED"
                            ]
                        },
                        "com.ayetstudios.publishersdk.TrackingReceiver": {
                            "action": [
                                "com.android.vending.INSTALL_REFERRER"
                            ]
                        },
                        "com.startapp.sdk.adsbase.remoteconfig.BootCompleteListener": {
                            "action": [
                                "android.intent.action.BOOT_COMPLETED"
                            ]
                        },
                        "com.fyber.inneractive.sdk.mraid.IAMraidKit": {
                            "action": [
                                "com.fyber.inneractive.sdk.intent.action.REGISTER_KIT"
                            ]
                        },
                        "io.adjoe.sdk.DeviceStatusTracker": {
                            "action": [
                                "android.intent.action.BOOT_COMPLETED",
                                "android.intent.action.USER_PRESENT"
                            ]
                        },
                        "com.onesignal.BootUpReceiver": {
                            "action": [
                                "android.intent.action.BOOT_COMPLETED",
                                "android.intent.action.QUICKBOOT_POWERON"
                            ]
                        },
                        "com.google.firebase.iid.FirebaseInstanceIdReceiver": {
                            "action": [
                                "com.google.android.c2dm.intent.RECEIVE"
                            ]
                        },
                        "com.vungle.warren.NetworkProviderReceiver": {
                            "action": [
                                "android.net.conn.CONNECTIVITY_CHANGE"
                            ],
                            "category": [
                                "android.intent.category.DEFAULT"
                            ]
                        },
                        "io.adjoe.sdk.AdjoePackageInstallReceiver": {
                            "action": [
                                "android.intent.action.PACKAGE_ADDED"
                            ]
                        }
                    }
                },
                "AndroidVersionName": "1.7.8",
                "TargetSdkVersion": "30",
                "AndroidApplicationInfo": "APK",
                "Providers": [
                    "io.adjoe.sdk.SharedPreferencesProvider",
                    "io.adjoe.sdk.DatabaseContentProvider",
                    "com.bytedance.sdk.openadsdk.multipro.TTMultiProvider",
                    "com.vungle.warren.utility.VungleProvider",
                    "com.adgem.android.internal.BootstrapContextProvider",
                    "com.google.android.gms.ads.MobileAdsInitProvider",
                    "androidx.work.impl.WorkManagerInitializer",
                    "com.flurry.android.agent.FlurryContentProvider",
                    "com.facebook.internal.FacebookInitProvider",
                    "com.squareup.picasso.PicassoProvider",
                    "com.google.firebase.provider.FirebaseInitProvider",
                    "com.facebook.ads.AudienceNetworkContentProvider",
                    "androidx.lifecycle.ProcessLifecycleOwnerInitializer",
                    "com.ironsource.lifecycle.IronsourceLifecycleProvider",
                    "com.yandex.metrica.PreloadInfoContentProvider",
                    "com.yodo1.onlineconfig.Yodo1OlConfigProvider"
                ],
                "permission_details": {
                    "android.permission.CHANGE_NETWORK_STATE": {
                        "short_description": "change network connectivity",
                        "full_description": "Allows the app to change the state of network connectivity.",
                        "permission_type": "normal"
                    },
                    "com.huawei.android.launcher.permission.WRITE_SETTINGS": {
                        "short_description": "Unknown permission from android reference",
                        "full_description": "Unknown permission from android reference",
                        "permission_type": "normal"
                    },
                    "com.huawei.android.launcher.permission.CHANGE_BADGE": {
                        "short_description": "Unknown permission from android reference",
                        "full_description": "Unknown permission from android reference",
                        "permission_type": "normal"
                    },
                    "android.permission.INTERNET": {
                        "short_description": "have full network access",
                        "full_description": "Allows the app to create\n     network sockets and use custom network protocols. The browser and other\n     applications provide means to send data to the internet, so this\n     permission is not required to send data to the internet.",
                        "permission_type": "normal|instant"
                    },
                    "com.oppo.launcher.permission.READ_SETTINGS": {
                        "short_description": "Unknown permission from android reference",
                        "full_description": "Unknown permission from android reference",
                        "permission_type": "normal"
                    },
                    "com.truecaller.permission.sdk.internal.read_account_state": {
                        "short_description": "Unknown permission from android reference",
                        "full_description": "Unknown permission from android reference",
                        "permission_type": "normal"
                    },
                    "android.permission.PACKAGE_USAGE_STATS": {
                        "short_description": "",
                        "full_description": "",
                        "permission_type": "signature|privileged|development|appop"
                    },
                    "com.sec.android.provider.badge.permission.WRITE": {
                        "short_description": "Unknown permission from android reference",
                        "full_description": "Unknown permission from android reference",
                        "permission_type": "normal"
                    },
                    "com.majeur.launcher.permission.UPDATE_BADGE": {
                        "short_description": "Unknown permission from android reference",
                        "full_description": "Unknown permission from android reference",
                        "permission_type": "normal"
                    },
                    "com.google.android.c2dm.permission.RECEIVE": {
                        "short_description": "Unknown permission from android reference",
                        "full_description": "Unknown permission from android reference",
                        "permission_type": "normal"
                    },
                    "android.permission.ACCESS_NETWORK_STATE": {
                        "short_description": "view network connections",
                        "full_description": "Allows the app to view\n      information about network connections such as which networks exist and are\n      connected.",
                        "permission_type": "normal|instant"
                    },
                    "android.permission.GET_TASKS": {
                        "short_description": "retrieve running apps",
                        "full_description": "Allows the app to retrieve information\n       about currently and recently running tasks.  This may allow the app to\n       discover information about which applications are used on the device.",
                        "permission_type": "normal"
                    },
                    "me.everything.badger.permission.BADGE_COUNT_READ": {
                        "short_description": "Unknown permission from android reference",
                        "full_description": "Unknown permission from android reference",
                        "permission_type": "normal"
                    },
                    "com.htc.launcher.permission.UPDATE_SHORTCUT": {
                        "short_description": "Unknown permission from android reference",
                        "full_description": "Unknown permission from android reference",
                        "permission_type": "normal"
                    },
                    "com.htc.launcher.permission.READ_SETTINGS": {
                        "short_description": "Unknown permission from android reference",
                        "full_description": "Unknown permission from android reference",
                        "permission_type": "normal"
                    },
                    "me.everything.badger.permission.BADGE_COUNT_WRITE": {
                        "short_description": "Unknown permission from android reference",
                        "full_description": "Unknown permission from android reference",
                        "permission_type": "normal"
                    },
                    "android.permission.WRITE_EXTERNAL_STORAGE": {
                        "short_description": "modify or delete the contents of your shared storage",
                        "full_description": "Allows the app to write the contents of your shared storage.",
                        "permission_type": "dangerous"
                    },
                    "android.permission.READ_EXTERNAL_STORAGE": {
                        "short_description": "read the contents of your shared storage",
                        "full_description": "Allows the app to read the contents of your shared storage.",
                        "permission_type": "dangerous"
                    },
                    "android.permission.RECEIVE_BOOT_COMPLETED": {
                        "short_description": "run at startup",
                        "full_description": "Allows the app to\n        have itself started as soon as the system has finished booting.\n        This can make it take longer to start the phone and allow the\n        app to slow down the overall phone by always running.",
                        "permission_type": "normal"
                    },
                    "com.anddoes.launcher.permission.UPDATE_COUNT": {
                        "short_description": "Unknown permission from android reference",
                        "full_description": "Unknown permission from android reference",
                        "permission_type": "normal"
                    },
                    "com.sonymobile.home.permission.PROVIDER_INSERT_BADGE": {
                        "short_description": "Unknown permission from android reference",
                        "full_description": "Unknown permission from android reference",
                        "permission_type": "normal"
                    },
                    "com.oppo.launcher.permission.WRITE_SETTINGS": {
                        "short_description": "Unknown permission from android reference",
                        "full_description": "Unknown permission from android reference",
                        "permission_type": "normal"
                    },
                    "com.gspl.gamer.permission.C2D_MESSAGE": {
                        "short_description": "Unknown permission from android reference",
                        "full_description": "Unknown permission from android reference",
                        "permission_type": "normal"
                    },
                    "android.permission.VIBRATE": {
                        "short_description": "control vibration",
                        "full_description": "Allows the app to control the vibrator.",
                        "permission_type": "normal|instant"
                    },
                    "com.huawei.android.launcher.permission.READ_SETTINGS": {
                        "short_description": "Unknown permission from android reference",
                        "full_description": "Unknown permission from android reference",
                        "permission_type": "normal"
                    },
                    "android.permission.ACCESS_WIFI_STATE": {
                        "short_description": "view Wi-Fi connections",
                        "full_description": "Allows the app to view information\n      about Wi-Fi networking, such as whether Wi-Fi is enabled and name of\n      connected Wi-Fi devices.",
                        "permission_type": "normal"
                    },
                    "android.permission.WAKE_LOCK": {
                        "short_description": "prevent phone from sleeping",
                        "full_description": "Allows the app to prevent the phone from going to sleep.",
                        "permission_type": "normal|instant"
                    },
                    "android.permission.CHANGE_WIFI_STATE": {
                        "short_description": "connect and disconnect from Wi-Fi",
                        "full_description": "Allows the app to connect to and\n      disconnect from Wi-Fi access points and to make changes to device\n      configuration for Wi-Fi networks.",
                        "permission_type": "normal"
                    },
                    "com.google.android.finsky.permission.BIND_GET_INSTALL_REFERRER_SERVICE": {
                        "short_description": "Unknown permission from android reference",
                        "full_description": "Unknown permission from android reference",
                        "permission_type": "normal"
                    },
                    "com.sonyericsson.home.permission.BROADCAST_BADGE": {
                        "short_description": "Unknown permission from android reference",
                        "full_description": "Unknown permission from android reference",
                        "permission_type": "normal"
                    },
                    "com.sec.android.provider.badge.permission.READ": {
                        "short_description": "Unknown permission from android reference",
                        "full_description": "Unknown permission from android reference",
                        "permission_type": "normal"
                    },
                    "android.permission.READ_APP_BADGE": {
                        "short_description": "Unknown permission from android reference",
                        "full_description": "Unknown permission from android reference",
                        "permission_type": "normal"
                    }
                },
                "Receivers": [
                    "com.ayetstudios.publishersdk.TrackingReceiver",
                    "io.adjoe.sdk.AppTrackingAlarmReceiver",
                    "io.adjoe.sdk.DeviceStatusTracker",
                    "io.adjoe.sdk.AdjoePackageInstallReceiver",
                    "io.adjoe.sdk.NotificationBroadcastReceiver",
                    "io.adjoe.protection.PhoneVerificationBroadcastReceiver",
                    "com.vungle.warren.NetworkProviderReceiver",
                    "com.onesignal.GcmBroadcastReceiver",
                    "com.onesignal.NotificationOpenedReceiver",
                    "com.onesignal.BootUpReceiver",
                    "com.onesignal.UpgradeReceiver",
                    "androidx.work.impl.utils.ForceStopRunnable$BroadcastReceiver",
                    "androidx.work.impl.background.systemalarm.ConstraintProxy$BatteryChargingProxy",
                    "androidx.work.impl.background.systemalarm.ConstraintProxy$BatteryNotLowProxy",
                    "androidx.work.impl.background.systemalarm.ConstraintProxy$StorageNotLowProxy",
                    "androidx.work.impl.background.systemalarm.ConstraintProxy$NetworkStateProxy",
                    "androidx.work.impl.background.systemalarm.RescheduleReceiver",
                    "androidx.work.impl.background.systemalarm.ConstraintProxyUpdateReceiver",
                    "com.startapp.sdk.adsbase.remoteconfig.BootCompleteListener",
                    "com.offertoro.sdk.sdk.OfferToroReceiver",
                    "com.facebook.CurrentAccessTokenExpirationBroadcastReceiver",
                    "com.google.firebase.iid.FirebaseInstanceIdReceiver",
                    "com.tapjoy.TapjoyReceiver",
                    "com.yandex.metrica.MetricaEventHandler",
                    "com.yandex.metrica.ConfigurationServiceReceiver",
                    "com.fyber.inneractive.sdk.video.IAVideoKit",
                    "com.fyber.inneractive.sdk.mraid.IAMraidKit"
                ],
                "StringsInformation": [
                    "http://127.0.0.1:",
                    "http://adscendmedia.com/publishers",
                    "http://schemas.android.com/apk/res/android",
                    "http://schemas.applovin.com/android/1.0",
                    "http://sf1-ttcdn-tos.pstatp.com/obj/ttfe/adfe/union_endcard/Lark20190725-175511.png",
                    "http://wall.adgaterewards.com/apiv1/vc/",
                    "https://.facebook.com",
                    "https://a.applovin.com/",
                    "https://a.applvn.com/",
                    "https://adc3-launch-staging.adcolony.com/v4/launch",
                    "https://adc3-launch.adcolony.com/v4/launch",
                    "https://api.adgem.com/v1/",
                    "https://api.bitlabs.ai/v1/client/check?platform=",
                    "https://api.bitlabs.ai/v1/client/networks/%s/surveys/%s/leave",
                    "https://api.bitlabs.ai/v1/client/settings",
                    "https://api.fyber.com/vcs/v1/new_credit.json",
                    "https://assets.applovin.com/gdpr/flow_v1/gdpr-flow-1.html",
                    "https://blank",
                    "https://d.applovin.com/",
                    "https://d.applvn.com/",
                    "https://extlog.snssdk.com/service/2/app_log/",
                    "https://facebook.com",
                    "https://facebook.com/device?user_code=%1$s&qr=1",
                    "https://graph-video.%s",
                    "https://graph.%s",
                    "https://is.snssdk.com",
                    "https://lf-hs-sg.ibytedtos.com/obj/union-platform-i18n/union_platform_gdpr_607_en.html",
                    "https://log-mva.isnssdk.com/service/2/app_log/",
                    "https://log.sgsnssdk.com/service/2/app_log/",
                    "https://ms.applovin.com/",
                    "https://ms.applvn.com/",
                    "https://offer.fyber.com/mobile",
                    "https://pangolin.snssdk.com",
                    "https://pangolin16.snssdk.com",
                    "https://play.google.com/store/apps/details?id=",
                    "https://prod-a.applovin.com,https://rt.applovin.com/4.0/pix, https://rt.applvn.com/4.0/pix,https://ms.applovin.com/,https://ms.applvn.com/",
                    "https://rt.applovin.com/",
                    "https://rt.applvn.com/",
                    "https://service.fyber.com/installs/v2",
                    "https://sf-tb-sg.ibytedtos.com/obj/ad-pattern-sg/renderer/package_sg.json",
                    "https://sf16-muse-va.ibytedtos.com/obj/ad-pattern-va/renderer/package_va.json",
                    "https://sf3-ttcdn-tos.pstatp.com/obj/ad-pattern/renderer/latest/index.html",
                    "https://vid.applovin.com/,https://pdn.applovin.com/,https://img.applovin.com/,https://d.applovin.com/,https://assets.applovin.com/,https://cdnjs.cloudflare.com/,http://vid.applovin.com/,http://pdn.applovin.com/,http://img.applovin.com/,http://d.applovin.com/,http://assets.applovin.com/,http://cdnjs.cloudflare.com/",
                    "https://video.adgaterewards.com/apiv1/av/",
                    "https://video.adgaterewards.com/apiv1/av/impression?os=android",
                    "https://video.adgaterewards.com/apiv1/av/video",
                    "https://wall.adgaterewards.com/",
                    "https://wd.adcolony.com/logs",
                    "https://web.bitlabs.ai/?uid=%s&token=%s%s",
                    "https://www.ayetstudios.com/Video/getEndcard/",
                    "https://www.ayetstudios.com/Video/showVideo/",
                    "https://www.example.com",
                    "https://www.facebook.com/adnw_logging/"
                ]
            },
            "magic": "Zip archive data",
            "last_analysis_stats": {
                "harmless": 0,
                "type-unsupported": 10,
                "suspicious": 0,
                "confirmed-timeout": 1,
                "timeout": 7,
                "failure": 0,
                "malicious": 2,
                "undetected": 54
            },
            "last_analysis_results": {
                "Bkav": {
                    "category": "undetected",
                    "engine_name": "Bkav",
                    "engine_version": "1.3.0.9899",
                    "result": null,
                    "method": "blacklist",
                    "engine_update": "20211009"
                },
                "Lionic": {
                    "category": "undetected",
                    "engine_name": "Lionic",
                    "engine_version": "4.2",
                    "result": null,
                    "method": "blacklist",
                    "engine_update": "20211009"
                },
                "Elastic": {
                    "category": "undetected",
                    "engine_name": "Elastic",
                    "engine_version": "4.0.29",
                    "result": null,
                    "method": "blacklist",
                    "engine_update": "20211005"
                },
                "MicroWorld-eScan": {
                    "category": "undetected",
                    "engine_name": "MicroWorld-eScan",
                    "engine_version": "14.0.409.0",
                    "result": null,
                    "method": "blacklist",
                    "engine_update": "20211009"
                },
                "FireEye": {
                    "category": "undetected",
                    "engine_name": "FireEye",
                    "engine_version": "32.44.1.0",
                    "result": null,
                    "method": "blacklist",
                    "engine_update": "20211009"
                },
                "CAT-QuickHeal": {
                    "category": "malicious",
                    "engine_name": "CAT-QuickHeal",
                    "engine_version": "14.00",
                    "result": "Android.Triada.A3714",
                    "method": "blacklist",
                    "engine_update": "20211009"
                },
                "McAfee": {
                    "category": "timeout",
                    "engine_name": "McAfee",
                    "engine_version": "6.0.6.653",
                    "result": null,
                    "method": "blacklist",
                    "engine_update": "20211009"
                },
                "ALYac": {
                    "category": "undetected",
                    "engine_name": "ALYac",
                    "engine_version": "1.1.3.1",
                    "result": null,
                    "method": "blacklist",
                    "engine_update": "20211008"
                },
                "Malwarebytes": {
                    "category": "undetected",
                    "engine_name": "Malwarebytes",
                    "engine_version": "4.2.2.27",
                    "result": null,
                    "method": "blacklist",
                    "engine_update": "20211009"
                },
                "Zillya": {
                    "category": "undetected",
                    "engine_name": "Zillya",
                    "engine_version": "2.0.0.4468",
                    "result": null,
                    "method": "blacklist",
                    "engine_update": "20211008"
                },
                "Paloalto": {
                    "category": "type-unsupported",
                    "engine_name": "Paloalto",
                    "engine_version": "1.0",
                    "result": null,
                    "method": "blacklist",
                    "engine_update": "20211009"
                },
                "Sangfor": {
                    "category": "timeout",
                    "engine_name": "Sangfor",
                    "engine_version": "2.9.0.0",
                    "result": null,
                    "method": "blacklist",
                    "engine_update": "20210930"
                },
                "Trustlook": {
                    "category": "undetected",
                    "engine_name": "Trustlook",
                    "engine_version": "1.0",
                    "result": null,
                    "method": "blacklist",
                    "engine_update": "20211009"
                },
                "Alibaba": {
                    "category": "undetected",
                    "engine_name": "Alibaba",
                    "engine_version": "0.3.0.5",
                    "result": null,
                    "method": "blacklist",
                    "engine_update": "20190527"
                },
                "K7GW": {
                    "category": "undetected",
                    "engine_name": "K7GW",
                    "engine_version": "11.219.38720",
                    "result": null,
                    "method": "blacklist",
                    "engine_update": "20211009"
                },
                "K7AntiVirus": {
                    "category": "undetected",
                    "engine_name": "K7AntiVirus",
                    "engine_version": "11.219.38722",
                    "result": null,
                    "method": "blacklist",
                    "engine_update": "20211009"
                },
                "Arcabit": {
                    "category": "undetected",
                    "engine_name": "Arcabit",
                    "engine_version": "1.0.0.886",
                    "result": null,
                    "method": "blacklist",
                    "engine_update": "20211009"
                },
                "BitDefenderTheta": {
                    "category": "undetected",
                    "engine_name": "BitDefenderTheta",
                    "engine_version": "7.2.37796.0",
                    "result": null,
                    "method": "blacklist",
                    "engine_update": "20210921"
                },
                "Cyren": {
                    "category": "undetected",
                    "engine_name": "Cyren",
                    "engine_version": "6.3.0.2",
                    "result": null,
                    "method": "blacklist",
                    "engine_update": "20211009"
                },
                "SymantecMobileInsight": {
                    "category": "undetected",
                    "engine_name": "SymantecMobileInsight",
                    "engine_version": "2.0",
                    "result": null,
                    "method": "blacklist",
                    "engine_update": "20210126"
                },
                "Symantec": {
                    "category": "undetected",
                    "engine_name": "Symantec",
                    "engine_version": "1.15.0.0",
                    "result": null,
                    "method": "blacklist",
                    "engine_update": "20211008"
                },
                "ESET-NOD32": {
                    "category": "undetected",
                    "engine_name": "ESET-NOD32",
                    "engine_version": "24095",
                    "result": null,
                    "method": "blacklist",
                    "engine_update": "20211009"
                },
                "Baidu": {
                    "category": "timeout",
                    "engine_name": "Baidu",
                    "engine_version": "1.0.0.2",
                    "result": null,
                    "method": "blacklist",
                    "engine_update": "20190318"
                },
                "TrendMicro-HouseCall": {
                    "category": "undetected",
                    "engine_name": "TrendMicro-HouseCall",
                    "engine_version": "10.0.0.1040",
                    "result": null,
                    "method": "blacklist",
                    "engine_update": "20211009"
                },
                "Avast": {
                    "category": "timeout",
                    "engine_name": "Avast",
                    "engine_version": "21.1.5827.0",
                    "result": null,
                    "method": "blacklist",
                    "engine_update": "20211009"
                },
                "ClamAV": {
                    "category": "undetected",
                    "engine_name": "ClamAV",
                    "engine_version": "0.104.0.0",
                    "result": null,
                    "method": "blacklist",
                    "engine_update": "20211008"
                },
                "Kaspersky": {
                    "category": "timeout",
                    "engine_name": "Kaspersky",
                    "engine_version": "21.0.1.45",
                    "result": null,
                    "method": "blacklist",
                    "engine_update": "20211009"
                },
                "BitDefender": {
                    "category": "undetected",
                    "engine_name": "BitDefender",
                    "engine_version": "7.2",
                    "result": null,
                    "method": "blacklist",
                    "engine_update": "20211009"
                },
                "NANO-Antivirus": {
                    "category": "undetected",
                    "engine_name": "NANO-Antivirus",
                    "engine_version": "1.0.146.25370",
                    "result": null,
                    "method": "blacklist",
                    "engine_update": "20211009"
                },
                "Cynet": {
                    "category": "type-unsupported",
                    "engine_name": "Cynet",
                    "engine_version": "4.0.0.27",
                    "result": null,
                    "method": "blacklist",
                    "engine_update": "20211009"
                },
                "SUPERAntiSpyware": {
                    "category": "undetected",
                    "engine_name": "SUPERAntiSpyware",
                    "engine_version": "5.6.0.1032",
                    "result": null,
                    "method": "blacklist",
                    "engine_update": "20211002"
                },
                "Tencent": {
                    "category": "undetected",
                    "engine_name": "Tencent",
                    "engine_version": "1.0.0.1",
                    "result": null,
                    "method": "blacklist",
                    "engine_update": "20211009"
                },
                "Ad-Aware": {
                    "category": "undetected",
                    "engine_name": "Ad-Aware",
                    "engine_version": "3.0.21.193",
                    "result": null,
                    "method": "blacklist",
                    "engine_update": "20211009"
                },
                "Emsisoft": {
                    "category": "undetected",
                    "engine_name": "Emsisoft",
                    "engine_version": "2021.5.0.7597",
                    "result": null,
                    "method": "blacklist",
                    "engine_update": "20211009"
                },
                "Comodo": {
                    "category": "undetected",
                    "engine_name": "Comodo",
                    "engine_version": "33971",
                    "result": null,
                    "method": "blacklist",
                    "engine_update": "20211009"
                },
                "F-Secure": {
                    "category": "undetected",
                    "engine_name": "F-Secure",
                    "engine_version": "12.0.86.52",
                    "result": null,
                    "method": "blacklist",
                    "engine_update": "20211009"
                },
                "DrWeb": {
                    "category": "undetected",
                    "engine_name": "DrWeb",
                    "engine_version": "7.0.49.9080",
                    "result": null,
                    "method": "blacklist",
                    "engine_update": "20211009"
                },
                "VIPRE": {
                    "category": "undetected",
                    "engine_name": "VIPRE",
                    "engine_version": "96078",
                    "result": null,
                    "method": "blacklist",
                    "engine_update": "20211009"
                },
                "TrendMicro": {
                    "category": "timeout",
                    "engine_name": "TrendMicro",
                    "engine_version": "11.0.0.1006",
                    "result": null,
                    "method": "blacklist",
                    "engine_update": "20211009"
                },
                "McAfee-GW-Edition": {
                    "category": "undetected",
                    "engine_name": "McAfee-GW-Edition",
                    "engine_version": "v2019.1.2+3728",
                    "result": null,
                    "method": "blacklist",
                    "engine_update": "20211008"
                },
                "SentinelOne": {
                    "category": "type-unsupported",
                    "engine_name": "SentinelOne",
                    "engine_version": "6.2.0.11",
                    "result": null,
                    "method": "blacklist",
                    "engine_update": "20210829"
                },
                "Trapmine": {
                    "category": "type-unsupported",
                    "engine_name": "Trapmine",
                    "engine_version": "3.5.0.1023",
                    "result": null,
                    "method": "blacklist",
                    "engine_update": "20200727"
                },
                "CMC": {
                    "category": "undetected",
                    "engine_name": "CMC",
                    "engine_version": "2.10.2019.1",
                    "result": null,
                    "method": "blacklist",
                    "engine_update": "20211008"
                },
                "Sophos": {
                    "category": "undetected",
                    "engine_name": "Sophos",
                    "engine_version": "1.3.0.0",
                    "result": null,
                    "method": "blacklist",
                    "engine_update": "20211009"
                },
                "APEX": {
                    "category": "type-unsupported",
                    "engine_name": "APEX",
                    "engine_version": "6.216",
                    "result": null,
                    "method": "blacklist",
                    "engine_update": "20211007"
                },
                "Avast-Mobile": {
                    "category": "undetected",
                    "engine_name": "Avast-Mobile",
                    "engine_version": "211008-00",
                    "result": null,
                    "method": "blacklist",
                    "engine_update": "20211008"
                },
                "Jiangmin": {
                    "category": "undetected",
                    "engine_name": "Jiangmin",
                    "engine_version": "16.0.100",
                    "result": null,
                    "method": "blacklist",
                    "engine_update": "20211008"
                },
                "Webroot": {
                    "category": "type-unsupported",
                    "engine_name": "Webroot",
                    "engine_version": "1.0.0.403",
                    "result": null,
                    "method": "blacklist",
                    "engine_update": "20211009"
                },
                "Avira": {
                    "category": "undetected",
                    "engine_name": "Avira",
                    "engine_version": "8.3.3.12",
                    "result": null,
                    "method": "blacklist",
                    "engine_update": "20211009"
                },
                "eGambit": {
                    "category": "type-unsupported",
                    "engine_name": "eGambit",
                    "engine_version": null,
                    "result": null,
                    "method": "blacklist",
                    "engine_update": "20211009"
                },
                "Antiy-AVL": {
                    "category": "undetected",
                    "engine_name": "Antiy-AVL",
                    "engine_version": "3.0.0.1",
                    "result": null,
                    "method": "blacklist",
                    "engine_update": "20211009"
                },
                "Kingsoft": {
                    "category": "undetected",
                    "engine_name": "Kingsoft",
                    "engine_version": "2017.9.26.565",
                    "result": null,
                    "method": "blacklist",
                    "engine_update": "20211009"
                },
                "Gridinsoft": {
                    "category": "undetected",
                    "engine_name": "Gridinsoft",
                    "engine_version": "1.0.57.151",
                    "result": null,
                    "method": "blacklist",
                    "engine_update": "20211009"
                },
                "Microsoft": {
                    "category": "undetected",
                    "engine_name": "Microsoft",
                    "engine_version": "1.1.18600.4",
                    "result": null,
                    "method": "blacklist",
                    "engine_update": "20211009"
                },
                "ViRobot": {
                    "category": "undetected",
                    "engine_name": "ViRobot",
                    "engine_version": "2014.3.20.0",
                    "result": null,
                    "method": "blacklist",
                    "engine_update": "20211008"
                },
                "ZoneAlarm": {
                    "category": "undetected",
                    "engine_name": "ZoneAlarm",
                    "engine_version": "1.0",
                    "result": null,
                    "method": "blacklist",
                    "engine_update": "20211009"
                },
                "GData": {
                    "category": "undetected",
                    "engine_name": "GData",
                    "engine_version": "A:25.31001B:27.24747",
                    "result": null,
                    "method": "blacklist",
                    "engine_update": "20211009"
                },
                "TACHYON": {
                    "category": "undetected",
                    "engine_name": "TACHYON",
                    "engine_version": "2021-10-09.01",
                    "result": null,
                    "method": "blacklist",
                    "engine_update": "20211009"
                },
                "BitDefenderFalx": {
                    "category": "undetected",
                    "engine_name": "BitDefenderFalx",
                    "engine_version": "2.0.936",
                    "result": null,
                    "method": "blacklist",
                    "engine_update": "20210610"
                },
                "AhnLab-V3": {
                    "category": "undetected",
                    "engine_name": "AhnLab-V3",
                    "engine_version": "3.21.1.10219",
                    "result": null,
                    "method": "blacklist",
                    "engine_update": "20211009"
                },
                "Acronis": {
                    "category": "type-unsupported",
                    "engine_name": "Acronis",
                    "engine_version": "1.1.1.82",
                    "result": null,
                    "method": "blacklist",
                    "engine_update": "20210512"
                },
                "VBA32": {
                    "category": "undetected",
                    "engine_name": "VBA32",
                    "engine_version": "5.0.0",
                    "result": null,
                    "method": "blacklist",
                    "engine_update": "20211008"
                },
                "MAX": {
                    "category": "undetected",
                    "engine_name": "MAX",
                    "engine_version": "2019.9.16.1",
                    "result": null,
                    "method": "blacklist",
                    "engine_update": "20211009"
                },
                "Cylance": {
                    "category": "timeout",
                    "engine_name": "Cylance",
                    "engine_version": "2.3.1.101",
                    "result": null,
                    "method": "blacklist",
                    "engine_update": "20211009"
                },
                "Zoner": {
                    "category": "undetected",
                    "engine_name": "Zoner",
                    "engine_version": "0.0.0.0",
                    "result": null,
                    "method": "blacklist",
                    "engine_update": "20211008"
                },
                "Rising": {
                    "category": "undetected",
                    "engine_name": "Rising",
                    "engine_version": "25.0.0.26",
                    "result": null,
                    "method": "blacklist",
                    "engine_update": "20211009"
                },
                "Yandex": {
                    "category": "undetected",
                    "engine_name": "Yandex",
                    "engine_version": "5.5.2.24",
                    "result": null,
                    "method": "blacklist",
                    "engine_update": "20211009"
                },
                "Ikarus": {
                    "category": "malicious",
                    "engine_name": "Ikarus",
                    "engine_version": "0.1.5.2",
                    "result": "Trojan.AndroidOS.Triada",
                    "method": "blacklist",
                    "engine_update": "20211008"
                },
                "MaxSecure": {
                    "category": "undetected",
                    "engine_name": "MaxSecure",
                    "engine_version": "1.0.0.1",
                    "result": null,
                    "method": "blacklist",
                    "engine_update": "20210925"
                },
                "Fortinet": {
                    "category": "undetected",
                    "engine_name": "Fortinet",
                    "engine_version": "6.2.142.0",
                    "result": null,
                    "method": "blacklist",
                    "engine_update": "20211009"
                },
                "AVG": {
                    "category": "confirmed-timeout",
                    "engine_name": "AVG",
                    "engine_version": "21.1.5827.0",
                    "result": null,
                    "method": "blacklist",
                    "engine_update": "20211009"
                },
                "Cybereason": {
                    "category": "type-unsupported",
                    "engine_name": "Cybereason",
                    "engine_version": "1.2.449",
                    "result": null,
                    "method": "blacklist",
                    "engine_update": "20210330"
                },
                "Panda": {
                    "category": "undetected",
                    "engine_name": "Panda",
                    "engine_version": "4.6.4.2",
                    "result": null,
                    "method": "blacklist",
                    "engine_update": "20211008"
                },
                "CrowdStrike": {
                    "category": "type-unsupported",
                    "engine_name": "CrowdStrike",
                    "engine_version": "1.0",
                    "result": null,
                    "method": "blacklist",
                    "engine_update": "20210203"
                }
            }
        },
        "type": "file",
        "id": "0002ae4d2cc7b678ccb2eb230e76d825922eca80e05aec60f9a0314fc0479ce9",
        "links": {
            "self": "https://www.virustotal.com/api/v3/files/0002ae4d2cc7b678ccb2eb230e76d825922eca80e05aec60f9a0314fc0479ce9"
        }
    }
}