{
    "data": {
        "attributes": {
            "type_description": "Android",
            "tlsh": "T10A873343C619867BF87B41316E570E65CA171E4A9410AFAF14067ACF2E33B914FB9F88",
            "vhash": "6a15e434e6f194ba335e42d2005aa0a5",
            "trid": [
                {
                    "file_type": "Android Package",
                    "probability": 57.0
                },
                {
                    "file_type": "Java Archive",
                    "probability": 20.0
                },
                {
                    "file_type": "Sweet Home 3D design (generic)",
                    "probability": 15.5
                },
                {
                    "file_type": "ZIP compressed archive",
                    "probability": 5.9
                },
                {
                    "file_type": "PrintFox/Pagefox bitmap (640x800)",
                    "probability": 1.4
                }
            ],
            "names": [
                "8A96D3E01640BCF7BB1BED40387C7115"
            ],
            "last_modification_date": 1639488938,
            "type_tag": "android",
            "times_submitted": 1,
            "total_votes": {
                "harmless": 0,
                "malicious": 0
            },
            "size": 37277510,
            "type_extension": "apk",
            "last_submission_date": 1632365760,
            "reputation": 0,
            "sha256": "0003475c11be850673d4daa869eeff2559a8a61297d6328fd2d586a529e93980",
            "tags": [
                "apk",
                "android",
                "runtime-modules",
                "reflection"
            ],
            "last_analysis_date": 1639420456,
            "unique_sources": 1,
            "first_submission_date": 1632365760,
            "sha1": "609314fe21cf714ccc00834c57d1550c76c1173c",
            "ssdeep": "786432:qEN3I8QqGe/sQk/C6b/XJIa9WIPuA3zH++6t1eCXMYj7iTxP:tN3Im3A/l/Cmrr+ksjud",
            "bundle_info": {
                "highest_datetime": "1981-01-01 01:01:02",
                "lowest_datetime": "1981-01-01 01:01:02",
                "num_children": 841,
                "extensions": {
                    "xml": 299,
                    "bin": 1,
                    "MF": 1,
                    "ccz": 8,
                    "gif": 2,
                    "RSA": 1,
                    "jpg": 5,
                    "gz": 1,
                    "dex": 4,
                    "mp3": 17,
                    "txt": 2,
                    "ttf": 2,
                    "SF": 1,
                    "png": 134
                },
                "file_types": {
                    "XML": 346,
                    "DEX": 4,
                    "unknown": 337,
                    "JPG": 5,
                    "Java Bytecode": 1,
                    "GIF": 2,
                    "JSON": 7,
                    "MP3": 5,
                    "PNG": 134
                },
                "type": "APK",
                "uncompressed_size": 57728225
            },
            "md5": "8a96d3e01640bcf7bb1bed40387c7115",
            "androguard": {
                "VTAndroidInfo": 2.0,
                "Libraries": [
                    "org.apache.http.legacy"
                ],
                "AndroidApplicationError": false,
                "MinSdkVersion": "19",
                "AndroguardVersion": "3.4.0a1",
                "Activities": [
                    "com.senspark.android.MainActivity",
                    "com.ee.InvisibleActivity",
                    "com.ironsource.sdk.controller.ControllerActivity",
                    "com.ironsource.sdk.controller.InterstitialActivity",
                    "com.ironsource.sdk.controller.OpenUrlActivity",
                    "com.vungle.warren.ui.VungleActivity",
                    "com.facebook.FacebookActivity",
                    "com.facebook.CustomTabMainActivity",
                    "com.facebook.CustomTabActivity",
                    "com.adcolony.sdk.AdColonyInterstitialActivity",
                    "com.tapjoy.TJAdUnitActivity",
                    "com.tapjoy.TJContentActivity",
                    "com.applovin.adview.AppLovinInterstitialActivity",
                    "com.applovin.adview.AppLovinFullscreenActivity",
                    "com.applovin.sdk.AppLovinWebViewActivity",
                    "com.applovin.mediation.MaxDebuggerActivity",
                    "com.applovin.mediation.MaxDebuggerDetailActivity",
                    "com.applovin.mediation.MaxDebuggerMultiAdActivity",
                    "com.applovin.mediation.MaxDebuggerAdUnitsListActivity",
                    "com.applovin.mediation.MaxDebuggerAdUnitDetailActivity",
                    "com.applovin.mediation.MaxDebuggerTestLiveNetworkActivity",
                    "com.google.android.gms.appinvite.PreviewActivity",
                    "com.google.android.gms.ads.AdActivity",
                    "com.google.android.gms.auth.api.signin.internal.SignInHubActivity",
                    "com.google.android.gms.common.api.GoogleApiActivity",
                    "com.facebook.ads.AudienceNetworkActivity",
                    "com.adcolony.sdk.AdColonyAdViewActivity",
                    "com.inmobi.ads.rendering.InMobiAdActivity",
                    "com.unity3d.services.ads.adunit.AdUnitActivity",
                    "com.unity3d.services.ads.adunit.AdUnitTransparentActivity",
                    "com.unity3d.services.ads.adunit.AdUnitTransparentSoftwareActivity",
                    "com.unity3d.services.ads.adunit.AdUnitSoftwareActivity",
                    "com.vungle.warren.ui.VungleFlexViewActivity",
                    "com.android.billingclient.api.ProxyBillingActivity"
                ],
                "certificate": {
                    "Subject": {
                        "DN": "C:84, CN:Senspark, L:Ho Chi Minh, O:Senspark, ST:Binh Thanh, OU:Senspark",
                        "C": "84",
                        "CN": "Senspark",
                        "L": "Ho Chi Minh",
                        "O": "Senspark",
                        "ST": "Binh Thanh",
                        "OU": "Senspark"
                    },
                    "validto": "2043-04-03 03:34:10",
                    "serialnumber": "5164ddb2",
                    "thumbprint": "037d886d143d4d5224a046bd2c6abb0d70705c25",
                    "validfrom": "2013-04-10 03:34:10",
                    "Issuer": {
                        "DN": "C:84, CN:Senspark, L:Ho Chi Minh, O:Senspark, ST:Binh Thanh, OU:Senspark",
                        "C": "84",
                        "CN": "Senspark",
                        "L": "Ho Chi Minh",
                        "O": "Senspark",
                        "ST": "Binh Thanh",
                        "OU": "Senspark"
                    }
                },
                "AndroidApplication": 1,
                "RiskIndicator": {
                    "APK": {
                        "DEX": 1
                    },
                    "PERM": {
                        "DANGEROUS": 1,
                        "INTERNET": 1,
                        "INSTANT": 3,
                        "NORMAL": 5
                    }
                },
                "Services": [
                    "com.senspark.android.AlarmService",
                    "com.senspark.android.MyListenerService",
                    "com.google.firebase.messaging.cpp.FcmInstanceIDListenerService",
                    "com.google.firebase.components.ComponentDiscoveryService",
                    "com.applovin.impl.sdk.utils.AppKilledService",
                    "com.applovin.impl.adview.activity.FullscreenAdService",
                    "com.google.android.gms.measurement.AppMeasurementService",
                    "com.google.android.gms.measurement.AppMeasurementJobService",
                    "com.google.android.gms.ads.AdService",
                    "com.google.android.gms.auth.api.signin.RevocationBoundService",
                    "androidx.work.impl.background.systemalarm.SystemAlarmService",
                    "androidx.work.impl.background.systemjob.SystemJobService",
                    "androidx.room.MultiInstanceInvalidationService",
                    "com.google.android.datatransport.runtime.backends.TransportBackendDiscovery",
                    "com.google.android.datatransport.runtime.scheduling.jobscheduling.JobInfoSchedulerService"
                ],
                "AndroidVersionCode": "2004300122",
                "main_activity": "com.senspark.android.MainActivity",
                "Package": "com.senspark.goldminerclassic",
                "intent_filters": {
                    "Services": {
                        "com.google.firebase.messaging.cpp.FcmInstanceIDListenerService": {
                            "action": [
                                "com.google.firebase.INSTANCE_ID_EVENT"
                            ]
                        },
                        "com.senspark.android.MyListenerService": {
                            "action": [
                                "com.google.firebase.MESSAGING_EVENT",
                                "com.google.firebase.INSTANCE_ID_EVENT"
                            ]
                        }
                    },
                    "Activities": {
                        "com.senspark.android.MainActivity": {
                            "action": [
                                "android.intent.action.MAIN",
                                "android.intent.action.VIEW"
                            ],
                            "category": [
                                "android.intent.category.LAUNCHER",
                                "android.intent.category.BROWSABLE",
                                "android.intent.category.DEFAULT"
                            ]
                        },
                        "com.google.android.gms.appinvite.PreviewActivity": {
                            "action": [
                                "com.google.android.gms.appinvite.ACTION_PREVIEW"
                            ],
                            "category": [
                                "android.intent.category.DEFAULT"
                            ]
                        },
                        "com.facebook.CustomTabActivity": {
                            "action": [
                                "android.intent.action.VIEW"
                            ],
                            "category": [
                                "android.intent.category.DEFAULT",
                                "android.intent.category.BROWSABLE"
                            ]
                        }
                    },
                    "Receivers": {
                        "androidx.work.impl.background.systemalarm.ConstraintProxy$BatteryNotLowProxy": {
                            "action": [
                                "android.intent.action.BATTERY_OKAY",
                                "android.intent.action.BATTERY_LOW"
                            ]
                        },
                        "androidx.work.impl.background.systemalarm.ConstraintProxy$StorageNotLowProxy": {
                            "action": [
                                "android.intent.action.DEVICE_STORAGE_LOW",
                                "android.intent.action.DEVICE_STORAGE_OK"
                            ]
                        },
                        "com.appsflyer.MultipleInstallBroadcastReceiver": {
                            "action": [
                                "com.android.vending.INSTALL_REFERRER"
                            ]
                        },
                        "com.facebook.CurrentAccessTokenExpirationBroadcastReceiver": {
                            "action": [
                                "com.facebook.sdk.ACTION_CURRENT_ACCESS_TOKEN_CHANGED"
                            ]
                        },
                        "com.adjust.sdk.AdjustReferrerReceiver": {
                            "action": [
                                "com.android.vending.INSTALL_REFERRER"
                            ]
                        },
                        "com.vungle.warren.NetworkProviderReceiver": {
                            "action": [
                                "android.net.conn.CONNECTIVITY_CHANGE"
                            ],
                            "category": [
                                "android.intent.category.DEFAULT"
                            ]
                        },
                        "androidx.work.impl.background.systemalarm.ConstraintProxy$NetworkStateProxy": {
                            "action": [
                                "android.net.conn.CONNECTIVITY_CHANGE"
                            ]
                        },
                        "androidx.work.impl.background.systemalarm.ConstraintProxyUpdateReceiver": {
                            "action": [
                                "androidx.work.impl.background.systemalarm.UpdateProxies"
                            ]
                        },
                        "androidx.work.impl.background.systemalarm.ConstraintProxy$BatteryChargingProxy": {
                            "action": [
                                "android.intent.action.ACTION_POWER_CONNECTED",
                                "android.intent.action.ACTION_POWER_DISCONNECTED"
                            ]
                        },
                        "androidx.work.impl.background.systemalarm.RescheduleReceiver": {
                            "action": [
                                "android.intent.action.BOOT_COMPLETED",
                                "android.intent.action.TIME_SET",
                                "android.intent.action.TIMEZONE_CHANGED"
                            ]
                        }
                    }
                },
                "AndroidVersionName": "2.7.6",
                "TargetSdkVersion": "30",
                "AndroidApplicationInfo": "APK",
                "Providers": [
                    "com.facebook.FacebookContentProvider",
                    "com.ironsource.lifecycle.IronsourceLifecycleProvider",
                    "com.vungle.warren.utility.VungleProvider",
                    "com.facebook.internal.FacebookInitProvider",
                    "com.google.android.gms.ads.MobileAdsInitProvider",
                    "com.google.firebase.provider.FirebaseInitProvider",
                    "com.squareup.picasso.PicassoProvider",
                    "com.facebook.ads.AudienceNetworkContentProvider",
                    "androidx.work.impl.WorkManagerInitializer"
                ],
                "permission_details": {
                    "android.permission.VIBRATE": {
                        "short_description": "control vibration",
                        "full_description": "Allows the app to control the vibrator.",
                        "permission_type": "normal|instant"
                    },
                    "android.permission.RECEIVE_BOOT_COMPLETED": {
                        "short_description": "run at startup",
                        "full_description": "Allows the app to\n        have itself started as soon as the system has finished booting.\n        This can make it take longer to start the phone and allow the\n        app to slow down the overall phone by always running.",
                        "permission_type": "normal"
                    },
                    "com.senspark.goldminerclassic.permission.C2D_MESSAGE": {
                        "short_description": "Unknown permission from android reference",
                        "full_description": "Unknown permission from android reference",
                        "permission_type": "normal"
                    },
                    "com.google.android.c2dm.permission.RECEIVE": {
                        "short_description": "Unknown permission from android reference",
                        "full_description": "Unknown permission from android reference",
                        "permission_type": "normal"
                    },
                    "android.permission.ACCESS_WIFI_STATE": {
                        "short_description": "view Wi-Fi connections",
                        "full_description": "Allows the app to view information\n      about Wi-Fi networking, such as whether Wi-Fi is enabled and name of\n      connected Wi-Fi devices.",
                        "permission_type": "normal"
                    },
                    "android.permission.WAKE_LOCK": {
                        "short_description": "prevent phone from sleeping",
                        "full_description": "Allows the app to prevent the phone from going to sleep.",
                        "permission_type": "normal|instant"
                    },
                    "android.permission.ACCESS_NETWORK_STATE": {
                        "short_description": "view network connections",
                        "full_description": "Allows the app to view\n      information about network connections such as which networks exist and are\n      connected.",
                        "permission_type": "normal|instant"
                    },
                    "android.permission.INTERNET": {
                        "short_description": "have full network access",
                        "full_description": "Allows the app to create\n     network sockets and use custom network protocols. The browser and other\n     applications provide means to send data to the internet, so this\n     permission is not required to send data to the internet.",
                        "permission_type": "normal|instant"
                    },
                    "com.google.android.finsky.permission.BIND_GET_INSTALL_REFERRER_SERVICE": {
                        "short_description": "Unknown permission from android reference",
                        "full_description": "Unknown permission from android reference",
                        "permission_type": "normal"
                    },
                    "android.permission.WRITE_EXTERNAL_STORAGE": {
                        "short_description": "modify or delete the contents of your shared storage",
                        "full_description": "Allows the app to write the contents of your shared storage.",
                        "permission_type": "dangerous"
                    },
                    "com.android.vending.BILLING": {
                        "short_description": "Unknown permission from android reference",
                        "full_description": "Unknown permission from android reference",
                        "permission_type": "normal"
                    }
                },
                "Receivers": [
                    "com.senspark.android.NotificationBroadcastReceiver",
                    "com.appsflyer.MultipleInstallBroadcastReceiver",
                    "com.adjust.sdk.AdjustReferrerReceiver",
                    "com.vungle.warren.NetworkProviderReceiver",
                    "com.facebook.CurrentAccessTokenExpirationBroadcastReceiver",
                    "com.google.android.gms.measurement.AppMeasurementReceiver",
                    "com.tapjoy.TapjoyReceiver",
                    "androidx.work.impl.utils.ForceStopRunnable$BroadcastReceiver",
                    "androidx.work.impl.background.systemalarm.ConstraintProxy$BatteryChargingProxy",
                    "androidx.work.impl.background.systemalarm.ConstraintProxy$BatteryNotLowProxy",
                    "androidx.work.impl.background.systemalarm.ConstraintProxy$StorageNotLowProxy",
                    "androidx.work.impl.background.systemalarm.ConstraintProxy$NetworkStateProxy",
                    "androidx.work.impl.background.systemalarm.RescheduleReceiver",
                    "androidx.work.impl.background.systemalarm.ConstraintProxyUpdateReceiver",
                    "com.google.android.datatransport.runtime.scheduling.jobscheduling.AlarmManagerSchedulerBroadcastReceiver"
                ],
                "StringsInformation": [
                    "http://schemas.android.com/apk/res/android",
                    "http://schemas.applovin.com/android/1.0",
                    "https://%s/%s",
                    "https://%sadrevenue.%s/api/v",
                    "https://%sapp.%s",
                    "https://%sattr.%s/api/v",
                    "https://%sconversions.%s/api/v",
                    "https://%sgcdsdk.%s/install_data/v4.0/",
                    "https://%simpression.%s",
                    "https://%sinapps.%s/api/v",
                    "https://%slaunches.%s/api/v",
                    "https://%smonitorsdk.%s/remote-debug?app_id=",
                    "https://%sonelink.%s/shortlink-sdk/v1",
                    "https://%sregister.%s/api/v",
                    "https://%ssdk-services.%s/validate-android-signature",
                    "https://%sstats.%s/stats",
                    "https://%svalidate.%s/api/v",
                    "https://.facebook.com",
                    "https://a.applovin.com/",
                    "https://a.applvn.com/",
                    "https://accounts.google.com",
                    "https://accounts.google.com/o/oauth2/revoke?token=",
                    "https://adc3-launch-staging.adcolony.com/v4/launch",
                    "https://adc3-launch.adcolony.com/v4/launch",
                    "https://app.adjust.com",
                    "https://app.adjust.net.in",
                    "https://app.adjust.world",
                    "https://app.eu.adjust.com",
                    "https://app.tr.adjust.com",
                    "https://assets.applovin.com/gdpr/flow_v1/gdpr-flow-1.html",
                    "https://blank",
                    "https://d.applovin.com/",
                    "https://d.applvn.com/",
                    "https://facebook.com",
                    "https://facebook.com/device?user_code=%1$s&qr=1",
                    "https://gdpr.adjust.com",
                    "https://gdpr.adjust.net.in",
                    "https://gdpr.adjust.world",
                    "https://gdpr.eu.adjust.com",
                    "https://gdpr.tr.adjust.com",
                    "https://graph-video.%s",
                    "https://graph.%s",
                    "https://login.live.com",
                    "https://login.yahoo.com",
                    "https://ms.applovin.com/",
                    "https://ms.applvn.com/",
                    "https://pagead2.googlesyndication.com/pagead/gen_204?id=gmob-apps",
                    "https://prod-a.applovin.com,https://rt.applovin.com/4.0/pix, https://rt.applvn.com/4.0/pix,https://ms.applovin.com/,https://ms.applvn.com/",
                    "https://rt.applovin.com/",
                    "https://rt.applvn.com/",
                    "https://subscription.adjust.com",
                    "https://subscription.adjust.net.in",
                    "https://subscription.adjust.world",
                    "https://subscription.eu.adjust.com",
                    "https://subscription.tr.adjust.com",
                    "https://support.google.com/dfp_premium/answer/7160685#push",
                    "https://twitter.com",
                    "https://vid.applovin.com/,https://pdn.applovin.com/,https://img.applovin.com/,https://d.applovin.com/,https://assets.applovin.com/,https://cdnjs.cloudflare.com/,http://vid.applovin.com/,http://pdn.applovin.com/,http://img.applovin.com/,http://d.applovin.com/,http://assets.applovin.com/,http://cdnjs.cloudflare.com/",
                    "https://wd.adcolony.com/logs",
                    "https://www.example.com",
                    "https://www.facebook.com",
                    "https://www.facebook.com/adnw_logging/",
                    "https://www.googleapis.com/auth/games",
                    "https://www.googleapis.com/auth/games_lite",
                    "https://www.linkedin.com",
                    "https://www.paypal.com"
                ]
            },
            "magic": "Zip archive data",
            "last_analysis_stats": {
                "harmless": 0,
                "type-unsupported": 11,
                "suspicious": 0,
                "confirmed-timeout": 0,
                "timeout": 0,
                "failure": 0,
                "malicious": 1,
                "undetected": 60
            },
            "last_analysis_results": {
                "Bkav": {
                    "category": "undetected",
                    "engine_name": "Bkav",
                    "engine_version": "1.3.0.9899",
                    "result": null,
                    "method": "blacklist",
                    "engine_update": "20211213"
                },
                "Lionic": {
                    "category": "undetected",
                    "engine_name": "Lionic",
                    "engine_version": "4.2",
                    "result": null,
                    "method": "blacklist",
                    "engine_update": "20211213"
                },
                "Elastic": {
                    "category": "type-unsupported",
                    "engine_name": "Elastic",
                    "engine_version": "4.0.31",
                    "result": null,
                    "method": "blacklist",
                    "engine_update": "20211118"
                },
                "MicroWorld-eScan": {
                    "category": "undetected",
                    "engine_name": "MicroWorld-eScan",
                    "engine_version": "14.0.409.0",
                    "result": null,
                    "method": "blacklist",
                    "engine_update": "20211213"
                },
                "CMC": {
                    "category": "undetected",
                    "engine_name": "CMC",
                    "engine_version": "2.10.2019.1",
                    "result": null,
                    "method": "blacklist",
                    "engine_update": "20211026"
                },
                "CAT-QuickHeal": {
                    "category": "undetected",
                    "engine_name": "CAT-QuickHeal",
                    "engine_version": "14.00",
                    "result": null,
                    "method": "blacklist",
                    "engine_update": "20211213"
                },
                "ALYac": {
                    "category": "undetected",
                    "engine_name": "ALYac",
                    "engine_version": "1.1.3.1",
                    "result": null,
                    "method": "blacklist",
                    "engine_update": "20211213"
                },
                "Malwarebytes": {
                    "category": "undetected",
                    "engine_name": "Malwarebytes",
                    "engine_version": "4.2.2.27",
                    "result": null,
                    "method": "blacklist",
                    "engine_update": "20211213"
                },
                "VIPRE": {
                    "category": "undetected",
                    "engine_name": "VIPRE",
                    "engine_version": "97632",
                    "result": null,
                    "method": "blacklist",
                    "engine_update": "20211213"
                },
                "Paloalto": {
                    "category": "type-unsupported",
                    "engine_name": "Paloalto",
                    "engine_version": "1.0",
                    "result": null,
                    "method": "blacklist",
                    "engine_update": "20211213"
                },
                "Sangfor": {
                    "category": "undetected",
                    "engine_name": "Sangfor",
                    "engine_version": "2.9.0.0",
                    "result": null,
                    "method": "blacklist",
                    "engine_update": "20211210"
                },
                "K7AntiVirus": {
                    "category": "undetected",
                    "engine_name": "K7AntiVirus",
                    "engine_version": "11.234.39800",
                    "result": null,
                    "method": "blacklist",
                    "engine_update": "20211213"
                },
                "BitDefender": {
                    "category": "undetected",
                    "engine_name": "BitDefender",
                    "engine_version": "7.2",
                    "result": null,
                    "method": "blacklist",
                    "engine_update": "20211213"
                },
                "K7GW": {
                    "category": "undetected",
                    "engine_name": "K7GW",
                    "engine_version": "11.234.39798",
                    "result": null,
                    "method": "blacklist",
                    "engine_update": "20211213"
                },
                "Trustlook": {
                    "category": "undetected",
                    "engine_name": "Trustlook",
                    "engine_version": "1.0",
                    "result": null,
                    "method": "blacklist",
                    "engine_update": "20211213"
                },
                "BitDefenderTheta": {
                    "category": "undetected",
                    "engine_name": "BitDefenderTheta",
                    "engine_version": "7.2.37796.0",
                    "result": null,
                    "method": "blacklist",
                    "engine_update": "20211209"
                },
                "VirIT": {
                    "category": "undetected",
                    "engine_name": "VirIT",
                    "engine_version": "9.5.89",
                    "result": null,
                    "method": "blacklist",
                    "engine_update": "20211213"
                },
                "Cyren": {
                    "category": "undetected",
                    "engine_name": "Cyren",
                    "engine_version": "6.5.1.2",
                    "result": null,
                    "method": "blacklist",
                    "engine_update": "20211213"
                },
                "SymantecMobileInsight": {
                    "category": "undetected",
                    "engine_name": "SymantecMobileInsight",
                    "engine_version": "2.0",
                    "result": null,
                    "method": "blacklist",
                    "engine_update": "20211119"
                },
                "Symantec": {
                    "category": "undetected",
                    "engine_name": "Symantec",
                    "engine_version": "1.16.0.0",
                    "result": null,
                    "method": "blacklist",
                    "engine_update": "20211213"
                },
                "ESET-NOD32": {
                    "category": "undetected",
                    "engine_name": "ESET-NOD32",
                    "engine_version": "24447",
                    "result": null,
                    "method": "blacklist",
                    "engine_update": "20211213"
                },
                "Baidu": {
                    "category": "undetected",
                    "engine_name": "Baidu",
                    "engine_version": "1.0.0.2",
                    "result": null,
                    "method": "blacklist",
                    "engine_update": "20190318"
                },
                "TrendMicro-HouseCall": {
                    "category": "undetected",
                    "engine_name": "TrendMicro-HouseCall",
                    "engine_version": "10.0.0.1040",
                    "result": null,
                    "method": "blacklist",
                    "engine_update": "20211213"
                },
                "Avast": {
                    "category": "undetected",
                    "engine_name": "Avast",
                    "engine_version": "21.1.5827.0",
                    "result": null,
                    "method": "blacklist",
                    "engine_update": "20211214"
                },
                "ClamAV": {
                    "category": "undetected",
                    "engine_name": "ClamAV",
                    "engine_version": "0.104.1.0",
                    "result": null,
                    "method": "blacklist",
                    "engine_update": "20211213"
                },
                "Kaspersky": {
                    "category": "undetected",
                    "engine_name": "Kaspersky",
                    "engine_version": "21.0.1.45",
                    "result": null,
                    "method": "blacklist",
                    "engine_update": "20211213"
                },
                "Alibaba": {
                    "category": "undetected",
                    "engine_name": "Alibaba",
                    "engine_version": "0.3.0.5",
                    "result": null,
                    "method": "blacklist",
                    "engine_update": "20190527"
                },
                "NANO-Antivirus": {
                    "category": "undetected",
                    "engine_name": "NANO-Antivirus",
                    "engine_version": "1.0.146.25409",
                    "result": null,
                    "method": "blacklist",
                    "engine_update": "20211213"
                },
                "Cynet": {
                    "category": "type-unsupported",
                    "engine_name": "Cynet",
                    "engine_version": "4.0.0.27",
                    "result": null,
                    "method": "blacklist",
                    "engine_update": "20211213"
                },
                "ViRobot": {
                    "category": "undetected",
                    "engine_name": "ViRobot",
                    "engine_version": "2014.3.20.0",
                    "result": null,
                    "method": "blacklist",
                    "engine_update": "20211213"
                },
                "Rising": {
                    "category": "undetected",
                    "engine_name": "Rising",
                    "engine_version": "25.0.0.27",
                    "result": null,
                    "method": "blacklist",
                    "engine_update": "20211214"
                },
                "Ad-Aware": {
                    "category": "undetected",
                    "engine_name": "Ad-Aware",
                    "engine_version": "3.0.21.193",
                    "result": null,
                    "method": "blacklist",
                    "engine_update": "20211213"
                },
                "Emsisoft": {
                    "category": "undetected",
                    "engine_name": "Emsisoft",
                    "engine_version": "2021.5.0.7597",
                    "result": null,
                    "method": "blacklist",
                    "engine_update": "20211213"
                },
                "Comodo": {
                    "category": "undetected",
                    "engine_name": "Comodo",
                    "engine_version": "34044",
                    "result": null,
                    "method": "blacklist",
                    "engine_update": "20211102"
                },
                "F-Secure": {
                    "category": "undetected",
                    "engine_name": "F-Secure",
                    "engine_version": "12.0.86.52",
                    "result": null,
                    "method": "blacklist",
                    "engine_update": "20211213"
                },
                "DrWeb": {
                    "category": "undetected",
                    "engine_name": "DrWeb",
                    "engine_version": "7.0.52.8270",
                    "result": null,
                    "method": "blacklist",
                    "engine_update": "20211213"
                },
                "Zillya": {
                    "category": "undetected",
                    "engine_name": "Zillya",
                    "engine_version": "2.0.0.4522",
                    "result": null,
                    "method": "blacklist",
                    "engine_update": "20211213"
                },
                "TrendMicro": {
                    "category": "undetected",
                    "engine_name": "TrendMicro",
                    "engine_version": "11.0.0.1006",
                    "result": null,
                    "method": "blacklist",
                    "engine_update": "20211213"
                },
                "McAfee-GW-Edition": {
                    "category": "undetected",
                    "engine_name": "McAfee-GW-Edition",
                    "engine_version": "v2019.1.2+3728",
                    "result": null,
                    "method": "blacklist",
                    "engine_update": "20211214"
                },
                "SentinelOne": {
                    "category": "type-unsupported",
                    "engine_name": "SentinelOne",
                    "engine_version": "7.0.0.7",
                    "result": null,
                    "method": "blacklist",
                    "engine_update": "20211129"
                },
                "FireEye": {
                    "category": "undetected",
                    "engine_name": "FireEye",
                    "engine_version": "32.44.1.0",
                    "result": null,
                    "method": "blacklist",
                    "engine_update": "20211213"
                },
                "Sophos": {
                    "category": "undetected",
                    "engine_name": "Sophos",
                    "engine_version": "1.4.1.0",
                    "result": null,
                    "method": "blacklist",
                    "engine_update": "20211213"
                },
                "APEX": {
                    "category": "type-unsupported",
                    "engine_name": "APEX",
                    "engine_version": "6.238",
                    "result": null,
                    "method": "blacklist",
                    "engine_update": "20211213"
                },
                "GData": {
                    "category": "undetected",
                    "engine_name": "GData",
                    "engine_version": "A:25.31636B:27.25491",
                    "result": null,
                    "method": "blacklist",
                    "engine_update": "20211213"
                },
                "Jiangmin": {
                    "category": "undetected",
                    "engine_name": "Jiangmin",
                    "engine_version": "16.0.100",
                    "result": null,
                    "method": "blacklist",
                    "engine_update": "20211212"
                },
                "Webroot": {
                    "category": "type-unsupported",
                    "engine_name": "Webroot",
                    "engine_version": "1.0.0.403",
                    "result": null,
                    "method": "blacklist",
                    "engine_update": "20211213"
                },
                "Avira": {
                    "category": "undetected",
                    "engine_name": "Avira",
                    "engine_version": "8.3.3.12",
                    "result": null,
                    "method": "blacklist",
                    "engine_update": "20211213"
                },
                "eGambit": {
                    "category": "type-unsupported",
                    "engine_name": "eGambit",
                    "engine_version": null,
                    "result": null,
                    "method": "blacklist",
                    "engine_update": "20211213"
                },
                "Antiy-AVL": {
                    "category": "undetected",
                    "engine_name": "Antiy-AVL",
                    "engine_version": "3.0.0.1",
                    "result": null,
                    "method": "blacklist",
                    "engine_update": "20211213"
                },
                "Kingsoft": {
                    "category": "undetected",
                    "engine_name": "Kingsoft",
                    "engine_version": "2017.9.26.565",
                    "result": null,
                    "method": "blacklist",
                    "engine_update": "20211213"
                },
                "Microsoft": {
                    "category": "undetected",
                    "engine_name": "Microsoft",
                    "engine_version": "1.1.18800.4",
                    "result": null,
                    "method": "blacklist",
                    "engine_update": "20211214"
                },
                "Gridinsoft": {
                    "category": "undetected",
                    "engine_name": "Gridinsoft",
                    "engine_version": "1.0.65.164",
                    "result": null,
                    "method": "blacklist",
                    "engine_update": "20211213"
                },
                "Arcabit": {
                    "category": "undetected",
                    "engine_name": "Arcabit",
                    "engine_version": "1.0.0.888",
                    "result": null,
                    "method": "blacklist",
                    "engine_update": "20211213"
                },
                "SUPERAntiSpyware": {
                    "category": "undetected",
                    "engine_name": "SUPERAntiSpyware",
                    "engine_version": "5.6.0.1032",
                    "result": null,
                    "method": "blacklist",
                    "engine_update": "20211211"
                },
                "Avast-Mobile": {
                    "category": "undetected",
                    "engine_name": "Avast-Mobile",
                    "engine_version": "211213-08",
                    "result": null,
                    "method": "blacklist",
                    "engine_update": "20211213"
                },
                "TACHYON": {
                    "category": "undetected",
                    "engine_name": "TACHYON",
                    "engine_version": "2021-12-13.02",
                    "result": null,
                    "method": "blacklist",
                    "engine_update": "20211213"
                },
                "BitDefenderFalx": {
                    "category": "undetected",
                    "engine_name": "BitDefenderFalx",
                    "engine_version": "2.0.936",
                    "result": null,
                    "method": "blacklist",
                    "engine_update": "20210610"
                },
                "AhnLab-V3": {
                    "category": "undetected",
                    "engine_name": "AhnLab-V3",
                    "engine_version": "3.21.2.10258",
                    "result": null,
                    "method": "blacklist",
                    "engine_update": "20211213"
                },
                "Acronis": {
                    "category": "type-unsupported",
                    "engine_name": "Acronis",
                    "engine_version": "1.1.1.82",
                    "result": null,
                    "method": "blacklist",
                    "engine_update": "20210512"
                },
                "McAfee": {
                    "category": "undetected",
                    "engine_name": "McAfee",
                    "engine_version": "6.0.6.653",
                    "result": null,
                    "method": "blacklist",
                    "engine_update": "20211213"
                },
                "MAX": {
                    "category": "undetected",
                    "engine_name": "MAX",
                    "engine_version": "2019.9.16.1",
                    "result": null,
                    "method": "blacklist",
                    "engine_update": "20211213"
                },
                "VBA32": {
                    "category": "undetected",
                    "engine_name": "VBA32",
                    "engine_version": "5.0.0",
                    "result": null,
                    "method": "blacklist",
                    "engine_update": "20211213"
                },
                "Cylance": {
                    "category": "type-unsupported",
                    "engine_name": "Cylance",
                    "engine_version": "2.3.1.101",
                    "result": null,
                    "method": "blacklist",
                    "engine_update": "20211213"
                },
                "Zoner": {
                    "category": "undetected",
                    "engine_name": "Zoner",
                    "engine_version": "2.2.2.0",
                    "result": null,
                    "method": "blacklist",
                    "engine_update": "20211212"
                },
                "Tencent": {
                    "category": "malicious",
                    "engine_name": "Tencent",
                    "engine_version": "1.0.0.1",
                    "result": "a.gray.aimclickad",
                    "method": "blacklist",
                    "engine_update": "20211213"
                },
                "Yandex": {
                    "category": "undetected",
                    "engine_name": "Yandex",
                    "engine_version": "5.5.2.24",
                    "result": null,
                    "method": "blacklist",
                    "engine_update": "20211213"
                },
                "Ikarus": {
                    "category": "undetected",
                    "engine_name": "Ikarus",
                    "engine_version": "0.1.5.2",
                    "result": null,
                    "method": "blacklist",
                    "engine_update": "20211213"
                },
                "MaxSecure": {
                    "category": "undetected",
                    "engine_name": "MaxSecure",
                    "engine_version": "1.0.0.1",
                    "result": null,
                    "method": "blacklist",
                    "engine_update": "20211211"
                },
                "Fortinet": {
                    "category": "undetected",
                    "engine_name": "Fortinet",
                    "engine_version": "6.2.142.0",
                    "result": null,
                    "method": "blacklist",
                    "engine_update": "20211213"
                },
                "Cybereason": {
                    "category": "type-unsupported",
                    "engine_name": "Cybereason",
                    "engine_version": "1.2.449",
                    "result": null,
                    "method": "blacklist",
                    "engine_update": "20210330"
                },
                "Panda": {
                    "category": "undetected",
                    "engine_name": "Panda",
                    "engine_version": "4.6.4.2",
                    "result": null,
                    "method": "blacklist",
                    "engine_update": "20211213"
                },
                "CrowdStrike": {
                    "category": "type-unsupported",
                    "engine_name": "CrowdStrike",
                    "engine_version": "1.0",
                    "result": null,
                    "method": "blacklist",
                    "engine_update": "20210203"
                }
            }
        },
        "type": "file",
        "id": "0003475c11be850673d4daa869eeff2559a8a61297d6328fd2d586a529e93980",
        "links": {
            "self": "https://www.virustotal.com/api/v3/files/0003475c11be850673d4daa869eeff2559a8a61297d6328fd2d586a529e93980"
        }
    }
}