{
    "data": {
        "attributes": {
            "type_description": "Android",
            "tlsh": "T1C2F62397F32D901FCCBB94728D66D12A16552E4086829F2B3E40B61C6BB79C06F9DFC4",
            "vhash": "4c236122f9a560a9776af666cc5e4628",
            "trid": [
                {
                    "file_type": "Android Package",
                    "probability": 44.2
                },
                {
                    "file_type": "Java Archive",
                    "probability": 15.5
                },
                {
                    "file_type": "VYM Mind Map",
                    "probability": 14.3
                },
                {
                    "file_type": "Sweet Home 3D design (generic)",
                    "probability": 12.0
                },
                {
                    "file_type": "Mozilla Archive Format (gen)",
                    "probability": 8.0
                }
            ],
            "names": [],
            "last_modification_date": 1639503733,
            "type_tag": "android",
            "times_submitted": 1,
            "total_votes": {
                "harmless": 0,
                "malicious": 0
            },
            "size": 15651615,
            "type_extension": "apk",
            "last_submission_date": 1639469766,
            "reputation": 0,
            "sha256": "00002ec65a9dc7e9dd31018e23c59b53c69b5831db823f9a5bc2ef7840b812b6",
            "tags": [
                "apk",
                "android",
                "reflection"
            ],
            "last_analysis_date": 1639469766,
            "unique_sources": 1,
            "first_submission_date": 1639469766,
            "sha1": "9206b654c5b8f9281999e8ec161b909c9ddaf4c1",
            "ssdeep": "393216:1aQR2eOTBw4CaQU092Nd1aDXdc2KWD70+atbt556ITr6BBYNE:ieOT+3w9sc2K1+atbsT",
            "bundle_info": {
                "highest_datetime": "1981-01-01 01:01:02",
                "lowest_datetime": "1981-01-01 01:01:02",
                "num_children": 2022,
                "extensions": {
                    "xml": 298,
                    "bin": 1,
                    "crt": 2,
                    "raw": 1,
                    "dex": 4,
                    "gif": 2,
                    "gz": 1,
                    "otf": 1,
                    "pem": 1,
                    "cer": 1,
                    "txt": 4,
                    "ttf": 13
                },
                "file_types": {
                    "XML": 298,
                    "Java Bytecode": 2,
                    "DEX": 4,
                    "unknown": 694,
                    "GIF": 2
                },
                "type": "APK",
                "uncompressed_size": 35064510
            },
            "md5": "df81e787522047ed14919e1e6ffe13b9",
            "androguard": {
                "VTAndroidInfo": 2.0,
                "Libraries": [
                    "org.apache.http.legacy",
                    "android.test.runner"
                ],
                "AndroidApplicationError": false,
                "MinSdkVersion": "21",
                "AndroguardVersion": "3.4.0a1",
                "Activities": [
                    "ie.flipdish.flipdish_android.SplashActivity",
                    "ie.flipdish.flipdish_android.gdpr.AboutMyDataActivity",
                    "ie.flipdish.flipdish_android.gdpr.UserDataSettingsActivity",
                    "ie.flipdish.flipdish_android.gdpr.UserDataManagementActivity",
                    "ie.flipdish.flipdish_android.ActivityUrlResolver",
                    "ie.flipdish.flipdish_android.MainActivity",
                    "ie.flipdish.flipdish_android.developer_options.DeveloperOptionsActivity",
                    "com.stripe.android.view.AddPaymentMethodActivity",
                    "com.stripe.android.view.PaymentMethodsActivity",
                    "com.stripe.android.view.PaymentFlowActivity",
                    "com.stripe.android.view.PaymentAuthWebViewActivity",
                    "com.stripe.android.view.PaymentRelayActivity",
                    "com.stripe.android.view.Stripe3ds2CompletionActivity",
                    "com.stripe.android.paymentsheet.PaymentSheetActivity",
                    "com.stripe.android.paymentsheet.PaymentOptionsActivity",
                    "com.stripe.android.googlepay.StripeGooglePayActivity",
                    "io.intercom.android.sdk.activities.IntercomMessengerActivity",
                    "io.intercom.android.sdk.lightbox.LightBoxActivity",
                    "io.intercom.android.sdk.activities.IntercomPostActivity",
                    "io.intercom.android.sdk.activities.IntercomNoteActivity",
                    "io.intercom.android.sdk.activities.IntercomSheetActivity",
                    "io.intercom.android.sdk.activities.IntercomVideoActivity",
                    "io.intercom.android.sdk.activities.IntercomCarouselActivity",
                    "io.intercom.android.sdk.helpcenter.collections.IntercomHelpCenterActivity",
                    "io.intercom.android.sdk.helpcenter.articles.ArticleActivity",
                    "io.intercom.android.sdk.helpcenter.search.IntercomArticleSearchActivity",
                    "com.stripe.android.stripe3ds2.views.ChallengeActivity",
                    "com.stripe.android.stripe3ds2.views.ChallengeProgressActivity",
                    "com.intercom.input.gallery.GalleryInputFullScreenActivity",
                    "com.intercom.input.gallery.GalleryLightBoxActivity",
                    "com.facebook.FacebookActivity",
                    "com.facebook.CustomTabMainActivity",
                    "com.facebook.CustomTabActivity",
                    "com.mixpanel.android.mpmetrics.MixpanelNotificationRouteActivity",
                    "com.google.android.gms.common.api.GoogleApiActivity"
                ],
                "certificate": {
                    "Subject": {
                        "DN": "C:IE, CN:Marc O'Morain, L:Dublin, O:Flipdish, ST:Dublin, OU:Unknown",
                        "C": "IE",
                        "CN": "Marc O'Morain",
                        "L": "Dublin",
                        "O": "Flipdish",
                        "ST": "Dublin",
                        "OU": "Unknown"
                    },
                    "validto": "2043-07-20 10:56:50",
                    "serialnumber": "3ca2eeb6",
                    "thumbprint": "1ced0831d0b729bad5b879df15fc34d2330f6693",
                    "validfrom": "2016-03-03 10:56:50",
                    "Issuer": {
                        "DN": "C:IE, CN:Marc O'Morain, L:Dublin, O:Flipdish, ST:Dublin, OU:Unknown",
                        "C": "IE",
                        "CN": "Marc O'Morain",
                        "L": "Dublin",
                        "O": "Flipdish",
                        "ST": "Dublin",
                        "OU": "Unknown"
                    }
                },
                "AndroidApplication": 1,
                "RiskIndicator": {
                    "APK": {
                        "DEX": 4
                    },
                    "PERM": {
                        "NORMAL": 3,
                        "PRIVACY": 2,
                        "INSTANT": 2,
                        "INTERNET": 1,
                        "GPS": 1
                    }
                },
                "Services": [
                    "com.mixpanel.android.mpmetrics.MixpanelFCMMessagingService",
                    "ie.flipdish.flipdish_android.FlipdishFirebaseMessagingService",
                    "io.intercom.android.sdk.fcm.IntercomFcmMessengerService",
                    "androidx.room.MultiInstanceInvalidationService",
                    "com.google.android.gms.analytics.AnalyticsService",
                    "com.google.android.gms.analytics.AnalyticsJobService",
                    "com.google.firebase.messaging.FirebaseMessagingService",
                    "com.google.firebase.components.ComponentDiscoveryService",
                    "com.google.android.datatransport.runtime.backends.TransportBackendDiscovery",
                    "com.google.android.datatransport.runtime.scheduling.jobscheduling.JobInfoSchedulerService"
                ],
                "AndroidVersionCode": "38466",
                "main_activity": "ie.flipdish.flipdish_android.SplashActivity",
                "Package": "ie.flipdish.fd13404",
                "intent_filters": {
                    "Services": {
                        "ie.flipdish.flipdish_android.FlipdishFirebaseMessagingService": {
                            "action": [
                                "com.google.firebase.MESSAGING_EVENT"
                            ]
                        },
                        "io.intercom.android.sdk.fcm.IntercomFcmMessengerService": {
                            "action": [
                                "com.google.firebase.MESSAGING_EVENT",
                                "com.google.firebase.INSTANCE_ID_EVENT"
                            ]
                        },
                        "com.mixpanel.android.mpmetrics.MixpanelFCMMessagingService": {
                            "action": [
                                "com.google.firebase.MESSAGING_EVENT"
                            ]
                        },
                        "com.google.firebase.messaging.FirebaseMessagingService": {
                            "action": [
                                "com.google.firebase.MESSAGING_EVENT"
                            ]
                        }
                    },
                    "Activities": {
                        "ie.flipdish.flipdish_android.ActivityUrlResolver": {
                            "action": [
                                "android.intent.action.VIEW"
                            ],
                            "category": [
                                "android.intent.category.DEFAULT",
                                "android.intent.category.BROWSABLE"
                            ]
                        },
                        "ie.flipdish.flipdish_android.SplashActivity": {
                            "action": [
                                "android.intent.action.MAIN"
                            ],
                            "category": [
                                "android.intent.category.LAUNCHER"
                            ]
                        }
                    },
                    "Receivers": {
                        "com.facebook.CurrentAccessTokenExpirationBroadcastReceiver": {
                            "action": [
                                "com.facebook.sdk.ACTION_CURRENT_ACCESS_TOKEN_CHANGED"
                            ]
                        },
                        "com.facebook.CampaignTrackingReceiver": {
                            "action": [
                                "com.android.vending.INSTALL_REFERRER"
                            ]
                        },
                        "com.google.firebase.iid.FirebaseInstanceIdReceiver": {
                            "action": [
                                "com.google.android.c2dm.intent.RECEIVE"
                            ]
                        },
                        "io.intercom.android.sdk.push.IntercomPushBroadcastReceiver": {
                            "action": [
                                "io.intercom.android.sdk.INTERCOM_PUSH_OPENED",
                                "io.intercom.android.sdk.INTERCOM_PUSH_DISMISSED"
                            ]
                        },
                        "com.google.ads.conversiontracking.InstallReceiver": {
                            "action": [
                                "com.android.vending.INSTALL_REFERRER"
                            ]
                        }
                    }
                },
                "AndroidVersionName": "1.6.12",
                "TargetSdkVersion": "30",
                "AndroidApplicationInfo": "APK",
                "Providers": [
                    "io.intercom.android.sdk.IntercomInitializeContentProvider",
                    "io.sentry.android.core.SentryInitProvider",
                    "com.google.firebase.provider.FirebaseInitProvider",
                    "com.facebook.internal.FacebookInitProvider",
                    "androidx.lifecycle.ProcessLifecycleOwnerInitializer"
                ],
                "permission_details": {
                    "android.permission.ACCESS_FINE_LOCATION": {
                        "short_description": "access precise location only in the foreground",
                        "full_description": "This app can get your exact location only when it is in the foreground. These location services must be turned on and available on your phone for the app to be able to use them. This may increase battery consumption.",
                        "permission_type": "dangerous|instant"
                    },
                    "com.google.android.c2dm.permission.RECEIVE": {
                        "short_description": "Unknown permission from android reference",
                        "full_description": "Unknown permission from android reference",
                        "permission_type": "normal"
                    },
                    "android.permission.ACCESS_WIFI_STATE": {
                        "short_description": "view Wi-Fi connections",
                        "full_description": "Allows the app to view information\n      about Wi-Fi networking, such as whether Wi-Fi is enabled and name of\n      connected Wi-Fi devices.",
                        "permission_type": "normal"
                    },
                    "android.permission.ACCESS_NETWORK_STATE": {
                        "short_description": "view network connections",
                        "full_description": "Allows the app to view\n      information about network connections such as which networks exist and are\n      connected.",
                        "permission_type": "normal|instant"
                    },
                    "android.permission.WAKE_LOCK": {
                        "short_description": "prevent phone from sleeping",
                        "full_description": "Allows the app to prevent the phone from going to sleep.",
                        "permission_type": "normal|instant"
                    },
                    "android.permission.CAMERA": {
                        "short_description": "take pictures and videos",
                        "full_description": "This app can take pictures and record videos using the camera at any time.",
                        "permission_type": "dangerous|instant"
                    },
                    "android.permission.INTERNET": {
                        "short_description": "have full network access",
                        "full_description": "Allows the app to create\n     network sockets and use custom network protocols. The browser and other\n     applications provide means to send data to the internet, so this\n     permission is not required to send data to the internet.",
                        "permission_type": "normal|instant"
                    }
                },
                "Receivers": [
                    "com.google.ads.conversiontracking.InstallReceiver",
                    "io.intercom.android.sdk.push.IntercomPushBroadcastReceiver",
                    "com.google.android.gms.analytics.AnalyticsReceiver",
                    "com.mixpanel.android.mpmetrics.MixpanelPushNotificationDismissedReceiver",
                    "com.google.firebase.iid.FirebaseInstanceIdReceiver",
                    "com.facebook.CurrentAccessTokenExpirationBroadcastReceiver",
                    "com.facebook.CampaignTrackingReceiver",
                    "com.google.android.datatransport.runtime.scheduling.jobscheduling.AlarmManagerSchedulerBroadcastReceiver"
                ],
                "StringsInformation": [
                    "http://hostname/",
                    "http://hostname/?",
                    "http://ns.adobe.com/xap/1.0/",
                    "http://play.google.com/store/apps/details?id=com.facebook.orca",
                    "http://plus.google.com/",
                    "http://schemas.android.com/apk/res/android",
                    "http://www.google-analytics.com",
                    "https://.facebook.com",
                    "https://facebook.com",
                    "https://facebook.com/device?user_code=%1$s&qr=1",
                    "https://graph-video.%s",
                    "https://graph.%s",
                    "https://pagead2.googlesyndication.com/pagead/gen_204?id=gmob-apps",
                    "https://plus.google.com/",
                    "https://pubads.g.doubleclick.net/activity;dc_iu=",
                    "https://pubads.g.doubleclick.net/activity;xsp=",
                    "https://ssl.google-analytics.com",
                    "https://www.example.com",
                    "https://www.googleadservices.com/pagead/conversion/",
                    "https://www.googleapis.com/auth/appstate",
                    "https://www.googleapis.com/auth/datastoremobile",
                    "https://www.googleapis.com/auth/drive",
                    "https://www.googleapis.com/auth/drive.appdata",
                    "https://www.googleapis.com/auth/drive.apps",
                    "https://www.googleapis.com/auth/drive.file",
                    "https://www.googleapis.com/auth/fitness.activity.read",
                    "https://www.googleapis.com/auth/fitness.activity.write",
                    "https://www.googleapis.com/auth/fitness.blood_glucose.read",
                    "https://www.googleapis.com/auth/fitness.blood_glucose.write",
                    "https://www.googleapis.com/auth/fitness.blood_pressure.read",
                    "https://www.googleapis.com/auth/fitness.blood_pressure.write",
                    "https://www.googleapis.com/auth/fitness.body.read",
                    "https://www.googleapis.com/auth/fitness.body.write",
                    "https://www.googleapis.com/auth/fitness.body_temperature.read",
                    "https://www.googleapis.com/auth/fitness.body_temperature.write",
                    "https://www.googleapis.com/auth/fitness.location.read",
                    "https://www.googleapis.com/auth/fitness.location.write",
                    "https://www.googleapis.com/auth/fitness.nutrition.read",
                    "https://www.googleapis.com/auth/fitness.nutrition.write",
                    "https://www.googleapis.com/auth/fitness.oxygen_saturation.read",
                    "https://www.googleapis.com/auth/fitness.oxygen_saturation.write",
                    "https://www.googleapis.com/auth/fitness.reproductive_health.read",
                    "https://www.googleapis.com/auth/fitness.reproductive_health.write",
                    "https://www.googleapis.com/auth/games",
                    "https://www.googleapis.com/auth/games.firstparty",
                    "https://www.googleapis.com/auth/games_lite",
                    "https://www.googleapis.com/auth/plus.login",
                    "https://www.googleapis.com/auth/plus.me"
                ]
            },
            "magic": "Zip archive data",
            "last_analysis_stats": {
                "harmless": 0,
                "type-unsupported": 11,
                "suspicious": 0,
                "confirmed-timeout": 0,
                "timeout": 0,
                "failure": 1,
                "malicious": 0,
                "undetected": 60
            },
            "last_analysis_results": {
                "Bkav": {
                    "category": "undetected",
                    "engine_name": "Bkav",
                    "engine_version": "1.3.0.9899",
                    "result": null,
                    "method": "blacklist",
                    "engine_update": "20211213"
                },
                "Lionic": {
                    "category": "undetected",
                    "engine_name": "Lionic",
                    "engine_version": "4.2",
                    "result": null,
                    "method": "blacklist",
                    "engine_update": "20211214"
                },
                "Elastic": {
                    "category": "type-unsupported",
                    "engine_name": "Elastic",
                    "engine_version": "4.0.31",
                    "result": null,
                    "method": "blacklist",
                    "engine_update": "20211118"
                },
                "DrWeb": {
                    "category": "undetected",
                    "engine_name": "DrWeb",
                    "engine_version": "7.0.52.8270",
                    "result": null,
                    "method": "blacklist",
                    "engine_update": "20211214"
                },
                "MicroWorld-eScan": {
                    "category": "undetected",
                    "engine_name": "MicroWorld-eScan",
                    "engine_version": "14.0.409.0",
                    "result": null,
                    "method": "blacklist",
                    "engine_update": "20211214"
                },
                "FireEye": {
                    "category": "undetected",
                    "engine_name": "FireEye",
                    "engine_version": "32.44.1.0",
                    "result": null,
                    "method": "blacklist",
                    "engine_update": "20211214"
                },
                "CAT-QuickHeal": {
                    "category": "undetected",
                    "engine_name": "CAT-QuickHeal",
                    "engine_version": "14.00",
                    "result": null,
                    "method": "blacklist",
                    "engine_update": "20211214"
                },
                "ALYac": {
                    "category": "undetected",
                    "engine_name": "ALYac",
                    "engine_version": "1.1.3.1",
                    "result": null,
                    "method": "blacklist",
                    "engine_update": "20211214"
                },
                "Malwarebytes": {
                    "category": "undetected",
                    "engine_name": "Malwarebytes",
                    "engine_version": "4.2.2.27",
                    "result": null,
                    "method": "blacklist",
                    "engine_update": "20211214"
                },
                "Zillya": {
                    "category": "undetected",
                    "engine_name": "Zillya",
                    "engine_version": "2.0.0.4522",
                    "result": null,
                    "method": "blacklist",
                    "engine_update": "20211213"
                },
                "Paloalto": {
                    "category": "type-unsupported",
                    "engine_name": "Paloalto",
                    "engine_version": "1.0",
                    "result": null,
                    "method": "blacklist",
                    "engine_update": "20211214"
                },
                "Sangfor": {
                    "category": "undetected",
                    "engine_name": "Sangfor",
                    "engine_version": "2.9.0.0",
                    "result": null,
                    "method": "blacklist",
                    "engine_update": "20211210"
                },
                "Trustlook": {
                    "category": "undetected",
                    "engine_name": "Trustlook",
                    "engine_version": "1.0",
                    "result": null,
                    "method": "blacklist",
                    "engine_update": "20211214"
                },
                "Alibaba": {
                    "category": "undetected",
                    "engine_name": "Alibaba",
                    "engine_version": "0.3.0.5",
                    "result": null,
                    "method": "blacklist",
                    "engine_update": "20190527"
                },
                "K7GW": {
                    "category": "undetected",
                    "engine_name": "K7GW",
                    "engine_version": "11.234.39798",
                    "result": null,
                    "method": "blacklist",
                    "engine_update": "20211213"
                },
                "K7AntiVirus": {
                    "category": "undetected",
                    "engine_name": "K7AntiVirus",
                    "engine_version": "11.234.39806",
                    "result": null,
                    "method": "blacklist",
                    "engine_update": "20211214"
                },
                "Arcabit": {
                    "category": "undetected",
                    "engine_name": "Arcabit",
                    "engine_version": "1.0.0.888",
                    "result": null,
                    "method": "blacklist",
                    "engine_update": "20211214"
                },
                "BitDefenderTheta": {
                    "category": "undetected",
                    "engine_name": "BitDefenderTheta",
                    "engine_version": "7.2.37796.0",
                    "result": null,
                    "method": "blacklist",
                    "engine_update": "20211209"
                },
                "VirIT": {
                    "category": "undetected",
                    "engine_name": "VirIT",
                    "engine_version": "9.5.89",
                    "result": null,
                    "method": "blacklist",
                    "engine_update": "20211213"
                },
                "Cyren": {
                    "category": "undetected",
                    "engine_name": "Cyren",
                    "engine_version": "6.5.1.2",
                    "result": null,
                    "method": "blacklist",
                    "engine_update": "20211214"
                },
                "SymantecMobileInsight": {
                    "category": "undetected",
                    "engine_name": "SymantecMobileInsight",
                    "engine_version": "2.0",
                    "result": null,
                    "method": "blacklist",
                    "engine_update": "20211119"
                },
                "Symantec": {
                    "category": "undetected",
                    "engine_name": "Symantec",
                    "engine_version": "1.16.0.0",
                    "result": null,
                    "method": "blacklist",
                    "engine_update": "20211214"
                },
                "ESET-NOD32": {
                    "category": "undetected",
                    "engine_name": "ESET-NOD32",
                    "engine_version": "24451",
                    "result": null,
                    "method": "blacklist",
                    "engine_update": "20211214"
                },
                "APEX": {
                    "category": "type-unsupported",
                    "engine_name": "APEX",
                    "engine_version": "6.238",
                    "result": null,
                    "method": "blacklist",
                    "engine_update": "20211213"
                },
                "TrendMicro-HouseCall": {
                    "category": "undetected",
                    "engine_name": "TrendMicro-HouseCall",
                    "engine_version": "10.0.0.1040",
                    "result": null,
                    "method": "blacklist",
                    "engine_update": "20211214"
                },
                "Avast": {
                    "category": "undetected",
                    "engine_name": "Avast",
                    "engine_version": "21.1.5827.0",
                    "result": null,
                    "method": "blacklist",
                    "engine_update": "20211214"
                },
                "ClamAV": {
                    "category": "undetected",
                    "engine_name": "ClamAV",
                    "engine_version": "0.104.1.0",
                    "result": null,
                    "method": "blacklist",
                    "engine_update": "20211214"
                },
                "Kaspersky": {
                    "category": "undetected",
                    "engine_name": "Kaspersky",
                    "engine_version": "21.0.1.45",
                    "result": null,
                    "method": "blacklist",
                    "engine_update": "20211214"
                },
                "BitDefender": {
                    "category": "undetected",
                    "engine_name": "BitDefender",
                    "engine_version": "7.2",
                    "result": null,
                    "method": "blacklist",
                    "engine_update": "20211214"
                },
                "NANO-Antivirus": {
                    "category": "undetected",
                    "engine_name": "NANO-Antivirus",
                    "engine_version": "1.0.146.25409",
                    "result": null,
                    "method": "blacklist",
                    "engine_update": "20211214"
                },
                "SUPERAntiSpyware": {
                    "category": "undetected",
                    "engine_name": "SUPERAntiSpyware",
                    "engine_version": "5.6.0.1032",
                    "result": null,
                    "method": "blacklist",
                    "engine_update": "20211211"
                },
                "Tencent": {
                    "category": "undetected",
                    "engine_name": "Tencent",
                    "engine_version": "1.0.0.1",
                    "result": null,
                    "method": "blacklist",
                    "engine_update": "20211214"
                },
                "Ad-Aware": {
                    "category": "undetected",
                    "engine_name": "Ad-Aware",
                    "engine_version": "3.0.21.193",
                    "result": null,
                    "method": "blacklist",
                    "engine_update": "20211214"
                },
                "Sophos": {
                    "category": "undetected",
                    "engine_name": "Sophos",
                    "engine_version": "1.4.1.0",
                    "result": null,
                    "method": "blacklist",
                    "engine_update": "20211214"
                },
                "Comodo": {
                    "category": "undetected",
                    "engine_name": "Comodo",
                    "engine_version": "34044",
                    "result": null,
                    "method": "blacklist",
                    "engine_update": "20211102"
                },
                "F-Secure": {
                    "category": "undetected",
                    "engine_name": "F-Secure",
                    "engine_version": "12.0.86.52",
                    "result": null,
                    "method": "blacklist",
                    "engine_update": "20211214"
                },
                "Baidu": {
                    "category": "undetected",
                    "engine_name": "Baidu",
                    "engine_version": "1.0.0.2",
                    "result": null,
                    "method": "blacklist",
                    "engine_update": "20190318"
                },
                "VIPRE": {
                    "category": "undetected",
                    "engine_name": "VIPRE",
                    "engine_version": "97644",
                    "result": null,
                    "method": "blacklist",
                    "engine_update": "20211214"
                },
                "TrendMicro": {
                    "category": "undetected",
                    "engine_name": "TrendMicro",
                    "engine_version": "11.0.0.1006",
                    "result": null,
                    "method": "blacklist",
                    "engine_update": "20211214"
                },
                "McAfee-GW-Edition": {
                    "category": "undetected",
                    "engine_name": "McAfee-GW-Edition",
                    "engine_version": "v2019.1.2+3728",
                    "result": null,
                    "method": "blacklist",
                    "engine_update": "20211214"
                },
                "SentinelOne": {
                    "category": "type-unsupported",
                    "engine_name": "SentinelOne",
                    "engine_version": "7.0.0.7",
                    "result": null,
                    "method": "blacklist",
                    "engine_update": "20211129"
                },
                "CMC": {
                    "category": "undetected",
                    "engine_name": "CMC",
                    "engine_version": "2.10.2019.1",
                    "result": null,
                    "method": "blacklist",
                    "engine_update": "20211026"
                },
                "Emsisoft": {
                    "category": "undetected",
                    "engine_name": "Emsisoft",
                    "engine_version": "2021.5.0.7597",
                    "result": null,
                    "method": "blacklist",
                    "engine_update": "20211214"
                },
                "Ikarus": {
                    "category": "failure",
                    "engine_name": "Ikarus",
                    "engine_version": "0.1.5.2",
                    "result": null,
                    "method": "blacklist",
                    "engine_update": "20211213"
                },
                "Avast-Mobile": {
                    "category": "undetected",
                    "engine_name": "Avast-Mobile",
                    "engine_version": "211213-08",
                    "result": null,
                    "method": "blacklist",
                    "engine_update": "20211213"
                },
                "Jiangmin": {
                    "category": "undetected",
                    "engine_name": "Jiangmin",
                    "engine_version": "16.0.100",
                    "result": null,
                    "method": "blacklist",
                    "engine_update": "20211213"
                },
                "Webroot": {
                    "category": "type-unsupported",
                    "engine_name": "Webroot",
                    "engine_version": "1.0.0.403",
                    "result": null,
                    "method": "blacklist",
                    "engine_update": "20211214"
                },
                "Avira": {
                    "category": "undetected",
                    "engine_name": "Avira",
                    "engine_version": "8.3.3.12",
                    "result": null,
                    "method": "blacklist",
                    "engine_update": "20211214"
                },
                "eGambit": {
                    "category": "type-unsupported",
                    "engine_name": "eGambit",
                    "engine_version": null,
                    "result": null,
                    "method": "blacklist",
                    "engine_update": "20211214"
                },
                "Antiy-AVL": {
                    "category": "undetected",
                    "engine_name": "Antiy-AVL",
                    "engine_version": "3.0.0.1",
                    "result": null,
                    "method": "blacklist",
                    "engine_update": "20211214"
                },
                "Kingsoft": {
                    "category": "undetected",
                    "engine_name": "Kingsoft",
                    "engine_version": "2017.9.26.565",
                    "result": null,
                    "method": "blacklist",
                    "engine_update": "20211214"
                },
                "Gridinsoft": {
                    "category": "undetected",
                    "engine_name": "Gridinsoft",
                    "engine_version": "1.0.65.164",
                    "result": null,
                    "method": "blacklist",
                    "engine_update": "20211214"
                },
                "Microsoft": {
                    "category": "undetected",
                    "engine_name": "Microsoft",
                    "engine_version": "1.1.18800.4",
                    "result": null,
                    "method": "blacklist",
                    "engine_update": "20211214"
                },
                "ViRobot": {
                    "category": "undetected",
                    "engine_name": "ViRobot",
                    "engine_version": "2014.3.20.0",
                    "result": null,
                    "method": "blacklist",
                    "engine_update": "20211214"
                },
                "GData": {
                    "category": "undetected",
                    "engine_name": "GData",
                    "engine_version": "A:25.31640B:27.25497",
                    "result": null,
                    "method": "blacklist",
                    "engine_update": "20211214"
                },
                "Cynet": {
                    "category": "type-unsupported",
                    "engine_name": "Cynet",
                    "engine_version": "4.0.0.27",
                    "result": null,
                    "method": "blacklist",
                    "engine_update": "20211214"
                },
                "BitDefenderFalx": {
                    "category": "undetected",
                    "engine_name": "BitDefenderFalx",
                    "engine_version": "2.0.936",
                    "result": null,
                    "method": "blacklist",
                    "engine_update": "20210610"
                },
                "AhnLab-V3": {
                    "category": "undetected",
                    "engine_name": "AhnLab-V3",
                    "engine_version": "3.21.2.10258",
                    "result": null,
                    "method": "blacklist",
                    "engine_update": "20211214"
                },
                "Acronis": {
                    "category": "type-unsupported",
                    "engine_name": "Acronis",
                    "engine_version": "1.1.1.82",
                    "result": null,
                    "method": "blacklist",
                    "engine_update": "20210512"
                },
                "McAfee": {
                    "category": "undetected",
                    "engine_name": "McAfee",
                    "engine_version": "6.0.6.653",
                    "result": null,
                    "method": "blacklist",
                    "engine_update": "20211214"
                },
                "MAX": {
                    "category": "undetected",
                    "engine_name": "MAX",
                    "engine_version": "2019.9.16.1",
                    "result": null,
                    "method": "blacklist",
                    "engine_update": "20211214"
                },
                "VBA32": {
                    "category": "undetected",
                    "engine_name": "VBA32",
                    "engine_version": "5.0.0",
                    "result": null,
                    "method": "blacklist",
                    "engine_update": "20211213"
                },
                "Cylance": {
                    "category": "type-unsupported",
                    "engine_name": "Cylance",
                    "engine_version": "2.3.1.101",
                    "result": null,
                    "method": "blacklist",
                    "engine_update": "20211214"
                },
                "Zoner": {
                    "category": "undetected",
                    "engine_name": "Zoner",
                    "engine_version": "2.2.2.0",
                    "result": null,
                    "method": "blacklist",
                    "engine_update": "20211213"
                },
                "Rising": {
                    "category": "undetected",
                    "engine_name": "Rising",
                    "engine_version": "25.0.0.27",
                    "result": null,
                    "method": "blacklist",
                    "engine_update": "20211214"
                },
                "Yandex": {
                    "category": "undetected",
                    "engine_name": "Yandex",
                    "engine_version": "5.5.2.24",
                    "result": null,
                    "method": "blacklist",
                    "engine_update": "20211213"
                },
                "TACHYON": {
                    "category": "undetected",
                    "engine_name": "TACHYON",
                    "engine_version": "2021-12-14.02",
                    "result": null,
                    "method": "blacklist",
                    "engine_update": "20211214"
                },
                "MaxSecure": {
                    "category": "undetected",
                    "engine_name": "MaxSecure",
                    "engine_version": "1.0.0.1",
                    "result": null,
                    "method": "blacklist",
                    "engine_update": "20211214"
                },
                "Fortinet": {
                    "category": "undetected",
                    "engine_name": "Fortinet",
                    "engine_version": "6.2.142.0",
                    "result": null,
                    "method": "blacklist",
                    "engine_update": "20211214"
                },
                "Cybereason": {
                    "category": "type-unsupported",
                    "engine_name": "Cybereason",
                    "engine_version": "1.2.449",
                    "result": null,
                    "method": "blacklist",
                    "engine_update": "20210330"
                },
                "Panda": {
                    "category": "undetected",
                    "engine_name": "Panda",
                    "engine_version": "4.6.4.2",
                    "result": null,
                    "method": "blacklist",
                    "engine_update": "20211213"
                },
                "CrowdStrike": {
                    "category": "type-unsupported",
                    "engine_name": "CrowdStrike",
                    "engine_version": "1.0",
                    "result": null,
                    "method": "blacklist",
                    "engine_update": "20210203"
                }
            }
        },
        "type": "file",
        "id": "00002ec65a9dc7e9dd31018e23c59b53c69b5831db823f9a5bc2ef7840b812b6",
        "links": {
            "self": "https://www.virustotal.com/api/v3/files/00002ec65a9dc7e9dd31018e23c59b53c69b5831db823f9a5bc2ef7840b812b6"
        }
    }
}