{
    "data": {
        "attributes": {
            "type_description": "Android",
            "vhash": "78b268baf96b19a96a2df10fc345175e",
            "trid": [
                {
                    "file_type": "OpenOffice Extension",
                    "probability": 27.0
                },
                {
                    "file_type": "Java Archive",
                    "probability": 16.9
                },
                {
                    "file_type": "VYM Mind Map",
                    "probability": 15.7
                },
                {
                    "file_type": "Minecraft LiteLoader Mod",
                    "probability": 13.2
                },
                {
                    "file_type": "Sweet Home 3D design (generic)",
                    "probability": 13.2
                }
            ],
            "names": [
                "com.stt.android.apk",
                "com.stt.android-3.59.7.apk"
            ],
            "last_modification_date": 1605438109,
            "type_tag": "android",
            "times_submitted": 2,
            "total_votes": {
                "harmless": 0,
                "malicious": 0
            },
            "size": 35031617,
            "type_extension": "apk",
            "last_submission_date": 1601889936,
            "last_analysis_results": {
                "Bkav": {
                    "category": "undetected",
                    "engine_name": "Bkav",
                    "engine_version": "1.3.0.9899",
                    "result": null,
                    "method": "blacklist",
                    "engine_update": "20201003"
                },
                "Lionic": {
                    "category": "undetected",
                    "engine_name": "AegisLab",
                    "engine_version": "4.2",
                    "result": null,
                    "method": "blacklist",
                    "engine_update": "20201005"
                },
                "Elastic": {
                    "category": "type-unsupported",
                    "engine_name": "Elastic",
                    "engine_version": "4.0.9",
                    "result": null,
                    "method": "blacklist",
                    "engine_update": "20200917"
                },
                "MicroWorld-eScan": {
                    "category": "undetected",
                    "engine_name": "MicroWorld-eScan",
                    "engine_version": "14.0.409.0",
                    "result": null,
                    "method": "blacklist",
                    "engine_update": "20201005"
                },
                "FireEye": {
                    "category": "undetected",
                    "engine_name": "FireEye",
                    "engine_version": "32.36.1.0",
                    "result": null,
                    "method": "blacklist",
                    "engine_update": "20201005"
                },
                "CAT-QuickHeal": {
                    "category": "undetected",
                    "engine_name": "CAT-QuickHeal",
                    "engine_version": "14.00",
                    "result": null,
                    "method": "blacklist",
                    "engine_update": "20201005"
                },
                "McAfee": {
                    "category": "undetected",
                    "engine_name": "McAfee",
                    "engine_version": "6.0.6.653",
                    "result": null,
                    "method": "blacklist",
                    "engine_update": "20201005"
                },
                "Malwarebytes": {
                    "category": "undetected",
                    "engine_name": "Malwarebytes",
                    "engine_version": "3.6.4.335",
                    "result": null,
                    "method": "blacklist",
                    "engine_update": "20201005"
                },
                "Zillya": {
                    "category": "failure",
                    "engine_name": "Zillya",
                    "engine_version": "2.0.0.4190",
                    "result": null,
                    "method": "blacklist",
                    "engine_update": "20201002"
                },
                "Paloalto": {
                    "category": "type-unsupported",
                    "engine_name": "Paloalto",
                    "engine_version": "1.0",
                    "result": null,
                    "method": "blacklist",
                    "engine_update": "20201005"
                },
                "Sangfor": {
                    "category": "undetected",
                    "engine_name": "Sangfor",
                    "engine_version": "1.0",
                    "result": null,
                    "method": "blacklist",
                    "engine_update": "20200814"
                },
                "K7AntiVirus": {
                    "category": "undetected",
                    "engine_name": "K7AntiVirus",
                    "engine_version": "11.142.35354",
                    "result": null,
                    "method": "blacklist",
                    "engine_update": "20201005"
                },
                "Alibaba": {
                    "category": "undetected",
                    "engine_name": "Alibaba",
                    "engine_version": "0.3.0.5",
                    "result": null,
                    "method": "blacklist",
                    "engine_update": "20190527"
                },
                "K7GW": {
                    "category": "undetected",
                    "engine_name": "K7GW",
                    "engine_version": "11.142.35355",
                    "result": null,
                    "method": "blacklist",
                    "engine_update": "20201005"
                },
                "Trustlook": {
                    "category": "undetected",
                    "engine_name": "Trustlook",
                    "engine_version": "1.0",
                    "result": null,
                    "method": "blacklist",
                    "engine_update": "20201005"
                },
                "Arcabit": {
                    "category": "undetected",
                    "engine_name": "Arcabit",
                    "engine_version": "1.0.0.881",
                    "result": null,
                    "method": "blacklist",
                    "engine_update": "20201005"
                },
                "TrendMicro": {
                    "category": "undetected",
                    "engine_name": "TrendMicro",
                    "engine_version": "11.0.0.1006",
                    "result": null,
                    "method": "blacklist",
                    "engine_update": "20201005"
                },
                "BitDefenderTheta": {
                    "category": "undetected",
                    "engine_name": "BitDefenderTheta",
                    "engine_version": "7.2.37796.0",
                    "result": null,
                    "method": "blacklist",
                    "engine_update": "20200930"
                },
                "Cyren": {
                    "category": "undetected",
                    "engine_name": "Cyren",
                    "engine_version": "6.3.0.2",
                    "result": null,
                    "method": "blacklist",
                    "engine_update": "20201005"
                },
                "SymantecMobileInsight": {
                    "category": "undetected",
                    "engine_name": "SymantecMobileInsight",
                    "engine_version": "2.0",
                    "result": null,
                    "method": "blacklist",
                    "engine_update": "20200813"
                },
                "Symantec": {
                    "category": "undetected",
                    "engine_name": "Symantec",
                    "engine_version": "1.12.0.0",
                    "result": null,
                    "method": "blacklist",
                    "engine_update": "20201004"
                },
                "TotalDefense": {
                    "category": "undetected",
                    "engine_name": "TotalDefense",
                    "engine_version": "37.1.62.1",
                    "result": null,
                    "method": "blacklist",
                    "engine_update": "20201005"
                },
                "Baidu": {
                    "category": "timeout",
                    "engine_name": "Baidu",
                    "engine_version": "1.0.0.2",
                    "result": null,
                    "method": "blacklist",
                    "engine_update": "20190318"
                },
                "TrendMicro-HouseCall": {
                    "category": "undetected",
                    "engine_name": "TrendMicro-HouseCall",
                    "engine_version": "10.0.0.1040",
                    "result": null,
                    "method": "blacklist",
                    "engine_update": "20201005"
                },
                "Avast": {
                    "category": "timeout",
                    "engine_name": "Avast",
                    "engine_version": "18.4.3895.0",
                    "result": null,
                    "method": "blacklist",
                    "engine_update": "20201005"
                },
                "ClamAV": {
                    "category": "undetected",
                    "engine_name": "ClamAV",
                    "engine_version": "0.102.3.0",
                    "result": null,
                    "method": "blacklist",
                    "engine_update": "20201004"
                },
                "Kaspersky": {
                    "category": "undetected",
                    "engine_name": "Kaspersky",
                    "engine_version": "15.0.1.13",
                    "result": null,
                    "method": "blacklist",
                    "engine_update": "20201005"
                },
                "BitDefender": {
                    "category": "undetected",
                    "engine_name": "BitDefender",
                    "engine_version": "7.2",
                    "result": null,
                    "method": "blacklist",
                    "engine_update": "20201005"
                },
                "NANO-Antivirus": {
                    "category": "undetected",
                    "engine_name": "NANO-Antivirus",
                    "engine_version": "1.0.134.25169",
                    "result": null,
                    "method": "blacklist",
                    "engine_update": "20201005"
                },
                "Cynet": {
                    "category": "type-unsupported",
                    "engine_name": "Cynet",
                    "engine_version": "4.0.0.24",
                    "result": null,
                    "method": "blacklist",
                    "engine_update": "20201005"
                },
                "SUPERAntiSpyware": {
                    "category": "undetected",
                    "engine_name": "SUPERAntiSpyware",
                    "engine_version": "5.6.0.1032",
                    "result": null,
                    "method": "blacklist",
                    "engine_update": "20201002"
                },
                "APEX": {
                    "category": "type-unsupported",
                    "engine_name": "APEX",
                    "engine_version": "6.77",
                    "result": null,
                    "method": "blacklist",
                    "engine_update": "20201004"
                },
                "Ad-Aware": {
                    "category": "undetected",
                    "engine_name": "Ad-Aware",
                    "engine_version": "3.0.16.117",
                    "result": null,
                    "method": "blacklist",
                    "engine_update": "20201005"
                },
                "Sophos": {
                    "category": "undetected",
                    "engine_name": "Sophos",
                    "engine_version": "4.98.0",
                    "result": null,
                    "method": "blacklist",
                    "engine_update": "20201005"
                },
                "Comodo": {
                    "category": "undetected",
                    "engine_name": "Comodo",
                    "engine_version": "32868",
                    "result": null,
                    "method": "blacklist",
                    "engine_update": "20201005"
                },
                "F-Secure": {
                    "category": "undetected",
                    "engine_name": "F-Secure",
                    "engine_version": "12.0.86.52",
                    "result": null,
                    "method": "blacklist",
                    "engine_update": "20201005"
                },
                "DrWeb": {
                    "category": "undetected",
                    "engine_name": "DrWeb",
                    "engine_version": "7.0.49.9080",
                    "result": null,
                    "method": "blacklist",
                    "engine_update": "20201005"
                },
                "VIPRE": {
                    "category": "undetected",
                    "engine_name": "VIPRE",
                    "engine_version": "87192",
                    "result": null,
                    "method": "blacklist",
                    "engine_update": "20201005"
                },
                "Invincea": {
                    "category": "undetected",
                    "engine_name": "Invincea",
                    "engine_version": "1.0.1.0",
                    "result": null,
                    "method": "blacklist",
                    "engine_update": "20201005"
                },
                "McAfee-GW-Edition": {
                    "category": "undetected",
                    "engine_name": "McAfee-GW-Edition",
                    "engine_version": "v2019.1.2+3728",
                    "result": null,
                    "method": "blacklist",
                    "engine_update": "20201005"
                },
                "Trapmine": {
                    "category": "type-unsupported",
                    "engine_name": "Trapmine",
                    "engine_version": "3.5.0.1023",
                    "result": null,
                    "method": "blacklist",
                    "engine_update": "20200727"
                },
                "CMC": {
                    "category": "undetected",
                    "engine_name": "CMC",
                    "engine_version": "2.7.2019.1",
                    "result": null,
                    "method": "blacklist",
                    "engine_update": "20201005"
                },
                "Emsisoft": {
                    "category": "undetected",
                    "engine_name": "Emsisoft",
                    "engine_version": "2018.12.0.1641",
                    "result": null,
                    "method": "blacklist",
                    "engine_update": "20201005"
                },
                "Ikarus": {
                    "category": "undetected",
                    "engine_name": "Ikarus",
                    "engine_version": "0.1.5.2",
                    "result": null,
                    "method": "blacklist",
                    "engine_update": "20201005"
                },
                "Avast-Mobile": {
                    "category": "undetected",
                    "engine_name": "Avast-Mobile",
                    "engine_version": "201005-00",
                    "result": null,
                    "method": "blacklist",
                    "engine_update": "20201005"
                },
                "Jiangmin": {
                    "category": "undetected",
                    "engine_name": "Jiangmin",
                    "engine_version": "16.0.100",
                    "result": null,
                    "method": "blacklist",
                    "engine_update": "20201005"
                },
                "Webroot": {
                    "category": "type-unsupported",
                    "engine_name": "Webroot",
                    "engine_version": "1.0.0.403",
                    "result": null,
                    "method": "blacklist",
                    "engine_update": "20201005"
                },
                "Avira": {
                    "category": "undetected",
                    "engine_name": "Avira",
                    "engine_version": "8.3.3.8",
                    "result": null,
                    "method": "blacklist",
                    "engine_update": "20201005"
                },
                "eGambit": {
                    "category": "type-unsupported",
                    "engine_name": "eGambit",
                    "engine_version": null,
                    "result": null,
                    "method": "blacklist",
                    "engine_update": "20201005"
                },
                "Antiy-AVL": {
                    "category": "undetected",
                    "engine_name": "Antiy-AVL",
                    "engine_version": "3.0.0.1",
                    "result": null,
                    "method": "blacklist",
                    "engine_update": "20201005"
                },
                "Kingsoft": {
                    "category": "undetected",
                    "engine_name": "Kingsoft",
                    "engine_version": "2013.8.14.323",
                    "result": null,
                    "method": "blacklist",
                    "engine_update": "20201005"
                },
                "Microsoft": {
                    "category": "undetected",
                    "engine_name": "Microsoft",
                    "engine_version": "1.1.17500.4",
                    "result": null,
                    "method": "blacklist",
                    "engine_update": "20201005"
                },
                "ViRobot": {
                    "category": "undetected",
                    "engine_name": "ViRobot",
                    "engine_version": "2014.3.20.0",
                    "result": null,
                    "method": "blacklist",
                    "engine_update": "20201005"
                },
                "ZoneAlarm": {
                    "category": "undetected",
                    "engine_name": "ZoneAlarm",
                    "engine_version": "1.0",
                    "result": null,
                    "method": "blacklist",
                    "engine_update": "20201005"
                },
                "GData": {
                    "category": "undetected",
                    "engine_name": "GData",
                    "engine_version": "A:25.27229B:27.20408",
                    "result": null,
                    "method": "blacklist",
                    "engine_update": "20201005"
                },
                "TACHYON": {
                    "category": "undetected",
                    "engine_name": "TACHYON",
                    "engine_version": "2020-10-05.01",
                    "result": null,
                    "method": "blacklist",
                    "engine_update": "20201005"
                },
                "AhnLab-V3": {
                    "category": "undetected",
                    "engine_name": "AhnLab-V3",
                    "engine_version": "3.18.2.10046",
                    "result": null,
                    "method": "blacklist",
                    "engine_update": "20201005"
                },
                "Acronis": {
                    "category": "type-unsupported",
                    "engine_name": "Acronis",
                    "engine_version": "1.1.1.78",
                    "result": null,
                    "method": "blacklist",
                    "engine_update": "20200917"
                },
                "VBA32": {
                    "category": "undetected",
                    "engine_name": "VBA32",
                    "engine_version": "4.4.1",
                    "result": null,
                    "method": "blacklist",
                    "engine_update": "20201005"
                },
                "ALYac": {
                    "category": "undetected",
                    "engine_name": "ALYac",
                    "engine_version": "1.1.1.5",
                    "result": null,
                    "method": "blacklist",
                    "engine_update": "20201005"
                },
                "MAX": {
                    "category": "undetected",
                    "engine_name": "MAX",
                    "engine_version": "2019.9.16.1",
                    "result": null,
                    "method": "blacklist",
                    "engine_update": "20201005"
                },
                "Cylance": {
                    "category": "timeout",
                    "engine_name": "Cylance",
                    "engine_version": "2.3.1.101",
                    "result": null,
                    "method": "blacklist",
                    "engine_update": "20201005"
                },
                "Zoner": {
                    "category": "undetected",
                    "engine_name": "Zoner",
                    "engine_version": "0.0.0.0",
                    "result": null,
                    "method": "blacklist",
                    "engine_update": "20201005"
                },
                "ESET-NOD32": {
                    "category": "undetected",
                    "engine_name": "ESET-NOD32",
                    "engine_version": "22100",
                    "result": null,
                    "method": "blacklist",
                    "engine_update": "20201005"
                },
                "Rising": {
                    "category": "undetected",
                    "engine_name": "Rising",
                    "engine_version": "25.0.0.26",
                    "result": null,
                    "method": "blacklist",
                    "engine_update": "20201005"
                },
                "Yandex": {
                    "category": "undetected",
                    "engine_name": "Yandex",
                    "engine_version": "5.5.2.24",
                    "result": null,
                    "method": "blacklist",
                    "engine_update": "20201001"
                },
                "SentinelOne": {
                    "category": "undetected",
                    "engine_name": "SentinelOne",
                    "engine_version": "4.4.0.0",
                    "result": null,
                    "method": "blacklist",
                    "engine_update": "20200724"
                },
                "MaxSecure": {
                    "category": "timeout",
                    "engine_name": "MaxSecure",
                    "engine_version": "1.0.0.1",
                    "result": null,
                    "method": "blacklist",
                    "engine_update": "20201003"
                },
                "Fortinet": {
                    "category": "undetected",
                    "engine_name": "Fortinet",
                    "engine_version": "6.2.142.0",
                    "result": null,
                    "method": "blacklist",
                    "engine_update": "20201005"
                },
                "AVG": {
                    "category": "timeout",
                    "engine_name": "AVG",
                    "engine_version": "18.4.3895.0",
                    "result": null,
                    "method": "blacklist",
                    "engine_update": "20201005"
                },
                "Cybereason": {
                    "category": "type-unsupported",
                    "engine_name": "Cybereason",
                    "engine_version": "1.2.449",
                    "result": null,
                    "method": "blacklist",
                    "engine_update": "20190616"
                },
                "Panda": {
                    "category": "undetected",
                    "engine_name": "Panda",
                    "engine_version": "4.6.4.2",
                    "result": null,
                    "method": "blacklist",
                    "engine_update": "20201004"
                },
                "CrowdStrike": {
                    "category": "type-unsupported",
                    "engine_name": "CrowdStrike",
                    "engine_version": "1.0",
                    "result": null,
                    "method": "blacklist",
                    "engine_update": "20190702"
                },
                "Qihoo-360": {
                    "category": "undetected",
                    "engine_name": "Qihoo-360",
                    "engine_version": "1.0.0.1120",
                    "result": null,
                    "method": "blacklist",
                    "engine_update": "20201005"
                }
            },
            "sha256": "0000730ea89fbbe53a526474f9c6281f769825ef8bbb91e5488b893c8865b6e2",
            "tags": [
                "apk",
                "android",
                "contains-elf"
            ],
            "last_analysis_date": 1601889936,
            "unique_sources": 2,
            "first_submission_date": 1553134843,
            "sha1": "afdd23c0a67ca6aba891534e2945dde895d8a063",
            "ssdeep": "786432:CXPhhnXNO7l4ZoesJCrNkJPbTNEH15vtdS8VEX43QS9z+iRJYAr:SNXg54GVCxkdNEHD1dS8VEOxzHRJXr",
            "bundle_info": {
                "highest_datetime": "1980-00-00 00:00:00",
                "lowest_datetime": "1980-00-00 00:00:00",
                "num_children": 4015,
                "extensions": {
                    "xml": 15,
                    "dex": 3,
                    "MF": 1,
                    "RSA": 1,
                    "js": 1,
                    "gz": 1,
                    "dat": 1,
                    "so": 7,
                    "SF": 1,
                    "txt": 4,
                    "ttf": 1
                },
                "file_types": {
                    "XML": 15,
                    "unknown": 974,
                    "DEX": 3,
                    "JavaScript": 1,
                    "ELF": 7
                },
                "type": "APK",
                "uncompressed_size": 49050238
            },
            "packers": {
                "F-PROT": "appended, packed"
            },
            "md5": "ba8e316f6c931cd06c184ba91cf7f1fc",
            "androguard": {
                "VTAndroidInfo": 1.41,
                "AndroidApplicationError": false,
                "MinSdkVersion": "21",
                "AndroguardVersion": "3.0-dev",
                "Activities": [
                    "com.stt.android.summaries.SummaryWorkoutsListActivity",
                    "com.stt.android.goals.GoalEditActivity",
                    "com.stt.android.goals.GoalSummaryActivity",
                    "com.stt.android.ui.activities.ProxyActivity",
                    "com.stt.android.ui.activities.WorkoutActivity",
                    "com.stt.android.workoutsettings.WorkoutSettingsActivity",
                    "com.stt.android.home.HomeActivity",
                    "com.stt.android.ui.activities.UpdateActivity",
                    "com.stt.android.ui.activities.map.OngoingWorkoutMapActivity",
                    "com.stt.android.ui.activities.map.OngoingAndFollowWorkoutMapActivity",
                    "com.stt.android.ui.activities.map.OngoingAndFollowRouteMapActivity",
                    "com.stt.android.ui.activities.map.OngoingAndGhostWorkoutMapActivity",
                    "com.stt.android.ui.activities.map.StaticWorkoutMapActivity",
                    "com.stt.android.ui.activities.map.WorkoutMapActivity",
                    "com.stt.android.newsletteroptin.NewsletterOptInActivity",
                    "com.stt.android.ui.activities.SaveWorkoutActivity",
                    "com.stt.android.ui.activities.LoginActivity",
                    "com.stt.android.ui.fragments.login.terms.TermsActivity",
                    "com.stt.android.ui.activities.WorkoutEditDetailsActivity",
                    "com.stt.android.ui.activities.SetupHeartRateBeltActivity",
                    "com.stt.android.ui.activities.DisplayHeartRateActivity",
                    "com.stt.android.social.notifications.NotificationActivity",
                    "com.stt.android.social.notifications.inbox.MarketingInboxActivity",
                    "com.stt.android.social.userprofile.UserFullScreenProfilePictureActivity",
                    "com.stt.android.social.userprofile.UserProfileActivity",
                    "com.stt.android.social.following.FollowingsActivity",
                    "com.stt.android.ui.activities.TwitterWebviewActivity",
                    "com.stt.android.promotion.featurepromotion.FeaturePromotionActivity",
                    "com.stt.android.promotion.PurchaseSubscriptionActivity",
                    "com.stt.android.ui.activities.SimilarWorkoutsActivity",
                    "com.stt.android.promotion.whatsnew.WhatsNewActivity",
                    "com.stt.android.ui.activities.SetupCadenceActivity",
                    "com.stt.android.ui.activities.DisplayCadenceActivity",
                    "com.stt.android.ui.activities.OpenSourceLicensesActivity",
                    "com.stt.android.ui.activities.map.MapSelectionActivity",
                    "com.stt.android.ui.activities.settings.NotificationSettingsActivity",
                    "com.stt.android.ui.activities.settings.FollowerSettingsActivity",
                    "com.facebook.FacebookActivity",
                    "com.facebook.LoginActivity",
                    "com.stt.android.workoutdetail.trend.RecentWorkoutTrendActivity",
                    "com.stt.android.ui.activities.RecentWorkoutSummaryActivity",
                    "com.stt.android.ui.activities.WorkoutMediaActivity",
                    "com.stt.android.social.reactions.ReactionUserListActivity",
                    "com.stt.android.routes.details.RouteDetailsActivity",
                    "com.stt.android.routes.planner.RoutePlannerActivity",
                    "com.stt.android.home.settings.SettingsActivity",
                    "com.stt.android.home.people.FindFbFriendsActivity",
                    "com.appboy.ui.AppboyWebViewActivity",
                    "com.stt.android.multimedia.video.trimming.VideoTrimmingActivity",
                    "com.stt.android.ui.activities.WebViewActivity",
                    "com.stt.android.workouts.sharepreview.WorkoutSharePreviewActivity",
                    "com.google.android.gms.ads.AdActivity",
                    "com.stt.android.ads.image.ImageInterstitialActivity",
                    "com.stt.android.ads.video.NativeVideoActivity",
                    "com.stt.android.ui.activities.WorkoutComparisonActivity",
                    "com.stt.android.workouts.details.WorkoutDetailsActivity",
                    "com.stt.android.multimedia.gallery.MediaGalleryActivity",
                    "com.stt.android.ui.activities.SimpleAlertDialog",
                    "com.stt.android.workouts.sharepreview.WorkoutValuesPickingActivity",
                    "com.stt.android.workouts.sharepreview.WorkoutGraphPickingActivity",
                    "pub.devrel.easypermissions.AppSettingsDialogHolderActivity",
                    "com.facebook.CustomTabMainActivity",
                    "com.facebook.CustomTabActivity",
                    "com.appboy.ui.activities.AppboyFeedActivity",
                    "com.appboy.push.AppboyNotificationRoutingActivity",
                    "com.google.android.gms.appinvite.PreviewActivity",
                    "com.google.android.gms.common.api.GoogleApiActivity",
                    "com.helpshift.support.activities.ParentActivity",
                    "com.helpshift.support.HSReview",
                    "com.helpshift.campaigns.activities.ParentActivity",
                    "com.helpshift.campaigns.activities.NotificationActivity"
                ],
                "certificate": {
                    "Subject": {
                        "DN": "C:FI, CN:Sports Tracking Technologies Ltd, L:Helsinki, O:Sports Tracking Technologies Ltd, ST:Helsinki, OU:Sports Tracking Technologies Ltd",
                        "C": "FI",
                        "CN": "Sports Tracking Technologies Ltd",
                        "L": "Helsinki",
                        "O": "Sports Tracking Technologies Ltd",
                        "ST": "Helsinki",
                        "OU": "Sports Tracking Technologies Ltd"
                    },
                    "validto": "2285-03-31 15:53:16",
                    "serialnumber": "4dfa26ec",
                    "thumbprint": "60c7c1e73b246750f68a3ca465790007d6cf1a0d",
                    "validfrom": "2011-06-16 15:53:16",
                    "Issuer": {
                        "DN": "C:FI, CN:Sports Tracking Technologies Ltd, L:Helsinki, O:Sports Tracking Technologies Ltd, ST:Helsinki, OU:Sports Tracking Technologies Ltd",
                        "C": "FI",
                        "CN": "Sports Tracking Technologies Ltd",
                        "L": "Helsinki",
                        "O": "Sports Tracking Technologies Ltd",
                        "ST": "Helsinki",
                        "OU": "Sports Tracking Technologies Ltd"
                    }
                },
                "AndroidApplication": 1,
                "RiskIndicator": {
                    "APK": {
                        "DEX": 3
                    },
                    "PERM": {
                        "DANGEROUS": 3,
                        "PRIVACY": 3,
                        "NORMAL": 6,
                        "INTERNET": 1,
                        "GPS": 2
                    }
                },
                "Services": [
                    "com.stt.android.workouts.RecordWorkoutService",
                    "com.stt.android.services.SaveWorkoutService",
                    "com.stt.android.services.RemoveWorkoutService",
                    "com.stt.android.services.SaveWorkoutHeaderService",
                    "com.stt.android.services.ShowWhatsNewNotificationService",
                    "com.stt.android.workouts.wearable.WearableListener",
                    "com.stt.android.workouts.PreventDozeService",
                    "com.stt.android.notifications.PushNotificationReceiver",
                    "com.stt.android.social.notifications.STTFirebaseInstanceIDService",
                    "com.stt.android.notifications.PushNotificationHandler",
                    "com.stt.android.workouts.wearable.WearableCleanupService",
                    "com.stt.android.workouts.wearable.TTSStarter",
                    "com.evernote.android.job.v21.PlatformJobService",
                    "com.evernote.android.job.v14.PlatformAlarmService",
                    "com.evernote.android.job.v14.PlatformAlarmServiceExact",
                    "com.evernote.android.job.gcm.PlatformGcmService",
                    "com.evernote.android.job.JobRescheduleService",
                    "com.google.firebase.components.ComponentDiscoveryService",
                    "com.google.firebase.messaging.FirebaseMessagingService",
                    "com.google.android.gms.measurement.AppMeasurementService",
                    "com.google.android.gms.measurement.AppMeasurementJobService",
                    "com.google.firebase.iid.FirebaseInstanceIdService",
                    "com.mapbox.android.telemetry.TelemetryService",
                    "com.helpshift.campaigns.services.NotificationService"
                ],
                "AndroidVersionCode": "3059700",
                "main_activity": "com.stt.android.ui.activities.ProxyActivity",
                "Package": "com.stt.android",
                "intent_filters": {
                    "Services": {
                        "com.stt.android.workouts.wearable.WearableListener": {
                            "action": [
                                "com.google.android.gms.wearable.DATA_CHANGED"
                            ]
                        },
                        "com.google.firebase.messaging.FirebaseMessagingService": {
                            "action": [
                                "com.google.firebase.MESSAGING_EVENT"
                            ]
                        },
                        "com.stt.android.notifications.PushNotificationReceiver": {
                            "action": [
                                "com.google.firebase.MESSAGING_EVENT"
                            ]
                        },
                        "com.evernote.android.job.gcm.PlatformGcmService": {
                            "action": [
                                "com.google.android.gms.gcm.ACTION_TASK_READY"
                            ]
                        },
                        "com.stt.android.social.notifications.STTFirebaseInstanceIDService": {
                            "action": [
                                "com.google.firebase.INSTANCE_ID_EVENT"
                            ]
                        },
                        "com.google.firebase.iid.FirebaseInstanceIdService": {
                            "action": [
                                "com.google.firebase.INSTANCE_ID_EVENT"
                            ]
                        }
                    },
                    "Activities": {
                        "com.stt.android.ui.activities.ProxyActivity": {
                            "action": [
                                "android.intent.action.VIEW",
                                "android.intent.action.MAIN"
                            ],
                            "category": [
                                "android.intent.category.DEFAULT",
                                "android.intent.category.BROWSABLE",
                                "android.intent.category.LAUNCHER"
                            ]
                        },
                        "com.stt.android.ui.activities.SaveWorkoutActivity": {
                            "action": [
                                "android.intent.action.VIEW"
                            ],
                            "category": [
                                "android.intent.category.DEFAULT",
                                "android.intent.category.BROWSABLE"
                            ]
                        },
                        "com.stt.android.routes.planner.RoutePlannerActivity": {
                            "action": [
                                "android.intent.action.VIEW"
                            ],
                            "category": [
                                "android.intent.category.DEFAULT",
                                "android.intent.category.BROWSABLE"
                            ]
                        },
                        "com.stt.android.ui.activities.WorkoutActivity": {
                            "action": [
                                "vnd.google.fitness.TRACK"
                            ],
                            "category": [
                                "android.intent.category.DEFAULT"
                            ]
                        },
                        "com.google.android.gms.appinvite.PreviewActivity": {
                            "action": [
                                "com.google.android.gms.appinvite.ACTION_PREVIEW"
                            ],
                            "category": [
                                "android.intent.category.DEFAULT"
                            ]
                        },
                        "com.stt.android.workoutsettings.WorkoutSettingsActivity": {
                            "action": [
                                "vnd.google.fitness.TRACK"
                            ],
                            "category": [
                                "android.intent.category.DEFAULT"
                            ]
                        }
                    },
                    "Receivers": {
                        "com.stt.android.notifications.AppBoyNotificationReceiver": {
                            "action": [
                                "com.stt.android.intent.APPBOY_PUSH_RECEIVED",
                                "com.stt.android.intent.APPBOY_NOTIFICATION_OPENED"
                            ]
                        },
                        "com.evernote.android.job.JobBootReceiver": {
                            "action": [
                                "android.intent.action.BOOT_COMPLETED",
                                "android.intent.action.QUICKBOOT_POWERON",
                                "com.htc.intent.action.QUICKBOOT_POWERON",
                                "android.intent.action.MY_PACKAGE_REPLACED"
                            ]
                        },
                        "com.evernote.android.job.v14.PlatformAlarmReceiver": {
                            "action": [
                                "com.evernote.android.job.v14.RUN_JOB",
                                "net.vrallev.android.job.v14.RUN_JOB"
                            ]
                        },
                        "com.google.firebase.iid.FirebaseInstanceIdReceiver": {
                            "action": [
                                "com.google.android.c2dm.intent.RECEIVE"
                            ]
                        },
                        "com.facebook.CurrentAccessTokenExpirationBroadcastReceiver": {
                            "action": [
                                "com.facebook.sdk.ACTION_CURRENT_ACCESS_TOKEN_CHANGED"
                            ]
                        },
                        "com.google.android.gms.measurement.AppMeasurementInstallReferrerReceiver": {
                            "action": [
                                "com.android.vending.INSTALL_REFERRER"
                            ]
                        },
                        "com.stt.android.utils.PackageUpdateReceiver": {
                            "action": [
                                "android.intent.action.MY_PACKAGE_REPLACED"
                            ]
                        },
                        "com.appboy.AppboyGcmReceiver": {
                            "action": [
                                "com.google.android.c2dm.intent.RECEIVE"
                            ],
                            "category": [
                                "com.stt.android"
                            ]
                        }
                    }
                },
                "AndroidVersionName": "3.59.7",
                "TargetSdkVersion": "27",
                "AndroidApplicationInfo": "APK",
                "Providers": [
                    "com.facebook.FacebookContentProvider",
                    "android.support.v4.content.FileProvider",
                    "com.google.firebase.perf.provider.FirebasePerfProvider",
                    "com.google.firebase.provider.FirebaseInitProvider",
                    "android.arch.lifecycle.ProcessLifecycleOwnerInitializer",
                    "com.facebook.marketing.internal.MarketingInitProvider",
                    "com.facebook.internal.FacebookInitProvider",
                    "com.crashlytics.android.CrashlyticsInitProvider",
                    "com.helpshift.support.providers.HelpshiftFileProvider"
                ],
                "permission_details": {
                    "android.permission.ACCESS_FINE_LOCATION": {
                        "short_description": "fine (GPS) location",
                        "full_description": "Access fine location sources, such as the Global Positioning System on the phone, where available. Malicious applications can use this to determine where you are and may consume additional battery power.",
                        "permission_type": "dangerous"
                    },
                    "android.permission.VIBRATE": {
                        "short_description": "control vibrator",
                        "full_description": "Allows the application to control the vibrator.",
                        "permission_type": "normal"
                    },
                    "android.permission.READ_EXTERNAL_STORAGE": {
                        "short_description": "read from external storage",
                        "full_description": "Allows an application to read from external storage",
                        "permission_type": "normal"
                    },
                    "android.permission.RECEIVE_BOOT_COMPLETED": {
                        "short_description": "automatically start at boot",
                        "full_description": "Allows an application to start itself as soon as the system has finished booting. This can make it take longer to start the phone and allow the application to slow down the overall phone by always running.",
                        "permission_type": "normal"
                    },
                    "com.google.android.providers.gsf.permission.READ_GSERVICES": {
                        "short_description": "Unknown permission from android reference",
                        "full_description": "Unknown permission from android reference",
                        "permission_type": "normal"
                    },
                    "android.permission.INTERNET": {
                        "short_description": "full Internet access",
                        "full_description": "Allows an application to create network sockets.",
                        "permission_type": "dangerous"
                    },
                    "com.google.android.c2dm.permission.RECEIVE": {
                        "short_description": "Unknown permission from android reference",
                        "full_description": "Unknown permission from android reference",
                        "permission_type": "normal"
                    },
                    "android.permission.ACCESS_NETWORK_STATE": {
                        "short_description": "view network status",
                        "full_description": "Allows an application to view the status of all networks.",
                        "permission_type": "normal"
                    },
                    "android.permission.ACCESS_COARSE_LOCATION": {
                        "short_description": "coarse (network-based) location",
                        "full_description": "Access coarse location sources, such as the mobile network database, to determine an approximate phone location, where available. Malicious applications can use this to determine approximately where you are.",
                        "permission_type": "dangerous"
                    },
                    "android.permission.WAKE_LOCK": {
                        "short_description": "prevent phone from sleeping",
                        "full_description": "Allows an application to prevent the phone from going to sleep.",
                        "permission_type": "normal"
                    },
                    "android.permission.BLUETOOTH": {
                        "short_description": "create Bluetooth connections",
                        "full_description": "Allows an application to view configuration of the local Bluetooth phone and to make and accept connections with paired devices.",
                        "permission_type": "dangerous"
                    },
                    "android.permission.ACCESS_WIFI_STATE": {
                        "short_description": "view Wi-Fi status",
                        "full_description": "Allows an application to view the information about the status of Wi-Fi.",
                        "permission_type": "normal"
                    },
                    "android.permission.READ_PHONE_STATE": {
                        "short_description": "read phone state and identity",
                        "full_description": "Allows the application to access the phone features of the device. An application with this permission can determine the phone number and serial number of this phone, whether a call is active, the number that call is connected to and so on.",
                        "permission_type": "dangerous"
                    },
                    "com.google.android.finsky.permission.BIND_GET_INSTALL_REFERRER_SERVICE": {
                        "short_description": "Unknown permission from android reference",
                        "full_description": "Unknown permission from android reference",
                        "permission_type": "normal"
                    },
                    "android.permission.WRITE_EXTERNAL_STORAGE": {
                        "short_description": "modify/delete SD card contents",
                        "full_description": "Allows an application to write to the SD card.",
                        "permission_type": "dangerous"
                    },
                    "com.android.vending.BILLING": {
                        "short_description": "Unknown permission from android reference",
                        "full_description": "Unknown permission from android reference",
                        "permission_type": "normal"
                    },
                    "android.permission.BLUETOOTH_ADMIN": {
                        "short_description": "bluetooth administration",
                        "full_description": "Allows an application to configure the local Bluetooth phone and to discover and pair with remote devices.",
                        "permission_type": "dangerous"
                    },
                    "com.sec.android.iap.permission.BILLING": {
                        "short_description": "Unknown permission from android reference",
                        "full_description": "Unknown permission from android reference",
                        "permission_type": "normal"
                    }
                },
                "Receivers": [
                    "com.stt.android.utils.PackageUpdateReceiver",
                    "com.stt.android.notifications.AppBoyNotificationReceiver",
                    "com.appboy.AppboyGcmReceiver",
                    "com.stt.android.analytics.ShareBroadcastReceiver",
                    "com.evernote.android.job.v14.PlatformAlarmReceiver",
                    "com.evernote.android.job.JobBootReceiver",
                    "com.google.android.gms.measurement.AppMeasurementReceiver",
                    "com.google.android.gms.measurement.AppMeasurementInstallReferrerReceiver",
                    "com.google.firebase.iid.FirebaseInstanceIdReceiver",
                    "com.facebook.CurrentAccessTokenExpirationBroadcastReceiver",
                    "com.appboy.receivers.AppboyActionReceiver"
                ],
                "StringsInformation": [
                    "http://play.google.com/store/apps/",
                    "http://play.google.com/store/apps/category/GAME",
                    "http://schemas.android.com/apk/res/android",
                    "http://www.amazon.com/gp/mas/dl/android?asin=",
                    "http://www.example.com",
                    "http://www.google.com",
                    "http://www.w3.org/ns/ttml#parameter",
                    "http://xmlpull.org/v1/doc/features.html#indent-output",
                    "https://",
                    "https://.facebook.com",
                    "https://api.amplitude.com/",
                    "https://app-measurement.com/a",
                    "https://csi.gstatic.com/csi",
                    "https://dev.appboy.com/api/v3/",
                    "https://facebook.com",
                    "https://facebook.com/device?user_code=%1$s&qr=1",
                    "https://googleads.g.doubleclick.net/mads/static/mad/sdk/native/mraid/v2/mraid_app_banner.js",
                    "https://googleads.g.doubleclick.net/mads/static/mad/sdk/native/mraid/v2/mraid_app_expanded_banner.js",
                    "https://googleads.g.doubleclick.net/mads/static/mad/sdk/native/mraid/v2/mraid_app_interstitial.js",
                    "https://googleads.g.doubleclick.net/mads/static/mad/sdk/native/native_ads.html",
                    "https://googleads.g.doubleclick.net/mads/static/mad/sdk/native/production/native_ads.js",
                    "https://googleads.g.doubleclick.net/mads/static/mad/sdk/native/production/sdk-core-v40-impl.js",
                    "https://googleads.g.doubleclick.net/mads/static/mad/sdk/native/sdk-core-v40.html",
                    "https://graph-video.%s",
                    "https://graph.%s",
                    "https://imasdk.googleapis.com/admob/sdkloader/native_video.html",
                    "https://pagead2.googlesyndication.com/pagead/gen_204",
                    "https://pagead2.googlesyndication.com/pagead/gen_204?id=gmob-apps",
                    "https://play.google.com/store/apps/details?id=",
                    "https://plus.google.com/",
                    "https://sondheim.appboy.com/api/v3/",
                    "https://support.google.com/dfp_premium/answer/7160685#push",
                    "https://www.google.com",
                    "https://www.google.com/dfp/debugSignals",
                    "https://www.google.com/dfp/inAppPreview",
                    "https://www.google.com/dfp/linkDevice",
                    "https://www.google.com/dfp/sendDebugData"
                ]
            },
            "magic": "Zip archive data, at least v2.0 to extract",
            "last_analysis_stats": {
                "harmless": 0,
                "type-unsupported": 10,
                "suspicious": 0,
                "confirmed-timeout": 0,
                "timeout": 5,
                "failure": 1,
                "malicious": 0,
                "undetected": 58
            },
            "meaningful_name": "com.stt.android.apk",
            "reputation": 0
        },
        "type": "file",
        "id": "0000730ea89fbbe53a526474f9c6281f769825ef8bbb91e5488b893c8865b6e2",
        "links": {
            "self": "https://www.virustotal.com/api/v3/files/0000730ea89fbbe53a526474f9c6281f769825ef8bbb91e5488b893c8865b6e2"
        }
    }
}