{
    "data": {
        "attributes": {
            "type_description": "Android",
            "tlsh": "T11CD73386F388EA1BCC7791374EB2123666990C9ACE818B537514F35CA9F7DE40A54BCC",
            "vhash": "9adb6a7d970a41af2a4732b029885824",
            "trid": [
                {
                    "file_type": "Android Package",
                    "probability": 27.7
                },
                {
                    "file_type": "SPSS Extension",
                    "probability": 21.6
                },
                {
                    "file_type": "Power BI desktop Visual data",
                    "probability": 15.5
                },
                {
                    "file_type": "Java Archive",
                    "probability": 9.7
                },
                {
                    "file_type": "VYM Mind Map",
                    "probability": 9.0
                }
            ],
            "names": [
                "50.apk"
            ],
            "last_modification_date": 1643207833,
            "type_tag": "android",
            "times_submitted": 2,
            "total_votes": {
                "harmless": 0,
                "malicious": 0
            },
            "size": 61316223,
            "type_extension": "apk",
            "last_submission_date": 1643200348,
            "last_analysis_results": {
                "Bkav": {
                    "category": "undetected",
                    "engine_name": "Bkav",
                    "engine_version": "1.3.0.9899",
                    "result": null,
                    "method": "blacklist",
                    "engine_update": "20220125"
                },
                "Lionic": {
                    "category": "undetected",
                    "engine_name": "Lionic",
                    "engine_version": "4.2",
                    "result": null,
                    "method": "blacklist",
                    "engine_update": "20220126"
                },
                "Elastic": {
                    "category": "undetected",
                    "engine_name": "Elastic",
                    "engine_version": "4.0.32",
                    "result": null,
                    "method": "blacklist",
                    "engine_update": "20211223"
                },
                "MicroWorld-eScan": {
                    "category": "undetected",
                    "engine_name": "MicroWorld-eScan",
                    "engine_version": "14.0.409.0",
                    "result": null,
                    "method": "blacklist",
                    "engine_update": "20220126"
                },
                "FireEye": {
                    "category": "undetected",
                    "engine_name": "FireEye",
                    "engine_version": "32.44.1.0",
                    "result": null,
                    "method": "blacklist",
                    "engine_update": "20220126"
                },
                "CAT-QuickHeal": {
                    "category": "undetected",
                    "engine_name": "CAT-QuickHeal",
                    "engine_version": "14.00",
                    "result": null,
                    "method": "blacklist",
                    "engine_update": "20220126"
                },
                "ALYac": {
                    "category": "undetected",
                    "engine_name": "ALYac",
                    "engine_version": "1.1.3.1",
                    "result": null,
                    "method": "blacklist",
                    "engine_update": "20220126"
                },
                "Malwarebytes": {
                    "category": "undetected",
                    "engine_name": "Malwarebytes",
                    "engine_version": "4.2.2.27",
                    "result": null,
                    "method": "blacklist",
                    "engine_update": "20220126"
                },
                "VIPRE": {
                    "category": "undetected",
                    "engine_name": "VIPRE",
                    "engine_version": "98492",
                    "result": null,
                    "method": "blacklist",
                    "engine_update": "20220119"
                },
                "Paloalto": {
                    "category": "type-unsupported",
                    "engine_name": "Paloalto",
                    "engine_version": "1.0",
                    "result": null,
                    "method": "blacklist",
                    "engine_update": "20220126"
                },
                "Sangfor": {
                    "category": "timeout",
                    "engine_name": "Sangfor",
                    "engine_version": "2.9.0.0",
                    "result": null,
                    "method": "blacklist",
                    "engine_update": "20211224"
                },
                "Trustlook": {
                    "category": "undetected",
                    "engine_name": "Trustlook",
                    "engine_version": "1.0",
                    "result": null,
                    "method": "blacklist",
                    "engine_update": "20220126"
                },
                "Alibaba": {
                    "category": "undetected",
                    "engine_name": "Alibaba",
                    "engine_version": "0.3.0.5",
                    "result": null,
                    "method": "blacklist",
                    "engine_update": "20190527"
                },
                "K7GW": {
                    "category": "undetected",
                    "engine_name": "K7GW",
                    "engine_version": "11.243.40529",
                    "result": null,
                    "method": "blacklist",
                    "engine_update": "20220126"
                },
                "K7AntiVirus": {
                    "category": "undetected",
                    "engine_name": "K7AntiVirus",
                    "engine_version": "11.243.40528",
                    "result": null,
                    "method": "blacklist",
                    "engine_update": "20220126"
                },
                "BitDefenderTheta": {
                    "category": "undetected",
                    "engine_name": "BitDefenderTheta",
                    "engine_version": "7.2.37796.0",
                    "result": null,
                    "method": "blacklist",
                    "engine_update": "20220125"
                },
                "VirIT": {
                    "category": "undetected",
                    "engine_name": "VirIT",
                    "engine_version": "9.5.119",
                    "result": null,
                    "method": "blacklist",
                    "engine_update": "20220125"
                },
                "Cyren": {
                    "category": "undetected",
                    "engine_name": "Cyren",
                    "engine_version": "6.5.1.2",
                    "result": null,
                    "method": "blacklist",
                    "engine_update": "20220126"
                },
                "SymantecMobileInsight": {
                    "category": "failure",
                    "engine_name": "SymantecMobileInsight",
                    "engine_version": "2.0",
                    "result": null,
                    "method": "blacklist",
                    "engine_update": "20211119"
                },
                "Symantec": {
                    "category": "undetected",
                    "engine_name": "Symantec",
                    "engine_version": "1.16.0.0",
                    "result": null,
                    "method": "blacklist",
                    "engine_update": "20220126"
                },
                "ESET-NOD32": {
                    "category": "undetected",
                    "engine_name": "ESET-NOD32",
                    "engine_version": "24682",
                    "result": null,
                    "method": "blacklist",
                    "engine_update": "20220126"
                },
                "Baidu": {
                    "category": "undetected",
                    "engine_name": "Baidu",
                    "engine_version": "1.0.0.2",
                    "result": null,
                    "method": "blacklist",
                    "engine_update": "20190318"
                },
                "TrendMicro-HouseCall": {
                    "category": "undetected",
                    "engine_name": "TrendMicro-HouseCall",
                    "engine_version": "10.0.0.1040",
                    "result": null,
                    "method": "blacklist",
                    "engine_update": "20220126"
                },
                "Avast": {
                    "category": "undetected",
                    "engine_name": "Avast",
                    "engine_version": "21.1.5827.0",
                    "result": null,
                    "method": "blacklist",
                    "engine_update": "20220126"
                },
                "ClamAV": {
                    "category": "undetected",
                    "engine_name": "ClamAV",
                    "engine_version": "0.104.2.0",
                    "result": null,
                    "method": "blacklist",
                    "engine_update": "20220126"
                },
                "Kaspersky": {
                    "category": "undetected",
                    "engine_name": "Kaspersky",
                    "engine_version": "21.0.1.45",
                    "result": null,
                    "method": "blacklist",
                    "engine_update": "20220126"
                },
                "BitDefender": {
                    "category": "undetected",
                    "engine_name": "BitDefender",
                    "engine_version": "7.2",
                    "result": null,
                    "method": "blacklist",
                    "engine_update": "20220126"
                },
                "NANO-Antivirus": {
                    "category": "undetected",
                    "engine_name": "NANO-Antivirus",
                    "engine_version": "1.0.146.25520",
                    "result": null,
                    "method": "blacklist",
                    "engine_update": "20220126"
                },
                "Cynet": {
                    "category": "type-unsupported",
                    "engine_name": "Cynet",
                    "engine_version": "4.0.0.27",
                    "result": null,
                    "method": "blacklist",
                    "engine_update": "20220126"
                },
                "SUPERAntiSpyware": {
                    "category": "undetected",
                    "engine_name": "SUPERAntiSpyware",
                    "engine_version": "5.6.0.1032",
                    "result": null,
                    "method": "blacklist",
                    "engine_update": "20220122"
                },
                "Tencent": {
                    "category": "undetected",
                    "engine_name": "Tencent",
                    "engine_version": "1.0.0.1",
                    "result": null,
                    "method": "blacklist",
                    "engine_update": "20220126"
                },
                "Ad-Aware": {
                    "category": "undetected",
                    "engine_name": "Ad-Aware",
                    "engine_version": "3.0.21.193",
                    "result": null,
                    "method": "blacklist",
                    "engine_update": "20220126"
                },
                "Emsisoft": {
                    "category": "undetected",
                    "engine_name": "Emsisoft",
                    "engine_version": "2021.5.0.7597",
                    "result": null,
                    "method": "blacklist",
                    "engine_update": "20220126"
                },
                "Comodo": {
                    "category": "undetected",
                    "engine_name": "Comodo",
                    "engine_version": "34297",
                    "result": null,
                    "method": "blacklist",
                    "engine_update": "20220126"
                },
                "F-Secure": {
                    "category": "undetected",
                    "engine_name": "F-Secure",
                    "engine_version": "12.0.86.52",
                    "result": null,
                    "method": "blacklist",
                    "engine_update": "20220126"
                },
                "DrWeb": {
                    "category": "undetected",
                    "engine_name": "DrWeb",
                    "engine_version": "7.0.52.8270",
                    "result": null,
                    "method": "blacklist",
                    "engine_update": "20220126"
                },
                "Zillya": {
                    "category": "undetected",
                    "engine_name": "Zillya",
                    "engine_version": "2.0.0.4557",
                    "result": null,
                    "method": "blacklist",
                    "engine_update": "20220126"
                },
                "TrendMicro": {
                    "category": "undetected",
                    "engine_name": "TrendMicro",
                    "engine_version": "11.0.0.1006",
                    "result": null,
                    "method": "blacklist",
                    "engine_update": "20220126"
                },
                "McAfee-GW-Edition": {
                    "category": "undetected",
                    "engine_name": "McAfee-GW-Edition",
                    "engine_version": "v2019.1.2+3728",
                    "result": null,
                    "method": "blacklist",
                    "engine_update": "20220126"
                },
                "SentinelOne": {
                    "category": "type-unsupported",
                    "engine_name": "SentinelOne",
                    "engine_version": "7.0.0.7",
                    "result": null,
                    "method": "blacklist",
                    "engine_update": "20211129"
                },
                "CMC": {
                    "category": "undetected",
                    "engine_name": "CMC",
                    "engine_version": "2.10.2019.1",
                    "result": null,
                    "method": "blacklist",
                    "engine_update": "20211026"
                },
                "Sophos": {
                    "category": "undetected",
                    "engine_name": "Sophos",
                    "engine_version": "1.4.1.0",
                    "result": null,
                    "method": "blacklist",
                    "engine_update": "20220126"
                },
                "APEX": {
                    "category": "type-unsupported",
                    "engine_name": "APEX",
                    "engine_version": "6.253",
                    "result": null,
                    "method": "blacklist",
                    "engine_update": "20220125"
                },
                "Avast-Mobile": {
                    "category": "undetected",
                    "engine_name": "Avast-Mobile",
                    "engine_version": "220126-02",
                    "result": null,
                    "method": "blacklist",
                    "engine_update": "20220126"
                },
                "Jiangmin": {
                    "category": "undetected",
                    "engine_name": "Jiangmin",
                    "engine_version": "16.0.100",
                    "result": null,
                    "method": "blacklist",
                    "engine_update": "20220125"
                },
                "Webroot": {
                    "category": "type-unsupported",
                    "engine_name": "Webroot",
                    "engine_version": "1.0.0.403",
                    "result": null,
                    "method": "blacklist",
                    "engine_update": "20220126"
                },
                "Avira": {
                    "category": "undetected",
                    "engine_name": "Avira",
                    "engine_version": "8.3.3.12",
                    "result": null,
                    "method": "blacklist",
                    "engine_update": "20220126"
                },
                "eGambit": {
                    "category": "type-unsupported",
                    "engine_name": "eGambit",
                    "engine_version": null,
                    "result": null,
                    "method": "blacklist",
                    "engine_update": "20220126"
                },
                "Antiy-AVL": {
                    "category": "undetected",
                    "engine_name": "Antiy-AVL",
                    "engine_version": "3.0.0.1",
                    "result": null,
                    "method": "blacklist",
                    "engine_update": "20220126"
                },
                "Kingsoft": {
                    "category": "undetected",
                    "engine_name": "Kingsoft",
                    "engine_version": "2017.9.26.565",
                    "result": null,
                    "method": "blacklist",
                    "engine_update": "20220126"
                },
                "Microsoft": {
                    "category": "timeout",
                    "engine_name": "Microsoft",
                    "engine_version": "1.1.18800.4",
                    "result": null,
                    "method": "blacklist",
                    "engine_update": "20220126"
                },
                "Gridinsoft": {
                    "category": "undetected",
                    "engine_name": "Gridinsoft",
                    "engine_version": "1.0.70.172",
                    "result": null,
                    "method": "blacklist",
                    "engine_update": "20220126"
                },
                "Arcabit": {
                    "category": "undetected",
                    "engine_name": "Arcabit",
                    "engine_version": "1.0.0.889",
                    "result": null,
                    "method": "blacklist",
                    "engine_update": "20220126"
                },
                "ViRobot": {
                    "category": "undetected",
                    "engine_name": "ViRobot",
                    "engine_version": "2014.3.20.0",
                    "result": null,
                    "method": "blacklist",
                    "engine_update": "20220126"
                },
                "GData": {
                    "category": "undetected",
                    "engine_name": "GData",
                    "engine_version": "A:25.32139B:27.26096",
                    "result": null,
                    "method": "blacklist",
                    "engine_update": "20220126"
                },
                "TACHYON": {
                    "category": "undetected",
                    "engine_name": "TACHYON",
                    "engine_version": "2022-01-26.02",
                    "result": null,
                    "method": "blacklist",
                    "engine_update": "20220126"
                },
                "BitDefenderFalx": {
                    "category": "undetected",
                    "engine_name": "BitDefenderFalx",
                    "engine_version": "2.0.936",
                    "result": null,
                    "method": "blacklist",
                    "engine_update": "20220103"
                },
                "AhnLab-V3": {
                    "category": "undetected",
                    "engine_name": "AhnLab-V3",
                    "engine_version": "3.21.2.10258",
                    "result": null,
                    "method": "blacklist",
                    "engine_update": "20220126"
                },
                "Acronis": {
                    "category": "type-unsupported",
                    "engine_name": "Acronis",
                    "engine_version": "1.1.1.82",
                    "result": null,
                    "method": "blacklist",
                    "engine_update": "20210512"
                },
                "McAfee": {
                    "category": "undetected",
                    "engine_name": "McAfee",
                    "engine_version": "6.0.6.653",
                    "result": null,
                    "method": "blacklist",
                    "engine_update": "20220126"
                },
                "MAX": {
                    "category": "undetected",
                    "engine_name": "MAX",
                    "engine_version": "2019.9.16.1",
                    "result": null,
                    "method": "blacklist",
                    "engine_update": "20220126"
                },
                "Cylance": {
                    "category": "type-unsupported",
                    "engine_name": "Cylance",
                    "engine_version": "2.3.1.101",
                    "result": null,
                    "method": "blacklist",
                    "engine_update": "20220126"
                },
                "Zoner": {
                    "category": "undetected",
                    "engine_name": "Zoner",
                    "engine_version": "2.2.2.0",
                    "result": null,
                    "method": "blacklist",
                    "engine_update": "20220125"
                },
                "Rising": {
                    "category": "undetected",
                    "engine_name": "Rising",
                    "engine_version": "25.0.0.27",
                    "result": null,
                    "method": "blacklist",
                    "engine_update": "20220126"
                },
                "Yandex": {
                    "category": "undetected",
                    "engine_name": "Yandex",
                    "engine_version": "5.5.2.24",
                    "result": null,
                    "method": "blacklist",
                    "engine_update": "20220125"
                },
                "Ikarus": {
                    "category": "undetected",
                    "engine_name": "Ikarus",
                    "engine_version": "0.1.5.2",
                    "result": null,
                    "method": "blacklist",
                    "engine_update": "20220126"
                },
                "MaxSecure": {
                    "category": "undetected",
                    "engine_name": "MaxSecure",
                    "engine_version": "1.0.0.1",
                    "result": null,
                    "method": "blacklist",
                    "engine_update": "20220125"
                },
                "Fortinet": {
                    "category": "undetected",
                    "engine_name": "Fortinet",
                    "engine_version": "6.2.142.0",
                    "result": null,
                    "method": "blacklist",
                    "engine_update": "20220126"
                },
                "Cybereason": {
                    "category": "type-unsupported",
                    "engine_name": "Cybereason",
                    "engine_version": "1.2.449",
                    "result": null,
                    "method": "blacklist",
                    "engine_update": "20210330"
                },
                "Panda": {
                    "category": "undetected",
                    "engine_name": "Panda",
                    "engine_version": "4.6.4.2",
                    "result": null,
                    "method": "blacklist",
                    "engine_update": "20220125"
                },
                "CrowdStrike": {
                    "category": "type-unsupported",
                    "engine_name": "CrowdStrike",
                    "engine_version": "1.0",
                    "result": null,
                    "method": "blacklist",
                    "engine_update": "20210907"
                }
            },
            "sha256": "000034be32807eabf04deb8c070635a9a7f6200a399d2b2ea2b25308d8e0af1d",
            "tags": [
                "reflection",
                "telephony",
                "runtime-modules",
                "contains-elf",
                "apk",
                "android"
            ],
            "last_analysis_date": 1643200348,
            "unique_sources": 2,
            "first_submission_date": 1618894678,
            "sha1": "a24ced7f546ceace62af91717d4e5d255b7851d8",
            "ssdeep": "1572864:U7QAwvOZsbz1r+2sr+gMrj8GuxHFt5ydcy/FYhCSD8:eQZvOZs31r+ugM/pk8dcy9YT8",
            "bundle_info": {
                "highest_datetime": "1980-00-00 00:00:00",
                "lowest_datetime": "1980-00-00 00:00:00",
                "num_children": 1960,
                "extensions": {
                    "xml": 202,
                    "dex": 3,
                    "MF": 1,
                    "h": 2,
                    "gz": 2,
                    "jpg": 3,
                    "RSA": 1,
                    "so": 96,
                    "SF": 1,
                    "txt": 1,
                    "ttf": 17,
                    "png": 276
                },
                "file_types": {
                    "XML": 202,
                    "DEX": 3,
                    "unknown": 419,
                    "JavaScript": 1,
                    "ELF": 96,
                    "JPG": 3,
                    "PNG": 276
                },
                "type": "APK",
                "uncompressed_size": 133865988
            },
            "md5": "d71bddb49c8eda583b6e8878bdcc6776",
            "androguard": {
                "VTAndroidInfo": 2.0,
                "AndroidApplicationError": false,
                "MinSdkVersion": "21",
                "AndroguardVersion": "3.4.0a1",
                "Activities": [
                    "com.picmonic.androidapp.MainActivity",
                    "com.facebook.react.devsupport.DevSettingsActivity",
                    "io.intercom.android.sdk.activities.IntercomMessengerActivity",
                    "io.intercom.android.sdk.lightbox.LightBoxActivity",
                    "io.intercom.android.sdk.activities.IntercomArticleActivity",
                    "io.intercom.android.sdk.activities.IntercomHelpCenterActivity",
                    "io.intercom.android.sdk.activities.IntercomPostActivity",
                    "io.intercom.android.sdk.activities.IntercomNoteActivity",
                    "io.intercom.android.sdk.activities.IntercomSheetActivity",
                    "io.intercom.android.sdk.activities.IntercomVideoActivity",
                    "com.facebook.FacebookActivity",
                    "com.facebook.CustomTabMainActivity",
                    "com.facebook.CustomTabActivity",
                    "com.google.android.gms.auth.api.signin.internal.SignInHubActivity",
                    "com.google.android.gms.common.api.GoogleApiActivity",
                    "com.intercom.input.gallery.GalleryInputFullScreenActivity",
                    "com.intercom.input.gallery.GalleryLightBoxActivity"
                ],
                "certificate": {
                    "Subject": {
                        "DN": "C:US, CN:Leon Klepfish, L:Tempe, O:Picmonic Inc, ST:Arizona, OU:IT",
                        "C": "US",
                        "CN": "Leon Klepfish",
                        "L": "Tempe",
                        "O": "Picmonic Inc",
                        "ST": "Arizona",
                        "OU": "IT"
                    },
                    "validto": "2040-10-05 19:45:39",
                    "serialnumber": "561c0de3",
                    "thumbprint": "488ccf78fcc5b19fab5d5342f9c8a7d6c586bd9b",
                    "validfrom": "2015-10-12 19:45:39",
                    "Issuer": {
                        "DN": "C:US, CN:Leon Klepfish, L:Tempe, O:Picmonic Inc, ST:Arizona, OU:IT",
                        "C": "US",
                        "CN": "Leon Klepfish",
                        "L": "Tempe",
                        "O": "Picmonic Inc",
                        "ST": "Arizona",
                        "OU": "IT"
                    }
                },
                "AndroidApplication": 1,
                "RiskIndicator": {
                    "APK": {
                        "DEX": 3
                    },
                    "PERM": {
                        "DEVELOPMENT": 1,
                        "INSTANT": 4,
                        "NORMAL": 5,
                        "DANGEROUS": 1,
                        "APPOP": 1,
                        "INTERNET": 1,
                        "PREINSTALLED": 1,
                        "SIGNATURE": 1,
                        "PRE23": 1
                    }
                },
                "Services": [
                    "com.picmonic.androidapp.MainMessagingService",
                    "io.invertase.firebase.messaging.ReactNativeFirebaseMessagingHeadlessService",
                    "io.invertase.firebase.messaging.ReactNativeFirebaseMessagingService",
                    "io.intercom.android.sdk.fcm.IntercomFcmMessengerService",
                    "com.tanguyantoine.react.MusicControlNotification$NotificationService",
                    "com.google.firebase.messaging.FirebaseMessagingService",
                    "com.google.firebase.components.ComponentDiscoveryService",
                    "com.google.android.datatransport.runtime.backends.TransportBackendDiscovery",
                    "com.google.android.datatransport.runtime.scheduling.jobscheduling.JobInfoSchedulerService",
                    "com.google.android.gms.measurement.AppMeasurementService",
                    "com.google.android.gms.measurement.AppMeasurementJobService",
                    "com.google.android.gms.auth.api.signin.RevocationBoundService"
                ],
                "AndroidVersionCode": "184",
                "main_activity": "com.picmonic.androidapp.MainActivity",
                "Package": "com.picmonic.androidapp",
                "intent_filters": {
                    "Services": {
                        "io.intercom.android.sdk.fcm.IntercomFcmMessengerService": {
                            "action": [
                                "com.google.firebase.MESSAGING_EVENT",
                                "com.google.firebase.INSTANCE_ID_EVENT"
                            ]
                        },
                        "com.picmonic.androidapp.MainMessagingService": {
                            "action": [
                                "com.google.firebase.MESSAGING_EVENT"
                            ]
                        },
                        "com.google.firebase.messaging.FirebaseMessagingService": {
                            "action": [
                                "com.google.firebase.MESSAGING_EVENT"
                            ]
                        },
                        "io.invertase.firebase.messaging.ReactNativeFirebaseMessagingService": {
                            "action": [
                                "com.google.firebase.MESSAGING_EVENT"
                            ]
                        }
                    },
                    "Activities": {
                        "com.facebook.CustomTabActivity": {
                            "action": [
                                "android.intent.action.VIEW"
                            ],
                            "category": [
                                "android.intent.category.DEFAULT",
                                "android.intent.category.BROWSABLE"
                            ]
                        },
                        "com.picmonic.androidapp.MainActivity": {
                            "action": [
                                "android.intent.action.MAIN",
                                "android.intent.action.VIEW"
                            ],
                            "category": [
                                "android.intent.category.LAUNCHER",
                                "android.intent.category.DEFAULT",
                                "android.intent.category.BROWSABLE"
                            ]
                        }
                    },
                    "Receivers": {
                        "com.facebook.CurrentAccessTokenExpirationBroadcastReceiver": {
                            "action": [
                                "com.facebook.sdk.ACTION_CURRENT_ACCESS_TOKEN_CHANGED"
                            ]
                        },
                        "com.google.firebase.iid.FirebaseInstanceIdReceiver": {
                            "action": [
                                "com.google.android.c2dm.intent.RECEIVE"
                            ]
                        },
                        "io.intercom.android.sdk.push.IntercomPushBroadcastReceiver": {
                            "action": [
                                "io.intercom.android.sdk.INTERCOM_PUSH_OPENED",
                                "io.intercom.android.sdk.INTERCOM_PUSH_DISMISSED"
                            ]
                        },
                        "io.invertase.firebase.messaging.ReactNativeFirebaseMessagingReceiver": {
                            "action": [
                                "com.google.android.c2dm.intent.RECEIVE"
                            ]
                        },
                        "com.smartlook.sdk.smartlook.analytics.receiver.ReferrerReceiver": {
                            "action": [
                                "com.android.vending.INSTALL_REFERRER"
                            ]
                        }
                    }
                },
                "AndroidVersionName": "4.5.2",
                "TargetSdkVersion": "29",
                "AndroidApplicationInfo": "APK",
                "Providers": [
                    "io.invertase.firebase.crashlytics.ReactNativeFirebaseCrashlyticsInitProvider",
                    "com.reactnativecommunity.webview.RNCWebViewFileProvider",
                    "io.intercom.android.sdk.IntercomInitializeContentProvider",
                    "com.facebook.internal.FacebookInitProvider",
                    "com.google.firebase.provider.FirebaseInitProvider",
                    "com.crashlytics.android.CrashlyticsInitProvider"
                ],
                "permission_details": {
                    "android.permission.VIBRATE": {
                        "short_description": "control vibration",
                        "full_description": "Allows the app to control the vibrator.",
                        "permission_type": "normal|instant"
                    },
                    "android.permission.READ_EXTERNAL_STORAGE": {
                        "short_description": "read the contents of your shared storage",
                        "full_description": "Allows the app to read the contents of your shared storage.",
                        "permission_type": "dangerous"
                    },
                    "android.permission.SYSTEM_ALERT_WINDOW": {
                        "short_description": "This app can appear on top of other apps",
                        "full_description": "This app can appear on top of other apps or other parts of the screen. This may interfere with normal app usage and change the way that other apps appear.",
                        "permission_type": "signature|preinstalled|appop|pre23|development"
                    },
                    "com.google.android.c2dm.permission.RECEIVE": {
                        "short_description": "Unknown permission from android reference",
                        "full_description": "Unknown permission from android reference",
                        "permission_type": "normal"
                    },
                    "android.permission.ACCESS_WIFI_STATE": {
                        "short_description": "view Wi-Fi connections",
                        "full_description": "Allows the app to view information\n      about Wi-Fi networking, such as whether Wi-Fi is enabled and name of\n      connected Wi-Fi devices.",
                        "permission_type": "normal"
                    },
                    "android.permission.WAKE_LOCK": {
                        "short_description": "prevent phone from sleeping",
                        "full_description": "Allows the app to prevent the phone from going to sleep.",
                        "permission_type": "normal|instant"
                    },
                    "com.google.android.finsky.permission.BIND_GET_INSTALL_REFERRER_SERVICE": {
                        "short_description": "Unknown permission from android reference",
                        "full_description": "Unknown permission from android reference",
                        "permission_type": "normal"
                    },
                    "android.permission.ACCESS_NETWORK_STATE": {
                        "short_description": "view network connections",
                        "full_description": "Allows the app to view\n      information about network connections such as which networks exist and are\n      connected.",
                        "permission_type": "normal|instant"
                    },
                    "android.permission.INTERNET": {
                        "short_description": "have full network access",
                        "full_description": "Allows the app to create\n     network sockets and use custom network protocols. The browser and other\n     applications provide means to send data to the internet, so this\n     permission is not required to send data to the internet.",
                        "permission_type": "normal|instant"
                    },
                    "android.permission.FOREGROUND_SERVICE": {
                        "short_description": "run foreground service",
                        "full_description": "Allows the app to make use of foreground services.",
                        "permission_type": "normal|instant"
                    },
                    "com.android.vending.BILLING": {
                        "short_description": "Unknown permission from android reference",
                        "full_description": "Unknown permission from android reference",
                        "permission_type": "normal"
                    }
                },
                "Receivers": [
                    "io.invertase.firebase.messaging.ReactNativeFirebaseMessagingReceiver",
                    "io.intercom.android.sdk.push.IntercomPushBroadcastReceiver",
                    "com.facebook.CurrentAccessTokenExpirationBroadcastReceiver",
                    "com.google.android.datatransport.runtime.scheduling.jobscheduling.AlarmManagerSchedulerBroadcastReceiver",
                    "com.google.android.gms.measurement.AppMeasurementReceiver",
                    "com.google.firebase.iid.FirebaseInstanceIdReceiver",
                    "com.smartlook.sdk.smartlook.analytics.receiver.ReferrerReceiver"
                ],
                "StringsInformation": [
                    "http://%s/%s",
                    "http://%s/%s.%s?platform=android&dev=%s&minify=%s",
                    "http://%s/inspector/device?name=%s&app=%s",
                    "http://%s/launch-js-devtools",
                    "http://%s/nuclide/attach-debugger-nuclide?title=%s&app=%s&device=%s",
                    "http://%s/onchange",
                    "http://%s/open-stack-frame",
                    "http://%s/status",
                    "http://%s/symbolicate",
                    "http://play.google.com/store/apps/details?id=com.facebook.orca",
                    "http://schemas.android.com/apk/res/android",
                    "http://www.android.com/",
                    "https://%s/",
                    "https://.facebook.com",
                    "https://accounts.google.com",
                    "https://accounts.google.com/o/oauth2/revoke?token=",
                    "https://app-measurement.com/a",
                    "https://bugsnag.com",
                    "https://facebook.com",
                    "https://facebook.com/device?user_code=%1$s&qr=1",
                    "https://github.com/bugsnag/bugsnag-react-native",
                    "https://graph-video.%s",
                    "https://graph.%s",
                    "https://js.intercomcdn.com/mobile.html",
                    "https://login.live.com",
                    "https://login.yahoo.com",
                    "https://notify.bugsnag.com",
                    "https://pagead2.googlesyndication.com/pagead/gen_204?id=gmob-apps",
                    "https://plus.google.com/",
                    "https://sessions.bugsnag.com",
                    "https://twitter.com",
                    "https://www.example.com",
                    "https://www.facebook.com",
                    "https://www.googleapis.com/auth/appstate",
                    "https://www.googleapis.com/auth/datastoremobile",
                    "https://www.googleapis.com/auth/drive",
                    "https://www.googleapis.com/auth/drive.appdata",
                    "https://www.googleapis.com/auth/drive.apps",
                    "https://www.googleapis.com/auth/drive.file",
                    "https://www.googleapis.com/auth/fitness.activity.read",
                    "https://www.googleapis.com/auth/fitness.activity.write",
                    "https://www.googleapis.com/auth/fitness.blood_glucose.read",
                    "https://www.googleapis.com/auth/fitness.blood_glucose.write",
                    "https://www.googleapis.com/auth/fitness.blood_pressure.read",
                    "https://www.googleapis.com/auth/fitness.blood_pressure.write",
                    "https://www.googleapis.com/auth/fitness.body.read",
                    "https://www.googleapis.com/auth/fitness.body.write",
                    "https://www.googleapis.com/auth/fitness.body_temperature.read",
                    "https://www.googleapis.com/auth/fitness.body_temperature.write",
                    "https://www.googleapis.com/auth/fitness.location.read",
                    "https://www.googleapis.com/auth/fitness.location.write",
                    "https://www.googleapis.com/auth/fitness.nutrition.read",
                    "https://www.googleapis.com/auth/fitness.nutrition.write",
                    "https://www.googleapis.com/auth/fitness.oxygen_saturation.read",
                    "https://www.googleapis.com/auth/fitness.oxygen_saturation.write",
                    "https://www.googleapis.com/auth/fitness.reproductive_health.read",
                    "https://www.googleapis.com/auth/fitness.reproductive_health.write",
                    "https://www.googleapis.com/auth/games",
                    "https://www.googleapis.com/auth/games.firstparty",
                    "https://www.googleapis.com/auth/games_lite",
                    "https://www.googleapis.com/auth/plus.login",
                    "https://www.googleapis.com/auth/plus.me",
                    "https://www.linkedin.com",
                    "https://www.paypal.com"
                ]
            },
            "magic": "Zip archive data",
            "last_analysis_stats": {
                "harmless": 0,
                "type-unsupported": 10,
                "suspicious": 0,
                "confirmed-timeout": 0,
                "timeout": 2,
                "failure": 1,
                "malicious": 0,
                "undetected": 58
            },
            "meaningful_name": "50.apk",
            "reputation": 0
        },
        "type": "file",
        "id": "000034be32807eabf04deb8c070635a9a7f6200a399d2b2ea2b25308d8e0af1d",
        "links": {
            "self": "https://www.virustotal.com/api/v3/files/000034be32807eabf04deb8c070635a9a7f6200a399d2b2ea2b25308d8e0af1d"
        }
    }
}