{
    "data": {
        "attributes": {
            "type_description": "Android",
            "tlsh": "T1C407238AB7CFE406C073C43A87725266A4D48D44AB05EEA71211F07C5DB7ED06B5AECB",
            "vhash": "f528e273667abf49f39a476e95d05d16",
            "trid": [
                {
                    "file_type": "Android Package",
                    "probability": 31.3
                },
                {
                    "file_type": "PulseView sigrok dump",
                    "probability": 12.1
                },
                {
                    "file_type": "gretl Binary Data",
                    "probability": 11.3
                },
                {
                    "file_type": "BlueEyes Animation",
                    "probability": 10.9
                },
                {
                    "file_type": "Java Archive",
                    "probability": 10.9
                }
            ],
            "crowdsourced_yara_results": [
                {
                    "description": "This signature identifies Adobe Extensible Metadata Platform (XMP) identifiers embedded within files. Defined as a standard for mapping graphical asset relationships, XMP allows for tracking of both parent-child relationships and individual revisions. There are three categories of identifiers: original document, document, and instance. Generally, XMP data is stored in XML format, updated on save/copy, and embedded within the graphical asset. These identifiers can be used to track both malicious and benign graphics within common Microsoft and Adobe document lures.",
                    "source": "https://github.com/InQuest/yara-rules-vt",
                    "author": "InQuest Labs",
                    "ruleset_name": "Adobe_XMP_Identifier",
                    "rule_name": "Adobe_XMP_Identifier",
                    "ruleset_id": "0121ae37cc"
                }
            ],
            "names": [
                "000019911F02CB0DAAF281EB8F7ED3CF52CC8DB377816CA9B3E42C8AAA227F78.apk",
                "mianfeixiaoshuo.apk",
                "xiaoshuodaquan.apk",
                "com.tadu.android.androidread_1135.apk",
                "496122CF4F68715D795023C23A7111D5"
            ],
            "last_modification_date": 1657798767,
            "type_tag": "android",
            "times_submitted": 14,
            "total_votes": {
                "harmless": 0,
                "malicious": 0
            },
            "size": 18401117,
            "type_extension": "apk",
            "last_submission_date": 1657791489,
            "last_analysis_results": {
                "Bkav": {
                    "category": "undetected",
                    "engine_name": "Bkav",
                    "engine_version": "1.3.0.9899",
                    "result": null,
                    "method": "blacklist",
                    "engine_update": "20220714"
                },
                "Lionic": {
                    "category": "undetected",
                    "engine_name": "Lionic",
                    "engine_version": "7.5",
                    "result": null,
                    "method": "blacklist",
                    "engine_update": "20220714"
                },
                "Elastic": {
                    "category": "undetected",
                    "engine_name": "Elastic",
                    "engine_version": "4.0.40",
                    "result": null,
                    "method": "blacklist",
                    "engine_update": "20220623"
                },
                "DrWeb": {
                    "category": "undetected",
                    "engine_name": "DrWeb",
                    "engine_version": "7.0.56.4040",
                    "result": null,
                    "method": "blacklist",
                    "engine_update": "20220714"
                },
                "MicroWorld-eScan": {
                    "category": "undetected",
                    "engine_name": "MicroWorld-eScan",
                    "engine_version": "14.0.409.0",
                    "result": null,
                    "method": "blacklist",
                    "engine_update": "20220714"
                },
                "FireEye": {
                    "category": "undetected",
                    "engine_name": "FireEye",
                    "engine_version": "35.24.1.0",
                    "result": null,
                    "method": "blacklist",
                    "engine_update": "20220714"
                },
                "CAT-QuickHeal": {
                    "category": "undetected",
                    "engine_name": "CAT-QuickHeal",
                    "engine_version": "14.00",
                    "result": null,
                    "method": "blacklist",
                    "engine_update": "20220713"
                },
                "ALYac": {
                    "category": "undetected",
                    "engine_name": "ALYac",
                    "engine_version": "1.1.3.1",
                    "result": null,
                    "method": "blacklist",
                    "engine_update": "20220714"
                },
                "Malwarebytes": {
                    "category": "undetected",
                    "engine_name": "Malwarebytes",
                    "engine_version": "4.3.3.37",
                    "result": null,
                    "method": "blacklist",
                    "engine_update": "20220714"
                },
                "Zillya": {
                    "category": "undetected",
                    "engine_name": "Zillya",
                    "engine_version": "2.0.0.4669",
                    "result": null,
                    "method": "blacklist",
                    "engine_update": "20220712"
                },
                "Sangfor": {
                    "category": "undetected",
                    "engine_name": "Sangfor",
                    "engine_version": "2.14.0.0",
                    "result": null,
                    "method": "blacklist",
                    "engine_update": "20220602"
                },
                "Trustlook": {
                    "category": "undetected",
                    "engine_name": "Trustlook",
                    "engine_version": "1.0",
                    "result": null,
                    "method": "blacklist",
                    "engine_update": "20220714"
                },
                "BitDefender": {
                    "category": "undetected",
                    "engine_name": "BitDefender",
                    "engine_version": "7.2",
                    "result": null,
                    "method": "blacklist",
                    "engine_update": "20220714"
                },
                "K7GW": {
                    "category": "undetected",
                    "engine_name": "K7GW",
                    "engine_version": "12.25.43321",
                    "result": null,
                    "method": "blacklist",
                    "engine_update": "20220714"
                },
                "K7AntiVirus": {
                    "category": "undetected",
                    "engine_name": "K7AntiVirus",
                    "engine_version": "12.25.43321",
                    "result": null,
                    "method": "blacklist",
                    "engine_update": "20220714"
                },
                "BitDefenderTheta": {
                    "category": "undetected",
                    "engine_name": "BitDefenderTheta",
                    "engine_version": "7.2.37796.0",
                    "result": null,
                    "method": "blacklist",
                    "engine_update": "20220705"
                },
                "VirIT": {
                    "category": "undetected",
                    "engine_name": "VirIT",
                    "engine_version": "9.5.237",
                    "result": null,
                    "method": "blacklist",
                    "engine_update": "20220713"
                },
                "Cyren": {
                    "category": "undetected",
                    "engine_name": "Cyren",
                    "engine_version": "6.5.1.2",
                    "result": null,
                    "method": "blacklist",
                    "engine_update": "20220714"
                },
                "SymantecMobileInsight": {
                    "category": "malicious",
                    "engine_name": "SymantecMobileInsight",
                    "engine_version": "2.0",
                    "result": "AdLibrary:Jpush",
                    "method": "blacklist",
                    "engine_update": "20220208"
                },
                "Symantec": {
                    "category": "undetected",
                    "engine_name": "Symantec",
                    "engine_version": "1.18.0.0",
                    "result": null,
                    "method": "blacklist",
                    "engine_update": "20220714"
                },
                "tehtris": {
                    "category": "type-unsupported",
                    "engine_name": "tehtris",
                    "engine_version": null,
                    "result": null,
                    "method": "blacklist",
                    "engine_update": "20220714"
                },
                "ESET-NOD32": {
                    "category": "undetected",
                    "engine_name": "ESET-NOD32",
                    "engine_version": "25588",
                    "result": null,
                    "method": "blacklist",
                    "engine_update": "20220714"
                },
                "APEX": {
                    "category": "type-unsupported",
                    "engine_name": "APEX",
                    "engine_version": "6.312",
                    "result": null,
                    "method": "blacklist",
                    "engine_update": "20220713"
                },
                "TrendMicro-HouseCall": {
                    "category": "undetected",
                    "engine_name": "TrendMicro-HouseCall",
                    "engine_version": "10.0.0.1040",
                    "result": null,
                    "method": "blacklist",
                    "engine_update": "20220714"
                },
                "Avast": {
                    "category": "undetected",
                    "engine_name": "Avast",
                    "engine_version": "21.1.5827.0",
                    "result": null,
                    "method": "blacklist",
                    "engine_update": "20220714"
                },
                "ClamAV": {
                    "category": "failure",
                    "engine_name": "ClamAV",
                    "engine_version": "0.105.0.0",
                    "result": null,
                    "method": "blacklist",
                    "engine_update": "20220714"
                },
                "Kaspersky": {
                    "category": "undetected",
                    "engine_name": "Kaspersky",
                    "engine_version": "21.0.1.45",
                    "result": null,
                    "method": "blacklist",
                    "engine_update": "20220714"
                },
                "Alibaba": {
                    "category": "undetected",
                    "engine_name": "Alibaba",
                    "engine_version": "0.3.0.5",
                    "result": null,
                    "method": "blacklist",
                    "engine_update": "20190527"
                },
                "NANO-Antivirus": {
                    "category": "undetected",
                    "engine_name": "NANO-Antivirus",
                    "engine_version": "1.0.146.25618",
                    "result": null,
                    "method": "blacklist",
                    "engine_update": "20220714"
                },
                "Cynet": {
                    "category": "type-unsupported",
                    "engine_name": "Cynet",
                    "engine_version": "4.0.0.27",
                    "result": null,
                    "method": "blacklist",
                    "engine_update": "20220714"
                },
                "ViRobot": {
                    "category": "undetected",
                    "engine_name": "ViRobot",
                    "engine_version": "2014.3.20.0",
                    "result": null,
                    "method": "blacklist",
                    "engine_update": "20220714"
                },
                "Rising": {
                    "category": "undetected",
                    "engine_name": "Rising",
                    "engine_version": "25.0.0.27",
                    "result": null,
                    "method": "blacklist",
                    "engine_update": "20220714"
                },
                "Ad-Aware": {
                    "category": "undetected",
                    "engine_name": "Ad-Aware",
                    "engine_version": "3.0.21.193",
                    "result": null,
                    "method": "blacklist",
                    "engine_update": "20220714"
                },
                "Sophos": {
                    "category": "undetected",
                    "engine_name": "Sophos",
                    "engine_version": "1.4.1.0",
                    "result": null,
                    "method": "blacklist",
                    "engine_update": "20220714"
                },
                "Comodo": {
                    "category": "undetected",
                    "engine_name": "Comodo",
                    "engine_version": "34802",
                    "result": null,
                    "method": "blacklist",
                    "engine_update": "20220714"
                },
                "F-Secure": {
                    "category": "undetected",
                    "engine_name": "F-Secure",
                    "engine_version": "18.10.978.51",
                    "result": null,
                    "method": "blacklist",
                    "engine_update": "20220714"
                },
                "Baidu": {
                    "category": "undetected",
                    "engine_name": "Baidu",
                    "engine_version": "1.0.0.2",
                    "result": null,
                    "method": "blacklist",
                    "engine_update": "20190318"
                },
                "VIPRE": {
                    "category": "undetected",
                    "engine_name": "VIPRE",
                    "engine_version": "6.0.0.35",
                    "result": null,
                    "method": "blacklist",
                    "engine_update": "20220713"
                },
                "TrendMicro": {
                    "category": "undetected",
                    "engine_name": "TrendMicro",
                    "engine_version": "11.0.0.1006",
                    "result": null,
                    "method": "blacklist",
                    "engine_update": "20220714"
                },
                "McAfee-GW-Edition": {
                    "category": "undetected",
                    "engine_name": "McAfee-GW-Edition",
                    "engine_version": "v2019.1.2+3728",
                    "result": null,
                    "method": "blacklist",
                    "engine_update": "20220714"
                },
                "SentinelOne": {
                    "category": "type-unsupported",
                    "engine_name": "SentinelOne",
                    "engine_version": "22.2.1.2",
                    "result": null,
                    "method": "blacklist",
                    "engine_update": "20220330"
                },
                "Trapmine": {
                    "category": "type-unsupported",
                    "engine_name": "Trapmine",
                    "engine_version": "3.5.48.101",
                    "result": null,
                    "method": "blacklist",
                    "engine_update": "20220707"
                },
                "Emsisoft": {
                    "category": "undetected",
                    "engine_name": "Emsisoft",
                    "engine_version": "2021.5.0.7597",
                    "result": null,
                    "method": "blacklist",
                    "engine_update": "20220714"
                },
                "Paloalto": {
                    "category": "type-unsupported",
                    "engine_name": "Paloalto",
                    "engine_version": "0.9.0.1003",
                    "result": null,
                    "method": "blacklist",
                    "engine_update": "20220714"
                },
                "GData": {
                    "category": "undetected",
                    "engine_name": "GData",
                    "engine_version": "A:25.33499B:27.28070",
                    "result": null,
                    "method": "blacklist",
                    "engine_update": "20220714"
                },
                "Jiangmin": {
                    "category": "malicious",
                    "engine_name": "Jiangmin",
                    "engine_version": "16.0.100",
                    "result": "RiskTool.AndroidOS.ihtj",
                    "method": "blacklist",
                    "engine_update": "20220713"
                },
                "Webroot": {
                    "category": "type-unsupported",
                    "engine_name": "Webroot",
                    "engine_version": "1.0.0.403",
                    "result": null,
                    "method": "blacklist",
                    "engine_update": "20220714"
                },
                "Avira": {
                    "category": "undetected",
                    "engine_name": "Avira",
                    "engine_version": "8.3.3.14",
                    "result": null,
                    "method": "blacklist",
                    "engine_update": "20220714"
                },
                "Antiy-AVL": {
                    "category": "undetected",
                    "engine_name": "Antiy-AVL",
                    "engine_version": "3.0",
                    "result": null,
                    "method": "blacklist",
                    "engine_update": "20220714"
                },
                "Kingsoft": {
                    "category": "undetected",
                    "engine_name": "Kingsoft",
                    "engine_version": "2017.9.26.565",
                    "result": null,
                    "method": "blacklist",
                    "engine_update": "20220714"
                },
                "Microsoft": {
                    "category": "undetected",
                    "engine_name": "Microsoft",
                    "engine_version": "1.1.19400.3",
                    "result": null,
                    "method": "blacklist",
                    "engine_update": "20220713"
                },
                "Gridinsoft": {
                    "category": "undetected",
                    "engine_name": "Gridinsoft",
                    "engine_version": "1.0.84.174",
                    "result": null,
                    "method": "blacklist",
                    "engine_update": "20220714"
                },
                "Arcabit": {
                    "category": "undetected",
                    "engine_name": "Arcabit",
                    "engine_version": "1.0.0.889",
                    "result": null,
                    "method": "blacklist",
                    "engine_update": "20220714"
                },
                "SUPERAntiSpyware": {
                    "category": "undetected",
                    "engine_name": "SUPERAntiSpyware",
                    "engine_version": "5.6.0.1032",
                    "result": null,
                    "method": "blacklist",
                    "engine_update": "20220709"
                },
                "ZoneAlarm": {
                    "category": "undetected",
                    "engine_name": "ZoneAlarm",
                    "engine_version": "1.0",
                    "result": null,
                    "method": "blacklist",
                    "engine_update": "20220714"
                },
                "Avast-Mobile": {
                    "category": "undetected",
                    "engine_name": "Avast-Mobile",
                    "engine_version": "220714-00",
                    "result": null,
                    "method": "blacklist",
                    "engine_update": "20220714"
                },
                "TACHYON": {
                    "category": "undetected",
                    "engine_name": "TACHYON",
                    "engine_version": "2022-07-14.02",
                    "result": null,
                    "method": "blacklist",
                    "engine_update": "20220714"
                },
                "BitDefenderFalx": {
                    "category": "undetected",
                    "engine_name": "BitDefenderFalx",
                    "engine_version": "2.0.936",
                    "result": null,
                    "method": "blacklist",
                    "engine_update": "20220103"
                },
                "AhnLab-V3": {
                    "category": "undetected",
                    "engine_name": "AhnLab-V3",
                    "engine_version": "3.22.1.10283",
                    "result": null,
                    "method": "blacklist",
                    "engine_update": "20220714"
                },
                "Acronis": {
                    "category": "undetected",
                    "engine_name": "Acronis",
                    "engine_version": "1.2.0.108",
                    "result": null,
                    "method": "blacklist",
                    "engine_update": "20220426"
                },
                "McAfee": {
                    "category": "undetected",
                    "engine_name": "McAfee",
                    "engine_version": "6.0.6.653",
                    "result": null,
                    "method": "blacklist",
                    "engine_update": "20220714"
                },
                "MAX": {
                    "category": "undetected",
                    "engine_name": "MAX",
                    "engine_version": "2019.9.16.1",
                    "result": null,
                    "method": "blacklist",
                    "engine_update": "20220714"
                },
                "VBA32": {
                    "category": "undetected",
                    "engine_name": "VBA32",
                    "engine_version": "5.0.0",
                    "result": null,
                    "method": "blacklist",
                    "engine_update": "20220714"
                },
                "Cylance": {
                    "category": "type-unsupported",
                    "engine_name": "Cylance",
                    "engine_version": "2.3.1.101",
                    "result": null,
                    "method": "blacklist",
                    "engine_update": "20220714"
                },
                "Zoner": {
                    "category": "undetected",
                    "engine_name": "Zoner",
                    "engine_version": "2.2.2.0",
                    "result": null,
                    "method": "blacklist",
                    "engine_update": "20220713"
                },
                "Tencent": {
                    "category": "undetected",
                    "engine_name": "Tencent",
                    "engine_version": "1.0.0.1",
                    "result": null,
                    "method": "blacklist",
                    "engine_update": "20220714"
                },
                "Yandex": {
                    "category": "undetected",
                    "engine_name": "Yandex",
                    "engine_version": "5.5.2.24",
                    "result": null,
                    "method": "blacklist",
                    "engine_update": "20220714"
                },
                "Ikarus": {
                    "category": "undetected",
                    "engine_name": "Ikarus",
                    "engine_version": "6.0.24.0",
                    "result": null,
                    "method": "blacklist",
                    "engine_update": "20220714"
                },
                "MaxSecure": {
                    "category": "undetected",
                    "engine_name": "MaxSecure",
                    "engine_version": "1.0.0.1",
                    "result": null,
                    "method": "blacklist",
                    "engine_update": "20220714"
                },
                "Fortinet": {
                    "category": "undetected",
                    "engine_name": "Fortinet",
                    "engine_version": "6.2.142.0",
                    "result": null,
                    "method": "blacklist",
                    "engine_update": "20220714"
                },
                "Cybereason": {
                    "category": "type-unsupported",
                    "engine_name": "Cybereason",
                    "engine_version": "1.2.449",
                    "result": null,
                    "method": "blacklist",
                    "engine_update": "20210330"
                },
                "Panda": {
                    "category": "undetected",
                    "engine_name": "Panda",
                    "engine_version": "4.6.4.2",
                    "result": null,
                    "method": "blacklist",
                    "engine_update": "20220713"
                },
                "CrowdStrike": {
                    "category": "type-unsupported",
                    "engine_name": "CrowdStrike",
                    "engine_version": "1.0",
                    "result": null,
                    "method": "blacklist",
                    "engine_update": null
                }
            },
            "sha256": "000019911f02cb0daaf281eb8f7ed3cf52cc8db377816ca9b3e42c8aaa227f78",
            "tags": [
                "checks-gps",
                "reflection",
                "apk",
                "runtime-modules",
                "telephony",
                "android"
            ],
            "last_analysis_date": 1657791489,
            "unique_sources": 11,
            "first_submission_date": 1552190653,
            "sha1": "0478265973b0c8132be53b192ad6fe4a9da18ad4",
            "ssdeep": "393216:miN9eK8frkg0MYAkh+oXTfe0Rcqn4e6QIDdZ2wwhXP16WqtZwn/x:19n8jkg0MYAS+oXTfRcq1nIREwwhXt6g",
            "bundle_info": {
                "highest_datetime": "2019-03-02 04:23:52",
                "lowest_datetime": "1980-01-01 08:00:00",
                "num_children": 1733,
                "extensions": {
                    "xml": 160,
                    "bin": 1,
                    "zip": 6,
                    "jpg": 34,
                    "js": 1,
                    "p12": 1,
                    "ent": 5,
                    "css": 2,
                    "txt": 2,
                    "png": 670
                },
                "file_types": {
                    "XML": 251,
                    "ZIP": 6,
                    "unknown": 36,
                    "JPG": 34,
                    "JSON": 1,
                    "HTML": 3,
                    "PNG": 669
                },
                "type": "APK",
                "uncompressed_size": 11117903
            },
            "packers": {
                "F-PROT": "appended"
            },
            "md5": "496122cf4f68715d795023c23a7111d5",
            "androguard": {
                "VTAndroidInfo": 2.0,
                "AndroidApplicationError": false,
                "MinSdkVersion": "14",
                "AndroguardVersion": "3.4.0a1",
                "Activities": [
                    "com.tadu.android.view.LoadingActivity",
                    "com.tadu.android.view.BaseActivity",
                    "com.tadu.android.view.GuidePageActivity",
                    "com.tadu.android.view.FunctionGuideActivity",
                    "com.tadu.android.view.BookAgeActivity",
                    "com.tadu.android.view.TDMainActivity",
                    "com.tadu.android.view.reader.view.video.TDVideoActivity",
                    "com.tadu.android.view.CommentActivity",
                    "com.tadu.android.view.account.RankActivity",
                    "com.tadu.android.view.listPage.MyDirMarkActivity",
                    "com.tadu.android.view.account.TaskActivity",
                    "com.tadu.android.view.reader.BookEndInfoActivity",
                    "com.tadu.android.view.reader.BookSettingActivity",
                    "com.tadu.android.view.reader.PluginActivity",
                    "com.tadu.android.view.browser.SearchBookActiviy",
                    "com.tadu.android.view.browser.MainBrowserActivity",
                    "com.tadu.android.view.account.ChangePasswordActivity",
                    "com.tadu.android.view.account.CreditsActivity",
                    "com.tadu.android.view.bookstore.yutang.YuTangActivity",
                    "com.tadu.android.view.account.CreditsDuiBaActivity",
                    "com.tadu.android.view.reader.BookActivity",
                    "com.tadu.android.view.readbook.MyBookActivity",
                    "com.tadu.android.view.listPage.BatchDownloadActivity",
                    "com.tadu.android.view.bookshelf.fileExplore.SearchActivity",
                    "com.tadu.android.view.bookshelf.fileExplore.ComputerImportActivity",
                    "com.tadu.android.view.account.FindPasswordActivity",
                    "com.tadu.android.view.account.RegisterActivity",
                    "com.tadu.android.view.account.SetPasswordActivity",
                    "com.tadu.android.view.account.ResetPasswordActivity",
                    "com.tadu.android.view.account.LoginActivity",
                    "com.tadu.android.view.account.InputCodeActivity",
                    "com.tadu.android.view.account.AgreementActivity",
                    "com.tadu.android.view.account.BoundPhoneActivity",
                    "com.tadu.android.view.setting.TaduSettingActivity",
                    "com.tadu.android.view.setting.AboutActivity",
                    "com.tadu.android.view.setting.PushSettingActivity",
                    "com.tadu.android.view.setting.PredilectionActivity",
                    "com.tadu.android.view.account.CheckInActivity",
                    "com.tadu.android.view.reader.ChapterErrorActivity",
                    "com.tadu.android.view.browser.PopBrowserActivity",
                    "com.tadu.android.view.account.UserSpaceActivity",
                    "com.tadu.android.view.account.UserProfileActivity",
                    "com.tadu.android.view.account.ClipActivity",
                    "com.tadu.android.view.bookstore.CategoryBookListActivity",
                    "com.tadu.android.view.bookstore.CategoryNewBookListActivity",
                    "com.tadu.android.view.setting.WebworkDebugActivity",
                    "com.tadu.android.view.setting.HTMLDebugActivity",
                    "com.tadu.android.view.account.NewUserPrivilegeResultActivity",
                    "com.tadu.android.view.listPage.ShareBookListActivity",
                    "com.tadu.android.view.listPage.MyBookListActivity",
                    "com.tadu.android.androidread.wxapi.WXPayEntryActivity",
                    "com.alipay.sdk.app.H5PayActivity",
                    "com.alipay.sdk.app.H5AuthActivity",
                    "com.tadu.android.androidread.wxapi.WXEntryActivity",
                    "com.umeng.qq.tencent.AuthActivity",
                    "com.umeng.qq.tencent.AssistActivity",
                    "com.tadu.android.WBShareActivity",
                    "com.sina.weibo.sdk.component.WeiboSdkBrowser",
                    "com.umeng.socialize.editorpage.ShareActivity",
                    "com.tadu.android.view.account.FeedBackAliActivity",
                    "com.tadu.android.view.bookstore.RankingListActivity",
                    "com.tadu.android.view.bookstore.CategoryActivity",
                    "com.tadu.android.view.customControls.TransparentActivity",
                    "com.tadu.android.QWalletPayActivity",
                    "com.tadu.android.view.reader.BookSettingFontActivity",
                    "org.geometerplus.android.fbreader.FBReader",
                    "org.geometerplus.android.fbreader.image.ImageViewActivity",
                    "com.baidu.mobads.AppActivity",
                    "com.alibaba.sdk.android.feedback.windvane.CustomHybirdActivity",
                    "com.alibaba.sdk.android.feedback.impl.ErrorPageActivity",
                    "com.bytedance.sdk.openadsdk.activity.TTLandingPageActivity",
                    "com.bytedance.sdk.openadsdk.activity.TTDownloadDeleteActivity",
                    "cn.jpush.android.ui.PopWinActivity",
                    "cn.jpush.android.ui.PushActivity"
                ],
                "certificate": {
                    "Subject": {
                        "DN": "C:cn, CN:telling, L:\u5317\u4eac, O:\u5317\u4eac\u6613\u5929\u65b0\u52a8\u7f51\u7edc\u79d1\u6280\u6709\u9650\u516c\u53f8, ST:\u5317\u4eac, OU:\u5317\u4eac\u6613\u5929\u65b0\u52a8\u7f51\u7edc\u79d1\u6280\u6709\u9650\u516c\u53f8",
                        "C": "cn",
                        "CN": "telling",
                        "L": "\u5317\u4eac",
                        "O": "\u5317\u4eac\u6613\u5929\u65b0\u52a8\u7f51\u7edc\u79d1\u6280\u6709\u9650\u516c\u53f8",
                        "ST": "\u5317\u4eac",
                        "OU": "\u5317\u4eac\u6613\u5929\u65b0\u52a8\u7f51\u7edc\u79d1\u6280\u6709\u9650\u516c\u53f8"
                    },
                    "validto": "2038-01-13 09:17:30",
                    "serialnumber": "4c78d42a",
                    "thumbprint": "d04ac2c5147fb4c2944670b5a4c105aeaff0ce9f",
                    "validfrom": "2010-08-28 09:17:30",
                    "Issuer": {
                        "DN": "C:cn, CN:telling, L:\u5317\u4eac, O:\u5317\u4eac\u6613\u5929\u65b0\u52a8\u7f51\u7edc\u79d1\u6280\u6709\u9650\u516c\u53f8, ST:\u5317\u4eac, OU:\u5317\u4eac\u6613\u5929\u65b0\u52a8\u7f51\u7edc\u79d1\u6280\u6709\u9650\u516c\u53f8",
                        "C": "cn",
                        "CN": "telling",
                        "L": "\u5317\u4eac",
                        "O": "\u5317\u4eac\u6613\u5929\u65b0\u52a8\u7f51\u7edc\u79d1\u6280\u6709\u9650\u516c\u53f8",
                        "ST": "\u5317\u4eac",
                        "OU": "\u5317\u4eac\u6613\u5929\u65b0\u52a8\u7f51\u7edc\u79d1\u6280\u6709\u9650\u516c\u53f8"
                    }
                },
                "AndroidApplication": 1,
                "RiskIndicator": {
                    "APK": {
                        "ZIP": 6
                    },
                    "PERM": {
                        "DEVELOPMENT": 2,
                        "NORMAL": 11,
                        "DANGEROUS": 9,
                        "PRIVACY": 7,
                        "SMS": 2,
                        "SYSTEM": 3,
                        "MONEY": 1,
                        "SIGNATURE": 3,
                        "INTERNET": 1,
                        "GPS": 3
                    }
                },
                "Services": [
                    "com.tadu.android.view.bookshelf.fileExplore.FTPServerService",
                    "com.tadu.android.view.bookshelf.fileExplore.WifiService",
                    "com.tadu.android.service.Server",
                    "com.tadu.android.view.reader.view.animation.upanddown.ReaderService",
                    "com.tadu.android.service.DownloadServer",
                    "com.tadu.android.service.DownloadFileServer",
                    "org.geometerplus.android.fbreader.libraryService.LibraryService",
                    "org.geometerplus.android.fbreader.config.ConfigService",
                    "org.geometerplus.android.fbreader.httpd.DataService",
                    "cn.shuzilm.core.DUService",
                    "com.alibaba.mtl.appmonitor.AppMonitorService",
                    "com.bytedance.sdk.openadsdk.service.TTDownloadService",
                    "com.bytedance.sdk.openadsdk.service.TTDownloadHandlerService",
                    "com.taobao.accs.ChannelService",
                    "com.taobao.accs.data.MsgDistributeService",
                    "com.taobao.accs.ChannelService$KernelService",
                    "org.android.agoo.accs.AgooService",
                    "com.umeng.message.UmengIntentService",
                    "com.umeng.message.XiaomiIntentService",
                    "com.umeng.message.UmengMessageIntentReceiverService",
                    "com.umeng.message.UmengMessageCallbackHandlerService",
                    "com.umeng.message.UmengDownloadResourceService",
                    "cn.jpush.android.service.PushService",
                    "cn.jpush.android.service.DaemonService",
                    "com.meizu.cloud.pushsdk.NotificationService",
                    "com.xiaomi.push.service.XMJobService",
                    "com.xiaomi.push.service.XMPushService",
                    "com.xiaomi.mipush.sdk.PushMessageHandler",
                    "com.xiaomi.mipush.sdk.MessageHandleService",
                    "com.liulishuo.filedownloader.services.FileDownloadService$SharedMainProcessService",
                    "com.liulishuo.filedownloader.services.FileDownloadService$SeparateProcessService"
                ],
                "AndroidVersionCode": "1135",
                "main_activity": "com.tadu.android.view.LoadingActivity",
                "Package": "com.tadu.android.androidread",
                "intent_filters": {
                    "Services": {
                        "com.umeng.message.UmengMessageIntentReceiverService": {
                            "action": [
                                "org.android.agoo.client.MessageReceiverService"
                            ]
                        },
                        "cn.jpush.android.service.PushService": {
                            "action": [
                                "cn.jpush.android.intent.REGISTER",
                                "cn.jpush.android.intent.REPORT",
                                "cn.jpush.android.intent.PushService",
                                "cn.jpush.android.intent.PUSH_TIME"
                            ]
                        },
                        "com.taobao.accs.ChannelService": {
                            "action": [
                                "com.taobao.accs.intent.action.SERVICE",
                                "com.taobao.accs.intent.action.ELECTION"
                            ]
                        },
                        "org.geometerplus.android.fbreader.libraryService.LibraryService": {
                            "action": [
                                "android.fbreader.action.LIBRARY_SERVICE"
                            ]
                        },
                        "org.geometerplus.android.fbreader.config.ConfigService": {
                            "action": [
                                "android.tadu.action.CONFIG_SERVICE"
                            ]
                        },
                        "com.umeng.message.UmengIntentService": {
                            "action": [
                                "org.agoo.android.intent.action.RECEIVE"
                            ]
                        },
                        "com.umeng.message.XiaomiIntentService": {
                            "action": [
                                "org.agoo.android.intent.action.RECEIVE"
                            ]
                        },
                        "com.umeng.message.UmengMessageCallbackHandlerService": {
                            "action": [
                                "com.umeng.messge.registercallback.action",
                                "com.umeng.message.enablecallback.action",
                                "com.umeng.message.disablecallback.action",
                                "com.umeng.message.message.handler.action"
                            ]
                        },
                        "com.taobao.accs.data.MsgDistributeService": {
                            "action": [
                                "com.taobao.accs.intent.action.RECEIVE"
                            ]
                        },
                        "org.android.agoo.accs.AgooService": {
                            "action": [
                                "com.taobao.accs.intent.action.RECEIVE"
                            ]
                        },
                        "cn.jpush.android.service.DaemonService": {
                            "action": [
                                "cn.jpush.android.intent.DaemonService"
                            ],
                            "category": [
                                "com.tadu.android.androidread"
                            ]
                        }
                    },
                    "Activities": {
                        "com.umeng.qq.tencent.AuthActivity": {
                            "action": [
                                "android.intent.action.VIEW"
                            ],
                            "category": [
                                "android.intent.category.DEFAULT",
                                "android.intent.category.BROWSABLE"
                            ]
                        },
                        "com.tadu.android.WBShareActivity": {
                            "action": [
                                "com.sina.weibo.sdk.action.ACTION_SDK_REQ_ACTIVITY"
                            ],
                            "category": [
                                "android.intent.category.DEFAULT"
                            ]
                        },
                        "com.tadu.android.view.reader.BookActivity": {
                            "action": [
                                "com.tadu.android.OPEN_BOOK"
                            ]
                        },
                        "com.tadu.android.view.LoadingActivity": {
                            "action": [
                                "android.intent.action.MAIN",
                                "com.tadu.android.OPEN_BROWSER",
                                "android.intent.action.VIEW"
                            ],
                            "category": [
                                "android.intent.category.LAUNCHER",
                                "android.intent.category.DEFAULT",
                                "android.intent.category.BROWSABLE"
                            ]
                        },
                        "com.tadu.android.QWalletPayActivity": {
                            "action": [
                                "android.intent.action.VIEW"
                            ],
                            "category": [
                                "android.intent.category.BROWSABLE",
                                "android.intent.category.DEFAULT"
                            ]
                        },
                        "org.geometerplus.android.fbreader.FBReader": {
                            "action": [
                                "android.fbreader.action.VIEW",
                                "android.intent.action.VIEW",
                                "android.fbreader.action.PLUGIN",
                                "android.intent.action.SEARCH",
                                "android.fbreader.action.CLOSE",
                                "android.fbreader.action.PLUGIN_CRASH"
                            ],
                            "category": [
                                "android.intent.category.DEFAULT",
                                "android.intent.category.BROWSABLE"
                            ]
                        },
                        "cn.jpush.android.ui.PushActivity": {
                            "action": [
                                "cn.jpush.android.ui.PushActivity"
                            ],
                            "category": [
                                "android.intent.category.DEFAULT",
                                "com.tadu.android.androidread"
                            ]
                        }
                    },
                    "Receivers": {
                        "com.taobao.accs.ServiceReceiver": {
                            "action": [
                                "com.taobao.accs.intent.action.COMMAND",
                                "com.taobao.accs.intent.action.START_FROM_AGOO"
                            ]
                        },
                        "cn.jpush.android.service.PushReceiver": {
                            "action": [
                                "cn.jpush.android.intent.NOTIFICATION_RECEIVED_PROXY",
                                "android.intent.action.USER_PRESENT",
                                "android.net.conn.CONNECTIVITY_CHANGE",
                                "android.intent.action.PACKAGE_ADDED",
                                "android.intent.action.PACKAGE_REMOVED"
                            ],
                            "category": [
                                "com.tadu.android.androidread"
                            ]
                        },
                        "com.tadu.android.receiver.WebWorkChangeReceiver": {
                            "action": [
                                "android.net.conn.CONNECTIVITY_CHANGE"
                            ]
                        },
                        "com.taobao.accs.EventReceiver": {
                            "action": [
                                "android.intent.action.BOOT_COMPLETED",
                                "android.net.conn.CONNECTIVITY_CHANGE",
                                "android.intent.action.PACKAGE_REMOVED",
                                "android.intent.action.USER_PRESENT"
                            ]
                        },
                        "com.xiaomi.push.service.receivers.PingReceiver": {
                            "action": [
                                "com.xiaomi.push.PING_TIMER"
                            ]
                        },
                        "com.huawei.hms.support.api.push.PushEventReceiver": {
                            "action": [
                                "com.huawei.intent.action.PUSH"
                            ]
                        },
                        "cn.jpush.android.service.PluginHuaweiPlatformsReceiver": {
                            "action": [
                                "com.huawei.android.push.intent.REGISTRATION",
                                "com.huawei.android.push.intent.RECEIVE",
                                "com.huawei.android.push.intent.CLICK",
                                "com.huawei.intent.action.PUSH_STATE"
                            ]
                        },
                        "cn.jpush.android.service.PluginXiaomiPlatformsReceiver": {
                            "action": [
                                "com.xiaomi.mipush.RECEIVE_MESSAGE",
                                "com.xiaomi.mipush.MESSAGE_ARRIVED",
                                "com.xiaomi.mipush.ERROR"
                            ]
                        },
                        "cn.jpush.android.service.PluginMeizuPlatformsReceiver": {
                            "action": [
                                "com.meizu.flyme.push.intent.MESSAGE",
                                "com.meizu.flyme.push.intent.REGISTER.FEEDBACK",
                                "com.meizu.flyme.push.intent.UNREGISTER.FEEDBACK",
                                "com.meizu.c2dm.intent.REGISTRATION",
                                "com.meizu.c2dm.intent.RECEIVE"
                            ],
                            "category": [
                                "com.tadu.android.androidread"
                            ]
                        },
                        "com.meizu.cloud.pushsdk.SystemReceiver": {
                            "action": [
                                "com.meizu.cloud.pushservice.action.PUSH_SERVICE_START"
                            ],
                            "category": [
                                "android.intent.category.DEFAULT"
                            ]
                        },
                        "com.xiaomi.push.service.receivers.NetworkStatusReceiver": {
                            "action": [
                                "android.net.conn.CONNECTIVITY_CHANGE"
                            ],
                            "category": [
                                "android.intent.category.DEFAULT"
                            ]
                        },
                        "com.alibaba.sdk.android.feedback.impl.NetworkChangeReceiver": {
                            "action": [
                                "android.net.conn.CONNECTIVITY_CHANGE"
                            ]
                        },
                        "com.tadu.android.receiver.BootReceiver": {
                            "action": [
                                "android.intent.action.BOOT_COMPLETED"
                            ]
                        },
                        "com.tadu.android.receiver.JPushReceiver": {
                            "action": [
                                "cn.jpush.android.intent.REGISTRATION",
                                "cn.jpush.android.intent.MESSAGE_RECEIVED",
                                "cn.jpush.android.intent.NOTIFICATION_RECEIVED",
                                "cn.jpush.android.intent.NOTIFICATION_OPENED",
                                "cn.jpush.android.intent.CONNECTION"
                            ],
                            "category": [
                                "com.tadu.android.androidread"
                            ]
                        },
                        "com.taobao.agoo.AgooCommondReceiver": {
                            "action": [
                                "com.tadu.android.androidread.intent.action.COMMAND",
                                "android.intent.action.PACKAGE_REMOVED"
                            ]
                        },
                        "com.tadu.android.receiver.DownLoadReceiver": {
                            "action": [
                                "android.tadu.download"
                            ]
                        }
                    }
                },
                "AndroidVersionName": "4.16",
                "TargetSdkVersion": "22",
                "AndroidApplicationInfo": "APK",
                "Providers": [
                    "com.umeng.message.provider.MessageProvider",
                    "com.huawei.hms.update.provider.UpdateProvider"
                ],
                "permission_details": {
                    "com.huawei.android.launcher.permission.WRITE_SETTINGS": {
                        "short_description": "Unknown permission from android reference",
                        "full_description": "Unknown permission from android reference",
                        "permission_type": "normal"
                    },
                    "org.adw.launcher_donut.permission.READ_SETTINGS": {
                        "short_description": "Unknown permission from android reference",
                        "full_description": "Unknown permission from android reference",
                        "permission_type": "normal"
                    },
                    "com.lenovo.launcher.permission.WRITE_SETTINGS": {
                        "short_description": "Unknown permission from android reference",
                        "full_description": "Unknown permission from android reference",
                        "permission_type": "normal"
                    },
                    "android.permission.INTERNET": {
                        "short_description": "full network access",
                        "full_description": "Allows the app to create\n     network sockets and use custom network protocols. The browser and other\n     applications provide means to send data to the internet, so this\n     permission is not required to send data to the internet.",
                        "permission_type": "dangerous"
                    },
                    "com.android.launcher.permission.INSTALL_SHORTCUT": {
                        "short_description": "install shortcuts",
                        "full_description": "Allows an application to add\n        Homescreen shortcuts without user intervention.",
                        "permission_type": "dangerous"
                    },
                    "android.permission.BROADCAST_PACKAGE_CHANGED": {
                        "short_description": "Unknown permission from android reference",
                        "full_description": "Unknown permission from android reference",
                        "permission_type": "normal"
                    },
                    "android.permission.BROADCAST_PACKAGE_INSTALL": {
                        "short_description": "Unknown permission from android reference",
                        "full_description": "Unknown permission from android reference",
                        "permission_type": "normal"
                    },
                    "net.qihoo.launcher.permission.WRITE_SETTINGS": {
                        "short_description": "Unknown permission from android reference",
                        "full_description": "Unknown permission from android reference",
                        "permission_type": "normal"
                    },
                    "android.permission.SYSTEM_ALERT_WINDOW": {
                        "short_description": "draw over other apps",
                        "full_description": "Allows the app to draw on top of other\n        applications or parts of the user interface.  They may interfere with your\n        use of the interface in any application, or change what you think you are\n        seeing in other applications.",
                        "permission_type": "dangerous"
                    },
                    "com.android.mylauncher.permission.WRITE_SETTINGS": {
                        "short_description": "Unknown permission from android reference",
                        "full_description": "Unknown permission from android reference",
                        "permission_type": "normal"
                    },
                    "android.permission.ACCESS_LOCATION_EXTRA_COMMANDS": {
                        "short_description": "access extra location provider commands",
                        "full_description": "Allows the app to access\n      extra location provider commands.  This may allow the app to interfere\n      with the operation of the GPS or other location sources.",
                        "permission_type": "normal"
                    },
                    "android.permission.CHANGE_WIFI_STATE": {
                        "short_description": "connect and disconnect from Wi-Fi",
                        "full_description": "Allows the app to connect to and\n      disconnect from Wi-Fi access points and to make changes to device\n      configuration for Wi-Fi networks.",
                        "permission_type": "dangerous"
                    },
                    "com.ebproductions.android.launcher.permission.WRITE_SETTINGS": {
                        "short_description": "Unknown permission from android reference",
                        "full_description": "Unknown permission from android reference",
                        "permission_type": "normal"
                    },
                    "telecom.mdesk.permission.WRITE_SETTINGS": {
                        "short_description": "Unknown permission from android reference",
                        "full_description": "Unknown permission from android reference",
                        "permission_type": "normal"
                    },
                    "net.qihoo.launcher.permission.READ_SETTINGS": {
                        "short_description": "Unknown permission from android reference",
                        "full_description": "Unknown permission from android reference",
                        "permission_type": "normal"
                    },
                    "com.qihoo360.launcher.permission.WRITE_SETTINGS": {
                        "short_description": "Unknown permission from android reference",
                        "full_description": "Unknown permission from android reference",
                        "permission_type": "normal"
                    },
                    "android.permission.SET_DEBUG_APP": {
                        "short_description": "enable app debugging",
                        "full_description": "Allows the app to turn\n        on debugging for another app. Malicious apps may use this\n        to kill other apps.",
                        "permission_type": "signature|system|development"
                    },
                    "android.permission.BLUETOOTH": {
                        "short_description": "pair with Bluetooth devices",
                        "full_description": "Allows the app to view the\n      configuration of the Bluetooth on the phone, and to make and accept\n      connections with paired devices.",
                        "permission_type": "dangerous"
                    },
                    "android.permission.ACCESS_WIFI_STATE": {
                        "short_description": "view Wi-Fi connections",
                        "full_description": "Allows the app to view information\n      about Wi-Fi networking, such as whether Wi-Fi is enabled and name of\n      connected Wi-Fi devices.",
                        "permission_type": "normal"
                    },
                    "com.android.launcher3.permission.READ_SETTINGS": {
                        "short_description": "Unknown permission from android reference",
                        "full_description": "Unknown permission from android reference",
                        "permission_type": "normal"
                    },
                    "android.permission.ACCESS_NETWORK_STATE": {
                        "short_description": "view network connections",
                        "full_description": "Allows the app to view\n      information about network connections such as which networks exist and are\n      connected.",
                        "permission_type": "normal"
                    },
                    "com.fede.launcher.permission.WRITE_SETTINGS": {
                        "short_description": "Unknown permission from android reference",
                        "full_description": "Unknown permission from android reference",
                        "permission_type": "normal"
                    },
                    "com.htc.launcher.permission.READ_SETTINGS": {
                        "short_description": "Unknown permission from android reference",
                        "full_description": "Unknown permission from android reference",
                        "permission_type": "normal"
                    },
                    "telecom.mdesk.permission.READ_SETTINGS": {
                        "short_description": "Unknown permission from android reference",
                        "full_description": "Unknown permission from android reference",
                        "permission_type": "normal"
                    },
                    "com.lge.launcher.permission.WRITE_SETTINGS": {
                        "short_description": "Unknown permission from android reference",
                        "full_description": "Unknown permission from android reference",
                        "permission_type": "normal"
                    },
                    "com.meizu.c2dm.permission.RECEIVE": {
                        "short_description": "Unknown permission from android reference",
                        "full_description": "Unknown permission from android reference",
                        "permission_type": "normal"
                    },
                    "android.permission.WRITE_SETTINGS": {
                        "short_description": "modify system settings",
                        "full_description": "Allows the app to modify the\n        system's settings data. Malicious apps may corrupt your system's\n        configuration.",
                        "permission_type": "normal"
                    },
                    "com.huawei.launcher3.permission.WRITE_SETTINGS": {
                        "short_description": "Unknown permission from android reference",
                        "full_description": "Unknown permission from android reference",
                        "permission_type": "normal"
                    },
                    "com.android.launcher.permission.WRITE_SETTINGS": {
                        "short_description": "Unknown permission from android reference",
                        "full_description": "Unknown permission from android reference",
                        "permission_type": "normal"
                    },
                    "android.permission.BROADCAST_PACKAGE_ADDED": {
                        "short_description": "Unknown permission from android reference",
                        "full_description": "Unknown permission from android reference",
                        "permission_type": "normal"
                    },
                    "android.permission.GET_ACCOUNTS": {
                        "short_description": "find accounts on the device",
                        "full_description": "Allows the app to get\n      the list of accounts known by the phone.  This may include any accounts\n      created by applications you have installed.",
                        "permission_type": "normal"
                    },
                    "com.tadu.android.androidread.permission.C2D_MESSAGE": {
                        "short_description": "Unknown permission from android reference",
                        "full_description": "Unknown permission from android reference",
                        "permission_type": "normal"
                    },
                    "com.tencent.qqlauncher.permission.WRITE_SETTINGS": {
                        "short_description": "Unknown permission from android reference",
                        "full_description": "Unknown permission from android reference",
                        "permission_type": "normal"
                    },
                    "android.permission.READ_LOGS": {
                        "short_description": "read sensitive log data",
                        "full_description": "Allows the app to read from the\n        system's various log files.  This allows it to discover general\n        information about what you are doing with the phone, potentially\n        including personal or private information.",
                        "permission_type": "signature|system|development"
                    },
                    "com.sec.android.app.twlauncher.settings.READ_SETTINGS": {
                        "short_description": "Unknown permission from android reference",
                        "full_description": "Unknown permission from android reference",
                        "permission_type": "normal"
                    },
                    "com.huawei.launcher3.permission.READ_SETTINGS": {
                        "short_description": "Unknown permission from android reference",
                        "full_description": "Unknown permission from android reference",
                        "permission_type": "normal"
                    },
                    "com.ebproductions.android.launcher.permission.READ_SETTINGS": {
                        "short_description": "Unknown permission from android reference",
                        "full_description": "Unknown permission from android reference",
                        "permission_type": "normal"
                    },
                    "com.huawei.launcher2.permission.READ_SETTINGS": {
                        "short_description": "Unknown permission from android reference",
                        "full_description": "Unknown permission from android reference",
                        "permission_type": "normal"
                    },
                    "com.oppo.launcher.permission.READ_SETTINGS": {
                        "short_description": "Unknown permission from android reference",
                        "full_description": "Unknown permission from android reference",
                        "permission_type": "normal"
                    },
                    "android.permission.NFC": {
                        "short_description": "control Near Field Communication",
                        "full_description": "Allows the app to communicate\n      with Near Field Communication (NFC) tags, cards, and readers.",
                        "permission_type": "dangerous"
                    },
                    "android.permission.MANAGE_ACCOUNTS": {
                        "short_description": "add or remove accounts",
                        "full_description": "Allows the app to\n    perform operations like adding and removing accounts, and deleting\n    their password.",
                        "permission_type": "dangerous"
                    },
                    "android.permission.SEND_SMS": {
                        "short_description": "send SMS messages",
                        "full_description": "Allows the app to send SMS messages.\n     This may result in unexpected charges. Malicious apps may cost you money by\n     sending messages without your confirmation.",
                        "permission_type": "dangerous"
                    },
                    "org.adwfreak.launcher.permission.WRITE_SETTINGS": {
                        "short_description": "Unknown permission from android reference",
                        "full_description": "Unknown permission from android reference",
                        "permission_type": "normal"
                    },
                    "com.huawei.launcher2.permission.WRITE_SETTINGS": {
                        "short_description": "Unknown permission from android reference",
                        "full_description": "Unknown permission from android reference",
                        "permission_type": "normal"
                    },
                    "android.permission.RECEIVE_USER_PRESENT": {
                        "short_description": "Unknown permission from android reference",
                        "full_description": "Unknown permission from android reference",
                        "permission_type": "normal"
                    },
                    "android.permission.GET_TASKS": {
                        "short_description": "retrieve running apps",
                        "full_description": "Allows the app to retrieve information\n       about currently and recently running tasks.  This may allow the app to\n       discover information about which applications are used on the device.",
                        "permission_type": "normal"
                    },
                    "com.htc.launcher.permission.WRITE_SETTINGS": {
                        "short_description": "Unknown permission from android reference",
                        "full_description": "Unknown permission from android reference",
                        "permission_type": "normal"
                    },
                    "android.permission.BROADCAST_PACKAGE_REPLACED": {
                        "short_description": "Unknown permission from android reference",
                        "full_description": "Unknown permission from android reference",
                        "permission_type": "normal"
                    },
                    "android.permission.RECEIVE_BOOT_COMPLETED": {
                        "short_description": "run at startup",
                        "full_description": "Allows the app to\n        have itself started as soon as the system has finished booting.\n        This can make it take longer to start the phone and allow the\n        app to slow down the overall phone by always running.",
                        "permission_type": "normal"
                    },
                    "dianxin.permission.ACCESS_LAUNCHER_DATA": {
                        "short_description": "Unknown permission from android reference",
                        "full_description": "Unknown permission from android reference",
                        "permission_type": "normal"
                    },
                    "com.sec.android.app.launcher.settings.READ_SETTINGS": {
                        "short_description": "Unknown permission from android reference",
                        "full_description": "Unknown permission from android reference",
                        "permission_type": "normal"
                    },
                    "android.permission.CALL_PHONE": {
                        "short_description": "directly call phone numbers",
                        "full_description": "Allows the app to call phone numbers\n      without your intervention. This may result in unexpected charges or calls.\n      Note that this doesn't allow the app to call emergency numbers.\n      Malicious apps may cost you money by making calls without your\n      confirmation.",
                        "permission_type": "dangerous"
                    },
                    "com.anddoes.launcher.permission.READ_SETTINGS": {
                        "short_description": "Unknown permission from android reference",
                        "full_description": "Unknown permission from android reference",
                        "permission_type": "normal"
                    },
                    "android.permission.READ_PHONE_STATE": {
                        "short_description": "read phone status and identity",
                        "full_description": "Allows the app to access the phone\n      features of the device.  This permission allows the app to determine the\n      phone number and device IDs, whether a call is active, and the remote number\n      connected by a call.",
                        "permission_type": "dangerous"
                    },
                    "com.android.launcher2.permission.READ_SETTINGS": {
                        "short_description": "Unknown permission from android reference",
                        "full_description": "Unknown permission from android reference",
                        "permission_type": "normal"
                    },
                    "com.sec.android.app.twlauncher.settings.WRITE_SETTINGS": {
                        "short_description": "Unknown permission from android reference",
                        "full_description": "Unknown permission from android reference",
                        "permission_type": "normal"
                    },
                    "android.permission.CAMERA": {
                        "short_description": "take pictures and videos",
                        "full_description": "Allows the app to take pictures and videos\n      with the camera.  This permission allows the app to use the camera at any\n      time without your confirmation.",
                        "permission_type": "dangerous"
                    },
                    "android.permission.WAKE_LOCK": {
                        "short_description": "prevent phone from sleeping",
                        "full_description": "Allows the app to prevent the phone from going to sleep.",
                        "permission_type": "normal"
                    },
                    "com.huawei.android.launcher.permission.READ_SETTINGS": {
                        "short_description": "Unknown permission from android reference",
                        "full_description": "Unknown permission from android reference",
                        "permission_type": "normal"
                    },
                    "com.android.launcher3.permission.WRITE_SETTINGS": {
                        "short_description": "Unknown permission from android reference",
                        "full_description": "Unknown permission from android reference",
                        "permission_type": "normal"
                    },
                    "com.android.launcher2.permission.WRITE_SETTINGS": {
                        "short_description": "Unknown permission from android reference",
                        "full_description": "Unknown permission from android reference",
                        "permission_type": "normal"
                    },
                    "org.adwfreak.launcher.permission.READ_SETTINGS": {
                        "short_description": "Unknown permission from android reference",
                        "full_description": "Unknown permission from android reference",
                        "permission_type": "normal"
                    },
                    "android.permission.RESTART_PACKAGES": {
                        "short_description": "close other apps",
                        "full_description": "Allows the app to end\n      background processes of other apps.  This may cause other apps to stop\n      running.",
                        "permission_type": "normal"
                    },
                    "com.tadu.android.androidread.permission.MIPUSH_RECEIVE": {
                        "short_description": "Unknown permission from android reference",
                        "full_description": "Unknown permission from android reference",
                        "permission_type": "normal"
                    },
                    "android.permission.CHANGE_NETWORK_STATE": {
                        "short_description": "change network connectivity",
                        "full_description": "Allows the app to change the state of network connectivity.",
                        "permission_type": "normal"
                    },
                    "com.android.launcher.permission.UNINSTALL_SHORTCUT": {
                        "short_description": "uninstall shortcuts",
                        "full_description": "Allows the application to remove\n        Homescreen shortcuts without user intervention.",
                        "permission_type": "dangerous"
                    },
                    "android.permission.USE_CREDENTIALS": {
                        "short_description": "use accounts on the device",
                        "full_description": "Allows the app to request authentication tokens.",
                        "permission_type": "dangerous"
                    },
                    "com.tencent.qqlauncher.permission.READ_SETTINGS": {
                        "short_description": "Unknown permission from android reference",
                        "full_description": "Unknown permission from android reference",
                        "permission_type": "normal"
                    },
                    "android.permission.ACCESS_COARSE_LOCATION": {
                        "short_description": "approximate location\n      (network-based)",
                        "full_description": "Allows the app to get your\n      approximate location. This location is derived by location services using\n      network location sources such as cell towers and Wi-Fi. These location\n      services must be turned on and available to your device for the app to\n      use them. Apps may use this to determine approximately where you\n      are.",
                        "permission_type": "dangerous"
                    },
                    "com.qihoo360.launcher.permission.READ_SETTINGS": {
                        "short_description": "Unknown permission from android reference",
                        "full_description": "Unknown permission from android reference",
                        "permission_type": "normal"
                    },
                    "android.permission.EXPAND_STATUS_BAR": {
                        "short_description": "expand/collapse status bar",
                        "full_description": "Allows the app to expand or collapse the status bar.",
                        "permission_type": "normal"
                    },
                    "android.permission.ACCESS_FINE_LOCATION": {
                        "short_description": "precise location (GPS and\n      network-based)",
                        "full_description": "Allows the app to get your\n      precise location using the Global Positioning System (GPS) or network\n      location sources such as cell towers and Wi-Fi. These location services\n      must be turned on and available to your device for the app to use them.\n      Apps may use this to determine where you are, and may consume additional\n      battery power.",
                        "permission_type": "dangerous"
                    },
                    "com.android.mylauncher.permission.READ_SETTINGS": {
                        "short_description": "Unknown permission from android reference",
                        "full_description": "Unknown permission from android reference",
                        "permission_type": "normal"
                    },
                    "com.lenovo.launcher.permission.READ_SETTINGS": {
                        "short_description": "Unknown permission from android reference",
                        "full_description": "Unknown permission from android reference",
                        "permission_type": "normal"
                    },
                    "com.tadu.android.androidread.permission.JPUSH_MESSAGE": {
                        "short_description": "Unknown permission from android reference",
                        "full_description": "Unknown permission from android reference",
                        "permission_type": "normal"
                    },
                    "android.permission.READ_SETTINGS": {
                        "short_description": "Unknown permission from android reference",
                        "full_description": "Unknown permission from android reference",
                        "permission_type": "normal"
                    },
                    "android.permission.WRITE_EXTERNAL_STORAGE": {
                        "short_description": "modify or delete the contents of your SD card",
                        "full_description": "Allows the app to write to the SD card.",
                        "permission_type": "dangerous"
                    },
                    "android.permission.READ_EXTERNAL_STORAGE": {
                        "short_description": "read the contents of your SD card",
                        "full_description": "Allows the app to read the contents of your SD card.",
                        "permission_type": "normal"
                    },
                    "com.android.launcher.permission.READ_SETTINGS": {
                        "short_description": "Unknown permission from android reference",
                        "full_description": "Unknown permission from android reference",
                        "permission_type": "normal"
                    },
                    "com.sec.android.app.launcher.settings.WRITE_SETTINGS": {
                        "short_description": "Unknown permission from android reference",
                        "full_description": "Unknown permission from android reference",
                        "permission_type": "normal"
                    },
                    "com.anddoes.launcher.permission.WRITE_SETTINGS": {
                        "short_description": "Unknown permission from android reference",
                        "full_description": "Unknown permission from android reference",
                        "permission_type": "normal"
                    },
                    "com.oppo.launcher.permission.WRITE_SETTINGS": {
                        "short_description": "Unknown permission from android reference",
                        "full_description": "Unknown permission from android reference",
                        "permission_type": "normal"
                    },
                    "android.permission.READ_SMS": {
                        "short_description": "read your text messages (SMS or MMS)",
                        "full_description": "Allows the app to read SMS\n      messages stored on your phone or SIM card. This allows the app to read all\n      SMS messages, regardless of content or confidentiality.",
                        "permission_type": "dangerous"
                    },
                    "android.permission.VIBRATE": {
                        "short_description": "control vibration",
                        "full_description": "Allows the app to control the vibrator.",
                        "permission_type": "normal"
                    },
                    "com.fede.launcher.permission.READ_SETTINGS": {
                        "short_description": "Unknown permission from android reference",
                        "full_description": "Unknown permission from android reference",
                        "permission_type": "normal"
                    },
                    "org.adw.launcher.permission.READ_SETTINGS": {
                        "short_description": "Unknown permission from android reference",
                        "full_description": "Unknown permission from android reference",
                        "permission_type": "normal"
                    },
                    "com.lge.launcher.permission.READ_SETTINGS": {
                        "short_description": "Unknown permission from android reference",
                        "full_description": "Unknown permission from android reference",
                        "permission_type": "normal"
                    },
                    "org.adw.launcher_donut.permission.WRITE_SETTINGS": {
                        "short_description": "Unknown permission from android reference",
                        "full_description": "Unknown permission from android reference",
                        "permission_type": "normal"
                    },
                    "org.adw.launcher.permission.WRITE_SETTINGS": {
                        "short_description": "Unknown permission from android reference",
                        "full_description": "Unknown permission from android reference",
                        "permission_type": "normal"
                    },
                    "android.permission.MOUNT_UNMOUNT_FILESYSTEMS": {
                        "short_description": "access SD Card filesystem",
                        "full_description": "Allows the app to mount and\n        unmount filesystems for removable storage.",
                        "permission_type": "system|signature"
                    }
                },
                "Receivers": [
                    "com.tadu.android.receiver.BootReceiver",
                    "com.tadu.android.receiver.WebWorkChangeReceiver",
                    "com.tadu.android.receiver.DownLoadReceiver",
                    "com.tadu.android.receiver.JPushReceiver",
                    "cn.jpush.android.service.PushReceiver",
                    "com.alibaba.sdk.android.feedback.impl.NetworkChangeReceiver",
                    "com.taobao.accs.EventReceiver",
                    "com.taobao.accs.ServiceReceiver",
                    "com.taobao.agoo.AgooCommondReceiver",
                    "com.umeng.message.NotificationProxyBroadcastReceiver",
                    "cn.jpush.android.service.AlarmReceiver",
                    "cn.jpush.android.service.PluginHuaweiPlatformsReceiver",
                    "com.huawei.hms.support.api.push.PushEventReceiver",
                    "com.meizu.cloud.pushsdk.SystemReceiver",
                    "cn.jpush.android.service.PluginMeizuPlatformsReceiver",
                    "com.xiaomi.push.service.receivers.NetworkStatusReceiver",
                    "com.xiaomi.push.service.receivers.PingReceiver",
                    "cn.jpush.android.service.PluginXiaomiPlatformsReceiver"
                ],
                "StringsInformation": [
                    "http://%1$s/gslb/gslb/getbucket.asp?ver=3.0",
                    "http://119.29.29.29",
                    "http://122.11.50.102",
                    "http://140.205.130.1/api/cdnDetect?method=createDetect",
                    "http://203.107.1.1",
                    "http://203.107.1.1:80/",
                    "http://acs.m.taobao.com/gw/mtop.wdetail.getitemdetail/",
                    "http://acs.m.taobao.com/gw/mtop.wdetail.getitemdetail/\n",
                    "http://adash.man.aliyuncs.com:80/man/api?ak=23356390&s=",
                    "http://adashbc.m.taobao.com/rest/sur",
                    "http://adashx.m.taobao.com/rest/gc2",
                    "http://api.",
                    "http://api.m.taobao.com/gw/mtop.common.getTimeStamp/*",
                    "http://api.m.taobao.com/status.taobao",
                    "http://client.aliyun.com/",
                    "http://g.alicdn.com/tbc/??search-suggest/1.4.6/mods/storage-min.js",
                    "http://g.alicdn.com/tbc/??search-suggest/1.4.6/mods/storage-min.js\n",
                    "http://gw.alicdn.com/bao/uploaded/i2/12071029418847231/T13I2HFk8aXXXXXXXX_!!0-item_pic.jpg_170x170.jpg",
                    "http://gw.alicdn.com/bao/uploaded/i2/12071029418847231/T13I2HFk8aXXXXXXXX_!!0-item_pic.jpg_170x170.jpg\n",
                    "http://h5.",
                    "http://h5.m.taobao.com/app/category/www/man/index.html",
                    "http://h5.m.taobao.com/app/category/www/man/index.html\n",
                    "http://h5.m.taobao.com/trade/paySuccess.html?bizOrderId=$OrderId$&",
                    "http://hws.m.taobao.com/cache/desc/5.0?id=42860783596&type=1&f=TB1FFmAJFXXXXbvXFXX8qtpFXlX",
                    "http://hws.m.taobao.com/cache/desc/5.0?id=42860783596&type=1&f=TB1FFmAJFXXXXbvXFXX8qtpFXlX\n",
                    "http://log.umsns.com/link/qq/download/",
                    "http://log.umsns.com/link/weixin/download/",
                    "http://m-adash.m.taobao.com/rest/sur",
                    "http://m.alipay.com/?action=h5quit",
                    "http://m.taobao.com",
                    "http://mcgw.alipay.com/sdklog.do",
                    "http://media.tadu.com/readPlug.zip",
                    "http://mobilegw-1-64.test.alipay.net/mgw.htm",
                    "http://mobilegw.aaa.alipay.net/mgw.htm",
                    "http://mobilegw.alipay.com/mgw.htm",
                    "http://mobilegw.stable.alipay.net/mgw.htm",
                    "http://msg.umengcloud.com/admsg/v1/",
                    "http://stadig.ifeng.com",
                    "http://tts.baidu.com/text2audio",
                    "http://uil.cbs.baidu.com/voiceLog/getconfig?",
                    "http://unitacs.m.taobao.com/gw/mtop.wdetail.getitemdetail/",
                    "http://unitacs.m.taobao.com/gw/mtop.wdetail.getitemdetail/\n",
                    "http://unszacs.m.taobao.com/gw/mtop.wdetail.getitemdetail/",
                    "http://unszacs.m.taobao.com/gw/mtop.wdetail.getitemdetail/\n",
                    "http://www.baidu.com",
                    "http://www.tadu.com",
                    "http://www.tencent.com",
                    "http://www.umeng.com/social",
                    "http://xmlpull.org/v1/doc/features.html#process-namespaces",
                    "http://yuyin.baidu.com/voice?osname=voiceopen&action=usereventflow&",
                    "https://203.107.1.1",
                    "https://androidquery.appspot.com",
                    "https://api-push.in.meizu.com/garcia/api/client/",
                    "https://api-push.meizu.com/garcia/api/client/",
                    "https://api.twitter.com/oauth/access_token",
                    "https://api.twitter.com/oauth/authorize",
                    "https://api.twitter.com/oauth/request_token",
                    "https://api.weibo.com/2/users/show.json",
                    "https://api.weibo.com/oauth2/revokeoauth2",
                    "https://api.weixin.qq.com/sns/oauth2/access_token?",
                    "https://api.weixin.qq.com/sns/oauth2/refresh_token?",
                    "https://api.weixin.qq.com/sns/oauth2/refresh_token?appid=",
                    "https://api.weixin.qq.com/sns/userinfo?access_token=",
                    "https://at.umeng.com/19HTvC?cid=476",
                    "https://at.umeng.com/8Tfmei?cid=476",
                    "https://at.umeng.com/9D49bu?cid=476",
                    "https://at.umeng.com/9XX5ry?cid=476",
                    "https://at.umeng.com/CCiOHv?cid=476",
                    "https://at.umeng.com/KzKfWz?cid=476",
                    "https://at.umeng.com/WT95za?cid=476",
                    "https://at.umeng.com/bObWzC?cid=476",
                    "https://at.umeng.com/f8HHDi?cid=476",
                    "https://at.umeng.com/iqmK1D?cid=476",
                    "https://at.umeng.com/ve4Pbm?cid=476",
                    "https://at.umeng.com/ya4Dmy?cid=476",
                    "https://bcfeedback.taobao.com",
                    "https://extlog.snssdk.com/service/2/app_log/",
                    "https://graph.facebook.com/me",
                    "https://graph.facebook.com/oauth/authorize",
                    "https://graph.facebook.com/oauth/authorize?",
                    "https://i.snssdk.com/api/ad/union/dislike_event/",
                    "https://i.snssdk.com/api/ad/union/sdk/get_ads/",
                    "https://i.snssdk.com/api/ad/union/sdk/stats/",
                    "https://m.taobao.com",
                    "https://mclient.alipay.com/home/exterfaceAssign.htm?",
                    "https://mobilegw.alipay.com/mgw.htm",
                    "https://mobilegw.alipaydev.com/mgw.htm",
                    "https://open.weibo.cn/oauth2/authorize?",
                    "https://openapi.baidu.com/oauth/2.0/token?",
                    "https://push.statics",
                    "https://query.hicloud.com/hwid/v2/CheckEx.action",
                    "https://wappaygw.alipay.com/home/exterfaceAssign.htm?",
                    "https://www.facebook.com/connect/login_success.html",
                    "https://www.huawei.com/auth/account/base.profile",
                    "https://www.huawei.com/auth/sns/friends.account",
                    "https://www.huawei.com/auth/sns/read",
                    "https://www.huawei.com/auth/sns/write"
                ]
            },
            "magic": "Zip archive data, at least v2.0 to extract",
            "last_analysis_stats": {
                "harmless": 0,
                "type-unsupported": 10,
                "suspicious": 0,
                "confirmed-timeout": 0,
                "timeout": 0,
                "failure": 1,
                "malicious": 2,
                "undetected": 60
            },
            "meaningful_name": "000019911F02CB0DAAF281EB8F7ED3CF52CC8DB377816CA9B3E42C8AAA227F78.apk",
            "reputation": 0
        },
        "type": "file",
        "id": "000019911f02cb0daaf281eb8f7ed3cf52cc8db377816ca9b3e42c8aaa227f78",
        "links": {
            "self": "https://www.virustotal.com/api/v3/files/000019911f02cb0daaf281eb8f7ed3cf52cc8db377816ca9b3e42c8aaa227f78"
        }
    }
}