{
    "data": {
        "attributes": {
            "type_description": "Android",
            "tlsh": "T15DD61267E3A6A855C6B7C03386B746B363B90D859986B302350DF26CEFB7ED044907C9",
            "vhash": "8bda6548e5e196574e002e3bb8f38922",
            "trid": [
                {
                    "file_type": "Android Package",
                    "probability": 39.4
                },
                {
                    "file_type": "SPSS Extension",
                    "probability": 30.7
                },
                {
                    "file_type": "Java Archive",
                    "probability": 13.8
                },
                {
                    "file_type": "Sweet Home 3D design (generic)",
                    "probability": 10.7
                },
                {
                    "file_type": "ZIP compressed archive",
                    "probability": 4.1
                }
            ],
            "crowdsourced_yara_results": [
                {
                    "description": "This signature identifies Adobe Extensible Metadata Platform (XMP) identifiers embedded within files. Defined as a standard for mapping graphical asset relationships, XMP allows for tracking of both parent-child relationships and individual revisions. There are three categories of identifiers: original document, document, and instance. Generally, XMP data is stored in XML format, updated on save/copy, and embedded within the graphical asset. These identifiers can be used to track both malicious and benign graphics within common Microsoft and Adobe document lures.",
                    "source": "https://github.com/InQuest/yara-rules-vt",
                    "author": "InQuest Labs",
                    "ruleset_name": "Adobe_XMP_Identifier",
                    "rule_name": "Adobe_XMP_Identifier",
                    "ruleset_id": "0121ae37cc"
                }
            ],
            "names": [
                "000003D3981DC548A772A30D688F424CFB88561A63A2DD888E7CF55171442946.apk"
            ],
            "last_modification_date": 1659770426,
            "type_tag": "android",
            "times_submitted": 7,
            "total_votes": {
                "harmless": 0,
                "malicious": 0
            },
            "size": 12958838,
            "type_extension": "apk",
            "last_submission_date": 1657843309,
            "last_analysis_results": {
                "Bkav": {
                    "category": "undetected",
                    "engine_name": "Bkav",
                    "engine_version": "1.3.0.9899",
                    "result": null,
                    "method": "blacklist",
                    "engine_update": "20220806"
                },
                "Lionic": {
                    "category": "undetected",
                    "engine_name": "Lionic",
                    "engine_version": "7.5",
                    "result": null,
                    "method": "blacklist",
                    "engine_update": "20220806"
                },
                "Elastic": {
                    "category": "type-unsupported",
                    "engine_name": "Elastic",
                    "engine_version": "4.0.41",
                    "result": null,
                    "method": "blacklist",
                    "engine_update": "20220728"
                },
                "DrWeb": {
                    "category": "undetected",
                    "engine_name": "DrWeb",
                    "engine_version": "7.0.56.4040",
                    "result": null,
                    "method": "blacklist",
                    "engine_update": "20220806"
                },
                "MicroWorld-eScan": {
                    "category": "undetected",
                    "engine_name": "MicroWorld-eScan",
                    "engine_version": "14.0.409.0",
                    "result": null,
                    "method": "blacklist",
                    "engine_update": "20220805"
                },
                "FireEye": {
                    "category": "undetected",
                    "engine_name": "FireEye",
                    "engine_version": "35.24.1.0",
                    "result": null,
                    "method": "blacklist",
                    "engine_update": "20220805"
                },
                "CAT-QuickHeal": {
                    "category": "undetected",
                    "engine_name": "CAT-QuickHeal",
                    "engine_version": "14.00",
                    "result": null,
                    "method": "blacklist",
                    "engine_update": "20220805"
                },
                "ALYac": {
                    "category": "undetected",
                    "engine_name": "ALYac",
                    "engine_version": "1.1.3.1",
                    "result": null,
                    "method": "blacklist",
                    "engine_update": "20220806"
                },
                "Malwarebytes": {
                    "category": "undetected",
                    "engine_name": "Malwarebytes",
                    "engine_version": "4.3.3.37",
                    "result": null,
                    "method": "blacklist",
                    "engine_update": "20220806"
                },
                "VIPRE": {
                    "category": "undetected",
                    "engine_name": "VIPRE",
                    "engine_version": "6.0.0.35",
                    "result": null,
                    "method": "blacklist",
                    "engine_update": "20220805"
                },
                "Sangfor": {
                    "category": "undetected",
                    "engine_name": "Sangfor",
                    "engine_version": "2.14.0.0",
                    "result": null,
                    "method": "blacklist",
                    "engine_update": "20220806"
                },
                "Trustlook": {
                    "category": "undetected",
                    "engine_name": "Trustlook",
                    "engine_version": "1.0",
                    "result": null,
                    "method": "blacklist",
                    "engine_update": "20220806"
                },
                "BitDefender": {
                    "category": "undetected",
                    "engine_name": "BitDefender",
                    "engine_version": "7.2",
                    "result": null,
                    "method": "blacklist",
                    "engine_update": "20220805"
                },
                "K7GW": {
                    "category": "undetected",
                    "engine_name": "K7GW",
                    "engine_version": "12.29.43707",
                    "result": null,
                    "method": "blacklist",
                    "engine_update": "20220806"
                },
                "K7AntiVirus": {
                    "category": "undetected",
                    "engine_name": "K7AntiVirus",
                    "engine_version": "12.29.43706",
                    "result": null,
                    "method": "blacklist",
                    "engine_update": "20220806"
                },
                "Arcabit": {
                    "category": "undetected",
                    "engine_name": "Arcabit",
                    "engine_version": "1.0.0.889",
                    "result": null,
                    "method": "blacklist",
                    "engine_update": "20220805"
                },
                "BitDefenderTheta": {
                    "category": "undetected",
                    "engine_name": "BitDefenderTheta",
                    "engine_version": "7.2.37796.0",
                    "result": null,
                    "method": "blacklist",
                    "engine_update": "20220802"
                },
                "VirIT": {
                    "category": "undetected",
                    "engine_name": "VirIT",
                    "engine_version": "9.5.254",
                    "result": null,
                    "method": "blacklist",
                    "engine_update": "20220805"
                },
                "Cyren": {
                    "category": "undetected",
                    "engine_name": "Cyren",
                    "engine_version": "6.5.1.2",
                    "result": null,
                    "method": "blacklist",
                    "engine_update": "20220806"
                },
                "SymantecMobileInsight": {
                    "category": "undetected",
                    "engine_name": "SymantecMobileInsight",
                    "engine_version": "2.0",
                    "result": null,
                    "method": "blacklist",
                    "engine_update": "20220208"
                },
                "Symantec": {
                    "category": "undetected",
                    "engine_name": "Symantec",
                    "engine_version": "1.18.0.0",
                    "result": null,
                    "method": "blacklist",
                    "engine_update": "20220805"
                },
                "tehtris": {
                    "category": "type-unsupported",
                    "engine_name": "tehtris",
                    "engine_version": "v0.1.4",
                    "result": null,
                    "method": "blacklist",
                    "engine_update": "20220806"
                },
                "ESET-NOD32": {
                    "category": "undetected",
                    "engine_name": "ESET-NOD32",
                    "engine_version": "25713",
                    "result": null,
                    "method": "blacklist",
                    "engine_update": "20220805"
                },
                "APEX": {
                    "category": "type-unsupported",
                    "engine_name": "APEX",
                    "engine_version": "6.320",
                    "result": null,
                    "method": "blacklist",
                    "engine_update": "20220804"
                },
                "TrendMicro-HouseCall": {
                    "category": "undetected",
                    "engine_name": "TrendMicro-HouseCall",
                    "engine_version": "10.0.0.1040",
                    "result": null,
                    "method": "blacklist",
                    "engine_update": "20220806"
                },
                "Avast": {
                    "category": "undetected",
                    "engine_name": "Avast",
                    "engine_version": "21.1.5827.0",
                    "result": null,
                    "method": "blacklist",
                    "engine_update": "20220806"
                },
                "ClamAV": {
                    "category": "undetected",
                    "engine_name": "ClamAV",
                    "engine_version": "0.105.1.0",
                    "result": null,
                    "method": "blacklist",
                    "engine_update": "20220805"
                },
                "Kaspersky": {
                    "category": "undetected",
                    "engine_name": "Kaspersky",
                    "engine_version": "21.0.1.45",
                    "result": null,
                    "method": "blacklist",
                    "engine_update": "20220806"
                },
                "Alibaba": {
                    "category": "undetected",
                    "engine_name": "Alibaba",
                    "engine_version": "0.3.0.5",
                    "result": null,
                    "method": "blacklist",
                    "engine_update": "20190527"
                },
                "NANO-Antivirus": {
                    "category": "undetected",
                    "engine_name": "NANO-Antivirus",
                    "engine_version": "1.0.146.25618",
                    "result": null,
                    "method": "blacklist",
                    "engine_update": "20220806"
                },
                "ViRobot": {
                    "category": "undetected",
                    "engine_name": "ViRobot",
                    "engine_version": "2014.3.20.0",
                    "result": null,
                    "method": "blacklist",
                    "engine_update": "20220805"
                },
                "Rising": {
                    "category": "undetected",
                    "engine_name": "Rising",
                    "engine_version": "25.0.0.27",
                    "result": null,
                    "method": "blacklist",
                    "engine_update": "20220805"
                },
                "Ad-Aware": {
                    "category": "undetected",
                    "engine_name": "Ad-Aware",
                    "engine_version": "3.0.21.193",
                    "result": null,
                    "method": "blacklist",
                    "engine_update": "20220805"
                },
                "TACHYON": {
                    "category": "undetected",
                    "engine_name": "TACHYON",
                    "engine_version": "2022-08-06.01",
                    "result": null,
                    "method": "blacklist",
                    "engine_update": "20220806"
                },
                "Emsisoft": {
                    "category": "undetected",
                    "engine_name": "Emsisoft",
                    "engine_version": "2021.5.0.7597",
                    "result": null,
                    "method": "blacklist",
                    "engine_update": "20220806"
                },
                "Comodo": {
                    "category": "undetected",
                    "engine_name": "Comodo",
                    "engine_version": "34871",
                    "result": null,
                    "method": "blacklist",
                    "engine_update": "20220805"
                },
                "F-Secure": {
                    "category": "undetected",
                    "engine_name": "F-Secure",
                    "engine_version": "18.10.978.51",
                    "result": null,
                    "method": "blacklist",
                    "engine_update": "20220806"
                },
                "Baidu": {
                    "category": "undetected",
                    "engine_name": "Baidu",
                    "engine_version": "1.0.0.2",
                    "result": null,
                    "method": "blacklist",
                    "engine_update": "20190318"
                },
                "Zillya": {
                    "category": "undetected",
                    "engine_name": "Zillya",
                    "engine_version": "2.0.0.4684",
                    "result": null,
                    "method": "blacklist",
                    "engine_update": "20220805"
                },
                "TrendMicro": {
                    "category": "undetected",
                    "engine_name": "TrendMicro",
                    "engine_version": "11.0.0.1006",
                    "result": null,
                    "method": "blacklist",
                    "engine_update": "20220806"
                },
                "McAfee-GW-Edition": {
                    "category": "undetected",
                    "engine_name": "McAfee-GW-Edition",
                    "engine_version": "v2019.1.2+3728",
                    "result": null,
                    "method": "blacklist",
                    "engine_update": "20220806"
                },
                "SentinelOne": {
                    "category": "type-unsupported",
                    "engine_name": "SentinelOne",
                    "engine_version": "22.2.1.2",
                    "result": null,
                    "method": "blacklist",
                    "engine_update": "20220330"
                },
                "Trapmine": {
                    "category": "type-unsupported",
                    "engine_name": "Trapmine",
                    "engine_version": "3.5.48.101",
                    "result": null,
                    "method": "blacklist",
                    "engine_update": "20220707"
                },
                "CMC": {
                    "category": "undetected",
                    "engine_name": "CMC",
                    "engine_version": "2.10.2019.1",
                    "result": null,
                    "method": "blacklist",
                    "engine_update": "20220623"
                },
                "Sophos": {
                    "category": "undetected",
                    "engine_name": "Sophos",
                    "engine_version": "1.4.1.0",
                    "result": null,
                    "method": "blacklist",
                    "engine_update": "20220805"
                },
                "Paloalto": {
                    "category": "type-unsupported",
                    "engine_name": "Paloalto",
                    "engine_version": "0.9.0.1003",
                    "result": null,
                    "method": "blacklist",
                    "engine_update": "20220806"
                },
                "GData": {
                    "category": "undetected",
                    "engine_name": "GData",
                    "engine_version": "A:25.33679B:27.28341",
                    "result": null,
                    "method": "blacklist",
                    "engine_update": "20220806"
                },
                "Jiangmin": {
                    "category": "undetected",
                    "engine_name": "Jiangmin",
                    "engine_version": "16.0.100",
                    "result": null,
                    "method": "blacklist",
                    "engine_update": "20220806"
                },
                "Webroot": {
                    "category": "type-unsupported",
                    "engine_name": "Webroot",
                    "engine_version": "1.0.0.403",
                    "result": null,
                    "method": "blacklist",
                    "engine_update": "20220806"
                },
                "Avira": {
                    "category": "undetected",
                    "engine_name": "Avira",
                    "engine_version": "8.3.3.16",
                    "result": null,
                    "method": "blacklist",
                    "engine_update": "20220806"
                },
                "Antiy-AVL": {
                    "category": "undetected",
                    "engine_name": "Antiy-AVL",
                    "engine_version": "3.0",
                    "result": null,
                    "method": "blacklist",
                    "engine_update": "20220805"
                },
                "Kingsoft": {
                    "category": "undetected",
                    "engine_name": "Kingsoft",
                    "engine_version": "2017.9.26.565",
                    "result": null,
                    "method": "blacklist",
                    "engine_update": "20220806"
                },
                "Gridinsoft": {
                    "category": "undetected",
                    "engine_name": "Gridinsoft",
                    "engine_version": "1.0.89.174",
                    "result": null,
                    "method": "blacklist",
                    "engine_update": "20220806"
                },
                "Microsoft": {
                    "category": "undetected",
                    "engine_name": "Microsoft",
                    "engine_version": "1.1.19400.3",
                    "result": null,
                    "method": "blacklist",
                    "engine_update": "20220806"
                },
                "SUPERAntiSpyware": {
                    "category": "undetected",
                    "engine_name": "SUPERAntiSpyware",
                    "engine_version": "5.6.0.1032",
                    "result": null,
                    "method": "blacklist",
                    "engine_update": "20220730"
                },
                "ZoneAlarm": {
                    "category": "undetected",
                    "engine_name": "ZoneAlarm",
                    "engine_version": "1.0",
                    "result": null,
                    "method": "blacklist",
                    "engine_update": "20220806"
                },
                "Avast-Mobile": {
                    "category": "undetected",
                    "engine_name": "Avast-Mobile",
                    "engine_version": "220805-00",
                    "result": null,
                    "method": "blacklist",
                    "engine_update": "20220805"
                },
                "Cynet": {
                    "category": "undetected",
                    "engine_name": "Cynet",
                    "engine_version": "4.0.0.27",
                    "result": null,
                    "method": "blacklist",
                    "engine_update": "20220806"
                },
                "BitDefenderFalx": {
                    "category": "undetected",
                    "engine_name": "BitDefenderFalx",
                    "engine_version": "2.0.936",
                    "result": null,
                    "method": "blacklist",
                    "engine_update": "20220103"
                },
                "AhnLab-V3": {
                    "category": "undetected",
                    "engine_name": "AhnLab-V3",
                    "engine_version": "3.22.1.10283",
                    "result": null,
                    "method": "blacklist",
                    "engine_update": "20220806"
                },
                "Acronis": {
                    "category": "undetected",
                    "engine_name": "Acronis",
                    "engine_version": "1.2.0.108",
                    "result": null,
                    "method": "blacklist",
                    "engine_update": "20220426"
                },
                "McAfee": {
                    "category": "undetected",
                    "engine_name": "McAfee",
                    "engine_version": "6.0.6.653",
                    "result": null,
                    "method": "blacklist",
                    "engine_update": "20220806"
                },
                "MAX": {
                    "category": "undetected",
                    "engine_name": "MAX",
                    "engine_version": "2019.9.16.1",
                    "result": null,
                    "method": "blacklist",
                    "engine_update": "20220806"
                },
                "VBA32": {
                    "category": "undetected",
                    "engine_name": "VBA32",
                    "engine_version": "5.0.0",
                    "result": null,
                    "method": "blacklist",
                    "engine_update": "20220805"
                },
                "Cylance": {
                    "category": "type-unsupported",
                    "engine_name": "Cylance",
                    "engine_version": "2.3.1.101",
                    "result": null,
                    "method": "blacklist",
                    "engine_update": "20220806"
                },
                "Zoner": {
                    "category": "undetected",
                    "engine_name": "Zoner",
                    "engine_version": "2.2.2.0",
                    "result": null,
                    "method": "blacklist",
                    "engine_update": "20220805"
                },
                "Tencent": {
                    "category": "undetected",
                    "engine_name": "Tencent",
                    "engine_version": "1.0.0.1",
                    "result": null,
                    "method": "blacklist",
                    "engine_update": "20220806"
                },
                "Yandex": {
                    "category": "undetected",
                    "engine_name": "Yandex",
                    "engine_version": "5.5.2.24",
                    "result": null,
                    "method": "blacklist",
                    "engine_update": "20220725"
                },
                "Ikarus": {
                    "category": "undetected",
                    "engine_name": "Ikarus",
                    "engine_version": "6.0.26.0",
                    "result": null,
                    "method": "blacklist",
                    "engine_update": "20220805"
                },
                "MaxSecure": {
                    "category": "undetected",
                    "engine_name": "MaxSecure",
                    "engine_version": "1.0.0.1",
                    "result": null,
                    "method": "blacklist",
                    "engine_update": "20220806"
                },
                "Fortinet": {
                    "category": "undetected",
                    "engine_name": "Fortinet",
                    "engine_version": "6.4.258.0",
                    "result": null,
                    "method": "blacklist",
                    "engine_update": "20220806"
                },
                "AVG": {
                    "category": "timeout",
                    "engine_name": "AVG",
                    "engine_version": "21.1.5827.0",
                    "result": null,
                    "method": "blacklist",
                    "engine_update": "20220806"
                },
                "Cybereason": {
                    "category": "type-unsupported",
                    "engine_name": "Cybereason",
                    "engine_version": "1.2.449",
                    "result": null,
                    "method": "blacklist",
                    "engine_update": "20210330"
                },
                "Panda": {
                    "category": "undetected",
                    "engine_name": "Panda",
                    "engine_version": "4.6.4.2",
                    "result": null,
                    "method": "blacklist",
                    "engine_update": "20220805"
                },
                "CrowdStrike": {
                    "category": "type-unsupported",
                    "engine_name": "CrowdStrike",
                    "engine_version": "1.0",
                    "result": null,
                    "method": "blacklist",
                    "engine_update": "20220418"
                }
            },
            "sha256": "000003d3981dc548a772a30d688f424cfb88561a63a2dd888e7cf55171442946",
            "tags": [
                "apk",
                "android",
                "reflection",
                "telephony"
            ],
            "last_analysis_date": 1659762141,
            "unique_sources": 4,
            "first_submission_date": 1561452942,
            "sha1": "6ae9f138f7e0c63e5d58cc7e82fb05a50f041637",
            "ssdeep": "196608:nkhKNLmMrpdPf9kMq3W2iaMM9qeCHwui3rKQ9VebEB1BH8ydJHh+l2AS0e5U7Ucr:n1dH9um2x/OEebucy4l28",
            "bundle_info": {
                "highest_datetime": "1980-00-00 00:00:00",
                "lowest_datetime": "1980-00-00 00:00:00",
                "num_children": 2681,
                "extensions": {
                    "xml": 136,
                    "dex": 1,
                    "MF": 1,
                    "gz": 1,
                    "jpg": 11,
                    "RSA": 1,
                    "SF": 1,
                    "ttf": 3,
                    "png": 820
                },
                "file_types": {
                    "XML": 134,
                    "DEX": 1,
                    "unknown": 26,
                    "JPG": 17,
                    "HTML": 2,
                    "PNG": 820
                },
                "type": "APK",
                "uncompressed_size": 13719340
            },
            "packers": {
                "F-PROT": "appended, packed"
            },
            "md5": "f4789023733e41ee883208acbc956020",
            "androguard": {
                "VTAndroidInfo": 2.0,
                "AndroidApplicationError": false,
                "MinSdkVersion": "16",
                "AndroguardVersion": "4.0",
                "Activities": [
                    "com.safetravels.safetravelsmain.activity.SplashScreen",
                    "com.facebook.CustomTabActivity",
                    "com.safetravels.safetravelsmain.activity.HomeActivity",
                    "com.safetravels.safetravelsmain.activity.LoginActivity",
                    "com.safetravels.safetravelsmain.activity.ContactRequestActivity",
                    "com.safetravels.safetravelsmain.activity.TripInfoActivity",
                    "com.safetravels.safetravelsmain.activity.ConversationActivity",
                    "com.safetravels.safetravelsmain.activity.ActivityDetailActivity",
                    "com.safetravels.safetravelsmain.activity.SignUpActivity",
                    "com.safetravels.safetravelsmain.activity.LoginPromptActivity",
                    "com.safetravels.safetravelsmain.activity.ChangePasswordActivity",
                    "com.safetravels.safetravelsmain.activity.TourTutorialActivity",
                    "com.safetravels.safetravelsmain.activity.EmergencyContactDetailActivity",
                    "com.safetravels.safetravelsmain.activity.PrivacyPolicyActivity",
                    "com.safetravels.safetravelsmain.activity.TermsAndConditionsActivity",
                    "com.safetravels.safetravelsmain.activity.AddDocumentActivity",
                    "com.safetravels.safetravelsmain.activity.AddContactActivity",
                    "com.safetravels.safetravelsmain.activity.DocumentDetailActivity",
                    "com.safetravels.safetravelsmain.activity.ResetPasswordActivity",
                    "com.safetravels.safetravelsmain.activity.SendResetCodeActivity",
                    "com.safetravels.safetravelsmain.activity.MapActivity",
                    "com.safetravels.safetravelsmain.activity.DestinationGuideActivity",
                    "com.safetravels.safetravelsmain.activity.DestinationSectionActivity",
                    "com.safetravels.safetravelsmain.activity.DestinationSectionDetailActivity",
                    "com.safetravels.safetravelsmain.activity.AddEmergencyContactActivity",
                    "com.safetravels.safetravelsmain.activity.PassengerListActivity",
                    "com.safetravels.safetravelsmain.activity.ContactProfileActivity",
                    "com.safetravels.safetravelsmain.activity.EmergencyContactListActivity",
                    "com.safetravels.safetravelsmain.activity.CoverListActivity",
                    "com.safetravels.safetravelsmain.activity.PassengerDetailsActivity",
                    "com.safetravels.safetravelsmain.activity.FacebookLoginActivity",
                    "com.safetravels.safetravelsmain.activity.CacheSettingsActivity",
                    "com.safetravels.safetravelsmain.activity.NewsUpdatesActivity",
                    "com.safetravels.safetravelsmain.activity.ShowDocumentActivity",
                    "com.facebook.FacebookActivity",
                    "com.facebook.CustomTabMainActivity",
                    "com.google.android.gms.common.api.GoogleApiActivity",
                    "com.onesignal.PermissionsActivity"
                ],
                "certificate": {
                    "Subject": {
                        "DN": "C:AU, CN:Henco Burger, L:Melbourne, O:SafeTravels, ST:VIC, OU:IT Department",
                        "C": "AU",
                        "CN": "Henco Burger",
                        "L": "Melbourne",
                        "O": "SafeTravels",
                        "ST": "VIC",
                        "OU": "IT Department"
                    },
                    "validto": "3013-09-22 15:12:50",
                    "serialnumber": "7cc41642",
                    "thumbprint": "60325c71515d11e84c282f12418ac1c86a97abdb",
                    "validfrom": "2014-05-22 15:12:50",
                    "Issuer": {
                        "DN": "C:AU, CN:Henco Burger, L:Melbourne, O:SafeTravels, ST:VIC, OU:IT Department",
                        "C": "AU",
                        "CN": "Henco Burger",
                        "L": "Melbourne",
                        "O": "SafeTravels",
                        "ST": "VIC",
                        "OU": "IT Department"
                    }
                },
                "AndroidApplication": 1,
                "RiskIndicator": {
                    "APK": {
                        "DEX": 1
                    },
                    "PERM": {
                        "DANGEROUS": 4,
                        "NORMAL": 4,
                        "INSTANT": 3,
                        "INTERNET": 1,
                        "PRIVACY": 1
                    }
                },
                "Services": [
                    "com.safetravels.safetravelsmain.services.DownloadService",
                    "com.onesignal.GcmIntentService",
                    "com.onesignal.GcmIntentJobService",
                    "com.onesignal.RestoreJobService",
                    "com.onesignal.RestoreKickoffJobService",
                    "com.onesignal.SyncService",
                    "com.onesignal.SyncJobService",
                    "com.onesignal.NotificationRestoreService"
                ],
                "AndroidVersionCode": "400125",
                "main_activity": "com.safetravels.safetravelsmain.activity.SplashScreen",
                "Package": "com.safetravels.safetravelsmain",
                "intent_filters": {
                    "Activities": {
                        "com.safetravels.safetravelsmain.activity.SplashScreen": {
                            "action": [
                                "android.intent.action.MAIN"
                            ],
                            "category": [
                                "android.intent.category.LAUNCHER"
                            ]
                        },
                        "com.facebook.CustomTabActivity": {
                            "action": [
                                "android.intent.action.VIEW"
                            ],
                            "category": [
                                "android.intent.category.DEFAULT",
                                "android.intent.category.BROWSABLE"
                            ]
                        }
                    },
                    "Receivers": {
                        "com.onesignal.GcmBroadcastReceiver": {
                            "action": [
                                "com.google.android.c2dm.intent.RECEIVE"
                            ],
                            "category": [
                                "com.safetravels.safetravelsmain"
                            ]
                        },
                        "com.onesignal.BootUpReceiver": {
                            "action": [
                                "android.intent.action.BOOT_COMPLETED",
                                "android.intent.action.QUICKBOOT_POWERON"
                            ]
                        },
                        "com.onesignal.UpgradeReceiver": {
                            "action": [
                                "android.intent.action.MY_PACKAGE_REPLACED"
                            ]
                        }
                    }
                },
                "AndroidVersionName": "40.2",
                "TargetSdkVersion": "27",
                "AndroidApplicationInfo": "APK",
                "Providers": [
                    "com.facebook.internal.FacebookInitProvider"
                ],
                "permission_details": {
                    "com.huawei.android.launcher.permission.WRITE_SETTINGS": {
                        "short_description": "Unknown permission from android reference",
                        "full_description": "Unknown permission from android reference",
                        "permission_type": "normal"
                    },
                    "com.huawei.android.launcher.permission.CHANGE_BADGE": {
                        "short_description": "Unknown permission from android reference",
                        "full_description": "Unknown permission from android reference",
                        "permission_type": "normal"
                    },
                    "android.permission.INTERNET": {
                        "short_description": "have full network access",
                        "full_description": "Allows the app to create\n     network sockets and use custom network protocols. The browser and other\n     applications provide means to send data to the internet, so this\n     permission is not required to send data to the internet.",
                        "permission_type": "normal|instant"
                    },
                    "com.oppo.launcher.permission.READ_SETTINGS": {
                        "short_description": "Unknown permission from android reference",
                        "full_description": "Unknown permission from android reference",
                        "permission_type": "normal"
                    },
                    "com.sec.android.provider.badge.permission.WRITE": {
                        "short_description": "Unknown permission from android reference",
                        "full_description": "Unknown permission from android reference",
                        "permission_type": "normal"
                    },
                    "com.majeur.launcher.permission.UPDATE_BADGE": {
                        "short_description": "Unknown permission from android reference",
                        "full_description": "Unknown permission from android reference",
                        "permission_type": "normal"
                    },
                    "com.google.android.c2dm.permission.RECEIVE": {
                        "short_description": "Unknown permission from android reference",
                        "full_description": "Unknown permission from android reference",
                        "permission_type": "normal"
                    },
                    "android.permission.ACCESS_NETWORK_STATE": {
                        "short_description": "view network connections",
                        "full_description": "Allows the app to view\n      information about network connections such as which networks exist and are\n      connected.",
                        "permission_type": "normal|instant"
                    },
                    "me.everything.badger.permission.BADGE_COUNT_READ": {
                        "short_description": "Unknown permission from android reference",
                        "full_description": "Unknown permission from android reference",
                        "permission_type": "normal"
                    },
                    "com.htc.launcher.permission.UPDATE_SHORTCUT": {
                        "short_description": "Unknown permission from android reference",
                        "full_description": "Unknown permission from android reference",
                        "permission_type": "normal"
                    },
                    "com.htc.launcher.permission.READ_SETTINGS": {
                        "short_description": "Unknown permission from android reference",
                        "full_description": "Unknown permission from android reference",
                        "permission_type": "normal"
                    },
                    "me.everything.badger.permission.BADGE_COUNT_WRITE": {
                        "short_description": "Unknown permission from android reference",
                        "full_description": "Unknown permission from android reference",
                        "permission_type": "normal"
                    },
                    "android.permission.WRITE_EXTERNAL_STORAGE": {
                        "short_description": "modify or delete the contents of your SD card",
                        "full_description": "Allows the app to write to the SD card.",
                        "permission_type": "dangerous"
                    },
                    "android.permission.READ_EXTERNAL_STORAGE": {
                        "short_description": "read the contents of your SD card",
                        "full_description": "Allows the app to read the contents of your SD card.",
                        "permission_type": "dangerous"
                    },
                    "android.permission.RECEIVE_BOOT_COMPLETED": {
                        "short_description": "run at startup",
                        "full_description": "Allows the app to\n        have itself started as soon as the system has finished booting.\n        This can make it take longer to start the phone and allow the\n        app to slow down the overall phone by always running.",
                        "permission_type": "normal"
                    },
                    "com.anddoes.launcher.permission.UPDATE_COUNT": {
                        "short_description": "Unknown permission from android reference",
                        "full_description": "Unknown permission from android reference",
                        "permission_type": "normal"
                    },
                    "com.sonymobile.home.permission.PROVIDER_INSERT_BADGE": {
                        "short_description": "Unknown permission from android reference",
                        "full_description": "Unknown permission from android reference",
                        "permission_type": "normal"
                    },
                    "android.permission.CALL_PHONE": {
                        "short_description": "directly call phone numbers",
                        "full_description": "Allows the app to call phone numbers\n      without your intervention. This may result in unexpected charges or calls.\n      Note that this doesn't allow the app to call emergency numbers.\n      Malicious apps may cost you money by making calls without your\n      confirmation.",
                        "permission_type": "dangerous"
                    },
                    "android.permission.READ_PHONE_STATE": {
                        "short_description": "read phone status and identity",
                        "full_description": "Allows the app to access the phone\n      features of the device.  This permission allows the app to determine the\n      phone number and device IDs, whether a call is active, and the remote number\n      connected by a call.",
                        "permission_type": "dangerous"
                    },
                    "com.oppo.launcher.permission.WRITE_SETTINGS": {
                        "short_description": "Unknown permission from android reference",
                        "full_description": "Unknown permission from android reference",
                        "permission_type": "normal"
                    },
                    "android.permission.VIBRATE": {
                        "short_description": "control vibration",
                        "full_description": "Allows the app to control the vibrator.",
                        "permission_type": "normal|instant"
                    },
                    "com.huawei.android.launcher.permission.READ_SETTINGS": {
                        "short_description": "Unknown permission from android reference",
                        "full_description": "Unknown permission from android reference",
                        "permission_type": "normal"
                    },
                    "android.permission.WAKE_LOCK": {
                        "short_description": "prevent phone from sleeping",
                        "full_description": "Allows the app to prevent the phone from going to sleep.",
                        "permission_type": "normal|instant"
                    },
                    "com.safetravels.safetravelsmain.permission.C2D_MESSAGE": {
                        "short_description": "Unknown permission from android reference",
                        "full_description": "Unknown permission from android reference",
                        "permission_type": "normal"
                    },
                    "android.permission.CLEAR_APP_CACHE": {
                        "short_description": "delete all app cache data",
                        "full_description": "Allows the app to free phone storage\n        by deleting files in app cache directory. Access is very\n        restricted usually to system process.",
                        "permission_type": "dangerous"
                    },
                    "com.sonyericsson.home.permission.BROADCAST_BADGE": {
                        "short_description": "Unknown permission from android reference",
                        "full_description": "Unknown permission from android reference",
                        "permission_type": "normal"
                    },
                    "com.sec.android.provider.badge.permission.READ": {
                        "short_description": "Unknown permission from android reference",
                        "full_description": "Unknown permission from android reference",
                        "permission_type": "normal"
                    },
                    "android.permission.READ_APP_BADGE": {
                        "short_description": "Unknown permission from android reference",
                        "full_description": "Unknown permission from android reference",
                        "permission_type": "normal"
                    }
                },
                "Receivers": [
                    "com.onesignal.GcmBroadcastReceiver",
                    "com.onesignal.NotificationOpenedReceiver",
                    "com.onesignal.BootUpReceiver",
                    "com.onesignal.UpgradeReceiver"
                ],
                "StringsInformation": [
                    "http://apilayer.net/api/",
                    "http://drive.google.com/viewerng/viewer?embedded=true&url=",
                    "http://localhost/",
                    "http://maps.google.com/maps?&daddr=",
                    "http://maps.google.com/maps?q=loc:",
                    "http://maps.google.com/maps?saddr=",
                    "http://play.google.com/store/apps/details?id=com.facebook.orca",
                    "http://schemas.android.com/apk/res/android",
                    "http://www.example.com",
                    "http://www.slf4j.org/codes.html",
                    "http://www.slf4j.org/codes.html#StaticLoggerBinder",
                    "http://www.slf4j.org/codes.html#loggerNameMismatch",
                    "http://www.slf4j.org/codes.html#multiple_bindings",
                    "http://www.slf4j.org/codes.html#no_static_mdc_binder",
                    "http://www.slf4j.org/codes.html#null_LF",
                    "http://www.slf4j.org/codes.html#null_MDCA",
                    "http://www.slf4j.org/codes.html#replay",
                    "http://www.slf4j.org/codes.html#substituteLogger",
                    "http://www.slf4j.org/codes.html#unsuccessfulInit",
                    "http://www.slf4j.org/codes.html#version_mismatch",
                    "https://.facebook.com",
                    "https://api.arrivalguides.com/api/",
                    "https://facebook.com",
                    "https://facebook.com/device?user_code=%1$s&qr=1",
                    "https://graph-video.%s",
                    "https://graph.%s",
                    "https://newapi.safetravels.com",
                    "https://onesignal.com/android_frame.html",
                    "https://onesignal.com/api/v1/",
                    "https://onesignal.com/api/v1/notifications",
                    "https://pagead2.googlesyndication.com/pagead/gen_204?id=gmob-apps",
                    "https://plus.google.com/",
                    "https://s3-us-west-2.amazonaws.com/",
                    "https://www.googleapis.com/auth/appstate",
                    "https://www.googleapis.com/auth/datastoremobile",
                    "https://www.googleapis.com/auth/drive.appdata",
                    "https://www.googleapis.com/auth/drive.file",
                    "https://www.googleapis.com/auth/fitness.activity.read",
                    "https://www.googleapis.com/auth/fitness.activity.write",
                    "https://www.googleapis.com/auth/fitness.body.read",
                    "https://www.googleapis.com/auth/fitness.body.write",
                    "https://www.googleapis.com/auth/fitness.location.read",
                    "https://www.googleapis.com/auth/fitness.location.write",
                    "https://www.googleapis.com/auth/fitness.nutrition.read",
                    "https://www.googleapis.com/auth/fitness.nutrition.write",
                    "https://www.googleapis.com/auth/games",
                    "https://www.googleapis.com/auth/games_lite",
                    "https://www.googleapis.com/auth/plus.login",
                    "https://www.googleapis.com/auth/plus.me"
                ]
            },
            "magic": "Zip archive data",
            "last_analysis_stats": {
                "harmless": 0,
                "type-unsupported": 10,
                "suspicious": 0,
                "confirmed-timeout": 0,
                "timeout": 1,
                "failure": 0,
                "malicious": 0,
                "undetected": 64
            },
            "meaningful_name": "000003D3981DC548A772A30D688F424CFB88561A63A2DD888E7CF55171442946.apk",
            "reputation": 0
        },
        "type": "file",
        "id": "000003d3981dc548a772a30d688f424cfb88561a63a2dd888e7cf55171442946",
        "links": {
            "self": "https://www.virustotal.com/api/v3/files/000003d3981dc548a772a30d688f424cfb88561a63a2dd888e7cf55171442946"
        }
    }
}