{
    "data": {
        "attributes": {
            "type_description": "Android",
            "tlsh": "T1E0A7C05A872146BCE76818F4CE9731904BE48D426FC249BEBA7D7E1C9BB62CE1301F51",
            "vhash": "e073036ccd41eba83493f4c0d31ff879",
            "trid": [
                {
                    "file_type": "Android Package",
                    "probability": 43.5
                },
                {
                    "file_type": "Opera Widget",
                    "probability": 15.8
                },
                {
                    "file_type": "Java Archive",
                    "probability": 15.2
                },
                {
                    "file_type": "Sweet Home 3D design (generic)",
                    "probability": 11.8
                },
                {
                    "file_type": "Mozilla Archive Format (gen)",
                    "probability": 7.9
                }
            ],
            "crowdsourced_yara_results": [
                {
                    "description": "This signature identifies Adobe Extensible Metadata Platform (XMP) identifiers embedded within files. Defined as a standard for mapping graphical asset relationships, XMP allows for tracking of both parent-child relationships and individual revisions. There are three categories of identifiers: original document, document, and instance. Generally, XMP data is stored in XML format, updated on save/copy, and embedded within the graphical asset. These identifiers can be used to track both malicious and benign graphics within common Microsoft and Adobe document lures.",
                    "source": "https://github.com/InQuest/yara-rules-vt",
                    "author": "InQuest Labs",
                    "ruleset_name": "Adobe_XMP_Identifier",
                    "rule_name": "Adobe_XMP_Identifier",
                    "ruleset_id": "0121ae37cc"
                },
                {
                    "description": "This signature fires on the presence of Base64 encoded URI prefixes (http:// and https://) across any file. The simple presence of such strings is not inherently an indicator of malicious content, but is worth further investigation.",
                    "source": "https://github.com/InQuest/yara-rules-vt",
                    "author": "InQuest Labs",
                    "ruleset_name": "Base64_Encoded_URL",
                    "rule_name": "Base64_Encoded_URL",
                    "ruleset_id": "0122bae1e9"
                }
            ],
            "names": [],
            "last_modification_date": 1651219766,
            "type_tag": "android",
            "times_submitted": 1,
            "total_votes": {
                "harmless": 0,
                "malicious": 0
            },
            "size": 47187844,
            "type_extension": "apk",
            "last_submission_date": 1647778238,
            "reputation": 0,
            "sha256": "00017cb38ee0e8900a34225bf29783ad3f72b12f129bebed4b7d24d4c99fc5f0",
            "tags": [
                "reflection",
                "apk",
                "runtime-modules",
                "contains-elf",
                "telephony",
                "android"
            ],
            "last_analysis_date": 1648703407,
            "unique_sources": 1,
            "first_submission_date": 1647778238,
            "sha1": "ad0293690aa2aa59fefae1df0a4e2347a975b7f3",
            "ssdeep": "786432:waMHIqrG4onZi0TU+iKbmcsCo4LMMOsVINDH/YZj:/CaJ7jJbnsCojw6Yh",
            "bundle_info": {
                "highest_datetime": "1981-01-01 01:01:02",
                "lowest_datetime": "1981-01-01 01:01:02",
                "num_children": 4839,
                "extensions": {
                    "xml": 1,
                    "bin": 1,
                    "js": 2,
                    "dat": 1,
                    "dex": 1,
                    "txt": 2,
                    "png": 967
                },
                "file_types": {
                    "XML": 1,
                    "DEX": 1,
                    "unknown": 10,
                    "ELF": 1,
                    "Java Bytecode": 1,
                    "JSON": 19,
                    "PNG": 967
                },
                "type": "APK",
                "uncompressed_size": 5659846
            },
            "md5": "cfed67b44beedb2a0fcbe6fda55bfd54",
            "androguard": {
                "VTAndroidInfo": 2.0,
                "Libraries": [
                    "com.google.android.maps",
                    "org.apache.http.legacy",
                    "com.sec.android.app.multiwindow"
                ],
                "AndroidApplicationError": false,
                "MinSdkVersion": "19",
                "AndroguardVersion": "3.4.0a1",
                "Activities": [
                    "org.telegram.ui.LaunchActivity",
                    "org.telegram.ui.BubbleActivity",
                    "org.telegram.ui.ShareActivity",
                    "org.telegram.ui.ExternalActionActivity",
                    "org.telegram.ui.ChatsWidgetConfigActivity",
                    "org.telegram.ui.ContactsWidgetConfigActivity",
                    "org.telegram.ui.IntroActivity",
                    "org.telegram.messenger.OpenChatReceiver",
                    "org.telegram.ui.PopupNotificationActivity",
                    "org.telegram.messenger.GoogleVoiceClientActivity",
                    "org.telegram.ui.VoIPPermissionActivity",
                    "org.telegram.ui.VoIPFeedbackActivity",
                    "com.google.android.gms.ads.AdActivity",
                    "com.onesignal.PermissionsActivity",
                    "com.appsgeyser.sdk.ui.AboutDialogActivity",
                    "com.google.android.gms.common.api.GoogleApiActivity",
                    "com.appsgeyser.sdk.push.MessageViewer",
                    "com.appsgeyser.sdk.PausedContentInfoActivity",
                    "com.appsgeyser.sdk.datasdk.DataSdkActivity",
                    "com.appnext.ads.interstitial.InterstitialActivity",
                    "com.appnext.ads.fullscreen.FullscreenActivity",
                    "com.mopub.mobileads.MoPubActivity",
                    "com.mopub.mobileads.MraidActivity",
                    "com.mopub.common.MoPubBrowser",
                    "com.mopub.mobileads.MraidVideoPlayerActivity",
                    "com.mopub.mobileads.RewardedMraidActivity",
                    "com.startapp.android.publish.ads.list3d.List3DActivity",
                    "com.startapp.android.publish.adsCommon.activities.OverlayActivity",
                    "com.startapp.android.publish.adsCommon.activities.FullScreenActivity",
                    "com.criteo.publisher.CriteoInterstitialActivity",
                    "com.mopub.mobileads.MoPubFullscreenActivity",
                    "com.mopub.common.privacy.ConsentDialogActivity",
                    "com.onesignal.NotificationOpenedActivityHMS",
                    "com.amazon.device.ads.DTBInterstitialActivity",
                    "com.amazon.device.ads.DTBAdActivity",
                    "com.google.android.gms.auth.api.signin.internal.SignInHubActivity",
                    "com.my.target.common.MyTargetActivity",
                    "com.appodeal.ads.VideoPlayerActivity",
                    "com.appodeal.ads.TestActivity",
                    "com.ironsource.sdk.controller.ControllerActivity",
                    "com.ironsource.sdk.controller.InterstitialActivity",
                    "com.ironsource.sdk.controller.OpenUrlActivity",
                    "com.facebook.ads.AudienceNetworkActivity",
                    "com.appnext.banners.BannerActivity",
                    "com.tappx.sdk.android.AdActivity",
                    "com.tappx.sdk.android.InterstitialAdActivity",
                    "com.tappx.sdk.android.VideoAdActivity",
                    "com.tappx.sdk.android.PrivacyConsentActivity",
                    "io.bidmachine.nativead.view.VideoPlayerActivity",
                    "com.explorestack.iab.mraid.MraidActivity",
                    "com.explorestack.iab.vast.activity.VastActivity",
                    "com.adcolony.sdk.AdColonyInterstitialActivity",
                    "com.adcolony.sdk.AdColonyAdViewActivity",
                    "com.applovin.adview.AppLovinFullscreenActivity",
                    "com.applovin.sdk.AppLovinWebViewActivity",
                    "com.applovin.mediation.MaxDebuggerActivity",
                    "com.applovin.mediation.MaxDebuggerDetailActivity",
                    "com.applovin.mediation.MaxDebuggerMultiAdActivity",
                    "com.applovin.mediation.MaxDebuggerAdUnitsListActivity",
                    "com.applovin.mediation.MaxDebuggerAdUnitDetailActivity",
                    "com.applovin.mediation.MaxDebuggerTestLiveNetworkActivity",
                    "com.appnext.core.ResultActivity",
                    "com.appnext.core.result.ResultPageActivity",
                    "com.bytedance.sdk.openadsdk.activity.TTLandingPageActivity",
                    "com.bytedance.sdk.openadsdk.activity.TTPlayableLandingPageActivity",
                    "com.bytedance.sdk.openadsdk.activity.TTVideoLandingPageActivity",
                    "com.bytedance.sdk.openadsdk.activity.TTRewardVideoActivity",
                    "com.bytedance.sdk.openadsdk.activity.TTRewardExpressVideoActivity",
                    "com.bytedance.sdk.openadsdk.activity.TTFullScreenVideoActivity",
                    "com.bytedance.sdk.openadsdk.activity.TTFullScreenExpressVideoActivity",
                    "com.bytedance.sdk.openadsdk.activity.TTDelegateActivity",
                    "com.bytedance.sdk.openadsdk.activity.TTWebsiteActivity",
                    "com.bytedance.sdk.openadsdk.adapter.PangleAdInterstitialActivity"
                ],
                "certificate": {
                    "Subject": {
                        "DN": "C:US, CN:Android, L:Mountain View, O:Google Inc., ST:California, OU:Android",
                        "C": "US",
                        "CN": "Android",
                        "L": "Mountain View",
                        "O": "Google Inc.",
                        "ST": "California",
                        "OU": "Android"
                    },
                    "validto": "2049-08-02 13:11:30",
                    "serialnumber": "f1887ff905f83cf04f246ee860a5a33986b1803a",
                    "thumbprint": "419c04f9ce4ef9168736ef7189a79e52d4a3ec36",
                    "validfrom": "2019-08-02 13:11:30",
                    "Issuer": {
                        "DN": "C:US, CN:Android, L:Mountain View, O:Google Inc., ST:California, OU:Android",
                        "C": "US",
                        "CN": "Android",
                        "L": "Mountain View",
                        "O": "Google Inc.",
                        "ST": "California",
                        "OU": "Android"
                    }
                },
                "AndroidApplication": 1,
                "RiskIndicator": {
                    "APK": {
                        "DEX": 1,
                        "SHARED LIBRARIES": 1
                    },
                    "PERM": {
                        "DEVELOPMENT": 1,
                        "INSTANT": 4,
                        "PRIVACY": 11,
                        "DANGEROUS": 3,
                        "NORMAL": 19,
                        "SIGNATURE": 2,
                        "PREINSTALLED": 1,
                        "APPOP": 2,
                        "PRE23": 1,
                        "INTERNET": 1,
                        "GPS": 2
                    }
                },
                "Services": [
                    "org.telegram.messenger.GcmPushListenerService",
                    "com.google.android.gms.measurement.AppMeasurementService",
                    "org.telegram.messenger.AuthenticatorService",
                    "org.telegram.messenger.ContactsSyncAdapterService",
                    "org.telegram.messenger.KeepAliveJob",
                    "org.telegram.messenger.BringAppForegroundService",
                    "org.telegram.messenger.NotificationsService",
                    "org.telegram.messenger.NotificationRepeat",
                    "org.telegram.messenger.VideoEncodingService",
                    "org.telegram.messenger.ImportingService",
                    "org.telegram.messenger.LocationSharingService",
                    "org.telegram.messenger.voip.VoIPService",
                    "org.telegram.messenger.GoogleVoiceClientService",
                    "org.telegram.messenger.MusicPlayerService",
                    "org.telegram.messenger.MusicBrowserService",
                    "org.telegram.messenger.voip.TelegramConnectionService",
                    "org.telegram.messenger.ChatsWidgetService",
                    "org.telegram.messenger.ContactsWidgetService",
                    "com.onesignal.GcmIntentService",
                    "com.onesignal.SyncService",
                    "com.onesignal.NotificationRestoreService",
                    "com.appsgeyser.sdk.push.AlarmService",
                    "com.yandex.metrica.MetricaService",
                    "org.altbeacon.beacon.service.BeaconService",
                    "org.altbeacon.beacon.BeaconIntentProcessor",
                    "org.altbeacon.beacon.service.ScanJob",
                    "org.altbeacon.bluetooth.BluetoothTestJob",
                    "com.appnext.core.AdsService",
                    "com.appnext.base.services.OperationService",
                    "com.startapp.android.publish.common.metaData.PeriodicMetaDataService",
                    "com.startapp.android.publish.common.metaData.InfoEventService",
                    "com.startapp.android.publish.common.metaData.PeriodicJobService",
                    "androidx.sharetarget.ChooserTargetServiceCompat",
                    "com.google.firebase.messaging.FirebaseMessagingService",
                    "com.google.firebase.components.ComponentDiscoveryService",
                    "com.onesignal.HmsMessageServiceOneSignal",
                    "com.onesignal.GcmIntentJobService",
                    "com.onesignal.RestoreJobService",
                    "com.onesignal.RestoreKickoffJobService",
                    "com.onesignal.SyncJobService",
                    "com.google.android.gms.auth.api.signin.RevocationBoundService",
                    "com.google.android.gms.ads.AdService",
                    "androidx.work.impl.background.systemalarm.SystemAlarmService",
                    "androidx.work.impl.background.systemjob.SystemJobService",
                    "androidx.work.impl.foreground.SystemForegroundService",
                    "com.google.android.datatransport.runtime.backends.TransportBackendDiscovery",
                    "com.google.android.datatransport.runtime.scheduling.jobscheduling.JobInfoSchedulerService",
                    "androidx.room.MultiInstanceInvalidationService",
                    "com.applovin.impl.sdk.utils.AppKilledService",
                    "com.applovin.impl.adview.activity.FullscreenAdService",
                    "com.appnext.base.services.OperationJobService",
                    "com.bytedance.sdk.openadsdk.multipro.aidl.BinderPoolService"
                ],
                "AndroidVersionCode": "1556033433",
                "main_activity": "org.telegram.ui.LaunchActivity",
                "Package": "com.wPlusMessengerUltra_9349071",
                "intent_filters": {
                    "Services": {
                        "com.onesignal.HmsMessageServiceOneSignal": {
                            "action": [
                                "com.huawei.push.action.MESSAGING_EVENT"
                            ]
                        },
                        "com.yandex.metrica.MetricaService": {
                            "action": [
                                "com.yandex.metrica.IMetricaService"
                            ],
                            "category": [
                                "android.intent.category.DEFAULT"
                            ]
                        },
                        "com.google.firebase.messaging.FirebaseMessagingService": {
                            "action": [
                                "com.google.firebase.MESSAGING_EVENT"
                            ]
                        },
                        "org.telegram.messenger.MusicBrowserService": {
                            "action": [
                                "android.media.browse.MediaBrowserService"
                            ]
                        },
                        "org.telegram.messenger.GcmPushListenerService": {
                            "action": [
                                "com.google.firebase.MESSAGING_EVENT"
                            ]
                        },
                        "androidx.sharetarget.ChooserTargetServiceCompat": {
                            "action": [
                                "android.service.chooser.ChooserTargetService"
                            ]
                        },
                        "org.telegram.messenger.ContactsSyncAdapterService": {
                            "action": [
                                "android.content.SyncAdapter"
                            ]
                        },
                        "org.telegram.messenger.AuthenticatorService": {
                            "action": [
                                "android.accounts.AccountAuthenticator"
                            ]
                        },
                        "org.telegram.messenger.voip.TelegramConnectionService": {
                            "action": [
                                "android.telecom.ConnectionService"
                            ]
                        }
                    },
                    "Activities": {
                        "org.telegram.messenger.GoogleVoiceClientActivity": {
                            "action": [
                                "com.google.android.voicesearch.SEND_MESSAGE_TO_CONTACTS"
                            ],
                            "category": [
                                "android.intent.category.DEFAULT"
                            ]
                        },
                        "com.onesignal.NotificationOpenedActivityHMS": {
                            "action": [
                                "android.intent.action.VIEW"
                            ]
                        },
                        "org.telegram.ui.LaunchActivity": {
                            "action": [
                                "android.intent.action.MAIN",
                                "android.intent.action.SEND",
                                "android.intent.action.SEND_MULTIPLE",
                                "android.intent.action.VIEW",
                                "org.telegram.messenger.CREATE_STICKER_PACK"
                            ],
                            "category": [
                                "android.intent.category.LAUNCHER",
                                "android.intent.category.MULTIWINDOW_LAUNCHER",
                                "android.intent.category.DEFAULT",
                                "android.intent.category.BROWSABLE"
                            ]
                        },
                        "com.appsgeyser.sdk.ui.AboutDialogActivity": {
                            "action": [
                                "android.intent.action.VIEW"
                            ],
                            "category": [
                                "android.intent.category.DEFAULT"
                            ]
                        },
                        "org.telegram.ui.ContactsWidgetConfigActivity": {
                            "action": [
                                "android.appwidget.action.APPWIDGET_CONFIGURE"
                            ]
                        },
                        "org.telegram.ui.ShareActivity": {
                            "action": [
                                "android.intent.action.VIEW"
                            ],
                            "category": [
                                "android.intent.category.BROWSABLE",
                                "android.intent.category.DEFAULT"
                            ]
                        },
                        "org.telegram.ui.ChatsWidgetConfigActivity": {
                            "action": [
                                "android.appwidget.action.APPWIDGET_CONFIGURE"
                            ]
                        },
                        "org.telegram.ui.ExternalActionActivity": {
                            "action": [
                                "org.telegram.passport.AUTHORIZE"
                            ],
                            "category": [
                                "android.intent.category.DEFAULT"
                            ]
                        }
                    },
                    "Receivers": {
                        "androidx.work.impl.background.systemalarm.ConstraintProxy$BatteryNotLowProxy": {
                            "action": [
                                "android.intent.action.BATTERY_OKAY",
                                "android.intent.action.BATTERY_LOW"
                            ]
                        },
                        "com.google.android.gms.measurement.AppMeasurementReceiver": {
                            "action": [
                                "com.google.android.gms.measurement.UPLOAD"
                            ]
                        },
                        "org.telegram.messenger.RefererReceiver": {
                            "action": [
                                "com.android.vending.INSTALL_REFERRER"
                            ]
                        },
                        "androidx.work.impl.background.systemalarm.ConstraintProxy$BatteryChargingProxy": {
                            "action": [
                                "android.intent.action.ACTION_POWER_CONNECTED",
                                "android.intent.action.ACTION_POWER_DISCONNECTED"
                            ]
                        },
                        "com.appodeal.ads.AppodealPackageAddedReceiver": {
                            "action": [
                                "android.intent.action.PACKAGE_ADDED"
                            ]
                        },
                        "com.appsgeyser.sdk.datasdk.DataSdksReceiver": {
                            "action": [
                                "android.intent.action.BOOT_COMPLETED"
                            ]
                        },
                        "org.telegram.messenger.MusicPlayerReceiver": {
                            "action": [
                                "org.telegram.android.musicplayer.close",
                                "org.telegram.android.musicplayer.pause",
                                "org.telegram.android.musicplayer.next",
                                "org.telegram.android.musicplayer.play",
                                "org.telegram.android.musicplayer.previous",
                                "android.intent.action.MEDIA_BUTTON",
                                "android.media.AUDIO_BECOMING_NOISY"
                            ]
                        },
                        "androidx.work.impl.diagnostics.DiagnosticsReceiver": {
                            "action": [
                                "androidx.work.diagnostics.REQUEST_DIAGNOSTICS"
                            ]
                        },
                        "org.telegram.messenger.AutoMessageReplyReceiver": {
                            "action": [
                                "org.telegram.messenger.ACTION_MESSAGE_REPLY"
                            ]
                        },
                        "com.onesignal.UpgradeReceiver": {
                            "action": [
                                "android.intent.action.MY_PACKAGE_REPLACED"
                            ]
                        },
                        "com.yandex.metrica.MetricaEventHandler": {
                            "action": [
                                "com.android.vending.INSTALL_REFERRER"
                            ]
                        },
                        "androidx.work.impl.background.systemalarm.ConstraintProxy$NetworkStateProxy": {
                            "action": [
                                "android.net.conn.CONNECTIVITY_CHANGE"
                            ]
                        },
                        "androidx.work.impl.background.systemalarm.ConstraintProxyUpdateReceiver": {
                            "action": [
                                "androidx.work.impl.background.systemalarm.UpdateProxies"
                            ]
                        },
                        "com.onesignal.GcmBroadcastReceiver": {
                            "action": [
                                "com.google.android.c2dm.intent.RECEIVE"
                            ],
                            "category": [
                                "com.spitchenko.appsgeyser",
                                "org.telegram.messenger"
                            ]
                        },
                        "com.startapp.android.publish.common.metaData.BootCompleteListener": {
                            "action": [
                                "android.intent.action.BOOT_COMPLETED"
                            ]
                        },
                        "com.appnext.base.receivers.AppnextBootReciever": {
                            "action": [
                                "android.intent.action.BOOT_COMPLETED"
                            ]
                        },
                        "com.appsgeyser.sdk.push.PushStarterReceiver": {
                            "action": [
                                "android.intent.action.BOOT_COMPLETED",
                                "android.intent.action.QUICKBOOT_POWERON",
                                "com.htc.intent.action.QUICKBOOT_POWERON",
                                "android.intent.action.REBOOT"
                            ]
                        },
                        "org.telegram.messenger.NotificationsDisabledReceiver": {
                            "action": [
                                "android.app.action.NOTIFICATION_CHANNEL_BLOCK_STATE_CHANGED"
                            ]
                        },
                        "androidx.work.impl.background.systemalarm.ConstraintProxy$StorageNotLowProxy": {
                            "action": [
                                "android.intent.action.DEVICE_STORAGE_LOW",
                                "android.intent.action.DEVICE_STORAGE_OK"
                            ]
                        },
                        "org.telegram.messenger.voip.VoIPMediaButtonReceiver": {
                            "action": [
                                "android.intent.action.MEDIA_BUTTON"
                            ]
                        },
                        "com.onesignal.BootUpReceiver": {
                            "action": [
                                "android.intent.action.BOOT_COMPLETED",
                                "android.intent.action.QUICKBOOT_POWERON"
                            ]
                        },
                        "androidx.work.impl.background.systemalarm.RescheduleReceiver": {
                            "action": [
                                "android.intent.action.BOOT_COMPLETED",
                                "android.intent.action.TIME_SET",
                                "android.intent.action.TIMEZONE_CHANGED"
                            ]
                        },
                        "com.google.firebase.iid.FirebaseInstanceIdReceiver": {
                            "action": [
                                "com.google.android.c2dm.intent.RECEIVE"
                            ]
                        },
                        "org.telegram.messenger.AutoMessageHeardReceiver": {
                            "action": [
                                "org.telegram.messenger.ACTION_MESSAGE_HEARD"
                            ]
                        },
                        "org.telegram.messenger.AppStartReceiver": {
                            "action": [
                                "org.telegram.start",
                                "android.intent.action.BOOT_COMPLETED"
                            ]
                        }
                    }
                },
                "AndroidVersionName": "1.0.14",
                "TargetSdkVersion": "30",
                "AndroidApplicationInfo": "APK",
                "Providers": [
                    "androidx.core.content.FileProvider",
                    "org.telegram.messenger.NotificationImageProvider",
                    "org.telegram.messenger.voip.CallNotificationSoundProvider",
                    "com.appodeal.ads.adapters.bidmachine.ApdBidMachineContentProvider",
                    "com.google.firebase.provider.FirebaseInitProvider",
                    "com.my.target.common.MyTargetContentProvider",
                    "com.google.android.gms.ads.MobileAdsInitProvider",
                    "androidx.startup.InitializationProvider",
                    "com.squareup.picasso.PicassoProvider",
                    "com.appodeal.ads.ApdContentProvider",
                    "com.ironsource.lifecycle.IronsourceLifecycleProvider",
                    "com.facebook.ads.AudienceNetworkContentProvider",
                    "com.appodeal.ads.services.crash_hunter.ApdCrashHunterContentProvider",
                    "com.appodeal.ads.services.event_service.ApdEventContentProvider",
                    "com.applovin.sdk.AppLovinInitProvider",
                    "com.bytedance.sdk.openadsdk.multipro.TTMultiProvider"
                ],
                "permission_details": {
                    "android.permission.READ_SYNC_SETTINGS": {
                        "short_description": "read sync settings",
                        "full_description": "Allows the app to read the sync settings for an account. For example, this can determine whether the People app is synced with an account.",
                        "permission_type": "normal"
                    },
                    "com.huawei.android.launcher.permission.WRITE_SETTINGS": {
                        "short_description": "Unknown permission from android reference",
                        "full_description": "Unknown permission from android reference",
                        "permission_type": "normal"
                    },
                    "com.google.android.providers.gsf.permission.READ_GSERVICES": {
                        "short_description": "Unknown permission from android reference",
                        "full_description": "Unknown permission from android reference",
                        "permission_type": "normal"
                    },
                    "android.permission.QUICKBOOT_POWERON": {
                        "short_description": "Unknown permission from android reference",
                        "full_description": "Unknown permission from android reference",
                        "permission_type": "normal"
                    },
                    "android.permission.USE_FULL_SCREEN_INTENT": {
                        "short_description": "",
                        "full_description": "",
                        "permission_type": "normal"
                    },
                    "android.permission.ACCESS_COARSE_LOCATION": {
                        "short_description": "access approximate location (network-based) only in the foreground",
                        "full_description": "This app can get your location based on network sources such as cell towers and Wi-Fi networks, but only when the app is in the foreground. These location services must be turned on and available on your phone for the app to be able to use them.",
                        "permission_type": "dangerous|instant"
                    },
                    "android.permission.WRITE_SYNC_SETTINGS": {
                        "short_description": "toggle sync on and off",
                        "full_description": "Allows an app to modify the sync settings for an account.  For example, this can be used to enable sync of the People app with an account.",
                        "permission_type": "normal"
                    },
                    "com.huawei.android.launcher.permission.CHANGE_BADGE": {
                        "short_description": "Unknown permission from android reference",
                        "full_description": "Unknown permission from android reference",
                        "permission_type": "normal"
                    },
                    "android.permission.BLUETOOTH": {
                        "short_description": "pair with Bluetooth devices",
                        "full_description": "Allows the app to view the\n      configuration of the Bluetooth on the phone, and to make and accept\n      connections with paired devices.",
                        "permission_type": "normal"
                    },
                    "android.permission.CAMERA": {
                        "short_description": "take pictures and videos",
                        "full_description": "This app can take pictures and record videos using the camera at any time.",
                        "permission_type": "dangerous|instant"
                    },
                    "android.permission.INTERNET": {
                        "short_description": "have full network access",
                        "full_description": "Allows the app to create\n     network sockets and use custom network protocols. The browser and other\n     applications provide means to send data to the internet, so this\n     permission is not required to send data to the internet.",
                        "permission_type": "normal|instant"
                    },
                    "com.android.launcher.permission.UNINSTALL_SHORTCUT": {
                        "short_description": "uninstall shortcuts",
                        "full_description": "Allows the application to remove\n        Homescreen shortcuts without user intervention.",
                        "permission_type": "normal"
                    },
                    "android.permission.MANAGE_OWN_CALLS": {
                        "short_description": "route calls through the system",
                        "full_description": "Allows the app to route its calls through the system in\n        order to improve the calling experience.",
                        "permission_type": "normal"
                    },
                    "com.oppo.launcher.permission.READ_SETTINGS": {
                        "short_description": "Unknown permission from android reference",
                        "full_description": "Unknown permission from android reference",
                        "permission_type": "normal"
                    },
                    "android.permission.BLUETOOTH_ADMIN": {
                        "short_description": "access Bluetooth settings",
                        "full_description": "Allows the app to configure\n      the local Bluetooth phone, and to discover and pair with remote devices.",
                        "permission_type": "normal"
                    },
                    "android.permission.NFC": {
                        "short_description": "control Near Field Communication",
                        "full_description": "Allows the app to communicate\n      with Near Field Communication (NFC) tags, cards, and readers.",
                        "permission_type": "normal"
                    },
                    "android.permission.ACCESS_FINE_LOCATION": {
                        "short_description": "access precise location only in the foreground",
                        "full_description": "This app can get your exact location only when it is in the foreground. These location services must be turned on and available on your phone for the app to be able to use them. This may increase battery consumption.",
                        "permission_type": "dangerous|instant"
                    },
                    "android.permission.WAKE_LOCK": {
                        "short_description": "prevent phone from sleeping",
                        "full_description": "Allows the app to prevent the phone from going to sleep.",
                        "permission_type": "normal|instant"
                    },
                    "android.permission.USE_FINGERPRINT": {
                        "short_description": "use fingerprint hardware",
                        "full_description": "Allows the app to use fingerprint hardware for authentication",
                        "permission_type": "normal"
                    },
                    "com.android.launcher.permission.INSTALL_SHORTCUT": {
                        "short_description": "install shortcuts",
                        "full_description": "Allows an application to add\n        Homescreen shortcuts without user intervention.",
                        "permission_type": "normal"
                    },
                    "com.sec.android.provider.badge.permission.WRITE": {
                        "short_description": "Unknown permission from android reference",
                        "full_description": "Unknown permission from android reference",
                        "permission_type": "normal"
                    },
                    "com.majeur.launcher.permission.UPDATE_BADGE": {
                        "short_description": "Unknown permission from android reference",
                        "full_description": "Unknown permission from android reference",
                        "permission_type": "normal"
                    },
                    "com.google.android.c2dm.permission.RECEIVE": {
                        "short_description": "Unknown permission from android reference",
                        "full_description": "Unknown permission from android reference",
                        "permission_type": "normal"
                    },
                    "android.permission.ACCESS_NETWORK_STATE": {
                        "short_description": "view network connections",
                        "full_description": "Allows the app to view\n      information about network connections such as which networks exist and are\n      connected.",
                        "permission_type": "normal|instant"
                    },
                    "org.telegram.messenger.permission.MAPS_RECEIVE": {
                        "short_description": "Unknown permission from android reference",
                        "full_description": "Unknown permission from android reference",
                        "permission_type": "normal"
                    },
                    "android.permission.INSTALL_SHORTCUT": {
                        "short_description": "Unknown permission from android reference",
                        "full_description": "Unknown permission from android reference",
                        "permission_type": "normal"
                    },
                    "me.everything.badger.permission.BADGE_COUNT_READ": {
                        "short_description": "Unknown permission from android reference",
                        "full_description": "Unknown permission from android reference",
                        "permission_type": "normal"
                    },
                    "com.htc.launcher.permission.UPDATE_SHORTCUT": {
                        "short_description": "Unknown permission from android reference",
                        "full_description": "Unknown permission from android reference",
                        "permission_type": "normal"
                    },
                    "com.htc.launcher.permission.READ_SETTINGS": {
                        "short_description": "Unknown permission from android reference",
                        "full_description": "Unknown permission from android reference",
                        "permission_type": "normal"
                    },
                    "me.everything.badger.permission.BADGE_COUNT_WRITE": {
                        "short_description": "Unknown permission from android reference",
                        "full_description": "Unknown permission from android reference",
                        "permission_type": "normal"
                    },
                    "android.permission.WRITE_EXTERNAL_STORAGE": {
                        "short_description": "modify or delete the contents of your shared storage",
                        "full_description": "Allows the app to write the contents of your shared storage.",
                        "permission_type": "dangerous"
                    },
                    "android.permission.MANAGE_ACCOUNTS": {
                        "short_description": "add or remove accounts",
                        "full_description": "Allows the app to\n    perform operations like adding and removing accounts, and deleting\n    their password.",
                        "permission_type": "dangerous"
                    },
                    "android.permission.READ_EXTERNAL_STORAGE": {
                        "short_description": "read the contents of your shared storage",
                        "full_description": "Allows the app to read the contents of your shared storage.",
                        "permission_type": "dangerous"
                    },
                    "android.permission.RECEIVE_BOOT_COMPLETED": {
                        "short_description": "run at startup",
                        "full_description": "Allows the app to\n        have itself started as soon as the system has finished booting.\n        This can make it take longer to start the phone and allow the\n        app to slow down the overall phone by always running.",
                        "permission_type": "normal"
                    },
                    "com.anddoes.launcher.permission.UPDATE_COUNT": {
                        "short_description": "Unknown permission from android reference",
                        "full_description": "Unknown permission from android reference",
                        "permission_type": "normal"
                    },
                    "android.permission.AUTHENTICATE_ACCOUNTS": {
                        "short_description": "create accounts and set passwords",
                        "full_description": "Allows the app\n    to use the account authenticator capabilities of the\n    AccountManager, including creating accounts and getting and\n    setting their passwords.",
                        "permission_type": "dangerous"
                    },
                    "org.telegram.messenger.permission.C2D_MESSAGE": {
                        "short_description": "Unknown permission from android reference",
                        "full_description": "Unknown permission from android reference",
                        "permission_type": "normal"
                    },
                    "com.android.alarm.permission.SET_ALARM": {
                        "short_description": "set an alarm",
                        "full_description": "Allows the app to set an alarm in\n        an installed alarm clock app. Some alarm clock apps may\n        not implement this feature.",
                        "permission_type": "normal"
                    },
                    "com.google.android.gms.permission.AD_ID": {
                        "short_description": "Unknown permission from android reference",
                        "full_description": "Unknown permission from android reference",
                        "permission_type": "normal"
                    },
                    "com.sonymobile.home.permission.PROVIDER_INSERT_BADGE": {
                        "short_description": "Unknown permission from android reference",
                        "full_description": "Unknown permission from android reference",
                        "permission_type": "normal"
                    },
                    "android.permission.READ_PHONE_STATE": {
                        "short_description": "read phone status and identity",
                        "full_description": "Allows the app to access the phone\n      features of the device.  This permission allows the app to determine the\n      phone number and device IDs, whether a call is active, and the remote number\n      connected by a call.",
                        "permission_type": "dangerous"
                    },
                    "android.permission.FOREGROUND_SERVICE": {
                        "short_description": "run foreground service",
                        "full_description": "Allows the app to make use of foreground services.",
                        "permission_type": "normal|instant"
                    },
                    "com.oppo.launcher.permission.WRITE_SETTINGS": {
                        "short_description": "Unknown permission from android reference",
                        "full_description": "Unknown permission from android reference",
                        "permission_type": "normal"
                    },
                    "android.permission.USE_BIOMETRIC": {
                        "short_description": "use biometric hardware",
                        "full_description": "Allows the app to use biometric hardware for authentication",
                        "permission_type": "normal"
                    },
                    "android.permission.WRITE_CONTACTS": {
                        "short_description": "modify your contacts",
                        "full_description": "Allows the app to modify the data about your contacts stored on your phone.\n      This permission allows apps to delete contact data.",
                        "permission_type": "dangerous"
                    },
                    "android.permission.VIBRATE": {
                        "short_description": "control vibration",
                        "full_description": "Allows the app to control the vibrator.",
                        "permission_type": "normal|instant"
                    },
                    "com.sonyericsson.home.permission.BROADCAST_BADGE": {
                        "short_description": "Unknown permission from android reference",
                        "full_description": "Unknown permission from android reference",
                        "permission_type": "normal"
                    },
                    "android.permission.SYSTEM_ALERT_WINDOW": {
                        "short_description": "This app can appear on top of other apps",
                        "full_description": "This app can appear on top of other apps or other parts of the screen. This may interfere with normal app usage and change the way that other apps appear.",
                        "permission_type": "signature|preinstalled|appop|pre23|development"
                    },
                    "com.huawei.android.launcher.permission.READ_SETTINGS": {
                        "short_description": "Unknown permission from android reference",
                        "full_description": "Unknown permission from android reference",
                        "permission_type": "normal"
                    },
                    "android.permission.ACCESS_WIFI_STATE": {
                        "short_description": "view Wi-Fi connections",
                        "full_description": "Allows the app to view information\n      about Wi-Fi networking, such as whether Wi-Fi is enabled and name of\n      connected Wi-Fi devices.",
                        "permission_type": "normal"
                    },
                    "android.permission.REQUEST_INSTALL_PACKAGES": {
                        "short_description": "request install packages",
                        "full_description": "Allows an application to request installation of packages.",
                        "permission_type": "signature|appop"
                    },
                    "android.permission.CHANGE_WIFI_STATE": {
                        "short_description": "connect and disconnect from Wi-Fi",
                        "full_description": "Allows the app to connect to and\n      disconnect from Wi-Fi access points and to make changes to device\n      configuration for Wi-Fi networks.",
                        "permission_type": "normal"
                    },
                    "android.permission.RECORD_AUDIO": {
                        "short_description": "record audio",
                        "full_description": "This app can record audio using the microphone at any time.",
                        "permission_type": "dangerous|instant"
                    },
                    "android.permission.READ_CONTACTS": {
                        "short_description": "read your contacts",
                        "full_description": "Allows the app to read data about your contacts stored on your phone.\n      This permission allows apps to save your contact data, and malicious apps may share contact data without your knowledge.",
                        "permission_type": "dangerous"
                    },
                    "android.permission.MODIFY_AUDIO_SETTINGS": {
                        "short_description": "change your audio settings",
                        "full_description": "Allows the app to modify global audio settings such as volume and which speaker is used for output.",
                        "permission_type": "normal"
                    },
                    "android.permission.READ_PROFILE": {
                        "short_description": "read your own contact card",
                        "full_description": "Allows the app to read\n     personal profile information stored on your device, such as your name and\n     contact information. This means the app can identify you and may send your\n     profile information to others.",
                        "permission_type": "dangerous"
                    },
                    "com.sec.android.provider.badge.permission.READ": {
                        "short_description": "Unknown permission from android reference",
                        "full_description": "Unknown permission from android reference",
                        "permission_type": "normal"
                    },
                    "android.permission.GET_ACCOUNTS": {
                        "short_description": "find accounts on the device",
                        "full_description": "Allows the app to get\n      the list of accounts known by the phone.  This may include any accounts\n      created by applications you have installed.",
                        "permission_type": "dangerous"
                    },
                    "android.permission.READ_APP_BADGE": {
                        "short_description": "Unknown permission from android reference",
                        "full_description": "Unknown permission from android reference",
                        "permission_type": "normal"
                    }
                },
                "Receivers": [
                    "com.google.android.gms.measurement.AppMeasurementReceiver",
                    "org.telegram.messenger.AutoMessageHeardReceiver",
                    "org.telegram.messenger.NotificationsDisabledReceiver",
                    "org.telegram.messenger.AutoMessageReplyReceiver",
                    "org.telegram.messenger.MusicPlayerReceiver",
                    "org.telegram.messenger.voip.VoIPMediaButtonReceiver",
                    "org.telegram.messenger.AppStartReceiver",
                    "org.telegram.messenger.RefererReceiver",
                    "org.telegram.messenger.WearReplyReceiver",
                    "org.telegram.messenger.StopLiveLocationReceiver",
                    "org.telegram.messenger.PopupReplyReceiver",
                    "org.telegram.messenger.NotificationCallbackReceiver",
                    "org.telegram.messenger.ShareBroadcastReceiver",
                    "org.telegram.messenger.CustomTabsCopyReceiver",
                    "org.telegram.messenger.NotificationDismissReceiver",
                    "org.telegram.messenger.voip.VoIPActionsReceiver",
                    "com.appsgeyser.sdk.datasdk.DataSdksReceiver",
                    "org.altbeacon.beacon.startup.StartupBroadcastReceiver",
                    "com.onesignal.GcmBroadcastReceiver",
                    "com.onesignal.NotificationOpenedReceiver",
                    "com.onesignal.BootUpReceiver",
                    "com.onesignal.UpgradeReceiver",
                    "com.appsgeyser.sdk.push.AlarmReceiver",
                    "com.yandex.metrica.MetricaEventHandler",
                    "com.appsgeyser.sdk.push.PushStarterReceiver",
                    "com.startapp.android.publish.common.metaData.BootCompleteListener",
                    "com.google.firebase.iid.FirebaseInstanceIdReceiver",
                    "androidx.work.impl.utils.ForceStopRunnable$BroadcastReceiver",
                    "androidx.work.impl.background.systemalarm.ConstraintProxy$BatteryChargingProxy",
                    "androidx.work.impl.background.systemalarm.ConstraintProxy$BatteryNotLowProxy",
                    "androidx.work.impl.background.systemalarm.ConstraintProxy$StorageNotLowProxy",
                    "androidx.work.impl.background.systemalarm.ConstraintProxy$NetworkStateProxy",
                    "androidx.work.impl.background.systemalarm.RescheduleReceiver",
                    "androidx.work.impl.background.systemalarm.ConstraintProxyUpdateReceiver",
                    "androidx.work.impl.diagnostics.DiagnosticsReceiver",
                    "com.google.android.datatransport.runtime.scheduling.jobscheduling.AlarmManagerSchedulerBroadcastReceiver",
                    "com.appodeal.ads.AppodealPackageAddedReceiver",
                    "com.appnext.base.receivers.AppnextBootReciever"
                ],
                "StringsInformation": [
                    "http://ns.adobe.com/xap/1.0/",
                    "http://schemas.android.com/apk/res-auto",
                    "http://schemas.android.com/apk/res/android",
                    "http://schemas.applovin.com/android/1.0",
                    "http://schemas.microsoft.com/DRM/2007/03/protocols/AcquireLicense",
                    "http://www.example.com",
                    "http://www.w3.org/ns/ttml#parameter",
                    "https://adc3-launch-staging.adcolony.com/v4/launch",
                    "https://adc3-launch.adcolony.com/v4/launch",
                    "https://aomedia.org/emsg/ID3",
                    "https://api.beta.sdklogger.publishers.advertising.a2z.com/logrecord/putlog",
                    "https://c.amazon-adsystem.com/",
                    "https://developer.apple.com/streaming/emsg-id3",
                    "https://gamma.cm.publishers.advertising.a2z.com/logrecord/putlog",
                    "https://maps.googleapis.com/maps/api/staticmap?center=%.6f,%.6f&zoom=%d&size=%dx%d&maptype=roadmap&scale=%d",
                    "https://maps.googleapis.com/maps/api/staticmap?center=%.6f,%.6f&zoom=%d&size=%dx%d&maptype=roadmap&scale=%d&key=%s",
                    "https://maps.googleapis.com/maps/api/staticmap?center=%.6f,%.6f&zoom=%d&size=%dx%d&maptype=roadmap&scale=%d&markers=color:red%%7Csize:mid%%7C%.6f,%.6f&sensor=false",
                    "https://maps.googleapis.com/maps/api/staticmap?center=%.6f,%.6f&zoom=%d&size=%dx%d&maptype=roadmap&scale=%d&markers=color:red%%7Csize:mid%%7C%.6f,%.6f&sensor=false&key=%s",
                    "https://play.google.com/store/apps/",
                    "https://play.google.com/store/apps/details?id=",
                    "https://prod.cm.publishers.advertising.a2z.com/logrecord/putlog",
                    "https://remote.appsgeyser.com/",
                    "https://remote.appsgeyser.com/api.php?widgetid=",
                    "https://stat.appsgeyser.com/statistics.php?action=",
                    "https://static-maps.yandex.ru/1.x/?ll=%.6f,%.6f&z=%d&size=%d,%d&l=map&scale=%d&lang=%s",
                    "https://static-maps.yandex.ru/1.x/?ll=%.6f,%.6f&z=%d&size=%d,%d&l=map&scale=%d&pt=%.6f,%.6f,vkbkm&lang=%s",
                    "https://wd.adcolony.com/logs",
                    "https://www.amazon.com/dp/",
                    "https://www.amazon.com/gp/mas/dl/android?",
                    "https://www.example.com",
                    "https://x"
                ]
            },
            "magic": "Zip archive data",
            "last_analysis_stats": {
                "harmless": 0,
                "type-unsupported": 9,
                "suspicious": 0,
                "confirmed-timeout": 0,
                "timeout": 20,
                "failure": 2,
                "malicious": 0,
                "undetected": 43
            },
            "last_analysis_results": {
                "Bkav": {
                    "category": "undetected",
                    "engine_name": "Bkav",
                    "engine_version": "1.3.0.9899",
                    "result": null,
                    "method": "blacklist",
                    "engine_update": "20220330"
                },
                "Lionic": {
                    "category": "undetected",
                    "engine_name": "Lionic",
                    "engine_version": "7.5",
                    "result": null,
                    "method": "blacklist",
                    "engine_update": "20220331"
                },
                "Elastic": {
                    "category": "undetected",
                    "engine_name": "Elastic",
                    "engine_version": "4.0.35",
                    "result": null,
                    "method": "blacklist",
                    "engine_update": "20220302"
                },
                "DrWeb": {
                    "category": "timeout",
                    "engine_name": "DrWeb",
                    "engine_version": "7.0.54.3080",
                    "result": null,
                    "method": "blacklist",
                    "engine_update": "20220331"
                },
                "MicroWorld-eScan": {
                    "category": "undetected",
                    "engine_name": "MicroWorld-eScan",
                    "engine_version": "14.0.409.0",
                    "result": null,
                    "method": "blacklist",
                    "engine_update": "20220331"
                },
                "FireEye": {
                    "category": "undetected",
                    "engine_name": "FireEye",
                    "engine_version": "32.44.1.0",
                    "result": null,
                    "method": "blacklist",
                    "engine_update": "20220331"
                },
                "CAT-QuickHeal": {
                    "category": "undetected",
                    "engine_name": "CAT-QuickHeal",
                    "engine_version": "14.00",
                    "result": null,
                    "method": "blacklist",
                    "engine_update": "20220330"
                },
                "McAfee": {
                    "category": "timeout",
                    "engine_name": "McAfee",
                    "engine_version": "6.0.6.653",
                    "result": null,
                    "method": "blacklist",
                    "engine_update": "20220331"
                },
                "ALYac": {
                    "category": "undetected",
                    "engine_name": "ALYac",
                    "engine_version": "1.1.3.1",
                    "result": null,
                    "method": "blacklist",
                    "engine_update": "20220331"
                },
                "Malwarebytes": {
                    "category": "undetected",
                    "engine_name": "Malwarebytes",
                    "engine_version": "4.2.2.27",
                    "result": null,
                    "method": "blacklist",
                    "engine_update": "20220331"
                },
                "Paloalto": {
                    "category": "type-unsupported",
                    "engine_name": "Paloalto",
                    "engine_version": "0.9.0.1003",
                    "result": null,
                    "method": "blacklist",
                    "engine_update": "20220331"
                },
                "Sangfor": {
                    "category": "timeout",
                    "engine_name": "Sangfor",
                    "engine_version": "2.9.0.0",
                    "result": null,
                    "method": "blacklist",
                    "engine_update": "20211224"
                },
                "Trustlook": {
                    "category": "undetected",
                    "engine_name": "Trustlook",
                    "engine_version": "1.0",
                    "result": null,
                    "method": "blacklist",
                    "engine_update": "20220331"
                },
                "BitDefender": {
                    "category": "timeout",
                    "engine_name": "BitDefender",
                    "engine_version": "7.2",
                    "result": null,
                    "method": "blacklist",
                    "engine_update": "20220331"
                },
                "K7GW": {
                    "category": "undetected",
                    "engine_name": "K7GW",
                    "engine_version": "12.3.41574",
                    "result": null,
                    "method": "blacklist",
                    "engine_update": "20220331"
                },
                "K7AntiVirus": {
                    "category": "undetected",
                    "engine_name": "K7AntiVirus",
                    "engine_version": "12.3.41568",
                    "result": null,
                    "method": "blacklist",
                    "engine_update": "20220330"
                },
                "BitDefenderTheta": {
                    "category": "undetected",
                    "engine_name": "BitDefenderTheta",
                    "engine_version": "7.2.37796.0",
                    "result": null,
                    "method": "blacklist",
                    "engine_update": "20220318"
                },
                "VirIT": {
                    "category": "undetected",
                    "engine_name": "VirIT",
                    "engine_version": "9.5.165",
                    "result": null,
                    "method": "blacklist",
                    "engine_update": "20220330"
                },
                "Cyren": {
                    "category": "timeout",
                    "engine_name": "Cyren",
                    "engine_version": "6.5.1.2",
                    "result": null,
                    "method": "blacklist",
                    "engine_update": "20220331"
                },
                "SymantecMobileInsight": {
                    "category": "undetected",
                    "engine_name": "SymantecMobileInsight",
                    "engine_version": "2.0",
                    "result": null,
                    "method": "blacklist",
                    "engine_update": "20220208"
                },
                "Symantec": {
                    "category": "undetected",
                    "engine_name": "Symantec",
                    "engine_version": "1.17.0.0",
                    "result": null,
                    "method": "blacklist",
                    "engine_update": "20220331"
                },
                "tehtris": {
                    "category": "type-unsupported",
                    "engine_name": "tehtris",
                    "engine_version": "v0.0.7",
                    "result": null,
                    "method": "blacklist",
                    "engine_update": "20220331"
                },
                "ESET-NOD32": {
                    "category": "undetected",
                    "engine_name": "ESET-NOD32",
                    "engine_version": "25029",
                    "result": null,
                    "method": "blacklist",
                    "engine_update": "20220331"
                },
                "APEX": {
                    "category": "type-unsupported",
                    "engine_name": "APEX",
                    "engine_version": "6.275",
                    "result": null,
                    "method": "blacklist",
                    "engine_update": "20220328"
                },
                "TrendMicro-HouseCall": {
                    "category": "undetected",
                    "engine_name": "TrendMicro-HouseCall",
                    "engine_version": "10.0.0.1040",
                    "result": null,
                    "method": "blacklist",
                    "engine_update": "20220331"
                },
                "Avast": {
                    "category": "timeout",
                    "engine_name": "Avast",
                    "engine_version": "21.1.5827.0",
                    "result": null,
                    "method": "blacklist",
                    "engine_update": "20220331"
                },
                "ClamAV": {
                    "category": "undetected",
                    "engine_name": "ClamAV",
                    "engine_version": "0.104.2.0",
                    "result": null,
                    "method": "blacklist",
                    "engine_update": "20220330"
                },
                "Kaspersky": {
                    "category": "timeout",
                    "engine_name": "Kaspersky",
                    "engine_version": "21.0.1.45",
                    "result": null,
                    "method": "blacklist",
                    "engine_update": "20220331"
                },
                "Alibaba": {
                    "category": "undetected",
                    "engine_name": "Alibaba",
                    "engine_version": "0.3.0.5",
                    "result": null,
                    "method": "blacklist",
                    "engine_update": "20190527"
                },
                "NANO-Antivirus": {
                    "category": "undetected",
                    "engine_name": "NANO-Antivirus",
                    "engine_version": "1.0.146.25576",
                    "result": null,
                    "method": "blacklist",
                    "engine_update": "20220331"
                },
                "SUPERAntiSpyware": {
                    "category": "undetected",
                    "engine_name": "SUPERAntiSpyware",
                    "engine_version": "5.6.0.1032",
                    "result": null,
                    "method": "blacklist",
                    "engine_update": "20220327"
                },
                "Rising": {
                    "category": "timeout",
                    "engine_name": "Rising",
                    "engine_version": "25.0.0.27",
                    "result": null,
                    "method": "blacklist",
                    "engine_update": "20220331"
                },
                "Ad-Aware": {
                    "category": "undetected",
                    "engine_name": "Ad-Aware",
                    "engine_version": "3.0.21.193",
                    "result": null,
                    "method": "blacklist",
                    "engine_update": "20220331"
                },
                "Sophos": {
                    "category": "timeout",
                    "engine_name": "Sophos",
                    "engine_version": "1.4.1.0",
                    "result": null,
                    "method": "blacklist",
                    "engine_update": "20220331"
                },
                "Comodo": {
                    "category": "undetected",
                    "engine_name": "Comodo",
                    "engine_version": "34487",
                    "result": null,
                    "method": "blacklist",
                    "engine_update": "20220331"
                },
                "F-Secure": {
                    "category": "undetected",
                    "engine_name": "F-Secure",
                    "engine_version": "12.0.86.52",
                    "result": null,
                    "method": "blacklist",
                    "engine_update": "20220330"
                },
                "Baidu": {
                    "category": "timeout",
                    "engine_name": "Baidu",
                    "engine_version": "1.0.0.2",
                    "result": null,
                    "method": "blacklist",
                    "engine_update": "20190318"
                },
                "Zillya": {
                    "category": "timeout",
                    "engine_name": "Zillya",
                    "engine_version": "2.0.0.4601",
                    "result": null,
                    "method": "blacklist",
                    "engine_update": "20220330"
                },
                "TrendMicro": {
                    "category": "timeout",
                    "engine_name": "TrendMicro",
                    "engine_version": "11.0.0.1006",
                    "result": null,
                    "method": "blacklist",
                    "engine_update": "20220331"
                },
                "McAfee-GW-Edition": {
                    "category": "undetected",
                    "engine_name": "McAfee-GW-Edition",
                    "engine_version": "v2019.1.2+3728",
                    "result": null,
                    "method": "blacklist",
                    "engine_update": "20220331"
                },
                "SentinelOne": {
                    "category": "type-unsupported",
                    "engine_name": "SentinelOne",
                    "engine_version": "22.2.1.2",
                    "result": null,
                    "method": "blacklist",
                    "engine_update": "20220330"
                },
                "Trapmine": {
                    "category": "type-unsupported",
                    "engine_name": "Trapmine",
                    "engine_version": "3.5.45.75",
                    "result": null,
                    "method": "blacklist",
                    "engine_update": "20220217"
                },
                "CMC": {
                    "category": "undetected",
                    "engine_name": "CMC",
                    "engine_version": "2.10.2019.1",
                    "result": null,
                    "method": "blacklist",
                    "engine_update": "20211026"
                },
                "Emsisoft": {
                    "category": "undetected",
                    "engine_name": "Emsisoft",
                    "engine_version": "2021.5.0.7597",
                    "result": null,
                    "method": "blacklist",
                    "engine_update": "20220331"
                },
                "Ikarus": {
                    "category": "failure",
                    "engine_name": "Ikarus",
                    "engine_version": "6.0.15.0",
                    "result": null,
                    "method": "blacklist",
                    "engine_update": "20220330"
                },
                "GData": {
                    "category": "timeout",
                    "engine_name": "GData",
                    "engine_version": null,
                    "result": null,
                    "method": "blacklist",
                    "engine_update": "20220331"
                },
                "Jiangmin": {
                    "category": "timeout",
                    "engine_name": "Jiangmin",
                    "engine_version": null,
                    "result": null,
                    "method": "blacklist",
                    "engine_update": "20220330"
                },
                "Webroot": {
                    "category": "failure",
                    "engine_name": "Webroot",
                    "engine_version": "1.0.0.403",
                    "result": null,
                    "method": "blacklist",
                    "engine_update": "20220331"
                },
                "Avira": {
                    "category": "undetected",
                    "engine_name": "Avira",
                    "engine_version": "8.3.3.14",
                    "result": null,
                    "method": "blacklist",
                    "engine_update": "20220331"
                },
                "Antiy-AVL": {
                    "category": "undetected",
                    "engine_name": "Antiy-AVL",
                    "engine_version": "3.0.0.1",
                    "result": null,
                    "method": "blacklist",
                    "engine_update": "20220331"
                },
                "Kingsoft": {
                    "category": "undetected",
                    "engine_name": "Kingsoft",
                    "engine_version": "2017.9.26.565",
                    "result": null,
                    "method": "blacklist",
                    "engine_update": "20220331"
                },
                "Microsoft": {
                    "category": "timeout",
                    "engine_name": "Microsoft",
                    "engine_version": "1.1.19000.8",
                    "result": null,
                    "method": "blacklist",
                    "engine_update": "20220331"
                },
                "Gridinsoft": {
                    "category": "undetected",
                    "engine_name": "Gridinsoft",
                    "engine_version": "1.0.74.174",
                    "result": null,
                    "method": "blacklist",
                    "engine_update": "20220331"
                },
                "Arcabit": {
                    "category": "undetected",
                    "engine_name": "Arcabit",
                    "engine_version": "1.0.0.889",
                    "result": null,
                    "method": "blacklist",
                    "engine_update": "20220331"
                },
                "ViRobot": {
                    "category": "undetected",
                    "engine_name": "ViRobot",
                    "engine_version": "2014.3.20.0",
                    "result": null,
                    "method": "blacklist",
                    "engine_update": "20220331"
                },
                "ZoneAlarm": {
                    "category": "timeout",
                    "engine_name": "ZoneAlarm",
                    "engine_version": "1.0",
                    "result": null,
                    "method": "blacklist",
                    "engine_update": "20220331"
                },
                "Avast-Mobile": {
                    "category": "undetected",
                    "engine_name": "Avast-Mobile",
                    "engine_version": "220330-02",
                    "result": null,
                    "method": "blacklist",
                    "engine_update": "20220330"
                },
                "Cynet": {
                    "category": "type-unsupported",
                    "engine_name": "Cynet",
                    "engine_version": "4.0.0.27",
                    "result": null,
                    "method": "blacklist",
                    "engine_update": "20220331"
                },
                "BitDefenderFalx": {
                    "category": "undetected",
                    "engine_name": "BitDefenderFalx",
                    "engine_version": "2.0.936",
                    "result": null,
                    "method": "blacklist",
                    "engine_update": "20220103"
                },
                "AhnLab-V3": {
                    "category": "undetected",
                    "engine_name": "AhnLab-V3",
                    "engine_version": "3.21.3.10230",
                    "result": null,
                    "method": "blacklist",
                    "engine_update": "20220331"
                },
                "Acronis": {
                    "category": "type-unsupported",
                    "engine_name": "Acronis",
                    "engine_version": "1.1.1.82",
                    "result": null,
                    "method": "blacklist",
                    "engine_update": "20210512"
                },
                "VBA32": {
                    "category": "timeout",
                    "engine_name": "VBA32",
                    "engine_version": null,
                    "result": null,
                    "method": "blacklist",
                    "engine_update": "20220330"
                },
                "MAX": {
                    "category": "undetected",
                    "engine_name": "MAX",
                    "engine_version": "2019.9.16.1",
                    "result": null,
                    "method": "blacklist",
                    "engine_update": "20220331"
                },
                "Cylance": {
                    "category": "timeout",
                    "engine_name": "Cylance",
                    "engine_version": "2.3.1.101",
                    "result": null,
                    "method": "blacklist",
                    "engine_update": "20220331"
                },
                "Zoner": {
                    "category": "undetected",
                    "engine_name": "Zoner",
                    "engine_version": "2.2.2.0",
                    "result": null,
                    "method": "blacklist",
                    "engine_update": "20220330"
                },
                "Tencent": {
                    "category": "undetected",
                    "engine_name": "Tencent",
                    "engine_version": "1.0.0.1",
                    "result": null,
                    "method": "blacklist",
                    "engine_update": "20220331"
                },
                "Yandex": {
                    "category": "undetected",
                    "engine_name": "Yandex",
                    "engine_version": "5.5.2.24",
                    "result": null,
                    "method": "blacklist",
                    "engine_update": "20220330"
                },
                "TACHYON": {
                    "category": "undetected",
                    "engine_name": "TACHYON",
                    "engine_version": "2022-03-31.01",
                    "result": null,
                    "method": "blacklist",
                    "engine_update": "20220331"
                },
                "MaxSecure": {
                    "category": "timeout",
                    "engine_name": "MaxSecure",
                    "engine_version": "1.0.0.1",
                    "result": null,
                    "method": "blacklist",
                    "engine_update": "20220330"
                },
                "Fortinet": {
                    "category": "undetected",
                    "engine_name": "Fortinet",
                    "engine_version": "6.2.142.0",
                    "result": null,
                    "method": "blacklist",
                    "engine_update": "20220331"
                },
                "AVG": {
                    "category": "timeout",
                    "engine_name": "AVG",
                    "engine_version": "21.1.5827.0",
                    "result": null,
                    "method": "blacklist",
                    "engine_update": "20220331"
                },
                "Cybereason": {
                    "category": "type-unsupported",
                    "engine_name": "Cybereason",
                    "engine_version": "1.2.449",
                    "result": null,
                    "method": "blacklist",
                    "engine_update": "20210330"
                },
                "Panda": {
                    "category": "undetected",
                    "engine_name": "Panda",
                    "engine_version": "4.6.4.2",
                    "result": null,
                    "method": "blacklist",
                    "engine_update": "20220330"
                },
                "CrowdStrike": {
                    "category": "type-unsupported",
                    "engine_name": "CrowdStrike",
                    "engine_version": "1.0",
                    "result": null,
                    "method": "blacklist",
                    "engine_update": "20210907"
                }
            }
        },
        "type": "file",
        "id": "00017cb38ee0e8900a34225bf29783ad3f72b12f129bebed4b7d24d4c99fc5f0",
        "links": {
            "self": "https://www.virustotal.com/api/v3/files/00017cb38ee0e8900a34225bf29783ad3f72b12f129bebed4b7d24d4c99fc5f0"
        }
    }
}