{
    "data": {
        "attributes": {
            "type_description": "Android",
            "tlsh": "T1E29733C6FBC8DA1AC4378133C97303B736974C199952CA772608F22859B79D25EC5BCA",
            "vhash": "1d9990c14d8fe29000d53a5f7c3c5a11",
            "trid": [
                {
                    "file_type": "Android Package",
                    "probability": 39.4
                },
                {
                    "file_type": "SPSS Extension",
                    "probability": 30.7
                },
                {
                    "file_type": "Java Archive",
                    "probability": 13.8
                },
                {
                    "file_type": "Sweet Home 3D design (generic)",
                    "probability": 10.7
                },
                {
                    "file_type": "ZIP compressed archive",
                    "probability": 4.1
                }
            ],
            "names": [],
            "last_modification_date": 1627545922,
            "type_tag": "android",
            "times_submitted": 1,
            "total_votes": {
                "harmless": 0,
                "malicious": 0
            },
            "size": 40687775,
            "type_extension": "apk",
            "last_submission_date": 1591411879,
            "reputation": 0,
            "crowdsourced_ids_stats": {
                "info": 0,
                "high": 0,
                "medium": 1,
                "low": 0
            },
            "sha256": "00012e8f2e49e601edc786cabab52fa844d50add7d3d09efd7f8b23e6ba42efb",
            "tags": [
                "reflection",
                "runtime-modules",
                "contains-elf",
                "apk",
                "via-tor",
                "android"
            ],
            "crowdsourced_ids_results": [
                {
                    "rule_category": "Potentially Bad Traffic",
                    "alert_severity": "medium",
                    "rule_msg": "ET INFO Observed DNS Query to .biz TLD",
                    "rule_raw": "alert dns $HOME_NET any -> any any (msg:\"ET INFO Observed DNS Query to .biz TLD\"; dns.query; content:\".biz\"; nocase; endswith; reference:url,www.spamhaus.org/statistics/tlds/; classtype:bad-unknown; sid:2027863; rev:4; metadata:affected_product Any, attack_target Client_Endpoint, created_at 2019_08_13, deployment Perimeter, former_category INFO, signature_severity Major, updated_at 2020_09_17;)",
                    "rule_references": [
                        "https://www.spamhaus.org/statistics/tlds/"
                    ],
                    "rule_url": "https://rules.emergingthreats.net/",
                    "rule_source": "Proofpoint Emerging Threats Open",
                    "rule_id": "1:2027863"
                }
            ],
            "last_analysis_date": 1627535608,
            "unique_sources": 1,
            "first_submission_date": 1591411879,
            "sha1": "72d77ec9fa49a35873c259755df881545f95fcb3",
            "ssdeep": "786432:pTUxrGuJYDWKC2yOUQSKfstdcqRpd+yXF2HXGR2EajB5KMdV2o6/Y443Xtn89LVf:p4xyuJYg2yOOcqzp8jBXdBpkVf",
            "bundle_info": {
                "highest_datetime": "2020-06-04 07:51:04",
                "lowest_datetime": "1980-00-00 00:00:00",
                "num_children": 1705,
                "extensions": {
                    "xml": 196,
                    "dex": 3,
                    "x86": 2,
                    "htm": 1,
                    "jpg": 1,
                    "jks": 1,
                    "so": 55,
                    "pdf": 1,
                    "txt": 2,
                    "ttf": 1,
                    "png": 618
                },
                "file_types": {
                    "XML": 196,
                    "DEX": 3,
                    "unknown": 113,
                    "ELF": 67,
                    "JSON": 2,
                    "PDF": 1,
                    "PNG": 618
                },
                "type": "APK",
                "uncompressed_size": 77159943
            },
            "packers": {
                "F-PROT": "appended, Unicode"
            },
            "md5": "bcbdc81899890f7093d1753df753db6b",
            "androguard": {
                "VTAndroidInfo": 1.41,
                "Libraries": [
                    "org.apache.http.legacy"
                ],
                "AndroidApplicationError": false,
                "MinSdkVersion": "21",
                "AndroguardVersion": "3.0-dev",
                "Activities": [
                    "com.desoline.android.pdfreader.activity.SearchEmailActivity",
                    "com.desoline.android.pdfreader.activity.CloudShareDocActivity",
                    "com.desoline.android.pdfreader.AppListActivity",
                    "com.desoline.android.pdfreader.ActivitySetting",
                    "com.desoline.android.pdfreader.HomeTabsActivity",
                    "com.desoline.android.pdfreader.activity.PDFViewActivity",
                    "com.desoline.android.pdfreader.activity.InfoActivity",
                    "com.desoline.android.pdfreader.activity.BookmarksActivity",
                    "com.desoline.smartvpn.activity.SplashActivity",
                    "com.desoline.smartvpn.activity.MainActivity",
                    "com.desoline.smartvpn.activity.VPNListActivity",
                    "com.desoline.smartvpn.activity.VPNInfoActivity",
                    "com.desoline.smartvpn.activity.SettingsActivity",
                    "com.desoline.smartvpn.activity.SpeedTestActivity",
                    "com.desoline.smartvpn.activity.TOSActivity",
                    "com.google.android.gms.ads.AdActivity",
                    "com.desoline.smartvpn.activity.StepActivity",
                    "com.desoline.smartvpn.activity.UserActivity",
                    "com.desoline.smartvpn.activity.ProActivitySuccess",
                    "com.desoline.smartvpn.activity.FragmentWrapperActivity",
                    "com.desoline.smartvpn.activity.Black_Battery_Saver",
                    "com.desoline.smartvpn.activity.Apps_Picker",
                    "com.desoline.smartvpn.activity.NormalMode",
                    "com.desoline.smartvpn.activity.PopUp_SavingPower",
                    "com.desoline.smartvpn.activity.Saving_Power_Comp",
                    "com.desoline.smartvpn.activity.UApplying",
                    "com.desoline.smartvpn.activity.UPopUp",
                    "com.desoline.smartvpn.activity.ScannerCPU",
                    "com.desoline.smartvpn.activity.HorizontalNtbActivity",
                    "com.desoline.smartvpn.activity.Activity_TOSAccept",
                    "com.desoline.smartvpn.activity.WelcomeActivity",
                    "com.desoline.smartvpn.ProxyBrowserActivity",
                    "com.android.billingclient.api.ProxyBillingActivity",
                    "com.google.firebase.auth.internal.FederatedSignInActivity",
                    "com.google.android.gms.auth.api.signin.internal.SignInHubActivity",
                    "com.google.android.gms.common.api.GoogleApiActivity"
                ],
                "certificate": {
                    "Subject": {
                        "DN": "C:US, CN:Android, L:Mountain View, O:Google Inc., ST:California, OU:Android",
                        "C": "US",
                        "CN": "Android",
                        "L": "Mountain View",
                        "O": "Google Inc.",
                        "ST": "California",
                        "OU": "Android"
                    },
                    "validto": "2049-07-10 12:16:10",
                    "serialnumber": "cb688ee457063d386ec25433b9dd2f4ab07288f3",
                    "thumbprint": "e6bcd1ce74a6c9dc73c830691dd79bae9034e517",
                    "validfrom": "2019-07-10 12:16:10",
                    "Issuer": {
                        "DN": "C:US, CN:Android, L:Mountain View, O:Google Inc., ST:California, OU:Android",
                        "C": "US",
                        "CN": "Android",
                        "L": "Mountain View",
                        "O": "Google Inc.",
                        "ST": "California",
                        "OU": "Android"
                    }
                },
                "AndroidApplication": 1,
                "RiskIndicator": {
                    "APK": {
                        "DEX": 3,
                        "EXECUTABLE": 4,
                        "SHARED LIBRARIES": 63
                    },
                    "PERM": {
                        "DANGEROUS": 4,
                        "PRIVACY": 2,
                        "NORMAL": 8,
                        "INTERNET": 1
                    }
                },
                "Services": [
                    "de.blinkt.openvpn.core.OpenVPNService",
                    "com.desoline.smartvpn.service.DesolineMessagingService",
                    "com.desoline.android.pdfreader.service.BackupService",
                    "com.google.firebase.components.ComponentDiscoveryService",
                    "io.lum.sdk.svc_host",
                    "io.lum.sdk.svc_job",
                    "com.google.firebase.messaging.FirebaseMessagingService",
                    "androidx.work.impl.background.systemalarm.SystemAlarmService",
                    "androidx.work.impl.background.systemjob.SystemJobService",
                    "androidx.work.impl.foreground.SystemForegroundService",
                    "com.google.android.gms.auth.api.signin.RevocationBoundService",
                    "com.google.android.gms.measurement.AppMeasurementService",
                    "com.google.android.gms.measurement.AppMeasurementJobService",
                    "androidx.room.MultiInstanceInvalidationService",
                    "com.google.android.datatransport.runtime.backends.TransportBackendDiscovery",
                    "com.google.android.datatransport.runtime.scheduling.jobscheduling.JobInfoSchedulerService"
                ],
                "AndroidVersionCode": "262",
                "main_activity": "com.desoline.android.pdfreader.HomeTabsActivity",
                "Package": "com.desoline.android.pdfreader",
                "intent_filters": {
                    "Services": {
                        "com.google.firebase.messaging.FirebaseMessagingService": {
                            "action": [
                                "com.google.firebase.MESSAGING_EVENT"
                            ]
                        },
                        "de.blinkt.openvpn.core.OpenVPNService": {
                            "action": [
                                "android.net.VpnService"
                            ]
                        },
                        "com.desoline.smartvpn.service.DesolineMessagingService": {
                            "action": [
                                "com.google.firebase.MESSAGING_EVENT"
                            ]
                        }
                    },
                    "Activities": {
                        "com.desoline.android.pdfreader.HomeTabsActivity": {
                            "action": [
                                "android.intent.action.MAIN"
                            ],
                            "category": [
                                "android.intent.category.LAUNCHER"
                            ]
                        },
                        "com.desoline.android.pdfreader.activity.PDFViewActivity": {
                            "action": [
                                "android.intent.action.VIEW"
                            ],
                            "category": [
                                "android.intent.category.DEFAULT"
                            ]
                        }
                    },
                    "Receivers": {
                        "androidx.work.impl.background.systemalarm.ConstraintProxy$BatteryNotLowProxy": {
                            "action": [
                                "android.intent.action.BATTERY_OKAY",
                                "android.intent.action.BATTERY_LOW"
                            ]
                        },
                        "io.lum.sdk.bcast_recv": {
                            "action": [
                                "android.intent.action.MEDIA_EJECT",
                                "android.intent.action.MEDIA_MOUNTED",
                                "android.intent.action.MEDIA_UNMOUNTED",
                                "android.intent.action.ACTION_POWER_CONNECTED",
                                "android.intent.action.ACTION_POWER_DISCONNECTED",
                                "android.intent.action.BOOT_COMPLETED",
                                "android.intent.action.ACTION_BATTERY_OK",
                                "android.intent.action.PACKAGE_REPLACED",
                                "android.intent.action.MY_PACKAGE_REPLACED"
                            ]
                        },
                        "com.desoline.android.pdfreader.service.BackupBroadcastReceiver": {
                            "action": [
                                "_action_resume",
                                "_action_pause",
                                "_action_stop"
                            ]
                        },
                        "com.google.firebase.iid.FirebaseInstanceIdReceiver": {
                            "action": [
                                "com.google.android.c2dm.intent.RECEIVE"
                            ]
                        },
                        "com.desoline.smartvpn.service.UpdatePackageReceiver": {
                            "action": [
                                "android.intent.action.MY_PACKAGE_REPLACED",
                                "android.intent.action.PACKAGE_REPLACED"
                            ]
                        },
                        "androidx.work.impl.background.systemalarm.ConstraintProxy$NetworkStateProxy": {
                            "action": [
                                "android.net.conn.CONNECTIVITY_CHANGE"
                            ]
                        },
                        "androidx.work.impl.background.systemalarm.ConstraintProxyUpdateReceiver": {
                            "action": [
                                "androidx.work.impl.background.systemalarm.UpdateProxies"
                            ]
                        },
                        "androidx.work.impl.background.systemalarm.ConstraintProxy$BatteryChargingProxy": {
                            "action": [
                                "android.intent.action.ACTION_POWER_CONNECTED",
                                "android.intent.action.ACTION_POWER_DISCONNECTED"
                            ]
                        },
                        "androidx.work.impl.background.systemalarm.RescheduleReceiver": {
                            "action": [
                                "android.intent.action.BOOT_COMPLETED",
                                "android.intent.action.TIME_SET",
                                "android.intent.action.TIMEZONE_CHANGED"
                            ]
                        },
                        "androidx.work.impl.background.systemalarm.ConstraintProxy$StorageNotLowProxy": {
                            "action": [
                                "android.intent.action.DEVICE_STORAGE_LOW",
                                "android.intent.action.DEVICE_STORAGE_OK"
                            ]
                        }
                    }
                },
                "AndroidVersionName": "1.185.492.262",
                "TargetSdkVersion": "28",
                "AndroidApplicationInfo": "APK",
                "Providers": [
                    "androidx.core.content.FileProvider",
                    "com.crashlytics.android.CrashlyticsInitProvider",
                    "net.grandcentrix.tray.provider.TrayContentProvider",
                    "androidx.work.impl.WorkManagerInitializer",
                    "com.google.android.gms.ads.MobileAdsInitProvider",
                    "com.google.firebase.provider.FirebaseInitProvider",
                    "androidx.lifecycle.ProcessLifecycleOwnerInitializer"
                ],
                "permission_details": {
                    "android.permission.RECEIVE_BOOT_COMPLETED": {
                        "short_description": "automatically start at boot",
                        "full_description": "Allows an application to start itself as soon as the system has finished booting. This can make it take longer to start the phone and allow the application to slow down the overall phone by always running.",
                        "permission_type": "normal"
                    },
                    "android.permission.BLUETOOTH": {
                        "short_description": "create Bluetooth connections",
                        "full_description": "Allows an application to view configuration of the local Bluetooth phone and to make and accept connections with paired devices.",
                        "permission_type": "dangerous"
                    },
                    "android.permission.INTERNET": {
                        "short_description": "full Internet access",
                        "full_description": "Allows an application to create network sockets.",
                        "permission_type": "dangerous"
                    },
                    "com.android.vending.BILLING": {
                        "short_description": "Unknown permission from android reference",
                        "full_description": "Unknown permission from android reference",
                        "permission_type": "normal"
                    },
                    "android.permission.BLUETOOTH_ADMIN": {
                        "short_description": "bluetooth administration",
                        "full_description": "Allows an application to configure the local Bluetooth phone and to discover and pair with remote devices.",
                        "permission_type": "dangerous"
                    },
                    "com.google.android.c2dm.permission.RECEIVE": {
                        "short_description": "Unknown permission from android reference",
                        "full_description": "Unknown permission from android reference",
                        "permission_type": "normal"
                    },
                    "android.permission.ACCESS_NETWORK_STATE": {
                        "short_description": "view network status",
                        "full_description": "Allows an application to view the status of all networks.",
                        "permission_type": "normal"
                    },
                    "android.permission.WRITE_EXTERNAL_STORAGE": {
                        "short_description": "modify/delete SD card contents",
                        "full_description": "Allows an application to write to the SD card.",
                        "permission_type": "dangerous"
                    },
                    "android.permission.READ_EXTERNAL_STORAGE": {
                        "short_description": "read from external storage",
                        "full_description": "Allows an application to read from external storage",
                        "permission_type": "normal"
                    },
                    "android.permission.WRITE_SYNC_SETTINGS": {
                        "short_description": "write sync settings",
                        "full_description": "Allows an application to modify the sync settings, such as whether sync is enabled for Contacts.",
                        "permission_type": "normal"
                    },
                    "com.android.alarm.permission.SET_ALARM": {
                        "short_description": "set alarm in alarm clock",
                        "full_description": "Allows the application to set an alarm in an installed alarm clock application. Some alarm clock applications may not implement this feature.",
                        "permission_type": "normal"
                    },
                    "android.permission.WRITE_SETTINGS": {
                        "short_description": "modify global system settings",
                        "full_description": "Allows an application to modify the system's settings data. Malicious applications can corrupt your system's configuration.",
                        "permission_type": "normal"
                    },
                    "android.permission.FOREGROUND_SERVICE": {
                        "short_description": "Unknown permission from android reference",
                        "full_description": "Unknown permission from android reference",
                        "permission_type": "normal"
                    },
                    "com.samsung.android.providers.context.permission.WRITE_USE_APP_FEATURE_SURVEY": {
                        "short_description": "Unknown permission from android reference",
                        "full_description": "Unknown permission from android reference",
                        "permission_type": "normal"
                    },
                    "android.permission.ACCESS_NOTIFICATION_POLICY": {
                        "short_description": "Unknown permission from android reference",
                        "full_description": "Unknown permission from android reference",
                        "permission_type": "normal"
                    },
                    "android.permission.KILL_BACKGROUND_PROCESSES": {
                        "short_description": "kill background processes",
                        "full_description": "Allows an application to kill background processes of other applications, even if memory is not low.",
                        "permission_type": "normal"
                    },
                    "android.permission.ACCESS_WIFI_STATE": {
                        "short_description": "view Wi-Fi status",
                        "full_description": "Allows an application to view the information about the status of Wi-Fi.",
                        "permission_type": "normal"
                    },
                    "android.permission.WAKE_LOCK": {
                        "short_description": "prevent phone from sleeping",
                        "full_description": "Allows an application to prevent the phone from going to sleep.",
                        "permission_type": "normal"
                    },
                    "android.permission.CHANGE_WIFI_STATE": {
                        "short_description": "change Wi-Fi status",
                        "full_description": "Allows an application to connect to and disconnect from Wi-Fi access points and to make changes to configured Wi-Fi networks.",
                        "permission_type": "dangerous"
                    },
                    "android.permission.READ_CONTACTS": {
                        "short_description": "read contact data",
                        "full_description": "Allows an application to read all of the contact (address) data stored on your phone. Malicious applications can use this to send your data to other people.",
                        "permission_type": "dangerous"
                    },
                    "com.google.android.finsky.permission.BIND_GET_INSTALL_REFERRER_SERVICE": {
                        "short_description": "Unknown permission from android reference",
                        "full_description": "Unknown permission from android reference",
                        "permission_type": "normal"
                    },
                    "android.permission.WRITE_INTERNAL_STORAGE": {
                        "short_description": "Unknown permission from android reference",
                        "full_description": "Unknown permission from android reference",
                        "permission_type": "normal"
                    }
                },
                "Receivers": [
                    "com.desoline.smartvpn.service.UpdatePackageReceiver",
                    "com.desoline.android.pdfreader.service.BackupBroadcastReceiver",
                    "io.lum.sdk.bcast_recv",
                    "androidx.work.impl.utils.ForceStopRunnable$BroadcastReceiver",
                    "androidx.work.impl.background.systemalarm.ConstraintProxy$BatteryChargingProxy",
                    "androidx.work.impl.background.systemalarm.ConstraintProxy$BatteryNotLowProxy",
                    "androidx.work.impl.background.systemalarm.ConstraintProxy$StorageNotLowProxy",
                    "androidx.work.impl.background.systemalarm.ConstraintProxy$NetworkStateProxy",
                    "androidx.work.impl.background.systemalarm.RescheduleReceiver",
                    "androidx.work.impl.background.systemalarm.ConstraintProxyUpdateReceiver",
                    "com.google.firebase.iid.FirebaseInstanceIdReceiver",
                    "com.google.android.gms.measurement.AppMeasurementReceiver",
                    "com.google.android.datatransport.runtime.scheduling.jobscheduling.AlarmManagerSchedulerBroadcastReceiver"
                ],
                "StringsInformation": [
                    "https://www.googleapis.com/auth/fitness.reproductive_health.write",
                    "https://www.linkedin.com",
                    "https://play.google.com/store/apps/dev?id=8774282826145816300",
                    "http://google.com",
                    "https://www.googleapis.com/auth/fitness.location.write",
                    "https://www.googleapis.com/auth/games",
                    "https://www.googleapis.com/auth/plus.me",
                    "http://maps.google.com/maps?&daddr=%f,%f (%s)",
                    "https://www.googleapis.com/auth/drive.file",
                    "https://pagead2.googlesyndication.com/pagead/gen_204?id=gmob-apps",
                    "http://play.google.com/store/apps/details?id=",
                    "https://twitter.com",
                    "https://www.speedtest.net/speedtest-servers-static.php",
                    "https://www.googleapis.com/auth/fitness.body_temperature.write",
                    "https://plus.google.com/",
                    "https://accounts.google.com/o/oauth2/revoke?token=",
                    "https://www.googleapis.com/auth/fitness.location.read",
                    "https://www.googleapis.com/auth/fitness.body_temperature.read",
                    "http://xml.org/sax/properties/lexical-handler",
                    "https://www.googleapis.com/auth/fitness.activity.write",
                    "https://www.example.com",
                    "https://%s/%s/%s",
                    "https://accounts.google.com",
                    "https://play.google.com/",
                    "http://www.google.com",
                    "https://www.googleapis.com/auth/fitness.nutrition.read",
                    "https://www.googleapis.com/auth/fitness.blood_pressure.read",
                    "https://www.googleapis.com/auth/plus.login",
                    "https://pharid.com/vpnpro/api/register.php",
                    "https://www.googleapis.com/auth/fitness.body.read",
                    "http://vpn.desoline.com/vpn/configuration",
                    "https://www.googleapis.com/auth/fitness.nutrition.write",
                    "https://www.google.com/search?q=",
                    "https://www.googleapis.com/auth/games_lite",
                    "https://www.googleapis.com/auth/datastoremobile",
                    "https://www.googleapis.com/auth/fitness.oxygen_saturation.write",
                    "https://www.googleapis.com/auth/appstate",
                    "http://vpn.desoline.com/vpn/stat",
                    "https://www.googleapis.com/auth/fitness.blood_glucose.write",
                    "https://login.live.com",
                    "https://www.facebook.com",
                    "https://www.speedtest.net/speedtest-config.php",
                    "https://www.googleapis.com/auth/fitness.body.write",
                    "https://login.yahoo.com",
                    "https://pharid.com/vpnpro/api/login.php",
                    "https://www.googleapis.com/auth/drive.appdata",
                    "https://www.googleapis.com/auth/games.firstparty",
                    "https://www.googleapis.com/auth/fitness.reproductive_health.read",
                    "http://vpn.desoline.com/vpn/configuration/id?id=",
                    "http://desoline.com/privacy-policy-1",
                    "https://www.googleapis.com/auth/drive",
                    "https://www.googleapis.com/auth/fitness.blood_pressure.write",
                    "https://www.googleapis.com/auth/fitness.oxygen_saturation.read",
                    "http://www.w3.org/2000/svg",
                    "http://www.w3.org/TR/SVG11/feature#",
                    "https://www.googleapis.com/auth/drive.apps",
                    "http://schemas.android.com/apk/res/android",
                    "https://www.paypal.com",
                    "https://www.googleapis.com/auth/fitness.blood_glucose.read",
                    "https://pharid.com/privacy-policy/",
                    "https://www.googleapis.com/auth/fitness.activity.read",
                    "http://www.w3.org/1999/xlink"
                ]
            },
            "magic": "Zip archive data, at least v2.0 to extract",
            "last_analysis_stats": {
                "harmless": 0,
                "type-unsupported": 10,
                "suspicious": 0,
                "confirmed-timeout": 1,
                "timeout": 5,
                "failure": 0,
                "malicious": 2,
                "undetected": 57
            },
            "last_analysis_results": {
                "Bkav": {
                    "category": "undetected",
                    "engine_name": "Bkav",
                    "engine_version": "1.3.0.9899",
                    "result": null,
                    "method": "blacklist",
                    "engine_update": "20210726"
                },
                "Lionic": {
                    "category": "undetected",
                    "engine_name": "Lionic",
                    "engine_version": "4.2",
                    "result": null,
                    "method": "blacklist",
                    "engine_update": "20210729"
                },
                "Elastic": {
                    "category": "type-unsupported",
                    "engine_name": "Elastic",
                    "engine_version": "4.0.25",
                    "result": null,
                    "method": "blacklist",
                    "engine_update": "20210710"
                },
                "MicroWorld-eScan": {
                    "category": "undetected",
                    "engine_name": "MicroWorld-eScan",
                    "engine_version": "14.0.409.0",
                    "result": null,
                    "method": "blacklist",
                    "engine_update": "20210729"
                },
                "FireEye": {
                    "category": "undetected",
                    "engine_name": "FireEye",
                    "engine_version": "32.44.1.0",
                    "result": null,
                    "method": "blacklist",
                    "engine_update": "20210729"
                },
                "CAT-QuickHeal": {
                    "category": "undetected",
                    "engine_name": "CAT-QuickHeal",
                    "engine_version": "14.00",
                    "result": null,
                    "method": "blacklist",
                    "engine_update": "20210728"
                },
                "McAfee": {
                    "category": "undetected",
                    "engine_name": "McAfee",
                    "engine_version": "6.0.6.653",
                    "result": null,
                    "method": "blacklist",
                    "engine_update": "20210729"
                },
                "Malwarebytes": {
                    "category": "undetected",
                    "engine_name": "Malwarebytes",
                    "engine_version": "4.2.2.27",
                    "result": null,
                    "method": "blacklist",
                    "engine_update": "20210729"
                },
                "VIPRE": {
                    "category": "undetected",
                    "engine_name": "VIPRE",
                    "engine_version": "94346",
                    "result": null,
                    "method": "blacklist",
                    "engine_update": "20210729"
                },
                "Paloalto": {
                    "category": "type-unsupported",
                    "engine_name": "Paloalto",
                    "engine_version": "1.0",
                    "result": null,
                    "method": "blacklist",
                    "engine_update": "20210729"
                },
                "Sangfor": {
                    "category": "timeout",
                    "engine_name": "Sangfor",
                    "engine_version": "2.9.0.0",
                    "result": null,
                    "method": "blacklist",
                    "engine_update": "20210625"
                },
                "Trustlook": {
                    "category": "undetected",
                    "engine_name": "Trustlook",
                    "engine_version": "1.0",
                    "result": null,
                    "method": "blacklist",
                    "engine_update": "20210729"
                },
                "Alibaba": {
                    "category": "undetected",
                    "engine_name": "Alibaba",
                    "engine_version": "0.3.0.5",
                    "result": null,
                    "method": "blacklist",
                    "engine_update": "20190527"
                },
                "K7GW": {
                    "category": "undetected",
                    "engine_name": "K7GW",
                    "engine_version": "11.198.37837",
                    "result": null,
                    "method": "blacklist",
                    "engine_update": "20210729"
                },
                "K7AntiVirus": {
                    "category": "undetected",
                    "engine_name": "K7AntiVirus",
                    "engine_version": "11.198.37828",
                    "result": null,
                    "method": "blacklist",
                    "engine_update": "20210729"
                },
                "Arcabit": {
                    "category": "undetected",
                    "engine_name": "Arcabit",
                    "engine_version": "1.0.0.886",
                    "result": null,
                    "method": "blacklist",
                    "engine_update": "20210729"
                },
                "BitDefenderTheta": {
                    "category": "undetected",
                    "engine_name": "BitDefenderTheta",
                    "engine_version": "7.2.37796.0",
                    "result": null,
                    "method": "blacklist",
                    "engine_update": "20210721"
                },
                "Cyren": {
                    "category": "undetected",
                    "engine_name": "Cyren",
                    "engine_version": "6.3.0.2",
                    "result": null,
                    "method": "blacklist",
                    "engine_update": "20210729"
                },
                "SymantecMobileInsight": {
                    "category": "malicious",
                    "engine_name": "SymantecMobileInsight",
                    "engine_version": "2.0",
                    "result": "AdLibrary:Generisk",
                    "method": "blacklist",
                    "engine_update": "20210126"
                },
                "Symantec": {
                    "category": "undetected",
                    "engine_name": "Symantec",
                    "engine_version": "1.15.0.0",
                    "result": null,
                    "method": "blacklist",
                    "engine_update": "20210729"
                },
                "ESET-NOD32": {
                    "category": "undetected",
                    "engine_name": "ESET-NOD32",
                    "engine_version": "23704",
                    "result": null,
                    "method": "blacklist",
                    "engine_update": "20210729"
                },
                "Baidu": {
                    "category": "timeout",
                    "engine_name": "Baidu",
                    "engine_version": "1.0.0.2",
                    "result": null,
                    "method": "blacklist",
                    "engine_update": "20190318"
                },
                "TrendMicro-HouseCall": {
                    "category": "undetected",
                    "engine_name": "TrendMicro-HouseCall",
                    "engine_version": "10.0.0.1040",
                    "result": null,
                    "method": "blacklist",
                    "engine_update": "20210729"
                },
                "Avast": {
                    "category": "timeout",
                    "engine_name": "Avast",
                    "engine_version": "21.1.5827.0",
                    "result": null,
                    "method": "blacklist",
                    "engine_update": "20210729"
                },
                "ClamAV": {
                    "category": "undetected",
                    "engine_name": "ClamAV",
                    "engine_version": "0.103.3.0",
                    "result": null,
                    "method": "blacklist",
                    "engine_update": "20210728"
                },
                "Kaspersky": {
                    "category": "undetected",
                    "engine_name": "Kaspersky",
                    "engine_version": "21.0.1.45",
                    "result": null,
                    "method": "blacklist",
                    "engine_update": "20210729"
                },
                "BitDefender": {
                    "category": "undetected",
                    "engine_name": "BitDefender",
                    "engine_version": "7.2",
                    "result": null,
                    "method": "blacklist",
                    "engine_update": "20210729"
                },
                "NANO-Antivirus": {
                    "category": "undetected",
                    "engine_name": "NANO-Antivirus",
                    "engine_version": "1.0.146.25311",
                    "result": null,
                    "method": "blacklist",
                    "engine_update": "20210729"
                },
                "Cynet": {
                    "category": "type-unsupported",
                    "engine_name": "Cynet",
                    "engine_version": "4.0.0.27",
                    "result": null,
                    "method": "blacklist",
                    "engine_update": "20210729"
                },
                "SUPERAntiSpyware": {
                    "category": "undetected",
                    "engine_name": "SUPERAntiSpyware",
                    "engine_version": "5.6.0.1032",
                    "result": null,
                    "method": "blacklist",
                    "engine_update": "20210724"
                },
                "APEX": {
                    "category": "type-unsupported",
                    "engine_name": "APEX",
                    "engine_version": "6.191",
                    "result": null,
                    "method": "blacklist",
                    "engine_update": "20210728"
                },
                "Rising": {
                    "category": "undetected",
                    "engine_name": "Rising",
                    "engine_version": "25.0.0.26",
                    "result": null,
                    "method": "blacklist",
                    "engine_update": "20210728"
                },
                "Ad-Aware": {
                    "category": "undetected",
                    "engine_name": "Ad-Aware",
                    "engine_version": "3.0.21.179",
                    "result": null,
                    "method": "blacklist",
                    "engine_update": "20210729"
                },
                "Emsisoft": {
                    "category": "undetected",
                    "engine_name": "Emsisoft",
                    "engine_version": "2018.12.0.1641",
                    "result": null,
                    "method": "blacklist",
                    "engine_update": "20210729"
                },
                "Comodo": {
                    "category": "undetected",
                    "engine_name": "Comodo",
                    "engine_version": "33753",
                    "result": null,
                    "method": "blacklist",
                    "engine_update": "20210728"
                },
                "F-Secure": {
                    "category": "undetected",
                    "engine_name": "F-Secure",
                    "engine_version": "12.0.86.52",
                    "result": null,
                    "method": "blacklist",
                    "engine_update": "20210729"
                },
                "DrWeb": {
                    "category": "malicious",
                    "engine_name": "DrWeb",
                    "engine_version": "7.0.49.9080",
                    "result": "Android.Proxy.12.origin",
                    "method": "blacklist",
                    "engine_update": "20210729"
                },
                "Zillya": {
                    "category": "undetected",
                    "engine_name": "Zillya",
                    "engine_version": "2.0.0.4416",
                    "result": null,
                    "method": "blacklist",
                    "engine_update": "20210728"
                },
                "TrendMicro": {
                    "category": "undetected",
                    "engine_name": "TrendMicro",
                    "engine_version": "11.0.0.1006",
                    "result": null,
                    "method": "blacklist",
                    "engine_update": "20210729"
                },
                "McAfee-GW-Edition": {
                    "category": "undetected",
                    "engine_name": "McAfee-GW-Edition",
                    "engine_version": "v2019.1.2+3728",
                    "result": null,
                    "method": "blacklist",
                    "engine_update": "20210728"
                },
                "Trapmine": {
                    "category": "type-unsupported",
                    "engine_name": "Trapmine",
                    "engine_version": "3.5.0.1023",
                    "result": null,
                    "method": "blacklist",
                    "engine_update": "20200727"
                },
                "CMC": {
                    "category": "undetected",
                    "engine_name": "CMC",
                    "engine_version": "2.10.2019.1",
                    "result": null,
                    "method": "blacklist",
                    "engine_update": "20210624"
                },
                "Sophos": {
                    "category": "undetected",
                    "engine_name": "Sophos",
                    "engine_version": "1.3.0.0",
                    "result": null,
                    "method": "blacklist",
                    "engine_update": "20210729"
                },
                "Ikarus": {
                    "category": "undetected",
                    "engine_name": "Ikarus",
                    "engine_version": "0.1.5.2",
                    "result": null,
                    "method": "blacklist",
                    "engine_update": "20210728"
                },
                "Avast-Mobile": {
                    "category": "undetected",
                    "engine_name": "Avast-Mobile",
                    "engine_version": "210728-02",
                    "result": null,
                    "method": "blacklist",
                    "engine_update": "20210728"
                },
                "Jiangmin": {
                    "category": "undetected",
                    "engine_name": "Jiangmin",
                    "engine_version": "16.0.100",
                    "result": null,
                    "method": "blacklist",
                    "engine_update": "20210728"
                },
                "Webroot": {
                    "category": "type-unsupported",
                    "engine_name": "Webroot",
                    "engine_version": "1.0.0.403",
                    "result": null,
                    "method": "blacklist",
                    "engine_update": "20210729"
                },
                "Avira": {
                    "category": "undetected",
                    "engine_name": "Avira",
                    "engine_version": "8.3.3.12",
                    "result": null,
                    "method": "blacklist",
                    "engine_update": "20210729"
                },
                "eGambit": {
                    "category": "type-unsupported",
                    "engine_name": "eGambit",
                    "engine_version": null,
                    "result": null,
                    "method": "blacklist",
                    "engine_update": "20210729"
                },
                "Antiy-AVL": {
                    "category": "undetected",
                    "engine_name": "Antiy-AVL",
                    "engine_version": "3.0.0.1",
                    "result": null,
                    "method": "blacklist",
                    "engine_update": "20210729"
                },
                "Kingsoft": {
                    "category": "undetected",
                    "engine_name": "Kingsoft",
                    "engine_version": "2017.9.26.565",
                    "result": null,
                    "method": "blacklist",
                    "engine_update": "20210729"
                },
                "Gridinsoft": {
                    "category": "undetected",
                    "engine_name": "Gridinsoft",
                    "engine_version": "1.0.49.142",
                    "result": null,
                    "method": "blacklist",
                    "engine_update": "20210729"
                },
                "Microsoft": {
                    "category": "undetected",
                    "engine_name": "Microsoft",
                    "engine_version": "1.1.18400.4",
                    "result": null,
                    "method": "blacklist",
                    "engine_update": "20210729"
                },
                "ViRobot": {
                    "category": "undetected",
                    "engine_name": "ViRobot",
                    "engine_version": "2014.3.20.0",
                    "result": null,
                    "method": "blacklist",
                    "engine_update": "20210728"
                },
                "ZoneAlarm": {
                    "category": "undetected",
                    "engine_name": "ZoneAlarm",
                    "engine_version": "1.0",
                    "result": null,
                    "method": "blacklist",
                    "engine_update": "20210729"
                },
                "GData": {
                    "category": "undetected",
                    "engine_name": "GData",
                    "engine_version": "A:25.30423B:27.23890",
                    "result": null,
                    "method": "blacklist",
                    "engine_update": "20210729"
                },
                "TACHYON": {
                    "category": "undetected",
                    "engine_name": "TACHYON",
                    "engine_version": "2021-07-29.01",
                    "result": null,
                    "method": "blacklist",
                    "engine_update": "20210729"
                },
                "BitDefenderFalx": {
                    "category": "undetected",
                    "engine_name": "BitDefenderFalx",
                    "engine_version": "2.0.936",
                    "result": null,
                    "method": "blacklist",
                    "engine_update": "20210610"
                },
                "AhnLab-V3": {
                    "category": "undetected",
                    "engine_name": "AhnLab-V3",
                    "engine_version": "3.20.4.10148",
                    "result": null,
                    "method": "blacklist",
                    "engine_update": "20210729"
                },
                "Acronis": {
                    "category": "type-unsupported",
                    "engine_name": "Acronis",
                    "engine_version": "1.1.1.82",
                    "result": null,
                    "method": "blacklist",
                    "engine_update": "20210512"
                },
                "ALYac": {
                    "category": "undetected",
                    "engine_name": "ALYac",
                    "engine_version": "1.1.3.1",
                    "result": null,
                    "method": "blacklist",
                    "engine_update": "20210729"
                },
                "MAX": {
                    "category": "undetected",
                    "engine_name": "MAX",
                    "engine_version": "2019.9.16.1",
                    "result": null,
                    "method": "blacklist",
                    "engine_update": "20210729"
                },
                "VBA32": {
                    "category": "timeout",
                    "engine_name": "VBA32",
                    "engine_version": null,
                    "result": null,
                    "method": "blacklist",
                    "engine_update": "20210728"
                },
                "Cylance": {
                    "category": "timeout",
                    "engine_name": "Cylance",
                    "engine_version": "2.3.1.101",
                    "result": null,
                    "method": "blacklist",
                    "engine_update": "20210729"
                },
                "Zoner": {
                    "category": "undetected",
                    "engine_name": "Zoner",
                    "engine_version": "0.0.0.0",
                    "result": null,
                    "method": "blacklist",
                    "engine_update": "20210728"
                },
                "Tencent": {
                    "category": "undetected",
                    "engine_name": "Tencent",
                    "engine_version": "1.0.0.1",
                    "result": null,
                    "method": "blacklist",
                    "engine_update": "20210729"
                },
                "Yandex": {
                    "category": "undetected",
                    "engine_name": "Yandex",
                    "engine_version": "5.5.2.24",
                    "result": null,
                    "method": "blacklist",
                    "engine_update": "20210728"
                },
                "SentinelOne": {
                    "category": "undetected",
                    "engine_name": "SentinelOne",
                    "engine_version": "5.2.0.9",
                    "result": null,
                    "method": "blacklist",
                    "engine_update": "20210703"
                },
                "MaxSecure": {
                    "category": "undetected",
                    "engine_name": "MaxSecure",
                    "engine_version": "1.0.0.1",
                    "result": null,
                    "method": "blacklist",
                    "engine_update": "20210728"
                },
                "Fortinet": {
                    "category": "undetected",
                    "engine_name": "Fortinet",
                    "engine_version": "6.2.142.0",
                    "result": null,
                    "method": "blacklist",
                    "engine_update": "20210729"
                },
                "AVG": {
                    "category": "confirmed-timeout",
                    "engine_name": "AVG",
                    "engine_version": "21.1.5827.0",
                    "result": null,
                    "method": "blacklist",
                    "engine_update": "20210729"
                },
                "Cybereason": {
                    "category": "type-unsupported",
                    "engine_name": "Cybereason",
                    "engine_version": "1.2.449",
                    "result": null,
                    "method": "blacklist",
                    "engine_update": "20210330"
                },
                "Panda": {
                    "category": "undetected",
                    "engine_name": "Panda",
                    "engine_version": "4.6.4.2",
                    "result": null,
                    "method": "blacklist",
                    "engine_update": "20210728"
                },
                "CrowdStrike": {
                    "category": "type-unsupported",
                    "engine_name": "CrowdStrike",
                    "engine_version": "1.0",
                    "result": null,
                    "method": "blacklist",
                    "engine_update": "20210203"
                },
                "Qihoo-360": {
                    "category": "undetected",
                    "engine_name": "Qihoo-360",
                    "engine_version": "1.0.0.1300",
                    "result": null,
                    "method": "blacklist",
                    "engine_update": "20210729"
                }
            }
        },
        "type": "file",
        "id": "00012e8f2e49e601edc786cabab52fa844d50add7d3d09efd7f8b23e6ba42efb",
        "links": {
            "self": "https://www.virustotal.com/api/v3/files/00012e8f2e49e601edc786cabab52fa844d50add7d3d09efd7f8b23e6ba42efb"
        }
    }
}