{
    "data": {
        "attributes": {
            "type_description": "Android",
            "vhash": "1594a20ff338aec073fe9c863ad72719",
            "trid": [
                {
                    "file_type": "Android Package",
                    "probability": 63.6
                },
                {
                    "file_type": "Java Archive",
                    "probability": 17.5
                },
                {
                    "file_type": "Sweet Home 3D design (generic)",
                    "probability": 12.7
                },
                {
                    "file_type": "ZIP compressed archive",
                    "probability": 4.8
                },
                {
                    "file_type": "PrintFox/Pagefox bitmap (var. P)",
                    "probability": 1.2
                }
            ],
            "names": [
                "000234b3b17aa773825c5cc4512702add18509bdebb039f36aa6f5d0ee7a78b6.apk"
            ],
            "last_modification_date": 1562520511,
            "type_tag": "android",
            "times_submitted": 2,
            "total_votes": {
                "harmless": 0,
                "malicious": 0
            },
            "size": 19609814,
            "popular_threat_classification": {
                "suggested_threat_label": "jiagu",
                "popular_threat_name": [
                    {
                        "count": 2,
                        "value": "jiagu"
                    }
                ]
            },
            "last_submission_date": 1541969953,
            "last_analysis_results": {
                "Bkav": {
                    "category": "undetected",
                    "engine_name": "Bkav",
                    "engine_version": "1.3.0.10239",
                    "result": null,
                    "method": "blacklist",
                    "engine_update": "20190705"
                },
                "Lionic": {
                    "category": "undetected",
                    "engine_name": "AegisLab",
                    "engine_version": "4.2",
                    "result": null,
                    "method": "blacklist",
                    "engine_update": "20190707"
                },
                "TotalDefense": {
                    "category": "undetected",
                    "engine_name": "TotalDefense",
                    "engine_version": "37.1.62.1",
                    "result": null,
                    "method": "blacklist",
                    "engine_update": "20190707"
                },
                "MicroWorld-eScan": {
                    "category": "undetected",
                    "engine_name": "MicroWorld-eScan",
                    "engine_version": "14.0.297.0",
                    "result": null,
                    "method": "blacklist",
                    "engine_update": "20190707"
                },
                "CMC": {
                    "category": "undetected",
                    "engine_name": "CMC",
                    "engine_version": "1.1.0.977",
                    "result": null,
                    "method": "blacklist",
                    "engine_update": "20190321"
                },
                "CAT-QuickHeal": {
                    "category": "undetected",
                    "engine_name": "CAT-QuickHeal",
                    "engine_version": "14.00",
                    "result": null,
                    "method": "blacklist",
                    "engine_update": "20190706"
                },
                "McAfee": {
                    "category": "undetected",
                    "engine_name": "McAfee",
                    "engine_version": "6.0.6.653",
                    "result": null,
                    "method": "blacklist",
                    "engine_update": "20190707"
                },
                "Malwarebytes": {
                    "category": "undetected",
                    "engine_name": "Malwarebytes",
                    "engine_version": "2.1.1.1115",
                    "result": null,
                    "method": "blacklist",
                    "engine_update": "20190707"
                },
                "Zillya": {
                    "category": "undetected",
                    "engine_name": "Zillya",
                    "engine_version": "2.0.0.3847",
                    "result": null,
                    "method": "blacklist",
                    "engine_update": "20190705"
                },
                "Trustlook": {
                    "category": "undetected",
                    "engine_name": "Trustlook",
                    "engine_version": "1.0",
                    "result": null,
                    "method": "blacklist",
                    "engine_update": "20190707"
                },
                "Alibaba": {
                    "category": "undetected",
                    "engine_name": "Alibaba",
                    "engine_version": "0.3.0.5",
                    "result": null,
                    "method": "blacklist",
                    "engine_update": "20190527"
                },
                "K7GW": {
                    "category": "undetected",
                    "engine_name": "K7GW",
                    "engine_version": "11.53.31408",
                    "result": null,
                    "method": "blacklist",
                    "engine_update": "20190707"
                },
                "K7AntiVirus": {
                    "category": "undetected",
                    "engine_name": "K7AntiVirus",
                    "engine_version": "11.53.31408",
                    "result": null,
                    "method": "blacklist",
                    "engine_update": "20190707"
                },
                "Invincea": {
                    "category": "type-unsupported",
                    "engine_name": "Invincea",
                    "engine_version": "6.3.6.26157",
                    "result": null,
                    "method": "blacklist",
                    "engine_update": "20190525"
                },
                "Baidu": {
                    "category": "undetected",
                    "engine_name": "Baidu",
                    "engine_version": "1.0.0.2",
                    "result": null,
                    "method": "blacklist",
                    "engine_update": "20190318"
                },
                "F-Prot": {
                    "category": "undetected",
                    "engine_name": "F-Prot",
                    "engine_version": "4.7.1.166",
                    "result": null,
                    "method": "blacklist",
                    "engine_update": "20190707"
                },
                "SymantecMobileInsight": {
                    "category": "malicious",
                    "engine_name": "SymantecMobileInsight",
                    "engine_version": "2.0",
                    "result": "AdLibrary:Generisk",
                    "method": "blacklist",
                    "engine_update": "20190705"
                },
                "Symantec": {
                    "category": "undetected",
                    "engine_name": "Symantec",
                    "engine_version": "1.9.0.0",
                    "result": null,
                    "method": "blacklist",
                    "engine_update": "20190706"
                },
                "ESET-NOD32": {
                    "category": "malicious",
                    "engine_name": "ESET-NOD32",
                    "engine_version": "19644",
                    "result": "a variant of Android/Packed.Jiagu.D potentially unsafe",
                    "method": "blacklist",
                    "engine_update": "20190707"
                },
                "APEX": {
                    "category": "type-unsupported",
                    "engine_name": "APEX",
                    "engine_version": "5.35",
                    "result": null,
                    "method": "blacklist",
                    "engine_update": "20190705"
                },
                "TrendMicro-HouseCall": {
                    "category": "undetected",
                    "engine_name": "TrendMicro-HouseCall",
                    "engine_version": "10.0.0.1040",
                    "result": null,
                    "method": "blacklist",
                    "engine_update": "20190707"
                },
                "Avast": {
                    "category": "undetected",
                    "engine_name": "Avast",
                    "engine_version": "18.4.3895.0",
                    "result": null,
                    "method": "blacklist",
                    "engine_update": "20190707"
                },
                "ClamAV": {
                    "category": "undetected",
                    "engine_name": "ClamAV",
                    "engine_version": "0.101.2.0",
                    "result": null,
                    "method": "blacklist",
                    "engine_update": "20190706"
                },
                "Kaspersky": {
                    "category": "undetected",
                    "engine_name": "Kaspersky",
                    "engine_version": "15.0.1.13",
                    "result": null,
                    "method": "blacklist",
                    "engine_update": "20190707"
                },
                "BitDefender": {
                    "category": "undetected",
                    "engine_name": "BitDefender",
                    "engine_version": "7.2",
                    "result": null,
                    "method": "blacklist",
                    "engine_update": "20190707"
                },
                "NANO-Antivirus": {
                    "category": "undetected",
                    "engine_name": "NANO-Antivirus",
                    "engine_version": "1.0.134.24849",
                    "result": null,
                    "method": "blacklist",
                    "engine_update": "20190707"
                },
                "SUPERAntiSpyware": {
                    "category": "undetected",
                    "engine_name": "SUPERAntiSpyware",
                    "engine_version": "5.6.0.1032",
                    "result": null,
                    "method": "blacklist",
                    "engine_update": "20190705"
                },
                "Tencent": {
                    "category": "undetected",
                    "engine_name": "Tencent",
                    "engine_version": "1.0.0.1",
                    "result": null,
                    "method": "blacklist",
                    "engine_update": "20190707"
                },
                "Ad-Aware": {
                    "category": "undetected",
                    "engine_name": "Ad-Aware",
                    "engine_version": "3.0.5.370",
                    "result": null,
                    "method": "blacklist",
                    "engine_update": "20190707"
                },
                "Emsisoft": {
                    "category": "undetected",
                    "engine_name": "Emsisoft",
                    "engine_version": "2018.12.0.1641",
                    "result": null,
                    "method": "blacklist",
                    "engine_update": "20190707"
                },
                "Comodo": {
                    "category": "undetected",
                    "engine_name": "Comodo",
                    "engine_version": "31134",
                    "result": null,
                    "method": "blacklist",
                    "engine_update": "20190707"
                },
                "F-Secure": {
                    "category": "undetected",
                    "engine_name": "F-Secure",
                    "engine_version": "12.0.86.52",
                    "result": null,
                    "method": "blacklist",
                    "engine_update": "20190707"
                },
                "DrWeb": {
                    "category": "malicious",
                    "engine_name": "DrWeb",
                    "engine_version": "7.0.34.11020",
                    "result": "Adware.Gexin.3616",
                    "method": "blacklist",
                    "engine_update": "20190707"
                },
                "VIPRE": {
                    "category": "undetected",
                    "engine_name": "VIPRE",
                    "engine_version": "76244",
                    "result": null,
                    "method": "blacklist",
                    "engine_update": "20190707"
                },
                "TrendMicro": {
                    "category": "undetected",
                    "engine_name": "TrendMicro",
                    "engine_version": "10.0.0.1040",
                    "result": null,
                    "method": "blacklist",
                    "engine_update": "20190707"
                },
                "McAfee-GW-Edition": {
                    "category": "undetected",
                    "engine_name": "McAfee-GW-Edition",
                    "engine_version": "v2017.3010",
                    "result": null,
                    "method": "blacklist",
                    "engine_update": "20190707"
                },
                "SentinelOne": {
                    "category": "type-unsupported",
                    "engine_name": "SentinelOne",
                    "engine_version": "1.0.27.333",
                    "result": null,
                    "method": "blacklist",
                    "engine_update": "20190604"
                },
                "FireEye": {
                    "category": "undetected",
                    "engine_name": "FireEye",
                    "engine_version": "29.7.0.0",
                    "result": null,
                    "method": "blacklist",
                    "engine_update": "20190707"
                },
                "Sophos": {
                    "category": "undetected",
                    "engine_name": "Sophos",
                    "engine_version": "4.98.0",
                    "result": null,
                    "method": "blacklist",
                    "engine_update": "20190707"
                },
                "Paloalto": {
                    "category": "type-unsupported",
                    "engine_name": "Paloalto",
                    "engine_version": "1.0",
                    "result": null,
                    "method": "blacklist",
                    "engine_update": "20190707"
                },
                "Cyren": {
                    "category": "malicious",
                    "engine_name": "Cyren",
                    "engine_version": "6.2.0.1",
                    "result": "AndroidOS/Trojan.JNIP-7",
                    "method": "blacklist",
                    "engine_update": "20190707"
                },
                "Jiangmin": {
                    "category": "undetected",
                    "engine_name": "Jiangmin",
                    "engine_version": "16.0.100",
                    "result": null,
                    "method": "blacklist",
                    "engine_update": "20190707"
                },
                "Webroot": {
                    "category": "type-unsupported",
                    "engine_name": "Webroot",
                    "engine_version": "1.0.0.403",
                    "result": null,
                    "method": "blacklist",
                    "engine_update": "20190707"
                },
                "Avira": {
                    "category": "undetected",
                    "engine_name": "Avira",
                    "engine_version": "8.3.3.8",
                    "result": null,
                    "method": "blacklist",
                    "engine_update": "20190707"
                },
                "eGambit": {
                    "category": "type-unsupported",
                    "engine_name": "eGambit",
                    "engine_version": "v4.3.6",
                    "result": null,
                    "method": "blacklist",
                    "engine_update": "20190707"
                },
                "Fortinet": {
                    "category": "malicious",
                    "engine_name": "Fortinet",
                    "engine_version": "5.4.247.0",
                    "result": "Riskware/Jiagu!Android",
                    "method": "blacklist",
                    "engine_update": "20190707"
                },
                "Antiy-AVL": {
                    "category": "undetected",
                    "engine_name": "Antiy-AVL",
                    "engine_version": "3.0.0.1",
                    "result": null,
                    "method": "blacklist",
                    "engine_update": "20190707"
                },
                "Kingsoft": {
                    "category": "undetected",
                    "engine_name": "Kingsoft",
                    "engine_version": "2013.8.14.323",
                    "result": null,
                    "method": "blacklist",
                    "engine_update": "20190707"
                },
                "Endgame": {
                    "category": "type-unsupported",
                    "engine_name": "Endgame",
                    "engine_version": "3.0.12",
                    "result": null,
                    "method": "blacklist",
                    "engine_update": "20190522"
                },
                "Arcabit": {
                    "category": "undetected",
                    "engine_name": "Arcabit",
                    "engine_version": "1.0.0.850",
                    "result": null,
                    "method": "blacklist",
                    "engine_update": "20190707"
                },
                "ViRobot": {
                    "category": "undetected",
                    "engine_name": "ViRobot",
                    "engine_version": "2014.3.20.0",
                    "result": null,
                    "method": "blacklist",
                    "engine_update": "20190706"
                },
                "ZoneAlarm": {
                    "category": "undetected",
                    "engine_name": "ZoneAlarm",
                    "engine_version": "1.0",
                    "result": null,
                    "method": "blacklist",
                    "engine_update": "20190707"
                },
                "Avast-Mobile": {
                    "category": "undetected",
                    "engine_name": "Avast-Mobile",
                    "engine_version": "190706-00",
                    "result": null,
                    "method": "blacklist",
                    "engine_update": "20190706"
                },
                "Microsoft": {
                    "category": "undetected",
                    "engine_name": "Microsoft",
                    "engine_version": "1.1.16100.4",
                    "result": null,
                    "method": "blacklist",
                    "engine_update": "20190707"
                },
                "TACHYON": {
                    "category": "undetected",
                    "engine_name": "TACHYON",
                    "engine_version": "2019-07-06.02",
                    "result": null,
                    "method": "blacklist",
                    "engine_update": "20190706"
                },
                "AhnLab-V3": {
                    "category": "undetected",
                    "engine_name": "AhnLab-V3",
                    "engine_version": "3.15.3.24531",
                    "result": null,
                    "method": "blacklist",
                    "engine_update": "20190706"
                },
                "Acronis": {
                    "category": "type-unsupported",
                    "engine_name": "Acronis",
                    "engine_version": "1.0.1.51",
                    "result": null,
                    "method": "blacklist",
                    "engine_update": "20190706"
                },
                "VBA32": {
                    "category": "undetected",
                    "engine_name": "VBA32",
                    "engine_version": "4.0.0",
                    "result": null,
                    "method": "blacklist",
                    "engine_update": "20190705"
                },
                "MAX": {
                    "category": "undetected",
                    "engine_name": "MAX",
                    "engine_version": "2018.9.12.1",
                    "result": null,
                    "method": "blacklist",
                    "engine_update": "20190707"
                },
                "Cylance": {
                    "category": "type-unsupported",
                    "engine_name": "Cylance",
                    "engine_version": "2.3.1.101",
                    "result": null,
                    "method": "blacklist",
                    "engine_update": "20190707"
                },
                "Zoner": {
                    "category": "undetected",
                    "engine_name": "Zoner",
                    "engine_version": "1.0",
                    "result": null,
                    "method": "blacklist",
                    "engine_update": "20190707"
                },
                "Rising": {
                    "category": "undetected",
                    "engine_name": "Rising",
                    "engine_version": "25.0.0.24",
                    "result": null,
                    "method": "blacklist",
                    "engine_update": "20190707"
                },
                "Yandex": {
                    "category": "undetected",
                    "engine_name": "Yandex",
                    "engine_version": "5.5.2.24",
                    "result": null,
                    "method": "blacklist",
                    "engine_update": "20190705"
                },
                "Ikarus": {
                    "category": "malicious",
                    "engine_name": "Ikarus",
                    "engine_version": "0.1.5.2",
                    "result": "Packed.PUA.AndroidOS.Qihoo",
                    "method": "blacklist",
                    "engine_update": "20190706"
                },
                "MaxSecure": {
                    "category": "undetected",
                    "engine_name": "MaxSecure",
                    "engine_version": "1.0.0.1",
                    "result": null,
                    "method": "blacklist",
                    "engine_update": "20190705"
                },
                "GData": {
                    "category": "undetected",
                    "engine_name": "GData",
                    "engine_version": "A:25.22665B:25.15491",
                    "result": null,
                    "method": "blacklist",
                    "engine_update": "20190707"
                },
                "AVG": {
                    "category": "undetected",
                    "engine_name": "AVG",
                    "engine_version": "18.4.3895.0",
                    "result": null,
                    "method": "blacklist",
                    "engine_update": "20190707"
                },
                "Cybereason": {
                    "category": "type-unsupported",
                    "engine_name": "Cybereason",
                    "engine_version": "1.2.449",
                    "result": null,
                    "method": "blacklist",
                    "engine_update": "20190616"
                },
                "Panda": {
                    "category": "undetected",
                    "engine_name": "Panda",
                    "engine_version": "4.6.4.2",
                    "result": null,
                    "method": "blacklist",
                    "engine_update": "20190706"
                },
                "CrowdStrike": {
                    "category": "type-unsupported",
                    "engine_name": "CrowdStrike",
                    "engine_version": "1.0",
                    "result": null,
                    "method": "blacklist",
                    "engine_update": "20190212"
                },
                "Qihoo-360": {
                    "category": "undetected",
                    "engine_name": "Qihoo-360",
                    "engine_version": "1.0.0.1120",
                    "result": null,
                    "method": "blacklist",
                    "engine_update": "20190707"
                }
            },
            "sha256": "000234b3b17aa773825c5cc4512702add18509bdebb039f36aa6f5d0ee7a78b6",
            "type_extension": "apk",
            "tags": [
                "apk",
                "android",
                "contains-elf"
            ],
            "last_analysis_date": 1562484254,
            "unique_sources": 2,
            "first_submission_date": 1539590309,
            "sha1": "0c94a274667a79c5ce15d53a4307621b98970f9c",
            "ssdeep": "393216:6cvX2S5okGBJvj7ynUSEzZ/KjXx/nCq0DDtTpVhAOnTu/txZeA:jZekGjOnTE9y7xPCq0/TVhnnTuVxZeA",
            "bundle_info": {
                "highest_datetime": "2018-02-02 15:44:18",
                "lowest_datetime": "1980-01-01 00:00:00",
                "num_children": 1517,
                "extensions": {
                    "xml": 658,
                    "dex": 1,
                    "MF": 1,
                    "RSA": 1,
                    "jpg": 1,
                    "gif": 9,
                    "so": 32,
                    "SF": 1,
                    "png": 294
                },
                "file_types": {
                    "XML": 657,
                    "DEX": 1,
                    "unknown": 6,
                    "ELF": 32,
                    "GIF": 9,
                    "PNG": 295
                },
                "type": "APK",
                "uncompressed_size": 19046698
            },
            "md5": "c965a549c521f7258223147247f64fcb",
            "androguard": {
                "VTAndroidInfo": 1.41,
                "AndroidApplicationError": false,
                "MinSdkVersion": "16",
                "AndroguardVersion": "3.0-dev",
                "Activities": [
                    "com.com.example.guidepage.LoginActivity",
                    "com.com.example.guidepage.EnterActivity",
                    "com.com.example.guidepage.FirstActivity",
                    "com.com.example.guidepage.GuidePageActivity",
                    "com.com.example.guidepage.LoginSecondActivity",
                    "com.welive.first.ProtocolActivity",
                    "com.welive.first.CountryArea",
                    "com.welive.first.RegisteredActivity",
                    "com.welive.first.RegSuccessActivity",
                    "com.welive.first.RenZhengActivity",
                    "com.welive.first.RenzhengSuccess",
                    "com.welive.first.RenZhengFail",
                    "com.welive.first.RenzhengWait",
                    "com.welive.first.RenZhengPictureShow",
                    "com.welive.first.PwdForgetActivity",
                    "com.welive.first.PwdForgetSecondSetPassword",
                    "com.example.picture.PhotoPickerActivity",
                    "com.example.mainactivity.MainActivity",
                    "com.example.mainactivity.AreaCreateActivity",
                    "com.example.mainactivity.AreaChooseActivity",
                    "com.example.mainactivity.AreaCreateType",
                    "com.example.qrcode.activity.CaptureActivity",
                    "com.welive.openthedoor.OpenTheDoorQrCode",
                    "com.welive.openthedoor.OpenTheDoorActivity",
                    "com.welive.openthedoor.ximoPassWord.XmPwOpenDoorActivity",
                    "com.welive.openthedoor.OpenTheDoorPwdXm",
                    "com.welive.openthedoor.OpenTheDoorBluetoothXm",
                    "com.example.qrcode.activity.FkQrSuccessActivity",
                    "com.example.mainactivity.Announcement",
                    "com.example.mainactivity.AnnountDetial",
                    "com.example.mainactivity.ADInfodetailActivity",
                    "com.example.mainactivity.AnnountCreate",
                    "com.example.mainactivity.AnnountDiscussion",
                    "com.example.mainactivity.AnnountDiscussionMe",
                    "com.example.mainactivity.ComplaintsDetailNew",
                    "com.example.mainactivity.Complaints",
                    "com.example.mainactivity.ComplaintsArely",
                    "com.example.mainactivity.Secretaty",
                    "com.example.mainactivity.SecretatyDetial",
                    "com.example.mainapplication.PropertyList",
                    "com.example.mainapplication.PropertyDetailChange",
                    "com.example.mainapplication.PropertyDetailAdd",
                    "com.example.mainapplication.PropertyMainList",
                    "com.example.mainapplication.PropertyMainDetail",
                    "com.example.mainapplication.PayActivity",
                    "com.example.mainapplication.PayRecordListActivity",
                    "com.example.mainapplication.PayRecordListDetail",
                    "com.example.mainapplication.PayHistoryBill",
                    "com.example.mainapplication.PayHistoryBillActivity",
                    "com.example.mainapplication.PayHistoryDetail",
                    "com.example.mainapplication.UsersManager",
                    "com.example.mainapplication.UserAddNew",
                    "com.example.mainapplication.UserOptionActivity",
                    "com.example.mainapplication.UserMemberDetailNew",
                    "com.example.mainapplication.UserDataCardActivity",
                    "com.example.mainapplication.UserChangeName",
                    "com.example.mainapplication.UserRzActivity",
                    "com.example.mainapplication.GjSousuoActivity",
                    "com.example.mainapplication.VisitorDetailActivity",
                    "com.example.mainapplication.VisitorListActivity",
                    "com.example.mainapplication.NeightActivity",
                    "com.example.mainapplication.NeightDetailActivity",
                    "com.example.mainactivity.RepairNewActivity",
                    "com.example.mainactivity.RepairActivity",
                    "com.example.mainactivity.RepairReleaseTypeActivity",
                    "com.example.mainactivity.RepairReleaseActivity",
                    "com.example.mainactivity.RepairDetailActivity",
                    "com.example.mainapplication.RewardActivity",
                    "com.example.mainapplication.RewardDetail",
                    "com.example.mainapplication.RewardEditor",
                    "com.example.mainapplication.VoteActivity",
                    "com.example.mainapplication.VoteDetailActivity",
                    "com.example.mainapplication.VoteInitiateActivity",
                    "com.example.mainactivity.WanNengWebActivity",
                    "com.example.me.personalmessage.PersonalMessage",
                    "com.example.me.account.VipAgreetWebViewX5",
                    "com.example.me.InviteFriendWapActivity",
                    "com.example.me.personalmessage.HeadPhotoPersonal",
                    "com.example.me.personalmessage.PersonalCheckPermiss",
                    "com.example.me.personalmessage.PersonalChangePassword",
                    "com.example.me.personalmessage.PersonalChangeName",
                    "com.example.clipimage.picture.ClipImageActivity",
                    "com.example.me.companymessage.CompanyManagerSet",
                    "com.example.me.companymessage.CompanyManagerActivity",
                    "com.example.me.companymessage.CreateManager",
                    "com.example.me.companymessage.ManagersPermissList",
                    "com.example.me.companymessage.HeadPhotoConpany",
                    "com.example.me.companymessage.RankDetail",
                    "com.example.me.companymessage.RankDetailAdd",
                    "com.example.me.setting.SetActivity",
                    "com.example.me.setting.AboutWelive",
                    "com.example.me.setting.HelpCenter",
                    "com.example.me.setting.ProblemFeedback",
                    "com.example.me.account.PwdManger",
                    "com.example.me.account.BankCardValidation",
                    "com.example.me.account.BalanceSuccess",
                    "com.example.me.account.BillListActivity",
                    "com.example.me.account.BillListDetail",
                    "com.example.me.account.CompanyAccount",
                    "com.example.me.account.CompanyBankCard"
                ],
                "certificate": {
                    "Subject": {
                        "DN": "C:china, CN:zhong, L:xm, O:welive, ST:xm, OU:welive",
                        "C": "china",
                        "CN": "zhong",
                        "L": "xm",
                        "O": "welive",
                        "ST": "xm",
                        "OU": "welive"
                    },
                    "validto": "10:29 AM 09/25/2070",
                    "serialnumber": "cc046ff",
                    "thumbprint": "ace139c4c9765716c6b183e0d0f155e1dd758558",
                    "validfrom": "10:29 AM 12/23/2015",
                    "Issuer": {
                        "DN": "C:china, CN:zhong, L:xm, O:welive, ST:xm, OU:welive",
                        "C": "china",
                        "CN": "zhong",
                        "L": "xm",
                        "O": "welive",
                        "ST": "xm",
                        "OU": "welive"
                    }
                },
                "AndroidApplication": 1,
                "RiskIndicator": {
                    "APK": {
                        "DEX": 1,
                        "SHARED LIBRARIES": 32
                    },
                    "PERM": {
                        "PRIVACY": 8,
                        "DANGEROUS": 8,
                        "NORMAL": 12,
                        "SMS": 3,
                        "SIGNATUREORSYSTEM": 1,
                        "MONEY": 2,
                        "INTERNET": 1,
                        "SIGNATUREORSYSTEMORDEVELOPMENT": 1,
                        "GPS": 3
                    }
                },
                "Services": [
                    "com.getui.demo.DemoPushService",
                    "com.getui.demo.DemoIntentService",
                    "com.intelligoo.sdk.BluetoothLeService",
                    "com.intelligoo.sdk.AutoOpenService",
                    "com.igexin.sdk.PushService",
                    "com.igexin.download.DownloadService"
                ],
                "AndroidVersionCode": "28",
                "main_activity": "com.com.example.guidepage.LoginActivity",
                "Package": "org.welive",
                "intent_filters": {
                    "Services": {
                        "com.igexin.sdk.PushService": {
                            "action": [
                                "com.igexin.sdk.action.service.message"
                            ]
                        }
                    },
                    "Activities": {
                        "com.com.example.guidepage.LoginActivity": {
                            "action": [
                                "android.intent.action.MAIN"
                            ],
                            "category": [
                                "android.intent.category.LAUNCHER"
                            ]
                        },
                        "com.example.mainactivity.MainActivity": {
                            "action": [
                                "android.intent.action.CREATE_SHORTCUT"
                            ],
                            "category": [
                                "android.intent.category.DEFAULT"
                            ]
                        },
                        "com.umeng.qq.tencent.AuthActivity": {
                            "action": [
                                "android.intent.action.VIEW"
                            ],
                            "category": [
                                "android.intent.category.DEFAULT",
                                "android.intent.category.BROWSABLE"
                            ]
                        }
                    },
                    "Receivers": {
                        "com.igexin.download.DownloadReceiver": {
                            "action": [
                                "android.net.conn.CONNECTIVITY_CHANGE"
                            ]
                        },
                        "com.example.pay.wxpay.AppRegister": {
                            "action": [
                                "com.tencent.mm.plugin.openapi.Intent.ACTION_REFRESH_WXAPP"
                            ]
                        },
                        "com.welive.openthedoor.LLingResultReceiver": {
                            "action": [
                                "com.example.lling.act.LLING_KEY_TIME_SOON_VERIFY_WARN",
                                "com.example.lling.act.LLING_KEY_FORMAT_ERROR",
                                "com.example.lling.act.LLING_KEY_TIME_VERIFY_ERROR",
                                "com.example.lling.act.LLING_KEY_ACCOUNT_VERIFY_ERROR"
                            ]
                        },
                        "com.igexin.sdk.PushReceiver": {
                            "action": [
                                "android.intent.action.BOOT_COMPLETED",
                                "android.net.conn.CONNECTIVITY_CHANGE",
                                "android.intent.action.USER_PRESENT",
                                "com.igexin.sdk.action.refreshls",
                                "android.intent.action.MEDIA_MOUNTED",
                                "android.intent.action.ACTION_POWER_CONNECTED",
                                "android.intent.action.ACTION_POWER_DISCONNECTED"
                            ]
                        }
                    }
                },
                "AndroidVersionName": "2.3.1",
                "TargetSdkVersion": "25",
                "AndroidApplicationInfo": "APK",
                "Providers": [
                    "net.grandcentrix.tray.provider.TrayContentProvider",
                    "com.igexin.download.DownloadProvider",
                    "com.lzy.imagepicker.ImagePickerProvider"
                ],
                "permission_details": {
                    "android.permission.KILL_BACKGROUND_PROCESSES": {
                        "short_description": "kill background processes",
                        "full_description": "Allows an application to kill background processes of other applications, even if memory is not low.",
                        "permission_type": "normal"
                    },
                    "android.permission.READ_LOGS": {
                        "short_description": "read sensitive log data",
                        "full_description": "Allows an application to read from the system's various log files. This allows it to discover general information about what you are doing with the phone, potentially including personal or private information.",
                        "permission_type": "signatureOrSystemOrDevelopment"
                    },
                    "android.permission.ACCESS_COARSE_LOCATION": {
                        "short_description": "coarse (network-based) location",
                        "full_description": "Access coarse location sources, such as the mobile network database, to determine an approximate phone location, where available. Malicious applications can use this to determine approximately where you are.",
                        "permission_type": "dangerous"
                    },
                    "android.permission.BLUETOOTH": {
                        "short_description": "create Bluetooth connections",
                        "full_description": "Allows an application to view configuration of the local Bluetooth phone and to make and accept connections with paired devices.",
                        "permission_type": "dangerous"
                    },
                    "android.permission.CAMERA": {
                        "short_description": "take pictures and videos",
                        "full_description": "Allows application to take pictures and videos with the camera. This allows the application to collect images that the camera is seeing at any time.",
                        "permission_type": "dangerous"
                    },
                    "android.permission.INTERNET": {
                        "short_description": "full Internet access",
                        "full_description": "Allows an application to create network sockets.",
                        "permission_type": "dangerous"
                    },
                    "android.permission.BLUETOOTH_ADMIN": {
                        "short_description": "bluetooth administration",
                        "full_description": "Allows an application to configure the local Bluetooth phone and to discover and pair with remote devices.",
                        "permission_type": "dangerous"
                    },
                    "android.permission.WRITE_CONTACTS": {
                        "short_description": "write contact data",
                        "full_description": "Allows an application to modify the contact (address) data stored on your phone. Malicious applications can use this to erase or modify your contact data.",
                        "permission_type": "dangerous"
                    },
                    "android.permission.SEND_SMS": {
                        "short_description": "send SMS messages",
                        "full_description": "Allows application to send SMS messages. Malicious applications may cost you money by sending messages without your confirmation.",
                        "permission_type": "dangerous"
                    },
                    "android.permission.RECEIVE_USER_PRESENT": {
                        "short_description": "Unknown permission from android reference",
                        "full_description": "Unknown permission from android reference",
                        "permission_type": "normal"
                    },
                    "com.android.launcher.permission.INSTALL_SHORTCUT": {
                        "short_description": "Unknown permission from android reference",
                        "full_description": "Unknown permission from android reference",
                        "permission_type": "normal"
                    },
                    "android.permission.WRITE_SMS": {
                        "short_description": "edit SMS or MMS",
                        "full_description": "Allows application to write to SMS messages stored on your phone or SIM card. Malicious applications may delete your messages.",
                        "permission_type": "dangerous"
                    },
                    "android.permission.ACCESS_NETWORK_STATE": {
                        "short_description": "view network status",
                        "full_description": "Allows an application to view the status of all networks.",
                        "permission_type": "normal"
                    },
                    "android.permission.GET_TASKS": {
                        "short_description": "retrieve running applications",
                        "full_description": "Allows application to retrieve information about currently and recently running tasks. May allow malicious applications to discover private information about other applications.",
                        "permission_type": "dangerous"
                    },
                    "android.permission.WRITE_EXTERNAL_STORAGE": {
                        "short_description": "modify/delete SD card contents",
                        "full_description": "Allows an application to write to the SD card.",
                        "permission_type": "dangerous"
                    },
                    "android.permission.RECEIVE_SMS": {
                        "short_description": "receive SMS",
                        "full_description": "Allows application to receive and process SMS messages. Malicious applications may monitor your messages or delete them without showing them to you.",
                        "permission_type": "dangerous"
                    },
                    "android.permission.ACCESS_FINE_LOCATION": {
                        "short_description": "fine (GPS) location",
                        "full_description": "Access fine location sources, such as the Global Positioning System on the phone, where available. Malicious applications can use this to determine where you are and may consume additional battery power.",
                        "permission_type": "dangerous"
                    },
                    "android.permission.READ_EXTERNAL_STORAGE": {
                        "short_description": "read from external storage",
                        "full_description": "Allows an application to read from external storage",
                        "permission_type": "normal"
                    },
                    "android.permission.RECEIVE_BOOT_COMPLETED": {
                        "short_description": "automatically start at boot",
                        "full_description": "Allows an application to start itself as soon as the system has finished booting. This can make it take longer to start the phone and allow the application to slow down the overall phone by always running.",
                        "permission_type": "normal"
                    },
                    "android.permission.READ_CONTACTS": {
                        "short_description": "read contact data",
                        "full_description": "Allows an application to read all of the contact (address) data stored on your phone. Malicious applications can use this to send your data to other people.",
                        "permission_type": "dangerous"
                    },
                    "android.permission.VIBRATE": {
                        "short_description": "control vibrator",
                        "full_description": "Allows the application to control the vibrator.",
                        "permission_type": "normal"
                    },
                    "android.permission.BROADCAST_STICKY": {
                        "short_description": "send sticky broadcast",
                        "full_description": "Allows an application to send sticky broadcasts, which remain after the broadcast ends. Malicious applications can make the phone slow or unstable by causing it to use too much memory.",
                        "permission_type": "normal"
                    },
                    "android.permission.CALL_PHONE": {
                        "short_description": "directly call phone numbers",
                        "full_description": "Allows an application to initiate a phone call without going through the Dialer user interface for the user to confirm the call being placed. ",
                        "permission_type": "dangerous"
                    },
                    "android.permission.WRITE_SETTINGS": {
                        "short_description": "modify global system settings",
                        "full_description": "Allows an application to modify the system's settings data. Malicious applications can corrupt your system's configuration.",
                        "permission_type": "normal"
                    },
                    "android.permission.FLASHLIGHT": {
                        "short_description": "control flashlight",
                        "full_description": "Allows the application to control the flashlight.",
                        "permission_type": "normal"
                    },
                    "android.permission.READ_PHONE_STATE": {
                        "short_description": "read phone state and identity",
                        "full_description": "Allows the application to access the phone features of the device. An application with this permission can determine the phone number and serial number of this phone, whether a call is active, the number that call is connected to and so on.",
                        "permission_type": "dangerous"
                    },
                    "android.permission.MOUNT_UNMOUNT_FILESYSTEMS": {
                        "short_description": "mount and unmount file systems",
                        "full_description": "Allows the application to mount and unmount file systems for removable storage.",
                        "permission_type": "signatureOrSystem"
                    },
                    "android.permission.BATTERY_STATS": {
                        "short_description": "modify battery statistics",
                        "full_description": "Allows the modification of collected battery statistics. Not for use by normal applications.",
                        "permission_type": "dangerous"
                    },
                    "android.permission.SYSTEM_ALERT_WINDOW": {
                        "short_description": "display system-level alerts",
                        "full_description": "Allows an application to show system-alert windows. Malicious applications can take over the entire screen of the phone.",
                        "permission_type": "dangerous"
                    },
                    "android.permission.ACCESS_LOCATION_EXTRA_COMMANDS": {
                        "short_description": "access extra location provider commands",
                        "full_description": "Access extra location provider commands. Malicious applications could use this to interfere with the operation of the GPS or other location sources.",
                        "permission_type": "normal"
                    },
                    "android.permission.ACCESS_WIFI_STATE": {
                        "short_description": "view Wi-Fi status",
                        "full_description": "Allows an application to view the information about the status of Wi-Fi.",
                        "permission_type": "normal"
                    },
                    "android.permission.WAKE_LOCK": {
                        "short_description": "prevent phone from sleeping",
                        "full_description": "Allows an application to prevent the phone from going to sleep.",
                        "permission_type": "normal"
                    },
                    "android.permission.CHANGE_WIFI_STATE": {
                        "short_description": "change Wi-Fi status",
                        "full_description": "Allows an application to connect to and disconnect from Wi-Fi access points and to make changes to configured Wi-Fi networks.",
                        "permission_type": "dangerous"
                    },
                    "android.permission.RECORD_AUDIO": {
                        "short_description": "record audio",
                        "full_description": "Allows application to access the audio record path.",
                        "permission_type": "dangerous"
                    },
                    "getui.permission.GetuiService.org.welive": {
                        "short_description": "Unknown permission from android reference",
                        "full_description": "Unknown permission from android reference",
                        "permission_type": "normal"
                    },
                    "android.permission.MODIFY_AUDIO_SETTINGS": {
                        "short_description": "change your audio settings",
                        "full_description": "Allows application to modify global audio settings, such as volume and routing.",
                        "permission_type": "normal"
                    },
                    "android.permission.RESTART_PACKAGES": {
                        "short_description": "kill background processes",
                        "full_description": "Allows an application to kill background processes of other applications, even if memory is not low.",
                        "permission_type": "normal"
                    }
                },
                "Receivers": [
                    "com.welive.openthedoor.LLingResultReceiver",
                    "com.example.pay.wxpay.AppRegister",
                    "com.igexin.sdk.PushReceiver",
                    "com.igexin.download.DownloadReceiver"
                ],
                "StringsInformation": [
                    "http://f.appjiagu.com/jiagu/so/upgrade/1"
                ]
            },
            "magic": "Zip archive data, at least v2.0 to extract",
            "last_analysis_stats": {
                "harmless": 0,
                "type-unsupported": 11,
                "suspicious": 0,
                "confirmed-timeout": 0,
                "timeout": 0,
                "failure": 0,
                "malicious": 6,
                "undetected": 54
            },
            "meaningful_name": "000234b3b17aa773825c5cc4512702add18509bdebb039f36aa6f5d0ee7a78b6.apk",
            "reputation": 0
        },
        "type": "file",
        "id": "000234b3b17aa773825c5cc4512702add18509bdebb039f36aa6f5d0ee7a78b6",
        "links": {
            "self": "https://www.virustotal.com/api/v3/files/000234b3b17aa773825c5cc4512702add18509bdebb039f36aa6f5d0ee7a78b6"
        }
    }
}