{
    "data": {
        "attributes": {
            "type_description": "Android",
            "tlsh": "T18D472342B6A4EC1EC4B794334A5712A69115AE84CE05E7172A0CF36C59F3ACB5B8DFCC",
            "vhash": "644c6bd53ed1430260d271bd3b26dd06",
            "trid": [
                {
                    "file_type": "Android Package",
                    "probability": 27.7
                },
                {
                    "file_type": "SPSS Extension",
                    "probability": 21.6
                },
                {
                    "file_type": "OpenOffice Extension",
                    "probability": 15.5
                },
                {
                    "file_type": "Java Archive",
                    "probability": 9.7
                },
                {
                    "file_type": "VYM Mind Map",
                    "probability": 9.0
                }
            ],
            "crowdsourced_yara_results": [
                {
                    "description": "This signature identifies Adobe Extensible Metadata Platform (XMP) identifiers embedded within files. Defined as a standard for mapping graphical asset relationships, XMP allows for tracking of both parent-child relationships and individual revisions. There are three categories of identifiers: original document, document, and instance. Generally, XMP data is stored in XML format, updated on save/copy, and embedded within the graphical asset. These identifiers can be used to track both malicious and benign graphics within common Microsoft and Adobe document lures.",
                    "source": "https://github.com/InQuest/yara-rules-vt",
                    "author": "InQuest Labs",
                    "ruleset_name": "Adobe_XMP_Identifier",
                    "rule_name": "Adobe_XMP_Identifier",
                    "ruleset_id": "0121ae37cc"
                }
            ],
            "names": [
                "000031FF29EEB8E0C6A9EA0AE3AD5F9F2D307E2F7DC1A6CDE84B1BE2554AF05E.apk",
                "admobileapps.kpopmp3.apk"
            ],
            "last_modification_date": 1651130730,
            "type_tag": "android",
            "times_submitted": 5,
            "total_votes": {
                "harmless": 0,
                "malicious": 0
            },
            "size": 26787857,
            "type_extension": "apk",
            "last_submission_date": 1648097561,
            "last_analysis_results": {
                "Bkav": {
                    "category": "undetected",
                    "engine_name": "Bkav",
                    "engine_version": "1.3.0.9899",
                    "result": null,
                    "method": "blacklist",
                    "engine_update": "20220427"
                },
                "Lionic": {
                    "category": "undetected",
                    "engine_name": "Lionic",
                    "engine_version": "7.5",
                    "result": null,
                    "method": "blacklist",
                    "engine_update": "20220428"
                },
                "Elastic": {
                    "category": "undetected",
                    "engine_name": "Elastic",
                    "engine_version": "4.0.35",
                    "result": null,
                    "method": "blacklist",
                    "engine_update": "20220302"
                },
                "DrWeb": {
                    "category": "undetected",
                    "engine_name": "DrWeb",
                    "engine_version": "7.0.56.4040",
                    "result": null,
                    "method": "blacklist",
                    "engine_update": "20220428"
                },
                "MicroWorld-eScan": {
                    "category": "undetected",
                    "engine_name": "MicroWorld-eScan",
                    "engine_version": "14.0.409.0",
                    "result": null,
                    "method": "blacklist",
                    "engine_update": "20220428"
                },
                "FireEye": {
                    "category": "undetected",
                    "engine_name": "FireEye",
                    "engine_version": "35.24.1.0",
                    "result": null,
                    "method": "blacklist",
                    "engine_update": "20220428"
                },
                "CAT-QuickHeal": {
                    "category": "undetected",
                    "engine_name": "CAT-QuickHeal",
                    "engine_version": "14.00",
                    "result": null,
                    "method": "blacklist",
                    "engine_update": "20220427"
                },
                "McAfee": {
                    "category": "undetected",
                    "engine_name": "McAfee",
                    "engine_version": "6.0.6.653",
                    "result": null,
                    "method": "blacklist",
                    "engine_update": "20220428"
                },
                "Malwarebytes": {
                    "category": "undetected",
                    "engine_name": "Malwarebytes",
                    "engine_version": "4.2.2.27",
                    "result": null,
                    "method": "blacklist",
                    "engine_update": "20220428"
                },
                "Sangfor": {
                    "category": "undetected",
                    "engine_name": "Sangfor",
                    "engine_version": "2.14.0.0",
                    "result": null,
                    "method": "blacklist",
                    "engine_update": "20220415"
                },
                "Trustlook": {
                    "category": "undetected",
                    "engine_name": "Trustlook",
                    "engine_version": "1.0",
                    "result": null,
                    "method": "blacklist",
                    "engine_update": "20220428"
                },
                "Alibaba": {
                    "category": "undetected",
                    "engine_name": "Alibaba",
                    "engine_version": "0.3.0.5",
                    "result": null,
                    "method": "blacklist",
                    "engine_update": "20190527"
                },
                "K7GW": {
                    "category": "undetected",
                    "engine_name": "K7GW",
                    "engine_version": "12.9.42041",
                    "result": null,
                    "method": "blacklist",
                    "engine_update": "20220426"
                },
                "K7AntiVirus": {
                    "category": "undetected",
                    "engine_name": "K7AntiVirus",
                    "engine_version": "12.9.42060",
                    "result": null,
                    "method": "blacklist",
                    "engine_update": "20220428"
                },
                "BitDefenderTheta": {
                    "category": "undetected",
                    "engine_name": "BitDefenderTheta",
                    "engine_version": "7.2.37796.0",
                    "result": null,
                    "method": "blacklist",
                    "engine_update": "20220412"
                },
                "VirIT": {
                    "category": "undetected",
                    "engine_name": "VirIT",
                    "engine_version": "9.5.183",
                    "result": null,
                    "method": "blacklist",
                    "engine_update": "20220427"
                },
                "Cyren": {
                    "category": "undetected",
                    "engine_name": "Cyren",
                    "engine_version": "6.5.1.2",
                    "result": null,
                    "method": "blacklist",
                    "engine_update": "20220428"
                },
                "SymantecMobileInsight": {
                    "category": "undetected",
                    "engine_name": "SymantecMobileInsight",
                    "engine_version": "2.0",
                    "result": null,
                    "method": "blacklist",
                    "engine_update": "20220208"
                },
                "Symantec": {
                    "category": "undetected",
                    "engine_name": "Symantec",
                    "engine_version": "1.17.0.0",
                    "result": null,
                    "method": "blacklist",
                    "engine_update": "20220428"
                },
                "tehtris": {
                    "category": "type-unsupported",
                    "engine_name": "tehtris",
                    "engine_version": "v0.0.7",
                    "result": null,
                    "method": "blacklist",
                    "engine_update": "20220428"
                },
                "ESET-NOD32": {
                    "category": "undetected",
                    "engine_name": "ESET-NOD32",
                    "engine_version": "25178",
                    "result": null,
                    "method": "blacklist",
                    "engine_update": "20220428"
                },
                "APEX": {
                    "category": "type-unsupported",
                    "engine_name": "APEX",
                    "engine_version": "6.285",
                    "result": null,
                    "method": "blacklist",
                    "engine_update": "20220425"
                },
                "TrendMicro-HouseCall": {
                    "category": "undetected",
                    "engine_name": "TrendMicro-HouseCall",
                    "engine_version": "10.0.0.1040",
                    "result": null,
                    "method": "blacklist",
                    "engine_update": "20220428"
                },
                "Avast": {
                    "category": "undetected",
                    "engine_name": "Avast",
                    "engine_version": "21.1.5827.0",
                    "result": null,
                    "method": "blacklist",
                    "engine_update": "20220428"
                },
                "ClamAV": {
                    "category": "undetected",
                    "engine_name": "ClamAV",
                    "engine_version": "0.104.2.0",
                    "result": null,
                    "method": "blacklist",
                    "engine_update": "20220427"
                },
                "Kaspersky": {
                    "category": "undetected",
                    "engine_name": "Kaspersky",
                    "engine_version": "21.0.1.45",
                    "result": null,
                    "method": "blacklist",
                    "engine_update": "20220428"
                },
                "BitDefender": {
                    "category": "undetected",
                    "engine_name": "BitDefender",
                    "engine_version": "7.2",
                    "result": null,
                    "method": "blacklist",
                    "engine_update": "20220428"
                },
                "NANO-Antivirus": {
                    "category": "undetected",
                    "engine_name": "NANO-Antivirus",
                    "engine_version": "1.0.146.25576",
                    "result": null,
                    "method": "blacklist",
                    "engine_update": "20220428"
                },
                "Cynet": {
                    "category": "type-unsupported",
                    "engine_name": "Cynet",
                    "engine_version": "4.0.0.27",
                    "result": null,
                    "method": "blacklist",
                    "engine_update": "20220427"
                },
                "SUPERAntiSpyware": {
                    "category": "undetected",
                    "engine_name": "SUPERAntiSpyware",
                    "engine_version": "5.6.0.1032",
                    "result": null,
                    "method": "blacklist",
                    "engine_update": "20220423"
                },
                "Tencent": {
                    "category": "undetected",
                    "engine_name": "Tencent",
                    "engine_version": "1.0.0.1",
                    "result": null,
                    "method": "blacklist",
                    "engine_update": "20220428"
                },
                "Ad-Aware": {
                    "category": "undetected",
                    "engine_name": "Ad-Aware",
                    "engine_version": "3.0.21.193",
                    "result": null,
                    "method": "blacklist",
                    "engine_update": "20220428"
                },
                "Emsisoft": {
                    "category": "undetected",
                    "engine_name": "Emsisoft",
                    "engine_version": "2021.5.0.7597",
                    "result": null,
                    "method": "blacklist",
                    "engine_update": "20220428"
                },
                "Comodo": {
                    "category": "undetected",
                    "engine_name": "Comodo",
                    "engine_version": "34570",
                    "result": null,
                    "method": "blacklist",
                    "engine_update": "20220427"
                },
                "F-Secure": {
                    "category": "undetected",
                    "engine_name": "F-Secure",
                    "engine_version": "18.10.978-beta,1651052109v,1651056293h,1651055065c,1650632236t",
                    "result": null,
                    "method": "blacklist",
                    "engine_update": "20220427"
                },
                "Baidu": {
                    "category": "undetected",
                    "engine_name": "Baidu",
                    "engine_version": "1.0.0.2",
                    "result": null,
                    "method": "blacklist",
                    "engine_update": "20190318"
                },
                "Zillya": {
                    "category": "undetected",
                    "engine_name": "Zillya",
                    "engine_version": "2.0.0.4620",
                    "result": null,
                    "method": "blacklist",
                    "engine_update": "20220426"
                },
                "TrendMicro": {
                    "category": "undetected",
                    "engine_name": "TrendMicro",
                    "engine_version": "11.0.0.1006",
                    "result": null,
                    "method": "blacklist",
                    "engine_update": "20220428"
                },
                "McAfee-GW-Edition": {
                    "category": "undetected",
                    "engine_name": "McAfee-GW-Edition",
                    "engine_version": "v2019.1.2+3728",
                    "result": null,
                    "method": "blacklist",
                    "engine_update": "20220428"
                },
                "SentinelOne": {
                    "category": "type-unsupported",
                    "engine_name": "SentinelOne",
                    "engine_version": "22.2.1.2",
                    "result": null,
                    "method": "blacklist",
                    "engine_update": "20220330"
                },
                "Trapmine": {
                    "category": "type-unsupported",
                    "engine_name": "Trapmine",
                    "engine_version": "3.5.48.1",
                    "result": null,
                    "method": "blacklist",
                    "engine_update": "20220419"
                },
                "CMC": {
                    "category": "undetected",
                    "engine_name": "CMC",
                    "engine_version": "2.10.2019.1",
                    "result": null,
                    "method": "blacklist",
                    "engine_update": "20211026"
                },
                "Sophos": {
                    "category": "undetected",
                    "engine_name": "Sophos",
                    "engine_version": "1.4.1.0",
                    "result": null,
                    "method": "blacklist",
                    "engine_update": "20220428"
                },
                "Paloalto": {
                    "category": "type-unsupported",
                    "engine_name": "Paloalto",
                    "engine_version": "0.9.0.1003",
                    "result": null,
                    "method": "blacklist",
                    "engine_update": "20220428"
                },
                "Avast-Mobile": {
                    "category": "undetected",
                    "engine_name": "Avast-Mobile",
                    "engine_version": "220427-04",
                    "result": null,
                    "method": "blacklist",
                    "engine_update": "20220427"
                },
                "Jiangmin": {
                    "category": "undetected",
                    "engine_name": "Jiangmin",
                    "engine_version": "16.0.100",
                    "result": null,
                    "method": "blacklist",
                    "engine_update": "20220427"
                },
                "Webroot": {
                    "category": "type-unsupported",
                    "engine_name": "Webroot",
                    "engine_version": "1.0.0.403",
                    "result": null,
                    "method": "blacklist",
                    "engine_update": "20220428"
                },
                "Avira": {
                    "category": "undetected",
                    "engine_name": "Avira",
                    "engine_version": "8.3.3.14",
                    "result": null,
                    "method": "blacklist",
                    "engine_update": "20220427"
                },
                "Antiy-AVL": {
                    "category": "undetected",
                    "engine_name": "Antiy-AVL",
                    "engine_version": "3.0",
                    "result": null,
                    "method": "blacklist",
                    "engine_update": "20220428"
                },
                "Kingsoft": {
                    "category": "undetected",
                    "engine_name": "Kingsoft",
                    "engine_version": "2017.9.26.565",
                    "result": null,
                    "method": "blacklist",
                    "engine_update": "20220428"
                },
                "Microsoft": {
                    "category": "undetected",
                    "engine_name": "Microsoft",
                    "engine_version": "1.1.19200.5",
                    "result": null,
                    "method": "blacklist",
                    "engine_update": "20220428"
                },
                "Gridinsoft": {
                    "category": "undetected",
                    "engine_name": "Gridinsoft",
                    "engine_version": "1.0.76.174",
                    "result": null,
                    "method": "blacklist",
                    "engine_update": "20220428"
                },
                "Arcabit": {
                    "category": "undetected",
                    "engine_name": "Arcabit",
                    "engine_version": "1.0.0.889",
                    "result": null,
                    "method": "blacklist",
                    "engine_update": "20220428"
                },
                "ViRobot": {
                    "category": "undetected",
                    "engine_name": "ViRobot",
                    "engine_version": "2014.3.20.0",
                    "result": null,
                    "method": "blacklist",
                    "engine_update": "20220428"
                },
                "ZoneAlarm": {
                    "category": "undetected",
                    "engine_name": "ZoneAlarm",
                    "engine_version": "1.0",
                    "result": null,
                    "method": "blacklist",
                    "engine_update": "20220428"
                },
                "GData": {
                    "category": "undetected",
                    "engine_name": "GData",
                    "engine_version": "A:25.32905B:27.27166",
                    "result": null,
                    "method": "blacklist",
                    "engine_update": "20220428"
                },
                "TACHYON": {
                    "category": "undetected",
                    "engine_name": "TACHYON",
                    "engine_version": "2022-04-28.01",
                    "result": null,
                    "method": "blacklist",
                    "engine_update": "20220428"
                },
                "BitDefenderFalx": {
                    "category": "undetected",
                    "engine_name": "BitDefenderFalx",
                    "engine_version": "2.0.936",
                    "result": null,
                    "method": "blacklist",
                    "engine_update": "20220103"
                },
                "AhnLab-V3": {
                    "category": "undetected",
                    "engine_name": "AhnLab-V3",
                    "engine_version": "3.21.3.10230",
                    "result": null,
                    "method": "blacklist",
                    "engine_update": "20220428"
                },
                "Acronis": {
                    "category": "undetected",
                    "engine_name": "Acronis",
                    "engine_version": "1.2.0.108",
                    "result": null,
                    "method": "blacklist",
                    "engine_update": "20220426"
                },
                "ALYac": {
                    "category": "undetected",
                    "engine_name": "ALYac",
                    "engine_version": "1.1.3.1",
                    "result": null,
                    "method": "blacklist",
                    "engine_update": "20220428"
                },
                "MAX": {
                    "category": "undetected",
                    "engine_name": "MAX",
                    "engine_version": "2019.9.16.1",
                    "result": null,
                    "method": "blacklist",
                    "engine_update": "20220428"
                },
                "VBA32": {
                    "category": "undetected",
                    "engine_name": "VBA32",
                    "engine_version": "5.0.0",
                    "result": null,
                    "method": "blacklist",
                    "engine_update": "20220427"
                },
                "Cylance": {
                    "category": "type-unsupported",
                    "engine_name": "Cylance",
                    "engine_version": "2.3.1.101",
                    "result": null,
                    "method": "blacklist",
                    "engine_update": "20220428"
                },
                "Zoner": {
                    "category": "undetected",
                    "engine_name": "Zoner",
                    "engine_version": "2.2.2.0",
                    "result": null,
                    "method": "blacklist",
                    "engine_update": "20220427"
                },
                "Rising": {
                    "category": "undetected",
                    "engine_name": "Rising",
                    "engine_version": "25.0.0.27",
                    "result": null,
                    "method": "blacklist",
                    "engine_update": "20220428"
                },
                "Yandex": {
                    "category": "undetected",
                    "engine_name": "Yandex",
                    "engine_version": "5.5.2.24",
                    "result": null,
                    "method": "blacklist",
                    "engine_update": "20220427"
                },
                "Ikarus": {
                    "category": "undetected",
                    "engine_name": "Ikarus",
                    "engine_version": "6.0.23.0",
                    "result": null,
                    "method": "blacklist",
                    "engine_update": "20220427"
                },
                "MaxSecure": {
                    "category": "undetected",
                    "engine_name": "MaxSecure",
                    "engine_version": "1.0.0.1",
                    "result": null,
                    "method": "blacklist",
                    "engine_update": "20220427"
                },
                "Fortinet": {
                    "category": "undetected",
                    "engine_name": "Fortinet",
                    "engine_version": "6.2.142.0",
                    "result": null,
                    "method": "blacklist",
                    "engine_update": "20220428"
                },
                "Cybereason": {
                    "category": "type-unsupported",
                    "engine_name": "Cybereason",
                    "engine_version": "1.2.449",
                    "result": null,
                    "method": "blacklist",
                    "engine_update": "20210330"
                },
                "Panda": {
                    "category": "undetected",
                    "engine_name": "Panda",
                    "engine_version": "4.6.4.2",
                    "result": null,
                    "method": "blacklist",
                    "engine_update": "20220427"
                },
                "CrowdStrike": {
                    "category": "type-unsupported",
                    "engine_name": "CrowdStrike",
                    "engine_version": "1.0",
                    "result": null,
                    "method": "blacklist",
                    "engine_update": "20220418"
                }
            },
            "sha256": "000031ff29eeb8e0c6a9ea0ae3ad5f9f2d307e2f7dc1a6cde84b1be2554af05e",
            "tags": [
                "apk",
                "android",
                "runtime-modules",
                "reflection",
                "contains-elf"
            ],
            "last_analysis_date": 1651122169,
            "unique_sources": 3,
            "first_submission_date": 1591786536,
            "sha1": "795df7d9c173fd2396ac7316c3d5b27c7af26447",
            "ssdeep": "786432:/vm2f/0vYUW+VqySHSKU0XKgjh4XJjy/OQrP4/lT5KE:HmM/0vYUW+VqyySKU0XKsiZjy/F8p",
            "bundle_info": {
                "highest_datetime": "2019-12-03 20:56:10",
                "lowest_datetime": "1980-01-01 00:00:00",
                "num_children": 2146,
                "extensions": {
                    "xml": 153,
                    "dex": 2,
                    "txt": 2,
                    "so": 30,
                    "png": 419
                },
                "file_types": {
                    "XML": 153,
                    "DEX": 2,
                    "unknown": 347,
                    "ELF": 30,
                    "JPG": 6,
                    "JSON": 15,
                    "PNG": 447
                },
                "type": "APK",
                "uncompressed_size": 55788682
            },
            "packers": {
                "F-PROT": "appended"
            },
            "md5": "5df4c06ea1095e0a3a66f6081b7d3002",
            "androguard": {
                "VTAndroidInfo": 2.0,
                "Libraries": [
                    "com.google.android.maps",
                    "org.apache.http.legacy",
                    "android.test.runner"
                ],
                "AndroidApplicationError": false,
                "MinSdkVersion": "19",
                "AndroguardVersion": "3.4.0a1",
                "Activities": [
                    "com.goodbarber.v2.core.common.activities.SplashscreenActivity",
                    "com.goodbarber.v2.core.activities.ExternalOpeningActivity",
                    "com.goodbarber.v2.core.bookmarks.activities.BookmarkDetailActivity",
                    "com.goodbarber.v2.core.searchv4.activities.SearchDetailActivity",
                    "com.goodbarber.v2.core.commerce_search.activities.CommerceSearchDetailActivity",
                    "com.goodbarber.v2.core.roots.activities.TabBarRootBrowsingActivity",
                    "com.goodbarber.v2.core.articles.detail.activities.ArticleDetailClassicActivity",
                    "com.goodbarber.v2.core.articles.detail.activities.ArticleDetailToolbarUpActivity",
                    "com.goodbarber.v2.core.articles.detail.activities.ArticleDetailToolbarSwipeActivity",
                    "com.goodbarber.v2.core.articles.detail.activities.ArticleDetailToolbarAndroidActivity",
                    "com.goodbarber.v2.core.chat.detail.activities.ChatDetailActivity",
                    "com.goodbarber.v2.core.videos.detail.activities.VideoDetailClassicActivity",
                    "com.goodbarber.v2.core.videos.detail.activities.VideoDetailToolbarSwipeActivity",
                    "com.goodbarber.v2.core.videos.detail.activities.VideoDetailToolbarAndroidActivity",
                    "com.goodbarber.v2.core.videos.detail.activities.VideoDetailToolbarUpActivity",
                    "com.goodbarber.v2.core.photos.detail.activities.PhotoDetailActivity",
                    "com.goodbarber.v2.core.common.activities.OpenPhotoGalleryActivity",
                    "com.goodbarber.v2.core.twitter.detail.activities.TweetDetailActivity",
                    "com.goodbarber.v2.core.users.v1.profile.activities.ProfileListSettingsClassicActivity",
                    "com.goodbarber.v2.core.users.v1.profile.activities.ProfileListEditActivity",
                    "com.goodbarber.v2.core.users.v1.profile.activities.ProfilPublicDetailActivity",
                    "com.facebook.FacebookActivity",
                    "com.goodbarber.v2.core.submit.detail.activities.SubmitDetailClassicActivity",
                    "com.goodbarber.v2.core.common.activities.LoginTwitterActivity",
                    "com.goodbarber.v2.core.loyalty.punch.activities.LoyaltyQRCodeReaderActivity",
                    "com.goodbarber.v2.core.couponing.details.activities.CouponingDetailsActivity",
                    "com.goodbarber.v2.core.couponing.favorites.activities.CouponingFavoritesSavedActivity",
                    "com.goodbarber.v2.core.couponing.historical.activities.CouponingHistoricalActivity",
                    "com.goodbarber.v2.core.sounds.detail.activities.SoundPodcastDetailToolbarUpActivity",
                    "com.goodbarber.v2.core.sounds.detail.activities.SoundPodcastDetailToolbarAndroidActivity",
                    "com.goodbarber.v2.core.sounds.detail.activities.SoundPodcastDetailToolbarSwipeActivity",
                    "com.goodbarber.v2.core.events.detail.activities.EventDetailActivity",
                    "com.goodbarber.v2.core.maps.detail.activities.MapsDetailClassicActivity",
                    "com.goodbarber.v2.core.settings.activities.SettingsDetailClassicActivity",
                    "com.goodbarber.v2.core.common.activities.VideoPlayerActivity",
                    "com.goodbarber.v2.core.common.activities.DailymotionVideoPlayerActivity",
                    "com.goodbarber.v2.core.common.activities.HTML5VideoFullScreenActivity",
                    "com.goodbarber.v2.core.comments.standard.activities.CommentListActivity",
                    "com.goodbarber.v2.core.chat.search.activities.ChatNewMessageActivity",
                    "com.goodbarber.v2.core.comments.standard.activities.CommentPostActivity",
                    "com.goodbarber.v2.core.common.activities.CustomBrowserActivity",
                    "com.goodbarber.v2.core.sounds.detail.activities.SoundCloudDetailActivity",
                    "com.goodbarber.v2.core.common.activities.AdInterstitialActivity",
                    "com.google.android.gms.ads.AdActivity",
                    "com.swelen.ads.SwelenAdActivity",
                    "com.goodbarber.v2.core.roots.activities.SlateRootBrowsingActivity",
                    "com.goodbarber.v2.core.roots.activities.SwipeRootBrowsingActivity",
                    "com.goodbarber.v2.core.roots.activities.LittleSwipeRootBrowsingActivity",
                    "com.goodbarber.v2.core.roots.activities.OldGridRootBrowsingActivity",
                    "com.goodbarber.v2.core.roots.activities.GhostRootBrowsingActivity",
                    "com.goodbarber.v2.core.common.activities.HomeRootActivity",
                    "com.goodbarber.v2.core.roots.activities.ScratchRootBrowsingActivity",
                    "com.mobfox.sdk.interstitialads.InterstitialActivity",
                    "com.smaato.soma.interstitial.InterstitialActivity",
                    "com.smaato.soma.ExpandedBannerActivity",
                    "com.goodbarber.v2.core.notifications.activities.NotificationActivity",
                    "com.goodbarber.v2.core.comments.disqus.DisqusCommentsActivity",
                    "com.goodbarber.v2.core.common.activities.DeepLinkActivity",
                    "com.goodbarber.v2.core.users.v1.login.activities.LoginOrSignupActivity",
                    "com.goodbarber.v2.core.users.v1.login.activities.TermsDetailClassicActivity",
                    "com.goodbarber.v2.core.common.activities.PictureDetailWithAnimationActivity",
                    "com.goodbarber.v2.core.users.v1.search.activities.UsersSearchActivity",
                    "com.facebook.ads.InterstitialAdActivity",
                    "com.goodbarber.v2.core.notifications.activities.NotifViewActivity",
                    "com.goodbarber.v2.core.users.activities.GBLoginActivity",
                    "com.goodbarber.v2.core.users.v1.profile.activities.ProfilePushsListActivity",
                    "com.goodbarber.v2.core.loyalty.gifts.activities.LoyaltyGiftListActivity",
                    "com.goodbarber.v2.core.loyalty.gifts.activities.LoyaltyGiftDetailActivity",
                    "com.goodbarber.v2.core.loyalty.gifts.activities.LoyaltyHistoricalListGiftsActivity",
                    "com.goodbarber.v2.core.common.activities.NotFoundActivity",
                    "com.goodbarber.v2.core.common.activities.GoneFishingActivity",
                    "com.goodbarber.v2.core.searchv4.activities.SearchActivityClassic",
                    "com.goodbarber.v2.core.users.v2.profile.activities.ProfileCustomerActivity",
                    "com.goodbarber.v2.core.users.v2.login.activities.LoginOrSignupV2Activity",
                    "com.goodbarber.v2.core.users.v2.login.activities.LoginForgotPasswordV2Activity",
                    "com.goodbarber.v2.core.users.v2.profile.activities.ProfileActionScreenActivity",
                    "com.goodbarber.v2.core.commerce.catalog.detail.activities.CatalogProductDetailActivity",
                    "com.goodbarber.v2.core.commerce.checkout.activities.CommerceCheckoutActivity",
                    "com.goodbarber.v2.core.commerce.checkout.activities.CommercePaymentExternalAuthorizationActivity",
                    "com.goodbarber.v2.core.commerce.checkout.activities.CommercePaymentLoadingCallbackActivity",
                    "com.goodbarber.v2.core.commerce.checkout.activities.CommercePaymentSuccessActivity",
                    "com.goodbarber.v2.core.commerce.checkout.activities.CommerceCheckoutTermsOfServiceActivity",
                    "com.goodbarber.v2.core.common.activities.PhotoSlideshowActivity",
                    "com.goodbarber.v2.core.commerce_search.CommerceSearchActivity",
                    "com.goodbarber.v2.core.users.v2.profile.activities.ProfileOrderDetailActivity",
                    "com.goodbarber.v2.core.users.v2.profile.activities.ProfileCustomerPushActivity",
                    "com.goodbarber.v2.core.commerce.checkout.activities.CommerceCheckoutCustomerActivity",
                    "com.goodbarber.v2.core.commerce.policy.activities.RootingPrivacyActivity",
                    "com.stripe.android.view.AddSourceActivity",
                    "com.stripe.android.view.PaymentMethodsActivity",
                    "com.stripe.android.view.PaymentFlowActivity",
                    "com.facebook.CustomTabMainActivity",
                    "com.facebook.CustomTabActivity",
                    "com.google.android.gms.common.api.GoogleApiActivity",
                    "com.facebook.ads.AudienceNetworkActivity",
                    "io.card.payment.CardIOActivity",
                    "io.card.payment.DataEntryActivity"
                ],
                "certificate": {
                    "Subject": {
                        "DN": "C:US, CN:Android, L:Mountain View, O:Google Inc., ST:California, OU:Android",
                        "C": "US",
                        "CN": "Android",
                        "L": "Mountain View",
                        "O": "Google Inc.",
                        "ST": "California",
                        "OU": "Android"
                    },
                    "validto": "2049-12-04 04:55:33",
                    "serialnumber": "8375083fa3117cf80d6b71917a9db281a3067275",
                    "thumbprint": "047567df0c62a8d7fd4ffba68a6ab50f9acdfb36",
                    "validfrom": "2019-12-04 04:55:33",
                    "Issuer": {
                        "DN": "C:US, CN:Android, L:Mountain View, O:Google Inc., ST:California, OU:Android",
                        "C": "US",
                        "CN": "Android",
                        "L": "Mountain View",
                        "O": "Google Inc.",
                        "ST": "California",
                        "OU": "Android"
                    }
                },
                "AndroidApplication": 1,
                "RiskIndicator": {
                    "APK": {
                        "DEX": 2
                    },
                    "PERM": {
                        "INSTANT": 4,
                        "PRIVACY": 3,
                        "DANGEROUS": 1,
                        "NORMAL": 5,
                        "INTERNET": 1,
                        "GPS": 2
                    }
                },
                "Services": [
                    "com.goodbarber.v2.FCMIntentService",
                    "com.goodbarber.v2.FCMRefreshService",
                    "com.goodbarber.v2.FCMRegistrationService",
                    "com.goodbarber.v2.core.commerce.services.CommerceOnConnectionService",
                    "com.goodbarber.v2.core.commerce.services.CommercePreloadService",
                    "org.openudid.OpenUDID_service",
                    "com.goodbarber.v2.core.geofence.GeofenceLoaderService",
                    "com.goodbarber.v2.core.common.music.MusicService",
                    "com.google.firebase.messaging.FirebaseMessagingService",
                    "com.google.firebase.components.ComponentDiscoveryService",
                    "com.google.android.gms.measurement.AppMeasurementService",
                    "com.google.android.gms.measurement.AppMeasurementJobService",
                    "com.google.firebase.iid.FirebaseInstanceIdService"
                ],
                "AndroidVersionCode": "10",
                "main_activity": "com.goodbarber.v2.core.common.activities.SplashscreenActivity",
                "Package": "admobileapps.kpopmp3",
                "intent_filters": {
                    "Services": {
                        "com.goodbarber.v2.core.common.music.MusicService": {
                            "action": [
                                "android.intent.action.MEDIA_BUTTON",
                                "android.media.browse.MediaBrowserService"
                            ]
                        },
                        "com.google.firebase.messaging.FirebaseMessagingService": {
                            "action": [
                                "com.google.firebase.MESSAGING_EVENT"
                            ]
                        },
                        "org.openudid.OpenUDID_service": {
                            "action": [
                                "org.openudid.GETUDID"
                            ]
                        },
                        "com.goodbarber.v2.FCMIntentService": {
                            "action": [
                                "com.google.firebase.MESSAGING_EVENT"
                            ]
                        },
                        "com.goodbarber.v2.FCMRefreshService": {
                            "action": [
                                "com.google.firebase.INSTANCE_ID_EVENT"
                            ]
                        },
                        "com.google.firebase.iid.FirebaseInstanceIdService": {
                            "action": [
                                "com.google.firebase.INSTANCE_ID_EVENT"
                            ]
                        }
                    },
                    "Activities": {
                        "com.goodbarber.v2.core.common.activities.LoginTwitterActivity": {
                            "action": [
                                "android.intent.action.VIEW"
                            ],
                            "category": [
                                "android.intent.category.DEFAULT",
                                "android.intent.category.BROWSABLE"
                            ]
                        },
                        "com.goodbarber.v2.core.common.activities.SplashscreenActivity": {
                            "action": [
                                "android.intent.action.MAIN"
                            ],
                            "category": [
                                "android.intent.category.LAUNCHER"
                            ]
                        },
                        "com.goodbarber.v2.core.activities.ExternalOpeningActivity": {
                            "action": [
                                "android.intent.action.VIEW"
                            ],
                            "category": [
                                "android.intent.category.DEFAULT",
                                "android.intent.category.BROWSABLE"
                            ]
                        }
                    },
                    "Receivers": {
                        "com.facebook.CampaignTrackingReceiver": {
                            "action": [
                                "com.android.vending.INSTALL_REFERRER"
                            ]
                        },
                        "com.google.firebase.iid.FirebaseInstanceIdReceiver": {
                            "action": [
                                "com.google.android.c2dm.intent.RECEIVE"
                            ]
                        },
                        "com.facebook.CurrentAccessTokenExpirationBroadcastReceiver": {
                            "action": [
                                "com.facebook.sdk.ACTION_CURRENT_ACCESS_TOKEN_CHANGED"
                            ]
                        },
                        "com.google.android.gms.measurement.AppMeasurementInstallReferrerReceiver": {
                            "action": [
                                "com.android.vending.INSTALL_REFERRER"
                            ]
                        },
                        "com.goodbarber.v2.core.geofence.GeofenceBootReceiver": {
                            "action": [
                                "android.intent.action.BOOT_COMPLETED"
                            ]
                        },
                        "android.support.v4.media.session.MediaButtonReceiver": {
                            "action": [
                                "android.intent.action.MEDIA_BUTTON"
                            ]
                        }
                    }
                },
                "AndroidVersionName": "1.0",
                "TargetSdkVersion": "28",
                "AndroidApplicationInfo": "APK",
                "Providers": [
                    "com.google.firebase.provider.FirebaseInitProvider",
                    "android.arch.lifecycle.ProcessLifecycleOwnerInitializer",
                    "com.facebook.internal.FacebookInitProvider",
                    "com.crashlytics.android.CrashlyticsInitProvider"
                ],
                "permission_details": {
                    "android.permission.ACCESS_FINE_LOCATION": {
                        "short_description": "access precise location (GPS and\n      network-based)",
                        "full_description": "This app can get your location based on GPS or network location sources such as cell towers and Wi-Fi networks. These location services must be turned on and available on your phone for the app to be able to use them. This may increase battery consumption.",
                        "permission_type": "dangerous|instant"
                    },
                    "android.permission.VIBRATE": {
                        "short_description": "control vibration",
                        "full_description": "Allows the app to control the vibrator.",
                        "permission_type": "normal|instant"
                    },
                    "com.google.android.c2dm.permission.RECEIVE": {
                        "short_description": "Unknown permission from android reference",
                        "full_description": "Unknown permission from android reference",
                        "permission_type": "normal"
                    },
                    "android.permission.CAMERA": {
                        "short_description": "take pictures and videos",
                        "full_description": "This app can take pictures and record videos using the camera at any time.",
                        "permission_type": "dangerous|instant"
                    },
                    "android.permission.ACCESS_COARSE_LOCATION": {
                        "short_description": "access approximate location\n      (network-based)",
                        "full_description": "This app can get your location based on network sources such as cell towers and Wi-Fi networks. These location services must be turned on and available on your phone for the app to be able to use them.",
                        "permission_type": "dangerous|instant"
                    },
                    "android.permission.WAKE_LOCK": {
                        "short_description": "prevent phone from sleeping",
                        "full_description": "Allows the app to prevent the phone from going to sleep.",
                        "permission_type": "normal|instant"
                    },
                    "com.google.android.finsky.permission.BIND_GET_INSTALL_REFERRER_SERVICE": {
                        "short_description": "Unknown permission from android reference",
                        "full_description": "Unknown permission from android reference",
                        "permission_type": "normal"
                    },
                    "android.permission.ACCESS_WIFI_STATE": {
                        "short_description": "view Wi-Fi connections",
                        "full_description": "Allows the app to view information\n      about Wi-Fi networking, such as whether Wi-Fi is enabled and name of\n      connected Wi-Fi devices.",
                        "permission_type": "normal"
                    },
                    "android.permission.INTERNET": {
                        "short_description": "have full network access",
                        "full_description": "Allows the app to create\n     network sockets and use custom network protocols. The browser and other\n     applications provide means to send data to the internet, so this\n     permission is not required to send data to the internet.",
                        "permission_type": "normal|instant"
                    },
                    "android.permission.ACCESS_NETWORK_STATE": {
                        "short_description": "view network connections",
                        "full_description": "Allows the app to view\n      information about network connections such as which networks exist and are\n      connected.",
                        "permission_type": "normal|instant"
                    },
                    "android.permission.FOREGROUND_SERVICE": {
                        "short_description": "run foreground service",
                        "full_description": "Allows the app to make use of foreground services.",
                        "permission_type": "normal|instant"
                    },
                    "android.permission.WRITE_EXTERNAL_STORAGE": {
                        "short_description": "modify or delete the contents of your SD card",
                        "full_description": "Allows the app to write to the SD card.",
                        "permission_type": "dangerous"
                    }
                },
                "Receivers": [
                    "com.goodbarber.v2.core.geofence.GeofenceHandlerBroadcast",
                    "com.goodbarber.v2.core.geofence.GeofenceBootReceiver",
                    "android.support.v4.media.session.MediaButtonReceiver",
                    "com.goodbarber.v2.ReplyNotificationBroadcastReceiver",
                    "com.google.android.gms.measurement.AppMeasurementReceiver",
                    "com.google.android.gms.measurement.AppMeasurementInstallReferrerReceiver",
                    "com.google.firebase.iid.FirebaseInstanceIdReceiver",
                    "com.facebook.CurrentAccessTokenExpirationBroadcastReceiver",
                    "com.facebook.CampaignTrackingReceiver"
                ],
                "StringsInformation": [
                    "http://%s:%d/%s",
                    "http://127.0.0.1",
                    "http://data.flurry.com/aap.do",
                    "http://disqus.com",
                    "http://disqus.com/_ax/facebook/complete",
                    "http://disqus.com/_ax/google/complete",
                    "http://disqus.com/_ax/twitter/complete",
                    "http://disqus.com/next/login-success",
                    "http://disqus.com/next/login/?forum=",
                    "http://docs.google.com/gview?embedded=true&url=",
                    "http://docs.google.com/viewer?url=",
                    "http://drive.google.com/viewerng/viewer?embedded=true&url=",
                    "http://maps.google.com/",
                    "http://maps.google.com/maps?daddr=",
                    "http://maps.google.com/maps?q=loc:",
                    "http://maps.google.com/maps?saddr=",
                    "http://play.google.com/store/apps/",
                    "http://play.google.com/store/apps/details?id=com.facebook.orca",
                    "http://schemas.android.com/apk/res/android",
                    "http://www.dailymotion.com/embed/video/%s?html=1&fullscreen=%s&app=%s&api=location",
                    "http://www.example.com",
                    "http://www.facebook.com",
                    "https://.facebook.com",
                    "https://api.goodbarber.net",
                    "https://api.goodbarber.net/loyaltyapi/punch_card/details/",
                    "https://api.goodbarber.net/loyaltyapi/punch_card/punch/",
                    "https://api.goodbarber.net/loyaltyapi/reward/list/",
                    "https://api.goodbarber.net/loyaltyapi/user_club_card/details/",
                    "https://api.goodbarber.net/loyaltyapi/user_reward/details/",
                    "https://api.goodbarber.net/loyaltyapi/user_reward/geoloc_reward/",
                    "https://api.goodbarber.net/loyaltyapi/user_reward/list/",
                    "https://api.goodbarber.net/loyaltyapi/user_reward/redeem/",
                    "https://api.goodbarber.net/pushapi/commerce/history/",
                    "https://api.goodbarber.net/pushapi/geofencing/list/",
                    "https://api.goodbarber.net/pushapi/geopush/list/",
                    "https://api.goodbarber.net/pushapi/geopush/ping/",
                    "https://api.goodbarber.net/pushapi/history/",
                    "https://api.goodbarber.net/pushapi/listAutoPush/",
                    "https://api.goodbarber.net/pushapi/optedOutAutoPush/",
                    "https://api.goodbarber.net/pushapi/ping/",
                    "https://api.goodbarber.net/statsapi/stats/v2/",
                    "https://api.goodbarber.net/userapi/app/searchUsers/",
                    "https://api.twitter.com/1.1/account/verify_credentials.json",
                    "https://chat.good-api.net/authToken/",
                    "https://chat.good-api.net/blacklist/",
                    "https://chat.good-api.net/oneToOne/",
                    "https://chat.good-api.net/openChatList/",
                    "https://chat.good-api.net/spamList/",
                    "https://chat.good-api.net/userListProxy/",
                    "https://commerce.ww-api.com/commerceapi/v1/front/",
                    "https://commerce.ww-api.com/commerceapi/v1/front/%s/aggregate/",
                    "https://commerce.ww-api.com/commerceapi/v1/front/checkout/%s/orders/%s/?page=%s&per_page=%s",
                    "https://commerce.ww-api.com/commerceapi/v1/front/checkout/%s/orders/%s/order/%s/",
                    "https://commerce.ww-api.com/commerceapi/v1/front/front_url/",
                    "https://commerce.ww-api.com/commerceapi/v1/front/payment/%s/availableServices/",
                    "https://commerce.ww-api.com/commerceapi/v1/front/payment/%s/order/%s/cb/getPaymentStatus/",
                    "https://commerce.ww-api.com/commerceapi/v1/front/payment/%s/order/%s/cb/pay/",
                    "https://commerce.ww-api.com/commerceapi/v1/front/payment/%s/order/%s/gpay/pay/",
                    "https://commerce.ww-api.com/commerceapi/v1/front/payment/%s/order/%s/paypal/createPayment/",
                    "https://commerce.ww-api.com/commerceapi/v1/front/payment/%s/order/%s/paypal/executePayment/",
                    "https://commerce.ww-api.com/commerceapi/v1/front/payment/%s/order/%s/sandbox/pay/",
                    "https://commerce.ww-api.com/commerceapi/v1/geo/regions/%s/",
                    "https://data.flurry.com/aap.do",
                    "https://data.flurry.com/pcr.do",
                    "https://disqus.com/_ax/facebook/complete",
                    "https://disqus.com/_ax/google/complete",
                    "https://disqus.com/_ax/twitter/complete",
                    "https://disqus.com/next/login-success",
                    "https://disqus.com/next/login/?forum=",
                    "https://docs.google.com/gview?embedded=true&url=",
                    "https://docs.google.com/viewer?url=",
                    "https://drive.google.com/viewerng/viewer?embedded=true&url=",
                    "https://facebook.com",
                    "https://facebook.com/device?user_code=%1$s&qr=1",
                    "https://fpmgm.ww-api.com/focalpoint/image/v1/front/[WEBZINE]",
                    "https://graph-video.%s",
                    "https://graph.%s",
                    "https://graph.%s.facebook.com/network_ads_common",
                    "https://graph.facebook.com/network_ads_common",
                    "https://itunes.apple.com/search?country=us&term=%s&limit=1",
                    "https://payment",
                    "https://play.google.com/store/apps/details?id=",
                    "https://proton.flurry.com/sdk/v1/config",
                    "https://status.ww-api.com/status/v1/",
                    "https://twitter.com/",
                    "https://twitter.com/intent/follow?user_id=",
                    "https://twitter.com/intent/retweet?tweet_id=",
                    "https://twitter.com/intent/tweet?in_reply_to=",
                    "https://www.%s.facebook.com",
                    "https://www.%s.facebook.com/adnw_logging/",
                    "https://www.%s.facebook.com/audience_network/server_side_reward",
                    "https://www.facebook.com",
                    "https://www.facebook.com/",
                    "https://www.facebook.com/adnw_logging/",
                    "https://www.facebook.com/audience_network/server_side_reward"
                ]
            },
            "magic": "Zip archive data, at least v2.0 to extract",
            "last_analysis_stats": {
                "harmless": 0,
                "type-unsupported": 10,
                "suspicious": 0,
                "confirmed-timeout": 0,
                "timeout": 0,
                "failure": 0,
                "malicious": 0,
                "undetected": 63
            },
            "meaningful_name": "000031FF29EEB8E0C6A9EA0AE3AD5F9F2D307E2F7DC1A6CDE84B1BE2554AF05E.apk",
            "reputation": 0
        },
        "type": "file",
        "id": "000031ff29eeb8e0c6a9ea0ae3ad5f9f2d307e2f7dc1a6cde84b1be2554af05e",
        "links": {
            "self": "https://www.virustotal.com/api/v3/files/000031ff29eeb8e0c6a9ea0ae3ad5f9f2d307e2f7dc1a6cde84b1be2554af05e"
        }
    }
}