{
    "data": {
        "attributes": {
            "type_description": "Android",
            "tlsh": "T1FD073312EB5EE80BE9BBD8328673C1B61A500E488546B7635A09F31CDE739D41F81BDD",
            "vhash": "d1b45e3c57d125225b19afeed9c052e4",
            "trid": [
                {
                    "file_type": "Android Package",
                    "probability": 57.0
                },
                {
                    "file_type": "Java Archive",
                    "probability": 20.0
                },
                {
                    "file_type": "Sweet Home 3D design (generic)",
                    "probability": 15.5
                },
                {
                    "file_type": "ZIP compressed archive",
                    "probability": 5.9
                },
                {
                    "file_type": "PrintFox/Pagefox bitmap (640x800)",
                    "probability": 1.4
                }
            ],
            "names": [
                "00002100E99DD61C62888906022139942B487CE5CD0DA8798E0BD77A17352267.apk",
                "adergenius_4.apk",
                "zhinengjiaoyiwang.apk",
                "ssaoqKIaLzPgBMMShDeAazjVa6RF7FGY0MbNt9czv",
                "soamJu4UTc5CdpNv"
            ],
            "last_modification_date": 1648098623,
            "type_tag": "android",
            "times_submitted": 10,
            "total_votes": {
                "harmless": 0,
                "malicious": 0
            },
            "size": 17250307,
            "type_extension": "apk",
            "last_submission_date": 1648091291,
            "last_analysis_results": {
                "Bkav": {
                    "category": "undetected",
                    "engine_name": "Bkav",
                    "engine_version": "1.3.0.9899",
                    "result": null,
                    "method": "blacklist",
                    "engine_update": "20220322"
                },
                "Lionic": {
                    "category": "undetected",
                    "engine_name": "Lionic",
                    "engine_version": "7.5",
                    "result": null,
                    "method": "blacklist",
                    "engine_update": "20220324"
                },
                "Elastic": {
                    "category": "undetected",
                    "engine_name": "Elastic",
                    "engine_version": "4.0.35",
                    "result": null,
                    "method": "blacklist",
                    "engine_update": "20220302"
                },
                "DrWeb": {
                    "category": "undetected",
                    "engine_name": "DrWeb",
                    "engine_version": "7.0.54.3080",
                    "result": null,
                    "method": "blacklist",
                    "engine_update": "20220324"
                },
                "MicroWorld-eScan": {
                    "category": "undetected",
                    "engine_name": "MicroWorld-eScan",
                    "engine_version": "14.0.409.0",
                    "result": null,
                    "method": "blacklist",
                    "engine_update": "20220324"
                },
                "FireEye": {
                    "category": "undetected",
                    "engine_name": "FireEye",
                    "engine_version": "32.44.1.0",
                    "result": null,
                    "method": "blacklist",
                    "engine_update": "20220324"
                },
                "CAT-QuickHeal": {
                    "category": "malicious",
                    "engine_name": "CAT-QuickHeal",
                    "engine_version": "14.00",
                    "result": "Android.Youmi.Af9ad (AdWare)",
                    "method": "blacklist",
                    "engine_update": "20220323"
                },
                "McAfee": {
                    "category": "undetected",
                    "engine_name": "McAfee",
                    "engine_version": "6.0.6.653",
                    "result": null,
                    "method": "blacklist",
                    "engine_update": "20220324"
                },
                "Malwarebytes": {
                    "category": "undetected",
                    "engine_name": "Malwarebytes",
                    "engine_version": "4.2.2.27",
                    "result": null,
                    "method": "blacklist",
                    "engine_update": "20220324"
                },
                "Paloalto": {
                    "category": "type-unsupported",
                    "engine_name": "Paloalto",
                    "engine_version": "0.9.0.1003",
                    "result": null,
                    "method": "blacklist",
                    "engine_update": "20220324"
                },
                "Sangfor": {
                    "category": "undetected",
                    "engine_name": "Sangfor",
                    "engine_version": "2.9.0.0",
                    "result": null,
                    "method": "blacklist",
                    "engine_update": "20211224"
                },
                "Trustlook": {
                    "category": "undetected",
                    "engine_name": "Trustlook",
                    "engine_version": "1.0",
                    "result": null,
                    "method": "blacklist",
                    "engine_update": "20220324"
                },
                "Alibaba": {
                    "category": "undetected",
                    "engine_name": "Alibaba",
                    "engine_version": "0.3.0.5",
                    "result": null,
                    "method": "blacklist",
                    "engine_update": "20190527"
                },
                "K7GW": {
                    "category": "undetected",
                    "engine_name": "K7GW",
                    "engine_version": "11.255.41451",
                    "result": null,
                    "method": "blacklist",
                    "engine_update": "20220324"
                },
                "K7AntiVirus": {
                    "category": "undetected",
                    "engine_name": "K7AntiVirus",
                    "engine_version": "11.255.41445",
                    "result": null,
                    "method": "blacklist",
                    "engine_update": "20220323"
                },
                "BitDefenderTheta": {
                    "category": "undetected",
                    "engine_name": "BitDefenderTheta",
                    "engine_version": "7.2.37796.0",
                    "result": null,
                    "method": "blacklist",
                    "engine_update": "20220318"
                },
                "VirIT": {
                    "category": "undetected",
                    "engine_name": "VirIT",
                    "engine_version": "9.5.160",
                    "result": null,
                    "method": "blacklist",
                    "engine_update": "20220323"
                },
                "Cyren": {
                    "category": "undetected",
                    "engine_name": "Cyren",
                    "engine_version": "6.5.1.2",
                    "result": null,
                    "method": "blacklist",
                    "engine_update": "20220324"
                },
                "SymantecMobileInsight": {
                    "category": "undetected",
                    "engine_name": "SymantecMobileInsight",
                    "engine_version": "2.0",
                    "result": null,
                    "method": "blacklist",
                    "engine_update": "20220208"
                },
                "tehtris": {
                    "category": "type-unsupported",
                    "engine_name": "tehtris",
                    "engine_version": "v0.0.7",
                    "result": null,
                    "method": "blacklist",
                    "engine_update": "20220324"
                },
                "ESET-NOD32": {
                    "category": "undetected",
                    "engine_name": "ESET-NOD32",
                    "engine_version": "24990",
                    "result": null,
                    "method": "blacklist",
                    "engine_update": "20220324"
                },
                "APEX": {
                    "category": "type-unsupported",
                    "engine_name": "APEX",
                    "engine_version": "6.273",
                    "result": null,
                    "method": "blacklist",
                    "engine_update": "20220322"
                },
                "TrendMicro-HouseCall": {
                    "category": "undetected",
                    "engine_name": "TrendMicro-HouseCall",
                    "engine_version": "10.0.0.1040",
                    "result": null,
                    "method": "blacklist",
                    "engine_update": "20220323"
                },
                "Avast": {
                    "category": "undetected",
                    "engine_name": "Avast",
                    "engine_version": "21.1.5827.0",
                    "result": null,
                    "method": "blacklist",
                    "engine_update": "20220324"
                },
                "ClamAV": {
                    "category": "undetected",
                    "engine_name": "ClamAV",
                    "engine_version": "0.104.2.0",
                    "result": null,
                    "method": "blacklist",
                    "engine_update": "20220323"
                },
                "Kaspersky": {
                    "category": "undetected",
                    "engine_name": "Kaspersky",
                    "engine_version": "21.0.1.45",
                    "result": null,
                    "method": "blacklist",
                    "engine_update": "20220324"
                },
                "BitDefender": {
                    "category": "undetected",
                    "engine_name": "BitDefender",
                    "engine_version": "7.2",
                    "result": null,
                    "method": "blacklist",
                    "engine_update": "20220324"
                },
                "NANO-Antivirus": {
                    "category": "undetected",
                    "engine_name": "NANO-Antivirus",
                    "engine_version": "1.0.146.25563",
                    "result": null,
                    "method": "blacklist",
                    "engine_update": "20220323"
                },
                "SUPERAntiSpyware": {
                    "category": "undetected",
                    "engine_name": "SUPERAntiSpyware",
                    "engine_version": "5.6.0.1032",
                    "result": null,
                    "method": "blacklist",
                    "engine_update": "20220319"
                },
                "Tencent": {
                    "category": "undetected",
                    "engine_name": "Tencent",
                    "engine_version": "1.0.0.1",
                    "result": null,
                    "method": "blacklist",
                    "engine_update": "20220324"
                },
                "Ad-Aware": {
                    "category": "undetected",
                    "engine_name": "Ad-Aware",
                    "engine_version": "3.0.21.193",
                    "result": null,
                    "method": "blacklist",
                    "engine_update": "20220324"
                },
                "Emsisoft": {
                    "category": "undetected",
                    "engine_name": "Emsisoft",
                    "engine_version": "2021.5.0.7597",
                    "result": null,
                    "method": "blacklist",
                    "engine_update": "20220324"
                },
                "Comodo": {
                    "category": "undetected",
                    "engine_name": "Comodo",
                    "engine_version": "34465",
                    "result": null,
                    "method": "blacklist",
                    "engine_update": "20220323"
                },
                "F-Secure": {
                    "category": "undetected",
                    "engine_name": "F-Secure",
                    "engine_version": "12.0.86.52",
                    "result": null,
                    "method": "blacklist",
                    "engine_update": "20220323"
                },
                "Baidu": {
                    "category": "undetected",
                    "engine_name": "Baidu",
                    "engine_version": "1.0.0.2",
                    "result": null,
                    "method": "blacklist",
                    "engine_update": "20190318"
                },
                "Zillya": {
                    "category": "undetected",
                    "engine_name": "Zillya",
                    "engine_version": "2.0.0.4595",
                    "result": null,
                    "method": "blacklist",
                    "engine_update": "20220323"
                },
                "TrendMicro": {
                    "category": "undetected",
                    "engine_name": "TrendMicro",
                    "engine_version": "11.0.0.1006",
                    "result": null,
                    "method": "blacklist",
                    "engine_update": "20220324"
                },
                "McAfee-GW-Edition": {
                    "category": "failure",
                    "engine_name": "McAfee-GW-Edition",
                    "engine_version": null,
                    "result": null,
                    "method": "blacklist",
                    "engine_update": "20220323"
                },
                "SentinelOne": {
                    "category": "type-unsupported",
                    "engine_name": "SentinelOne",
                    "engine_version": "7.2.0.1",
                    "result": null,
                    "method": "blacklist",
                    "engine_update": "20220201"
                },
                "Trapmine": {
                    "category": "type-unsupported",
                    "engine_name": "Trapmine",
                    "engine_version": "3.5.45.75",
                    "result": null,
                    "method": "blacklist",
                    "engine_update": "20220217"
                },
                "CMC": {
                    "category": "undetected",
                    "engine_name": "CMC",
                    "engine_version": "2.10.2019.1",
                    "result": null,
                    "method": "blacklist",
                    "engine_update": "20211026"
                },
                "Sophos": {
                    "category": "undetected",
                    "engine_name": "Sophos",
                    "engine_version": "1.4.1.0",
                    "result": null,
                    "method": "blacklist",
                    "engine_update": "20220324"
                },
                "Ikarus": {
                    "category": "failure",
                    "engine_name": "Ikarus",
                    "engine_version": "6.0.11.0",
                    "result": null,
                    "method": "blacklist",
                    "engine_update": "20220323"
                },
                "GData": {
                    "category": "failure",
                    "engine_name": "GData",
                    "engine_version": null,
                    "result": null,
                    "method": "blacklist",
                    "engine_update": "20220324"
                },
                "Jiangmin": {
                    "category": "undetected",
                    "engine_name": "Jiangmin",
                    "engine_version": "16.0.100",
                    "result": null,
                    "method": "blacklist",
                    "engine_update": "20220323"
                },
                "Webroot": {
                    "category": "type-unsupported",
                    "engine_name": "Webroot",
                    "engine_version": "1.0.0.403",
                    "result": null,
                    "method": "blacklist",
                    "engine_update": "20220324"
                },
                "Avira": {
                    "category": "undetected",
                    "engine_name": "Avira",
                    "engine_version": "8.3.3.14",
                    "result": null,
                    "method": "blacklist",
                    "engine_update": "20220323"
                },
                "Kingsoft": {
                    "category": "timeout",
                    "engine_name": "Kingsoft",
                    "engine_version": "2017.9.26.565",
                    "result": null,
                    "method": "blacklist",
                    "engine_update": "20220324"
                },
                "Microsoft": {
                    "category": "undetected",
                    "engine_name": "Microsoft",
                    "engine_version": "1.1.19000.8",
                    "result": null,
                    "method": "blacklist",
                    "engine_update": "20220323"
                },
                "Gridinsoft": {
                    "category": "undetected",
                    "engine_name": "Gridinsoft",
                    "engine_version": "1.0.74.174",
                    "result": null,
                    "method": "blacklist",
                    "engine_update": "20220324"
                },
                "Arcabit": {
                    "category": "undetected",
                    "engine_name": "Arcabit",
                    "engine_version": "1.0.0.889",
                    "result": null,
                    "method": "blacklist",
                    "engine_update": "20220323"
                },
                "ViRobot": {
                    "category": "undetected",
                    "engine_name": "ViRobot",
                    "engine_version": "2014.3.20.0",
                    "result": null,
                    "method": "blacklist",
                    "engine_update": "20220323"
                },
                "ZoneAlarm": {
                    "category": "undetected",
                    "engine_name": "ZoneAlarm",
                    "engine_version": "1.0",
                    "result": null,
                    "method": "blacklist",
                    "engine_update": "20220324"
                },
                "Avast-Mobile": {
                    "category": "undetected",
                    "engine_name": "Avast-Mobile",
                    "engine_version": "220323-00",
                    "result": null,
                    "method": "blacklist",
                    "engine_update": "20220323"
                },
                "Cynet": {
                    "category": "undetected",
                    "engine_name": "Cynet",
                    "engine_version": "4.0.0.27",
                    "result": null,
                    "method": "blacklist",
                    "engine_update": "20220324"
                },
                "BitDefenderFalx": {
                    "category": "undetected",
                    "engine_name": "BitDefenderFalx",
                    "engine_version": "2.0.936",
                    "result": null,
                    "method": "blacklist",
                    "engine_update": "20220103"
                },
                "AhnLab-V3": {
                    "category": "undetected",
                    "engine_name": "AhnLab-V3",
                    "engine_version": "3.21.3.10230",
                    "result": null,
                    "method": "blacklist",
                    "engine_update": "20220323"
                },
                "Acronis": {
                    "category": "type-unsupported",
                    "engine_name": "Acronis",
                    "engine_version": "1.1.1.82",
                    "result": null,
                    "method": "blacklist",
                    "engine_update": "20210512"
                },
                "VBA32": {
                    "category": "undetected",
                    "engine_name": "VBA32",
                    "engine_version": "5.0.0",
                    "result": null,
                    "method": "blacklist",
                    "engine_update": "20220323"
                },
                "ALYac": {
                    "category": "undetected",
                    "engine_name": "ALYac",
                    "engine_version": "1.1.3.1",
                    "result": null,
                    "method": "blacklist",
                    "engine_update": "20220324"
                },
                "MAX": {
                    "category": "undetected",
                    "engine_name": "MAX",
                    "engine_version": "2019.9.16.1",
                    "result": null,
                    "method": "blacklist",
                    "engine_update": "20220324"
                },
                "Cylance": {
                    "category": "type-unsupported",
                    "engine_name": "Cylance",
                    "engine_version": "2.3.1.101",
                    "result": null,
                    "method": "blacklist",
                    "engine_update": "20220324"
                },
                "Zoner": {
                    "category": "undetected",
                    "engine_name": "Zoner",
                    "engine_version": "2.2.2.0",
                    "result": null,
                    "method": "blacklist",
                    "engine_update": "20220323"
                },
                "Rising": {
                    "category": "undetected",
                    "engine_name": "Rising",
                    "engine_version": "25.0.0.27",
                    "result": null,
                    "method": "blacklist",
                    "engine_update": "20220323"
                },
                "Yandex": {
                    "category": "undetected",
                    "engine_name": "Yandex",
                    "engine_version": "5.5.2.24",
                    "result": null,
                    "method": "blacklist",
                    "engine_update": "20220323"
                },
                "TACHYON": {
                    "category": "undetected",
                    "engine_name": "TACHYON",
                    "engine_version": "2022-03-24.01",
                    "result": null,
                    "method": "blacklist",
                    "engine_update": "20220324"
                },
                "MaxSecure": {
                    "category": "undetected",
                    "engine_name": "MaxSecure",
                    "engine_version": "1.0.0.1",
                    "result": null,
                    "method": "blacklist",
                    "engine_update": "20220323"
                },
                "Fortinet": {
                    "category": "undetected",
                    "engine_name": "Fortinet",
                    "engine_version": "6.2.142.0",
                    "result": null,
                    "method": "blacklist",
                    "engine_update": "20220324"
                },
                "Panda": {
                    "category": "undetected",
                    "engine_name": "Panda",
                    "engine_version": "4.6.4.2",
                    "result": null,
                    "method": "blacklist",
                    "engine_update": "20220323"
                },
                "CrowdStrike": {
                    "category": "type-unsupported",
                    "engine_name": "CrowdStrike",
                    "engine_version": "1.0",
                    "result": null,
                    "method": "blacklist",
                    "engine_update": "20210907"
                }
            },
            "sha256": "00002100e99dd61c62888906022139942b487ce5cd0da8798e0bd77a17352267",
            "tags": [
                "apk",
                "android",
                "reflection"
            ],
            "last_analysis_date": 1648091291,
            "unique_sources": 4,
            "first_submission_date": 1521235689,
            "sha1": "aac96e573eaf8f25dbfe2e60e48e907e863fb524",
            "ssdeep": "393216:U9ZWtOtL8T/r/t8UmqWBlovqsZOnl+PSXhsENJPkXgWVcfz:U9Z361YB6el+PSxsqXUcfz",
            "bundle_info": {
                "highest_datetime": "2018-01-22 17:27:36",
                "lowest_datetime": "1980-01-01 08:00:00",
                "num_children": 1172,
                "extensions": {
                    "xml": 610,
                    "jpg": 1,
                    "ttf": 1,
                    "png": 388
                },
                "file_types": {
                    "XML": 610,
                    "unknown": 1,
                    "JPG": 1,
                    "PNG": 388
                },
                "type": "APK",
                "uncompressed_size": 4924329
            },
            "md5": "334a7e090b46138854c5f2bbfa3c6610",
            "androguard": {
                "Activities": [
                    "com.tradergenius.activity.WelcomeActivity",
                    "com.tradergenius.wxapi.WXEntryActivity",
                    "com.tencent.tauth.AuthActivity",
                    "com.tencent.connect.common.AssistActivity",
                    "com.tradergenius.activity.GuideActivity",
                    "com.tradergenius.activity.LoginActivity",
                    "com.tradergenius.activity.MainActivity",
                    "com.tradergenius.activity.NewsDetalisActivity",
                    "com.tradergenius.activity.GlobalFinanceActivity",
                    "com.tradergenius.activity.InOutGoldActivity",
                    "com.tradergenius.activity.MessageCenterAcvtivity",
                    "com.tradergenius.activity.QuotationsActivity",
                    "com.tradergenius.activity.QuotationsActivitys",
                    "com.tradergenius.activity.AddOptionaslActivity",
                    "com.tradergenius.activity.PersonalInformationActivity",
                    "com.tradergenius.activity.SettingActivity",
                    "com.tradergenius.activity.AboutUsActivity",
                    "com.tradergenius.activity.UserAgreenmentsActivity",
                    "com.tradergenius.activity.ComprehensiveEvaluationActivity",
                    "com.tradergenius.activity.OpenActivity",
                    "com.tradergenius.activity.OptionContractAcvtivity",
                    "com.tradergenius.activity.AgentActivity",
                    "com.tradergenius.activity.QueryActivity",
                    "com.tradergenius.activity.OPenAccountActivity",
                    "com.tradergenius.activity.OPenAccountTwoActivity",
                    "com.tradergenius.activity.OPenAccountThreeActivity",
                    "com.tradergenius.activity.OPenAccountFourActivity",
                    "com.tradergenius.activity.HandWriteActivity",
                    "com.tradergenius.activity.ImagePagerActivity",
                    "com.tradergenius.activity.RemindSettingActivity",
                    "com.tradergenius.activity.ChangePwActivity",
                    "com.tradergenius.activity.TradingChangePwActivity",
                    "com.tradergenius.activity.ForgetPassWordActivity",
                    "com.tradergenius.activity.RegisterActivity",
                    "com.tradergenius.activity.UserAgreenmentActivity",
                    "com.tradergenius.activity.MyCommentActivity",
                    "com.tradergenius.activity.MyWalletActivity",
                    "com.tradergenius.activity.MyJiLiBiActivity",
                    "com.tradergenius.activity.FirmBindingActivity",
                    "com.tradergenius.activity.AddAccountActivity",
                    "com.tradergenius.activity.NewsActivity",
                    "com.tradergenius.activity.RechargeAcvtivity",
                    "com.tradergenius.activity.GameActivity",
                    "com.tradergenius.activity.HuoDongActivity",
                    "com.tradergenius.activity.GenDanActivity",
                    "com.tradergenius.activity.GenDansDetailsActivity",
                    "com.tradergenius.activity.GenDanActivitys",
                    "com.tradergenius.activity.GenDanSettingActivity",
                    "com.tradergenius.activity.SchoolActivity",
                    "com.tradergenius.activity.EmalisManagementActivity",
                    "com.tradergenius.activity.WriteEmailsActivity",
                    "com.tradergenius.activity.FileChooserActivity",
                    "com.tradergenius.activity.NewsDetalisActivitys",
                    "com.tradergenius.activity.BigImgActivity",
                    "com.tradergenius.activity.OPenAccountFiveActivity",
                    "com.tradergenius.activity.GaoZhiActivity",
                    "com.tradergenius.activity.RecordActivity",
                    "com.tradergenius.activity.AgentActivitys",
                    "com.tradergenius.activity.HangQingActivity",
                    "com.tradergenius.activity.DismissDetailsActivity",
                    "com.tradergenius.activity.ThrougnSuccessfulActivity",
                    "com.tradergenius.activity.OPenModifyAccountActivity",
                    "com.tradergenius.activity.OPenModifyAccountTwoActivity",
                    "com.tradergenius.activity.OPenModifyAccountThreeActivity",
                    "com.tradergenius.activity.OPenModifyAccountFourActivity",
                    "com.tradergenius.activity.OPenModifyAccountFiveActivity",
                    "com.tradergenius.activity.QuotationsDetailsActivity",
                    "com.tradergenius.activity.GeniusActivity",
                    "com.tradergenius.activity.GenDanDetailsActivity",
                    "com.tradergenius.activity.GenDanProtocolActivity",
                    "com.tradergenius.activity.InboxActivity",
                    "com.tradergenius.activity.HasSendEmailsActivity",
                    "com.tradergenius.activity.DraftsActivity",
                    "com.tradergenius.activity.DelEmailsActivity",
                    "com.tradergenius.activity.SystemMessageActivity",
                    "com.tradergenius.activity.MyFollowActivity",
                    "com.tradergenius.activity.MyFansActivity",
                    "com.tradergenius.activity.MyIntegralAcvtivity",
                    "com.tradergenius.activity.FingerActivity",
                    "com.tradergenius.activity.MyZhuTieActivity",
                    "com.tradergenius.activity.MomentAddActivity",
                    "com.tradergenius.photopicker.PhotoPickerActivity",
                    "com.tradergenius.activity.MyCommentDetailsActivity",
                    "com.tradergenius.activity.CircleDetailsActivity",
                    "com.tradergenius.activity.EmailsItemActivity",
                    "com.tradergenius.activity.SendDraftsEmailsActivity",
                    "com.tradergenius.activity.AddresseeActivity",
                    "com.tradergenius.activity.MyCashActivity",
                    "com.tradergenius.activity.OpenMessageActivity",
                    "com.tradergenius.activity.ConsumptionMessageActivity",
                    "com.tradergenius.activity.RechargeSuccessActivity",
                    "com.tradergenius.activity.ConsumptionDetalisActivity",
                    "com.tradergenius.activity.FastTradingActivitys",
                    "com.tradergenius.activity.WoShiActivity",
                    "com.tradergenius.activity.WoGenActivity"
                ],
                "AndroidVersionCode": "4",
                "main_activity": "com.tradergenius.activity.WelcomeActivity",
                "certificate": {
                    "Subject": {
                        "DN": "C:shanghai, CN:shanghai, L:shanghai, O:shanghai, ST:shanghai, OU:shanghai",
                        "C": "shanghai",
                        "CN": "shanghai",
                        "L": "shanghai",
                        "O": "shanghai",
                        "ST": "shanghai",
                        "OU": "shanghai"
                    },
                    "validto": "2042-10-25 00:41:21",
                    "serialnumber": "788fcf51",
                    "thumbprint": "74d7a6de62d9f17a2376f30dcf8265f7a6e19d39",
                    "validfrom": "2017-10-31 00:41:21",
                    "Issuer": {
                        "DN": "C:shanghai, CN:shanghai, L:shanghai, O:shanghai, ST:shanghai, OU:shanghai",
                        "C": "shanghai",
                        "CN": "shanghai",
                        "L": "shanghai",
                        "O": "shanghai",
                        "ST": "shanghai",
                        "OU": "shanghai"
                    }
                },
                "VTAndroidInfo": 2.0,
                "Package": "com.tradergenius",
                "intent_filters": {
                    "Activities": {
                        "com.tradergenius.activity.WelcomeActivity": {
                            "action": [
                                "android.intent.action.MAIN"
                            ],
                            "category": [
                                "android.intent.category.LAUNCHER"
                            ]
                        },
                        "com.tencent.tauth.AuthActivity": {
                            "action": [
                                "android.intent.action.VIEW"
                            ],
                            "category": [
                                "android.intent.category.DEFAULT",
                                "android.intent.category.BROWSABLE"
                            ]
                        }
                    },
                    "Receivers": {
                        "com.tradergenius.network.NetBroadcastReceiver": {
                            "action": [
                                "android.net.conn.CONNECTIVITY_CHANGE"
                            ]
                        }
                    }
                },
                "permission_details": {
                    "android.permission.CHANGE_NETWORK_STATE": {
                        "short_description": "change network connectivity",
                        "full_description": "Allows the app to change the state of network connectivity.",
                        "permission_type": "normal"
                    },
                    "android.permission.DISABLE_KEYGUARD": {
                        "short_description": "disable your screen lock",
                        "full_description": "Allows the app to disable the\n      keylock and any associated password security.  For example, the phone\n      disables the keylock when receiving an incoming phone call, then\n      re-enables the keylock when the call is finished.",
                        "permission_type": "dangerous"
                    },
                    "android.permission.USE_CREDENTIALS": {
                        "short_description": "use accounts on the device",
                        "full_description": "Allows the app to request authentication tokens.",
                        "permission_type": "dangerous"
                    },
                    "android.permission.READ_LOGS": {
                        "short_description": "read sensitive log data",
                        "full_description": "Allows the app to read from the\n        system's various log files.  This allows it to discover general\n        information about what you are doing with the phone, potentially\n        including personal or private information.",
                        "permission_type": "signature|system|development"
                    },
                    "android.permission.SET_DEBUG_APP": {
                        "short_description": "enable app debugging",
                        "full_description": "Allows the app to turn\n        on debugging for another app. Malicious apps may use this\n        to kill other apps.",
                        "permission_type": "signature|system|development"
                    },
                    "android.permission.ACCESS_COARSE_LOCATION": {
                        "short_description": "approximate location\n      (network-based)",
                        "full_description": "Allows the app to get your\n      approximate location. This location is derived by location services using\n      network location sources such as cell towers and Wi-Fi. These location\n      services must be turned on and available to your device for the app to\n      use them. Apps may use this to determine approximately where you\n      are.",
                        "permission_type": "dangerous"
                    },
                    "android.permission.CAMERA": {
                        "short_description": "take pictures and videos",
                        "full_description": "Allows the app to take pictures and videos\n      with the camera.  This permission allows the app to use the camera at any\n      time without your confirmation.",
                        "permission_type": "dangerous"
                    },
                    "android.permission.INTERNET": {
                        "short_description": "full network access",
                        "full_description": "Allows the app to create\n     network sockets and use custom network protocols. The browser and other\n     applications provide means to send data to the internet, so this\n     permission is not required to send data to the internet.",
                        "permission_type": "dangerous"
                    },
                    "android.permission.CHANGE_CONFIGURATION": {
                        "short_description": "change system display settings",
                        "full_description": "Allows the app to\n        change the current configuration, such as the locale or overall font\n        size.",
                        "permission_type": "signature|system|development"
                    },
                    "android.permission.EXPAND_STATUS_BAR": {
                        "short_description": "expand/collapse status bar",
                        "full_description": "Allows the app to expand or collapse the status bar.",
                        "permission_type": "normal"
                    },
                    "android.permission.MANAGE_ACCOUNTS": {
                        "short_description": "add or remove accounts",
                        "full_description": "Allows the app to\n    perform operations like adding and removing accounts, and deleting\n    their password.",
                        "permission_type": "dangerous"
                    },
                    "android.permission.ACTION_HANDLE_APP_REGISTER": {
                        "short_description": "Unknown permission from android reference",
                        "full_description": "Unknown permission from android reference",
                        "permission_type": "normal"
                    },
                    "android.permission.USE_FINGERPRINT": {
                        "short_description": "Unknown permission from android reference",
                        "full_description": "Unknown permission from android reference",
                        "permission_type": "normal"
                    },
                    "android.permission.RECEIVE_USER_PRESENT": {
                        "short_description": "Unknown permission from android reference",
                        "full_description": "Unknown permission from android reference",
                        "permission_type": "normal"
                    },
                    "android.permission.ACCESS_NETWORK_STATE": {
                        "short_description": "view network connections",
                        "full_description": "Allows the app to view\n      information about network connections such as which networks exist and are\n      connected.",
                        "permission_type": "normal"
                    },
                    "android.permission.GET_TASKS": {
                        "short_description": "retrieve running apps",
                        "full_description": "Allows the app to retrieve information\n       about currently and recently running tasks.  This may allow the app to\n       discover information about which applications are used on the device.",
                        "permission_type": "normal"
                    },
                    "android.permission.READ_CALL_LOG": {
                        "short_description": "read call log",
                        "full_description": "Allows the app to read\n      your phone's call log, including data about incoming and outgoing calls.\n      This permission allows apps to save your call log data, and malicious apps\n      may share call log data without your knowledge.",
                        "permission_type": "dangerous"
                    },
                    "android.permission.WRITE_EXTERNAL_STORAGE": {
                        "short_description": "modify or delete the contents of your SD card",
                        "full_description": "Allows the app to write to the SD card.",
                        "permission_type": "dangerous"
                    },
                    "android.permission.DOWNLOAD_WITHOUT_NOTIFICATION": {
                        "short_description": "Unknown permission from android reference",
                        "full_description": "Unknown permission from android reference",
                        "permission_type": "normal"
                    },
                    "android.permission.ACCESS_FINE_LOCATION": {
                        "short_description": "precise location (GPS and\n      network-based)",
                        "full_description": "Allows the app to get your\n      precise location using the Global Positioning System (GPS) or network\n      location sources such as cell towers and Wi-Fi. These location services\n      must be turned on and available to your device for the app to use them.\n      Apps may use this to determine where you are, and may consume additional\n      battery power.",
                        "permission_type": "dangerous"
                    },
                    "android.permission.READ_EXTERNAL_STORAGE": {
                        "short_description": "read the contents of your SD card",
                        "full_description": "Allows the app to read the contents of your SD card.",
                        "permission_type": "normal"
                    },
                    "android.permission.RECEIVE_BOOT_COMPLETED": {
                        "short_description": "run at startup",
                        "full_description": "Allows the app to\n        have itself started as soon as the system has finished booting.\n        This can make it take longer to start the phone and allow the\n        app to slow down the overall phone by always running.",
                        "permission_type": "normal"
                    },
                    "android.permission.CALL_PHONE": {
                        "short_description": "directly call phone numbers",
                        "full_description": "Allows the app to call phone numbers\n      without your intervention. This may result in unexpected charges or calls.\n      Note that this doesn't allow the app to call emergency numbers.\n      Malicious apps may cost you money by making calls without your\n      confirmation.",
                        "permission_type": "dangerous"
                    },
                    "android.permission.WRITE_SETTINGS": {
                        "short_description": "modify system settings",
                        "full_description": "Allows the app to modify the\n        system's settings data. Malicious apps may corrupt your system's\n        configuration.",
                        "permission_type": "normal"
                    },
                    "android.permission.READ_PHONE_STATE": {
                        "short_description": "read phone status and identity",
                        "full_description": "Allows the app to access the phone\n      features of the device.  This permission allows the app to determine the\n      phone number and device IDs, whether a call is active, and the remote number\n      connected by a call.",
                        "permission_type": "dangerous"
                    },
                    "android.permission.MOUNT_UNMOUNT_FILESYSTEMS": {
                        "short_description": "access SD Card filesystem",
                        "full_description": "Allows the app to mount and\n        unmount filesystems for removable storage.",
                        "permission_type": "system|signature"
                    },
                    "com.fingerprints.service.ACCESS_FINGERPRINT_MANAGER": {
                        "short_description": "Unknown permission from android reference",
                        "full_description": "Unknown permission from android reference",
                        "permission_type": "normal"
                    },
                    "android.permission.READ_SMS": {
                        "short_description": "read your text messages (SMS or MMS)",
                        "full_description": "Allows the app to read SMS\n      messages stored on your phone or SIM card. This allows the app to read all\n      SMS messages, regardless of content or confidentiality.",
                        "permission_type": "dangerous"
                    },
                    "android.permission.VIBRATE": {
                        "short_description": "control vibration",
                        "full_description": "Allows the app to control the vibrator.",
                        "permission_type": "normal"
                    },
                    "android.permission.SYSTEM_ALERT_WINDOW": {
                        "short_description": "draw over other apps",
                        "full_description": "Allows the app to draw on top of other\n        applications or parts of the user interface.  They may interfere with your\n        use of the interface in any application, or change what you think you are\n        seeing in other applications.",
                        "permission_type": "dangerous"
                    },
                    "com.samsung.android.providers.context.permission.WRITE_USE_APP_FEATURE_SURVEY": {
                        "short_description": "Unknown permission from android reference",
                        "full_description": "Unknown permission from android reference",
                        "permission_type": "normal"
                    },
                    "android.permission.ACCESS_WIFI_STATE": {
                        "short_description": "view Wi-Fi connections",
                        "full_description": "Allows the app to view information\n      about Wi-Fi networking, such as whether Wi-Fi is enabled and name of\n      connected Wi-Fi devices.",
                        "permission_type": "normal"
                    },
                    "android.permission.RECORD_AUDIO": {
                        "short_description": "record audio",
                        "full_description": "Allows the app to record audio with the\n      microphone.  This permission allows the app to record audio at any time\n      without your confirmation.",
                        "permission_type": "dangerous"
                    },
                    "android.permission.WAKE_LOCK": {
                        "short_description": "prevent phone from sleeping",
                        "full_description": "Allows the app to prevent the phone from going to sleep.",
                        "permission_type": "normal"
                    },
                    "android.permission.ACCESS_DOWNLOAD_MANAGER": {
                        "short_description": "Unknown permission from android reference",
                        "full_description": "Unknown permission from android reference",
                        "permission_type": "normal"
                    },
                    "android.permission.CHANGE_WIFI_STATE": {
                        "short_description": "connect and disconnect from Wi-Fi",
                        "full_description": "Allows the app to connect to and\n      disconnect from Wi-Fi access points and to make changes to device\n      configuration for Wi-Fi networks.",
                        "permission_type": "dangerous"
                    },
                    "android.permission.RECEIVE_SMS": {
                        "short_description": "receive text messages (SMS)",
                        "full_description": "Allows the app to receive and process SMS\n      messages. This means the app could monitor or delete messages sent to your\n      device without showing them to you.",
                        "permission_type": "dangerous"
                    },
                    "android.permission.READ_CONTACTS": {
                        "short_description": "read your contacts",
                        "full_description": "Allows the app to\n      read data about your contacts stored on your phone, including the\n      frequency with which you've called, emailed, or communicated in other ways\n      with specific individuals. This permission allows apps to save your\n      contact data, and malicious apps may share contact data without your\n      knowledge.",
                        "permission_type": "dangerous"
                    },
                    "android.permission.MODIFY_AUDIO_SETTINGS": {
                        "short_description": "change your audio settings",
                        "full_description": "Allows the app to modify global audio settings such as volume and which speaker is used for output.",
                        "permission_type": "normal"
                    },
                    "android.permission.GET_ACCOUNTS": {
                        "short_description": "find accounts on the device",
                        "full_description": "Allows the app to get\n      the list of accounts known by the phone.  This may include any accounts\n      created by applications you have installed.",
                        "permission_type": "normal"
                    }
                },
                "AndroidApplication": 1,
                "StringsInformation": [
                    "http://appsupport.qq.com/cgi-bin/appstage/mstats_batch_report",
                    "http://appsupport.qq.com/cgi-bin/qzapps/mapp_addapp.cgi",
                    "http://c.isdspeed.qq.com/code.cgi",
                    "http://cgi.connect.qq.com/qqconnectopen/openapi/policy_conf",
                    "http://fusion.qq.com/cgi-bin/qzapps/unified_jump?appid=%1$s&from=%2$s&isOpenAppID=1",
                    "http://imtt.dd.qq.com/16891/DB8EC47BD17E20800596E70C9BFDDC07.apk",
                    "http://open.weixin.qq.com/connect/sdk/qrconnect?appid=%s&noncestr=%s&timestamp=%s&scope=%s&signature=%s",
                    "http://openmobile.qq.com/oauth2.0/m_jump_by_version?",
                    "http://pv.sohu.com/cityjson?ie=utf-8",
                    "http://qzs.qq.com",
                    "http://qzs.qq.com/open/mobile/invite/sdk_invite.html?",
                    "http://qzs.qq.com/open/mobile/login/qzsjump.html?",
                    "http://qzs.qq.com/open/mobile/request/sdk_request.html?",
                    "http://qzs.qq.com/open/mobile/sendstory/sdk_sendstory_v1.3.html?",
                    "http://schemas.android.com/apk/res/android",
                    "http://wspeed.qq.com/w.cgi",
                    "http://www.qq.com/s?",
                    "http://www.weibo.com",
                    "https://api.galaseeds.com/v1/quote/exchange-variety",
                    "https://api.galaseeds.com/v1/quote/instrument?access-token=",
                    "https://api.galaseeds.com/v1/quote/main-instrument?access-token=",
                    "https://api.galaseeds.com/v1/quote/minute/",
                    "https://api.tradergenius.cn",
                    "https://hq.sinajs.cn/list=s_sh000300,s_sh000016,s_sh000905",
                    "https://long.open.weixin.qq.com/connect/l/qrconnect?f=json&uuid=%s",
                    "https://openmobile.qq.com/",
                    "https://openmobile.qq.com/oauth2.0/m_authorize?",
                    "https://openmobile.qq.com/user/user_login_statis",
                    "https://openmobile.qq.com/v3/user/get_info",
                    "https://stock2.finance.sina.com.cn/futures/api/json.php/CffexFuturesService.getCffexFuturesDailyKLine?symbol=",
                    "https://stock2.finance.sina.com.cn/futures/api/json.php/CffexFuturesService.getCffexFuturesMiniKLine15m?symbol=",
                    "https://stock2.finance.sina.com.cn/futures/api/json.php/CffexFuturesService.getCffexFuturesMiniKLine30m?symbol=",
                    "https://stock2.finance.sina.com.cn/futures/api/json.php/CffexFuturesService.getCffexFuturesMiniKLine5m?symbol=",
                    "https://stock2.finance.sina.com.cn/futures/api/json.php/CffexFuturesService.getCffexFuturesMiniKLine60m?symbol=",
                    "https://stock2.finance.sina.com.cn/futures/api/json.php/IndexService.getInnerFuturesDailyKLine?symbol=",
                    "https://stock2.finance.sina.com.cn/futures/api/json.php/IndexService.getInnerFuturesMiniKLine15m?symbol=",
                    "https://stock2.finance.sina.com.cn/futures/api/json.php/IndexService.getInnerFuturesMiniKLine30m?symbol=",
                    "https://stock2.finance.sina.com.cn/futures/api/json.php/IndexService.getInnerFuturesMiniKLine5m?symbol=",
                    "https://stock2.finance.sina.com.cn/futures/api/json.php/IndexService.getInnerFuturesMiniKLine60m?symbol=",
                    "https://www.galaseeds.com/api/news/content?",
                    "https://www.galaseeds.com/api/news?",
                    "https://www.galaseeds.com/app/activity",
                    "https://www.galaseeds.com/app/disclaimer",
                    "https://www.galaseeds.com/app/follow",
                    "https://www.galaseeds.com/app/followProtocol",
                    "https://www.galaseeds.com/app/game",
                    "https://www.galaseeds.com/app/registerProtocol",
                    "https://www.galaseeds.com/app/school",
                    "https://www.galaseeds.com/oauth/authorizeApp",
                    "https://www.galaseeds.com/shareTrader"
                ],
                "AndroidApplicationError": false,
                "AndroidVersionName": "1.2.1",
                "RiskIndicator": {
                    "PERM": {
                        "DEVELOPMENT": 3,
                        "NORMAL": 11,
                        "DANGEROUS": 7,
                        "PRIVACY": 10,
                        "SMS": 2,
                        "SYSTEM": 4,
                        "SIGNATURE": 4,
                        "INTERNET": 1,
                        "GPS": 2
                    }
                },
                "MinSdkVersion": "15",
                "TargetSdkVersion": "22",
                "Receivers": [
                    "com.tradergenius.network.NetBroadcastReceiver"
                ],
                "AndroguardVersion": "3.4.0a1",
                "AndroidApplicationInfo": "APK"
            },
            "magic": "Zip archive data, at least v2.0 to extract",
            "last_analysis_stats": {
                "harmless": 0,
                "type-unsupported": 9,
                "suspicious": 0,
                "confirmed-timeout": 0,
                "timeout": 1,
                "failure": 3,
                "malicious": 1,
                "undetected": 56
            },
            "meaningful_name": "00002100E99DD61C62888906022139942B487CE5CD0DA8798E0BD77A17352267.apk",
            "reputation": 0
        },
        "type": "file",
        "id": "00002100e99dd61c62888906022139942b487ce5cd0da8798e0bd77a17352267",
        "links": {
            "self": "https://www.virustotal.com/api/v3/files/00002100e99dd61c62888906022139942b487ce5cd0da8798e0bd77a17352267"
        }
    }
}