{
    "data": {
        "attributes": {
            "type_description": "Android",
            "tlsh": "T1890712C2F7C8E91AC0778033CA6206B7759A4D189A46DB731658F36C79F7AD08E81BC5",
            "vhash": "0054bda71f241571e7250fb4b12f9ff4",
            "trid": [
                {
                    "file_type": "Android Package",
                    "probability": 57.0
                },
                {
                    "file_type": "Java Archive",
                    "probability": 20.0
                },
                {
                    "file_type": "Sweet Home 3D design (generic)",
                    "probability": 15.5
                },
                {
                    "file_type": "ZIP compressed archive",
                    "probability": 5.9
                },
                {
                    "file_type": "PrintFox/Pagefox bitmap (640x800)",
                    "probability": 1.4
                }
            ],
            "crowdsourced_yara_results": [
                {
                    "description": "This signature identifies Adobe Extensible Metadata Platform (XMP) identifiers embedded within files. Defined as a standard for mapping graphical asset relationships, XMP allows for tracking of both parent-child relationships and individual revisions. There are three categories of identifiers: original document, document, and instance. Generally, XMP data is stored in XML format, updated on save/copy, and embedded within the graphical asset. These identifiers can be used to track both malicious and benign graphics within common Microsoft and Adobe document lures.",
                    "source": "https://github.com/InQuest/yara-rules-vt",
                    "author": "InQuest Labs",
                    "ruleset_name": "Adobe_XMP_Identifier",
                    "rule_name": "Adobe_XMP_Identifier",
                    "ruleset_id": "0121ae37cc"
                }
            ],
            "names": [
                "0000719E1624DE022EB5D6A861C4BED7BE79B2F5A0660AD7B31E4E5CB7C014F6.apk"
            ],
            "last_modification_date": 1648799645,
            "type_tag": "android",
            "times_submitted": 4,
            "total_votes": {
                "harmless": 0,
                "malicious": 0
            },
            "size": 16832152,
            "type_extension": "apk",
            "last_submission_date": 1648155591,
            "last_analysis_results": {
                "Bkav": {
                    "category": "undetected",
                    "engine_name": "Bkav",
                    "engine_version": "1.3.0.9899",
                    "result": null,
                    "method": "blacklist",
                    "engine_update": "20220330"
                },
                "Lionic": {
                    "category": "undetected",
                    "engine_name": "Lionic",
                    "engine_version": "7.5",
                    "result": null,
                    "method": "blacklist",
                    "engine_update": "20220401"
                },
                "Elastic": {
                    "category": "type-unsupported",
                    "engine_name": "Elastic",
                    "engine_version": "4.0.35",
                    "result": null,
                    "method": "blacklist",
                    "engine_update": "20220302"
                },
                "MicroWorld-eScan": {
                    "category": "undetected",
                    "engine_name": "MicroWorld-eScan",
                    "engine_version": "14.0.409.0",
                    "result": null,
                    "method": "blacklist",
                    "engine_update": "20220401"
                },
                "FireEye": {
                    "category": "undetected",
                    "engine_name": "FireEye",
                    "engine_version": "32.44.1.0",
                    "result": null,
                    "method": "blacklist",
                    "engine_update": "20220401"
                },
                "CAT-QuickHeal": {
                    "category": "undetected",
                    "engine_name": "CAT-QuickHeal",
                    "engine_version": "14.00",
                    "result": null,
                    "method": "blacklist",
                    "engine_update": "20220331"
                },
                "McAfee": {
                    "category": "timeout",
                    "engine_name": "McAfee",
                    "engine_version": "6.0.6.653",
                    "result": null,
                    "method": "blacklist",
                    "engine_update": "20220331"
                },
                "ALYac": {
                    "category": "undetected",
                    "engine_name": "ALYac",
                    "engine_version": "1.1.3.1",
                    "result": null,
                    "method": "blacklist",
                    "engine_update": "20220401"
                },
                "Malwarebytes": {
                    "category": "undetected",
                    "engine_name": "Malwarebytes",
                    "engine_version": "4.2.2.27",
                    "result": null,
                    "method": "blacklist",
                    "engine_update": "20220401"
                },
                "Paloalto": {
                    "category": "type-unsupported",
                    "engine_name": "Paloalto",
                    "engine_version": "0.9.0.1003",
                    "result": null,
                    "method": "blacklist",
                    "engine_update": "20220401"
                },
                "Sangfor": {
                    "category": "timeout",
                    "engine_name": "Sangfor",
                    "engine_version": "2.9.0.0",
                    "result": null,
                    "method": "blacklist",
                    "engine_update": "20220401"
                },
                "Trustlook": {
                    "category": "undetected",
                    "engine_name": "Trustlook",
                    "engine_version": "1.0",
                    "result": null,
                    "method": "blacklist",
                    "engine_update": "20220401"
                },
                "Alibaba": {
                    "category": "undetected",
                    "engine_name": "Alibaba",
                    "engine_version": "0.3.0.5",
                    "result": null,
                    "method": "blacklist",
                    "engine_update": "20190527"
                },
                "K7GW": {
                    "category": "undetected",
                    "engine_name": "K7GW",
                    "engine_version": "12.3.41594",
                    "result": null,
                    "method": "blacklist",
                    "engine_update": "20220401"
                },
                "K7AntiVirus": {
                    "category": "undetected",
                    "engine_name": "K7AntiVirus",
                    "engine_version": "12.3.41594",
                    "result": null,
                    "method": "blacklist",
                    "engine_update": "20220401"
                },
                "BitDefenderTheta": {
                    "category": "undetected",
                    "engine_name": "BitDefenderTheta",
                    "engine_version": "7.2.37796.0",
                    "result": null,
                    "method": "blacklist",
                    "engine_update": "20220318"
                },
                "VirIT": {
                    "category": "undetected",
                    "engine_name": "VirIT",
                    "engine_version": "9.5.166",
                    "result": null,
                    "method": "blacklist",
                    "engine_update": "20220331"
                },
                "Cyren": {
                    "category": "undetected",
                    "engine_name": "Cyren",
                    "engine_version": "6.5.1.2",
                    "result": null,
                    "method": "blacklist",
                    "engine_update": "20220401"
                },
                "SymantecMobileInsight": {
                    "category": "undetected",
                    "engine_name": "SymantecMobileInsight",
                    "engine_version": "2.0",
                    "result": null,
                    "method": "blacklist",
                    "engine_update": "20220208"
                },
                "Symantec": {
                    "category": "undetected",
                    "engine_name": "Symantec",
                    "engine_version": "1.17.0.0",
                    "result": null,
                    "method": "blacklist",
                    "engine_update": "20220401"
                },
                "tehtris": {
                    "category": "type-unsupported",
                    "engine_name": "tehtris",
                    "engine_version": "v0.0.7",
                    "result": null,
                    "method": "blacklist",
                    "engine_update": "20220401"
                },
                "ESET-NOD32": {
                    "category": "undetected",
                    "engine_name": "ESET-NOD32",
                    "engine_version": "25034",
                    "result": null,
                    "method": "blacklist",
                    "engine_update": "20220401"
                },
                "Baidu": {
                    "category": "timeout",
                    "engine_name": "Baidu",
                    "engine_version": "1.0.0.2",
                    "result": null,
                    "method": "blacklist",
                    "engine_update": "20190318"
                },
                "TrendMicro-HouseCall": {
                    "category": "undetected",
                    "engine_name": "TrendMicro-HouseCall",
                    "engine_version": "10.0.0.1040",
                    "result": null,
                    "method": "blacklist",
                    "engine_update": "20220401"
                },
                "Avast": {
                    "category": "timeout",
                    "engine_name": "Avast",
                    "engine_version": "21.1.5827.0",
                    "result": null,
                    "method": "blacklist",
                    "engine_update": "20220401"
                },
                "ClamAV": {
                    "category": "undetected",
                    "engine_name": "ClamAV",
                    "engine_version": "0.104.2.0",
                    "result": null,
                    "method": "blacklist",
                    "engine_update": "20220401"
                },
                "Kaspersky": {
                    "category": "undetected",
                    "engine_name": "Kaspersky",
                    "engine_version": "21.0.1.45",
                    "result": null,
                    "method": "blacklist",
                    "engine_update": "20220401"
                },
                "BitDefender": {
                    "category": "undetected",
                    "engine_name": "BitDefender",
                    "engine_version": "7.2",
                    "result": null,
                    "method": "blacklist",
                    "engine_update": "20220401"
                },
                "NANO-Antivirus": {
                    "category": "undetected",
                    "engine_name": "NANO-Antivirus",
                    "engine_version": "1.0.146.25576",
                    "result": null,
                    "method": "blacklist",
                    "engine_update": "20220401"
                },
                "SUPERAntiSpyware": {
                    "category": "undetected",
                    "engine_name": "SUPERAntiSpyware",
                    "engine_version": "5.6.0.1032",
                    "result": null,
                    "method": "blacklist",
                    "engine_update": "20220327"
                },
                "APEX": {
                    "category": "type-unsupported",
                    "engine_name": "APEX",
                    "engine_version": "6.276",
                    "result": null,
                    "method": "blacklist",
                    "engine_update": "20220331"
                },
                "Tencent": {
                    "category": "undetected",
                    "engine_name": "Tencent",
                    "engine_version": "1.0.0.1",
                    "result": null,
                    "method": "blacklist",
                    "engine_update": "20220401"
                },
                "Ad-Aware": {
                    "category": "undetected",
                    "engine_name": "Ad-Aware",
                    "engine_version": "3.0.21.193",
                    "result": null,
                    "method": "blacklist",
                    "engine_update": "20220401"
                },
                "Emsisoft": {
                    "category": "timeout",
                    "engine_name": "Emsisoft",
                    "engine_version": "2021.5.0.7597",
                    "result": null,
                    "method": "blacklist",
                    "engine_update": "20220401"
                },
                "Comodo": {
                    "category": "undetected",
                    "engine_name": "Comodo",
                    "engine_version": "34490",
                    "result": null,
                    "method": "blacklist",
                    "engine_update": "20220401"
                },
                "F-Secure": {
                    "category": "undetected",
                    "engine_name": "F-Secure",
                    "engine_version": "12.0.86.52",
                    "result": null,
                    "method": "blacklist",
                    "engine_update": "20220331"
                },
                "DrWeb": {
                    "category": "undetected",
                    "engine_name": "DrWeb",
                    "engine_version": "7.0.54.3080",
                    "result": null,
                    "method": "blacklist",
                    "engine_update": "20220401"
                },
                "Zillya": {
                    "category": "timeout",
                    "engine_name": "Zillya",
                    "engine_version": "2.0.0.4602",
                    "result": null,
                    "method": "blacklist",
                    "engine_update": "20220331"
                },
                "TrendMicro": {
                    "category": "timeout",
                    "engine_name": "TrendMicro",
                    "engine_version": "11.0.0.1006",
                    "result": null,
                    "method": "blacklist",
                    "engine_update": "20220401"
                },
                "McAfee-GW-Edition": {
                    "category": "timeout",
                    "engine_name": "McAfee-GW-Edition",
                    "engine_version": null,
                    "result": null,
                    "method": "blacklist",
                    "engine_update": "20220401"
                },
                "SentinelOne": {
                    "category": "type-unsupported",
                    "engine_name": "SentinelOne",
                    "engine_version": "22.2.1.2",
                    "result": null,
                    "method": "blacklist",
                    "engine_update": "20220330"
                },
                "Trapmine": {
                    "category": "type-unsupported",
                    "engine_name": "Trapmine",
                    "engine_version": "3.5.45.75",
                    "result": null,
                    "method": "blacklist",
                    "engine_update": "20220217"
                },
                "CMC": {
                    "category": "undetected",
                    "engine_name": "CMC",
                    "engine_version": "2.10.2019.1",
                    "result": null,
                    "method": "blacklist",
                    "engine_update": "20211026"
                },
                "Sophos": {
                    "category": "undetected",
                    "engine_name": "Sophos",
                    "engine_version": "1.4.1.0",
                    "result": null,
                    "method": "blacklist",
                    "engine_update": "20220401"
                },
                "Ikarus": {
                    "category": "failure",
                    "engine_name": "Ikarus",
                    "engine_version": "6.0.15.0",
                    "result": null,
                    "method": "blacklist",
                    "engine_update": "20220331"
                },
                "GData": {
                    "category": "timeout",
                    "engine_name": "GData",
                    "engine_version": null,
                    "result": null,
                    "method": "blacklist",
                    "engine_update": "20220401"
                },
                "Jiangmin": {
                    "category": "undetected",
                    "engine_name": "Jiangmin",
                    "engine_version": "16.0.100",
                    "result": null,
                    "method": "blacklist",
                    "engine_update": "20220331"
                },
                "Webroot": {
                    "category": "type-unsupported",
                    "engine_name": "Webroot",
                    "engine_version": "1.0.0.403",
                    "result": null,
                    "method": "blacklist",
                    "engine_update": "20220401"
                },
                "Avira": {
                    "category": "undetected",
                    "engine_name": "Avira",
                    "engine_version": "8.3.3.14",
                    "result": null,
                    "method": "blacklist",
                    "engine_update": "20220401"
                },
                "Antiy-AVL": {
                    "category": "undetected",
                    "engine_name": "Antiy-AVL",
                    "engine_version": "3.0.0.1",
                    "result": null,
                    "method": "blacklist",
                    "engine_update": "20220401"
                },
                "Kingsoft": {
                    "category": "undetected",
                    "engine_name": "Kingsoft",
                    "engine_version": "2017.9.26.565",
                    "result": null,
                    "method": "blacklist",
                    "engine_update": "20220401"
                },
                "Microsoft": {
                    "category": "timeout",
                    "engine_name": "Microsoft",
                    "engine_version": "1.1.19000.8",
                    "result": null,
                    "method": "blacklist",
                    "engine_update": "20220401"
                },
                "Gridinsoft": {
                    "category": "undetected",
                    "engine_name": "Gridinsoft",
                    "engine_version": "1.0.74.174",
                    "result": null,
                    "method": "blacklist",
                    "engine_update": "20220401"
                },
                "Arcabit": {
                    "category": "undetected",
                    "engine_name": "Arcabit",
                    "engine_version": "1.0.0.889",
                    "result": null,
                    "method": "blacklist",
                    "engine_update": "20220401"
                },
                "ViRobot": {
                    "category": "undetected",
                    "engine_name": "ViRobot",
                    "engine_version": "2014.3.20.0",
                    "result": null,
                    "method": "blacklist",
                    "engine_update": "20220401"
                },
                "ZoneAlarm": {
                    "category": "undetected",
                    "engine_name": "ZoneAlarm",
                    "engine_version": "1.0",
                    "result": null,
                    "method": "blacklist",
                    "engine_update": "20220401"
                },
                "Avast-Mobile": {
                    "category": "undetected",
                    "engine_name": "Avast-Mobile",
                    "engine_version": "220330-02",
                    "result": null,
                    "method": "blacklist",
                    "engine_update": "20220331"
                },
                "Cynet": {
                    "category": "type-unsupported",
                    "engine_name": "Cynet",
                    "engine_version": "4.0.0.27",
                    "result": null,
                    "method": "blacklist",
                    "engine_update": "20220401"
                },
                "BitDefenderFalx": {
                    "category": "undetected",
                    "engine_name": "BitDefenderFalx",
                    "engine_version": "2.0.936",
                    "result": null,
                    "method": "blacklist",
                    "engine_update": "20220103"
                },
                "AhnLab-V3": {
                    "category": "undetected",
                    "engine_name": "AhnLab-V3",
                    "engine_version": "3.21.3.10230",
                    "result": null,
                    "method": "blacklist",
                    "engine_update": "20220401"
                },
                "Acronis": {
                    "category": "type-unsupported",
                    "engine_name": "Acronis",
                    "engine_version": "1.1.1.82",
                    "result": null,
                    "method": "blacklist",
                    "engine_update": "20210512"
                },
                "VBA32": {
                    "category": "timeout",
                    "engine_name": "VBA32",
                    "engine_version": null,
                    "result": null,
                    "method": "blacklist",
                    "engine_update": "20220331"
                },
                "MAX": {
                    "category": "undetected",
                    "engine_name": "MAX",
                    "engine_version": "2019.9.16.1",
                    "result": null,
                    "method": "blacklist",
                    "engine_update": "20220401"
                },
                "Cylance": {
                    "category": "timeout",
                    "engine_name": "Cylance",
                    "engine_version": "2.3.1.101",
                    "result": null,
                    "method": "blacklist",
                    "engine_update": "20220401"
                },
                "Zoner": {
                    "category": "undetected",
                    "engine_name": "Zoner",
                    "engine_version": "2.2.2.0",
                    "result": null,
                    "method": "blacklist",
                    "engine_update": "20220331"
                },
                "Rising": {
                    "category": "undetected",
                    "engine_name": "Rising",
                    "engine_version": "25.0.0.27",
                    "result": null,
                    "method": "blacklist",
                    "engine_update": "20220401"
                },
                "Yandex": {
                    "category": "undetected",
                    "engine_name": "Yandex",
                    "engine_version": "5.5.2.24",
                    "result": null,
                    "method": "blacklist",
                    "engine_update": "20220331"
                },
                "TACHYON": {
                    "category": "undetected",
                    "engine_name": "TACHYON",
                    "engine_version": "2022-04-01.01",
                    "result": null,
                    "method": "blacklist",
                    "engine_update": "20220401"
                },
                "MaxSecure": {
                    "category": "undetected",
                    "engine_name": "MaxSecure",
                    "engine_version": "1.0.0.1",
                    "result": null,
                    "method": "blacklist",
                    "engine_update": "20220331"
                },
                "Fortinet": {
                    "category": "undetected",
                    "engine_name": "Fortinet",
                    "engine_version": "6.2.142.0",
                    "result": null,
                    "method": "blacklist",
                    "engine_update": "20220401"
                },
                "AVG": {
                    "category": "timeout",
                    "engine_name": "AVG",
                    "engine_version": "21.1.5827.0",
                    "result": null,
                    "method": "blacklist",
                    "engine_update": "20220401"
                },
                "Cybereason": {
                    "category": "type-unsupported",
                    "engine_name": "Cybereason",
                    "engine_version": "1.2.449",
                    "result": null,
                    "method": "blacklist",
                    "engine_update": "20210330"
                },
                "Panda": {
                    "category": "undetected",
                    "engine_name": "Panda",
                    "engine_version": "4.6.4.2",
                    "result": null,
                    "method": "blacklist",
                    "engine_update": "20220331"
                },
                "CrowdStrike": {
                    "category": "type-unsupported",
                    "engine_name": "CrowdStrike",
                    "engine_version": "1.0",
                    "result": null,
                    "method": "blacklist",
                    "engine_update": "20210907"
                }
            },
            "sha256": "0000719e1624de022eb5d6a861c4bed7be79b2f5a0660ad7b31e4e5cb7c014f6",
            "tags": [
                "obfuscated",
                "reflection",
                "apk",
                "runtime-modules",
                "crypto",
                "telephony",
                "clipboard",
                "android"
            ],
            "last_analysis_date": 1648789886,
            "unique_sources": 2,
            "first_submission_date": 1627449880,
            "sha1": "287249be61c2abd51f0c2442d0f95296c3f6a979",
            "ssdeep": "393216:fFPb0fmmLIgutTaoyE7IsnugYS3bQ/Mi8YW7Brs640u:9cXYTaoJ7Nn5k/ZWh/u",
            "bundle_info": {
                "highest_datetime": "2021-06-10 11:55:32",
                "lowest_datetime": "1980-00-00 00:00:00",
                "num_children": 2243,
                "extensions": {
                    "xml": 192,
                    "dex": 4,
                    "gz": 1,
                    "js": 2,
                    "mp4": 1,
                    "css": 2,
                    "sql": 1,
                    "txt": 1,
                    "ttf": 11,
                    "png": 674
                },
                "file_types": {
                    "XML": 191,
                    "unknown": 129,
                    "DEX": 4,
                    "HTML": 2,
                    "PNG": 674
                },
                "type": "APK",
                "uncompressed_size": 29617122
            },
            "md5": "e8bc2c9338423ee7508178d7d9a317c6",
            "androguard": {
                "VTAndroidInfo": 2.0,
                "Libraries": [
                    "org.apache.http.legacy"
                ],
                "AndroidApplicationError": false,
                "MinSdkVersion": "19",
                "AndroguardVersion": "3.4.0a1",
                "Activities": [
                    "com.nowapp.basecode.view.activities.SplashActivity",
                    "com.nowapp.basecode.view.activities.PromoLoginActivity",
                    "com.nowapp.basecode.view.activities.HomeActivity",
                    "com.nowapp.basecode.view.tabactivity.HomeActivity",
                    "com.nowapp.basecode.view.tabactivity.ArticleDetailPage",
                    "com.nowapp.basecode.view.activities.ArticleDetailPage",
                    "com.nowapp.basecode.chromecast.ExpandedActivity",
                    "com.nowapp.basecode.view.activities.LiveStreamVideoActivity",
                    "com.nowapp.basecode.view.activities.NewLiveStreamVideoActivity",
                    "com.nowapp.basecode.view.tabactivity.LiveStreamVideoActivity",
                    "com.nowapp.basecode.view.activities.CurrentWeatherActivity",
                    "com.nowapp.basecode.view.activities.ContinueVideoActivity",
                    "com.nowapp.basecode.view.tabactivity.ContinueVideoActivity",
                    "com.nowapp.basecode.view.activities.SearchZipcodeActivity",
                    "com.nowapp.basecode.view.activities.MultimediaPlayerActivity",
                    "com.nowapp.basecode.view.tabactivity.MultimediaPlayerActivity",
                    "com.mopub.mobileads.RewardedMraidActivity",
                    "com.mopub.mobileads.MoPubActivity",
                    "com.mopub.mobileads.MraidActivity",
                    "com.mopub.common.MoPubBrowser",
                    "com.mopub.mobileads.MraidVideoPlayerActivity",
                    "com.mopub.common.privacy.ConsentDialogActivity",
                    "com.google.android.gms.tagmanager.TagManagerPreviewActivity",
                    "com.vungle.warren.ui.VungleActivity",
                    "com.vungle.warren.ui.VungleFlexViewActivity",
                    "com.freestar.android.ads.ChocolateAdActivity",
                    "com.freestar.android.ads.ChocolatePrerollActivity",
                    "com.freestar.android.ads.VDOBrowserActivity",
                    "com.amazon.device.ads.AdActivity",
                    "com.criteo.publisher.CriteoInterstitialActivity",
                    "com.unity3d.services.ads.adunit.AdUnitActivity",
                    "com.unity3d.services.ads.adunit.AdUnitTransparentActivity",
                    "com.unity3d.services.ads.adunit.AdUnitTransparentSoftwareActivity",
                    "com.unity3d.services.ads.adunit.AdUnitSoftwareActivity",
                    "com.applovin.adview.AppLovinInterstitialActivity",
                    "com.applovin.adview.AppLovinFullscreenActivity",
                    "com.applovin.sdk.AppLovinWebViewActivity",
                    "com.applovin.mediation.MaxDebuggerActivity",
                    "com.applovin.mediation.MaxDebuggerDetailActivity",
                    "com.applovin.mediation.MaxDebuggerMultiAdActivity",
                    "com.facebook.ads.AudienceNetworkActivity",
                    "com.tapjoy.TJAdUnitActivity",
                    "com.tapjoy.TJContentActivity",
                    "com.google.android.gms.common.api.GoogleApiActivity",
                    "com.google.android.gms.ads.AdActivity"
                ],
                "certificate": {
                    "Subject": {
                        "DN": "C:US, CN:Android, L:Mountain View, O:Google Inc., ST:California, OU:Android",
                        "C": "US",
                        "CN": "Android",
                        "L": "Mountain View",
                        "O": "Google Inc.",
                        "ST": "California",
                        "OU": "Android"
                    },
                    "validto": "2050-09-28 04:35:10",
                    "serialnumber": "9f77a62111ebe3cbaf3a1fa2d1cb33184ea22111",
                    "thumbprint": "d5d52861ece9072aeafb923d4847e61c7f739fec",
                    "validfrom": "2020-09-28 04:35:10",
                    "Issuer": {
                        "DN": "C:US, CN:Android, L:Mountain View, O:Google Inc., ST:California, OU:Android",
                        "C": "US",
                        "CN": "Android",
                        "L": "Mountain View",
                        "O": "Google Inc.",
                        "ST": "California",
                        "OU": "Android"
                    }
                },
                "AndroidApplication": 1,
                "RiskIndicator": {
                    "APK": {
                        "DEX": 4
                    },
                    "PERM": {
                        "INSTANT": 3,
                        "NORMAL": 5,
                        "DANGEROUS": 2,
                        "APPOP": 1,
                        "PRIVACY": 3,
                        "PREINSTALLED": 1,
                        "SIGNATURE": 1,
                        "PRE23": 1,
                        "INTERNET": 1,
                        "GPS": 2
                    }
                },
                "Services": [
                    "com.nowapp.basecode.notificationservice.MyFireBaseMessagingService",
                    "com.google.android.gms.analytics.AnalyticsService",
                    "com.google.android.gms.analytics.CampaignTrackingService",
                    "com.google.android.gms.cast.framework.media.MediaNotificationService",
                    "com.google.android.gms.cast.framework.ReconnectionService",
                    "com.google.firebase.messaging.FirebaseMessagingService",
                    "com.google.firebase.components.ComponentDiscoveryService",
                    "com.google.android.gms.tagmanager.TagManagerService",
                    "com.google.android.gms.analytics.AnalyticsJobService",
                    "com.applovin.impl.sdk.utils.AppKilledService",
                    "com.applovin.impl.adview.activity.FullscreenAdService",
                    "com.google.android.gms.measurement.AppMeasurementService",
                    "com.google.android.gms.measurement.AppMeasurementJobService",
                    "com.google.android.datatransport.runtime.backends.TransportBackendDiscovery",
                    "com.google.android.datatransport.runtime.scheduling.jobscheduling.JobInfoSchedulerService"
                ],
                "AndroidVersionCode": "2021060916",
                "main_activity": "com.nowapp.basecode.view.activities.SplashActivity",
                "Package": "com.utdailybeacon.com.android",
                "intent_filters": {
                    "Services": {
                        "com.nowapp.basecode.notificationservice.MyFireBaseMessagingService": {
                            "action": [
                                "com.google.firebase.MESSAGING_EVENT"
                            ]
                        },
                        "com.google.firebase.messaging.FirebaseMessagingService": {
                            "action": [
                                "com.google.firebase.MESSAGING_EVENT"
                            ]
                        }
                    },
                    "Activities": {
                        "com.nowapp.basecode.view.activities.SplashActivity": {
                            "action": [
                                "android.intent.action.MAIN"
                            ],
                            "category": [
                                "android.intent.category.LAUNCHER"
                            ]
                        },
                        "com.google.android.gms.tagmanager.TagManagerPreviewActivity": {
                            "action": [
                                "android.intent.action.VIEW"
                            ],
                            "category": [
                                "android.intent.category.DEFAULT",
                                "android.intent.category.BROWSABLE"
                            ]
                        },
                        "com.nowapp.basecode.chromecast.ExpandedActivity": {
                            "action": [
                                "android.intent.action.MAIN"
                            ]
                        }
                    },
                    "Receivers": {
                        "com.google.firebase.iid.FirebaseInstanceIdReceiver": {
                            "action": [
                                "com.google.android.c2dm.intent.RECEIVE"
                            ]
                        },
                        "com.tapjoy.InstallReferrerReceiver": {
                            "action": [
                                "com.android.vending.INSTALL_REFERRER"
                            ]
                        },
                        "com.google.android.gms.analytics.CampaignTrackingReceiver": {
                            "action": [
                                "com.android.vending.INSTALL_REFERRER"
                            ]
                        },
                        "com.vungle.warren.NetworkProviderReceiver": {
                            "action": [
                                "android.net.conn.CONNECTIVITY_CHANGE"
                            ],
                            "category": [
                                "android.intent.category.DEFAULT"
                            ]
                        },
                        "com.freestar.android.ads.BootCompleteReceiver": {
                            "action": [
                                "android.intent.action.BOOT_COMPLETED"
                            ],
                            "category": [
                                "android.intent.category.DEFAULT"
                            ]
                        },
                        "com.google.android.gms.analytics.AnalyticsReceiver": {
                            "action": [
                                "com.google.android.gms.analytics.ANALYTICS_DISPATCH"
                            ]
                        }
                    }
                },
                "AndroidVersionName": "130.2",
                "TargetSdkVersion": "29",
                "AndroidApplicationInfo": "APK",
                "Providers": [
                    "com.vungle.warren.utility.VungleProvider",
                    "com.facebook.ads.AudienceNetworkContentProvider",
                    "com.google.firebase.provider.FirebaseInitProvider",
                    "com.google.android.gms.ads.MobileAdsInitProvider",
                    "androidx.lifecycle.ProcessLifecycleOwnerInitializer"
                ],
                "permission_details": {
                    "android.permission.ACCESS_FINE_LOCATION": {
                        "short_description": "access precise location only in the foreground",
                        "full_description": "This app can get your exact location only when it is in the foreground. These location services must be turned on and available on your phone for the app to be able to use them. This may increase battery consumption.",
                        "permission_type": "dangerous|instant"
                    },
                    "android.permission.READ_EXTERNAL_STORAGE": {
                        "short_description": "read the contents of your shared storage",
                        "full_description": "Allows the app to read the contents of your shared storage.",
                        "permission_type": "dangerous"
                    },
                    "android.permission.RECEIVE_BOOT_COMPLETED": {
                        "short_description": "run at startup",
                        "full_description": "Allows the app to\n        have itself started as soon as the system has finished booting.\n        This can make it take longer to start the phone and allow the\n        app to slow down the overall phone by always running.",
                        "permission_type": "normal"
                    },
                    "android.permission.ACCESS_LOCATION": {
                        "short_description": "Unknown permission from android reference",
                        "full_description": "Unknown permission from android reference",
                        "permission_type": "normal"
                    },
                    "com.google.android.c2dm.permission.RECEIVE": {
                        "short_description": "Unknown permission from android reference",
                        "full_description": "Unknown permission from android reference",
                        "permission_type": "normal"
                    },
                    "android.permission.CAMERA": {
                        "short_description": "take pictures and videos",
                        "full_description": "This app can take pictures and record videos using the camera at any time.",
                        "permission_type": "dangerous|instant"
                    },
                    "android.permission.ACCESS_COARSE_LOCATION": {
                        "short_description": "access approximate location (network-based) only in the foreground",
                        "full_description": "This app can get your location based on network sources such as cell towers and Wi-Fi networks, but only when the app is in the foreground. These location services must be turned on and available on your phone for the app to be able to use them.",
                        "permission_type": "dangerous|instant"
                    },
                    "android.permission.WAKE_LOCK": {
                        "short_description": "prevent phone from sleeping",
                        "full_description": "Allows the app to prevent the phone from going to sleep.",
                        "permission_type": "normal|instant"
                    },
                    "android.permission.FOREGROUND_SERVICE": {
                        "short_description": "run foreground service",
                        "full_description": "Allows the app to make use of foreground services.",
                        "permission_type": "normal|instant"
                    },
                    "android.permission.ACCESS_ASSISTED_GPS": {
                        "short_description": "Unknown permission from android reference",
                        "full_description": "Unknown permission from android reference",
                        "permission_type": "normal"
                    },
                    "android.permission.ACCESS_GPS": {
                        "short_description": "Unknown permission from android reference",
                        "full_description": "Unknown permission from android reference",
                        "permission_type": "normal"
                    },
                    "android.permission.ACCESS_WIFI_STATE": {
                        "short_description": "view Wi-Fi connections",
                        "full_description": "Allows the app to view information\n      about Wi-Fi networking, such as whether Wi-Fi is enabled and name of\n      connected Wi-Fi devices.",
                        "permission_type": "normal"
                    },
                    "android.permission.INTERNET": {
                        "short_description": "have full network access",
                        "full_description": "Allows the app to create\n     network sockets and use custom network protocols. The browser and other\n     applications provide means to send data to the internet, so this\n     permission is not required to send data to the internet.",
                        "permission_type": "normal|instant"
                    },
                    "android.permission.ACCESS_NETWORK_STATE": {
                        "short_description": "view network connections",
                        "full_description": "Allows the app to view\n      information about network connections such as which networks exist and are\n      connected.",
                        "permission_type": "normal|instant"
                    },
                    "com.google.android.finsky.permission.BIND_GET_INSTALL_REFERRER_SERVICE": {
                        "short_description": "Unknown permission from android reference",
                        "full_description": "Unknown permission from android reference",
                        "permission_type": "normal"
                    },
                    "android.permission.WRITE_SETTINGS": {
                        "short_description": "modify system settings",
                        "full_description": "Allows the app to modify the\n        system's settings data. Malicious apps may corrupt your system's\n        configuration.",
                        "permission_type": "signature|preinstalled|appop|pre23"
                    },
                    "android.permission.WRITE_EXTERNAL_STORAGE": {
                        "short_description": "modify or delete the contents of your shared storage",
                        "full_description": "Allows the app to write the contents of your shared storage.",
                        "permission_type": "dangerous"
                    },
                    "com.android.vending.BILLING": {
                        "short_description": "Unknown permission from android reference",
                        "full_description": "Unknown permission from android reference",
                        "permission_type": "normal"
                    }
                },
                "Receivers": [
                    "com.google.android.gms.analytics.AnalyticsReceiver",
                    "com.google.android.gms.analytics.CampaignTrackingReceiver",
                    "com.google.android.gms.cast.framework.media.MediaIntentReceiver",
                    "com.vungle.warren.NetworkProviderReceiver",
                    "com.freestar.android.ads.BootCompleteReceiver",
                    "com.tapjoy.InstallReferrerReceiver",
                    "com.tapjoy.TapjoyReceiver",
                    "com.google.firebase.iid.FirebaseInstanceIdReceiver",
                    "com.google.android.gms.measurement.AppMeasurementReceiver",
                    "com.google.android.datatransport.runtime.scheduling.jobscheduling.AlarmManagerSchedulerBroadcastReceiver"
                ],
                "StringsInformation": [
                    "http://amazon-adsystem.com",
                    "http://hostname/?",
                    "http://localhost/",
                    "http://mads.amazon-adsystem.com/",
                    "http://schemas.android.com/apk/lib/com.amazon.device.ads",
                    "http://schemas.android.com/apk/res-auto",
                    "http://schemas.android.com/apk/res/",
                    "http://schemas.android.com/apk/res/android",
                    "http://schemas.applovin.com/android/1.0",
                    "http://schemas.microsoft.com/DRM/2007/03/protocols/AcquireLicense",
                    "http://www.example.com",
                    "http://www.w3.org/ns/ttml#parameter",
                    "http://xmlpull.org/v1/doc/features.html#process-namespaces",
                    "https://a.applovin.com/",
                    "https://a.applvn.com/",
                    "https://adservice.google.com/getconfig/pubvendors",
                    "https://assets.applovin.com/gdpr/flow_v1/gdpr-flow-1.html",
                    "https://blank",
                    "https://criteo.com",
                    "https://d.applovin.com/",
                    "https://d.applvn.com/",
                    "https://dwxjayoxbnyrr.cloudfront.net/amazon-ads.viewablejs",
                    "https://foxnews.com/",
                    "https://ms.applovin.com/",
                    "https://ms.applvn.com/",
                    "https://play.google.com/store/apps/details?id=",
                    "https://prod-a.applovin.com,https://rt.applovin.com/4.0/pix, https://rt.applvn.com/4.0/pix,https://ms.applovin.com/,https://ms.applvn.com/",
                    "https://rt.applovin.com/",
                    "https://rt.applvn.com/",
                    "https://serve.pubapp.network/adserver/ssp/getconfig",
                    "https://serve.pubapp.network/adserver/ssp/getinitconfig/",
                    "https://vid.applovin.com/,https://pdn.applovin.com/,https://img.applovin.com/,https://d.applovin.com/,https://assets.applovin.com/,https://cdnjs.cloudflare.com/,http://vid.applovin.com/,http://pdn.applovin.com/,http://img.applovin.com/,http://d.applovin.com/,http://assets.applovin.com/,http://cdnjs.cloudflare.com/",
                    "https://ws.tapjoyads.com/",
                    "https://www.example.com",
                    "https://www.facebook.com/adnw_logging/",
                    "https://x"
                ]
            },
            "magic": "Zip archive data, at least v2.0 to extract",
            "last_analysis_stats": {
                "harmless": 0,
                "type-unsupported": 11,
                "suspicious": 0,
                "confirmed-timeout": 0,
                "timeout": 13,
                "failure": 1,
                "malicious": 0,
                "undetected": 49
            },
            "meaningful_name": "0000719E1624DE022EB5D6A861C4BED7BE79B2F5A0660AD7B31E4E5CB7C014F6.apk",
            "reputation": 0
        },
        "type": "file",
        "id": "0000719e1624de022eb5d6a861c4bed7be79b2f5a0660ad7b31e4e5cb7c014f6",
        "links": {
            "self": "https://www.virustotal.com/api/v3/files/0000719e1624de022eb5d6a861c4bed7be79b2f5a0660ad7b31e4e5cb7c014f6"
        }
    }
}