{
    "data": {
        "attributes": {
            "type_description": "Android",
            "vhash": "c9a94c8f5823783766b5d1d4ffe71175",
            "trid": [
                {
                    "file_type": "Android Package",
                    "probability": 56.2
                },
                {
                    "file_type": "Java Archive",
                    "probability": 21.1
                },
                {
                    "file_type": "Sweet Home 3D design (generic)",
                    "probability": 15.3
                },
                {
                    "file_type": "ZIP compressed archive",
                    "probability": 5.8
                },
                {
                    "file_type": "PrintFox/Pagefox bitmap (var. P)",
                    "probability": 1.4
                }
            ],
            "names": [
                "00006C299C7F86623A783E52AF5257958F75B7625A4D1EB76C64A0C745B4803C.apk"
            ],
            "last_modification_date": 1568575575,
            "type_tag": "android",
            "times_submitted": 1,
            "total_votes": {
                "harmless": 0,
                "malicious": 0
            },
            "size": 71939246,
            "type_extension": "apk",
            "last_submission_date": 1549437743,
            "last_analysis_results": {
                "Bkav": {
                    "category": "undetected",
                    "engine_name": "Bkav",
                    "engine_version": "1.3.0.10239",
                    "result": null,
                    "method": "blacklist",
                    "engine_update": "20190913"
                },
                "Lionic": {
                    "category": "undetected",
                    "engine_name": "AegisLab",
                    "engine_version": "4.2",
                    "result": null,
                    "method": "blacklist",
                    "engine_update": "20190915"
                },
                "TotalDefense": {
                    "category": "undetected",
                    "engine_name": "TotalDefense",
                    "engine_version": "37.1.62.1",
                    "result": null,
                    "method": "blacklist",
                    "engine_update": "20190915"
                },
                "MicroWorld-eScan": {
                    "category": "undetected",
                    "engine_name": "MicroWorld-eScan",
                    "engine_version": "14.0.297.0",
                    "result": null,
                    "method": "blacklist",
                    "engine_update": "20190915"
                },
                "FireEye": {
                    "category": "undetected",
                    "engine_name": "FireEye",
                    "engine_version": "29.7.0.0",
                    "result": null,
                    "method": "blacklist",
                    "engine_update": "20190915"
                },
                "CAT-QuickHeal": {
                    "category": "undetected",
                    "engine_name": "CAT-QuickHeal",
                    "engine_version": "14.00",
                    "result": null,
                    "method": "blacklist",
                    "engine_update": "20190914"
                },
                "McAfee": {
                    "category": "undetected",
                    "engine_name": "McAfee",
                    "engine_version": "6.0.6.653",
                    "result": null,
                    "method": "blacklist",
                    "engine_update": "20190915"
                },
                "Malwarebytes": {
                    "category": "undetected",
                    "engine_name": "Malwarebytes",
                    "engine_version": "2.1.1.1115",
                    "result": null,
                    "method": "blacklist",
                    "engine_update": "20190915"
                },
                "Zillya": {
                    "category": "undetected",
                    "engine_name": "Zillya",
                    "engine_version": "2.0.0.3900",
                    "result": null,
                    "method": "blacklist",
                    "engine_update": "20190913"
                },
                "Trustlook": {
                    "category": "undetected",
                    "engine_name": "Trustlook",
                    "engine_version": "1.0",
                    "result": null,
                    "method": "blacklist",
                    "engine_update": "20190915"
                },
                "Alibaba": {
                    "category": "undetected",
                    "engine_name": "Alibaba",
                    "engine_version": "0.3.0.5",
                    "result": null,
                    "method": "blacklist",
                    "engine_update": "20190527"
                },
                "K7GW": {
                    "category": "undetected",
                    "engine_name": "K7GW",
                    "engine_version": "11.66.31997",
                    "result": null,
                    "method": "blacklist",
                    "engine_update": "20190912"
                },
                "K7AntiVirus": {
                    "category": "undetected",
                    "engine_name": "K7AntiVirus",
                    "engine_version": "11.66.32014",
                    "result": null,
                    "method": "blacklist",
                    "engine_update": "20190915"
                },
                "Invincea": {
                    "category": "type-unsupported",
                    "engine_name": "Invincea",
                    "engine_version": "6.3.6.26157",
                    "result": null,
                    "method": "blacklist",
                    "engine_update": "20190904"
                },
                "Baidu": {
                    "category": "undetected",
                    "engine_name": "Baidu",
                    "engine_version": "1.0.0.2",
                    "result": null,
                    "method": "blacklist",
                    "engine_update": "20190318"
                },
                "F-Prot": {
                    "category": "undetected",
                    "engine_name": "F-Prot",
                    "engine_version": "4.7.1.166",
                    "result": null,
                    "method": "blacklist",
                    "engine_update": "20190915"
                },
                "SymantecMobileInsight": {
                    "category": "undetected",
                    "engine_name": "SymantecMobileInsight",
                    "engine_version": "2.0",
                    "result": null,
                    "method": "blacklist",
                    "engine_update": "20190903"
                },
                "Symantec": {
                    "category": "undetected",
                    "engine_name": "Symantec",
                    "engine_version": "1.10.0.0",
                    "result": null,
                    "method": "blacklist",
                    "engine_update": "20190914"
                },
                "ESET-NOD32": {
                    "category": "undetected",
                    "engine_name": "ESET-NOD32",
                    "engine_version": "20021",
                    "result": null,
                    "method": "blacklist",
                    "engine_update": "20190915"
                },
                "APEX": {
                    "category": "type-unsupported",
                    "engine_name": "APEX",
                    "engine_version": "5.63",
                    "result": null,
                    "method": "blacklist",
                    "engine_update": "20190913"
                },
                "TrendMicro-HouseCall": {
                    "category": "undetected",
                    "engine_name": "TrendMicro-HouseCall",
                    "engine_version": "10.0.0.1040",
                    "result": null,
                    "method": "blacklist",
                    "engine_update": "20190915"
                },
                "Avast": {
                    "category": "undetected",
                    "engine_name": "Avast",
                    "engine_version": "18.4.3895.0",
                    "result": null,
                    "method": "blacklist",
                    "engine_update": "20190915"
                },
                "ClamAV": {
                    "category": "undetected",
                    "engine_name": "ClamAV",
                    "engine_version": "0.101.4.0",
                    "result": null,
                    "method": "blacklist",
                    "engine_update": "20190914"
                },
                "Kaspersky": {
                    "category": "undetected",
                    "engine_name": "Kaspersky",
                    "engine_version": "15.0.1.13",
                    "result": null,
                    "method": "blacklist",
                    "engine_update": "20190915"
                },
                "BitDefender": {
                    "category": "undetected",
                    "engine_name": "BitDefender",
                    "engine_version": "7.2",
                    "result": null,
                    "method": "blacklist",
                    "engine_update": "20190915"
                },
                "NANO-Antivirus": {
                    "category": "undetected",
                    "engine_name": "NANO-Antivirus",
                    "engine_version": "1.0.134.24859",
                    "result": null,
                    "method": "blacklist",
                    "engine_update": "20190915"
                },
                "SUPERAntiSpyware": {
                    "category": "undetected",
                    "engine_name": "SUPERAntiSpyware",
                    "engine_version": "5.6.0.1032",
                    "result": null,
                    "method": "blacklist",
                    "engine_update": "20190913"
                },
                "Tencent": {
                    "category": "undetected",
                    "engine_name": "Tencent",
                    "engine_version": "1.0.0.1",
                    "result": null,
                    "method": "blacklist",
                    "engine_update": "20190915"
                },
                "Ad-Aware": {
                    "category": "undetected",
                    "engine_name": "Ad-Aware",
                    "engine_version": "3.0.5.370",
                    "result": null,
                    "method": "blacklist",
                    "engine_update": "20190915"
                },
                "Emsisoft": {
                    "category": "undetected",
                    "engine_name": "Emsisoft",
                    "engine_version": "2018.12.0.1641",
                    "result": null,
                    "method": "blacklist",
                    "engine_update": "20190915"
                },
                "Comodo": {
                    "category": "undetected",
                    "engine_name": "Comodo",
                    "engine_version": "31478",
                    "result": null,
                    "method": "blacklist",
                    "engine_update": "20190915"
                },
                "F-Secure": {
                    "category": "undetected",
                    "engine_name": "F-Secure",
                    "engine_version": "12.0.86.52",
                    "result": null,
                    "method": "blacklist",
                    "engine_update": "20190915"
                },
                "DrWeb": {
                    "category": "undetected",
                    "engine_name": "DrWeb",
                    "engine_version": "7.0.41.7240",
                    "result": null,
                    "method": "blacklist",
                    "engine_update": "20190915"
                },
                "VIPRE": {
                    "category": "undetected",
                    "engine_name": "VIPRE",
                    "engine_version": "77880",
                    "result": null,
                    "method": "blacklist",
                    "engine_update": "20190915"
                },
                "TrendMicro": {
                    "category": "undetected",
                    "engine_name": "TrendMicro",
                    "engine_version": "11.0.0.1006",
                    "result": null,
                    "method": "blacklist",
                    "engine_update": "20190915"
                },
                "McAfee-GW-Edition": {
                    "category": "undetected",
                    "engine_name": "McAfee-GW-Edition",
                    "engine_version": "v2017.3010",
                    "result": null,
                    "method": "blacklist",
                    "engine_update": "20190914"
                },
                "SentinelOne": {
                    "category": "type-unsupported",
                    "engine_name": "SentinelOne",
                    "engine_version": "1.0.31.22",
                    "result": null,
                    "method": "blacklist",
                    "engine_update": "20190807"
                },
                "Trapmine": {
                    "category": "type-unsupported",
                    "engine_name": "Trapmine",
                    "engine_version": "3.1.81.800",
                    "result": null,
                    "method": "blacklist",
                    "engine_update": "20190826"
                },
                "CMC": {
                    "category": "undetected",
                    "engine_name": "CMC",
                    "engine_version": "1.1.0.977",
                    "result": null,
                    "method": "blacklist",
                    "engine_update": "20190321"
                },
                "Sophos": {
                    "category": "undetected",
                    "engine_name": "Sophos",
                    "engine_version": "4.98.0",
                    "result": null,
                    "method": "blacklist",
                    "engine_update": "20190915"
                },
                "Paloalto": {
                    "category": "type-unsupported",
                    "engine_name": "Paloalto",
                    "engine_version": "1.0",
                    "result": null,
                    "method": "blacklist",
                    "engine_update": "20190915"
                },
                "Cyren": {
                    "category": "undetected",
                    "engine_name": "Cyren",
                    "engine_version": "6.2.0.1",
                    "result": null,
                    "method": "blacklist",
                    "engine_update": "20190915"
                },
                "Jiangmin": {
                    "category": "undetected",
                    "engine_name": "Jiangmin",
                    "engine_version": "16.0.100",
                    "result": null,
                    "method": "blacklist",
                    "engine_update": "20190915"
                },
                "Webroot": {
                    "category": "type-unsupported",
                    "engine_name": "Webroot",
                    "engine_version": "1.0.0.403",
                    "result": null,
                    "method": "blacklist",
                    "engine_update": "20190915"
                },
                "Avira": {
                    "category": "undetected",
                    "engine_name": "Avira",
                    "engine_version": "8.3.3.8",
                    "result": null,
                    "method": "blacklist",
                    "engine_update": "20190915"
                },
                "Fortinet": {
                    "category": "undetected",
                    "engine_name": "Fortinet",
                    "engine_version": "5.4.247.0",
                    "result": null,
                    "method": "blacklist",
                    "engine_update": "20190915"
                },
                "Antiy-AVL": {
                    "category": "undetected",
                    "engine_name": "Antiy-AVL",
                    "engine_version": "3.0.0.1",
                    "result": null,
                    "method": "blacklist",
                    "engine_update": "20190915"
                },
                "Kingsoft": {
                    "category": "undetected",
                    "engine_name": "Kingsoft",
                    "engine_version": "2013.8.14.323",
                    "result": null,
                    "method": "blacklist",
                    "engine_update": "20190915"
                },
                "Endgame": {
                    "category": "type-unsupported",
                    "engine_name": "Endgame",
                    "engine_version": "3.0.14",
                    "result": null,
                    "method": "blacklist",
                    "engine_update": "20190819"
                },
                "Arcabit": {
                    "category": "undetected",
                    "engine_name": "Arcabit",
                    "engine_version": "1.0.0.856",
                    "result": null,
                    "method": "blacklist",
                    "engine_update": "20190915"
                },
                "ViRobot": {
                    "category": "undetected",
                    "engine_name": "ViRobot",
                    "engine_version": "2014.3.20.0",
                    "result": null,
                    "method": "blacklist",
                    "engine_update": "20190914"
                },
                "ZoneAlarm": {
                    "category": "undetected",
                    "engine_name": "ZoneAlarm",
                    "engine_version": "1.0",
                    "result": null,
                    "method": "blacklist",
                    "engine_update": "20190915"
                },
                "Avast-Mobile": {
                    "category": "undetected",
                    "engine_name": "Avast-Mobile",
                    "engine_version": "190915-00",
                    "result": null,
                    "method": "blacklist",
                    "engine_update": "20190915"
                },
                "Microsoft": {
                    "category": "undetected",
                    "engine_name": "Microsoft",
                    "engine_version": "1.1.16300.1",
                    "result": null,
                    "method": "blacklist",
                    "engine_update": "20190915"
                },
                "TACHYON": {
                    "category": "undetected",
                    "engine_name": "TACHYON",
                    "engine_version": "2019-09-15.02",
                    "result": null,
                    "method": "blacklist",
                    "engine_update": "20190915"
                },
                "AhnLab-V3": {
                    "category": "undetected",
                    "engine_name": "AhnLab-V3",
                    "engine_version": "3.16.1.25089",
                    "result": null,
                    "method": "blacklist",
                    "engine_update": "20190914"
                },
                "Acronis": {
                    "category": "type-unsupported",
                    "engine_name": "Acronis",
                    "engine_version": "1.1.1.56",
                    "result": null,
                    "method": "blacklist",
                    "engine_update": "20190904"
                },
                "VBA32": {
                    "category": "undetected",
                    "engine_name": "VBA32",
                    "engine_version": "4.0.0",
                    "result": null,
                    "method": "blacklist",
                    "engine_update": "20190913"
                },
                "ALYac": {
                    "category": "undetected",
                    "engine_name": "ALYac",
                    "engine_version": "1.1.1.5",
                    "result": null,
                    "method": "blacklist",
                    "engine_update": "20190915"
                },
                "MAX": {
                    "category": "undetected",
                    "engine_name": "MAX",
                    "engine_version": "2018.9.12.1",
                    "result": null,
                    "method": "blacklist",
                    "engine_update": "20190915"
                },
                "Cylance": {
                    "category": "type-unsupported",
                    "engine_name": "Cylance",
                    "engine_version": "2.3.1.101",
                    "result": null,
                    "method": "blacklist",
                    "engine_update": "20190915"
                },
                "Zoner": {
                    "category": "undetected",
                    "engine_name": "Zoner",
                    "engine_version": "1.0.0.1",
                    "result": null,
                    "method": "blacklist",
                    "engine_update": "20190914"
                },
                "Rising": {
                    "category": "undetected",
                    "engine_name": "Rising",
                    "engine_version": "25.0.0.24",
                    "result": null,
                    "method": "blacklist",
                    "engine_update": "20190915"
                },
                "Yandex": {
                    "category": "undetected",
                    "engine_name": "Yandex",
                    "engine_version": "5.5.2.24",
                    "result": null,
                    "method": "blacklist",
                    "engine_update": "20190912"
                },
                "Ikarus": {
                    "category": "undetected",
                    "engine_name": "Ikarus",
                    "engine_version": "0.1.5.2",
                    "result": null,
                    "method": "blacklist",
                    "engine_update": "20190915"
                },
                "GData": {
                    "category": "undetected",
                    "engine_name": "GData",
                    "engine_version": "A:25.23386B:26.16034",
                    "result": null,
                    "method": "blacklist",
                    "engine_update": "20190915"
                },
                "AVG": {
                    "category": "undetected",
                    "engine_name": "AVG",
                    "engine_version": "18.4.3895.0",
                    "result": null,
                    "method": "blacklist",
                    "engine_update": "20190915"
                },
                "Cybereason": {
                    "category": "type-unsupported",
                    "engine_name": "Cybereason",
                    "engine_version": "1.2.449",
                    "result": null,
                    "method": "blacklist",
                    "engine_update": "20190616"
                },
                "Panda": {
                    "category": "undetected",
                    "engine_name": "Panda",
                    "engine_version": "4.6.4.2",
                    "result": null,
                    "method": "blacklist",
                    "engine_update": "20190915"
                },
                "CrowdStrike": {
                    "category": "type-unsupported",
                    "engine_name": "CrowdStrike",
                    "engine_version": "1.0",
                    "result": null,
                    "method": "blacklist",
                    "engine_update": "20190702"
                },
                "Qihoo-360": {
                    "category": "undetected",
                    "engine_name": "Qihoo-360",
                    "engine_version": "1.0.0.1120",
                    "result": null,
                    "method": "blacklist",
                    "engine_update": "20190915"
                }
            },
            "sha256": "00006c299c7f86623a783e52af5257958f75b7625a4d1eb76c64a0c745b4803c",
            "tags": [
                "apk",
                "android"
            ],
            "last_analysis_date": 1568536908,
            "unique_sources": 1,
            "first_submission_date": 1549437743,
            "sha1": "c94f0bece837668ca82517369665eeefec4b78f6",
            "ssdeep": "393216:xG57W3PQvTb7HMPrT36/lNyJJEEC7C6gUQ4:xG5TLM6dgJJEECNdh",
            "bundle_info": {
                "highest_datetime": "1980-00-00 00:00:00",
                "lowest_datetime": "1980-00-00 00:00:00",
                "num_children": 1024,
                "extensions": {
                    "xml": 355,
                    "dex": 1,
                    "MF": 1,
                    "RSA": 1,
                    "jpg": 103,
                    "js": 2,
                    "mp3": 1,
                    "SF": 1,
                    "ttf": 1,
                    "png": 533
                },
                "file_types": {
                    "XML": 354,
                    "unknown": 9,
                    "DEX": 1,
                    "JPG": 103,
                    "PNG": 533
                },
                "type": "APK",
                "uncompressed_size": 74831668
            },
            "md5": "fe63872b2d0a0ef725bea44dc765835b",
            "androguard": {
                "VTAndroidInfo": 1.41,
                "AndroidApplicationError": false,
                "MinSdkVersion": "15",
                "AndroguardVersion": "3.0-dev",
                "Activities": [
                    "com.skplanet.tad.AdActivity",
                    "com.fsn.cauly.blackdragoncore.LandingActivity",
                    "com.mapps.android.view.InterstitialView",
                    "com.dhcomms_mansecalendar.activities.intro.IntroActivity",
                    "com.dhcomms_mansecalendar.activities.contents.MainActivity",
                    "com.dhcomms_mansecalendar.activities.banner.EndToolActivity",
                    "com.dhcomms_mansecalendar.activities.settings.SignUpActivity",
                    "com.dhcomms_mansecalendar.activities.settings.UserListActivity",
                    "com.dhcomms_mansecalendar.activities.settings.NotificationSettingActivity",
                    "com.dhcomms_mansecalendar.activities.settings.ReportActivity",
                    "com.dhcomms_mansecalendar.activities.settings.SettingsActivity",
                    "com.dhcomms_mansecalendar.activities.contents.ViewerActivity",
                    "com.dhcomms_mansecalendar.activities.contents.BridgeActivity",
                    "com.dhcomms_mansecalendar.activities.contents.WebViewActivity",
                    "com.dhcomms_mansecalendar.activities.contents.DreamActivity",
                    "com.dhcomms_mansecalendar.activities.contents.DreamViewActivity",
                    "com.dhcomms_mansecalendar.advice.Activitys.AdviceActivity",
                    "com.dhcomms_mansecalendar.advice.Activitys.AdviceViewActivity",
                    "com.dhcomms_mansecalendar.CalendarManse.CalendarManseActivity",
                    "com.dhcomms_mansecalendar.ChooseDay.ChooseDayActivity",
                    "com.dhcomms_mansecalendar.activities.intro.PermissionActivity",
                    "com.facebook.FacebookActivity",
                    "com.facebook.CustomTabMainActivity",
                    "com.kakao.auth.authorization.authcode.KakaoWebViewActivity",
                    "com.google.android.gms.common.api.GoogleApiActivity"
                ],
                "certificate": {
                    "Subject": {
                        "DN": "L:korea",
                        "L": "korea"
                    },
                    "validto": "07:35 AM 03/10/2043",
                    "serialnumber": "79d17dbb",
                    "thumbprint": "c9d9ab1eb921c4fbef7e1ad612d317abefae29ed",
                    "validfrom": "07:35 AM 03/16/2018",
                    "Issuer": {
                        "DN": "L:korea",
                        "L": "korea"
                    }
                },
                "AndroidApplication": 1,
                "RiskIndicator": {
                    "APK": {
                        "DEX": 1
                    },
                    "PERM": {
                        "NORMAL": 4,
                        "INTERNET": 1
                    }
                },
                "Services": [
                    "com.dhcomms_mansecalendar.services.AlarmService",
                    "com.dhcomms_mansecalendar.services.AliveService"
                ],
                "AndroidVersionCode": "15",
                "main_activity": "com.dhcomms_mansecalendar.activities.intro.IntroActivity",
                "Package": "com.dhcomms_mansecalendar",
                "intent_filters": {
                    "Services": {},
                    "Activities": {
                        "com.dhcomms_mansecalendar.activities.intro.IntroActivity": {
                            "action": [
                                "android.intent.action.MAIN",
                                "android.intent.action.VIEW"
                            ],
                            "category": [
                                "android.intent.category.LAUNCHER",
                                "android.intent.category.DEFAULT",
                                "android.intent.category.BROWSABLE"
                            ]
                        },
                        "com.kakao.auth.authorization.authcode.KakaoWebViewActivity": {
                            "action": [
                                "android.intent.action.MAIN"
                            ],
                            "category": [
                                "android.intent.category.DEFAULT"
                            ]
                        }
                    },
                    "Receivers": {
                        "com.skplanet.tad.SyrupAdReceiver": {
                            "action": [
                                "com.skplanet.syrupad.action.SAID_CHANGED"
                            ]
                        },
                        "com.dhcomms_mansecalendar.receivers.BootReceiver": {
                            "action": [
                                "android.intent.action.BOOT_COMPLETED"
                            ]
                        }
                    }
                },
                "AndroidVersionName": "1.5",
                "TargetSdkVersion": "22",
                "AndroidApplicationInfo": "APK",
                "Providers": [
                    "com.facebook.FacebookContentProvider",
                    "com.facebook.internal.FacebookInitProvider"
                ],
                "permission_details": {
                    "android.permission.VIBRATE": {
                        "short_description": "control vibrator",
                        "full_description": "Allows the application to control the vibrator.",
                        "permission_type": "normal"
                    },
                    "android.permission.RECEIVE_BOOT_COMPLETED": {
                        "short_description": "automatically start at boot",
                        "full_description": "Allows an application to start itself as soon as the system has finished booting. This can make it take longer to start the phone and allow the application to slow down the overall phone by always running.",
                        "permission_type": "normal"
                    },
                    "com.google.android.c2dm.permission.RECEIVE": {
                        "short_description": "Unknown permission from android reference",
                        "full_description": "Unknown permission from android reference",
                        "permission_type": "normal"
                    },
                    "android.permission.ACCESS_NETWORK_STATE": {
                        "short_description": "view network status",
                        "full_description": "Allows an application to view the status of all networks.",
                        "permission_type": "normal"
                    },
                    "android.permission.WAKE_LOCK": {
                        "short_description": "prevent phone from sleeping",
                        "full_description": "Allows an application to prevent the phone from going to sleep.",
                        "permission_type": "normal"
                    },
                    "android.permission.INTERNET": {
                        "short_description": "full Internet access",
                        "full_description": "Allows an application to create network sockets.",
                        "permission_type": "dangerous"
                    }
                },
                "Receivers": [
                    "com.skplanet.tad.SyrupAdReceiver",
                    "com.dhcomms_mansecalendar.receivers.BootReceiver",
                    "com.dhcomms_mansecalendar.receivers.AlarmReceiver"
                ],
                "StringsInformation": [
                    "http://",
                    "http://14.63.225",
                    "http://14.63.225.93:9660/api/v1/",
                    "http://14.63.225.93:9661/",
                    "http://14.63.225.93:9661/list/index.html",
                    "http://14.63.225.93:9661/saying/saying_",
                    "http://14.63.225.93:9661/study/study_",
                    "http://210.221.235.187",
                    "http://210.221.235.245",
                    "http://ad.cauly.co.kr/CaulyImpressInform?",
                    "http://ad.cauly.co.kr/caulyImpress?",
                    "http://ad.cauly.co.kr/checkCondition?",
                    "http://ada.dawin.tv/inapp/ad_request",
                    "http://adg.dawin.tv/polmngr/getpolicy.json",
                    "http://adn.admixer.co.kr/ga",
                    "http://adn.admixer.co.kr/log",
                    "http://adn.admixer.co.kr:10303/view",
                    "http://adn.admixer.co.kr:10303/view_ex",
                    "http://adt.dawin.tv/logger",
                    "http://advimg.ad-mapps.com/sdk/M_PLUS/Image/android/banner/",
                    "http://advimg.ad-mapps.com/sdk/M_PLUS/Image/android/inter/",
                    "http://advimg.ad-mapps.com/sdk/M_PLUS/Image/android/inter/close_exhigh.png",
                    "http://advimg.ad-mapps.com/sdk/M_PLUS/Image/android/inter/close_exxhigh.png",
                    "http://advimg.ad-mapps.com/sdk/M_PLUS/Image/android/inter/close_high.png",
                    "http://advimg.ad-mapps.com/sdk/M_PLUS/Image/android/movie/",
                    "http://advimg.ad-mapps.com/sdk/M_PLUS/Image/android/solid/",
                    "http://click.admixer.co.kr:10505/AxClick",
                    "http://click.cauly.co.kr/caulyClick?",
                    "http://click.cauly.co.kr/caulyPlay?",
                    "http://custom.admixer.co.kr:10616/AxCustomPopup",
                    "http://d-ada.dawin.tv/inapp/ad_request",
                    "http://d-adg.dawin.tv/polmngr/getpolicy.json",
                    "http://d-adt.dawin.tv/logger",
                    "http://dev.adotsolution.com/policy/agreement1",
                    "http://devimg.nasmedia.co.kr/nas_admixer_img/image/library/admixer_0.618.apk",
                    "http://dispatch.admixer.co.kr:10606/AxDispatch",
                    "http://image.cauly.co.kr/optout/optout.png",
                    "http://image.cauly.co.kr/optout/optout_exp.png",
                    "http://image.cauly.co.kr:15151/sdk/blackdragon/module_info/GetModuleInfo.txt_3.4.11",
                    "http://impress.admixer.co.kr:10202/AxImpress",
                    "http://k.kakaocdn.net/dn/cbfIZg/btqjXJ05KSy/Hax4K2AC166W2tR65WF5v0/kakaolink40_original.jpg",
                    "http://localhost/",
                    "http://logtracker.cauly.co.kr:13000/log3d?",
                    "http://m.nlotto.co.kr/gameResult.do?method=statByNumber",
                    "http://m.nlotto.co.kr/store.do?method=topStore&pageGubun=L645",
                    "http://miximg.nasmedia.co.kr/defaultad/1421317781_64192.png",
                    "http://plus.google.com/",
                    "http://rd.cauly.co.kr/opt-out?sdk_type=native&platform=Android&code=",
                    "http://rtb.admixer.co.kr:10303/AxRtb",
                    "http://schemas.android.com/apk/res/",
                    "http://schemas.android.com/apk/res/android",
                    "http://tracker.cauly.co.kr/reporting?",
                    "http://vod.midas-i.com/20131010171708_middle.mp4",
                    "http://www.adotsolution.com/policy/agreement1",
                    "http://www.google.com",
                    "http://www.mman.kr/Service/opt/opt_bridge?aid=",
                    "https://",
                    "https://.facebook.com",
                    "https://ad.cauly.co.kr/CaulyImpressInform?",
                    "https://ad.cauly.co.kr/caulyAptResearch?",
                    "https://ad.cauly.co.kr/caulyImpress?",
                    "https://ad.cauly.co.kr/checkCondition?",
                    "https://click.cauly.co.kr/caulyClick?",
                    "https://click.cauly.co.kr/caulyPlay?",
                    "https://facebook.com",
                    "https://facebook.com/device?user_code=%1$s&qr=1",
                    "https://graph-video.%s",
                    "https://graph.%s",
                    "https://m.search.naver.com/search.naver?query=%EB%A1%9C%EB%98%90&where=m&sm=mtp_hty",
                    "https://mtag.mman.kr",
                    "https://play.google.com/store/apps/details?id=",
                    "https://play.google.com/store/apps/details?id=com.dhcomms_mansecalendar",
                    "https://play.google.com/store/apps/details?id=com.kakao.talk&referrer=",
                    "https://ssp.meba.kr",
                    "https://tracker.cauly.co.kr/reporting?",
                    "https://www.googleapis.com/auth/appstate",
                    "https://www.googleapis.com/auth/datastoremobile",
                    "https://www.googleapis.com/auth/drive.appdata",
                    "https://www.googleapis.com/auth/drive.file",
                    "https://www.googleapis.com/auth/fitness.activity.read",
                    "https://www.googleapis.com/auth/fitness.activity.write",
                    "https://www.googleapis.com/auth/fitness.body.read",
                    "https://www.googleapis.com/auth/fitness.body.write",
                    "https://www.googleapis.com/auth/fitness.location.read",
                    "https://www.googleapis.com/auth/fitness.location.write",
                    "https://www.googleapis.com/auth/fitness.nutrition.read",
                    "https://www.googleapis.com/auth/fitness.nutrition.write",
                    "https://www.googleapis.com/auth/games",
                    "https://www.googleapis.com/auth/plus.login",
                    "https://www.googleapis.com/auth/plus.me",
                    "https://www.googleapis.com/auth/plus.moments.write",
                    "https://xconf.cauly.co.kr/caulyXconf?"
                ]
            },
            "magic": "Zip archive data, at least v2.0 to extract",
            "last_analysis_stats": {
                "harmless": 0,
                "type-unsupported": 11,
                "suspicious": 0,
                "confirmed-timeout": 0,
                "timeout": 0,
                "failure": 0,
                "malicious": 0,
                "undetected": 60
            },
            "meaningful_name": "00006C299C7F86623A783E52AF5257958F75B7625A4D1EB76C64A0C745B4803C.apk",
            "reputation": 0
        },
        "type": "file",
        "id": "00006c299c7f86623a783e52af5257958f75b7625a4d1eb76c64a0c745b4803c",
        "links": {
            "self": "https://www.virustotal.com/api/v3/files/00006c299c7f86623a783e52af5257958f75b7625a4d1eb76c64a0c745b4803c"
        }
    }
}