{
    "data": {
        "attributes": {
            "type_description": "Android",
            "tlsh": "T15C172342B3E2D916C23F9A3109A7412374358E16D26AEAFB310CB6745FF29C487257F6",
            "vhash": "0500747b168cb902714e45dea45cf4bd",
            "trid": [
                {
                    "file_type": "Android Package",
                    "probability": 57.0
                },
                {
                    "file_type": "Java Archive",
                    "probability": 20.0
                },
                {
                    "file_type": "Sweet Home 3D design (generic)",
                    "probability": 15.5
                },
                {
                    "file_type": "ZIP compressed archive",
                    "probability": 5.9
                },
                {
                    "file_type": "PrintFox/Pagefox bitmap (640x800)",
                    "probability": 1.4
                }
            ],
            "names": [
                "0001C305576625CDD1AF37295D45F1FF9FA8DEFD0C0E67B2516F0FEB438C5A6A.apk",
                "com.sg.android.childpuzzle.sports.apk"
            ],
            "last_modification_date": 1631598859,
            "type_tag": "android",
            "times_submitted": 3,
            "total_votes": {
                "harmless": 0,
                "malicious": 0
            },
            "size": 20252984,
            "popular_threat_classification": {
                "suggested_threat_label": "trojan.jiagu",
                "popular_threat_category": [
                    {
                        "count": 2,
                        "value": "trojan"
                    },
                    {
                        "count": 2,
                        "value": "adware"
                    }
                ],
                "popular_threat_name": [
                    {
                        "count": 3,
                        "value": "jiagu"
                    }
                ]
            },
            "last_submission_date": 1631503526,
            "last_analysis_results": {
                "Bkav": {
                    "category": "undetected",
                    "engine_name": "Bkav",
                    "engine_version": "1.3.0.9899",
                    "result": null,
                    "method": "blacklist",
                    "engine_update": "20210913"
                },
                "Lionic": {
                    "category": "undetected",
                    "engine_name": "Lionic",
                    "engine_version": "4.2",
                    "result": null,
                    "method": "blacklist",
                    "engine_update": "20210914"
                },
                "Elastic": {
                    "category": "type-unsupported",
                    "engine_name": "Elastic",
                    "engine_version": "4.0.27",
                    "result": null,
                    "method": "blacklist",
                    "engine_update": "20210805"
                },
                "DrWeb": {
                    "category": "undetected",
                    "engine_name": "DrWeb",
                    "engine_version": "7.0.49.9080",
                    "result": null,
                    "method": "blacklist",
                    "engine_update": "20210913"
                },
                "MicroWorld-eScan": {
                    "category": "undetected",
                    "engine_name": "MicroWorld-eScan",
                    "engine_version": "14.0.409.0",
                    "result": null,
                    "method": "blacklist",
                    "engine_update": "20210913"
                },
                "FireEye": {
                    "category": "undetected",
                    "engine_name": "FireEye",
                    "engine_version": "32.44.1.0",
                    "result": null,
                    "method": "blacklist",
                    "engine_update": "20210913"
                },
                "CAT-QuickHeal": {
                    "category": "malicious",
                    "engine_name": "CAT-QuickHeal",
                    "engine_version": "14.00",
                    "result": "Android.Jiagu.A (PUP)",
                    "method": "blacklist",
                    "engine_update": "20210913"
                },
                "McAfee": {
                    "category": "undetected",
                    "engine_name": "McAfee",
                    "engine_version": "6.0.6.653",
                    "result": null,
                    "method": "blacklist",
                    "engine_update": "20210913"
                },
                "Malwarebytes": {
                    "category": "undetected",
                    "engine_name": "Malwarebytes",
                    "engine_version": "4.2.2.27",
                    "result": null,
                    "method": "blacklist",
                    "engine_update": "20210914"
                },
                "VIPRE": {
                    "category": "undetected",
                    "engine_name": "VIPRE",
                    "engine_version": "95474",
                    "result": null,
                    "method": "blacklist",
                    "engine_update": "20210914"
                },
                "Paloalto": {
                    "category": "type-unsupported",
                    "engine_name": "Paloalto",
                    "engine_version": "1.0",
                    "result": null,
                    "method": "blacklist",
                    "engine_update": "20210914"
                },
                "Sangfor": {
                    "category": "undetected",
                    "engine_name": "Sangfor",
                    "engine_version": "2.9.0.0",
                    "result": null,
                    "method": "blacklist",
                    "engine_update": "20210831"
                },
                "Trustlook": {
                    "category": "malicious",
                    "engine_name": "Trustlook",
                    "engine_version": "1.0",
                    "result": "Android.PUA.General",
                    "method": "blacklist",
                    "engine_update": "20210914"
                },
                "Alibaba": {
                    "category": "undetected",
                    "engine_name": "Alibaba",
                    "engine_version": "0.3.0.5",
                    "result": null,
                    "method": "blacklist",
                    "engine_update": "20190527"
                },
                "K7GW": {
                    "category": "malicious",
                    "engine_name": "K7GW",
                    "engine_version": "11.213.38280",
                    "result": "Adware ( 0052d5ec1 )",
                    "method": "blacklist",
                    "engine_update": "20210913"
                },
                "K7AntiVirus": {
                    "category": "undetected",
                    "engine_name": "K7AntiVirus",
                    "engine_version": "11.213.38277",
                    "result": null,
                    "method": "blacklist",
                    "engine_update": "20210913"
                },
                "BitDefenderTheta": {
                    "category": "undetected",
                    "engine_name": "BitDefenderTheta",
                    "engine_version": "7.2.37796.0",
                    "result": null,
                    "method": "blacklist",
                    "engine_update": "20210908"
                },
                "Cyren": {
                    "category": "undetected",
                    "engine_name": "Cyren",
                    "engine_version": "6.3.0.2",
                    "result": null,
                    "method": "blacklist",
                    "engine_update": "20210914"
                },
                "SymantecMobileInsight": {
                    "category": "malicious",
                    "engine_name": "SymantecMobileInsight",
                    "engine_version": "2.0",
                    "result": "AppRisk:Generisk",
                    "method": "blacklist",
                    "engine_update": "20210126"
                },
                "Symantec": {
                    "category": "undetected",
                    "engine_name": "Symantec",
                    "engine_version": "1.15.0.0",
                    "result": null,
                    "method": "blacklist",
                    "engine_update": "20210913"
                },
                "ESET-NOD32": {
                    "category": "malicious",
                    "engine_name": "ESET-NOD32",
                    "engine_version": "23957",
                    "result": "a variant of Android/Packed.Jiagu.A potentially unsafe",
                    "method": "blacklist",
                    "engine_update": "20210914"
                },
                "APEX": {
                    "category": "type-unsupported",
                    "engine_name": "APEX",
                    "engine_version": "6.208",
                    "result": null,
                    "method": "blacklist",
                    "engine_update": "20210913"
                },
                "TrendMicro-HouseCall": {
                    "category": "undetected",
                    "engine_name": "TrendMicro-HouseCall",
                    "engine_version": "10.0.0.1040",
                    "result": null,
                    "method": "blacklist",
                    "engine_update": "20210913"
                },
                "Avast": {
                    "category": "undetected",
                    "engine_name": "Avast",
                    "engine_version": "21.1.5827.0",
                    "result": null,
                    "method": "blacklist",
                    "engine_update": "20210914"
                },
                "ClamAV": {
                    "category": "undetected",
                    "engine_name": "ClamAV",
                    "engine_version": "0.104.0.0",
                    "result": null,
                    "method": "blacklist",
                    "engine_update": "20210913"
                },
                "Kaspersky": {
                    "category": "undetected",
                    "engine_name": "Kaspersky",
                    "engine_version": "21.0.1.45",
                    "result": null,
                    "method": "blacklist",
                    "engine_update": "20210914"
                },
                "BitDefender": {
                    "category": "undetected",
                    "engine_name": "BitDefender",
                    "engine_version": "7.2",
                    "result": null,
                    "method": "blacklist",
                    "engine_update": "20210913"
                },
                "NANO-Antivirus": {
                    "category": "undetected",
                    "engine_name": "NANO-Antivirus",
                    "engine_version": "1.0.146.25368",
                    "result": null,
                    "method": "blacklist",
                    "engine_update": "20210914"
                },
                "SUPERAntiSpyware": {
                    "category": "undetected",
                    "engine_name": "SUPERAntiSpyware",
                    "engine_version": "5.6.0.1032",
                    "result": null,
                    "method": "blacklist",
                    "engine_update": "20210911"
                },
                "Tencent": {
                    "category": "undetected",
                    "engine_name": "Tencent",
                    "engine_version": "1.0.0.1",
                    "result": null,
                    "method": "blacklist",
                    "engine_update": "20210914"
                },
                "Ad-Aware": {
                    "category": "undetected",
                    "engine_name": "Ad-Aware",
                    "engine_version": "3.0.21.179",
                    "result": null,
                    "method": "blacklist",
                    "engine_update": "20210913"
                },
                "Emsisoft": {
                    "category": "undetected",
                    "engine_name": "Emsisoft",
                    "engine_version": "2021.5.0.7597",
                    "result": null,
                    "method": "blacklist",
                    "engine_update": "20210914"
                },
                "Comodo": {
                    "category": "undetected",
                    "engine_name": "Comodo",
                    "engine_version": "33895",
                    "result": null,
                    "method": "blacklist",
                    "engine_update": "20210913"
                },
                "F-Secure": {
                    "category": "undetected",
                    "engine_name": "F-Secure",
                    "engine_version": "12.0.86.52",
                    "result": null,
                    "method": "blacklist",
                    "engine_update": "20210913"
                },
                "Baidu": {
                    "category": "undetected",
                    "engine_name": "Baidu",
                    "engine_version": "1.0.0.2",
                    "result": null,
                    "method": "blacklist",
                    "engine_update": "20190318"
                },
                "Zillya": {
                    "category": "undetected",
                    "engine_name": "Zillya",
                    "engine_version": "2.0.0.4446",
                    "result": null,
                    "method": "blacklist",
                    "engine_update": "20210913"
                },
                "TrendMicro": {
                    "category": "undetected",
                    "engine_name": "TrendMicro",
                    "engine_version": "11.0.0.1006",
                    "result": null,
                    "method": "blacklist",
                    "engine_update": "20210914"
                },
                "McAfee-GW-Edition": {
                    "category": "undetected",
                    "engine_name": "McAfee-GW-Edition",
                    "engine_version": "v2019.1.2+3728",
                    "result": null,
                    "method": "blacklist",
                    "engine_update": "20210913"
                },
                "SentinelOne": {
                    "category": "type-unsupported",
                    "engine_name": "SentinelOne",
                    "engine_version": "6.2.0.11",
                    "result": null,
                    "method": "blacklist",
                    "engine_update": "20210829"
                },
                "Trapmine": {
                    "category": "type-unsupported",
                    "engine_name": "Trapmine",
                    "engine_version": "3.5.0.1023",
                    "result": null,
                    "method": "blacklist",
                    "engine_update": "20200727"
                },
                "CMC": {
                    "category": "undetected",
                    "engine_name": "CMC",
                    "engine_version": "2.10.2019.1",
                    "result": null,
                    "method": "blacklist",
                    "engine_update": "20210816"
                },
                "Sophos": {
                    "category": "undetected",
                    "engine_name": "Sophos",
                    "engine_version": "1.3.0.0",
                    "result": null,
                    "method": "blacklist",
                    "engine_update": "20210913"
                },
                "Ikarus": {
                    "category": "malicious",
                    "engine_name": "Ikarus",
                    "engine_version": "0.1.5.2",
                    "result": "AdWare.AndroidOS.Jiagu",
                    "method": "blacklist",
                    "engine_update": "20210913"
                },
                "Avast-Mobile": {
                    "category": "undetected",
                    "engine_name": "Avast-Mobile",
                    "engine_version": "210913-00",
                    "result": null,
                    "method": "blacklist",
                    "engine_update": "20210913"
                },
                "Jiangmin": {
                    "category": "undetected",
                    "engine_name": "Jiangmin",
                    "engine_version": "16.0.100",
                    "result": null,
                    "method": "blacklist",
                    "engine_update": "20210913"
                },
                "Webroot": {
                    "category": "type-unsupported",
                    "engine_name": "Webroot",
                    "engine_version": "1.0.0.403",
                    "result": null,
                    "method": "blacklist",
                    "engine_update": "20210914"
                },
                "Avira": {
                    "category": "undetected",
                    "engine_name": "Avira",
                    "engine_version": "8.3.3.12",
                    "result": null,
                    "method": "blacklist",
                    "engine_update": "20210914"
                },
                "eGambit": {
                    "category": "type-unsupported",
                    "engine_name": "eGambit",
                    "engine_version": null,
                    "result": null,
                    "method": "blacklist",
                    "engine_update": "20210914"
                },
                "Antiy-AVL": {
                    "category": "undetected",
                    "engine_name": "Antiy-AVL",
                    "engine_version": "3.0.0.1",
                    "result": null,
                    "method": "blacklist",
                    "engine_update": "20210913"
                },
                "Kingsoft": {
                    "category": "undetected",
                    "engine_name": "Kingsoft",
                    "engine_version": "2017.9.26.565",
                    "result": null,
                    "method": "blacklist",
                    "engine_update": "20210914"
                },
                "Microsoft": {
                    "category": "undetected",
                    "engine_name": "Microsoft",
                    "engine_version": "1.1.18500.10",
                    "result": null,
                    "method": "blacklist",
                    "engine_update": "20210914"
                },
                "Gridinsoft": {
                    "category": "undetected",
                    "engine_name": "Gridinsoft",
                    "engine_version": "1.0.55.148",
                    "result": null,
                    "method": "blacklist",
                    "engine_update": "20210913"
                },
                "Arcabit": {
                    "category": "undetected",
                    "engine_name": "Arcabit",
                    "engine_version": "1.0.0.886",
                    "result": null,
                    "method": "blacklist",
                    "engine_update": "20210913"
                },
                "ViRobot": {
                    "category": "undetected",
                    "engine_name": "ViRobot",
                    "engine_version": "2014.3.20.0",
                    "result": null,
                    "method": "blacklist",
                    "engine_update": "20210913"
                },
                "ZoneAlarm": {
                    "category": "undetected",
                    "engine_name": "ZoneAlarm",
                    "engine_version": "1.0",
                    "result": null,
                    "method": "blacklist",
                    "engine_update": "20210914"
                },
                "GData": {
                    "category": "undetected",
                    "engine_name": "GData",
                    "engine_version": "A:25.30791B:27.24451",
                    "result": null,
                    "method": "blacklist",
                    "engine_update": "20210913"
                },
                "Cynet": {
                    "category": "undetected",
                    "engine_name": "Cynet",
                    "engine_version": "4.0.0.27",
                    "result": null,
                    "method": "blacklist",
                    "engine_update": "20210914"
                },
                "BitDefenderFalx": {
                    "category": "undetected",
                    "engine_name": "BitDefenderFalx",
                    "engine_version": "2.0.936",
                    "result": null,
                    "method": "blacklist",
                    "engine_update": "20210610"
                },
                "AhnLab-V3": {
                    "category": "undetected",
                    "engine_name": "AhnLab-V3",
                    "engine_version": "3.21.1.10219",
                    "result": null,
                    "method": "blacklist",
                    "engine_update": "20210914"
                },
                "Acronis": {
                    "category": "type-unsupported",
                    "engine_name": "Acronis",
                    "engine_version": "1.1.1.82",
                    "result": null,
                    "method": "blacklist",
                    "engine_update": "20210512"
                },
                "ALYac": {
                    "category": "undetected",
                    "engine_name": "ALYac",
                    "engine_version": "1.1.3.1",
                    "result": null,
                    "method": "blacklist",
                    "engine_update": "20210913"
                },
                "MAX": {
                    "category": "undetected",
                    "engine_name": "MAX",
                    "engine_version": "2019.9.16.1",
                    "result": null,
                    "method": "blacklist",
                    "engine_update": "20210914"
                },
                "VBA32": {
                    "category": "undetected",
                    "engine_name": "VBA32",
                    "engine_version": "5.0.0",
                    "result": null,
                    "method": "blacklist",
                    "engine_update": "20210913"
                },
                "Cylance": {
                    "category": "type-unsupported",
                    "engine_name": "Cylance",
                    "engine_version": "2.3.1.101",
                    "result": null,
                    "method": "blacklist",
                    "engine_update": "20210914"
                },
                "Zoner": {
                    "category": "undetected",
                    "engine_name": "Zoner",
                    "engine_version": "0.0.0.0",
                    "result": null,
                    "method": "blacklist",
                    "engine_update": "20210913"
                },
                "Rising": {
                    "category": "undetected",
                    "engine_name": "Rising",
                    "engine_version": "25.0.0.26",
                    "result": null,
                    "method": "blacklist",
                    "engine_update": "20210913"
                },
                "Yandex": {
                    "category": "malicious",
                    "engine_name": "Yandex",
                    "engine_version": "5.5.2.24",
                    "result": "Trojan.Etecer.bUlita.47",
                    "method": "blacklist",
                    "engine_update": "20210913"
                },
                "TACHYON": {
                    "category": "undetected",
                    "engine_name": "TACHYON",
                    "engine_version": "2021-09-13.01",
                    "result": null,
                    "method": "blacklist",
                    "engine_update": "20210913"
                },
                "MaxSecure": {
                    "category": "malicious",
                    "engine_name": "MaxSecure",
                    "engine_version": "1.0.0.1",
                    "result": "Trojan.AndroidOS.Iop.ak",
                    "method": "blacklist",
                    "engine_update": "20210911"
                },
                "Fortinet": {
                    "category": "malicious",
                    "engine_name": "Fortinet",
                    "engine_version": "6.2.142.0",
                    "result": "Riskware/PackagingUntrustworthyJiagu!Android",
                    "method": "blacklist",
                    "engine_update": "20210914"
                },
                "Cybereason": {
                    "category": "type-unsupported",
                    "engine_name": "Cybereason",
                    "engine_version": "1.2.449",
                    "result": null,
                    "method": "blacklist",
                    "engine_update": "20210330"
                },
                "Panda": {
                    "category": "undetected",
                    "engine_name": "Panda",
                    "engine_version": "4.6.4.2",
                    "result": null,
                    "method": "blacklist",
                    "engine_update": "20210913"
                },
                "CrowdStrike": {
                    "category": "type-unsupported",
                    "engine_name": "CrowdStrike",
                    "engine_version": "1.0",
                    "result": null,
                    "method": "blacklist",
                    "engine_update": "20210203"
                }
            },
            "sha256": "0001c305576625cdd1af37295d45f1ff9fa8defd0c0e67b2516f0feb438c5a6a",
            "type_extension": "apk",
            "tags": [
                "apk",
                "android",
                "ext-prg",
                "contains-elf"
            ],
            "last_analysis_date": 1631591467,
            "unique_sources": 3,
            "first_submission_date": 1480741943,
            "sha1": "863455894b9277cf6c44e77bf4294ab4391d3f9f",
            "ssdeep": "393216:mSTySvCZxTOecbi89vMXRWDuknSo7UP/bT6QH7X+bZVcG8IU7h9Sr/ZX5x6:moCrTTcbi8+XklSoIP/bTjTSVcGiOr/M",
            "bundle_info": {
                "highest_datetime": "2016-11-30 13:27:00",
                "lowest_datetime": "2016-11-30 13:24:20",
                "num_children": 1641,
                "extensions": {
                    "xml": 57,
                    "MF": 1,
                    "jar": 1,
                    "RSA": 1,
                    "jpg": 1,
                    "ttf": 2,
                    "lua": 87,
                    "so": 1,
                    "mp3": 78,
                    "SF": 1,
                    "png": 692
                },
                "file_types": {
                    "XML": 65,
                    "ZIP": 1,
                    "unknown": 226,
                    "ELF": 1,
                    "JPG": 1,
                    "MP3": 14,
                    "PNG": 692
                },
                "type": "APK",
                "uncompressed_size": 12354988
            },
            "packers": {
                "F-PROT": "appended, UTF-8"
            },
            "md5": "27c5e55c11daf71f6553eb5558dc1e42",
            "androguard": {
                "Activities": [
                    "com.bie.game.childrenPuzzle.ChildrenPuzzle",
                    "com.qihoo.util.CommonActivity",
                    "com.google.android.gms.ads.AdActivity",
                    "com.adupward.lib.AdhelpActivity",
                    "com.adupward.lib.AdoActivity",
                    "com.umeng.update.UpdateDialogActivity",
                    "com.umeng.fb.ConversationActivity",
                    "com.umeng.fb.ContactActivity",
                    "com.adupward.lib.AdhelpActivity",
                    "com.ixsdk.push.app.AStatActivity"
                ],
                "AndroidVersionCode": "46",
                "main_activity": "com.bie.game.childrenPuzzle.ChildrenPuzzle",
                "certificate": {
                    "Subject": {
                        "DN": "C:cn, CN:Mobile, L:beijing, O:http://www.90123.com, ST:beijing, OU:Sun Ground Co., Ltd.",
                        "C": "cn",
                        "CN": "Mobile",
                        "L": "beijing",
                        "O": "http://www.90123.com",
                        "ST": "beijing",
                        "OU": "Sun Ground Co., Ltd."
                    },
                    "validto": "2148-03-21 07:12:03",
                    "serialnumber": "4dba64c3",
                    "thumbprint": "e35a92fbfe8f903fcaf6964328de6c4d9a35c0c2",
                    "validfrom": "2011-04-29 07:12:03",
                    "Issuer": {
                        "DN": "C:cn, CN:Mobile, L:beijing, O:http://www.90123.com, ST:beijing, OU:Sun Ground Co., Ltd.",
                        "C": "cn",
                        "CN": "Mobile",
                        "L": "beijing",
                        "O": "http://www.90123.com",
                        "ST": "beijing",
                        "OU": "Sun Ground Co., Ltd."
                    }
                },
                "VTAndroidInfo": 1.41,
                "Package": "com.sg.android.childpuzzle.sports",
                "intent_filters": {
                    "Services": {
                        "org.android.agoo.service.ElectionService": {
                            "action": [
                                "org.agoo.android.intent.action.ELECTION_V2"
                            ]
                        },
                        "com.ixsdk.push.local.ALocalService": {
                            "action": [
                                "com.ixsdk.push.service.action.alocal"
                            ]
                        },
                        "com.ixsdk.push.remote.ARemoteService": {
                            "action": [
                                "com.ixsdk.push.service.action.aremote"
                            ]
                        },
                        "com.umeng.message.UmengService": {
                            "action": [
                                "com.bie.game.childrenPuzzle.intent.action.START",
                                "com.bie.game.childrenPuzzle.intent.action.COCKROACH",
                                "org.agoo.android.intent.action.PING"
                            ]
                        }
                    },
                    "Activities": {
                        "com.adupward.lib.AdoActivity": {
                            "action": [
                                "com.adupward.lib.AdoActivity"
                            ]
                        },
                        "com.adupward.lib.AdhelpActivity": {
                            "action": [
                                "com.adupward.lib.AdhelpActivity"
                            ]
                        },
                        "com.bie.game.childrenPuzzle.ChildrenPuzzle": {
                            "action": [
                                "android.intent.action.MAIN"
                            ],
                            "category": [
                                "android.intent.category.LAUNCHER"
                            ]
                        }
                    },
                    "Receivers": {
                        "com.umeng.message.RegistrationReceiver": {
                            "action": [
                                "android.net.conn.CONNECTIVITY_CHANGE",
                                "android.intent.action.PACKAGE_REMOVED",
                                "android.intent.action.BOOT_COMPLETED"
                            ]
                        },
                        "com.umeng.message.UmengBroadcastReceiver": {
                            "action": [
                                "org.agoo.android.intent.action.RECEIVE",
                                "com.bie.game.childrenPuzzle.intent.action.COMMAND",
                                "org.agoo.android.intent.action.RE_ELECTION_V2"
                            ]
                        },
                        "com.ixsdk.push.local.AReceiver": {
                            "action": [
                                "android.intent.action.BOOT_COMPLETED",
                                "android.net.conn.CONNECTIVITY_CHANGE",
                                "android.intent.action.CHECK_SERVICE"
                            ]
                        },
                        "com.adupward.lib.SYS": {
                            "action": [
                                "android.intent.action.USER_PRESENT",
                                "android.intent.action.PACKAGE_RESTARTED",
                                "android.intent.action.BOOT_COMPLETED",
                                "android.media.RINGER_MODE_CHANGED"
                            ]
                        }
                    }
                },
                "AndroidApplication": 1,
                "permission_details": {
                    "android.permission.VIBRATE": {
                        "short_description": "control vibrator",
                        "full_description": "Allows the application to control the vibrator.",
                        "permission_type": "normal"
                    },
                    "android.permission.RECEIVE_BOOT_COMPLETED": {
                        "short_description": "automatically start at boot",
                        "full_description": "Allows an application to start itself as soon as the system has finished booting. This can make it take longer to start the phone and allow the application to slow down the overall phone by always running.",
                        "permission_type": "normal"
                    },
                    "android.permission.READ_PHONE_STATE": {
                        "short_description": "read phone state and identity",
                        "full_description": "Allows the application to access the phone features of the device. An application with this permission can determine the phone number and serial number of this phone, whether a call is active, the number that call is connected to and so on.",
                        "permission_type": "dangerous"
                    },
                    "android.permission.SYSTEM_ALERT_WINDOW": {
                        "short_description": "display system-level alerts",
                        "full_description": "Allows an application to show system-alert windows. Malicious applications can take over the entire screen of the phone.",
                        "permission_type": "dangerous"
                    },
                    "android.permission.ACCESS_WIFI_STATE": {
                        "short_description": "view Wi-Fi status",
                        "full_description": "Allows an application to view the information about the status of Wi-Fi.",
                        "permission_type": "normal"
                    },
                    "android.permission.WAKE_LOCK": {
                        "short_description": "prevent phone from sleeping",
                        "full_description": "Allows an application to prevent the phone from going to sleep.",
                        "permission_type": "normal"
                    },
                    "android.permission.GET_TASKS": {
                        "short_description": "retrieve running applications",
                        "full_description": "Allows application to retrieve information about currently and recently running tasks. May allow malicious applications to discover private information about other applications.",
                        "permission_type": "dangerous"
                    },
                    "android.permission.ACCESS_NETWORK_STATE": {
                        "short_description": "view network status",
                        "full_description": "Allows an application to view the status of all networks.",
                        "permission_type": "normal"
                    },
                    "android.permission.INTERNET": {
                        "short_description": "full Internet access",
                        "full_description": "Allows an application to create network sockets.",
                        "permission_type": "dangerous"
                    },
                    "android.permission.PACKAGE_USAGE_STATS": {
                        "short_description": "update component usage statistics",
                        "full_description": "Allows the modification of collected component usage statistics. Not for use by normal applications.",
                        "permission_type": "signatureOrSystem"
                    },
                    "android.permission.WRITE_EXTERNAL_STORAGE": {
                        "short_description": "modify/delete SD card contents",
                        "full_description": "Allows an application to write to the SD card.",
                        "permission_type": "dangerous"
                    }
                },
                "AndroidApplicationError": false,
                "Providers": [
                    "com.qihoo.util.CommonProvider"
                ],
                "AndroidVersionName": "1.9.3",
                "RiskIndicator": {
                    "APK": {
                        "ZIP": 1,
                        "SHARED LIBRARIES": 1
                    },
                    "PERM": {
                        "DANGEROUS": 3,
                        "SIGNATUREORSYSTEM": 1,
                        "PRIVACY": 1,
                        "NORMAL": 5,
                        "INTERNET": 1
                    }
                },
                "Services": [
                    "com.qihoo.util.CommonService",
                    "com.adupward.lib.AdService",
                    "com.umeng.update.net.DownloadingService",
                    "com.umeng.message.UmengService",
                    "org.android.agoo.service.ElectionService",
                    "com.umeng.message.UmengIntentService",
                    "com.umeng.message.UmengDownloadResourceService",
                    "com.adupward.lib.AdService",
                    "com.ixsdk.push.local.ALocalService",
                    "com.ixsdk.push.remote.ARemoteService"
                ],
                "MinSdkVersion": "11",
                "Receivers": [
                    "com.qihoo.util.CommonReceiver",
                    "com.adupward.lib.SYS",
                    "com.umeng.message.NotificationProxyBroadcastReceiver",
                    "com.umeng.message.RegistrationReceiver",
                    "com.umeng.message.UmengBroadcastReceiver",
                    "com.ixsdk.push.local.AReceiver"
                ],
                "AndroguardVersion": "3.0-dev",
                "AndroidApplicationInfo": "APK"
            },
            "magic": "Zip archive data, at least v2.0 to extract",
            "last_analysis_stats": {
                "harmless": 0,
                "type-unsupported": 11,
                "suspicious": 0,
                "confirmed-timeout": 0,
                "timeout": 0,
                "failure": 0,
                "malicious": 9,
                "undetected": 53
            },
            "meaningful_name": "0001C305576625CDD1AF37295D45F1FF9FA8DEFD0C0E67B2516F0FEB438C5A6A.apk",
            "reputation": 0
        },
        "type": "file",
        "id": "0001c305576625cdd1af37295d45f1ff9fa8defd0c0e67b2516f0feb438c5a6a",
        "links": {
            "self": "https://www.virustotal.com/api/v3/files/0001c305576625cdd1af37295d45f1ff9fa8defd0c0e67b2516f0feb438c5a6a"
        }
    }
}