{
    "data": {
        "attributes": {
            "type_description": "Android",
            "tlsh": "T131B61255B3C9ED1AC973953243E14662E6D07C508246E2231904B2AC7FB7BC4DA78BFB",
            "vhash": "0de821451a0411469df7407bc087beb0",
            "trid": [
                {
                    "file_type": "Android Package",
                    "probability": 57.0
                },
                {
                    "file_type": "Java Archive",
                    "probability": 20.0
                },
                {
                    "file_type": "Sweet Home 3D design (generic)",
                    "probability": 15.5
                },
                {
                    "file_type": "ZIP compressed archive",
                    "probability": 5.9
                },
                {
                    "file_type": "PrintFox/Pagefox bitmap (640x800)",
                    "probability": 1.4
                }
            ],
            "names": [
                "03986",
                "com.dengyun.dianshang_JiSuXia.apk",
                "VirusShare_0e78970a2de95e2d546c74cf9a134e75",
                "output.113345991.txt",
                "mtmyappv1.1.3.apk",
                "69d4b1e2abc67dfe3a4f73ac022951b338b19f78"
            ],
            "last_modification_date": 1657696012,
            "type_tag": "android",
            "times_submitted": 11,
            "total_votes": {
                "harmless": 0,
                "malicious": 0
            },
            "size": 11428933,
            "popular_threat_classification": {
                "suggested_threat_label": "trojan.jiagu",
                "popular_threat_category": [
                    {
                        "count": 4,
                        "value": "trojan"
                    },
                    {
                        "count": 3,
                        "value": "adware"
                    }
                ],
                "popular_threat_name": [
                    {
                        "count": 2,
                        "value": "jiagu"
                    }
                ]
            },
            "last_submission_date": 1642175656,
            "last_analysis_results": {
                "Bkav": {
                    "category": "undetected",
                    "engine_name": "Bkav",
                    "engine_version": "1.3.0.9899",
                    "result": null,
                    "method": "blacklist",
                    "engine_update": "20220114"
                },
                "K7AntiVirus": {
                    "category": "failure",
                    "engine_name": "K7AntiVirus",
                    "engine_version": "11.241.40345",
                    "result": null,
                    "method": "blacklist",
                    "engine_update": "20220114"
                },
                "Lionic": {
                    "category": "undetected",
                    "engine_name": "Lionic",
                    "engine_version": "4.2",
                    "result": null,
                    "method": "blacklist",
                    "engine_update": "20220114"
                },
                "Elastic": {
                    "category": "undetected",
                    "engine_name": "Elastic",
                    "engine_version": "4.0.32",
                    "result": null,
                    "method": "blacklist",
                    "engine_update": "20211223"
                },
                "MicroWorld-eScan": {
                    "category": "undetected",
                    "engine_name": "MicroWorld-eScan",
                    "engine_version": "14.0.409.0",
                    "result": null,
                    "method": "blacklist",
                    "engine_update": "20220114"
                },
                "FireEye": {
                    "category": "undetected",
                    "engine_name": "FireEye",
                    "engine_version": "32.44.1.0",
                    "result": null,
                    "method": "blacklist",
                    "engine_update": "20220114"
                },
                "CAT-QuickHeal": {
                    "category": "malicious",
                    "engine_name": "CAT-QuickHeal",
                    "engine_version": "14.00",
                    "result": "Android.Jiagu.A (PUP)",
                    "method": "blacklist",
                    "engine_update": "20220114"
                },
                "ALYac": {
                    "category": "undetected",
                    "engine_name": "ALYac",
                    "engine_version": "1.1.3.1",
                    "result": null,
                    "method": "blacklist",
                    "engine_update": "20220114"
                },
                "Malwarebytes": {
                    "category": "undetected",
                    "engine_name": "Malwarebytes",
                    "engine_version": "4.2.2.27",
                    "result": null,
                    "method": "blacklist",
                    "engine_update": "20220114"
                },
                "Zillya": {
                    "category": "malicious",
                    "engine_name": "Zillya",
                    "engine_version": "2.0.0.4548",
                    "result": "Trojan.105992.Linux.1",
                    "method": "blacklist",
                    "engine_update": "20220114"
                },
                "Paloalto": {
                    "category": "type-unsupported",
                    "engine_name": "Paloalto",
                    "engine_version": "1.0",
                    "result": null,
                    "method": "blacklist",
                    "engine_update": "20220114"
                },
                "Sangfor": {
                    "category": "undetected",
                    "engine_name": "Sangfor",
                    "engine_version": "2.9.0.0",
                    "result": null,
                    "method": "blacklist",
                    "engine_update": "20211224"
                },
                "Trustlook": {
                    "category": "undetected",
                    "engine_name": "Trustlook",
                    "engine_version": "1.0",
                    "result": null,
                    "method": "blacklist",
                    "engine_update": "20220114"
                },
                "Alibaba": {
                    "category": "undetected",
                    "engine_name": "Alibaba",
                    "engine_version": "0.3.0.5",
                    "result": null,
                    "method": "blacklist",
                    "engine_update": "20190527"
                },
                "K7GW": {
                    "category": "malicious",
                    "engine_name": "K7GW",
                    "engine_version": "11.241.40343",
                    "result": "Adware ( 0052b8661 )",
                    "method": "blacklist",
                    "engine_update": "20220114"
                },
                "Cybereason": {
                    "category": "timeout",
                    "engine_name": "Cybereason",
                    "engine_version": null,
                    "result": null,
                    "method": "blacklist",
                    "engine_update": "20210330"
                },
                "Arcabit": {
                    "category": "undetected",
                    "engine_name": "Arcabit",
                    "engine_version": "1.0.0.888",
                    "result": null,
                    "method": "blacklist",
                    "engine_update": "20220114"
                },
                "BitDefenderTheta": {
                    "category": "undetected",
                    "engine_name": "BitDefenderTheta",
                    "engine_version": "7.2.37796.0",
                    "result": null,
                    "method": "blacklist",
                    "engine_update": "20220114"
                },
                "VirIT": {
                    "category": "timeout",
                    "engine_name": "VirIT",
                    "engine_version": null,
                    "result": null,
                    "method": "blacklist",
                    "engine_update": "20220114"
                },
                "Cyren": {
                    "category": "undetected",
                    "engine_name": "Cyren",
                    "engine_version": "6.5.1.2",
                    "result": null,
                    "method": "blacklist",
                    "engine_update": "20220114"
                },
                "SymantecMobileInsight": {
                    "category": "failure",
                    "engine_name": "SymantecMobileInsight",
                    "engine_version": "2.0",
                    "result": null,
                    "method": "blacklist",
                    "engine_update": "20211119"
                },
                "Symantec": {
                    "category": "undetected",
                    "engine_name": "Symantec",
                    "engine_version": "1.16.0.0",
                    "result": null,
                    "method": "blacklist",
                    "engine_update": "20220114"
                },
                "ESET-NOD32": {
                    "category": "malicious",
                    "engine_name": "ESET-NOD32",
                    "engine_version": "24621",
                    "result": "multiple detections",
                    "method": "blacklist",
                    "engine_update": "20220114"
                },
                "Baidu": {
                    "category": "undetected",
                    "engine_name": "Baidu",
                    "engine_version": "1.0.0.2",
                    "result": null,
                    "method": "blacklist",
                    "engine_update": "20190318"
                },
                "TrendMicro-HouseCall": {
                    "category": "undetected",
                    "engine_name": "TrendMicro-HouseCall",
                    "engine_version": "10.0.0.1040",
                    "result": null,
                    "method": "blacklist",
                    "engine_update": "20220114"
                },
                "Avast": {
                    "category": "undetected",
                    "engine_name": "Avast",
                    "engine_version": "21.1.5827.0",
                    "result": null,
                    "method": "blacklist",
                    "engine_update": "20220114"
                },
                "ClamAV": {
                    "category": "undetected",
                    "engine_name": "ClamAV",
                    "engine_version": "0.104.2.0",
                    "result": null,
                    "method": "blacklist",
                    "engine_update": "20220114"
                },
                "Kaspersky": {
                    "category": "undetected",
                    "engine_name": "Kaspersky",
                    "engine_version": "21.0.1.45",
                    "result": null,
                    "method": "blacklist",
                    "engine_update": "20220114"
                },
                "BitDefender": {
                    "category": "undetected",
                    "engine_name": "BitDefender",
                    "engine_version": "7.2",
                    "result": null,
                    "method": "blacklist",
                    "engine_update": "20220114"
                },
                "NANO-Antivirus": {
                    "category": "undetected",
                    "engine_name": "NANO-Antivirus",
                    "engine_version": "1.0.146.25520",
                    "result": null,
                    "method": "blacklist",
                    "engine_update": "20220114"
                },
                "SUPERAntiSpyware": {
                    "category": "undetected",
                    "engine_name": "SUPERAntiSpyware",
                    "engine_version": "5.6.0.1032",
                    "result": null,
                    "method": "blacklist",
                    "engine_update": "20220111"
                },
                "Tencent": {
                    "category": "undetected",
                    "engine_name": "Tencent",
                    "engine_version": "1.0.0.1",
                    "result": null,
                    "method": "blacklist",
                    "engine_update": "20220114"
                },
                "Ad-Aware": {
                    "category": "undetected",
                    "engine_name": "Ad-Aware",
                    "engine_version": "3.0.21.193",
                    "result": null,
                    "method": "blacklist",
                    "engine_update": "20220114"
                },
                "TACHYON": {
                    "category": "undetected",
                    "engine_name": "TACHYON",
                    "engine_version": "2022-01-14.02",
                    "result": null,
                    "method": "blacklist",
                    "engine_update": "20220114"
                },
                "Sophos": {
                    "category": "timeout",
                    "engine_name": "Sophos",
                    "engine_version": "1.4.1.0",
                    "result": null,
                    "method": "blacklist",
                    "engine_update": "20220114"
                },
                "Comodo": {
                    "category": "undetected",
                    "engine_name": "Comodo",
                    "engine_version": "34262",
                    "result": null,
                    "method": "blacklist",
                    "engine_update": "20220114"
                },
                "F-Secure": {
                    "category": "undetected",
                    "engine_name": "F-Secure",
                    "engine_version": "12.0.86.52",
                    "result": null,
                    "method": "blacklist",
                    "engine_update": "20220114"
                },
                "DrWeb": {
                    "category": "malicious",
                    "engine_name": "DrWeb",
                    "engine_version": "7.0.52.8270",
                    "result": "Adware.Gexin.3895",
                    "method": "blacklist",
                    "engine_update": "20220114"
                },
                "VIPRE": {
                    "category": "undetected",
                    "engine_name": "VIPRE",
                    "engine_version": "98378",
                    "result": null,
                    "method": "blacklist",
                    "engine_update": "20220114"
                },
                "TrendMicro": {
                    "category": "undetected",
                    "engine_name": "TrendMicro",
                    "engine_version": "11.0.0.1006",
                    "result": null,
                    "method": "blacklist",
                    "engine_update": "20220114"
                },
                "McAfee-GW-Edition": {
                    "category": "undetected",
                    "engine_name": "McAfee-GW-Edition",
                    "engine_version": "v2019.1.2+3728",
                    "result": null,
                    "method": "blacklist",
                    "engine_update": "20220114"
                },
                "SentinelOne": {
                    "category": "type-unsupported",
                    "engine_name": "SentinelOne",
                    "engine_version": "7.0.0.7",
                    "result": null,
                    "method": "blacklist",
                    "engine_update": "20211129"
                },
                "CMC": {
                    "category": "undetected",
                    "engine_name": "CMC",
                    "engine_version": "2.10.2019.1",
                    "result": null,
                    "method": "blacklist",
                    "engine_update": "20211026"
                },
                "Emsisoft": {
                    "category": "undetected",
                    "engine_name": "Emsisoft",
                    "engine_version": "2021.5.0.7597",
                    "result": null,
                    "method": "blacklist",
                    "engine_update": "20220114"
                },
                "APEX": {
                    "category": "type-unsupported",
                    "engine_name": "APEX",
                    "engine_version": "6.249",
                    "result": null,
                    "method": "blacklist",
                    "engine_update": "20220113"
                },
                "Avast-Mobile": {
                    "category": "undetected",
                    "engine_name": "Avast-Mobile",
                    "engine_version": "220114-00",
                    "result": null,
                    "method": "blacklist",
                    "engine_update": "20220114"
                },
                "Jiangmin": {
                    "category": "malicious",
                    "engine_name": "Jiangmin",
                    "engine_version": "16.0.100",
                    "result": "Trojan.Generic.gwsxf",
                    "method": "blacklist",
                    "engine_update": "20220114"
                },
                "Webroot": {
                    "category": "type-unsupported",
                    "engine_name": "Webroot",
                    "engine_version": "1.0.0.403",
                    "result": null,
                    "method": "blacklist",
                    "engine_update": "20220114"
                },
                "Avira": {
                    "category": "undetected",
                    "engine_name": "Avira",
                    "engine_version": "8.3.3.12",
                    "result": null,
                    "method": "blacklist",
                    "engine_update": "20220114"
                },
                "eGambit": {
                    "category": "type-unsupported",
                    "engine_name": "eGambit",
                    "engine_version": null,
                    "result": null,
                    "method": "blacklist",
                    "engine_update": "20220114"
                },
                "Antiy-AVL": {
                    "category": "undetected",
                    "engine_name": "Antiy-AVL",
                    "engine_version": "3.0.0.1",
                    "result": null,
                    "method": "blacklist",
                    "engine_update": "20220114"
                },
                "Kingsoft": {
                    "category": "undetected",
                    "engine_name": "Kingsoft",
                    "engine_version": "2017.9.26.565",
                    "result": null,
                    "method": "blacklist",
                    "engine_update": "20220114"
                },
                "Gridinsoft": {
                    "category": "undetected",
                    "engine_name": "Gridinsoft",
                    "engine_version": "1.0.69.171",
                    "result": null,
                    "method": "blacklist",
                    "engine_update": "20220114"
                },
                "Microsoft": {
                    "category": "undetected",
                    "engine_name": "Microsoft",
                    "engine_version": "1.1.18800.4",
                    "result": null,
                    "method": "blacklist",
                    "engine_update": "20220114"
                },
                "ViRobot": {
                    "category": "undetected",
                    "engine_name": "ViRobot",
                    "engine_version": "2014.3.20.0",
                    "result": null,
                    "method": "blacklist",
                    "engine_update": "20220114"
                },
                "GData": {
                    "category": "undetected",
                    "engine_name": "GData",
                    "engine_version": "A:25.32033B:27.25868",
                    "result": null,
                    "method": "blacklist",
                    "engine_update": "20220114"
                },
                "Cynet": {
                    "category": "undetected",
                    "engine_name": "Cynet",
                    "engine_version": "4.0.0.27",
                    "result": null,
                    "method": "blacklist",
                    "engine_update": "20220114"
                },
                "BitDefenderFalx": {
                    "category": "undetected",
                    "engine_name": "BitDefenderFalx",
                    "engine_version": "2.0.936",
                    "result": null,
                    "method": "blacklist",
                    "engine_update": "20220103"
                },
                "AhnLab-V3": {
                    "category": "undetected",
                    "engine_name": "AhnLab-V3",
                    "engine_version": "3.21.2.10258",
                    "result": null,
                    "method": "blacklist",
                    "engine_update": "20220114"
                },
                "Acronis": {
                    "category": "type-unsupported",
                    "engine_name": "Acronis",
                    "engine_version": "1.1.1.82",
                    "result": null,
                    "method": "blacklist",
                    "engine_update": "20210512"
                },
                "McAfee": {
                    "category": "undetected",
                    "engine_name": "McAfee",
                    "engine_version": "6.0.6.653",
                    "result": null,
                    "method": "blacklist",
                    "engine_update": "20220114"
                },
                "MAX": {
                    "category": "undetected",
                    "engine_name": "MAX",
                    "engine_version": "2019.9.16.1",
                    "result": null,
                    "method": "blacklist",
                    "engine_update": "20220114"
                },
                "VBA32": {
                    "category": "undetected",
                    "engine_name": "VBA32",
                    "engine_version": "5.0.0",
                    "result": null,
                    "method": "blacklist",
                    "engine_update": "20220114"
                },
                "Cylance": {
                    "category": "type-unsupported",
                    "engine_name": "Cylance",
                    "engine_version": "2.3.1.101",
                    "result": null,
                    "method": "blacklist",
                    "engine_update": "20220114"
                },
                "Zoner": {
                    "category": "undetected",
                    "engine_name": "Zoner",
                    "engine_version": "2.2.2.0",
                    "result": null,
                    "method": "blacklist",
                    "engine_update": "20220113"
                },
                "Rising": {
                    "category": "undetected",
                    "engine_name": "Rising",
                    "engine_version": "25.0.0.27",
                    "result": null,
                    "method": "blacklist",
                    "engine_update": "20220114"
                },
                "Yandex": {
                    "category": "malicious",
                    "engine_name": "Yandex",
                    "engine_version": "5.5.2.24",
                    "result": "Trojan.Etecer.bUFPdU.5",
                    "method": "blacklist",
                    "engine_update": "20220114"
                },
                "Ikarus": {
                    "category": "malicious",
                    "engine_name": "Ikarus",
                    "engine_version": "0.1.5.2",
                    "result": "AdWare.AndroidOS.Jiagu",
                    "method": "blacklist",
                    "engine_update": "20220114"
                },
                "MaxSecure": {
                    "category": "malicious",
                    "engine_name": "MaxSecure",
                    "engine_version": "1.0.0.1",
                    "result": "Trojan.AndroidOS.Iop.ak",
                    "method": "blacklist",
                    "engine_update": "20220105"
                },
                "Fortinet": {
                    "category": "undetected",
                    "engine_name": "Fortinet",
                    "engine_version": "6.2.142.0",
                    "result": null,
                    "method": "blacklist",
                    "engine_update": "20220114"
                },
                "Panda": {
                    "category": "undetected",
                    "engine_name": "Panda",
                    "engine_version": "4.6.4.2",
                    "result": null,
                    "method": "blacklist",
                    "engine_update": "20220114"
                },
                "CrowdStrike": {
                    "category": "type-unsupported",
                    "engine_name": "CrowdStrike",
                    "engine_version": "1.0",
                    "result": null,
                    "method": "blacklist",
                    "engine_update": "20210203"
                }
            },
            "sha256": "0002d1950cc73492adbfda00645b13c47826a7f4299c29572f838b5f35842f01",
            "type_extension": "apk",
            "tags": [
                "apk",
                "android",
                "contains-elf"
            ],
            "last_analysis_date": 1642185276,
            "unique_sources": 9,
            "first_submission_date": 1527296479,
            "sha1": "2ee25401486527388ea7e00d6b0e63321534645c",
            "ssdeep": "196608:o5zmSPCCPUpyNfg7dgL/7YfSsDD+/4wnaqnUboSdvkSV5ghlZB75M3P85xyFQA90:qSSaIfgpgL/WSsDD+/38oSdsSjy5oFb0",
            "bundle_info": {
                "highest_datetime": "2016-10-08 18:46:50",
                "lowest_datetime": "2016-10-08 17:10:26",
                "num_children": 1218,
                "extensions": {
                    "xml": 366,
                    "dex": 1,
                    "MF": 1,
                    "RSA": 1,
                    "so": 18,
                    "cer": 3,
                    "txt": 3,
                    "SF": 1,
                    "png": 599
                },
                "file_types": {
                    "XML": 366,
                    "DEX": 1,
                    "unknown": 9,
                    "ELF": 22,
                    "JSON": 3,
                    "PNG": 599
                },
                "type": "APK",
                "uncompressed_size": 9238559
            },
            "packers": {
                "F-PROT": "appended"
            },
            "md5": "0e78970a2de95e2d546c74cf9a134e75",
            "androguard": {
                "VTAndroidInfo": 2.0,
                "AndroidApplicationError": false,
                "MinSdkVersion": "16",
                "AndroguardVersion": "3.4.0a1",
                "Activities": [
                    "com.dengyun.dianshang.activitys.WelcomeActivity",
                    "com.qihoo.updatesdk.lib.UpdateTipDialogActivity",
                    "com.qihoo.util.CommonActivity",
                    "com.pingplusplus.android.PaymentActivity",
                    "com.alipay.sdk.app.H5PayActivity",
                    "com.alipay.sdk.auth.AuthActivity",
                    "com.dengyun.dianshang.MainActivity",
                    "cmb.pb.ui.PBKeyboardActivity",
                    "com.umeng.socialize.editorpage.ShareActivity",
                    "com.dengyun.dianshang.WBShareActivity",
                    "com.sina.weibo.sdk.component.WeiboSdkBrowser",
                    "com.tencent.tauth.AuthActivity",
                    "com.tencent.connect.common.AssistActivity",
                    "com.dengyun.dianshang.wxapi.WXEntryActivity",
                    "com.dengyun.dianshang.activitys.FirstActivity",
                    "com.dengyun.dianshang.activitys.ProductDetailActivity",
                    "com.dengyun.dianshang.activitys.ShopbagActivity",
                    "com.dengyun.dianshang.activitys.AddressManageActivity",
                    "com.dengyun.dianshang.activitys.WriteAddressActivity",
                    "com.dengyun.dianshang.activitys.CollectionManageActivity",
                    "com.dengyun.dianshang.activitys.MyOrderActivity",
                    "com.dengyun.dianshang.activitys.OrderDetailActivity",
                    "com.dengyun.dianshang.activitys.EvaluateOrderAcitivity",
                    "com.dengyun.dianshang.activitys.IosdialogTestActivity",
                    "com.dengyun.dianshang.activitys.EnsureOrderActivity",
                    "com.dengyun.dianshang.activitys.BeauticianDetailActivity",
                    "com.dengyun.dianshang.activitys.MyAppointmentListActivity",
                    "com.dengyun.dianshang.activitys.MyAppointmentChiledListActivity",
                    "com.dengyun.dianshang.activitys.MyAppointmentDetailTimeActivity",
                    "com.dengyun.dianshang.activitys.ImmediatelyAppointmentActivity",
                    "com.dengyun.dianshang.activitys.ChoiceStoreActivity",
                    "com.dengyun.dianshang.activitys.AffirmAppointmentActivity",
                    "com.dengyun.dianshang.activitys.AppointmentSuccessActivity",
                    "com.dengyun.dianshang.activitys.SetActivity",
                    "com.dengyun.dianshang.activitys.SetSelfInfoActivity",
                    "com.dengyun.dianshang.activitys.MyCouponActivity",
                    "com.dengyun.dianshang.activitys.ChangePasswordActivity",
                    "com.dengyun.dianshang.activitys.RegisterActivity",
                    "com.dengyun.dianshang.activitys.ForgetPasswordActivity",
                    "com.dengyun.dianshang.activitys.LoginActivity",
                    "com.dengyun.dianshang.activitys.CityListActivity",
                    "com.dengyun.dianshang.activitys.EvaluateBeautifActivity",
                    "com.dengyun.dianshang.activitys.ReportActivity",
                    "com.dengyun.dianshang.activitys.BigPicBeautDetailActivity",
                    "com.dengyun.dianshang.activitys.PrivateMakeActivity",
                    "com.dengyun.dianshang.activitys.VPBigPicActivity",
                    "com.dengyun.dianshang.activitys.ChoosePayActivity",
                    "com.dengyun.dianshang.activitys.FindActivity",
                    "com.dengyun.dianshang.activitys.GoodsCategoryActivity",
                    "com.dengyun.dianshang.activitys.LawActivity",
                    "com.dengyun.dianshang.activitys.ChooseCouponActivity",
                    "com.dengyun.dianshang.activitys.AccountBalanceActivity",
                    "com.dengyun.dianshang.activitys.PersonMessageActivity",
                    "com.dengyun.dianshang.activitys.BalanceDetailActivity",
                    "com.dengyun.dianshang.activitys.IntegrationDetailActivity",
                    "com.dengyun.dianshang.activitys.SomeWebActivity",
                    "com.dengyun.dianshang.activitys.MessageNotificationActivity",
                    "com.dengyun.dianshang.activitys.SystemGeTuiDetailsActivity",
                    "com.dengyun.dianshang.activitys.AboutUsActivity",
                    "com.igexin.sdk.PushActivity",
                    "com.igexin.sdk.GActivity",
                    "com.hedgehog.ratingbar.MainActivity"
                ],
                "certificate": {
                    "Subject": {
                        "DN": "CN:dianshang",
                        "CN": "dianshang"
                    },
                    "validto": "2041-07-02 02:55:10",
                    "serialnumber": "28eec204",
                    "thumbprint": "fa76a55a1c6d01843e2eda431fedf0e785e183fd",
                    "validfrom": "2016-07-08 02:55:10",
                    "Issuer": {
                        "DN": "CN:dianshang",
                        "CN": "dianshang"
                    }
                },
                "AndroidApplication": 1,
                "RiskIndicator": {
                    "APK": {
                        "DEX": 1,
                        "SHARED LIBRARIES": 22
                    },
                    "PERM": {
                        "DEVELOPMENT": 1,
                        "PRIVACY": 3,
                        "DANGEROUS": 3,
                        "SIGNATURE": 1,
                        "PREINSTALLED": 1,
                        "APPOP": 1,
                        "PRE23": 1,
                        "INTERNET": 1,
                        "NORMAL": 8,
                        "GPS": 2
                    }
                },
                "Services": [
                    "com.amap.api.location.APSService",
                    "com.qihoo.util.CommonService",
                    "com.qihoo.appstore.updatelib.CheckUpdateService",
                    "cmb.pb.cmbsafe.CmbService",
                    "com.sina.weibo.sdk.net.DownloadService",
                    "com.igexin.sdk.PushService",
                    "com.igexin.sdk.PushServiceUser",
                    "com.igexin.download.DownloadService"
                ],
                "AndroidVersionCode": "5",
                "main_activity": "com.dengyun.dianshang.activitys.WelcomeActivity",
                "Package": "com.dengyun.dianshang",
                "intent_filters": {
                    "Services": {
                        "com.igexin.sdk.PushService": {
                            "action": [
                                "com.igexin.sdk.action.service.message"
                            ]
                        },
                        "com.qihoo.util.CommonService": {
                            "action": [
                                "com.qihoo.commonservice.SERVICE"
                            ]
                        }
                    },
                    "Activities": {
                        "com.dengyun.dianshang.activitys.WelcomeActivity": {
                            "action": [
                                "android.intent.action.MAIN"
                            ],
                            "category": [
                                "android.intent.category.LAUNCHER"
                            ]
                        },
                        "com.tencent.tauth.AuthActivity": {
                            "action": [
                                "android.intent.action.VIEW"
                            ],
                            "category": [
                                "android.intent.category.DEFAULT",
                                "android.intent.category.BROWSABLE"
                            ]
                        },
                        "com.dengyun.dianshang.WBShareActivity": {
                            "action": [
                                "com.sina.weibo.sdk.action.ACTION_SDK_REQ_ACTIVITY"
                            ],
                            "category": [
                                "android.intent.category.DEFAULT"
                            ]
                        }
                    },
                    "Receivers": {
                        "com.qihoo.util.CommonReceiver": {
                            "action": [
                                "com.qihoo.commonreceiver.ARRIVED",
                                "com.qihoo.commonreceiver.CLEARED"
                            ]
                        },
                        "com.igexin.download.DownloadReceiver": {
                            "action": [
                                "android.net.conn.CONNECTIVITY_CHANGE"
                            ]
                        },
                        "com.dengyun.dianshang.broadcast.MyBroadReceiver": {
                            "action": [
                                "com.igexin.sdk.action.Oz6MtQeM106GFUg0euAsR1"
                            ]
                        },
                        "com.igexin.sdk.PushManagerReceiver": {
                            "action": [
                                "com.igexin.sdk.action.pushmanager"
                            ]
                        },
                        "com.igexin.sdk.PushReceiver": {
                            "action": [
                                "android.intent.action.BOOT_COMPLETED",
                                "android.net.conn.CONNECTIVITY_CHANGE",
                                "android.intent.action.USER_PRESENT",
                                "com.igexin.sdk.action.refreshls",
                                "android.intent.action.MEDIA_MOUNTED",
                                "android.intent.action.ACTION_POWER_CONNECTED",
                                "android.intent.action.ACTION_POWER_DISCONNECTED"
                            ]
                        }
                    }
                },
                "AndroidVersionName": "1.1.3",
                "TargetSdkVersion": "23",
                "AndroidApplicationInfo": "APK",
                "Providers": [
                    "com.qihoo.util.CommonProvider",
                    "com.igexin.download.DownloadProvider"
                ],
                "permission_details": {
                    "android.permission.ACCESS_FINE_LOCATION": {
                        "short_description": "precise location (GPS and\n      network-based)",
                        "full_description": "Allows the app to get your\n      precise location using the Global Positioning System (GPS) or network\n      location sources such as cell towers and Wi-Fi. These location services\n      must be turned on and available to your device for the app to use them.\n      Apps may use this to determine where you are, and may consume additional\n      battery power.",
                        "permission_type": "dangerous"
                    },
                    "android.permission.VIBRATE": {
                        "short_description": "control vibration",
                        "full_description": "Allows the app to control the vibrator.",
                        "permission_type": "normal"
                    },
                    "android.permission.READ_EXTERNAL_STORAGE": {
                        "short_description": "read the contents of your SD card",
                        "full_description": "Allows the app to read the contents of your SD card.",
                        "permission_type": "dangerous"
                    },
                    "android.permission.RECEIVE_BOOT_COMPLETED": {
                        "short_description": "run at startup",
                        "full_description": "Allows the app to\n        have itself started as soon as the system has finished booting.\n        This can make it take longer to start the phone and allow the\n        app to slow down the overall phone by always running.",
                        "permission_type": "normal"
                    },
                    "android.permission.INTERNET": {
                        "short_description": "full network access",
                        "full_description": "Allows the app to create\n     network sockets and use custom network protocols. The browser and other\n     applications provide means to send data to the internet, so this\n     permission is not required to send data to the internet.",
                        "permission_type": "normal"
                    },
                    "android.permission.SYSTEM_ALERT_WINDOW": {
                        "short_description": "draw over other apps",
                        "full_description": "Allows the app to draw on top of other\n        applications or parts of the user interface.  They may interfere with your\n        use of the interface in any application, or change what you think you are\n        seeing in other applications.",
                        "permission_type": "signature|preinstalled|appop|pre23|development"
                    },
                    "android.permission.ACCESS_NETWORK_STATE": {
                        "short_description": "view network connections",
                        "full_description": "Allows the app to view\n      information about network connections such as which networks exist and are\n      connected.",
                        "permission_type": "normal"
                    },
                    "android.permission.ACCESS_COARSE_LOCATION": {
                        "short_description": "approximate location\n      (network-based)",
                        "full_description": "Allows the app to get your\n      approximate location. This location is derived by location services using\n      network location sources such as cell towers and Wi-Fi. These location\n      services must be turned on and available to your device for the app to\n      use them. Apps may use this to determine approximately where you\n      are.",
                        "permission_type": "dangerous"
                    },
                    "android.permission.WAKE_LOCK": {
                        "short_description": "prevent phone from sleeping",
                        "full_description": "Allows the app to prevent the phone from going to sleep.",
                        "permission_type": "normal"
                    },
                    "android.permission.GET_TASKS": {
                        "short_description": "retrieve running apps",
                        "full_description": "Allows the app to retrieve information\n       about currently and recently running tasks.  This may allow the app to\n       discover information about which applications are used on the device.",
                        "permission_type": "normal"
                    },
                    "getui.permission.GetuiService.com.dengyun.dianshang": {
                        "short_description": "Unknown permission from android reference",
                        "full_description": "Unknown permission from android reference",
                        "permission_type": "normal"
                    },
                    "android.permission.CHANGE_WIFI_STATE": {
                        "short_description": "connect and disconnect from Wi-Fi",
                        "full_description": "Allows the app to connect to and\n      disconnect from Wi-Fi access points and to make changes to device\n      configuration for Wi-Fi networks.",
                        "permission_type": "normal"
                    },
                    "android.permission.ACCESS_WIFI_STATE": {
                        "short_description": "view Wi-Fi connections",
                        "full_description": "Allows the app to view information\n      about Wi-Fi networking, such as whether Wi-Fi is enabled and name of\n      connected Wi-Fi devices.",
                        "permission_type": "normal"
                    },
                    "android.permission.READ_PHONE_STATE": {
                        "short_description": "read phone status and identity",
                        "full_description": "Allows the app to access the phone\n      features of the device.  This permission allows the app to determine the\n      phone number and device IDs, whether a call is active, and the remote number\n      connected by a call.",
                        "permission_type": "dangerous"
                    },
                    "android.permission.MOUNT_UNMOUNT_FILESYSTEMS": {
                        "short_description": "access SD Card filesystem",
                        "full_description": "Allows the app to mount and\n        unmount filesystems for removable storage.",
                        "permission_type": "dangerous"
                    },
                    "android.permission.WRITE_EXTERNAL_STORAGE": {
                        "short_description": "modify or delete the contents of your SD card",
                        "full_description": "Allows the app to write to the SD card.",
                        "permission_type": "dangerous"
                    },
                    "android.permission.NFC": {
                        "short_description": "control Near Field Communication",
                        "full_description": "Allows the app to communicate\n      with Near Field Communication (NFC) tags, cards, and readers.",
                        "permission_type": "normal"
                    }
                },
                "Receivers": [
                    "com.qihoo.util.CommonReceiver",
                    "com.dengyun.dianshang.broadcast.MyBroadReceiver",
                    "com.dengyun.dianshang.broadcast.NotificationReceiver",
                    "com.igexin.sdk.PushReceiver",
                    "com.igexin.sdk.PushManagerReceiver",
                    "com.igexin.download.DownloadReceiver"
                ]
            },
            "magic": "Zip archive data, at least v2.0 to extract",
            "last_analysis_stats": {
                "harmless": 0,
                "type-unsupported": 8,
                "suspicious": 0,
                "confirmed-timeout": 0,
                "timeout": 3,
                "failure": 2,
                "malicious": 9,
                "undetected": 50
            },
            "meaningful_name": "03986",
            "reputation": 0
        },
        "type": "file",
        "id": "0002d1950cc73492adbfda00645b13c47826a7f4299c29572f838b5f35842f01",
        "links": {
            "self": "https://www.virustotal.com/api/v3/files/0002d1950cc73492adbfda00645b13c47826a7f4299c29572f838b5f35842f01"
        }
    }
}