{
    "data": {
        "attributes": {
            "type_description": "Android",
            "vhash": "b9c3b966e85afa885f82590d468ee8c3",
            "trid": [
                {
                    "file_type": "Java Archive",
                    "probability": 46.5
                },
                {
                    "file_type": "Sweet Home 3D design (generic)",
                    "probability": 36.2
                },
                {
                    "file_type": "ZIP compressed archive",
                    "probability": 13.7
                },
                {
                    "file_type": "PrintFox/Pagefox bitmap (var. P)",
                    "probability": 3.4
                }
            ],
            "names": [
                "saaojE7mmivFBKay3z196jUO7Gmlb41mSVz0X9EcqsURjfD1AL2qQTRHg"
            ],
            "last_modification_date": 1605395855,
            "type_tag": "android",
            "times_submitted": 1,
            "total_votes": {
                "harmless": 0,
                "malicious": 0
            },
            "size": 42756725,
            "type_extension": "apk",
            "last_submission_date": 1521507455,
            "last_analysis_results": {
                "Bkav": {
                    "category": "failure",
                    "engine_name": "Bkav",
                    "engine_version": "1.3.0.9899",
                    "result": null,
                    "method": "blacklist",
                    "engine_update": "20200601"
                },
                "Lionic": {
                    "category": "undetected",
                    "engine_name": "AegisLab",
                    "engine_version": "4.2",
                    "result": null,
                    "method": "blacklist",
                    "engine_update": "20200601"
                },
                "DrWeb": {
                    "category": "undetected",
                    "engine_name": "DrWeb",
                    "engine_version": "7.0.46.3050",
                    "result": null,
                    "method": "blacklist",
                    "engine_update": "20200601"
                },
                "MicroWorld-eScan": {
                    "category": "undetected",
                    "engine_name": "MicroWorld-eScan",
                    "engine_version": "14.0.409.0",
                    "result": null,
                    "method": "blacklist",
                    "engine_update": "20200601"
                },
                "FireEye": {
                    "category": "undetected",
                    "engine_name": "FireEye",
                    "engine_version": "32.31.0.0",
                    "result": null,
                    "method": "blacklist",
                    "engine_update": "20200601"
                },
                "CAT-QuickHeal": {
                    "category": "undetected",
                    "engine_name": "CAT-QuickHeal",
                    "engine_version": "14.00",
                    "result": null,
                    "method": "blacklist",
                    "engine_update": "20200601"
                },
                "McAfee": {
                    "category": "undetected",
                    "engine_name": "McAfee",
                    "engine_version": "6.0.6.653",
                    "result": null,
                    "method": "blacklist",
                    "engine_update": "20200601"
                },
                "Malwarebytes": {
                    "category": "undetected",
                    "engine_name": "Malwarebytes",
                    "engine_version": "3.6.4.335",
                    "result": null,
                    "method": "blacklist",
                    "engine_update": "20200601"
                },
                "Zillya": {
                    "category": "undetected",
                    "engine_name": "Zillya",
                    "engine_version": "2.0.0.4101",
                    "result": null,
                    "method": "blacklist",
                    "engine_update": "20200601"
                },
                "Paloalto": {
                    "category": "type-unsupported",
                    "engine_name": "Paloalto",
                    "engine_version": "1.0",
                    "result": null,
                    "method": "blacklist",
                    "engine_update": "20200601"
                },
                "Sangfor": {
                    "category": "undetected",
                    "engine_name": "Sangfor",
                    "engine_version": "1.0",
                    "result": null,
                    "method": "blacklist",
                    "engine_update": "20200423"
                },
                "Trustlook": {
                    "category": "undetected",
                    "engine_name": "Trustlook",
                    "engine_version": "1.0",
                    "result": null,
                    "method": "blacklist",
                    "engine_update": "20200601"
                },
                "Alibaba": {
                    "category": "undetected",
                    "engine_name": "Alibaba",
                    "engine_version": "0.3.0.5",
                    "result": null,
                    "method": "blacklist",
                    "engine_update": "20190527"
                },
                "K7GW": {
                    "category": "malicious",
                    "engine_name": "K7GW",
                    "engine_version": "11.113.34269",
                    "result": "Adware ( 005307e21 )",
                    "method": "blacklist",
                    "engine_update": "20200601"
                },
                "K7AntiVirus": {
                    "category": "undetected",
                    "engine_name": "K7AntiVirus",
                    "engine_version": "11.113.34268",
                    "result": null,
                    "method": "blacklist",
                    "engine_update": "20200601"
                },
                "Invincea": {
                    "category": "type-unsupported",
                    "engine_name": "Invincea",
                    "engine_version": "6.3.6.26157",
                    "result": null,
                    "method": "blacklist",
                    "engine_update": "20200502"
                },
                "BitDefenderTheta": {
                    "category": "undetected",
                    "engine_name": "BitDefenderTheta",
                    "engine_version": "7.2.37796.0",
                    "result": null,
                    "method": "blacklist",
                    "engine_update": "20200521"
                },
                "F-Prot": {
                    "category": "undetected",
                    "engine_name": "F-Prot",
                    "engine_version": "4.7.1.166",
                    "result": null,
                    "method": "blacklist",
                    "engine_update": "20200601"
                },
                "SymantecMobileInsight": {
                    "category": "malicious",
                    "engine_name": "SymantecMobileInsight",
                    "engine_version": "2.0",
                    "result": "AdLibrary:Jpush",
                    "method": "blacklist",
                    "engine_update": "20200527"
                },
                "Symantec": {
                    "category": "undetected",
                    "engine_name": "Symantec",
                    "engine_version": "1.11.0.0",
                    "result": null,
                    "method": "blacklist",
                    "engine_update": "20200601"
                },
                "ESET-NOD32": {
                    "category": "undetected",
                    "engine_name": "ESET-NOD32",
                    "engine_version": "21423",
                    "result": null,
                    "method": "blacklist",
                    "engine_update": "20200601"
                },
                "APEX": {
                    "category": "type-unsupported",
                    "engine_name": "APEX",
                    "engine_version": "6.29",
                    "result": null,
                    "method": "blacklist",
                    "engine_update": "20200601"
                },
                "TrendMicro-HouseCall": {
                    "category": "undetected",
                    "engine_name": "TrendMicro-HouseCall",
                    "engine_version": "10.0.0.1040",
                    "result": null,
                    "method": "blacklist",
                    "engine_update": "20200601"
                },
                "Avast": {
                    "category": "undetected",
                    "engine_name": "Avast",
                    "engine_version": "18.4.3895.0",
                    "result": null,
                    "method": "blacklist",
                    "engine_update": "20200601"
                },
                "ClamAV": {
                    "category": "undetected",
                    "engine_name": "ClamAV",
                    "engine_version": "0.102.3.0",
                    "result": null,
                    "method": "blacklist",
                    "engine_update": "20200601"
                },
                "Kaspersky": {
                    "category": "undetected",
                    "engine_name": "Kaspersky",
                    "engine_version": "15.0.1.13",
                    "result": null,
                    "method": "blacklist",
                    "engine_update": "20200601"
                },
                "BitDefender": {
                    "category": "undetected",
                    "engine_name": "BitDefender",
                    "engine_version": "7.2",
                    "result": null,
                    "method": "blacklist",
                    "engine_update": "20200601"
                },
                "NANO-Antivirus": {
                    "category": "undetected",
                    "engine_name": "NANO-Antivirus",
                    "engine_version": "1.0.134.25112",
                    "result": null,
                    "method": "blacklist",
                    "engine_update": "20200601"
                },
                "SUPERAntiSpyware": {
                    "category": "undetected",
                    "engine_name": "SUPERAntiSpyware",
                    "engine_version": "5.6.0.1032",
                    "result": null,
                    "method": "blacklist",
                    "engine_update": "20200530"
                },
                "Rising": {
                    "category": "undetected",
                    "engine_name": "Rising",
                    "engine_version": "25.0.0.25",
                    "result": null,
                    "method": "blacklist",
                    "engine_update": "20200601"
                },
                "Ad-Aware": {
                    "category": "undetected",
                    "engine_name": "Ad-Aware",
                    "engine_version": "3.0.5.370",
                    "result": null,
                    "method": "blacklist",
                    "engine_update": "20200601"
                },
                "Emsisoft": {
                    "category": "undetected",
                    "engine_name": "Emsisoft",
                    "engine_version": "2018.12.0.1641",
                    "result": null,
                    "method": "blacklist",
                    "engine_update": "20200601"
                },
                "Comodo": {
                    "category": "undetected",
                    "engine_name": "Comodo",
                    "engine_version": "32496",
                    "result": null,
                    "method": "blacklist",
                    "engine_update": "20200601"
                },
                "F-Secure": {
                    "category": "undetected",
                    "engine_name": "F-Secure",
                    "engine_version": "12.0.86.52",
                    "result": null,
                    "method": "blacklist",
                    "engine_update": "20200601"
                },
                "Baidu": {
                    "category": "undetected",
                    "engine_name": "Baidu",
                    "engine_version": "1.0.0.2",
                    "result": null,
                    "method": "blacklist",
                    "engine_update": "20190318"
                },
                "VIPRE": {
                    "category": "undetected",
                    "engine_name": "VIPRE",
                    "engine_version": "84150",
                    "result": null,
                    "method": "blacklist",
                    "engine_update": "20200601"
                },
                "TrendMicro": {
                    "category": "undetected",
                    "engine_name": "TrendMicro",
                    "engine_version": "11.0.0.1006",
                    "result": null,
                    "method": "blacklist",
                    "engine_update": "20200601"
                },
                "McAfee-GW-Edition": {
                    "category": "undetected",
                    "engine_name": "McAfee-GW-Edition",
                    "engine_version": "v2017.3010",
                    "result": null,
                    "method": "blacklist",
                    "engine_update": "20200601"
                },
                "Fortinet": {
                    "category": "undetected",
                    "engine_name": "Fortinet",
                    "engine_version": "6.2.142.0",
                    "result": null,
                    "method": "blacklist",
                    "engine_update": "20200601"
                },
                "Trapmine": {
                    "category": "type-unsupported",
                    "engine_name": "Trapmine",
                    "engine_version": "3.2.25.947",
                    "result": null,
                    "method": "blacklist",
                    "engine_update": "20200505"
                },
                "CMC": {
                    "category": "undetected",
                    "engine_name": "CMC",
                    "engine_version": "1.1.0.977",
                    "result": null,
                    "method": "blacklist",
                    "engine_update": "20190321"
                },
                "Sophos": {
                    "category": "undetected",
                    "engine_name": "Sophos",
                    "engine_version": "4.98.0",
                    "result": null,
                    "method": "blacklist",
                    "engine_update": "20200601"
                },
                "SentinelOne": {
                    "category": "undetected",
                    "engine_name": "SentinelOne",
                    "engine_version": "4.3.0.105",
                    "result": null,
                    "method": "blacklist",
                    "engine_update": "20200601"
                },
                "Cyren": {
                    "category": "undetected",
                    "engine_name": "Cyren",
                    "engine_version": "6.3.0.2",
                    "result": null,
                    "method": "blacklist",
                    "engine_update": "20200601"
                },
                "Jiangmin": {
                    "category": "undetected",
                    "engine_name": "Jiangmin",
                    "engine_version": "16.0.100",
                    "result": null,
                    "method": "blacklist",
                    "engine_update": "20200601"
                },
                "Webroot": {
                    "category": "type-unsupported",
                    "engine_name": "Webroot",
                    "engine_version": "1.0.0.403",
                    "result": null,
                    "method": "blacklist",
                    "engine_update": "20200601"
                },
                "Avira": {
                    "category": "undetected",
                    "engine_name": "Avira",
                    "engine_version": "8.3.3.8",
                    "result": null,
                    "method": "blacklist",
                    "engine_update": "20200601"
                },
                "eGambit": {
                    "category": "type-unsupported",
                    "engine_name": "eGambit",
                    "engine_version": null,
                    "result": null,
                    "method": "blacklist",
                    "engine_update": "20200601"
                },
                "MAX": {
                    "category": "undetected",
                    "engine_name": "MAX",
                    "engine_version": "2019.9.16.1",
                    "result": null,
                    "method": "blacklist",
                    "engine_update": "20200601"
                },
                "Antiy-AVL": {
                    "category": "undetected",
                    "engine_name": "Antiy-AVL",
                    "engine_version": "3.0.0.1",
                    "result": null,
                    "method": "blacklist",
                    "engine_update": "20200601"
                },
                "Kingsoft": {
                    "category": "undetected",
                    "engine_name": "Kingsoft",
                    "engine_version": "2013.8.14.323",
                    "result": null,
                    "method": "blacklist",
                    "engine_update": "20200601"
                },
                "Endgame": {
                    "category": "type-unsupported",
                    "engine_name": "Endgame",
                    "engine_version": "4.0.4",
                    "result": null,
                    "method": "blacklist",
                    "engine_update": "20200530"
                },
                "Arcabit": {
                    "category": "undetected",
                    "engine_name": "Arcabit",
                    "engine_version": "1.0.0.875",
                    "result": null,
                    "method": "blacklist",
                    "engine_update": "20200601"
                },
                "ViRobot": {
                    "category": "undetected",
                    "engine_name": "ViRobot",
                    "engine_version": "2014.3.20.0",
                    "result": null,
                    "method": "blacklist",
                    "engine_update": "20200601"
                },
                "AhnLab-V3": {
                    "category": "undetected",
                    "engine_name": "AhnLab-V3",
                    "engine_version": "3.17.6.27456",
                    "result": null,
                    "method": "blacklist",
                    "engine_update": "20200601"
                },
                "ZoneAlarm": {
                    "category": "undetected",
                    "engine_name": "ZoneAlarm",
                    "engine_version": "1.0",
                    "result": null,
                    "method": "blacklist",
                    "engine_update": "20200601"
                },
                "Avast-Mobile": {
                    "category": "undetected",
                    "engine_name": "Avast-Mobile",
                    "engine_version": "200601-00",
                    "result": null,
                    "method": "blacklist",
                    "engine_update": "20200601"
                },
                "Microsoft": {
                    "category": "undetected",
                    "engine_name": "Microsoft",
                    "engine_version": "1.1.17100.2",
                    "result": null,
                    "method": "blacklist",
                    "engine_update": "20200601"
                },
                "TotalDefense": {
                    "category": "undetected",
                    "engine_name": "TotalDefense",
                    "engine_version": "37.1.62.1",
                    "result": null,
                    "method": "blacklist",
                    "engine_update": "20200601"
                },
                "Acronis": {
                    "category": "type-unsupported",
                    "engine_name": "Acronis",
                    "engine_version": "1.1.1.76",
                    "result": null,
                    "method": "blacklist",
                    "engine_update": "20200529"
                },
                "VBA32": {
                    "category": "undetected",
                    "engine_name": "VBA32",
                    "engine_version": "4.4.1",
                    "result": null,
                    "method": "blacklist",
                    "engine_update": "20200601"
                },
                "ALYac": {
                    "category": "undetected",
                    "engine_name": "ALYac",
                    "engine_version": "1.1.1.5",
                    "result": null,
                    "method": "blacklist",
                    "engine_update": "20200601"
                },
                "TACHYON": {
                    "category": "undetected",
                    "engine_name": "TACHYON",
                    "engine_version": "2020-06-01.03",
                    "result": null,
                    "method": "blacklist",
                    "engine_update": "20200601"
                },
                "Cylance": {
                    "category": "type-unsupported",
                    "engine_name": "Cylance",
                    "engine_version": "2.3.1.101",
                    "result": null,
                    "method": "blacklist",
                    "engine_update": "20200601"
                },
                "Zoner": {
                    "category": "undetected",
                    "engine_name": "Zoner",
                    "engine_version": "0.0.0.0",
                    "result": null,
                    "method": "blacklist",
                    "engine_update": "20200531"
                },
                "Tencent": {
                    "category": "undetected",
                    "engine_name": "Tencent",
                    "engine_version": "1.0.0.1",
                    "result": null,
                    "method": "blacklist",
                    "engine_update": "20200601"
                },
                "Yandex": {
                    "category": "undetected",
                    "engine_name": "Yandex",
                    "engine_version": "5.5.2.24",
                    "result": null,
                    "method": "blacklist",
                    "engine_update": "20200601"
                },
                "Ikarus": {
                    "category": "undetected",
                    "engine_name": "Ikarus",
                    "engine_version": "0.1.5.2",
                    "result": null,
                    "method": "blacklist",
                    "engine_update": "20200601"
                },
                "MaxSecure": {
                    "category": "failure",
                    "engine_name": "MaxSecure",
                    "engine_version": "1.0.0.1",
                    "result": null,
                    "method": "blacklist",
                    "engine_update": "20200529"
                },
                "GData": {
                    "category": "undetected",
                    "engine_name": "GData",
                    "engine_version": "A:25.25807B:26.18942",
                    "result": null,
                    "method": "blacklist",
                    "engine_update": "20200601"
                },
                "AVG": {
                    "category": "undetected",
                    "engine_name": "AVG",
                    "engine_version": "18.4.3895.0",
                    "result": null,
                    "method": "blacklist",
                    "engine_update": "20200601"
                },
                "Cybereason": {
                    "category": "type-unsupported",
                    "engine_name": "Cybereason",
                    "engine_version": null,
                    "result": null,
                    "method": "blacklist",
                    "engine_update": "20180308"
                },
                "Panda": {
                    "category": "undetected",
                    "engine_name": "Panda",
                    "engine_version": "4.6.4.2",
                    "result": null,
                    "method": "blacklist",
                    "engine_update": "20200601"
                },
                "CrowdStrike": {
                    "category": "type-unsupported",
                    "engine_name": "CrowdStrike",
                    "engine_version": "1.0",
                    "result": null,
                    "method": "blacklist",
                    "engine_update": "20180202"
                },
                "Qihoo-360": {
                    "category": "undetected",
                    "engine_name": "Qihoo-360",
                    "engine_version": "1.0.0.1120",
                    "result": null,
                    "method": "blacklist",
                    "engine_update": "20200601"
                }
            },
            "sha256": "00022026693200a257c16523a7b49268bc60aad494f8b30d89e931f31d88432a",
            "tags": [
                "apk",
                "android"
            ],
            "last_analysis_date": 1591040254,
            "unique_sources": 1,
            "first_submission_date": 1521507455,
            "sha1": "48595d0bc442d94999982de38b67426ba92a043a",
            "ssdeep": "786432:bsu835C7PZEAML7WxSrFCqy7qrYGbVhfa9Q+L+8ggaSXetepWU1rPM70LL7l6XF:IZ5Az+S2Yqy7qr5Z4q+L+8RQeUUxL7lW",
            "bundle_info": {
                "highest_datetime": "2016-04-20 18:24:42",
                "lowest_datetime": "2016-04-20 18:23:02",
                "num_children": 1988,
                "extensions": {
                    "xml": 98,
                    "jpg": 5,
                    "mp4": 2,
                    "mp3": 2,
                    "TTF": 5,
                    "png": 888
                },
                "file_types": {
                    "XML": 97,
                    "unknown": 8,
                    "JPG": 5,
                    "MP3": 2,
                    "PNG": 888
                },
                "type": "APK",
                "uncompressed_size": 19874570
            },
            "packers": {
                "F-PROT": "appended"
            },
            "md5": "3ef21b96459ff6ac046ad4b59b42c751",
            "androguard": {
                "VTAndroidInfo": 1.41,
                "Libraries": [
                    "android.test.runner"
                ],
                "AndroidApplicationError": false,
                "MinSdkVersion": "14",
                "AndroguardVersion": "3.0-dev",
                "Activities": [
                    "com.tiaooo.aaron.SplashActivity",
                    "com.tiaooo.aaron.activity.TVDetailActivity",
                    "com.tiaooo.aaron.IntroActivity",
                    "com.tiaooo.aaron.MainActivity1",
                    "com.tiaooo.aaron.CourseInformationActivity",
                    "com.tiaooo.aaron.SearchActivity",
                    "com.tiaooo.aaron.SetupActivity",
                    "com.tiaooo.aaron.RelativeCourseListActivity",
                    "com.tiaooo.aaron.VideoPlayActivity",
                    "com.tiaooo.aaron.activity.HTMLActivity",
                    "com.tiaooo.aaron.FeedbackActivity",
                    "com.tiaooo.aaron.activity.SuperStarDetailActivity",
                    "com.tiaooo.aaron.activity.SuperStarListActivity",
                    "com.tiaooo.aaron.activity.MessageHomeActivity",
                    "com.tiaooo.aaron.activity.MessageActivity",
                    "com.tiaooo.aaron.AdvertisementActivity",
                    "com.tiaooo.aaron.activity.UserDataActivity",
                    "com.tiaooo.aaron.MyCourseListActivity",
                    "com.tiaooo.aaron.EditUserDataActivity",
                    "com.tiaooo.aaron.ShootActivity",
                    "com.tiaooo.aaron.ShootEditActivity",
                    "com.tiaooo.aaron.ShootCoverSelectActivity",
                    "com.tiaooo.aaron.ShootTagSelectActivity",
                    "com.tiaooo.aaron.activity.DraftActivity",
                    "com.tiaooo.aaron.activity.MegaGameActivity",
                    "com.tiaooo.aaron.SpecialDetailActivity",
                    "com.tiaooo.aaron.AdJumpWebViewActivity",
                    "com.tiaooo.arron.camera.ChoiceCamera",
                    "com.tiaooo.arron.camera.VideoListActivity",
                    "com.tiaooo.arron.camera.activity.ImportVideoActivity",
                    "com.tiaooo.arron.camera.activity.MediaPreviewActivity",
                    "com.tiaooo.arron.camera.activity.MediaRecorderActivity",
                    "com.tiaooo.arron.camera.activity.VideoPlayerActivity",
                    "com.tiaooo.aaron.ShootCompleteActivity",
                    "com.tiaooo.aaron.LoginActivity",
                    "com.tiaooo.aaron.LoginInfoActivity",
                    "com.tiaooo.aaron.LoginRegister",
                    "com.tiaooo.aaron.LoginRetrieve",
                    "com.tiaooo.aaron.FanAndAttentionActivity",
                    "com.tiaooo.aaron.IntroVideoActivity",
                    "com.tiaooo.aaron.activity.VisitingActivity",
                    "com.tiaooo.aaron.RecommentDetailActivity",
                    "com.tiaooo.aaron.activity.CourseDetailActivity",
                    "com.tiaooo.arron.video.VideoFillActivity",
                    "com.tiaooo.arron.video.VideoFill2Activity",
                    "com.tiaooo.arron.video.lvc.VideoPlayFillActivity",
                    "com.tiaooo.aaron.activity.CourseDetail2Activity",
                    "com.tiaooo.aaron.activity.CourseEditActivity",
                    "com.tiaooo.aaron.activity.CourseDetailEditActivity",
                    "com.tiaooo.aaron.activity.DownloadManagerActivity",
                    "com.tiaooo.aaron.activity.DownloadManagerDetailActivity",
                    "com.tiaooo.aaron.activity.PlayMusicActivity",
                    "com.tiaooo.aaron.activity.MusicFileActivity",
                    "com.goonear.crop.CropImage",
                    "com.goonear.crop.MonitoredActivity",
                    "com.goonear.crop.NoSearchActivity",
                    "com.tiaooo.aaron.activity.FindMegagameAcivity",
                    "com.tiaooo.aaron.activity.Html2Activity",
                    "com.sina.weibo.sdk.component.WeiboSdkBrowser",
                    "com.tencent.tauth.AuthActivity",
                    "com.tencent.connect.common.AssistActivity",
                    "cn.jpush.android.ui.PushActivity",
                    "com.sec.android.iap.lib.activity.InboxActivity",
                    "com.sec.android.iap.lib.activity.PaymentActivity",
                    "com.sec.android.iap.lib.activity.ItemActivity",
                    "com.tiaooo.aaron.privateletter.ui.ChatActivity",
                    "com.tiaooo.aaron.privateletter.ui.ContactListActivity",
                    "io.rong.imkit.tools.SelectPictureActivity",
                    "io.rong.imkit.tools.PreviewPictureActivity",
                    "io.rong.imkit.tools.RongWebviewActivity",
                    "io.rong.imkit.widget.provider.TakingPicturesActivity",
                    "com.tiaooo.aaron.privateletter.ui.BlackListActivity"
                ],
                "certificate": {
                    "Subject": {
                        "DN": "CN:WeiShiming",
                        "CN": "WeiShiming"
                    },
                    "validto": "2114-09-23 07:45:43",
                    "serialnumber": "0cb9e84d",
                    "thumbprint": "8e8c02f37089943713109c32c96304f7c7ddbbe8",
                    "validfrom": "2014-10-17 07:45:43",
                    "Issuer": {
                        "DN": "CN:WeiShiming",
                        "CN": "WeiShiming"
                    }
                },
                "AndroidApplication": 1,
                "RiskIndicator": {
                    "APK": {},
                    "PERM": {
                        "PRIVACY": 6,
                        "NORMAL": 9,
                        "DANGEROUS": 3,
                        "INTERNET": 1,
                        "SIGNATUREORSYSTEM": 1,
                        "SIGNATURE": 2,
                        "SIGNATUREORSYSTEMORDEVELOPMENT": 1,
                        "GPS": 3
                    }
                },
                "Services": [
                    "com.tiaooo.aaron.service.FileDownServer",
                    "com.tiaooo.aaron.service.TiaoBaService",
                    "cn.jpush.android.service.PushService",
                    "cn.jpush.android.service.DownloadService",
                    "io.rong.imlib.ipc.RongService",
                    "io.rong.imlib.ReConnectService",
                    "io.rong.push.PushService",
                    "io.rong.push.CommandService"
                ],
                "AndroidVersionCode": "34",
                "main_activity": "com.tiaooo.aaron.SplashActivity",
                "Package": "com.tiaooo.aaron",
                "intent_filters": {
                    "Services": {
                        "io.rong.push.PushService": {
                            "action": [
                                "io.rong.push"
                            ],
                            "category": [
                                "android.intent.category.DEFAULT"
                            ]
                        },
                        "cn.jpush.android.service.PushService": {
                            "action": [
                                "cn.jpush.android.intent.REGISTER",
                                "cn.jpush.android.intent.REPORT",
                                "cn.jpush.android.intent.PushService",
                                "cn.jpush.android.intent.PUSH_TIME"
                            ]
                        },
                        "com.tiaooo.aaron.service.TiaoBaService": {
                            "action": [
                                "android.intent.action.AIDLService"
                            ],
                            "category": [
                                "android.intent.category.DEFAULT"
                            ]
                        },
                        "io.rong.push.CommandService": {
                            "action": [
                                "io.rong.command"
                            ],
                            "category": [
                                "android.intent.category.DEFAULT"
                            ]
                        }
                    },
                    "Activities": {
                        "com.tencent.tauth.AuthActivity": {
                            "action": [
                                "android.intent.action.VIEW"
                            ],
                            "category": [
                                "android.intent.category.DEFAULT",
                                "android.intent.category.BROWSABLE"
                            ]
                        },
                        "com.tiaooo.aaron.SplashActivity": {
                            "action": [
                                "android.intent.action.MAIN"
                            ],
                            "category": [
                                "android.intent.category.LAUNCHER"
                            ]
                        },
                        "cn.jpush.android.ui.PushActivity": {
                            "action": [
                                "cn.jpush.android.ui.PushActivity"
                            ],
                            "category": [
                                "android.intent.category.DEFAULT",
                                "com.tiaooo.aaron"
                            ]
                        },
                        "com.tiaooo.aaron.privateletter.ui.ContactListActivity": {
                            "action": [
                                "android.intent.action.VIEW"
                            ],
                            "category": [
                                "android.intent.category.DEFAULT"
                            ]
                        },
                        "com.tiaooo.aaron.privateletter.ui.ChatActivity": {
                            "action": [
                                "android.intent.action.VIEW"
                            ],
                            "category": [
                                "android.intent.category.DEFAULT"
                            ]
                        }
                    },
                    "Receivers": {
                        "io.rong.push.PushReceiver": {
                            "action": [
                                "io.rong.push.HeartBeat",
                                "android.net.conn.CONNECTIVITY_CHANGE",
                                "android.intent.action.BOOT_COMPLETED",
                                "android.intent.action.USER_PRESENT",
                                "android.intent.action.ACTION_POWER_CONNECTED",
                                "android.intent.action.ACTION_POWER_DISCONNECTED",
                                "android.intent.action.PACKAGE_REMOVED"
                            ]
                        },
                        "cn.jpush.android.service.PushReceiver": {
                            "action": [
                                "cn.jpush.android.intent.NOTIFICATION_RECEIVED_PROXY",
                                "android.intent.action.USER_PRESENT",
                                "android.net.conn.CONNECTIVITY_CHANGE"
                            ],
                            "category": [
                                "com.tiaooo.aaron"
                            ]
                        },
                        "io.rong.imlib.ipc.PushMessageReceiver": {
                            "action": [
                                "io.rong.push.message"
                            ]
                        }
                    }
                },
                "AndroidVersionName": "2.7.8",
                "TargetSdkVersion": "23",
                "AndroidApplicationInfo": "APK",
                "permission_details": {
                    "android.permission.READ_LOGS": {
                        "short_description": "read sensitive log data",
                        "full_description": "Allows an application to read from the system's various log files. This allows it to discover general information about what you are doing with the phone, potentially including personal or private information.",
                        "permission_type": "signatureOrSystemOrDevelopment"
                    },
                    "android.permission.ACCESS_COARSE_LOCATION": {
                        "short_description": "coarse (network-based) location",
                        "full_description": "Access coarse location sources, such as the mobile network database, to determine an approximate phone location, where available. Malicious applications can use this to determine approximately where you are.",
                        "permission_type": "dangerous"
                    },
                    "android.permission.ACCESS_WIFI_STATE": {
                        "short_description": "view Wi-Fi status",
                        "full_description": "Allows an application to view the information about the status of Wi-Fi.",
                        "permission_type": "normal"
                    },
                    "android.permission.INTERNET": {
                        "short_description": "full Internet access",
                        "full_description": "Allows an application to create network sockets.",
                        "permission_type": "dangerous"
                    },
                    "android.permission.ACCESS_FINE_LOCATION": {
                        "short_description": "fine (GPS) location",
                        "full_description": "Access fine location sources, such as the Global Positioning System on the phone, where available. Malicious applications can use this to determine where you are and may consume additional battery power.",
                        "permission_type": "dangerous"
                    },
                    "android.permission.INTERACT_ACROSS_USERS_FULL": {
                        "short_description": "",
                        "full_description": "Fuller form of INTERACT_ACROSS_USERS that removes restrictions on where broadcasts can be sent and allows other types of interactions.",
                        "permission_type": "signature"
                    },
                    "android.permission.RECEIVE_USER_PRESENT": {
                        "short_description": "Unknown permission from android reference",
                        "full_description": "Unknown permission from android reference",
                        "permission_type": "normal"
                    },
                    "android.permission.ACCESS_NETWORK_STATE": {
                        "short_description": "view network status",
                        "full_description": "Allows an application to view the status of all networks.",
                        "permission_type": "normal"
                    },
                    "android.permission.GET_TASKS": {
                        "short_description": "retrieve running applications",
                        "full_description": "Allows application to retrieve information about currently and recently running tasks. May allow malicious applications to discover private information about other applications.",
                        "permission_type": "dangerous"
                    },
                    "android.permission.WRITE_EXTERNAL_STORAGE": {
                        "short_description": "modify/delete SD card contents",
                        "full_description": "Allows an application to write to the SD card.",
                        "permission_type": "dangerous"
                    },
                    "android.permission.READ_EXTERNAL_STORAGE": {
                        "short_description": "read from external storage",
                        "full_description": "Allows an application to read from external storage",
                        "permission_type": "normal"
                    },
                    "android.permission.RECEIVE_BOOT_COMPLETED": {
                        "short_description": "automatically start at boot",
                        "full_description": "Allows an application to start itself as soon as the system has finished booting. This can make it take longer to start the phone and allow the application to slow down the overall phone by always running.",
                        "permission_type": "normal"
                    },
                    "android.permission.START_ANY_ACTIVITY": {
                        "short_description": "",
                        "full_description": "Allows an application to start any activity, regardless of permission protection or exported state.",
                        "permission_type": "signature"
                    },
                    "android.permission.WRITE_SETTINGS": {
                        "short_description": "modify global system settings",
                        "full_description": "Allows an application to modify the system's settings data. Malicious applications can corrupt your system's configuration.",
                        "permission_type": "normal"
                    },
                    "android.permission.FLASHLIGHT": {
                        "short_description": "control flashlight",
                        "full_description": "Allows the application to control the flashlight.",
                        "permission_type": "normal"
                    },
                    "android.permission.READ_PHONE_STATE": {
                        "short_description": "read phone state and identity",
                        "full_description": "Allows the application to access the phone features of the device. An application with this permission can determine the phone number and serial number of this phone, whether a call is active, the number that call is connected to and so on.",
                        "permission_type": "dangerous"
                    },
                    "android.permission.MOUNT_UNMOUNT_FILESYSTEMS": {
                        "short_description": "mount and unmount file systems",
                        "full_description": "Allows the application to mount and unmount file systems for removable storage.",
                        "permission_type": "signatureOrSystem"
                    },
                    "com.tiaooo.aaron.permission.JPUSH_MESSAGE": {
                        "short_description": "Unknown permission from android reference",
                        "full_description": "Unknown permission from android reference",
                        "permission_type": "normal"
                    },
                    "android.permission.VIBRATE": {
                        "short_description": "control vibrator",
                        "full_description": "Allows the application to control the vibrator.",
                        "permission_type": "normal"
                    },
                    "com.sec.android.iap.permission.BILLING": {
                        "short_description": "Unknown permission from android reference",
                        "full_description": "Unknown permission from android reference",
                        "permission_type": "normal"
                    },
                    "android.permission.ACCESS_LOCATION_EXTRA_COMMANDS": {
                        "short_description": "access extra location provider commands",
                        "full_description": "Access extra location provider commands. Malicious applications could use this to interfere with the operation of the GPS or other location sources.",
                        "permission_type": "normal"
                    },
                    "android.permission.CAMERA": {
                        "short_description": "take pictures and videos",
                        "full_description": "Allows application to take pictures and videos with the camera. This allows the application to collect images that the camera is seeing at any time.",
                        "permission_type": "dangerous"
                    },
                    "android.permission.WAKE_LOCK": {
                        "short_description": "prevent phone from sleeping",
                        "full_description": "Allows an application to prevent the phone from going to sleep.",
                        "permission_type": "normal"
                    },
                    "android.permission.CHANGE_WIFI_STATE": {
                        "short_description": "change Wi-Fi status",
                        "full_description": "Allows an application to connect to and disconnect from Wi-Fi access points and to make changes to configured Wi-Fi networks.",
                        "permission_type": "dangerous"
                    },
                    "android.permission.RECORD_AUDIO": {
                        "short_description": "record audio",
                        "full_description": "Allows application to access the audio record path.",
                        "permission_type": "dangerous"
                    },
                    "android.permission.MODIFY_AUDIO_SETTINGS": {
                        "short_description": "change your audio settings",
                        "full_description": "Allows application to modify global audio settings, such as volume and routing.",
                        "permission_type": "normal"
                    },
                    "android.permission.GET_ACCOUNTS": {
                        "short_description": "discover known accounts",
                        "full_description": "Allows an application to access the list of accounts known by the phone.",
                        "permission_type": "normal"
                    }
                },
                "Receivers": [
                    "cn.jpush.android.service.PushReceiver",
                    "cn.jpush.android.service.AlarmReceiver",
                    "io.rong.imlib.ConnectChangeReceiver",
                    "io.rong.imlib.ipc.PushMessageReceiver",
                    "io.rong.imlib.HeartbeatReceiver",
                    "io.rong.push.PushReceiver"
                ],
                "StringsInformation": [
                    "http://",
                    "http://119.29.29.29/d?ttl=1&dn=",
                    "http://123.59.147.87/interface/?",
                    "http://alog.umeng.co/app_logs",
                    "http://alog.umeng.com/app_logs",
                    "http://analy.qq.com/cgi-bin/mapp_apptrace",
                    "http://api.cn.ronghub.com/user/offline.json",
                    "http://api.weibo.cn/2/client/common_config",
                    "http://api.weibo.com/oauth2/getaid.json",
                    "http://app.sina.cn/appdetail.php?appID=84560",
                    "http://appact.qzone.qq.com/appstore_activity_task_pcpush_sdk",
                    "http://appsupport.qq.com/cgi-bin/appstage/mstats_batch_report",
                    "http://appsupport.qq.com/cgi-bin/qzapps/mapp_addapp.cgi",
                    "http://c.isdspeed.qq.com/code.cgi",
                    "http://cgi.connect.qq.com/qqconnectopen/openapi/policy_conf",
                    "http://cgi.qplus.com/report/report",
                    "http://fusion.qq.com",
                    "http://fusion.qq.com/cgi-bin",
                    "http://fusion.qq.com/cgi-bin/prize_sharing/exchange_prize.cgi",
                    "http://fusion.qq.com/cgi-bin/prize_sharing/get_activity_state.cgi",
                    "http://fusion.qq.com/cgi-bin/prize_sharing/make_share_url.cgi",
                    "http://fusion.qq.com/cgi-bin/prize_sharing/query_unexchange_prize.cgi",
                    "http://fusion.qq.com/cgi-bin/qzapps/mapp_getappinfo.cgi",
                    "http://fusion.qq.com/cgi-bin/qzapps/mapp_lbs_delete.cgi",
                    "http://fusion.qq.com/cgi-bin/qzapps/mapp_lbs_getnear.cgi",
                    "http://fusion.qq.com/cgi-bin/qzapps/unified_jump?appid=%1$s&from=%2$s&isOpenAppID=1",
                    "http://interface.tiaooo.com/?",
                    "http://interface.tiaooo.com/?platform=android&version=1.0.0",
                    "http://interface.tiaooo.com/app/group",
                    "http://interface.tiaooo.com/app/teach",
                    "http://interface.tiaooo.com/app/user",
                    "http://interface.tiaooo.com/index.php?/app/teach/update_hits",
                    "http://lbs.map.qq.com/loc?c=1",
                    "http://localhost:3000/up_load",
                    "http://log.umsns.com/",
                    "http://log.umsns.com/share/api/",
                    "http://ls.map.soso.com/deflect?c=1",
                    "http://ls.map.soso.com/monitor/monitor.html",
                    "http://lstest.map.soso.com/loc?c=1",
                    "http://m.tiaooo.com/?c=activity&m=asia_camp",
                    "http://m.tiaooo.com/?c=activity&m=black_chiise",
                    "http://m.tiaooo.com/activity/wod",
                    "http://m.tiaooo.com/activity/xmtv",
                    "http://m.tiaooo.com/elegant/show",
                    "http://m.tiaooo.com/elegant/show/",
                    "http://m.tiaooo.com/teach/show",
                    "http://m.tiaooo.com/teach/show/",
                    "http://m.tiaooo.com/views/#/banner/",
                    "http://m.tiaooo.com/views/#/match/",
                    "http://m.tiaooo.com/views/#/match/more/",
                    "http://m.wsq.qq.com/direct?",
                    "http://nav.cn.ronghub.com/navipush.json",
                    "http://open.weixin.qq.com/connect/sdk/qrconnect?appid=%s&noncestr=%s&timestamp=%s&scope=%s&signature=%s",
                    "http://openmobile.qq.com/oauth2.0/m_authorize?",
                    "http://openmobile.qq.com/oauth2.0/m_jump_by_version?",
                    "http://pingma.qq.com:80/mstat/report",
                    "http://plus.google.com/",
                    "http://qzs.qq.com",
                    "http://qzs.qq.com/open/mobile/brag/sdk_brag.html?",
                    "http://qzs.qq.com/open/mobile/invite/sdk_invite.html?",
                    "http://qzs.qq.com/open/mobile/jsbridge/demo.htm",
                    "http://qzs.qq.com/open/mobile/login/qzsjump.html?",
                    "http://qzs.qq.com/open/mobile/not_support.html?",
                    "http://qzs.qq.com/open/mobile/rate/sdk_rate.html?",
                    "http://qzs.qq.com/open/mobile/reactive/sdk_reactive.html?",
                    "http://qzs.qq.com/open/mobile/request/sdk_request.html?",
                    "http://qzs.qq.com/open/mobile/sdk_common/down_qq.htm?",
                    "http://qzs.qq.com/open/mobile/sendstory/sdk_sendstory_v1.3.html?",
                    "http://schema.org/ActivateAction",
                    "http://schema.org/ActiveActionStatus",
                    "http://schema.org/AddAction",
                    "http://schema.org/BookmarkAction",
                    "http://schema.org/CommunicateAction",
                    "http://schema.org/CompletedActionStatus",
                    "http://schema.org/FailedActionStatus",
                    "http://schema.org/FilmAction",
                    "http://schema.org/LikeAction",
                    "http://schema.org/ListenAction",
                    "http://schema.org/PhotographAction",
                    "http://schema.org/ReserveAction",
                    "http://schema.org/SearchAction",
                    "http://schema.org/ViewAction",
                    "http://schema.org/WantAction",
                    "http://schema.org/WatchAction",
                    "http://service.weibo.com/share/mobilesdk.php",
                    "http://service.weibo.com/share/mobilesdk_uppic.php",
                    "http://up.qiniu.com",
                    "http://webpresence.qq.com/getonline?Type=1&",
                    "http://widget.weibo.com/distribution/socail_comments_sdk.php",
                    "http://widget.weibo.com/relationship/followsdk.php",
                    "http://wspeed.qq.com/w.cgi",
                    "http://www.baidu",
                    "http://www.myapp.com/forward/a/45592?g_f=990935",
                    "http://www.tiaooo.com",
                    "https://",
                    "https://accounts.google.com",
                    "https://api.cn.ronghub.com",
                    "https://api.weibo.com/2",
                    "https://api.weibo.com/2/account",
                    "https://api.weibo.com/2/account/end_session.json"
                ]
            },
            "magic": "Zip archive data, at least v2.0 to extract",
            "last_analysis_stats": {
                "harmless": 0,
                "type-unsupported": 11,
                "suspicious": 0,
                "confirmed-timeout": 0,
                "timeout": 0,
                "failure": 2,
                "malicious": 2,
                "undetected": 60
            },
            "meaningful_name": "saaojE7mmivFBKay3z196jUO7Gmlb41mSVz0X9EcqsURjfD1AL2qQTRHg",
            "reputation": 0
        },
        "type": "file",
        "id": "00022026693200a257c16523a7b49268bc60aad494f8b30d89e931f31d88432a",
        "links": {
            "self": "https://www.virustotal.com/api/v3/files/00022026693200a257c16523a7b49268bc60aad494f8b30d89e931f31d88432a"
        }
    }
}