{
    "data": {
        "attributes": {
            "type_description": "Android",
            "vhash": "05c9f3b47a09766de40ca5ef79e429a1",
            "trid": [
                {
                    "file_type": "Android Package",
                    "probability": 72.9
                },
                {
                    "file_type": "Java Archive",
                    "probability": 20.1
                },
                {
                    "file_type": "ZIP compressed archive",
                    "probability": 5.5
                },
                {
                    "file_type": "PrintFox/Pagefox bitmap (var. P)",
                    "probability": 1.3
                }
            ],
            "names": [
                "0002478DAD13D60BC0F1C70B8485EA5C84CEF8EF7170F3DA5C6BBD958D646F7A.apk"
            ],
            "last_modification_date": 1549620366,
            "type_tag": "android",
            "times_submitted": 1,
            "total_votes": {
                "harmless": 0,
                "malicious": 0
            },
            "size": 86955572,
            "popular_threat_classification": {
                "suggested_threat_label": "djoy",
                "popular_threat_name": [
                    {
                        "count": 3,
                        "value": "djoy"
                    }
                ]
            },
            "last_submission_date": 1549477320,
            "last_analysis_results": {
                "Bkav": {
                    "category": "undetected",
                    "engine_name": "Bkav",
                    "engine_version": "1.3.0.9899",
                    "result": null,
                    "method": "blacklist",
                    "engine_update": "20190201"
                },
                "Lionic": {
                    "category": "undetected",
                    "engine_name": "AegisLab",
                    "engine_version": "4.2",
                    "result": null,
                    "method": "blacklist",
                    "engine_update": "20190206"
                },
                "MicroWorld-eScan": {
                    "category": "undetected",
                    "engine_name": "MicroWorld-eScan",
                    "engine_version": "14.0.297.0",
                    "result": null,
                    "method": "blacklist",
                    "engine_update": "20190206"
                },
                "CMC": {
                    "category": "undetected",
                    "engine_name": "CMC",
                    "engine_version": "1.1.0.977",
                    "result": null,
                    "method": "blacklist",
                    "engine_update": "20190206"
                },
                "CAT-QuickHeal": {
                    "category": "malicious",
                    "engine_name": "CAT-QuickHeal",
                    "engine_version": "14.00",
                    "result": "Android.Djoy.GEN8398 (PUP)",
                    "method": "blacklist",
                    "engine_update": "20190206"
                },
                "McAfee": {
                    "category": "undetected",
                    "engine_name": "McAfee",
                    "engine_version": "6.0.6.653",
                    "result": null,
                    "method": "blacklist",
                    "engine_update": "20190206"
                },
                "Malwarebytes": {
                    "category": "undetected",
                    "engine_name": "Malwarebytes",
                    "engine_version": "2.1.1.1115",
                    "result": null,
                    "method": "blacklist",
                    "engine_update": "20190206"
                },
                "VIPRE": {
                    "category": "undetected",
                    "engine_name": "VIPRE",
                    "engine_version": "72878",
                    "result": null,
                    "method": "blacklist",
                    "engine_update": "20190206"
                },
                "TheHacker": {
                    "category": "undetected",
                    "engine_name": "TheHacker",
                    "engine_version": "6.8.0.5.3996",
                    "result": null,
                    "method": "blacklist",
                    "engine_update": "20190203"
                },
                "Alibaba": {
                    "category": "undetected",
                    "engine_name": "Alibaba",
                    "engine_version": "0.1.0.2",
                    "result": null,
                    "method": "blacklist",
                    "engine_update": "20180921"
                },
                "K7GW": {
                    "category": "undetected",
                    "engine_name": "K7GW",
                    "engine_version": "11.27.29910",
                    "result": null,
                    "method": "blacklist",
                    "engine_update": "20190206"
                },
                "K7AntiVirus": {
                    "category": "undetected",
                    "engine_name": "K7AntiVirus",
                    "engine_version": "11.27.29906",
                    "result": null,
                    "method": "blacklist",
                    "engine_update": "20190206"
                },
                "Baidu": {
                    "category": "undetected",
                    "engine_name": "Baidu",
                    "engine_version": "1.0.0.2",
                    "result": null,
                    "method": "blacklist",
                    "engine_update": "20190202"
                },
                "NANO-Antivirus": {
                    "category": "undetected",
                    "engine_name": "NANO-Antivirus",
                    "engine_version": "1.0.134.24576",
                    "result": null,
                    "method": "blacklist",
                    "engine_update": "20190206"
                },
                "Cyren": {
                    "category": "undetected",
                    "engine_name": "Cyren",
                    "engine_version": "6.2.0.1",
                    "result": null,
                    "method": "blacklist",
                    "engine_update": "20190206"
                },
                "Symantec": {
                    "category": "undetected",
                    "engine_name": "Symantec",
                    "engine_version": "1.8.0.0",
                    "result": null,
                    "method": "blacklist",
                    "engine_update": "20190206"
                },
                "ESET-NOD32": {
                    "category": "malicious",
                    "engine_name": "ESET-NOD32",
                    "engine_version": "18831",
                    "result": "a variant of Android/AdDisplay.Djoy.A potentially unwanted",
                    "method": "blacklist",
                    "engine_update": "20190206"
                },
                "TrendMicro-HouseCall": {
                    "category": "undetected",
                    "engine_name": "TrendMicro-HouseCall",
                    "engine_version": "10.0.0.1040",
                    "result": null,
                    "method": "blacklist",
                    "engine_update": "20190206"
                },
                "Avast": {
                    "category": "undetected",
                    "engine_name": "Avast",
                    "engine_version": "18.4.3895.0",
                    "result": null,
                    "method": "blacklist",
                    "engine_update": "20190206"
                },
                "ClamAV": {
                    "category": "undetected",
                    "engine_name": "ClamAV",
                    "engine_version": "0.101.1.0",
                    "result": null,
                    "method": "blacklist",
                    "engine_update": "20190206"
                },
                "BitDefender": {
                    "category": "undetected",
                    "engine_name": "BitDefender",
                    "engine_version": "7.2",
                    "result": null,
                    "method": "blacklist",
                    "engine_update": "20190206"
                },
                "Babable": {
                    "category": "undetected",
                    "engine_name": "Babable",
                    "engine_version": "9107201",
                    "result": null,
                    "method": "blacklist",
                    "engine_update": "20180918"
                },
                "SUPERAntiSpyware": {
                    "category": "undetected",
                    "engine_name": "SUPERAntiSpyware",
                    "engine_version": "5.6.0.1032",
                    "result": null,
                    "method": "blacklist",
                    "engine_update": "20190130"
                },
                "Tencent": {
                    "category": "undetected",
                    "engine_name": "Tencent",
                    "engine_version": "1.0.0.1",
                    "result": null,
                    "method": "blacklist",
                    "engine_update": "20190206"
                },
                "Ad-Aware": {
                    "category": "undetected",
                    "engine_name": "Ad-Aware",
                    "engine_version": "3.0.5.370",
                    "result": null,
                    "method": "blacklist",
                    "engine_update": "20190206"
                },
                "Trustlook": {
                    "category": "undetected",
                    "engine_name": "Trustlook",
                    "engine_version": "1.0",
                    "result": null,
                    "method": "blacklist",
                    "engine_update": "20190206"
                },
                "Emsisoft": {
                    "category": "undetected",
                    "engine_name": "Emsisoft",
                    "engine_version": "2018.4.0.1029",
                    "result": null,
                    "method": "blacklist",
                    "engine_update": "20190206"
                },
                "Comodo": {
                    "category": "undetected",
                    "engine_name": "Comodo",
                    "engine_version": "30389",
                    "result": null,
                    "method": "blacklist",
                    "engine_update": "20190206"
                },
                "F-Secure": {
                    "category": "undetected",
                    "engine_name": "F-Secure",
                    "engine_version": "12.0.86.52",
                    "result": null,
                    "method": "blacklist",
                    "engine_update": "20190206"
                },
                "DrWeb": {
                    "category": "undetected",
                    "engine_name": "DrWeb",
                    "engine_version": "7.0.34.11020",
                    "result": null,
                    "method": "blacklist",
                    "engine_update": "20190206"
                },
                "Zillya": {
                    "category": "undetected",
                    "engine_name": "Zillya",
                    "engine_version": "2.0.0.3748",
                    "result": null,
                    "method": "blacklist",
                    "engine_update": "20190206"
                },
                "Invincea": {
                    "category": "type-unsupported",
                    "engine_name": "Invincea",
                    "engine_version": "6.3.6.26157",
                    "result": null,
                    "method": "blacklist",
                    "engine_update": "20181128"
                },
                "McAfee-GW-Edition": {
                    "category": "undetected",
                    "engine_name": "McAfee-GW-Edition",
                    "engine_version": "v2017.3010",
                    "result": null,
                    "method": "blacklist",
                    "engine_update": "20190206"
                },
                "Fortinet": {
                    "category": "undetected",
                    "engine_name": "Fortinet",
                    "engine_version": "5.4.247.0",
                    "result": null,
                    "method": "blacklist",
                    "engine_update": "20190206"
                },
                "Trapmine": {
                    "category": "type-unsupported",
                    "engine_name": "Trapmine",
                    "engine_version": "3.1.40.719",
                    "result": null,
                    "method": "blacklist",
                    "engine_update": "20190123"
                },
                "Sophos": {
                    "category": "undetected",
                    "engine_name": "Sophos",
                    "engine_version": "4.98.0",
                    "result": null,
                    "method": "blacklist",
                    "engine_update": "20190206"
                },
                "Paloalto": {
                    "category": "type-unsupported",
                    "engine_name": "Paloalto",
                    "engine_version": "1.0",
                    "result": null,
                    "method": "blacklist",
                    "engine_update": "20190206"
                },
                "F-Prot": {
                    "category": "undetected",
                    "engine_name": "F-Prot",
                    "engine_version": "4.7.1.166",
                    "result": null,
                    "method": "blacklist",
                    "engine_update": "20190206"
                },
                "Jiangmin": {
                    "category": "undetected",
                    "engine_name": "Jiangmin",
                    "engine_version": "16.0.100",
                    "result": null,
                    "method": "blacklist",
                    "engine_update": "20190206"
                },
                "Webroot": {
                    "category": "type-unsupported",
                    "engine_name": "Webroot",
                    "engine_version": "1.0.0.403",
                    "result": null,
                    "method": "blacklist",
                    "engine_update": "20190206"
                },
                "Avira": {
                    "category": "undetected",
                    "engine_name": "Avira",
                    "engine_version": "8.3.3.8",
                    "result": null,
                    "method": "blacklist",
                    "engine_update": "20190206"
                },
                "MAX": {
                    "category": "undetected",
                    "engine_name": "MAX",
                    "engine_version": "2018.9.12.1",
                    "result": null,
                    "method": "blacklist",
                    "engine_update": "20190206"
                },
                "Antiy-AVL": {
                    "category": "undetected",
                    "engine_name": "Antiy-AVL",
                    "engine_version": "3.0.0.1",
                    "result": null,
                    "method": "blacklist",
                    "engine_update": "20190206"
                },
                "Kingsoft": {
                    "category": "undetected",
                    "engine_name": "Kingsoft",
                    "engine_version": "2013.8.14.323",
                    "result": null,
                    "method": "blacklist",
                    "engine_update": "20190206"
                },
                "Endgame": {
                    "category": "type-unsupported",
                    "engine_name": "Endgame",
                    "engine_version": "3.0.2",
                    "result": null,
                    "method": "blacklist",
                    "engine_update": "20181108"
                },
                "Arcabit": {
                    "category": "undetected",
                    "engine_name": "Arcabit",
                    "engine_version": "1.0.0.837",
                    "result": null,
                    "method": "blacklist",
                    "engine_update": "20190206"
                },
                "ViRobot": {
                    "category": "undetected",
                    "engine_name": "ViRobot",
                    "engine_version": "2014.3.20.0",
                    "result": null,
                    "method": "blacklist",
                    "engine_update": "20190206"
                },
                "ZoneAlarm": {
                    "category": "undetected",
                    "engine_name": "ZoneAlarm",
                    "engine_version": "1.0",
                    "result": null,
                    "method": "blacklist",
                    "engine_update": "20190206"
                },
                "Avast-Mobile": {
                    "category": "undetected",
                    "engine_name": "Avast-Mobile",
                    "engine_version": "190206-02",
                    "result": null,
                    "method": "blacklist",
                    "engine_update": "20190206"
                },
                "Microsoft": {
                    "category": "undetected",
                    "engine_name": "Microsoft",
                    "engine_version": "1.1.15600.4",
                    "result": null,
                    "method": "blacklist",
                    "engine_update": "20190206"
                },
                "SentinelOne": {
                    "category": "type-unsupported",
                    "engine_name": "SentinelOne",
                    "engine_version": "1.0.23.276",
                    "result": null,
                    "method": "blacklist",
                    "engine_update": "20190203"
                },
                "AhnLab-V3": {
                    "category": "undetected",
                    "engine_name": "AhnLab-V3",
                    "engine_version": "3.14.1.22785",
                    "result": null,
                    "method": "blacklist",
                    "engine_update": "20190206"
                },
                "Acronis": {
                    "category": "type-unsupported",
                    "engine_name": "Acronis",
                    "engine_version": "1.0.1.40",
                    "result": null,
                    "method": "blacklist",
                    "engine_update": "20190130"
                },
                "ALYac": {
                    "category": "undetected",
                    "engine_name": "ALYac",
                    "engine_version": "1.1.1.5",
                    "result": null,
                    "method": "blacklist",
                    "engine_update": "20190206"
                },
                "TACHYON": {
                    "category": "undetected",
                    "engine_name": "TACHYON",
                    "engine_version": "2019-02-06.02",
                    "result": null,
                    "method": "blacklist",
                    "engine_update": "20190206"
                },
                "VBA32": {
                    "category": "undetected",
                    "engine_name": "VBA32",
                    "engine_version": "3.35.1",
                    "result": null,
                    "method": "blacklist",
                    "engine_update": "20190206"
                },
                "Zoner": {
                    "category": "undetected",
                    "engine_name": "Zoner",
                    "engine_version": "1.0",
                    "result": null,
                    "method": "blacklist",
                    "engine_update": "20190206"
                },
                "Rising": {
                    "category": "undetected",
                    "engine_name": "Rising",
                    "engine_version": "25.0.0.24",
                    "result": null,
                    "method": "blacklist",
                    "engine_update": "20190206"
                },
                "Yandex": {
                    "category": "undetected",
                    "engine_name": "Yandex",
                    "engine_version": "5.5.1.3",
                    "result": null,
                    "method": "blacklist",
                    "engine_update": "20190206"
                },
                "Ikarus": {
                    "category": "malicious",
                    "engine_name": "Ikarus",
                    "engine_version": "0.1.5.2",
                    "result": "PUA.AndroidOS.Djoy",
                    "method": "blacklist",
                    "engine_update": "20190206"
                },
                "eGambit": {
                    "category": "type-unsupported",
                    "engine_name": "eGambit",
                    "engine_version": "v4.3.5",
                    "result": null,
                    "method": "blacklist",
                    "engine_update": "20190206"
                },
                "GData": {
                    "category": "undetected",
                    "engine_name": "GData",
                    "engine_version": "A:25.20518B:25.14321",
                    "result": null,
                    "method": "blacklist",
                    "engine_update": "20190206"
                },
                "AVG": {
                    "category": "undetected",
                    "engine_name": "AVG",
                    "engine_version": "18.4.3895.0",
                    "result": null,
                    "method": "blacklist",
                    "engine_update": "20190206"
                },
                "Cybereason": {
                    "category": "type-unsupported",
                    "engine_name": "Cybereason",
                    "engine_version": "1.2.27",
                    "result": null,
                    "method": "blacklist",
                    "engine_update": "20190109"
                },
                "Panda": {
                    "category": "undetected",
                    "engine_name": "Panda",
                    "engine_version": "4.6.4.2",
                    "result": null,
                    "method": "blacklist",
                    "engine_update": "20190206"
                },
                "CrowdStrike": {
                    "category": "type-unsupported",
                    "engine_name": "CrowdStrike",
                    "engine_version": "1.0",
                    "result": null,
                    "method": "blacklist",
                    "engine_update": "20181023"
                },
                "Qihoo-360": {
                    "category": "undetected",
                    "engine_name": "Qihoo-360",
                    "engine_version": "1.0.0.1120",
                    "result": null,
                    "method": "blacklist",
                    "engine_update": "20190206"
                }
            },
            "sha256": "0002478dad13d60bc0f1c70b8485ea5c84cef8ef7170f3da5c6bbd958d646f7a",
            "type_extension": "apk",
            "tags": [
                "apk",
                "android",
                "contains-elf"
            ],
            "last_analysis_date": 1549477320,
            "unique_sources": 1,
            "first_submission_date": 1549477320,
            "sha1": "e3e5e3242e0cb8ee9c6de25cc79afb68be563080",
            "ssdeep": "1572864:Rf8cB4qgyTyCBzuG0cFyrMVfCeKYBm3iKcnFfinW5JuTo1J:Cc6qlzuGZnfabiKceA1J",
            "bundle_info": {
                "highest_datetime": "2012-07-11 11:35:02",
                "lowest_datetime": "2011-11-26 21:48:30",
                "num_children": 98,
                "extensions": {
                    "xml": 14,
                    "dex": 1,
                    "MF": 1,
                    "zip": 1,
                    "mc": 1,
                    "RSA": 1,
                    "jpg": 12,
                    "so": 2,
                    "txt": 5,
                    "SF": 1,
                    "png": 58
                },
                "file_types": {
                    "XML": 14,
                    "DEX": 1,
                    "ZIP": 2,
                    "unknown": 9,
                    "ELF": 2,
                    "JPG": 12,
                    "PNG": 58
                },
                "type": "APK",
                "uncompressed_size": 90387158
            },
            "md5": "8a9a63bdcf5d6c6f509ef6c0171da4aa",
            "androguard": {
                "Activities": [
                    "lsh.mslug6.Home",
                    "com.seleuco.mame4droid.MAME4droid",
                    "com.seleuco.mame4droid.prefs.UserPreferences",
                    "com.seleuco.mame4droid.HelpActivity",
                    "com.seleuco.mame4droid.prefs.DefineKeys",
                    "com.seleuco.mame4droid.prefs.ListKeys",
                    "lsh.mslug6.prefs.KeySelect",
                    "cn.domob.android.ads.DomobActivity",
                    "com.vpon.adon.android.WebInApp",
                    "com.mt.airad.MultiAD"
                ],
                "AndroidVersionCode": "3",
                "main_activity": "lsh.mslug6.Home",
                "certificate": {
                    "Subject": {
                        "DN": "CN:\u6881\u6570",
                        "CN": "\u6881\u6570"
                    },
                    "validto": "03:58 AM 12/06/2060",
                    "serialnumber": "4d0d82fa",
                    "thumbprint": "dd701934deddba1573f6b6bb6864d1219501d458",
                    "validfrom": "03:58 AM 12/19/2010",
                    "Issuer": {
                        "DN": "CN:\u6881\u6570",
                        "CN": "\u6881\u6570"
                    }
                },
                "VTAndroidInfo": 1.41,
                "Package": "lsh.mslug6",
                "intent_filters": {
                    "Services": {},
                    "Activities": {
                        "lsh.mslug6.Home": {
                            "action": [
                                "android.intent.action.MAIN"
                            ],
                            "category": [
                                "android.intent.category.LAUNCHER"
                            ]
                        }
                    },
                    "Receivers": {}
                },
                "AndroidApplication": 1,
                "permission_details": {
                    "android.permission.ACCESS_FINE_LOCATION": {
                        "short_description": "fine (GPS) location",
                        "full_description": "Access fine location sources, such as the Global Positioning System on the phone, where available. Malicious applications can use this to determine where you are and may consume additional battery power.",
                        "permission_type": "dangerous"
                    },
                    "android.permission.VIBRATE": {
                        "short_description": "control vibrator",
                        "full_description": "Allows the application to control the vibrator.",
                        "permission_type": "normal"
                    },
                    "android.permission.READ_PHONE_STATE": {
                        "short_description": "read phone state and identity",
                        "full_description": "Allows the application to access the phone features of the device. An application with this permission can determine the phone number and serial number of this phone, whether a call is active, the number that call is connected to and so on.",
                        "permission_type": "dangerous"
                    },
                    "android.permission.ACCESS_WIFI_STATE": {
                        "short_description": "view Wi-Fi status",
                        "full_description": "Allows an application to view the information about the status of Wi-Fi.",
                        "permission_type": "normal"
                    },
                    "android.permission.ACCESS_COARSE_LOCATION": {
                        "short_description": "coarse (network-based) location",
                        "full_description": "Access coarse location sources, such as the mobile network database, to determine an approximate phone location, where available. Malicious applications can use this to determine approximately where you are.",
                        "permission_type": "dangerous"
                    },
                    "android.permission.ACCESS_NETWORK_STATE": {
                        "short_description": "view network status",
                        "full_description": "Allows an application to view the status of all networks.",
                        "permission_type": "normal"
                    },
                    "android.permission.INTERNET": {
                        "short_description": "full Internet access",
                        "full_description": "Allows an application to create network sockets.",
                        "permission_type": "dangerous"
                    },
                    "android.permission.WRITE_EXTERNAL_STORAGE": {
                        "short_description": "modify/delete SD card contents",
                        "full_description": "Allows an application to write to the SD card.",
                        "permission_type": "dangerous"
                    }
                },
                "SourceFile": "r:\\sav6\\work_channel0_26\\45169078",
                "StringsInformation": [
                    "http://",
                    "http://djoy-dev.91.com",
                    "http://maps.google.com/maps?q=",
                    "http://schemas.android.com/apk/res/android",
                    "http://youxixiaozhi163.blog.163.com/blog/static/199612036201231792835433/"
                ],
                "AndroidApplicationError": false,
                "AndroidVersionName": "1.0.1",
                "RiskIndicator": {
                    "APK": {
                        "DEX": 1,
                        "SHARED LIBRARIES": 2,
                        "ZIP": 2
                    },
                    "PERM": {
                        "DANGEROUS": 1,
                        "NORMAL": 3,
                        "INTERNET": 1,
                        "PRIVACY": 3,
                        "GPS": 2
                    }
                },
                "MinSdkVersion": "7",
                "TargetSdkVersion": "11",
                "AndroguardVersion": "3.0-dev",
                "AndroidApplicationInfo": "APK"
            },
            "magic": "Zip archive data, at least v1.0 to extract",
            "last_analysis_stats": {
                "harmless": 0,
                "type-unsupported": 10,
                "suspicious": 0,
                "confirmed-timeout": 0,
                "timeout": 0,
                "failure": 0,
                "malicious": 3,
                "undetected": 54
            },
            "meaningful_name": "0002478DAD13D60BC0F1C70B8485EA5C84CEF8EF7170F3DA5C6BBD958D646F7A.apk",
            "reputation": 0
        },
        "type": "file",
        "id": "0002478dad13d60bc0f1c70b8485ea5c84cef8ef7170f3da5c6bbd958d646f7a",
        "links": {
            "self": "https://www.virustotal.com/api/v3/files/0002478dad13d60bc0f1c70b8485ea5c84cef8ef7170f3da5c6bbd958d646f7a"
        }
    }
}