{
    "data": {
        "attributes": {
            "type_description": "Android",
            "tlsh": "T16916330CB9CF7950D56B6E3B6D88F59619BD42401221C8FB206CC1FDA99EE241B43E6B",
            "vhash": "a572366b5ad8653ccdd869eec3b9222f",
            "trid": [
                {
                    "file_type": "Android Package",
                    "probability": 38.6
                },
                {
                    "file_type": "Power BI desktop Visual data",
                    "probability": 21.6
                },
                {
                    "file_type": "Opera Widget",
                    "probability": 14.0
                },
                {
                    "file_type": "Java Archive",
                    "probability": 13.5
                },
                {
                    "file_type": "Mozilla Archive Format (gen)",
                    "probability": 7.0
                }
            ],
            "names": [
                "com.psfpukm.app.apk"
            ],
            "last_modification_date": 1622559709,
            "type_tag": "android",
            "times_submitted": 3,
            "total_votes": {
                "harmless": 0,
                "malicious": 0
            },
            "size": 4081361,
            "type_extension": "apk",
            "last_submission_date": 1602346162,
            "last_analysis_results": {
                "Bkav": {
                    "category": "undetected",
                    "engine_name": "Bkav",
                    "engine_version": "1.3.0.9899",
                    "result": null,
                    "method": "blacklist",
                    "engine_update": "20210531"
                },
                "Lionic": {
                    "category": "undetected",
                    "engine_name": "AegisLab",
                    "engine_version": "4.2",
                    "result": null,
                    "method": "blacklist",
                    "engine_update": "20210601"
                },
                "Elastic": {
                    "category": "type-unsupported",
                    "engine_name": "Elastic",
                    "engine_version": "4.0.22",
                    "result": null,
                    "method": "blacklist",
                    "engine_update": "20210524"
                },
                "MicroWorld-eScan": {
                    "category": "undetected",
                    "engine_name": "MicroWorld-eScan",
                    "engine_version": "14.0.409.0",
                    "result": null,
                    "method": "blacklist",
                    "engine_update": "20210601"
                },
                "FireEye": {
                    "category": "undetected",
                    "engine_name": "FireEye",
                    "engine_version": "32.44.1.0",
                    "result": null,
                    "method": "blacklist",
                    "engine_update": "20210601"
                },
                "CAT-QuickHeal": {
                    "category": "undetected",
                    "engine_name": "CAT-QuickHeal",
                    "engine_version": "14.00",
                    "result": null,
                    "method": "blacklist",
                    "engine_update": "20210531"
                },
                "McAfee": {
                    "category": "undetected",
                    "engine_name": "McAfee",
                    "engine_version": "6.0.6.653",
                    "result": null,
                    "method": "blacklist",
                    "engine_update": "20210601"
                },
                "Malwarebytes": {
                    "category": "undetected",
                    "engine_name": "Malwarebytes",
                    "engine_version": "4.2.2.27",
                    "result": null,
                    "method": "blacklist",
                    "engine_update": "20210601"
                },
                "VIPRE": {
                    "category": "undetected",
                    "engine_name": "VIPRE",
                    "engine_version": "92968",
                    "result": null,
                    "method": "blacklist",
                    "engine_update": "20210601"
                },
                "Paloalto": {
                    "category": "type-unsupported",
                    "engine_name": "Paloalto",
                    "engine_version": "1.0",
                    "result": null,
                    "method": "blacklist",
                    "engine_update": "20210601"
                },
                "Sangfor": {
                    "category": "failure",
                    "engine_name": "Sangfor",
                    "engine_version": "2.9.0.0",
                    "result": null,
                    "method": "blacklist",
                    "engine_update": "20210416"
                },
                "Trustlook": {
                    "category": "undetected",
                    "engine_name": "Trustlook",
                    "engine_version": "1.0",
                    "result": null,
                    "method": "blacklist",
                    "engine_update": "20210601"
                },
                "BitDefender": {
                    "category": "undetected",
                    "engine_name": "BitDefender",
                    "engine_version": "7.2",
                    "result": null,
                    "method": "blacklist",
                    "engine_update": "20210601"
                },
                "K7GW": {
                    "category": "undetected",
                    "engine_name": "K7GW",
                    "engine_version": "11.185.37311",
                    "result": null,
                    "method": "blacklist",
                    "engine_update": "20210601"
                },
                "K7AntiVirus": {
                    "category": "undetected",
                    "engine_name": "K7AntiVirus",
                    "engine_version": "11.185.37311",
                    "result": null,
                    "method": "blacklist",
                    "engine_update": "20210601"
                },
                "BitDefenderTheta": {
                    "category": "undetected",
                    "engine_name": "BitDefenderTheta",
                    "engine_version": "7.2.37796.0",
                    "result": null,
                    "method": "blacklist",
                    "engine_update": "20210525"
                },
                "Cyren": {
                    "category": "undetected",
                    "engine_name": "Cyren",
                    "engine_version": "6.3.0.2",
                    "result": null,
                    "method": "blacklist",
                    "engine_update": "20210601"
                },
                "SymantecMobileInsight": {
                    "category": "undetected",
                    "engine_name": "SymantecMobileInsight",
                    "engine_version": "2.0",
                    "result": null,
                    "method": "blacklist",
                    "engine_update": "20210126"
                },
                "Symantec": {
                    "category": "undetected",
                    "engine_name": "Symantec",
                    "engine_version": "1.14.0.0",
                    "result": null,
                    "method": "blacklist",
                    "engine_update": "20210601"
                },
                "ESET-NOD32": {
                    "category": "undetected",
                    "engine_name": "ESET-NOD32",
                    "engine_version": "23389",
                    "result": null,
                    "method": "blacklist",
                    "engine_update": "20210601"
                },
                "Baidu": {
                    "category": "undetected",
                    "engine_name": "Baidu",
                    "engine_version": "1.0.0.2",
                    "result": null,
                    "method": "blacklist",
                    "engine_update": "20190318"
                },
                "TrendMicro-HouseCall": {
                    "category": "undetected",
                    "engine_name": "TrendMicro-HouseCall",
                    "engine_version": "10.0.0.1040",
                    "result": null,
                    "method": "blacklist",
                    "engine_update": "20210601"
                },
                "Avast": {
                    "category": "undetected",
                    "engine_name": "Avast",
                    "engine_version": "21.1.5827.0",
                    "result": null,
                    "method": "blacklist",
                    "engine_update": "20210601"
                },
                "ClamAV": {
                    "category": "undetected",
                    "engine_name": "ClamAV",
                    "engine_version": "0.103.2.0",
                    "result": null,
                    "method": "blacklist",
                    "engine_update": "20210531"
                },
                "Kaspersky": {
                    "category": "undetected",
                    "engine_name": "Kaspersky",
                    "engine_version": "21.0.1.45",
                    "result": null,
                    "method": "blacklist",
                    "engine_update": "20210601"
                },
                "Alibaba": {
                    "category": "undetected",
                    "engine_name": "Alibaba",
                    "engine_version": "0.3.0.5",
                    "result": null,
                    "method": "blacklist",
                    "engine_update": "20190527"
                },
                "NANO-Antivirus": {
                    "category": "undetected",
                    "engine_name": "NANO-Antivirus",
                    "engine_version": "1.0.146.25311",
                    "result": null,
                    "method": "blacklist",
                    "engine_update": "20210531"
                },
                "ViRobot": {
                    "category": "undetected",
                    "engine_name": "ViRobot",
                    "engine_version": "2014.3.20.0",
                    "result": null,
                    "method": "blacklist",
                    "engine_update": "20210601"
                },
                "Tencent": {
                    "category": "undetected",
                    "engine_name": "Tencent",
                    "engine_version": "1.0.0.1",
                    "result": null,
                    "method": "blacklist",
                    "engine_update": "20210601"
                },
                "Ad-Aware": {
                    "category": "undetected",
                    "engine_name": "Ad-Aware",
                    "engine_version": "3.0.21.179",
                    "result": null,
                    "method": "blacklist",
                    "engine_update": "20210601"
                },
                "TACHYON": {
                    "category": "undetected",
                    "engine_name": "TACHYON",
                    "engine_version": "2021-06-01.01",
                    "result": null,
                    "method": "blacklist",
                    "engine_update": "20210601"
                },
                "Sophos": {
                    "category": "undetected",
                    "engine_name": "Sophos",
                    "engine_version": "1.0.2.0",
                    "result": null,
                    "method": "blacklist",
                    "engine_update": "20210601"
                },
                "Comodo": {
                    "category": "undetected",
                    "engine_name": "Comodo",
                    "engine_version": "33580",
                    "result": null,
                    "method": "blacklist",
                    "engine_update": "20210531"
                },
                "F-Secure": {
                    "category": "undetected",
                    "engine_name": "F-Secure",
                    "engine_version": "12.0.86.52",
                    "result": null,
                    "method": "blacklist",
                    "engine_update": "20210601"
                },
                "DrWeb": {
                    "category": "undetected",
                    "engine_name": "DrWeb",
                    "engine_version": "7.0.49.9080",
                    "result": null,
                    "method": "blacklist",
                    "engine_update": "20210601"
                },
                "Zillya": {
                    "category": "undetected",
                    "engine_name": "Zillya",
                    "engine_version": "2.0.0.4377",
                    "result": null,
                    "method": "blacklist",
                    "engine_update": "20210531"
                },
                "TrendMicro": {
                    "category": "undetected",
                    "engine_name": "TrendMicro",
                    "engine_version": "11.0.0.1006",
                    "result": null,
                    "method": "blacklist",
                    "engine_update": "20210601"
                },
                "McAfee-GW-Edition": {
                    "category": "undetected",
                    "engine_name": "McAfee-GW-Edition",
                    "engine_version": "v2019.1.2+3728",
                    "result": null,
                    "method": "blacklist",
                    "engine_update": "20210531"
                },
                "SentinelOne": {
                    "category": "type-unsupported",
                    "engine_name": "SentinelOne",
                    "engine_version": "5.1.0.5",
                    "result": null,
                    "method": "blacklist",
                    "engine_update": "20210518"
                },
                "Trapmine": {
                    "category": "type-unsupported",
                    "engine_name": "Trapmine",
                    "engine_version": "3.5.0.1023",
                    "result": null,
                    "method": "blacklist",
                    "engine_update": "20200727"
                },
                "CMC": {
                    "category": "undetected",
                    "engine_name": "CMC",
                    "engine_version": "2.10.2019.1",
                    "result": null,
                    "method": "blacklist",
                    "engine_update": "20210506"
                },
                "Emsisoft": {
                    "category": "undetected",
                    "engine_name": "Emsisoft",
                    "engine_version": "2018.12.0.1641",
                    "result": null,
                    "method": "blacklist",
                    "engine_update": "20210601"
                },
                "APEX": {
                    "category": "type-unsupported",
                    "engine_name": "APEX",
                    "engine_version": "6.169",
                    "result": null,
                    "method": "blacklist",
                    "engine_update": "20210531"
                },
                "GData": {
                    "category": "undetected",
                    "engine_name": "GData",
                    "engine_version": "A:25.29823B:27.23206",
                    "result": null,
                    "method": "blacklist",
                    "engine_update": "20210601"
                },
                "Jiangmin": {
                    "category": "undetected",
                    "engine_name": "Jiangmin",
                    "engine_version": "16.0.100",
                    "result": null,
                    "method": "blacklist",
                    "engine_update": "20210530"
                },
                "Webroot": {
                    "category": "type-unsupported",
                    "engine_name": "Webroot",
                    "engine_version": "1.0.0.403",
                    "result": null,
                    "method": "blacklist",
                    "engine_update": "20210601"
                },
                "Avira": {
                    "category": "undetected",
                    "engine_name": "Avira",
                    "engine_version": "8.3.3.12",
                    "result": null,
                    "method": "blacklist",
                    "engine_update": "20210601"
                },
                "eGambit": {
                    "category": "type-unsupported",
                    "engine_name": "eGambit",
                    "engine_version": null,
                    "result": null,
                    "method": "blacklist",
                    "engine_update": "20210601"
                },
                "Antiy-AVL": {
                    "category": "undetected",
                    "engine_name": "Antiy-AVL",
                    "engine_version": "3.0.0.1",
                    "result": null,
                    "method": "blacklist",
                    "engine_update": "20210601"
                },
                "Kingsoft": {
                    "category": "undetected",
                    "engine_name": "Kingsoft",
                    "engine_version": "2017.9.26.565",
                    "result": null,
                    "method": "blacklist",
                    "engine_update": "20210601"
                },
                "Microsoft": {
                    "category": "undetected",
                    "engine_name": "Microsoft",
                    "engine_version": "1.1.18200.4",
                    "result": null,
                    "method": "blacklist",
                    "engine_update": "20210601"
                },
                "Gridinsoft": {
                    "category": "undetected",
                    "engine_name": "Gridinsoft",
                    "engine_version": "1.0.42.134",
                    "result": null,
                    "method": "blacklist",
                    "engine_update": "20210601"
                },
                "Arcabit": {
                    "category": "undetected",
                    "engine_name": "Arcabit",
                    "engine_version": "1.0.0.886",
                    "result": null,
                    "method": "blacklist",
                    "engine_update": "20210601"
                },
                "SUPERAntiSpyware": {
                    "category": "undetected",
                    "engine_name": "SUPERAntiSpyware",
                    "engine_version": "5.6.0.1032",
                    "result": null,
                    "method": "blacklist",
                    "engine_update": "20210529"
                },
                "ZoneAlarm": {
                    "category": "undetected",
                    "engine_name": "ZoneAlarm",
                    "engine_version": "1.0",
                    "result": null,
                    "method": "blacklist",
                    "engine_update": "20210601"
                },
                "Avast-Mobile": {
                    "category": "undetected",
                    "engine_name": "Avast-Mobile",
                    "engine_version": "210531-04",
                    "result": null,
                    "method": "blacklist",
                    "engine_update": "20210531"
                },
                "Cynet": {
                    "category": "undetected",
                    "engine_name": "Cynet",
                    "engine_version": "4.0.0.27",
                    "result": null,
                    "method": "blacklist",
                    "engine_update": "20210601"
                },
                "BitDefenderFalx": {
                    "category": "undetected",
                    "engine_name": "BitDefenderFalx",
                    "engine_version": "2.0.936",
                    "result": null,
                    "method": "blacklist",
                    "engine_update": "20200916"
                },
                "AhnLab-V3": {
                    "category": "undetected",
                    "engine_name": "AhnLab-V3",
                    "engine_version": "3.20.1.10133",
                    "result": null,
                    "method": "blacklist",
                    "engine_update": "20210601"
                },
                "Acronis": {
                    "category": "type-unsupported",
                    "engine_name": "Acronis",
                    "engine_version": "1.1.1.82",
                    "result": null,
                    "method": "blacklist",
                    "engine_update": "20210512"
                },
                "VBA32": {
                    "category": "undetected",
                    "engine_name": "VBA32",
                    "engine_version": "5.0.0",
                    "result": null,
                    "method": "blacklist",
                    "engine_update": "20210531"
                },
                "ALYac": {
                    "category": "failure",
                    "engine_name": "ALYac",
                    "engine_version": "1.1.3.1",
                    "result": null,
                    "method": "blacklist",
                    "engine_update": "20210601"
                },
                "MAX": {
                    "category": "undetected",
                    "engine_name": "MAX",
                    "engine_version": "2019.9.16.1",
                    "result": null,
                    "method": "blacklist",
                    "engine_update": "20210601"
                },
                "Cylance": {
                    "category": "type-unsupported",
                    "engine_name": "Cylance",
                    "engine_version": "2.3.1.101",
                    "result": null,
                    "method": "blacklist",
                    "engine_update": "20210601"
                },
                "Zoner": {
                    "category": "undetected",
                    "engine_name": "Zoner",
                    "engine_version": "0.0.0.0",
                    "result": null,
                    "method": "blacklist",
                    "engine_update": "20210531"
                },
                "Rising": {
                    "category": "undetected",
                    "engine_name": "Rising",
                    "engine_version": "25.0.0.26",
                    "result": null,
                    "method": "blacklist",
                    "engine_update": "20210531"
                },
                "Yandex": {
                    "category": "undetected",
                    "engine_name": "Yandex",
                    "engine_version": "5.5.2.24",
                    "result": null,
                    "method": "blacklist",
                    "engine_update": "20210529"
                },
                "Ikarus": {
                    "category": "undetected",
                    "engine_name": "Ikarus",
                    "engine_version": "0.1.5.2",
                    "result": null,
                    "method": "blacklist",
                    "engine_update": "20210531"
                },
                "MaxSecure": {
                    "category": "undetected",
                    "engine_name": "MaxSecure",
                    "engine_version": "1.0.0.1",
                    "result": null,
                    "method": "blacklist",
                    "engine_update": "20210531"
                },
                "Fortinet": {
                    "category": "undetected",
                    "engine_name": "Fortinet",
                    "engine_version": "6.2.142.0",
                    "result": null,
                    "method": "blacklist",
                    "engine_update": "20210601"
                },
                "Cybereason": {
                    "category": "type-unsupported",
                    "engine_name": "Cybereason",
                    "engine_version": "1.2.449",
                    "result": null,
                    "method": "blacklist",
                    "engine_update": "20210330"
                },
                "Panda": {
                    "category": "undetected",
                    "engine_name": "Panda",
                    "engine_version": "4.6.4.2",
                    "result": null,
                    "method": "blacklist",
                    "engine_update": "20210531"
                },
                "CrowdStrike": {
                    "category": "type-unsupported",
                    "engine_name": "CrowdStrike",
                    "engine_version": "1.0",
                    "result": null,
                    "method": "blacklist",
                    "engine_update": "20210203"
                },
                "Qihoo-360": {
                    "category": "undetected",
                    "engine_name": "Qihoo-360",
                    "engine_version": "1.0.0.1120",
                    "result": null,
                    "method": "blacklist",
                    "engine_update": "20210601"
                }
            },
            "sha256": "000175fc4b21200dd8042e747b8095662934fea215f05c85fd3558f52766aaac",
            "tags": [
                "apk",
                "android",
                "reflection",
                "telephony"
            ],
            "last_analysis_date": 1622523762,
            "unique_sources": 3,
            "first_submission_date": 1512249278,
            "sha1": "72a1c2070f5091a764bc07ead5c99a2dc8891118",
            "ssdeep": "98304:uJnjhp4XsuDSmfUqP6iPXwgcmkQqzSMLQs8/8OnL:utYV60Xqzlss8/8g",
            "bundle_info": {
                "highest_datetime": "2016-06-03 00:08:58",
                "lowest_datetime": "2016-06-02 23:54:36",
                "num_children": 139,
                "extensions": {
                    "xml": 3,
                    "md": 7,
                    "MF": 1,
                    "map": 3,
                    "svg": 1,
                    "ts": 1,
                    "js": 44,
                    "dex": 1,
                    "png": 14,
                    "eot": 1,
                    "RSA": 1,
                    "ttf": 1,
                    "SF": 1,
                    "css": 4
                },
                "file_types": {
                    "XML": 3,
                    "unknown": 120,
                    "DEX": 1,
                    "JavaScript": 1,
                    "PNG": 14
                },
                "type": "APK",
                "uncompressed_size": 10026680
            },
            "packers": {
                "F-PROT": "appended, UTF-8, packed"
            },
            "md5": "1e30a227b795ce4ee2309fab3bfd9854",
            "androguard": {
                "Activities": [
                    "com.psfpukm.app.MainActivity"
                ],
                "AndroidVersionCode": "100008",
                "main_activity": "com.psfpukm.app.MainActivity",
                "certificate": {
                    "Subject": {
                        "DN": "C:Unknown, CN:Unknown, L:Unknown, O:Unknown, ST:Unknown, OU:Unknown",
                        "C": "Unknown",
                        "CN": "Unknown",
                        "L": "Unknown",
                        "O": "Unknown",
                        "ST": "Unknown",
                        "OU": "Unknown"
                    },
                    "validto": "2043-10-19 16:01:23",
                    "serialnumber": "3e5acbce",
                    "thumbprint": "fd381716b9a26249d4c97f88172add886c825eca",
                    "validfrom": "2016-06-02 16:01:23",
                    "Issuer": {
                        "DN": "C:Unknown, CN:Unknown, L:Unknown, O:Unknown, ST:Unknown, OU:Unknown",
                        "C": "Unknown",
                        "CN": "Unknown",
                        "L": "Unknown",
                        "O": "Unknown",
                        "ST": "Unknown",
                        "OU": "Unknown"
                    }
                },
                "VTAndroidInfo": 1.41,
                "Package": "com.psfpukm.app",
                "intent_filters": {
                    "Services": {},
                    "Activities": {
                        "com.psfpukm.app.MainActivity": {
                            "action": [
                                "android.intent.action.MAIN"
                            ],
                            "category": [
                                "android.intent.category.LAUNCHER"
                            ]
                        }
                    },
                    "Receivers": {}
                },
                "permission_details": {
                    "android.permission.INTERNET": {
                        "short_description": "full Internet access",
                        "full_description": "Allows an application to create network sockets.",
                        "permission_type": "dangerous"
                    }
                },
                "AndroidApplication": 1,
                "StringsInformation": [
                    "https://*/*",
                    "https://ssl.gstatic.com/accessibility/javascript/android/",
                    "http://*/*"
                ],
                "AndroidApplicationError": false,
                "AndroidVersionName": "1.0.0",
                "RiskIndicator": {
                    "APK": {
                        "DEX": 1
                    },
                    "PERM": {
                        "INTERNET": 1
                    }
                },
                "MinSdkVersion": "16",
                "TargetSdkVersion": "23",
                "AndroguardVersion": "3.0-dev",
                "AndroidApplicationInfo": "APK"
            },
            "magic": "Zip archive data, at least v2.0 to extract",
            "last_analysis_stats": {
                "harmless": 0,
                "type-unsupported": 11,
                "suspicious": 0,
                "confirmed-timeout": 0,
                "timeout": 0,
                "failure": 2,
                "malicious": 0,
                "undetected": 61
            },
            "meaningful_name": "com.psfpukm.app.apk",
            "reputation": 0
        },
        "type": "file",
        "id": "000175fc4b21200dd8042e747b8095662934fea215f05c85fd3558f52766aaac",
        "links": {
            "self": "https://www.virustotal.com/api/v3/files/000175fc4b21200dd8042e747b8095662934fea215f05c85fd3558f52766aaac"
        }
    }
}