{
    "data": {
        "attributes": {
            "type_description": "Android",
            "tlsh": "T188C50296E31CA03FC57B8533867A173626930D4989C3DB571A64B21C5EFBA804F99FC8",
            "vhash": "c2ed3a559005977270ae7c97a33e7bbb",
            "trid": [
                {
                    "file_type": "Android Package",
                    "probability": 57.0
                },
                {
                    "file_type": "Java Archive",
                    "probability": 20.0
                },
                {
                    "file_type": "Sweet Home 3D design (generic)",
                    "probability": 15.5
                },
                {
                    "file_type": "ZIP compressed archive",
                    "probability": 5.9
                },
                {
                    "file_type": "PrintFox/Pagefox bitmap (640x800)",
                    "probability": 1.4
                }
            ],
            "names": [],
            "last_modification_date": 1610357071,
            "type_tag": "android",
            "times_submitted": 1,
            "total_votes": {
                "harmless": 0,
                "malicious": 0
            },
            "size": 2724482,
            "type_extension": "apk",
            "last_submission_date": 1610349776,
            "reputation": 0,
            "sha256": "0007453753a4997046185e7da4493ca0aeeafe465630f3703b0662e2bdf37bcf",
            "tags": [
                "apk",
                "android"
            ],
            "last_analysis_date": 1610349776,
            "unique_sources": 1,
            "first_submission_date": 1610349776,
            "sha1": "c4aea9b1ce3a31961b1ccb0f1b1e51846c32f3df",
            "ssdeep": "49152:z3D0s+TfJzW6pHJh9hAR8ONTvt3buOwsEjoM/2Z1W9/K9zxp7GOcuzF416P9hfro:TglRzW6pHlhAR8ORNMsUoMOnxpzcf1Ww",
            "bundle_info": {
                "highest_datetime": "2020-12-08 20:53:00",
                "lowest_datetime": "1981-01-01 01:01:02",
                "num_children": 750,
                "extensions": {
                    "xml": 395,
                    "bin": 1,
                    "MF": 1,
                    "md": 1,
                    "RSA": 1,
                    "gz": 1,
                    "dex": 1,
                    "SF": 1,
                    "png": 249
                },
                "file_types": {
                    "XML": 395,
                    "Java Bytecode": 1,
                    "DEX": 1,
                    "PNG": 249,
                    "unknown": 104
                },
                "type": "APK",
                "uncompressed_size": 5499549
            },
            "md5": "5519e8755d6d63e77e6b3a5d6f1b3df2",
            "androguard": {
                "Activities": [
                    "me.xizzhu.android.news.article.ArticleActivity",
                    "me.xizzhu.android.news.bookmark.BookmarkActivity",
                    "me.xizzhu.android.news.channeldetail.ChannelDetailActivity",
                    "me.xizzhu.android.news.channelselection.ChannelSelectionActivity",
                    "me.xizzhu.android.news.feed.FeedActivity",
                    "me.xizzhu.android.news.launcher.LauncherActivity",
                    "me.xizzhu.android.news.setting.SettingActivity"
                ],
                "AndroidVersionCode": "702",
                "certificate": {
                    "Subject": {
                        "DN": "C:US, CN:Android, L:Mountain View, O:Google Inc., ST:California, OU:Android",
                        "C": "US",
                        "CN": "Android",
                        "L": "Mountain View",
                        "O": "Google Inc.",
                        "ST": "California",
                        "OU": "Android"
                    },
                    "validto": "2050-09-04 04:39:40",
                    "serialnumber": "fcabe55697bdeaa6533d7edb57a2e984e818ae98",
                    "thumbprint": "87d4b643f1fa93fde9a45871f69aa15152a06eb6",
                    "validfrom": "2020-09-04 04:39:40",
                    "Issuer": {
                        "DN": "C:US, CN:Android, L:Mountain View, O:Google Inc., ST:California, OU:Android",
                        "C": "US",
                        "CN": "Android",
                        "L": "Mountain View",
                        "O": "Google Inc.",
                        "ST": "California",
                        "OU": "Android"
                    }
                },
                "VTAndroidInfo": 1.41,
                "Package": "me.xizzhu.android.news",
                "intent_filters": {
                    "Services": {},
                    "Activities": {},
                    "Receivers": {
                        "androidx.work.impl.background.systemalarm.ConstraintProxy$StorageNotLowProxy": {
                            "action": [
                                "android.intent.action.DEVICE_STORAGE_LOW",
                                "android.intent.action.DEVICE_STORAGE_OK"
                            ]
                        },
                        "androidx.work.impl.background.systemalarm.ConstraintProxy$BatteryNotLowProxy": {
                            "action": [
                                "android.intent.action.BATTERY_OKAY",
                                "android.intent.action.BATTERY_LOW"
                            ]
                        },
                        "androidx.work.impl.diagnostics.DiagnosticsReceiver": {
                            "action": [
                                "androidx.work.diagnostics.REQUEST_DIAGNOSTICS"
                            ]
                        },
                        "androidx.work.impl.background.systemalarm.ConstraintProxy$NetworkStateProxy": {
                            "action": [
                                "android.net.conn.CONNECTIVITY_CHANGE"
                            ]
                        },
                        "androidx.work.impl.background.systemalarm.ConstraintProxyUpdateReceiver": {
                            "action": [
                                "androidx.work.impl.background.systemalarm.UpdateProxies"
                            ]
                        },
                        "androidx.work.impl.background.systemalarm.ConstraintProxy$BatteryChargingProxy": {
                            "action": [
                                "android.intent.action.ACTION_POWER_CONNECTED",
                                "android.intent.action.ACTION_POWER_DISCONNECTED"
                            ]
                        },
                        "androidx.work.impl.background.systemalarm.RescheduleReceiver": {
                            "action": [
                                "android.intent.action.BOOT_COMPLETED",
                                "android.intent.action.TIME_SET",
                                "android.intent.action.TIMEZONE_CHANGED"
                            ]
                        }
                    }
                },
                "permission_details": {
                    "android.permission.RECEIVE_BOOT_COMPLETED": {
                        "short_description": "automatically start at boot",
                        "full_description": "Allows an application to start itself as soon as the system has finished booting. This can make it take longer to start the phone and allow the application to slow down the overall phone by always running.",
                        "permission_type": "normal"
                    },
                    "android.permission.ACCESS_NETWORK_STATE": {
                        "short_description": "view network status",
                        "full_description": "Allows an application to view the status of all networks.",
                        "permission_type": "normal"
                    },
                    "android.permission.WAKE_LOCK": {
                        "short_description": "prevent phone from sleeping",
                        "full_description": "Allows an application to prevent the phone from going to sleep.",
                        "permission_type": "normal"
                    },
                    "android.permission.FOREGROUND_SERVICE": {
                        "short_description": "Unknown permission from android reference",
                        "full_description": "Unknown permission from android reference",
                        "permission_type": "normal"
                    },
                    "android.permission.QUERY_ALL_PACKAGES": {
                        "short_description": "Unknown permission from android reference",
                        "full_description": "Unknown permission from android reference",
                        "permission_type": "normal"
                    },
                    "android.permission.INTERNET": {
                        "short_description": "full Internet access",
                        "full_description": "Allows an application to create network sockets.",
                        "permission_type": "dangerous"
                    },
                    "com.google.android.finsky.permission.BIND_GET_INSTALL_REFERRER_SERVICE": {
                        "short_description": "Unknown permission from android reference",
                        "full_description": "Unknown permission from android reference",
                        "permission_type": "normal"
                    }
                },
                "AndroidApplication": 1,
                "StringsInformation": [
                    "http://schemas.android.com/apk/res-auto",
                    "http://schemas.android.com/apk/res/android",
                    "https://%s/%s/%s",
                    "https://app-measurement.com/a",
                    "https://conservative-news-1aa5b.appspot.com",
                    "https://firebase-settings.crashlytics.com/spi/v2/platforms/android/gmp/%s/settings",
                    "https://google.com/search?",
                    "https://pagead2.googlesyndication.com/pagead/gen_204?id=gmob-apps",
                    "https://reports.crashlytics.com/sdk-api/v1/platforms/android/apps/%s/minidumps",
                    "https://reports.crashlytics.com/spi/v1/platforms/android/apps/%s/reports",
                    "https://update.crashlytics.com/spi/v1/platforms/android/apps",
                    "https://update.crashlytics.com/spi/v1/platforms/android/apps/%s",
                    "https://www.google.com",
                    "https://www.googleadservices.com/pagead/conversion/app/deeplink?id_type=adid&sdk_version=%s&rdid=%s&bundleid=%s&retry=%s"
                ],
                "AndroidApplicationError": false,
                "Providers": [
                    "com.google.firebase.provider.FirebaseInitProvider"
                ],
                "AndroidVersionName": "0.7.2 (2020-12-08)",
                "RiskIndicator": {
                    "APK": {
                        "DEX": 1
                    },
                    "PERM": {
                        "NORMAL": 3,
                        "INTERNET": 1
                    }
                },
                "Services": [
                    "com.google.firebase.components.ComponentDiscoveryService",
                    "androidx.work.impl.background.systemalarm.SystemAlarmService",
                    "androidx.work.impl.background.systemjob.SystemJobService",
                    "androidx.work.impl.foreground.SystemForegroundService",
                    "com.google.android.gms.measurement.AppMeasurementService",
                    "com.google.android.gms.measurement.AppMeasurementJobService",
                    "com.google.android.datatransport.runtime.backends.TransportBackendDiscovery",
                    "com.google.android.datatransport.runtime.scheduling.jobscheduling.JobInfoSchedulerService",
                    "androidx.room.MultiInstanceInvalidationService"
                ],
                "MinSdkVersion": "21",
                "TargetSdkVersion": "30",
                "Receivers": [
                    "androidx.work.impl.utils.ForceStopRunnable$BroadcastReceiver",
                    "androidx.work.impl.background.systemalarm.ConstraintProxy$BatteryChargingProxy",
                    "androidx.work.impl.background.systemalarm.ConstraintProxy$BatteryNotLowProxy",
                    "androidx.work.impl.background.systemalarm.ConstraintProxy$StorageNotLowProxy",
                    "androidx.work.impl.background.systemalarm.ConstraintProxy$NetworkStateProxy",
                    "androidx.work.impl.background.systemalarm.RescheduleReceiver",
                    "androidx.work.impl.background.systemalarm.ConstraintProxyUpdateReceiver",
                    "androidx.work.impl.diagnostics.DiagnosticsReceiver",
                    "com.google.android.gms.measurement.AppMeasurementReceiver",
                    "com.google.android.datatransport.runtime.scheduling.jobscheduling.AlarmManagerSchedulerBroadcastReceiver"
                ],
                "AndroguardVersion": "3.0-dev",
                "AndroidApplicationInfo": "APK"
            },
            "magic": "Zip archive data, at least v2.0 to extract",
            "last_analysis_stats": {
                "harmless": 0,
                "type-unsupported": 11,
                "suspicious": 0,
                "confirmed-timeout": 0,
                "timeout": 0,
                "failure": 1,
                "malicious": 1,
                "undetected": 63
            },
            "last_analysis_results": {
                "Bkav": {
                    "category": "undetected",
                    "engine_name": "Bkav",
                    "engine_version": "1.3.0.9899",
                    "result": null,
                    "method": "blacklist",
                    "engine_update": "20210109"
                },
                "Lionic": {
                    "category": "undetected",
                    "engine_name": "AegisLab",
                    "engine_version": "4.2",
                    "result": null,
                    "method": "blacklist",
                    "engine_update": "20210111"
                },
                "Elastic": {
                    "category": "type-unsupported",
                    "engine_name": "Elastic",
                    "engine_version": "4.0.15",
                    "result": null,
                    "method": "blacklist",
                    "engine_update": "20210107"
                },
                "MicroWorld-eScan": {
                    "category": "undetected",
                    "engine_name": "MicroWorld-eScan",
                    "engine_version": "14.0.409.0",
                    "result": null,
                    "method": "blacklist",
                    "engine_update": "20210111"
                },
                "FireEye": {
                    "category": "undetected",
                    "engine_name": "FireEye",
                    "engine_version": "32.36.1.0",
                    "result": null,
                    "method": "blacklist",
                    "engine_update": "20210111"
                },
                "CAT-QuickHeal": {
                    "category": "undetected",
                    "engine_name": "CAT-QuickHeal",
                    "engine_version": "14.00",
                    "result": null,
                    "method": "blacklist",
                    "engine_update": "20210110"
                },
                "McAfee": {
                    "category": "undetected",
                    "engine_name": "McAfee",
                    "engine_version": "6.0.6.653",
                    "result": null,
                    "method": "blacklist",
                    "engine_update": "20210111"
                },
                "Malwarebytes": {
                    "category": "undetected",
                    "engine_name": "Malwarebytes",
                    "engine_version": "3.6.4.335",
                    "result": null,
                    "method": "blacklist",
                    "engine_update": "20210111"
                },
                "Zillya": {
                    "category": "undetected",
                    "engine_name": "Zillya",
                    "engine_version": "2.0.0.4265",
                    "result": null,
                    "method": "blacklist",
                    "engine_update": "20210110"
                },
                "Sangfor": {
                    "category": "undetected",
                    "engine_name": "Sangfor",
                    "engine_version": "1.0",
                    "result": null,
                    "method": "blacklist",
                    "engine_update": "20210108"
                },
                "Trustlook": {
                    "category": "malicious",
                    "engine_name": "Trustlook",
                    "engine_version": "1.0",
                    "result": "Android.Malware.General (score:8)",
                    "method": "blacklist",
                    "engine_update": "20210111"
                },
                "Alibaba": {
                    "category": "undetected",
                    "engine_name": "Alibaba",
                    "engine_version": "0.3.0.5",
                    "result": null,
                    "method": "blacklist",
                    "engine_update": "20190527"
                },
                "K7GW": {
                    "category": "undetected",
                    "engine_name": "K7GW",
                    "engine_version": "11.159.36167",
                    "result": null,
                    "method": "blacklist",
                    "engine_update": "20210111"
                },
                "K7AntiVirus": {
                    "category": "undetected",
                    "engine_name": "K7AntiVirus",
                    "engine_version": "11.159.36168",
                    "result": null,
                    "method": "blacklist",
                    "engine_update": "20210111"
                },
                "Arcabit": {
                    "category": "undetected",
                    "engine_name": "Arcabit",
                    "engine_version": "1.0.0.881",
                    "result": null,
                    "method": "blacklist",
                    "engine_update": "20210111"
                },
                "Baidu": {
                    "category": "undetected",
                    "engine_name": "Baidu",
                    "engine_version": "1.0.0.2",
                    "result": null,
                    "method": "blacklist",
                    "engine_update": "20190318"
                },
                "Cyren": {
                    "category": "undetected",
                    "engine_name": "Cyren",
                    "engine_version": "6.3.0.2",
                    "result": null,
                    "method": "blacklist",
                    "engine_update": "20210111"
                },
                "SymantecMobileInsight": {
                    "category": "failure",
                    "engine_name": "SymantecMobileInsight",
                    "engine_version": "2.0",
                    "result": null,
                    "method": "blacklist",
                    "engine_update": "20200813"
                },
                "Symantec": {
                    "category": "undetected",
                    "engine_name": "Symantec",
                    "engine_version": "1.13.0.0",
                    "result": null,
                    "method": "blacklist",
                    "engine_update": "20210110"
                },
                "ESET-NOD32": {
                    "category": "undetected",
                    "engine_name": "ESET-NOD32",
                    "engine_version": "22624",
                    "result": null,
                    "method": "blacklist",
                    "engine_update": "20210111"
                },
                "APEX": {
                    "category": "type-unsupported",
                    "engine_name": "APEX",
                    "engine_version": "6.119",
                    "result": null,
                    "method": "blacklist",
                    "engine_update": "20210110"
                },
                "TrendMicro-HouseCall": {
                    "category": "undetected",
                    "engine_name": "TrendMicro-HouseCall",
                    "engine_version": "10.0.0.1040",
                    "result": null,
                    "method": "blacklist",
                    "engine_update": "20210111"
                },
                "Avast": {
                    "category": "undetected",
                    "engine_name": "Avast",
                    "engine_version": "21.1.5827.0",
                    "result": null,
                    "method": "blacklist",
                    "engine_update": "20210111"
                },
                "ClamAV": {
                    "category": "undetected",
                    "engine_name": "ClamAV",
                    "engine_version": "0.102.3.0",
                    "result": null,
                    "method": "blacklist",
                    "engine_update": "20210110"
                },
                "Kaspersky": {
                    "category": "undetected",
                    "engine_name": "Kaspersky",
                    "engine_version": "15.0.1.13",
                    "result": null,
                    "method": "blacklist",
                    "engine_update": "20210111"
                },
                "BitDefender": {
                    "category": "undetected",
                    "engine_name": "BitDefender",
                    "engine_version": "7.2",
                    "result": null,
                    "method": "blacklist",
                    "engine_update": "20210111"
                },
                "NANO-Antivirus": {
                    "category": "undetected",
                    "engine_name": "NANO-Antivirus",
                    "engine_version": "1.0.146.25255",
                    "result": null,
                    "method": "blacklist",
                    "engine_update": "20210110"
                },
                "ViRobot": {
                    "category": "undetected",
                    "engine_name": "ViRobot",
                    "engine_version": "2014.3.20.0",
                    "result": null,
                    "method": "blacklist",
                    "engine_update": "20210111"
                },
                "Rising": {
                    "category": "undetected",
                    "engine_name": "Rising",
                    "engine_version": "25.0.0.26",
                    "result": null,
                    "method": "blacklist",
                    "engine_update": "20210111"
                },
                "Ad-Aware": {
                    "category": "undetected",
                    "engine_name": "Ad-Aware",
                    "engine_version": "3.0.16.117",
                    "result": null,
                    "method": "blacklist",
                    "engine_update": "20210111"
                },
                "TACHYON": {
                    "category": "undetected",
                    "engine_name": "TACHYON",
                    "engine_version": "2021-01-10.02",
                    "result": null,
                    "method": "blacklist",
                    "engine_update": "20210111"
                },
                "Sophos": {
                    "category": "undetected",
                    "engine_name": "Sophos",
                    "engine_version": "1.0.2.0",
                    "result": null,
                    "method": "blacklist",
                    "engine_update": "20210110"
                },
                "Comodo": {
                    "category": "undetected",
                    "engine_name": "Comodo",
                    "engine_version": "33161",
                    "result": null,
                    "method": "blacklist",
                    "engine_update": "20210111"
                },
                "F-Secure": {
                    "category": "undetected",
                    "engine_name": "F-Secure",
                    "engine_version": "12.0.86.52",
                    "result": null,
                    "method": "blacklist",
                    "engine_update": "20210109"
                },
                "DrWeb": {
                    "category": "undetected",
                    "engine_name": "DrWeb",
                    "engine_version": "7.0.49.9080",
                    "result": null,
                    "method": "blacklist",
                    "engine_update": "20210111"
                },
                "VIPRE": {
                    "category": "undetected",
                    "engine_name": "VIPRE",
                    "engine_version": "89586",
                    "result": null,
                    "method": "blacklist",
                    "engine_update": "20210111"
                },
                "TrendMicro": {
                    "category": "undetected",
                    "engine_name": "TrendMicro",
                    "engine_version": "11.0.0.1006",
                    "result": null,
                    "method": "blacklist",
                    "engine_update": "20210111"
                },
                "McAfee-GW-Edition": {
                    "category": "undetected",
                    "engine_name": "McAfee-GW-Edition",
                    "engine_version": "v2019.1.2+3728",
                    "result": null,
                    "method": "blacklist",
                    "engine_update": "20210110"
                },
                "SentinelOne": {
                    "category": "type-unsupported",
                    "engine_name": "SentinelOne",
                    "engine_version": "4.7.0.66",
                    "result": null,
                    "method": "blacklist",
                    "engine_update": "20201222"
                },
                "Trapmine": {
                    "category": "type-unsupported",
                    "engine_name": "Trapmine",
                    "engine_version": "3.5.0.1023",
                    "result": null,
                    "method": "blacklist",
                    "engine_update": "20200727"
                },
                "CMC": {
                    "category": "undetected",
                    "engine_name": "CMC",
                    "engine_version": "2.10.2019.1",
                    "result": null,
                    "method": "blacklist",
                    "engine_update": "20210110"
                },
                "Emsisoft": {
                    "category": "undetected",
                    "engine_name": "Emsisoft",
                    "engine_version": "2018.12.0.1641",
                    "result": null,
                    "method": "blacklist",
                    "engine_update": "20210111"
                },
                "Paloalto": {
                    "category": "type-unsupported",
                    "engine_name": "Paloalto",
                    "engine_version": "1.0",
                    "result": null,
                    "method": "blacklist",
                    "engine_update": "20210111"
                },
                "Avast-Mobile": {
                    "category": "undetected",
                    "engine_name": "Avast-Mobile",
                    "engine_version": "210110-02",
                    "result": null,
                    "method": "blacklist",
                    "engine_update": "20210110"
                },
                "Jiangmin": {
                    "category": "undetected",
                    "engine_name": "Jiangmin",
                    "engine_version": "16.0.100",
                    "result": null,
                    "method": "blacklist",
                    "engine_update": "20210111"
                },
                "Webroot": {
                    "category": "type-unsupported",
                    "engine_name": "Webroot",
                    "engine_version": "1.0.0.403",
                    "result": null,
                    "method": "blacklist",
                    "engine_update": "20210111"
                },
                "Avira": {
                    "category": "undetected",
                    "engine_name": "Avira",
                    "engine_version": "8.3.3.10",
                    "result": null,
                    "method": "blacklist",
                    "engine_update": "20210111"
                },
                "eGambit": {
                    "category": "type-unsupported",
                    "engine_name": "eGambit",
                    "engine_version": null,
                    "result": null,
                    "method": "blacklist",
                    "engine_update": "20210111"
                },
                "Antiy-AVL": {
                    "category": "undetected",
                    "engine_name": "Antiy-AVL",
                    "engine_version": "3.0.0.1",
                    "result": null,
                    "method": "blacklist",
                    "engine_update": "20210111"
                },
                "Kingsoft": {
                    "category": "undetected",
                    "engine_name": "Kingsoft",
                    "engine_version": "2017.9.26.565",
                    "result": null,
                    "method": "blacklist",
                    "engine_update": "20210111"
                },
                "Gridinsoft": {
                    "category": "undetected",
                    "engine_name": "Gridinsoft",
                    "engine_version": "1.0.23.114",
                    "result": null,
                    "method": "blacklist",
                    "engine_update": "20210111"
                },
                "Microsoft": {
                    "category": "undetected",
                    "engine_name": "Microsoft",
                    "engine_version": "1.1.17700.4",
                    "result": null,
                    "method": "blacklist",
                    "engine_update": "20210111"
                },
                "SUPERAntiSpyware": {
                    "category": "undetected",
                    "engine_name": "SUPERAntiSpyware",
                    "engine_version": "5.6.0.1032",
                    "result": null,
                    "method": "blacklist",
                    "engine_update": "20210108"
                },
                "AhnLab-V3": {
                    "category": "undetected",
                    "engine_name": "AhnLab-V3",
                    "engine_version": "3.19.4.10106",
                    "result": null,
                    "method": "blacklist",
                    "engine_update": "20210111"
                },
                "ZoneAlarm": {
                    "category": "undetected",
                    "engine_name": "ZoneAlarm",
                    "engine_version": "1.0",
                    "result": null,
                    "method": "blacklist",
                    "engine_update": "20210111"
                },
                "GData": {
                    "category": "undetected",
                    "engine_name": "GData",
                    "engine_version": "A:25.28314B:27.21549",
                    "result": null,
                    "method": "blacklist",
                    "engine_update": "20210111"
                },
                "Cynet": {
                    "category": "undetected",
                    "engine_name": "Cynet",
                    "engine_version": "4.0.0.25",
                    "result": null,
                    "method": "blacklist",
                    "engine_update": "20210111"
                },
                "BitDefenderFalx": {
                    "category": "undetected",
                    "engine_name": "BitDefenderFalx",
                    "engine_version": "2.0.936",
                    "result": null,
                    "method": "blacklist",
                    "engine_update": "20200916"
                },
                "TotalDefense": {
                    "category": "undetected",
                    "engine_name": "TotalDefense",
                    "engine_version": "37.1.62.1",
                    "result": null,
                    "method": "blacklist",
                    "engine_update": "20201217"
                },
                "Acronis": {
                    "category": "type-unsupported",
                    "engine_name": "Acronis",
                    "engine_version": "1.1.1.80",
                    "result": null,
                    "method": "blacklist",
                    "engine_update": "20201023"
                },
                "BitDefenderTheta": {
                    "category": "undetected",
                    "engine_name": "BitDefenderTheta",
                    "engine_version": "7.2.37796.0",
                    "result": null,
                    "method": "blacklist",
                    "engine_update": "20210105"
                },
                "ALYac": {
                    "category": "undetected",
                    "engine_name": "ALYac",
                    "engine_version": "1.1.3.1",
                    "result": null,
                    "method": "blacklist",
                    "engine_update": "20210111"
                },
                "MAX": {
                    "category": "undetected",
                    "engine_name": "MAX",
                    "engine_version": "2019.9.16.1",
                    "result": null,
                    "method": "blacklist",
                    "engine_update": "20210111"
                },
                "VBA32": {
                    "category": "undetected",
                    "engine_name": "VBA32",
                    "engine_version": "4.4.1",
                    "result": null,
                    "method": "blacklist",
                    "engine_update": "20210106"
                },
                "Cylance": {
                    "category": "type-unsupported",
                    "engine_name": "Cylance",
                    "engine_version": "2.3.1.101",
                    "result": null,
                    "method": "blacklist",
                    "engine_update": "20210111"
                },
                "Zoner": {
                    "category": "undetected",
                    "engine_name": "Zoner",
                    "engine_version": "0.0.0.0",
                    "result": null,
                    "method": "blacklist",
                    "engine_update": "20210110"
                },
                "Tencent": {
                    "category": "undetected",
                    "engine_name": "Tencent",
                    "engine_version": "1.0.0.1",
                    "result": null,
                    "method": "blacklist",
                    "engine_update": "20210111"
                },
                "Yandex": {
                    "category": "undetected",
                    "engine_name": "Yandex",
                    "engine_version": "5.5.2.24",
                    "result": null,
                    "method": "blacklist",
                    "engine_update": "20210111"
                },
                "Ikarus": {
                    "category": "undetected",
                    "engine_name": "Ikarus",
                    "engine_version": "0.1.5.2",
                    "result": null,
                    "method": "blacklist",
                    "engine_update": "20210110"
                },
                "MaxSecure": {
                    "category": "undetected",
                    "engine_name": "MaxSecure",
                    "engine_version": "1.0.0.1",
                    "result": null,
                    "method": "blacklist",
                    "engine_update": "20201212"
                },
                "Fortinet": {
                    "category": "undetected",
                    "engine_name": "Fortinet",
                    "engine_version": "6.2.142.0",
                    "result": null,
                    "method": "blacklist",
                    "engine_update": "20210111"
                },
                "AVG": {
                    "category": "undetected",
                    "engine_name": "AVG",
                    "engine_version": "21.1.5827.0",
                    "result": null,
                    "method": "blacklist",
                    "engine_update": "20210111"
                },
                "Cybereason": {
                    "category": "type-unsupported",
                    "engine_name": "Cybereason",
                    "engine_version": "1.2.449",
                    "result": null,
                    "method": "blacklist",
                    "engine_update": "20210106"
                },
                "Panda": {
                    "category": "undetected",
                    "engine_name": "Panda",
                    "engine_version": "4.6.4.2",
                    "result": null,
                    "method": "blacklist",
                    "engine_update": "20210110"
                },
                "CrowdStrike": {
                    "category": "type-unsupported",
                    "engine_name": "CrowdStrike",
                    "engine_version": "1.0",
                    "result": null,
                    "method": "blacklist",
                    "engine_update": "20190702"
                },
                "Qihoo-360": {
                    "category": "undetected",
                    "engine_name": "Qihoo-360",
                    "engine_version": "1.0.0.1120",
                    "result": null,
                    "method": "blacklist",
                    "engine_update": "20210111"
                }
            }
        },
        "type": "file",
        "id": "0007453753a4997046185e7da4493ca0aeeafe465630f3703b0662e2bdf37bcf",
        "links": {
            "self": "https://www.virustotal.com/api/v3/files/0007453753a4997046185e7da4493ca0aeeafe465630f3703b0662e2bdf37bcf"
        }
    }
}