{
    "data": {
        "attributes": {
            "type_description": "Android",
            "tlsh": "T174B51243F265F913D833D873258423FE3A692C194A83E64A7945BBB971FBCD847A81C4",
            "vhash": "94619a39289f5a3210a31cffc645ef12",
            "trid": [
                {
                    "file_type": "Android Package",
                    "probability": 49.3
                },
                {
                    "file_type": "Opera Widget",
                    "probability": 17.9
                },
                {
                    "file_type": "Java Archive",
                    "probability": 17.3
                },
                {
                    "file_type": "Mozilla Archive Format (gen)",
                    "probability": 8.9
                },
                {
                    "file_type": "ZIP compressed archive",
                    "probability": 5.1
                }
            ],
            "names": [
                "000A14E6DFE44B0B04DFC9B08DC6ED473E1ACBAEDB0C6DBBDFA0258664D26240.apk",
                "pro.brteam.vozmitaxi.apk"
            ],
            "last_modification_date": 1637916151,
            "type_tag": "android",
            "times_submitted": 4,
            "total_votes": {
                "harmless": 0,
                "malicious": 0
            },
            "size": 2281793,
            "type_extension": "apk",
            "last_submission_date": 1631464196,
            "last_analysis_results": {
                "Bkav": {
                    "category": "undetected",
                    "engine_name": "Bkav",
                    "engine_version": "1.3.0.9899",
                    "result": null,
                    "method": "blacklist",
                    "engine_update": "20211125"
                },
                "Lionic": {
                    "category": "undetected",
                    "engine_name": "Lionic",
                    "engine_version": "4.2",
                    "result": null,
                    "method": "blacklist",
                    "engine_update": "20211126"
                },
                "Elastic": {
                    "category": "type-unsupported",
                    "engine_name": "Elastic",
                    "engine_version": "4.0.31",
                    "result": null,
                    "method": "blacklist",
                    "engine_update": "20211118"
                },
                "MicroWorld-eScan": {
                    "category": "undetected",
                    "engine_name": "MicroWorld-eScan",
                    "engine_version": "14.0.409.0",
                    "result": null,
                    "method": "blacklist",
                    "engine_update": "20211126"
                },
                "FireEye": {
                    "category": "undetected",
                    "engine_name": "FireEye",
                    "engine_version": "32.44.1.0",
                    "result": null,
                    "method": "blacklist",
                    "engine_update": "20211126"
                },
                "CAT-QuickHeal": {
                    "category": "undetected",
                    "engine_name": "CAT-QuickHeal",
                    "engine_version": "14.00",
                    "result": null,
                    "method": "blacklist",
                    "engine_update": "20211126"
                },
                "McAfee": {
                    "category": "undetected",
                    "engine_name": "McAfee",
                    "engine_version": "6.0.6.653",
                    "result": null,
                    "method": "blacklist",
                    "engine_update": "20211126"
                },
                "Malwarebytes": {
                    "category": "undetected",
                    "engine_name": "Malwarebytes",
                    "engine_version": "4.2.2.27",
                    "result": null,
                    "method": "blacklist",
                    "engine_update": "20211126"
                },
                "Zillya": {
                    "category": "undetected",
                    "engine_name": "Zillya",
                    "engine_version": "2.0.0.4505",
                    "result": null,
                    "method": "blacklist",
                    "engine_update": "20211125"
                },
                "Paloalto": {
                    "category": "type-unsupported",
                    "engine_name": "Paloalto",
                    "engine_version": "1.0",
                    "result": null,
                    "method": "blacklist",
                    "engine_update": "20211126"
                },
                "Trustlook": {
                    "category": "undetected",
                    "engine_name": "Trustlook",
                    "engine_version": "1.0",
                    "result": null,
                    "method": "blacklist",
                    "engine_update": "20211126"
                },
                "Alibaba": {
                    "category": "undetected",
                    "engine_name": "Alibaba",
                    "engine_version": "0.3.0.5",
                    "result": null,
                    "method": "blacklist",
                    "engine_update": "20190527"
                },
                "K7GW": {
                    "category": "undetected",
                    "engine_name": "K7GW",
                    "engine_version": "11.229.39482",
                    "result": null,
                    "method": "blacklist",
                    "engine_update": "20211125"
                },
                "K7AntiVirus": {
                    "category": "undetected",
                    "engine_name": "K7AntiVirus",
                    "engine_version": "11.230.39498",
                    "result": null,
                    "method": "blacklist",
                    "engine_update": "20211126"
                },
                "Arcabit": {
                    "category": "undetected",
                    "engine_name": "Arcabit",
                    "engine_version": "1.0.0.888",
                    "result": null,
                    "method": "blacklist",
                    "engine_update": "20211126"
                },
                "BitDefenderTheta": {
                    "category": "undetected",
                    "engine_name": "BitDefenderTheta",
                    "engine_version": "7.2.37796.0",
                    "result": null,
                    "method": "blacklist",
                    "engine_update": "20211119"
                },
                "Cyren": {
                    "category": "undetected",
                    "engine_name": "Cyren",
                    "engine_version": "6.3.0.2",
                    "result": null,
                    "method": "blacklist",
                    "engine_update": "20211126"
                },
                "SymantecMobileInsight": {
                    "category": "undetected",
                    "engine_name": "SymantecMobileInsight",
                    "engine_version": "2.0",
                    "result": null,
                    "method": "blacklist",
                    "engine_update": "20211119"
                },
                "Symantec": {
                    "category": "undetected",
                    "engine_name": "Symantec",
                    "engine_version": "1.16.0.0",
                    "result": null,
                    "method": "blacklist",
                    "engine_update": "20211125"
                },
                "ESET-NOD32": {
                    "category": "undetected",
                    "engine_name": "ESET-NOD32",
                    "engine_version": "24355",
                    "result": null,
                    "method": "blacklist",
                    "engine_update": "20211126"
                },
                "Baidu": {
                    "category": "timeout",
                    "engine_name": "Baidu",
                    "engine_version": "1.0.0.2",
                    "result": null,
                    "method": "blacklist",
                    "engine_update": "20190318"
                },
                "TrendMicro-HouseCall": {
                    "category": "undetected",
                    "engine_name": "TrendMicro-HouseCall",
                    "engine_version": "10.0.0.1040",
                    "result": null,
                    "method": "blacklist",
                    "engine_update": "20211126"
                },
                "Avast": {
                    "category": "timeout",
                    "engine_name": "Avast",
                    "engine_version": "21.1.5827.0",
                    "result": null,
                    "method": "blacklist",
                    "engine_update": "20211126"
                },
                "ClamAV": {
                    "category": "undetected",
                    "engine_name": "ClamAV",
                    "engine_version": "0.104.1.0",
                    "result": null,
                    "method": "blacklist",
                    "engine_update": "20211125"
                },
                "Kaspersky": {
                    "category": "undetected",
                    "engine_name": "Kaspersky",
                    "engine_version": "21.0.1.45",
                    "result": null,
                    "method": "blacklist",
                    "engine_update": "20211126"
                },
                "BitDefender": {
                    "category": "undetected",
                    "engine_name": "BitDefender",
                    "engine_version": "7.2",
                    "result": null,
                    "method": "blacklist",
                    "engine_update": "20211126"
                },
                "NANO-Antivirus": {
                    "category": "undetected",
                    "engine_name": "NANO-Antivirus",
                    "engine_version": "1.0.146.25409",
                    "result": null,
                    "method": "blacklist",
                    "engine_update": "20211126"
                },
                "SUPERAntiSpyware": {
                    "category": "undetected",
                    "engine_name": "SUPERAntiSpyware",
                    "engine_version": "5.6.0.1032",
                    "result": null,
                    "method": "blacklist",
                    "engine_update": "20211120"
                },
                "Tencent": {
                    "category": "undetected",
                    "engine_name": "Tencent",
                    "engine_version": "1.0.0.1",
                    "result": null,
                    "method": "blacklist",
                    "engine_update": "20211126"
                },
                "Ad-Aware": {
                    "category": "undetected",
                    "engine_name": "Ad-Aware",
                    "engine_version": "3.0.21.193",
                    "result": null,
                    "method": "blacklist",
                    "engine_update": "20211126"
                },
                "TACHYON": {
                    "category": "undetected",
                    "engine_name": "TACHYON",
                    "engine_version": "2021-11-26.01",
                    "result": null,
                    "method": "blacklist",
                    "engine_update": "20211126"
                },
                "Emsisoft": {
                    "category": "undetected",
                    "engine_name": "Emsisoft",
                    "engine_version": "2021.5.0.7597",
                    "result": null,
                    "method": "blacklist",
                    "engine_update": "20211126"
                },
                "Comodo": {
                    "category": "undetected",
                    "engine_name": "Comodo",
                    "engine_version": "34044",
                    "result": null,
                    "method": "blacklist",
                    "engine_update": "20211102"
                },
                "F-Secure": {
                    "category": "undetected",
                    "engine_name": "F-Secure",
                    "engine_version": "12.0.86.52",
                    "result": null,
                    "method": "blacklist",
                    "engine_update": "20211126"
                },
                "DrWeb": {
                    "category": "undetected",
                    "engine_name": "DrWeb",
                    "engine_version": "7.0.52.8270",
                    "result": null,
                    "method": "blacklist",
                    "engine_update": "20211126"
                },
                "VIPRE": {
                    "category": "undetected",
                    "engine_name": "VIPRE",
                    "engine_version": "97218",
                    "result": null,
                    "method": "blacklist",
                    "engine_update": "20211126"
                },
                "TrendMicro": {
                    "category": "timeout",
                    "engine_name": "TrendMicro",
                    "engine_version": "11.0.0.1006",
                    "result": null,
                    "method": "blacklist",
                    "engine_update": "20211126"
                },
                "McAfee-GW-Edition": {
                    "category": "undetected",
                    "engine_name": "McAfee-GW-Edition",
                    "engine_version": "v2019.1.2+3728",
                    "result": null,
                    "method": "blacklist",
                    "engine_update": "20211126"
                },
                "SentinelOne": {
                    "category": "type-unsupported",
                    "engine_name": "SentinelOne",
                    "engine_version": "6.3.0.2",
                    "result": null,
                    "method": "blacklist",
                    "engine_update": "20211028"
                },
                "CMC": {
                    "category": "undetected",
                    "engine_name": "CMC",
                    "engine_version": "2.10.2019.1",
                    "result": null,
                    "method": "blacklist",
                    "engine_update": "20211026"
                },
                "Sophos": {
                    "category": "undetected",
                    "engine_name": "Sophos",
                    "engine_version": "1.4.1.0",
                    "result": null,
                    "method": "blacklist",
                    "engine_update": "20211126"
                },
                "APEX": {
                    "category": "type-unsupported",
                    "engine_name": "APEX",
                    "engine_version": "6.233",
                    "result": null,
                    "method": "blacklist",
                    "engine_update": "20211125"
                },
                "Avast-Mobile": {
                    "category": "undetected",
                    "engine_name": "Avast-Mobile",
                    "engine_version": "211125-00",
                    "result": null,
                    "method": "blacklist",
                    "engine_update": "20211125"
                },
                "Jiangmin": {
                    "category": "undetected",
                    "engine_name": "Jiangmin",
                    "engine_version": "16.0.100",
                    "result": null,
                    "method": "blacklist",
                    "engine_update": "20211125"
                },
                "Webroot": {
                    "category": "type-unsupported",
                    "engine_name": "Webroot",
                    "engine_version": "1.0.0.403",
                    "result": null,
                    "method": "blacklist",
                    "engine_update": "20211126"
                },
                "Avira": {
                    "category": "undetected",
                    "engine_name": "Avira",
                    "engine_version": "8.3.3.12",
                    "result": null,
                    "method": "blacklist",
                    "engine_update": "20211126"
                },
                "eGambit": {
                    "category": "type-unsupported",
                    "engine_name": "eGambit",
                    "engine_version": null,
                    "result": null,
                    "method": "blacklist",
                    "engine_update": "20211126"
                },
                "Antiy-AVL": {
                    "category": "undetected",
                    "engine_name": "Antiy-AVL",
                    "engine_version": "3.0.0.1",
                    "result": null,
                    "method": "blacklist",
                    "engine_update": "20211126"
                },
                "Kingsoft": {
                    "category": "undetected",
                    "engine_name": "Kingsoft",
                    "engine_version": "2017.9.26.565",
                    "result": null,
                    "method": "blacklist",
                    "engine_update": "20211126"
                },
                "Gridinsoft": {
                    "category": "undetected",
                    "engine_name": "Gridinsoft",
                    "engine_version": "1.0.63.162",
                    "result": null,
                    "method": "blacklist",
                    "engine_update": "20211126"
                },
                "Microsoft": {
                    "category": "undetected",
                    "engine_name": "Microsoft",
                    "engine_version": "1.1.18700.4",
                    "result": null,
                    "method": "blacklist",
                    "engine_update": "20211126"
                },
                "ViRobot": {
                    "category": "undetected",
                    "engine_name": "ViRobot",
                    "engine_version": "2014.3.20.0",
                    "result": null,
                    "method": "blacklist",
                    "engine_update": "20211126"
                },
                "GData": {
                    "category": "undetected",
                    "engine_name": "GData",
                    "engine_version": "A:25.31452B:27.25284",
                    "result": null,
                    "method": "blacklist",
                    "engine_update": "20211126"
                },
                "Cynet": {
                    "category": "undetected",
                    "engine_name": "Cynet",
                    "engine_version": "4.0.0.27",
                    "result": null,
                    "method": "blacklist",
                    "engine_update": "20211126"
                },
                "BitDefenderFalx": {
                    "category": "undetected",
                    "engine_name": "BitDefenderFalx",
                    "engine_version": "2.0.936",
                    "result": null,
                    "method": "blacklist",
                    "engine_update": "20210610"
                },
                "AhnLab-V3": {
                    "category": "undetected",
                    "engine_name": "AhnLab-V3",
                    "engine_version": "3.21.1.10219",
                    "result": null,
                    "method": "blacklist",
                    "engine_update": "20211126"
                },
                "Acronis": {
                    "category": "type-unsupported",
                    "engine_name": "Acronis",
                    "engine_version": "1.1.1.82",
                    "result": null,
                    "method": "blacklist",
                    "engine_update": "20210512"
                },
                "VBA32": {
                    "category": "undetected",
                    "engine_name": "VBA32",
                    "engine_version": "5.0.0",
                    "result": null,
                    "method": "blacklist",
                    "engine_update": "20211125"
                },
                "ALYac": {
                    "category": "undetected",
                    "engine_name": "ALYac",
                    "engine_version": "1.1.3.1",
                    "result": null,
                    "method": "blacklist",
                    "engine_update": "20211126"
                },
                "MAX": {
                    "category": "undetected",
                    "engine_name": "MAX",
                    "engine_version": "2019.9.16.1",
                    "result": null,
                    "method": "blacklist",
                    "engine_update": "20211126"
                },
                "Cylance": {
                    "category": "timeout",
                    "engine_name": "Cylance",
                    "engine_version": "2.3.1.101",
                    "result": null,
                    "method": "blacklist",
                    "engine_update": "20211126"
                },
                "Zoner": {
                    "category": "undetected",
                    "engine_name": "Zoner",
                    "engine_version": "2.2.2.0",
                    "result": null,
                    "method": "blacklist",
                    "engine_update": "20211125"
                },
                "Rising": {
                    "category": "undetected",
                    "engine_name": "Rising",
                    "engine_version": "25.0.0.27",
                    "result": null,
                    "method": "blacklist",
                    "engine_update": "20211126"
                },
                "Yandex": {
                    "category": "undetected",
                    "engine_name": "Yandex",
                    "engine_version": "5.5.2.24",
                    "result": null,
                    "method": "blacklist",
                    "engine_update": "20211126"
                },
                "Ikarus": {
                    "category": "undetected",
                    "engine_name": "Ikarus",
                    "engine_version": "0.1.5.2",
                    "result": null,
                    "method": "blacklist",
                    "engine_update": "20211125"
                },
                "MaxSecure": {
                    "category": "undetected",
                    "engine_name": "MaxSecure",
                    "engine_version": "1.0.0.1",
                    "result": null,
                    "method": "blacklist",
                    "engine_update": "20211126"
                },
                "Fortinet": {
                    "category": "undetected",
                    "engine_name": "Fortinet",
                    "engine_version": "6.2.142.0",
                    "result": null,
                    "method": "blacklist",
                    "engine_update": "20211126"
                },
                "AVG": {
                    "category": "confirmed-timeout",
                    "engine_name": "AVG",
                    "engine_version": "21.1.5827.0",
                    "result": null,
                    "method": "blacklist",
                    "engine_update": "20211126"
                },
                "Cybereason": {
                    "category": "type-unsupported",
                    "engine_name": "Cybereason",
                    "engine_version": "1.2.449",
                    "result": null,
                    "method": "blacklist",
                    "engine_update": "20210330"
                },
                "Panda": {
                    "category": "undetected",
                    "engine_name": "Panda",
                    "engine_version": "4.6.4.2",
                    "result": null,
                    "method": "blacklist",
                    "engine_update": "20211125"
                },
                "CrowdStrike": {
                    "category": "type-unsupported",
                    "engine_name": "CrowdStrike",
                    "engine_version": "1.0",
                    "result": null,
                    "method": "blacklist",
                    "engine_update": "20210203"
                }
            },
            "sha256": "000a14e6dfe44b0b04dfc9b08dc6ed473e1acbaedb0c6dbbdfa0258664d26240",
            "tags": [
                "apk",
                "android",
                "reflection",
                "telephony"
            ],
            "last_analysis_date": 1637903642,
            "unique_sources": 3,
            "first_submission_date": 1532171372,
            "sha1": "fbf08f73bad445b622b820708ef888dd64b66720",
            "ssdeep": "49152:jZH1M86EpHYVeH3XCwO5XAvS7oTgjVQI46rEpq5NtUmV2RT71zu:jZH1MIJoena5XX7YgSI4doLtmH1S",
            "bundle_info": {
                "highest_datetime": "2018-07-17 03:43:58",
                "lowest_datetime": "1980-00-00 00:00:00",
                "num_children": 174,
                "extensions": {
                    "xml": 64,
                    "dex": 1,
                    "MF": 1,
                    "svg": 1,
                    "RSA": 1,
                    "js": 15,
                    "css": 1,
                    "SF": 1,
                    "png": 76
                },
                "file_types": {
                    "XML": 61,
                    "DEX": 1,
                    "unknown": 34,
                    "JavaScript": 1,
                    "HTML": 1,
                    "PNG": 76
                },
                "type": "APK",
                "uncompressed_size": 3905941
            },
            "md5": "40f30b5b4a14081c330cedf2b6ef2d19",
            "androguard": {
                "VTAndroidInfo": 2.0,
                "AndroidApplicationError": false,
                "MinSdkVersion": "16",
                "AndroguardVersion": "3.4.0a1",
                "Activities": [
                    "pro.brteam.vozmitaxi.MainActivity",
                    "com.onesignal.PermissionsActivity",
                    "com.google.android.gms.common.api.GoogleApiActivity"
                ],
                "certificate": {
                    "Subject": {
                        "DN": "C:US, CN:Android, L:Mountain View, O:Google Inc., ST:California, OU:Android",
                        "C": "US",
                        "CN": "Android",
                        "L": "Mountain View",
                        "O": "Google Inc.",
                        "ST": "California",
                        "OU": "Android"
                    },
                    "validto": "2048-07-07 05:45:47",
                    "serialnumber": "8fa85087ff44712e6928d002140eb406dd53fbd3",
                    "thumbprint": "392ac2e259f381bee5849d31289e68f07e79a74c",
                    "validfrom": "2018-07-07 05:45:47",
                    "Issuer": {
                        "DN": "C:US, CN:Android, L:Mountain View, O:Google Inc., ST:California, OU:Android",
                        "C": "US",
                        "CN": "Android",
                        "L": "Mountain View",
                        "O": "Google Inc.",
                        "ST": "California",
                        "OU": "Android"
                    }
                },
                "AndroidApplication": 1,
                "RiskIndicator": {
                    "APK": {
                        "DEX": 1
                    },
                    "PERM": {
                        "INTERNET": 1,
                        "EPHEMERAL": 3,
                        "NORMAL": 4
                    }
                },
                "Services": [
                    "com.onesignal.ADMMessageHandler",
                    "com.onesignal.GcmIntentService",
                    "com.onesignal.GcmIntentJobService",
                    "com.onesignal.RestoreJobService",
                    "com.onesignal.RestoreKickoffJobService",
                    "com.onesignal.SyncService",
                    "com.onesignal.SyncJobService",
                    "com.onesignal.NotificationRestoreService",
                    "com.google.firebase.messaging.FirebaseMessagingService",
                    "com.google.firebase.iid.FirebaseInstanceIdService"
                ],
                "AndroidVersionCode": "10001",
                "main_activity": "pro.brteam.vozmitaxi.MainActivity",
                "Package": "pro.brteam.vozmitaxi",
                "intent_filters": {
                    "Services": {
                        "com.google.firebase.messaging.FirebaseMessagingService": {
                            "action": [
                                "com.google.firebase.MESSAGING_EVENT"
                            ]
                        },
                        "com.google.firebase.iid.FirebaseInstanceIdService": {
                            "action": [
                                "com.google.firebase.INSTANCE_ID_EVENT"
                            ]
                        }
                    },
                    "Activities": {
                        "pro.brteam.vozmitaxi.MainActivity": {
                            "action": [
                                "android.intent.action.MAIN"
                            ],
                            "category": [
                                "android.intent.category.LAUNCHER"
                            ]
                        }
                    },
                    "Receivers": {
                        "com.google.firebase.iid.FirebaseInstanceIdReceiver": {
                            "action": [
                                "com.google.android.c2dm.intent.RECEIVE"
                            ],
                            "category": [
                                "pro.brteam.vozmitaxi"
                            ]
                        },
                        "com.onesignal.ADMMessageHandler$Receiver": {
                            "action": [
                                "com.amazon.device.messaging.intent.REGISTRATION",
                                "com.amazon.device.messaging.intent.RECEIVE"
                            ],
                            "category": [
                                "pro.brteam.vozmitaxi"
                            ]
                        },
                        "com.onesignal.GcmBroadcastReceiver": {
                            "action": [
                                "com.google.android.c2dm.intent.RECEIVE"
                            ],
                            "category": [
                                "pro.brteam.vozmitaxi"
                            ]
                        },
                        "com.onesignal.BootUpReceiver": {
                            "action": [
                                "android.intent.action.ACTION_BOOT_COMPLETED",
                                "android.intent.action.BOOT_COMPLETED",
                                "android.intent.action.QUICKBOOT_POWERON"
                            ]
                        },
                        "com.onesignal.UpgradeReceiver": {
                            "action": [
                                "android.intent.action.MY_PACKAGE_REPLACED"
                            ]
                        }
                    }
                },
                "AndroidVersionName": "1.0.1",
                "TargetSdkVersion": "26",
                "AndroidApplicationInfo": "APK",
                "Providers": [
                    "com.google.firebase.provider.FirebaseInitProvider"
                ],
                "permission_details": {
                    "com.huawei.android.launcher.permission.WRITE_SETTINGS": {
                        "short_description": "Unknown permission from android reference",
                        "full_description": "Unknown permission from android reference",
                        "permission_type": "normal"
                    },
                    "pro.brteam.vozmitaxi.permission.RECEIVE_ADM_MESSAGE": {
                        "short_description": "Unknown permission from android reference",
                        "full_description": "Unknown permission from android reference",
                        "permission_type": "normal"
                    },
                    "com.huawei.android.launcher.permission.CHANGE_BADGE": {
                        "short_description": "Unknown permission from android reference",
                        "full_description": "Unknown permission from android reference",
                        "permission_type": "normal"
                    },
                    "android.permission.INTERNET": {
                        "short_description": "have full network access",
                        "full_description": "Allows the app to create\n     network sockets and use custom network protocols. The browser and other\n     applications provide means to send data to the internet, so this\n     permission is not required to send data to the internet.",
                        "permission_type": "normal|ephemeral"
                    },
                    "com.oppo.launcher.permission.READ_SETTINGS": {
                        "short_description": "Unknown permission from android reference",
                        "full_description": "Unknown permission from android reference",
                        "permission_type": "normal"
                    },
                    "com.sec.android.provider.badge.permission.WRITE": {
                        "short_description": "Unknown permission from android reference",
                        "full_description": "Unknown permission from android reference",
                        "permission_type": "normal"
                    },
                    "pro.brteam.vozmitaxi.permission.C2D_MESSAGE": {
                        "short_description": "Unknown permission from android reference",
                        "full_description": "Unknown permission from android reference",
                        "permission_type": "normal"
                    },
                    "com.majeur.launcher.permission.UPDATE_BADGE": {
                        "short_description": "Unknown permission from android reference",
                        "full_description": "Unknown permission from android reference",
                        "permission_type": "normal"
                    },
                    "com.google.android.c2dm.permission.RECEIVE": {
                        "short_description": "Unknown permission from android reference",
                        "full_description": "Unknown permission from android reference",
                        "permission_type": "normal"
                    },
                    "android.permission.ACCESS_NETWORK_STATE": {
                        "short_description": "view network connections",
                        "full_description": "Allows the app to view\n      information about network connections such as which networks exist and are\n      connected.",
                        "permission_type": "normal|ephemeral"
                    },
                    "me.everything.badger.permission.BADGE_COUNT_READ": {
                        "short_description": "Unknown permission from android reference",
                        "full_description": "Unknown permission from android reference",
                        "permission_type": "normal"
                    },
                    "com.htc.launcher.permission.UPDATE_SHORTCUT": {
                        "short_description": "Unknown permission from android reference",
                        "full_description": "Unknown permission from android reference",
                        "permission_type": "normal"
                    },
                    "com.htc.launcher.permission.READ_SETTINGS": {
                        "short_description": "Unknown permission from android reference",
                        "full_description": "Unknown permission from android reference",
                        "permission_type": "normal"
                    },
                    "me.everything.badger.permission.BADGE_COUNT_WRITE": {
                        "short_description": "Unknown permission from android reference",
                        "full_description": "Unknown permission from android reference",
                        "permission_type": "normal"
                    },
                    "android.permission.RECEIVE_BOOT_COMPLETED": {
                        "short_description": "run at startup",
                        "full_description": "Allows the app to\n        have itself started as soon as the system has finished booting.\n        This can make it take longer to start the phone and allow the\n        app to slow down the overall phone by always running.",
                        "permission_type": "normal"
                    },
                    "com.anddoes.launcher.permission.UPDATE_COUNT": {
                        "short_description": "Unknown permission from android reference",
                        "full_description": "Unknown permission from android reference",
                        "permission_type": "normal"
                    },
                    "com.sonymobile.home.permission.PROVIDER_INSERT_BADGE": {
                        "short_description": "Unknown permission from android reference",
                        "full_description": "Unknown permission from android reference",
                        "permission_type": "normal"
                    },
                    "com.oppo.launcher.permission.WRITE_SETTINGS": {
                        "short_description": "Unknown permission from android reference",
                        "full_description": "Unknown permission from android reference",
                        "permission_type": "normal"
                    },
                    "android.permission.VIBRATE": {
                        "short_description": "control vibration",
                        "full_description": "Allows the app to control the vibrator.",
                        "permission_type": "normal|ephemeral"
                    },
                    "com.huawei.android.launcher.permission.READ_SETTINGS": {
                        "short_description": "Unknown permission from android reference",
                        "full_description": "Unknown permission from android reference",
                        "permission_type": "normal"
                    },
                    "android.permission.WAKE_LOCK": {
                        "short_description": "prevent phone from sleeping",
                        "full_description": "Allows the app to prevent the phone from going to sleep.",
                        "permission_type": "normal|ephemeral"
                    },
                    "com.amazon.device.messaging.permission.RECEIVE": {
                        "short_description": "Unknown permission from android reference",
                        "full_description": "Unknown permission from android reference",
                        "permission_type": "normal"
                    },
                    "com.sonyericsson.home.permission.BROADCAST_BADGE": {
                        "short_description": "Unknown permission from android reference",
                        "full_description": "Unknown permission from android reference",
                        "permission_type": "normal"
                    },
                    "com.sec.android.provider.badge.permission.READ": {
                        "short_description": "Unknown permission from android reference",
                        "full_description": "Unknown permission from android reference",
                        "permission_type": "normal"
                    },
                    "android.permission.READ_APP_BADGE": {
                        "short_description": "Unknown permission from android reference",
                        "full_description": "Unknown permission from android reference",
                        "permission_type": "normal"
                    }
                },
                "Receivers": [
                    "com.onesignal.ADMMessageHandler$Receiver",
                    "com.onesignal.GcmBroadcastReceiver",
                    "com.onesignal.NotificationOpenedReceiver",
                    "com.onesignal.BootUpReceiver",
                    "com.onesignal.UpgradeReceiver",
                    "com.google.firebase.iid.FirebaseInstanceIdReceiver"
                ],
                "StringsInformation": [
                    "http://*/*",
                    "http://schemas.android.com/apk/res/android",
                    "https://*/*",
                    "https://onesignal.com/android_frame.html",
                    "https://onesignal.com/api/v1/",
                    "https://pagead2.googlesyndication.com/pagead/gen_204?id=gmob-apps",
                    "https://plus.google.com/",
                    "https://ssl.gstatic.com/accessibility/javascript/android/",
                    "https://www.example.com",
                    "https://www.googleapis.com/auth/appstate",
                    "https://www.googleapis.com/auth/datastoremobile",
                    "https://www.googleapis.com/auth/drive.appdata",
                    "https://www.googleapis.com/auth/drive.file",
                    "https://www.googleapis.com/auth/fitness.activity.read",
                    "https://www.googleapis.com/auth/fitness.activity.write",
                    "https://www.googleapis.com/auth/fitness.body.read",
                    "https://www.googleapis.com/auth/fitness.body.write",
                    "https://www.googleapis.com/auth/fitness.location.read",
                    "https://www.googleapis.com/auth/fitness.location.write",
                    "https://www.googleapis.com/auth/fitness.nutrition.read",
                    "https://www.googleapis.com/auth/fitness.nutrition.write",
                    "https://www.googleapis.com/auth/games",
                    "https://www.googleapis.com/auth/games_lite",
                    "https://www.googleapis.com/auth/plus.login",
                    "https://www.googleapis.com/auth/plus.me"
                ]
            },
            "magic": "Zip archive data, at least v2.0 to extract",
            "last_analysis_stats": {
                "harmless": 0,
                "type-unsupported": 9,
                "suspicious": 0,
                "confirmed-timeout": 1,
                "timeout": 4,
                "failure": 0,
                "malicious": 0,
                "undetected": 57
            },
            "meaningful_name": "000A14E6DFE44B0B04DFC9B08DC6ED473E1ACBAEDB0C6DBBDFA0258664D26240.apk",
            "reputation": 0
        },
        "type": "file",
        "id": "000a14e6dfe44b0b04dfc9b08dc6ed473e1acbaedb0c6dbbdfa0258664d26240",
        "links": {
            "self": "https://www.virustotal.com/api/v3/files/000a14e6dfe44b0b04dfc9b08dc6ed473e1acbaedb0c6dbbdfa0258664d26240"
        }
    }
}