{
    "data": {
        "attributes": {
            "type_description": "Android",
            "tlsh": "T11DF51280F308E03BC877C0378AB65B2651954C4A8A56D7535AA6F32C7CBBAC49F91FC4",
            "vhash": "7d15dd5fe1ab6cdfc39e80192f030ab5",
            "trid": [
                {
                    "file_type": "Android Package",
                    "probability": 57.0
                },
                {
                    "file_type": "Java Archive",
                    "probability": 20.0
                },
                {
                    "file_type": "Sweet Home 3D design (generic)",
                    "probability": 15.5
                },
                {
                    "file_type": "ZIP compressed archive",
                    "probability": 5.9
                },
                {
                    "file_type": "PrintFox/Pagefox bitmap (640x800)",
                    "probability": 1.4
                }
            ],
            "names": [
                "00005958E2E97FF7A887EAA58E06B0F3C217FDFC2940DCF76A4B60A9D8A98832.apk",
                "com.a24thlab.aggregatecalculator.apk"
            ],
            "last_modification_date": 1658303192,
            "type_tag": "android",
            "times_submitted": 5,
            "total_votes": {
                "harmless": 0,
                "malicious": 0
            },
            "size": 3336077,
            "type_extension": "apk",
            "last_submission_date": 1648149199,
            "last_analysis_results": {
                "Bkav": {
                    "category": "undetected",
                    "engine_name": "Bkav",
                    "engine_version": "1.3.0.9899",
                    "result": null,
                    "method": "blacklist",
                    "engine_update": "20220720"
                },
                "Lionic": {
                    "category": "undetected",
                    "engine_name": "Lionic",
                    "engine_version": "7.5",
                    "result": null,
                    "method": "blacklist",
                    "engine_update": "20220720"
                },
                "tehtris": {
                    "category": "type-unsupported",
                    "engine_name": "tehtris",
                    "engine_version": "v0.1.4",
                    "result": null,
                    "method": "blacklist",
                    "engine_update": "20220720"
                },
                "MicroWorld-eScan": {
                    "category": "undetected",
                    "engine_name": "MicroWorld-eScan",
                    "engine_version": "14.0.409.0",
                    "result": null,
                    "method": "blacklist",
                    "engine_update": "20220720"
                },
                "FireEye": {
                    "category": "undetected",
                    "engine_name": "FireEye",
                    "engine_version": "35.24.1.0",
                    "result": null,
                    "method": "blacklist",
                    "engine_update": "20220720"
                },
                "CAT-QuickHeal": {
                    "category": "undetected",
                    "engine_name": "CAT-QuickHeal",
                    "engine_version": "14.00",
                    "result": null,
                    "method": "blacklist",
                    "engine_update": "20220719"
                },
                "McAfee": {
                    "category": "undetected",
                    "engine_name": "McAfee",
                    "engine_version": "6.0.6.653",
                    "result": null,
                    "method": "blacklist",
                    "engine_update": "20220720"
                },
                "Malwarebytes": {
                    "category": "undetected",
                    "engine_name": "Malwarebytes",
                    "engine_version": "4.3.3.37",
                    "result": null,
                    "method": "blacklist",
                    "engine_update": "20220720"
                },
                "VIPRE": {
                    "category": "undetected",
                    "engine_name": "VIPRE",
                    "engine_version": "6.0.0.35",
                    "result": null,
                    "method": "blacklist",
                    "engine_update": "20220719"
                },
                "Sangfor": {
                    "category": "undetected",
                    "engine_name": "Sangfor",
                    "engine_version": "2.14.0.0",
                    "result": null,
                    "method": "blacklist",
                    "engine_update": "20220602"
                },
                "K7AntiVirus": {
                    "category": "undetected",
                    "engine_name": "K7AntiVirus",
                    "engine_version": "12.26.43423",
                    "result": null,
                    "method": "blacklist",
                    "engine_update": "20220720"
                },
                "Alibaba": {
                    "category": "undetected",
                    "engine_name": "Alibaba",
                    "engine_version": "0.3.0.5",
                    "result": null,
                    "method": "blacklist",
                    "engine_update": "20190527"
                },
                "K7GW": {
                    "category": "undetected",
                    "engine_name": "K7GW",
                    "engine_version": "12.26.43424",
                    "result": null,
                    "method": "blacklist",
                    "engine_update": "20220720"
                },
                "Trustlook": {
                    "category": "undetected",
                    "engine_name": "Trustlook",
                    "engine_version": "1.0",
                    "result": null,
                    "method": "blacklist",
                    "engine_update": "20220720"
                },
                "Arcabit": {
                    "category": "undetected",
                    "engine_name": "Arcabit",
                    "engine_version": "1.0.0.889",
                    "result": null,
                    "method": "blacklist",
                    "engine_update": "20220720"
                },
                "Baidu": {
                    "category": "undetected",
                    "engine_name": "Baidu",
                    "engine_version": "1.0.0.2",
                    "result": null,
                    "method": "blacklist",
                    "engine_update": "20190318"
                },
                "VirIT": {
                    "category": "undetected",
                    "engine_name": "VirIT",
                    "engine_version": "9.5.241",
                    "result": null,
                    "method": "blacklist",
                    "engine_update": "20220719"
                },
                "Cyren": {
                    "category": "undetected",
                    "engine_name": "Cyren",
                    "engine_version": "6.5.1.2",
                    "result": null,
                    "method": "blacklist",
                    "engine_update": "20220720"
                },
                "SymantecMobileInsight": {
                    "category": "undetected",
                    "engine_name": "SymantecMobileInsight",
                    "engine_version": "2.0",
                    "result": null,
                    "method": "blacklist",
                    "engine_update": "20220208"
                },
                "Symantec": {
                    "category": "undetected",
                    "engine_name": "Symantec",
                    "engine_version": "1.18.0.0",
                    "result": null,
                    "method": "blacklist",
                    "engine_update": "20220720"
                },
                "Elastic": {
                    "category": "type-unsupported",
                    "engine_name": "Elastic",
                    "engine_version": "4.0.40",
                    "result": null,
                    "method": "blacklist",
                    "engine_update": "20220623"
                },
                "ESET-NOD32": {
                    "category": "undetected",
                    "engine_name": "ESET-NOD32",
                    "engine_version": "25619",
                    "result": null,
                    "method": "blacklist",
                    "engine_update": "20220720"
                },
                "APEX": {
                    "category": "type-unsupported",
                    "engine_name": "APEX",
                    "engine_version": "6.314",
                    "result": null,
                    "method": "blacklist",
                    "engine_update": "20220719"
                },
                "TrendMicro-HouseCall": {
                    "category": "undetected",
                    "engine_name": "TrendMicro-HouseCall",
                    "engine_version": "10.0.0.1040",
                    "result": null,
                    "method": "blacklist",
                    "engine_update": "20220720"
                },
                "Avast": {
                    "category": "undetected",
                    "engine_name": "Avast",
                    "engine_version": "21.1.5827.0",
                    "result": null,
                    "method": "blacklist",
                    "engine_update": "20220720"
                },
                "ClamAV": {
                    "category": "undetected",
                    "engine_name": "ClamAV",
                    "engine_version": "0.105.0.0",
                    "result": null,
                    "method": "blacklist",
                    "engine_update": "20220719"
                },
                "Kaspersky": {
                    "category": "undetected",
                    "engine_name": "Kaspersky",
                    "engine_version": "21.0.1.45",
                    "result": null,
                    "method": "blacklist",
                    "engine_update": "20220720"
                },
                "BitDefender": {
                    "category": "undetected",
                    "engine_name": "BitDefender",
                    "engine_version": "7.2",
                    "result": null,
                    "method": "blacklist",
                    "engine_update": "20220720"
                },
                "NANO-Antivirus": {
                    "category": "undetected",
                    "engine_name": "NANO-Antivirus",
                    "engine_version": "1.0.146.25618",
                    "result": null,
                    "method": "blacklist",
                    "engine_update": "20220719"
                },
                "SUPERAntiSpyware": {
                    "category": "undetected",
                    "engine_name": "SUPERAntiSpyware",
                    "engine_version": "5.6.0.1032",
                    "result": null,
                    "method": "blacklist",
                    "engine_update": "20220716"
                },
                "Tencent": {
                    "category": "undetected",
                    "engine_name": "Tencent",
                    "engine_version": "1.0.0.1",
                    "result": null,
                    "method": "blacklist",
                    "engine_update": "20220720"
                },
                "Ad-Aware": {
                    "category": "undetected",
                    "engine_name": "Ad-Aware",
                    "engine_version": "3.0.21.193",
                    "result": null,
                    "method": "blacklist",
                    "engine_update": "20220720"
                },
                "TACHYON": {
                    "category": "undetected",
                    "engine_name": "TACHYON",
                    "engine_version": "2022-07-20.01",
                    "result": null,
                    "method": "blacklist",
                    "engine_update": "20220720"
                },
                "Emsisoft": {
                    "category": "undetected",
                    "engine_name": "Emsisoft",
                    "engine_version": "2021.5.0.7597",
                    "result": null,
                    "method": "blacklist",
                    "engine_update": "20220720"
                },
                "Comodo": {
                    "category": "undetected",
                    "engine_name": "Comodo",
                    "engine_version": "34820",
                    "result": null,
                    "method": "blacklist",
                    "engine_update": "20220720"
                },
                "F-Secure": {
                    "category": "undetected",
                    "engine_name": "F-Secure",
                    "engine_version": "18.10.978.51",
                    "result": null,
                    "method": "blacklist",
                    "engine_update": "20220720"
                },
                "DrWeb": {
                    "category": "undetected",
                    "engine_name": "DrWeb",
                    "engine_version": "7.0.56.4040",
                    "result": null,
                    "method": "blacklist",
                    "engine_update": "20220720"
                },
                "Zillya": {
                    "category": "undetected",
                    "engine_name": "Zillya",
                    "engine_version": "2.0.0.4673",
                    "result": null,
                    "method": "blacklist",
                    "engine_update": "20220719"
                },
                "TrendMicro": {
                    "category": "undetected",
                    "engine_name": "TrendMicro",
                    "engine_version": "11.0.0.1006",
                    "result": null,
                    "method": "blacklist",
                    "engine_update": "20220720"
                },
                "McAfee-GW-Edition": {
                    "category": "undetected",
                    "engine_name": "McAfee-GW-Edition",
                    "engine_version": "v2019.1.2+3728",
                    "result": null,
                    "method": "blacklist",
                    "engine_update": "20220720"
                },
                "SentinelOne": {
                    "category": "type-unsupported",
                    "engine_name": "SentinelOne",
                    "engine_version": "22.2.1.2",
                    "result": null,
                    "method": "blacklist",
                    "engine_update": "20220330"
                },
                "Trapmine": {
                    "category": "type-unsupported",
                    "engine_name": "Trapmine",
                    "engine_version": "3.5.48.101",
                    "result": null,
                    "method": "blacklist",
                    "engine_update": "20220707"
                },
                "Sophos": {
                    "category": "undetected",
                    "engine_name": "Sophos",
                    "engine_version": "1.4.1.0",
                    "result": null,
                    "method": "blacklist",
                    "engine_update": "20220720"
                },
                "Paloalto": {
                    "category": "type-unsupported",
                    "engine_name": "Paloalto",
                    "engine_version": "0.9.0.1003",
                    "result": null,
                    "method": "blacklist",
                    "engine_update": "20220720"
                },
                "Avast-Mobile": {
                    "category": "undetected",
                    "engine_name": "Avast-Mobile",
                    "engine_version": "220718-00",
                    "result": null,
                    "method": "blacklist",
                    "engine_update": "20220718"
                },
                "Jiangmin": {
                    "category": "undetected",
                    "engine_name": "Jiangmin",
                    "engine_version": "16.0.100",
                    "result": null,
                    "method": "blacklist",
                    "engine_update": "20220719"
                },
                "Webroot": {
                    "category": "type-unsupported",
                    "engine_name": "Webroot",
                    "engine_version": "1.0.0.403",
                    "result": null,
                    "method": "blacklist",
                    "engine_update": "20220720"
                },
                "Avira": {
                    "category": "undetected",
                    "engine_name": "Avira",
                    "engine_version": "8.3.3.14",
                    "result": null,
                    "method": "blacklist",
                    "engine_update": "20220720"
                },
                "Antiy-AVL": {
                    "category": "undetected",
                    "engine_name": "Antiy-AVL",
                    "engine_version": "3.0",
                    "result": null,
                    "method": "blacklist",
                    "engine_update": "20220720"
                },
                "Kingsoft": {
                    "category": "undetected",
                    "engine_name": "Kingsoft",
                    "engine_version": "2017.9.26.565",
                    "result": null,
                    "method": "blacklist",
                    "engine_update": "20220720"
                },
                "Gridinsoft": {
                    "category": "undetected",
                    "engine_name": "Gridinsoft",
                    "engine_version": "1.0.85.174",
                    "result": null,
                    "method": "blacklist",
                    "engine_update": "20220720"
                },
                "Microsoft": {
                    "category": "undetected",
                    "engine_name": "Microsoft",
                    "engine_version": "1.1.19400.3",
                    "result": null,
                    "method": "blacklist",
                    "engine_update": "20220720"
                },
                "ViRobot": {
                    "category": "undetected",
                    "engine_name": "ViRobot",
                    "engine_version": "2014.3.20.0",
                    "result": null,
                    "method": "blacklist",
                    "engine_update": "20220720"
                },
                "ZoneAlarm": {
                    "category": "undetected",
                    "engine_name": "ZoneAlarm",
                    "engine_version": "1.0",
                    "result": null,
                    "method": "blacklist",
                    "engine_update": "20220720"
                },
                "GData": {
                    "category": "undetected",
                    "engine_name": "GData",
                    "engine_version": "A:25.33540B:27.28140",
                    "result": null,
                    "method": "blacklist",
                    "engine_update": "20220720"
                },
                "Cynet": {
                    "category": "undetected",
                    "engine_name": "Cynet",
                    "engine_version": "4.0.0.27",
                    "result": null,
                    "method": "blacklist",
                    "engine_update": "20220720"
                },
                "BitDefenderFalx": {
                    "category": "undetected",
                    "engine_name": "BitDefenderFalx",
                    "engine_version": "2.0.936",
                    "result": null,
                    "method": "blacklist",
                    "engine_update": "20220103"
                },
                "AhnLab-V3": {
                    "category": "undetected",
                    "engine_name": "AhnLab-V3",
                    "engine_version": "3.22.1.10283",
                    "result": null,
                    "method": "blacklist",
                    "engine_update": "20220719"
                },
                "Acronis": {
                    "category": "undetected",
                    "engine_name": "Acronis",
                    "engine_version": "1.2.0.108",
                    "result": null,
                    "method": "blacklist",
                    "engine_update": "20220426"
                },
                "BitDefenderTheta": {
                    "category": "undetected",
                    "engine_name": "BitDefenderTheta",
                    "engine_version": "7.2.37796.0",
                    "result": null,
                    "method": "blacklist",
                    "engine_update": "20220718"
                },
                "ALYac": {
                    "category": "undetected",
                    "engine_name": "ALYac",
                    "engine_version": "1.1.3.1",
                    "result": null,
                    "method": "blacklist",
                    "engine_update": "20220720"
                },
                "MAX": {
                    "category": "undetected",
                    "engine_name": "MAX",
                    "engine_version": "2019.9.16.1",
                    "result": null,
                    "method": "blacklist",
                    "engine_update": "20220720"
                },
                "VBA32": {
                    "category": "undetected",
                    "engine_name": "VBA32",
                    "engine_version": "5.0.0",
                    "result": null,
                    "method": "blacklist",
                    "engine_update": "20220719"
                },
                "Cylance": {
                    "category": "type-unsupported",
                    "engine_name": "Cylance",
                    "engine_version": "2.3.1.101",
                    "result": null,
                    "method": "blacklist",
                    "engine_update": "20220720"
                },
                "Zoner": {
                    "category": "undetected",
                    "engine_name": "Zoner",
                    "engine_version": "2.2.2.0",
                    "result": null,
                    "method": "blacklist",
                    "engine_update": "20220719"
                },
                "Rising": {
                    "category": "undetected",
                    "engine_name": "Rising",
                    "engine_version": "25.0.0.27",
                    "result": null,
                    "method": "blacklist",
                    "engine_update": "20220720"
                },
                "Yandex": {
                    "category": "undetected",
                    "engine_name": "Yandex",
                    "engine_version": "5.5.2.24",
                    "result": null,
                    "method": "blacklist",
                    "engine_update": "20220719"
                },
                "Ikarus": {
                    "category": "undetected",
                    "engine_name": "Ikarus",
                    "engine_version": "6.0.24.0",
                    "result": null,
                    "method": "blacklist",
                    "engine_update": "20220719"
                },
                "MaxSecure": {
                    "category": "undetected",
                    "engine_name": "MaxSecure",
                    "engine_version": "1.0.0.1",
                    "result": null,
                    "method": "blacklist",
                    "engine_update": "20220719"
                },
                "Fortinet": {
                    "category": "undetected",
                    "engine_name": "Fortinet",
                    "engine_version": "6.4.258.0",
                    "result": null,
                    "method": "blacklist",
                    "engine_update": "20220720"
                },
                "Cybereason": {
                    "category": "type-unsupported",
                    "engine_name": "Cybereason",
                    "engine_version": "1.2.449",
                    "result": null,
                    "method": "blacklist",
                    "engine_update": "20210330"
                },
                "Panda": {
                    "category": "undetected",
                    "engine_name": "Panda",
                    "engine_version": "4.6.4.2",
                    "result": null,
                    "method": "blacklist",
                    "engine_update": "20220719"
                },
                "CrowdStrike": {
                    "category": "type-unsupported",
                    "engine_name": "CrowdStrike",
                    "engine_version": "1.0",
                    "result": null,
                    "method": "blacklist",
                    "engine_update": "20220418"
                }
            },
            "sha256": "00005958e2e97ff7a887eaa58e06b0f3c217fdfc2940dcf76a4b60a9d8a98832",
            "tags": [
                "apk",
                "android",
                "runtime-modules",
                "reflection",
                "telephony"
            ],
            "last_analysis_date": 1658294024,
            "unique_sources": 3,
            "first_submission_date": 1535027772,
            "sha1": "50d481768fe49bf40131a115abdae25abcaf5e54",
            "ssdeep": "98304:IdboGQJHhXH3/pyxyeTkf90Tk/+Fw7ZMmv/:I1oGgXXRgyeTSgk/+FK1X",
            "bundle_info": {
                "highest_datetime": "1980-00-00 00:00:00",
                "lowest_datetime": "1980-00-00 00:00:00",
                "num_children": 578,
                "extensions": {
                    "xml": 262,
                    "dex": 1,
                    "MF": 1,
                    "RSA": 1,
                    "SF": 1,
                    "png": 295
                },
                "file_types": {
                    "XML": 258,
                    "unknown": 24,
                    "DEX": 1,
                    "PNG": 295
                },
                "type": "APK",
                "uncompressed_size": 6880490
            },
            "md5": "530078a7234849a482e148b5fd962633",
            "androguard": {
                "VTAndroidInfo": 2.0,
                "AndroidApplicationError": false,
                "MinSdkVersion": "16",
                "AndroguardVersion": "3.4.0a1",
                "Activities": [
                    "com.a24thlab.aggregatecalculator.MainActivity",
                    "com.a24thlab.aggregatecalculator.Nust_Aggregate",
                    "com.a24thlab.aggregatecalculator.Pieas_Aggregate",
                    "com.a24thlab.aggregatecalculator.UetTaxila_Aggregate",
                    "com.a24thlab.aggregatecalculator.UetPeshawar_Aggregate",
                    "com.a24thlab.aggregatecalculator.Fast_Aggregate",
                    "com.a24thlab.aggregatecalculator.Hitec_Aggregate",
                    "com.a24thlab.aggregatecalculator.Comsats_Aggregate",
                    "com.a24thlab.aggregatecalculator.Ist_Aggregate",
                    "com.a24thlab.aggregatecalculator.Giki_Aggregate",
                    "com.a24thlab.aggregatecalculator.Muet_Aggregate",
                    "com.a24thlab.aggregatecalculator.Qua_Aggregate",
                    "com.a24thlab.aggregatecalculator.Others_Aggregate",
                    "com.a24thlab.aggregatecalculator.Fast_Calculator",
                    "com.a24thlab.aggregatecalculator.Giki_Calculalor",
                    "com.a24thlab.aggregatecalculator.Ist_Calculator",
                    "com.a24thlab.aggregatecalculator.Muet_Calculator",
                    "com.a24thlab.aggregatecalculator.Nust_Merit",
                    "com.a24thlab.aggregatecalculator.Pieas_Merit",
                    "com.a24thlab.aggregatecalculator.Qua_Merit",
                    "com.a24thlab.aggregatecalculator.UetPeshawar_Merit",
                    "com.a24thlab.aggregatecalculator.Uettaxila_merit",
                    "com.a24thlab.aggregatecalculator.Comsats_Calculator",
                    "com.a24thlab.aggregatecalculator.Hitec_Calculator",
                    "com.a24thlab.aggregatecalculator.UetLahore_Aggregate",
                    "com.a24thlab.aggregatecalculator.UetLahore_Merit",
                    "com.a24thlab.aggregatecalculator.Web_Activity",
                    "com.a24thlab.aggregatecalculator.Giki_Aggregate_2",
                    "com.a24thlab.aggregatecalculator.Ist_Aggregate_2",
                    "com.google.android.gms.ads.AdActivity"
                ],
                "certificate": {
                    "Subject": {
                        "DN": "C:0092, CN:Salman Nadeem, L:Gujranwala, O:24th Lab, ST:Punjab, OU:Best Apps",
                        "C": "0092",
                        "CN": "Salman Nadeem",
                        "L": "Gujranwala",
                        "O": "24th Lab",
                        "ST": "Punjab",
                        "OU": "Best Apps"
                    },
                    "validto": "2040-09-11 10:14:04",
                    "serialnumber": "6a1449da",
                    "thumbprint": "3a7a4666994e6f7ce0084cca917df9ca47e418fa",
                    "validfrom": "2016-09-17 10:14:04",
                    "Issuer": {
                        "DN": "C:0092, CN:Salman Nadeem, L:Gujranwala, O:24th Lab, ST:Punjab, OU:Best Apps",
                        "C": "0092",
                        "CN": "Salman Nadeem",
                        "L": "Gujranwala",
                        "O": "24th Lab",
                        "ST": "Punjab",
                        "OU": "Best Apps"
                    }
                },
                "AndroidApplication": 1,
                "RiskIndicator": {
                    "APK": {
                        "DEX": 1
                    },
                    "PERM": {
                        "NORMAL": 2,
                        "INSTANT": 2,
                        "INTERNET": 1,
                        "PRIVACY": 2,
                        "GPS": 2
                    }
                },
                "Services": [
                    "com.google.android.gms.measurement.AppMeasurementService",
                    "com.google.android.gms.measurement.AppMeasurementJobService",
                    "com.google.firebase.iid.FirebaseInstanceIdService"
                ],
                "AndroidVersionCode": "11",
                "main_activity": "com.a24thlab.aggregatecalculator.MainActivity",
                "Package": "com.a24thlab.aggregatecalculator",
                "intent_filters": {
                    "Services": {
                        "com.google.firebase.iid.FirebaseInstanceIdService": {
                            "action": [
                                "com.google.firebase.INSTANCE_ID_EVENT"
                            ]
                        }
                    },
                    "Activities": {
                        "com.a24thlab.aggregatecalculator.MainActivity": {
                            "action": [
                                "android.intent.action.MAIN"
                            ],
                            "category": [
                                "android.intent.category.LAUNCHER"
                            ]
                        }
                    },
                    "Receivers": {
                        "com.google.android.gms.measurement.AppMeasurementInstallReferrerReceiver": {
                            "action": [
                                "com.android.vending.INSTALL_REFERRER"
                            ]
                        },
                        "com.google.firebase.iid.FirebaseInstanceIdReceiver": {
                            "action": [
                                "com.google.android.c2dm.intent.RECEIVE"
                            ],
                            "category": [
                                "com.a24thlab.aggregatecalculator"
                            ]
                        }
                    }
                },
                "AndroidVersionName": "4.0",
                "TargetSdkVersion": "27",
                "AndroidApplicationInfo": "APK",
                "Providers": [
                    "com.google.firebase.provider.FirebaseInitProvider"
                ],
                "permission_details": {
                    "android.permission.ACCESS_FINE_LOCATION": {
                        "short_description": "access precise location (GPS and\n      network-based)",
                        "full_description": "This app can get your location based on GPS or network location sources such as cell towers and Wi-Fi networks. These location services must be turned on and available on your phone for the app to be able to use them. This may increase battery consumption.",
                        "permission_type": "dangerous|instant"
                    },
                    "com.google.android.c2dm.permission.RECEIVE": {
                        "short_description": "Unknown permission from android reference",
                        "full_description": "Unknown permission from android reference",
                        "permission_type": "normal"
                    },
                    "android.permission.ACCESS_NETWORK_STATE": {
                        "short_description": "view network connections",
                        "full_description": "Allows the app to view\n      information about network connections such as which networks exist and are\n      connected.",
                        "permission_type": "normal|instant"
                    },
                    "android.permission.ACCESS_COARSE_LOCATION": {
                        "short_description": "access approximate location\n      (network-based)",
                        "full_description": "This app can get your location based on network sources such as cell towers and Wi-Fi networks. These location services must be turned on and available on your phone for the app to be able to use them.",
                        "permission_type": "dangerous|instant"
                    },
                    "android.permission.WAKE_LOCK": {
                        "short_description": "prevent phone from sleeping",
                        "full_description": "Allows the app to prevent the phone from going to sleep.",
                        "permission_type": "normal|instant"
                    },
                    "android.permission.INTERNET": {
                        "short_description": "have full network access",
                        "full_description": "Allows the app to create\n     network sockets and use custom network protocols. The browser and other\n     applications provide means to send data to the internet, so this\n     permission is not required to send data to the internet.",
                        "permission_type": "normal|instant"
                    },
                    "com.a24thlab.aggregatecalculator.permission.C2D_MESSAGE": {
                        "short_description": "Unknown permission from android reference",
                        "full_description": "Unknown permission from android reference",
                        "permission_type": "normal"
                    }
                },
                "Receivers": [
                    "com.google.android.gms.measurement.AppMeasurementReceiver",
                    "com.google.android.gms.measurement.AppMeasurementInstallReferrerReceiver",
                    "com.google.firebase.iid.FirebaseInstanceIdReceiver"
                ],
                "StringsInformation": [
                    "http://schemas.android.com/apk/res/android",
                    "http://uettaxila.edu.pk/",
                    "http://www.example.com",
                    "http://www.giki.edu.pk/",
                    "http://www.google.com",
                    "http://www.hitecuni.edu.pk",
                    "http://www.ist.edu.pk/",
                    "http://www.muet.edu.pk/",
                    "http://www.nu.edu.pk/",
                    "http://www.nust.edu.pk/",
                    "http://www.pieas.edu.pk/",
                    "http://www.uet.edu.pk/",
                    "http://www.uetpeshawar.edu.pk/",
                    "https://app-measurement.com/a",
                    "https://csi.gstatic.com/csi",
                    "https://googleads.g.doubleclick.net/mads/static/mad/sdk/native/mraid/v2/mraid_app_banner.js",
                    "https://googleads.g.doubleclick.net/mads/static/mad/sdk/native/mraid/v2/mraid_app_expanded_banner.js",
                    "https://googleads.g.doubleclick.net/mads/static/mad/sdk/native/mraid/v2/mraid_app_interstitial.js",
                    "https://googleads.g.doubleclick.net/mads/static/mad/sdk/native/native_ads.html",
                    "https://googleads.g.doubleclick.net/mads/static/mad/sdk/native/production/native_ads.js",
                    "https://googleads.g.doubleclick.net/mads/static/mad/sdk/native/production/sdk-core-v40-impl.js",
                    "https://googleads.g.doubleclick.net/mads/static/mad/sdk/native/sdk-core-v40.html",
                    "https://imasdk.googleapis.com/admob/sdkloader/native_video.html",
                    "https://pagead2.googlesyndication.com/pagead/gen_204",
                    "https://pagead2.googlesyndication.com/pagead/gen_204?id=gmob-apps",
                    "https://plus.google.com/",
                    "https://qau.edu.pk/",
                    "https://support.google.com/dfp_premium/answer/7160685#push",
                    "https://www.comsats.edu.pk/",
                    "https://www.google.com",
                    "https://www.google.com/dfp/debugSignals",
                    "https://www.google.com/dfp/inAppPreview",
                    "https://www.google.com/dfp/linkDevice",
                    "https://www.google.com/dfp/sendDebugData",
                    "https://www.googleapis.com/auth/appstate",
                    "https://www.googleapis.com/auth/datastoremobile",
                    "https://www.googleapis.com/auth/drive.appdata",
                    "https://www.googleapis.com/auth/drive.file",
                    "https://www.googleapis.com/auth/fitness.activity.read",
                    "https://www.googleapis.com/auth/fitness.activity.write",
                    "https://www.googleapis.com/auth/fitness.body.read",
                    "https://www.googleapis.com/auth/fitness.body.write",
                    "https://www.googleapis.com/auth/fitness.location.read",
                    "https://www.googleapis.com/auth/fitness.location.write",
                    "https://www.googleapis.com/auth/fitness.nutrition.read",
                    "https://www.googleapis.com/auth/fitness.nutrition.write",
                    "https://www.googleapis.com/auth/games",
                    "https://www.googleapis.com/auth/plus.login",
                    "https://www.googleapis.com/auth/plus.me"
                ]
            },
            "magic": "Zip archive data",
            "last_analysis_stats": {
                "harmless": 0,
                "type-unsupported": 10,
                "suspicious": 0,
                "confirmed-timeout": 0,
                "timeout": 0,
                "failure": 0,
                "malicious": 0,
                "undetected": 63
            },
            "meaningful_name": "00005958E2E97FF7A887EAA58E06B0F3C217FDFC2940DCF76A4B60A9D8A98832.apk",
            "reputation": 0
        },
        "type": "file",
        "id": "00005958e2e97ff7a887eaa58e06b0f3c217fdfc2940dcf76a4b60a9d8a98832",
        "links": {
            "self": "https://www.virustotal.com/api/v3/files/00005958e2e97ff7a887eaa58e06b0f3c217fdfc2940dcf76a4b60a9d8a98832"
        }
    }
}