{
    "data": {
        "attributes": {
            "type_description": "Android",
            "tlsh": "T18806F14EF7489B2EC47781338AA70636615B4C09BA42D6476A68B32C19B7ED05F47FCC",
            "vhash": "3fbd057d4bf6eb965dc632a755e0c9e5",
            "trid": [
                {
                    "file_type": "Android Package",
                    "probability": 57.0
                },
                {
                    "file_type": "Java Archive",
                    "probability": 20.0
                },
                {
                    "file_type": "Sweet Home 3D design (generic)",
                    "probability": 15.5
                },
                {
                    "file_type": "ZIP compressed archive",
                    "probability": 5.9
                },
                {
                    "file_type": "PrintFox/Pagefox bitmap (640x800)",
                    "probability": 1.4
                }
            ],
            "names": [
                "MoveToSdcard-7.7.1.apk",
                "move-app-to-sd-card-7-7-1.apk",
                "000117948810F5DE07F0B296F68535C72B68E4A74B695CE08C488E319FCBF906.apk",
                "com-ljmobile-move-app-70701-54956226-d7c1ad5d8b1c7e77a9c7941021d3c59d.apk",
                "87dfbacc2e2fe02d43db0fae3fb82676e366f822.apk",
                "move-app-to-sd-card.apk",
                "com.ljmobile.move.app.apk",
                "D7C1AD5D8B1C7E77A9C7941021D3C59D"
            ],
            "last_modification_date": 1658190105,
            "type_tag": "android",
            "times_submitted": 9,
            "total_votes": {
                "harmless": 0,
                "malicious": 0
            },
            "size": 3802954,
            "type_extension": "apk",
            "last_submission_date": 1658190105,
            "last_analysis_results": {
                "Bkav": {
                    "category": "undetected",
                    "engine_name": "Bkav",
                    "engine_version": "1.3.0.9899",
                    "result": null,
                    "method": "blacklist",
                    "engine_update": "20220413"
                },
                "Lionic": {
                    "category": "undetected",
                    "engine_name": "Lionic",
                    "engine_version": "7.5",
                    "result": null,
                    "method": "blacklist",
                    "engine_update": "20220415"
                },
                "Elastic": {
                    "category": "undetected",
                    "engine_name": "Elastic",
                    "engine_version": "4.0.35",
                    "result": null,
                    "method": "blacklist",
                    "engine_update": "20220302"
                },
                "DrWeb": {
                    "category": "undetected",
                    "engine_name": "DrWeb",
                    "engine_version": "7.0.54.3080",
                    "result": null,
                    "method": "blacklist",
                    "engine_update": "20220415"
                },
                "MicroWorld-eScan": {
                    "category": "undetected",
                    "engine_name": "MicroWorld-eScan",
                    "engine_version": "14.0.409.0",
                    "result": null,
                    "method": "blacklist",
                    "engine_update": "20220415"
                },
                "FireEye": {
                    "category": "undetected",
                    "engine_name": "FireEye",
                    "engine_version": "32.44.1.0",
                    "result": null,
                    "method": "blacklist",
                    "engine_update": "20220415"
                },
                "CAT-QuickHeal": {
                    "category": "undetected",
                    "engine_name": "CAT-QuickHeal",
                    "engine_version": "14.00",
                    "result": null,
                    "method": "blacklist",
                    "engine_update": "20220414"
                },
                "ALYac": {
                    "category": "undetected",
                    "engine_name": "ALYac",
                    "engine_version": "1.1.3.1",
                    "result": null,
                    "method": "blacklist",
                    "engine_update": "20220415"
                },
                "Malwarebytes": {
                    "category": "undetected",
                    "engine_name": "Malwarebytes",
                    "engine_version": "4.2.2.27",
                    "result": null,
                    "method": "blacklist",
                    "engine_update": "20220414"
                },
                "Paloalto": {
                    "category": "type-unsupported",
                    "engine_name": "Paloalto",
                    "engine_version": "0.9.0.1003",
                    "result": null,
                    "method": "blacklist",
                    "engine_update": "20220415"
                },
                "Sangfor": {
                    "category": "undetected",
                    "engine_name": "Sangfor",
                    "engine_version": "2.9.0.0",
                    "result": null,
                    "method": "blacklist",
                    "engine_update": "20220409"
                },
                "Trustlook": {
                    "category": "undetected",
                    "engine_name": "Trustlook",
                    "engine_version": "1.0",
                    "result": null,
                    "method": "blacklist",
                    "engine_update": "20220415"
                },
                "BitDefender": {
                    "category": "undetected",
                    "engine_name": "BitDefender",
                    "engine_version": "7.2",
                    "result": null,
                    "method": "blacklist",
                    "engine_update": "20220415"
                },
                "K7GW": {
                    "category": "undetected",
                    "engine_name": "K7GW",
                    "engine_version": "12.6.41846",
                    "result": null,
                    "method": "blacklist",
                    "engine_update": "20220415"
                },
                "K7AntiVirus": {
                    "category": "undetected",
                    "engine_name": "K7AntiVirus",
                    "engine_version": "12.6.41841",
                    "result": null,
                    "method": "blacklist",
                    "engine_update": "20220414"
                },
                "Arcabit": {
                    "category": "undetected",
                    "engine_name": "Arcabit",
                    "engine_version": "1.0.0.889",
                    "result": null,
                    "method": "blacklist",
                    "engine_update": "20220415"
                },
                "BitDefenderTheta": {
                    "category": "undetected",
                    "engine_name": "BitDefenderTheta",
                    "engine_version": "7.2.37796.0",
                    "result": null,
                    "method": "blacklist",
                    "engine_update": "20220412"
                },
                "VirIT": {
                    "category": "undetected",
                    "engine_name": "VirIT",
                    "engine_version": "9.5.176",
                    "result": null,
                    "method": "blacklist",
                    "engine_update": "20220414"
                },
                "Cyren": {
                    "category": "undetected",
                    "engine_name": "Cyren",
                    "engine_version": "6.5.1.2",
                    "result": null,
                    "method": "blacklist",
                    "engine_update": "20220415"
                },
                "SymantecMobileInsight": {
                    "category": "undetected",
                    "engine_name": "SymantecMobileInsight",
                    "engine_version": "2.0",
                    "result": null,
                    "method": "blacklist",
                    "engine_update": "20220208"
                },
                "Symantec": {
                    "category": "undetected",
                    "engine_name": "Symantec",
                    "engine_version": "1.17.0.0",
                    "result": null,
                    "method": "blacklist",
                    "engine_update": "20220414"
                },
                "tehtris": {
                    "category": "type-unsupported",
                    "engine_name": "tehtris",
                    "engine_version": "v0.0.7",
                    "result": null,
                    "method": "blacklist",
                    "engine_update": "20220415"
                },
                "ESET-NOD32": {
                    "category": "undetected",
                    "engine_name": "ESET-NOD32",
                    "engine_version": "25110",
                    "result": null,
                    "method": "blacklist",
                    "engine_update": "20220415"
                },
                "APEX": {
                    "category": "type-unsupported",
                    "engine_name": "APEX",
                    "engine_version": "6.281",
                    "result": null,
                    "method": "blacklist",
                    "engine_update": "20220413"
                },
                "TrendMicro-HouseCall": {
                    "category": "undetected",
                    "engine_name": "TrendMicro-HouseCall",
                    "engine_version": "10.0.0.1040",
                    "result": null,
                    "method": "blacklist",
                    "engine_update": "20220415"
                },
                "Avast": {
                    "category": "undetected",
                    "engine_name": "Avast",
                    "engine_version": "21.1.5827.0",
                    "result": null,
                    "method": "blacklist",
                    "engine_update": "20220415"
                },
                "ClamAV": {
                    "category": "undetected",
                    "engine_name": "ClamAV",
                    "engine_version": "0.104.2.0",
                    "result": null,
                    "method": "blacklist",
                    "engine_update": "20220414"
                },
                "Kaspersky": {
                    "category": "undetected",
                    "engine_name": "Kaspersky",
                    "engine_version": "21.0.1.45",
                    "result": null,
                    "method": "blacklist",
                    "engine_update": "20220415"
                },
                "Alibaba": {
                    "category": "undetected",
                    "engine_name": "Alibaba",
                    "engine_version": "0.3.0.5",
                    "result": null,
                    "method": "blacklist",
                    "engine_update": "20190527"
                },
                "NANO-Antivirus": {
                    "category": "undetected",
                    "engine_name": "NANO-Antivirus",
                    "engine_version": "1.0.146.25576",
                    "result": null,
                    "method": "blacklist",
                    "engine_update": "20220415"
                },
                "ViRobot": {
                    "category": "undetected",
                    "engine_name": "ViRobot",
                    "engine_version": "2014.3.20.0",
                    "result": null,
                    "method": "blacklist",
                    "engine_update": "20220414"
                },
                "Rising": {
                    "category": "undetected",
                    "engine_name": "Rising",
                    "engine_version": "25.0.0.27",
                    "result": null,
                    "method": "blacklist",
                    "engine_update": "20220414"
                },
                "Ad-Aware": {
                    "category": "undetected",
                    "engine_name": "Ad-Aware",
                    "engine_version": "3.0.21.193",
                    "result": null,
                    "method": "blacklist",
                    "engine_update": "20220415"
                },
                "Sophos": {
                    "category": "undetected",
                    "engine_name": "Sophos",
                    "engine_version": "1.4.1.0",
                    "result": null,
                    "method": "blacklist",
                    "engine_update": "20220414"
                },
                "Comodo": {
                    "category": "undetected",
                    "engine_name": "Comodo",
                    "engine_version": "34532",
                    "result": null,
                    "method": "blacklist",
                    "engine_update": "20220415"
                },
                "F-Secure": {
                    "category": "undetected",
                    "engine_name": "F-Secure",
                    "engine_version": "12.0.86.52",
                    "result": null,
                    "method": "blacklist",
                    "engine_update": "20220415"
                },
                "Baidu": {
                    "category": "undetected",
                    "engine_name": "Baidu",
                    "engine_version": "1.0.0.2",
                    "result": null,
                    "method": "blacklist",
                    "engine_update": "20190318"
                },
                "Zillya": {
                    "category": "undetected",
                    "engine_name": "Zillya",
                    "engine_version": "2.0.0.4612",
                    "result": null,
                    "method": "blacklist",
                    "engine_update": "20220414"
                },
                "TrendMicro": {
                    "category": "undetected",
                    "engine_name": "TrendMicro",
                    "engine_version": "11.0.0.1006",
                    "result": null,
                    "method": "blacklist",
                    "engine_update": "20220415"
                },
                "McAfee-GW-Edition": {
                    "category": "undetected",
                    "engine_name": "McAfee-GW-Edition",
                    "engine_version": "v2019.1.2+3728",
                    "result": null,
                    "method": "blacklist",
                    "engine_update": "20220414"
                },
                "SentinelOne": {
                    "category": "type-unsupported",
                    "engine_name": "SentinelOne",
                    "engine_version": "22.2.1.2",
                    "result": null,
                    "method": "blacklist",
                    "engine_update": "20220330"
                },
                "Trapmine": {
                    "category": "type-unsupported",
                    "engine_name": "Trapmine",
                    "engine_version": "3.5.45.75",
                    "result": null,
                    "method": "blacklist",
                    "engine_update": "20220217"
                },
                "CMC": {
                    "category": "undetected",
                    "engine_name": "CMC",
                    "engine_version": "2.10.2019.1",
                    "result": null,
                    "method": "blacklist",
                    "engine_update": "20211026"
                },
                "Emsisoft": {
                    "category": "undetected",
                    "engine_name": "Emsisoft",
                    "engine_version": "2021.5.0.7597",
                    "result": null,
                    "method": "blacklist",
                    "engine_update": "20220415"
                },
                "Ikarus": {
                    "category": "undetected",
                    "engine_name": "Ikarus",
                    "engine_version": "6.0.23.0",
                    "result": null,
                    "method": "blacklist",
                    "engine_update": "20220414"
                },
                "GData": {
                    "category": "undetected",
                    "engine_name": "GData",
                    "engine_version": "A:25.32808B:27.27029",
                    "result": null,
                    "method": "blacklist",
                    "engine_update": "20220415"
                },
                "Jiangmin": {
                    "category": "malicious",
                    "engine_name": "Jiangmin",
                    "engine_version": "16.0.100",
                    "result": "Trojan.AndroidOS.bxpi",
                    "method": "blacklist",
                    "engine_update": "20220414"
                },
                "Webroot": {
                    "category": "type-unsupported",
                    "engine_name": "Webroot",
                    "engine_version": "1.0.0.403",
                    "result": null,
                    "method": "blacklist",
                    "engine_update": "20220415"
                },
                "Avira": {
                    "category": "undetected",
                    "engine_name": "Avira",
                    "engine_version": "8.3.3.14",
                    "result": null,
                    "method": "blacklist",
                    "engine_update": "20220415"
                },
                "Antiy-AVL": {
                    "category": "undetected",
                    "engine_name": "Antiy-AVL",
                    "engine_version": "3.0.0.1",
                    "result": null,
                    "method": "blacklist",
                    "engine_update": "20220415"
                },
                "Kingsoft": {
                    "category": "undetected",
                    "engine_name": "Kingsoft",
                    "engine_version": "2017.9.26.565",
                    "result": null,
                    "method": "blacklist",
                    "engine_update": "20220415"
                },
                "Gridinsoft": {
                    "category": "undetected",
                    "engine_name": "Gridinsoft",
                    "engine_version": "1.0.75.174",
                    "result": null,
                    "method": "blacklist",
                    "engine_update": "20220415"
                },
                "Microsoft": {
                    "category": "undetected",
                    "engine_name": "Microsoft",
                    "engine_version": "1.1.19100.5",
                    "result": null,
                    "method": "blacklist",
                    "engine_update": "20220414"
                },
                "SUPERAntiSpyware": {
                    "category": "undetected",
                    "engine_name": "SUPERAntiSpyware",
                    "engine_version": "5.6.0.1032",
                    "result": null,
                    "method": "blacklist",
                    "engine_update": "20220409"
                },
                "ZoneAlarm": {
                    "category": "undetected",
                    "engine_name": "ZoneAlarm",
                    "engine_version": "1.0",
                    "result": null,
                    "method": "blacklist",
                    "engine_update": "20220415"
                },
                "Avast-Mobile": {
                    "category": "undetected",
                    "engine_name": "Avast-Mobile",
                    "engine_version": "220414-00",
                    "result": null,
                    "method": "blacklist",
                    "engine_update": "20220414"
                },
                "Cynet": {
                    "category": "undetected",
                    "engine_name": "Cynet",
                    "engine_version": "4.0.0.27",
                    "result": null,
                    "method": "blacklist",
                    "engine_update": "20220415"
                },
                "BitDefenderFalx": {
                    "category": "undetected",
                    "engine_name": "BitDefenderFalx",
                    "engine_version": "2.0.936",
                    "result": null,
                    "method": "blacklist",
                    "engine_update": "20220103"
                },
                "AhnLab-V3": {
                    "category": "undetected",
                    "engine_name": "AhnLab-V3",
                    "engine_version": "3.21.3.10230",
                    "result": null,
                    "method": "blacklist",
                    "engine_update": "20220415"
                },
                "Acronis": {
                    "category": "undetected",
                    "engine_name": "Acronis",
                    "engine_version": "1.2.0.107",
                    "result": null,
                    "method": "blacklist",
                    "engine_update": "20220414"
                },
                "McAfee": {
                    "category": "undetected",
                    "engine_name": "McAfee",
                    "engine_version": "6.0.6.653",
                    "result": null,
                    "method": "blacklist",
                    "engine_update": "20220415"
                },
                "TACHYON": {
                    "category": "undetected",
                    "engine_name": "TACHYON",
                    "engine_version": "2022-04-15.01",
                    "result": null,
                    "method": "blacklist",
                    "engine_update": "20220415"
                },
                "VBA32": {
                    "category": "undetected",
                    "engine_name": "VBA32",
                    "engine_version": "5.0.0",
                    "result": null,
                    "method": "blacklist",
                    "engine_update": "20220414"
                },
                "Cylance": {
                    "category": "type-unsupported",
                    "engine_name": "Cylance",
                    "engine_version": "2.3.1.101",
                    "result": null,
                    "method": "blacklist",
                    "engine_update": "20220415"
                },
                "Zoner": {
                    "category": "undetected",
                    "engine_name": "Zoner",
                    "engine_version": "2.2.2.0",
                    "result": null,
                    "method": "blacklist",
                    "engine_update": "20220414"
                },
                "Tencent": {
                    "category": "undetected",
                    "engine_name": "Tencent",
                    "engine_version": "1.0.0.1",
                    "result": null,
                    "method": "blacklist",
                    "engine_update": "20220415"
                },
                "Yandex": {
                    "category": "undetected",
                    "engine_name": "Yandex",
                    "engine_version": "5.5.2.24",
                    "result": null,
                    "method": "blacklist",
                    "engine_update": "20220414"
                },
                "MAX": {
                    "category": "undetected",
                    "engine_name": "MAX",
                    "engine_version": "2019.9.16.1",
                    "result": null,
                    "method": "blacklist",
                    "engine_update": "20220415"
                },
                "MaxSecure": {
                    "category": "undetected",
                    "engine_name": "MaxSecure",
                    "engine_version": "1.0.0.1",
                    "result": null,
                    "method": "blacklist",
                    "engine_update": "20220414"
                },
                "Fortinet": {
                    "category": "undetected",
                    "engine_name": "Fortinet",
                    "engine_version": "6.2.142.0",
                    "result": null,
                    "method": "blacklist",
                    "engine_update": "20220415"
                },
                "Cybereason": {
                    "category": "type-unsupported",
                    "engine_name": "Cybereason",
                    "engine_version": "1.2.449",
                    "result": null,
                    "method": "blacklist",
                    "engine_update": "20210330"
                },
                "Panda": {
                    "category": "undetected",
                    "engine_name": "Panda",
                    "engine_version": "4.6.4.2",
                    "result": null,
                    "method": "blacklist",
                    "engine_update": "20220414"
                },
                "CrowdStrike": {
                    "category": "type-unsupported",
                    "engine_name": "CrowdStrike",
                    "engine_version": "1.0",
                    "result": null,
                    "method": "blacklist",
                    "engine_update": "20210907"
                }
            },
            "sha256": "000117948810f5de07f0b296f68535c72b68e4a74b695ce08c488e319fcbf906",
            "tags": [
                "obfuscated",
                "reflection",
                "apk",
                "runtime-modules",
                "contains-elf",
                "telephony",
                "clipboard",
                "android"
            ],
            "last_analysis_date": 1649998910,
            "unique_sources": 7,
            "first_submission_date": 1607337102,
            "sha1": "87dfbacc2e2fe02d43db0fae3fb82676e366f822",
            "ssdeep": "49152:GB6teOP55LKTVUZNiytEvH17Q/NQxlmH9G1YKAyH8RdmLcGkbCgjbwIk6:k4DbIE1Kv17+NQvmMymwGlIk6",
            "bundle_info": {
                "highest_datetime": "1980-00-00 00:00:00",
                "lowest_datetime": "1980-00-00 00:00:00",
                "num_children": 729,
                "extensions": {
                    "xml": 344,
                    "dex": 1,
                    "MF": 1,
                    "pro": 2,
                    "RSA": 1,
                    "so": 7,
                    "txt": 1,
                    "SF": 1,
                    "png": 312
                },
                "file_types": {
                    "XML": 344,
                    "DEX": 1,
                    "ZIP": 1,
                    "unknown": 63,
                    "ELF": 7,
                    "HTML": 1,
                    "PNG": 312
                },
                "type": "APK",
                "uncompressed_size": 7787794
            },
            "md5": "d7c1ad5d8b1c7e77a9c7941021d3c59d",
            "androguard": {
                "VTAndroidInfo": 2.0,
                "AndroidApplicationError": false,
                "MinSdkVersion": "21",
                "AndroguardVersion": "3.4.0a1",
                "Activities": [
                    "com.ljmobile.move.app.ui.activity.IndexActivity",
                    "com.ljmobile.move.app.ui.activity.MainActivity",
                    "com.ljmobile.move.app.ui.activity.WebPageActivity",
                    "com.ljmobile.move.app.ui.activity.SmartFragmentActivity",
                    "com.ljmobile.move.app.ui.activity.FeedBackActivity",
                    "com.ljmobile.move.app.ui.activity.RecycleBinActivity",
                    "com.ljmobile.move.app.ui.activity.SystemAppActivity",
                    "com.ljmobile.move.app.ui.activity.UserAppActivity",
                    "com.ljmobile.move.app.ui.activity.MoveAppActivity",
                    "com.ljmobile.move.app.ui.activity.ApkFileActivity",
                    "com.ljmobile.move.app.ui.activity.RootHelpActivity",
                    "com.ljmobile.move.app.ui.activity.ThanksActivity",
                    "com.ljmobile.move.app.ui.activity.ResultActivity",
                    "com.ljmobile.move.app.ui.activity.SettingsActivity",
                    "com.ljmobile.move.app.ui.activity.DirectoryChooserActivity",
                    "com.google.android.gms.ads.AdActivity"
                ],
                "certificate": {
                    "Subject": {
                        "DN": "C:cn, CN:smartproject, L:chaoyang, O:mobile, ST:beijing, OU:cnmobile",
                        "C": "cn",
                        "CN": "smartproject",
                        "L": "chaoyang",
                        "O": "mobile",
                        "ST": "beijing",
                        "OU": "cnmobile"
                    },
                    "validto": "2113-06-11 16:32:21",
                    "serialnumber": "51d6f515",
                    "thumbprint": "79db728de06f9049c5a42c4e42f85e583ba7180c",
                    "validfrom": "2013-07-05 16:32:21",
                    "Issuer": {
                        "DN": "C:cn, CN:smartproject, L:chaoyang, O:mobile, ST:beijing, OU:cnmobile",
                        "C": "cn",
                        "CN": "smartproject",
                        "L": "chaoyang",
                        "O": "mobile",
                        "ST": "beijing",
                        "OU": "cnmobile"
                    }
                },
                "AndroidApplication": 1,
                "RiskIndicator": {
                    "APK": {
                        "DEX": 1,
                        "SHARED LIBRARIES": 7
                    },
                    "PERM": {
                        "INSTANT": 2,
                        "NORMAL": 5,
                        "DANGEROUS": 2,
                        "APPOP": 1,
                        "INTERNET": 1,
                        "SIGNATURE": 1
                    }
                },
                "Services": [
                    "com.ljmobile.move.app.service.DownloadService",
                    "com.google.android.gms.ads.AdService",
                    "androidx.work.impl.background.systemalarm.SystemAlarmService",
                    "androidx.work.impl.background.systemjob.SystemJobService",
                    "androidx.room.MultiInstanceInvalidationService"
                ],
                "AndroidVersionCode": "70701",
                "main_activity": "com.ljmobile.move.app.ui.activity.IndexActivity",
                "Package": "com.ljmobile.move.app",
                "intent_filters": {
                    "Activities": {
                        "com.ljmobile.move.app.ui.activity.IndexActivity": {
                            "action": [
                                "android.intent.action.MAIN"
                            ],
                            "category": [
                                "android.intent.category.LAUNCHER"
                            ]
                        },
                        "com.ljmobile.move.app.ui.activity.MainActivity": {
                            "action": [
                                "android.intent.action.MAIN"
                            ]
                        }
                    },
                    "Receivers": {
                        "androidx.work.impl.background.systemalarm.ConstraintProxy$StorageNotLowProxy": {
                            "action": [
                                "android.intent.action.DEVICE_STORAGE_LOW",
                                "android.intent.action.DEVICE_STORAGE_OK"
                            ]
                        },
                        "androidx.work.impl.background.systemalarm.ConstraintProxy$BatteryNotLowProxy": {
                            "action": [
                                "android.intent.action.BATTERY_OKAY",
                                "android.intent.action.BATTERY_LOW"
                            ]
                        },
                        "androidx.work.impl.background.systemalarm.ConstraintProxy$NetworkStateProxy": {
                            "action": [
                                "android.net.conn.CONNECTIVITY_CHANGE"
                            ]
                        },
                        "androidx.work.impl.background.systemalarm.ConstraintProxyUpdateReceiver": {
                            "action": [
                                "androidx.work.impl.background.systemalarm.UpdateProxies"
                            ]
                        },
                        "androidx.work.impl.background.systemalarm.ConstraintProxy$BatteryChargingProxy": {
                            "action": [
                                "android.intent.action.ACTION_POWER_CONNECTED",
                                "android.intent.action.ACTION_POWER_DISCONNECTED"
                            ]
                        },
                        "androidx.work.impl.background.systemalarm.RescheduleReceiver": {
                            "action": [
                                "android.intent.action.BOOT_COMPLETED",
                                "android.intent.action.TIME_SET",
                                "android.intent.action.TIMEZONE_CHANGED"
                            ]
                        }
                    }
                },
                "AndroidVersionName": "7.7.1",
                "TargetSdkVersion": "29",
                "AndroidApplicationInfo": "APK",
                "Providers": [
                    "androidx.core.content.FileProvider",
                    "androidx.lifecycle.ProcessLifecycleOwnerInitializer",
                    "com.google.android.gms.ads.MobileAdsInitProvider",
                    "androidx.work.impl.WorkManagerInitializer"
                ],
                "permission_details": {
                    "android.permission.REQUEST_DELETE_PACKAGES": {
                        "short_description": "request delete packages",
                        "full_description": "Allows an application to request deletion of packages.",
                        "permission_type": "normal"
                    },
                    "android.permission.READ_EXTERNAL_STORAGE": {
                        "short_description": "read the contents of your shared storage",
                        "full_description": "Allows the app to read the contents of your shared storage.",
                        "permission_type": "dangerous"
                    },
                    "android.permission.RECEIVE_BOOT_COMPLETED": {
                        "short_description": "run at startup",
                        "full_description": "Allows the app to\n        have itself started as soon as the system has finished booting.\n        This can make it take longer to start the phone and allow the\n        app to slow down the overall phone by always running.",
                        "permission_type": "normal"
                    },
                    "com.android.launcher.permission.INSTALL_SHORTCUT": {
                        "short_description": "install shortcuts",
                        "full_description": "Allows an application to add\n        Homescreen shortcuts without user intervention.",
                        "permission_type": "normal"
                    },
                    "android.permission.ACCESS_NETWORK_STATE": {
                        "short_description": "view network connections",
                        "full_description": "Allows the app to view\n      information about network connections such as which networks exist and are\n      connected.",
                        "permission_type": "normal|instant"
                    },
                    "android.permission.REQUEST_INSTALL_PACKAGES": {
                        "short_description": "request install packages",
                        "full_description": "Allows an application to request installation of packages.",
                        "permission_type": "signature|appop"
                    },
                    "android.permission.WAKE_LOCK": {
                        "short_description": "prevent phone from sleeping",
                        "full_description": "Allows the app to prevent the phone from going to sleep.",
                        "permission_type": "normal|instant"
                    },
                    "android.permission.INTERNET": {
                        "short_description": "have full network access",
                        "full_description": "Allows the app to create\n     network sockets and use custom network protocols. The browser and other\n     applications provide means to send data to the internet, so this\n     permission is not required to send data to the internet.",
                        "permission_type": "normal|instant"
                    },
                    "android.permission.WRITE_EXTERNAL_STORAGE": {
                        "short_description": "modify or delete the contents of your shared storage",
                        "full_description": "Allows the app to write the contents of your shared storage.",
                        "permission_type": "dangerous"
                    },
                    "com.android.vending.BILLING": {
                        "short_description": "Unknown permission from android reference",
                        "full_description": "Unknown permission from android reference",
                        "permission_type": "normal"
                    }
                },
                "Receivers": [
                    "com.ljmobile.move.app.receiver.CpaReceiver",
                    "androidx.work.impl.utils.ForceStopRunnable$BroadcastReceiver",
                    "androidx.work.impl.background.systemalarm.ConstraintProxy$BatteryChargingProxy",
                    "androidx.work.impl.background.systemalarm.ConstraintProxy$BatteryNotLowProxy",
                    "androidx.work.impl.background.systemalarm.ConstraintProxy$StorageNotLowProxy",
                    "androidx.work.impl.background.systemalarm.ConstraintProxy$NetworkStateProxy",
                    "androidx.work.impl.background.systemalarm.RescheduleReceiver",
                    "androidx.work.impl.background.systemalarm.ConstraintProxyUpdateReceiver"
                ],
                "StringsInformation": [
                    "http://schemas.android.com/apk/res-auto",
                    "http://schemas.android.com/apk/res/android",
                    "http://www.example.com",
                    "http://www.google.com",
                    "http://www.multiabc.com/wp-content/uploads/privacy_policy_move_app.html",
                    "http://www.multiabc.com/wp-content/uploads/terms_service_move_app.html",
                    "https://adservice.google.com/getconfig/pubvendors",
                    "https://csi.gstatic.com/csi",
                    "https://googleads.g.doubleclick.net/mads/static/mad/sdk/native/native_ads.html",
                    "https://googleads.g.doubleclick.net/mads/static/mad/sdk/native/production/mraid/v3/mraid_app_banner.js",
                    "https://googleads.g.doubleclick.net/mads/static/mad/sdk/native/production/mraid/v3/mraid_app_expanded_banner.js",
                    "https://googleads.g.doubleclick.net/mads/static/mad/sdk/native/production/mraid/v3/mraid_app_interstitial.js",
                    "https://googleads.g.doubleclick.net/mads/static/mad/sdk/native/production/native_ads.js",
                    "https://googleads.g.doubleclick.net/mads/static/mad/sdk/native/production/sdk-core-v40-impl.html",
                    "https://googleads.g.doubleclick.net/mads/static/mad/sdk/native/production/sdk-core-v40-impl.js",
                    "https://googleads.g.doubleclick.net/mads/static/mad/sdk/native/sdk-core-v40-loader.html",
                    "https://imasdk.googleapis.com/admob/sdkloader/native_video.html",
                    "https://pagead2.googlesyndication.com/pagead/gen_204?id=gmob-apps",
                    "https://play.google.com/store/apps/details?id=%s",
                    "https://plus.google.com/",
                    "https://support.google.com/dfp_premium/answer/7160685#push",
                    "https://www.google.com/dfp/debugSignals",
                    "https://www.google.com/dfp/inAppPreview",
                    "https://www.google.com/dfp/linkDevice",
                    "https://www.google.com/dfp/sendDebugData"
                ]
            },
            "magic": "Zip archive data",
            "last_analysis_stats": {
                "harmless": 0,
                "type-unsupported": 9,
                "suspicious": 0,
                "confirmed-timeout": 0,
                "timeout": 0,
                "failure": 0,
                "malicious": 1,
                "undetected": 63
            },
            "meaningful_name": "MoveToSdcard-7.7.1.apk",
            "reputation": 0
        },
        "type": "file",
        "id": "000117948810f5de07f0b296f68535c72b68e4a74b695ce08c488e319fcbf906",
        "links": {
            "self": "https://www.virustotal.com/api/v3/files/000117948810f5de07f0b296f68535c72b68e4a74b695ce08c488e319fcbf906"
        }
    }
}