{
    "data": {
        "attributes": {
            "type_description": "Android",
            "tlsh": "T1E4263304FB1EBCD2D58FAB72129C0209135FBC84D4F9B6733E211A5AF6E6A741983D49",
            "vhash": "591de0c29ed3110a886420612ebe8cad",
            "trid": [
                {
                    "file_type": "Android Package",
                    "probability": 67.5
                },
                {
                    "file_type": "Java Archive",
                    "probability": 23.6
                },
                {
                    "file_type": "ZIP compressed archive",
                    "probability": 7.0
                },
                {
                    "file_type": "PrintFox/Pagefox bitmap (640x800)",
                    "probability": 1.7
                }
            ],
            "names": [
                "00068591F0A80552C4C53BE6231FDF1A044316C067780B93B65E2F5686ECC83A.apk",
                "xyhhbt_6738_1012.apk"
            ],
            "last_modification_date": 1657738321,
            "type_tag": "android",
            "times_submitted": 5,
            "total_votes": {
                "harmless": 0,
                "malicious": 0
            },
            "size": 4426167,
            "popular_threat_classification": {
                "suggested_threat_label": "trojan.hypay/artemis",
                "popular_threat_category": [
                    {
                        "count": 3,
                        "value": "trojan"
                    },
                    {
                        "count": 3,
                        "value": "pua"
                    }
                ],
                "popular_threat_name": [
                    {
                        "count": 6,
                        "value": "hypay"
                    },
                    {
                        "count": 2,
                        "value": "artemis"
                    },
                    {
                        "count": 2,
                        "value": "andr"
                    }
                ]
            },
            "last_submission_date": 1648126096,
            "last_analysis_results": {
                "Bkav": {
                    "category": "undetected",
                    "engine_name": "Bkav",
                    "engine_version": "1.3.0.9899",
                    "result": null,
                    "method": "blacklist",
                    "engine_update": "20220404"
                },
                "Lionic": {
                    "category": "malicious",
                    "engine_name": "Lionic",
                    "engine_version": "7.5",
                    "result": "Riskware.AndroidOS.HyPay.z!c",
                    "method": "blacklist",
                    "engine_update": "20220406"
                },
                "Elastic": {
                    "category": "undetected",
                    "engine_name": "Elastic",
                    "engine_version": "4.0.35",
                    "result": null,
                    "method": "blacklist",
                    "engine_update": "20220302"
                },
                "MicroWorld-eScan": {
                    "category": "undetected",
                    "engine_name": "MicroWorld-eScan",
                    "engine_version": "14.0.409.0",
                    "result": null,
                    "method": "blacklist",
                    "engine_update": "20220406"
                },
                "CMC": {
                    "category": "undetected",
                    "engine_name": "CMC",
                    "engine_version": "2.10.2019.1",
                    "result": null,
                    "method": "blacklist",
                    "engine_update": "20211026"
                },
                "CAT-QuickHeal": {
                    "category": "malicious",
                    "engine_name": "CAT-QuickHeal",
                    "engine_version": "14.00",
                    "result": "Android.HypayCAD.C (PUP)",
                    "method": "blacklist",
                    "engine_update": "20220405"
                },
                "McAfee": {
                    "category": "malicious",
                    "engine_name": "McAfee",
                    "engine_version": "6.0.6.653",
                    "result": "Artemis!CA596F87FBAA",
                    "method": "blacklist",
                    "engine_update": "20220405"
                },
                "Malwarebytes": {
                    "category": "undetected",
                    "engine_name": "Malwarebytes",
                    "engine_version": "4.2.2.27",
                    "result": null,
                    "method": "blacklist",
                    "engine_update": "20220406"
                },
                "Paloalto": {
                    "category": "type-unsupported",
                    "engine_name": "Paloalto",
                    "engine_version": "0.9.0.1003",
                    "result": null,
                    "method": "blacklist",
                    "engine_update": "20220406"
                },
                "Sangfor": {
                    "category": "undetected",
                    "engine_name": "Sangfor",
                    "engine_version": "2.9.0.0",
                    "result": null,
                    "method": "blacklist",
                    "engine_update": "20220401"
                },
                "Trustlook": {
                    "category": "malicious",
                    "engine_name": "Trustlook",
                    "engine_version": "1.0",
                    "result": "Android.PUA.General",
                    "method": "blacklist",
                    "engine_update": "20220406"
                },
                "Alibaba": {
                    "category": "undetected",
                    "engine_name": "Alibaba",
                    "engine_version": "0.3.0.5",
                    "result": null,
                    "method": "blacklist",
                    "engine_update": "20190527"
                },
                "K7GW": {
                    "category": "malicious",
                    "engine_name": "K7GW",
                    "engine_version": "12.4.41684",
                    "result": "Trojan ( 0054e2821 )",
                    "method": "blacklist",
                    "engine_update": "20220405"
                },
                "K7AntiVirus": {
                    "category": "undetected",
                    "engine_name": "K7AntiVirus",
                    "engine_version": "12.4.41681",
                    "result": null,
                    "method": "blacklist",
                    "engine_update": "20220405"
                },
                "BitDefenderTheta": {
                    "category": "undetected",
                    "engine_name": "BitDefenderTheta",
                    "engine_version": "7.2.37796.0",
                    "result": null,
                    "method": "blacklist",
                    "engine_update": "20220404"
                },
                "VirIT": {
                    "category": "undetected",
                    "engine_name": "VirIT",
                    "engine_version": "9.5.169",
                    "result": null,
                    "method": "blacklist",
                    "engine_update": "20220405"
                },
                "Cyren": {
                    "category": "undetected",
                    "engine_name": "Cyren",
                    "engine_version": "6.5.1.2",
                    "result": null,
                    "method": "blacklist",
                    "engine_update": "20220406"
                },
                "SymantecMobileInsight": {
                    "category": "malicious",
                    "engine_name": "SymantecMobileInsight",
                    "engine_version": "2.0",
                    "result": "AppRisk:Generisk",
                    "method": "blacklist",
                    "engine_update": "20220208"
                },
                "Symantec": {
                    "category": "malicious",
                    "engine_name": "Symantec",
                    "engine_version": "1.17.0.0",
                    "result": "Trojan.Gen.2",
                    "method": "blacklist",
                    "engine_update": "20220405"
                },
                "tehtris": {
                    "category": "type-unsupported",
                    "engine_name": "tehtris",
                    "engine_version": null,
                    "result": null,
                    "method": "blacklist",
                    "engine_update": "20220406"
                },
                "ESET-NOD32": {
                    "category": "malicious",
                    "engine_name": "ESET-NOD32",
                    "engine_version": "25060",
                    "result": "a variant of Android/HyPay.D potentially unsafe",
                    "method": "blacklist",
                    "engine_update": "20220405"
                },
                "Baidu": {
                    "category": "undetected",
                    "engine_name": "Baidu",
                    "engine_version": "1.0.0.2",
                    "result": null,
                    "method": "blacklist",
                    "engine_update": "20190318"
                },
                "TrendMicro-HouseCall": {
                    "category": "undetected",
                    "engine_name": "TrendMicro-HouseCall",
                    "engine_version": "10.0.0.1040",
                    "result": null,
                    "method": "blacklist",
                    "engine_update": "20220406"
                },
                "Avast": {
                    "category": "undetected",
                    "engine_name": "Avast",
                    "engine_version": "21.1.5827.0",
                    "result": null,
                    "method": "blacklist",
                    "engine_update": "20220406"
                },
                "ClamAV": {
                    "category": "undetected",
                    "engine_name": "ClamAV",
                    "engine_version": "0.104.2.0",
                    "result": null,
                    "method": "blacklist",
                    "engine_update": "20220405"
                },
                "Kaspersky": {
                    "category": "undetected",
                    "engine_name": "Kaspersky",
                    "engine_version": "21.0.1.45",
                    "result": null,
                    "method": "blacklist",
                    "engine_update": "20220405"
                },
                "BitDefender": {
                    "category": "undetected",
                    "engine_name": "BitDefender",
                    "engine_version": "7.2",
                    "result": null,
                    "method": "blacklist",
                    "engine_update": "20220406"
                },
                "NANO-Antivirus": {
                    "category": "undetected",
                    "engine_name": "NANO-Antivirus",
                    "engine_version": "1.0.146.25576",
                    "result": null,
                    "method": "blacklist",
                    "engine_update": "20220406"
                },
                "ViRobot": {
                    "category": "undetected",
                    "engine_name": "ViRobot",
                    "engine_version": "2014.3.20.0",
                    "result": null,
                    "method": "blacklist",
                    "engine_update": "20220405"
                },
                "Rising": {
                    "category": "undetected",
                    "engine_name": "Rising",
                    "engine_version": "25.0.0.27",
                    "result": null,
                    "method": "blacklist",
                    "engine_update": "20220405"
                },
                "Ad-Aware": {
                    "category": "undetected",
                    "engine_name": "Ad-Aware",
                    "engine_version": "3.0.21.193",
                    "result": null,
                    "method": "blacklist",
                    "engine_update": "20220405"
                },
                "TACHYON": {
                    "category": "undetected",
                    "engine_name": "TACHYON",
                    "engine_version": "2022-04-06.01",
                    "result": null,
                    "method": "blacklist",
                    "engine_update": "20220406"
                },
                "Emsisoft": {
                    "category": "undetected",
                    "engine_name": "Emsisoft",
                    "engine_version": "2021.5.0.7597",
                    "result": null,
                    "method": "blacklist",
                    "engine_update": "20220406"
                },
                "Comodo": {
                    "category": "malicious",
                    "engine_name": "Comodo",
                    "engine_version": "34504",
                    "result": "Malware@#ti90oibmdnex",
                    "method": "blacklist",
                    "engine_update": "20220405"
                },
                "F-Secure": {
                    "category": "malicious",
                    "engine_name": "F-Secure",
                    "engine_version": "12.0.86.52",
                    "result": "PrivacyRisk.SPR/ANDR.HyPay",
                    "method": "blacklist",
                    "engine_update": "20220406"
                },
                "DrWeb": {
                    "category": "undetected",
                    "engine_name": "DrWeb",
                    "engine_version": "7.0.54.3080",
                    "result": null,
                    "method": "blacklist",
                    "engine_update": "20220406"
                },
                "Zillya": {
                    "category": "undetected",
                    "engine_name": "Zillya",
                    "engine_version": "2.0.0.4605",
                    "result": null,
                    "method": "blacklist",
                    "engine_update": "20220405"
                },
                "TrendMicro": {
                    "category": "undetected",
                    "engine_name": "TrendMicro",
                    "engine_version": "11.0.0.1006",
                    "result": null,
                    "method": "blacklist",
                    "engine_update": "20220406"
                },
                "McAfee-GW-Edition": {
                    "category": "malicious",
                    "engine_name": "McAfee-GW-Edition",
                    "engine_version": "v2019.1.2+3728",
                    "result": "Artemis",
                    "method": "blacklist",
                    "engine_update": "20220405"
                },
                "SentinelOne": {
                    "category": "type-unsupported",
                    "engine_name": "SentinelOne",
                    "engine_version": "22.2.1.2",
                    "result": null,
                    "method": "blacklist",
                    "engine_update": "20220330"
                },
                "Trapmine": {
                    "category": "type-unsupported",
                    "engine_name": "Trapmine",
                    "engine_version": "3.5.45.75",
                    "result": null,
                    "method": "blacklist",
                    "engine_update": "20220217"
                },
                "FireEye": {
                    "category": "undetected",
                    "engine_name": "FireEye",
                    "engine_version": "32.44.1.0",
                    "result": null,
                    "method": "blacklist",
                    "engine_update": "20220406"
                },
                "Sophos": {
                    "category": "malicious",
                    "engine_name": "Sophos",
                    "engine_version": "1.4.1.0",
                    "result": "Android HyPay (PUA)",
                    "method": "blacklist",
                    "engine_update": "20220405"
                },
                "APEX": {
                    "category": "type-unsupported",
                    "engine_name": "APEX",
                    "engine_version": "6.278",
                    "result": null,
                    "method": "blacklist",
                    "engine_update": "20220404"
                },
                "GData": {
                    "category": "undetected",
                    "engine_name": "GData",
                    "engine_version": "A:25.32726B:27.26922",
                    "result": null,
                    "method": "blacklist",
                    "engine_update": "20220405"
                },
                "Jiangmin": {
                    "category": "undetected",
                    "engine_name": "Jiangmin",
                    "engine_version": "16.0.100",
                    "result": null,
                    "method": "blacklist",
                    "engine_update": "20220405"
                },
                "Webroot": {
                    "category": "type-unsupported",
                    "engine_name": "Webroot",
                    "engine_version": "1.0.0.403",
                    "result": null,
                    "method": "blacklist",
                    "engine_update": "20220406"
                },
                "Avira": {
                    "category": "malicious",
                    "engine_name": "Avira",
                    "engine_version": "8.3.3.14",
                    "result": "SPR/ANDR.HyPay.D.Gen",
                    "method": "blacklist",
                    "engine_update": "20220406"
                },
                "Antiy-AVL": {
                    "category": "malicious",
                    "engine_name": "Antiy-AVL",
                    "engine_version": "3.0.0.1",
                    "result": "Trojan/Generic.ASMalwAD.186",
                    "method": "blacklist",
                    "engine_update": "20220406"
                },
                "Kingsoft": {
                    "category": "undetected",
                    "engine_name": "Kingsoft",
                    "engine_version": "2017.9.26.565",
                    "result": null,
                    "method": "blacklist",
                    "engine_update": "20220406"
                },
                "Microsoft": {
                    "category": "malicious",
                    "engine_name": "Microsoft",
                    "engine_version": "1.1.19000.8",
                    "result": "PUA:Win32/Presenoker",
                    "method": "blacklist",
                    "engine_update": "20220406"
                },
                "Gridinsoft": {
                    "category": "undetected",
                    "engine_name": "Gridinsoft",
                    "engine_version": "1.0.74.174",
                    "result": null,
                    "method": "blacklist",
                    "engine_update": "20220406"
                },
                "Arcabit": {
                    "category": "undetected",
                    "engine_name": "Arcabit",
                    "engine_version": "1.0.0.889",
                    "result": null,
                    "method": "blacklist",
                    "engine_update": "20220406"
                },
                "SUPERAntiSpyware": {
                    "category": "undetected",
                    "engine_name": "SUPERAntiSpyware",
                    "engine_version": "5.6.0.1032",
                    "result": null,
                    "method": "blacklist",
                    "engine_update": "20220402"
                },
                "ZoneAlarm": {
                    "category": "undetected",
                    "engine_name": "ZoneAlarm",
                    "engine_version": "1.0",
                    "result": null,
                    "method": "blacklist",
                    "engine_update": "20220405"
                },
                "Avast-Mobile": {
                    "category": "malicious",
                    "engine_name": "Avast-Mobile",
                    "engine_version": "220405-12",
                    "result": "APK:RepMalware [Trj]",
                    "method": "blacklist",
                    "engine_update": "20220405"
                },
                "Cynet": {
                    "category": "malicious",
                    "engine_name": "Cynet",
                    "engine_version": "4.0.0.27",
                    "result": "Malicious (score: 99)",
                    "method": "blacklist",
                    "engine_update": "20220406"
                },
                "BitDefenderFalx": {
                    "category": "malicious",
                    "engine_name": "BitDefenderFalx",
                    "engine_version": "2.0.936",
                    "result": "Android.Riskware.SMSReg.UN",
                    "method": "blacklist",
                    "engine_update": "20220103"
                },
                "AhnLab-V3": {
                    "category": "undetected",
                    "engine_name": "AhnLab-V3",
                    "engine_version": "3.21.3.10230",
                    "result": null,
                    "method": "blacklist",
                    "engine_update": "20220405"
                },
                "Acronis": {
                    "category": "type-unsupported",
                    "engine_name": "Acronis",
                    "engine_version": "1.1.1.82",
                    "result": null,
                    "method": "blacklist",
                    "engine_update": "20210512"
                },
                "VBA32": {
                    "category": "undetected",
                    "engine_name": "VBA32",
                    "engine_version": "5.0.0",
                    "result": null,
                    "method": "blacklist",
                    "engine_update": "20220405"
                },
                "ALYac": {
                    "category": "undetected",
                    "engine_name": "ALYac",
                    "engine_version": "1.1.3.1",
                    "result": null,
                    "method": "blacklist",
                    "engine_update": "20220405"
                },
                "MAX": {
                    "category": "undetected",
                    "engine_name": "MAX",
                    "engine_version": "2019.9.16.1",
                    "result": null,
                    "method": "blacklist",
                    "engine_update": "20220406"
                },
                "Cylance": {
                    "category": "failure",
                    "engine_name": "Cylance",
                    "engine_version": "2.3.1.101",
                    "result": null,
                    "method": "blacklist",
                    "engine_update": "20220406"
                },
                "Zoner": {
                    "category": "undetected",
                    "engine_name": "Zoner",
                    "engine_version": "2.2.2.0",
                    "result": null,
                    "method": "blacklist",
                    "engine_update": "20220405"
                },
                "Tencent": {
                    "category": "undetected",
                    "engine_name": "Tencent",
                    "engine_version": "1.0.0.1",
                    "result": null,
                    "method": "blacklist",
                    "engine_update": "20220406"
                },
                "Yandex": {
                    "category": "undetected",
                    "engine_name": "Yandex",
                    "engine_version": "5.5.2.24",
                    "result": null,
                    "method": "blacklist",
                    "engine_update": "20220405"
                },
                "Ikarus": {
                    "category": "malicious",
                    "engine_name": "Ikarus",
                    "engine_version": "6.0.17.0",
                    "result": "PUA.AndroidOS.HyPay",
                    "method": "blacklist",
                    "engine_update": "20220405"
                },
                "MaxSecure": {
                    "category": "undetected",
                    "engine_name": "MaxSecure",
                    "engine_version": "1.0.0.1",
                    "result": null,
                    "method": "blacklist",
                    "engine_update": "20220405"
                },
                "Fortinet": {
                    "category": "malicious",
                    "engine_name": "Fortinet",
                    "engine_version": "6.2.142.0",
                    "result": "Riskware/Generic.Z.8EF329!Android",
                    "method": "blacklist",
                    "engine_update": "20220406"
                },
                "Cybereason": {
                    "category": "type-unsupported",
                    "engine_name": "Cybereason",
                    "engine_version": "1.2.449",
                    "result": null,
                    "method": "blacklist",
                    "engine_update": "20210330"
                },
                "Panda": {
                    "category": "undetected",
                    "engine_name": "Panda",
                    "engine_version": "4.6.4.2",
                    "result": null,
                    "method": "blacklist",
                    "engine_update": "20220405"
                },
                "CrowdStrike": {
                    "category": "type-unsupported",
                    "engine_name": "CrowdStrike",
                    "engine_version": "1.0",
                    "result": null,
                    "method": "blacklist",
                    "engine_update": null
                }
            },
            "crowdsourced_ids_stats": {
                "info": 1,
                "high": 0,
                "medium": 1,
                "low": 0
            },
            "sha256": "00068591f0a80552c4c53be6231fdf1a044316c067780b93b65e2f5686ecc83a",
            "type_extension": "apk",
            "tags": [
                "reflection",
                "apk",
                "runtime-modules",
                "contains-elf",
                "telephony",
                "android",
                "crypto",
                "obfuscated",
                "clipboard",
                "cve-2016-2569",
                "exploit"
            ],
            "crowdsourced_ids_results": [
                {
                    "rule_category": "denial-of-service",
                    "alert_severity": "medium",
                    "rule_msg": "SERVER-OTHER Squid HTTP Vary response header denial of service attempt",
                    "rule_raw": "alert tcp $EXTERNAL_NET $HTTP_PORTS -> $HOME_NET any ( msg:\"SERVER-OTHER Squid HTTP Vary response header denial of service attempt\"; flow:to_client,established; http_header; content:\"Vary|3A|\"; content:!\"|0D 0A|\",within 250; metadata:policy max-detect-ips drop; service:http; reference:cve,2016-2569; reference:url,www.squid-cache.org/Advisories/SQUID-2016_2.txt; classtype:denial-of-service; sid:41379; rev:1; )",
                    "alert_context": [
                        {
                            "src_ip": "106.75.97.165",
                            "src_port": 80
                        }
                    ],
                    "rule_references": [
                        "https://cve.mitre.org/cgi-bin/cvename.cgi?name=2016-2569",
                        "https://www.squid-cache.org/Advisories/SQUID-2016_2.txt"
                    ],
                    "rule_source": "Snort registered user ruleset",
                    "rule_url": "https://www.snort.org/downloads/#rule-downloads",
                    "rule_id": "1:41379"
                },
                {
                    "rule_category": "policy-violation",
                    "alert_severity": "info",
                    "rule_msg": "OS-MOBILE Android User-Agent detected",
                    "rule_raw": "alert tcp $HOME_NET any -> $EXTERNAL_NET $HTTP_PORTS ( msg:\"OS-MOBILE Android User-Agent detected\"; flow:established,to_server; http_header; content:\"User-Agent|3A|\"; content:\"android\",distance 0,fast_pattern,nocase; pcre:\"/^User-Agent\\x3a[^\\r\\n]*android/i\"; metadata:policy max-detect-ips drop,ruleset community; service:http; classtype:policy-violation; sid:25521; rev:4; )",
                    "alert_context": [
                        {
                            "dest_ip": "129.226.107.80",
                            "dest_port": 80
                        }
                    ],
                    "rule_url": "https://www.snort.org/downloads/#rule-downloads",
                    "rule_source": "Snort registered user ruleset",
                    "rule_id": "1:25521"
                }
            ],
            "last_analysis_date": 1649217257,
            "unique_sources": 4,
            "first_submission_date": 1552311441,
            "sha1": "fc094780c30678ad989bf747eacb3d0585835fbc",
            "ssdeep": "98304:cLdtS0uUBwiK5UbNX4bVBfgVMrn3uvghUt/q/hP5ugEk8O/b:ki0u8arY+j3SMs48C",
            "bundle_info": {
                "highest_datetime": "2018-12-21 13:52:14",
                "lowest_datetime": "2018-12-06 05:49:04",
                "num_children": 124,
                "extensions": {
                    "xml": 34,
                    "dex": 1,
                    "MF": 1,
                    "RSA": 1,
                    "so": 5,
                    "SF": 1,
                    "png": 61
                },
                "file_types": {
                    "XML": 33,
                    "DEX": 1,
                    "unknown": 8,
                    "ELF": 5,
                    "JSON": 3,
                    "directory": 13,
                    "PNG": 61
                },
                "type": "APK",
                "uncompressed_size": 10059283
            },
            "md5": "ca596f87fbaa71aecd01d6e281c1b4b8",
            "androguard": {
                "Activities": [
                    "com.qk.plugin.js.shell.SplashActivity",
                    "com.qk.plugin.js.shell.MainActivity",
                    "com.game.sdk.ui.WebPayActivity",
                    "com.game.sdk.ui.FloatWebActivity",
                    "com.game.sdk.ui.HuoLoginActivity",
                    "com.game.sdk.ui.WebViewActivity",
                    "com.game.applicaionid.wxapi.WXEntryActivity",
                    "com.alipay.sdk.app.H5PayActivity",
                    "com.heepay.plugin.activity.WeChatNotityActivity"
                ],
                "AndroidVersionCode": "1",
                "main_activity": "com.qk.plugin.js.shell.SplashActivity",
                "certificate": {
                    "Subject": {
                        "DN": "C:ZH, CN:tianqi, L:XiaMen, OU:tianqi",
                        "C": "ZH",
                        "OU": "tianqi",
                        "L": "XiaMen",
                        "CN": "tianqi"
                    },
                    "validto": "2043-05-04 08:55:34",
                    "serialnumber": "1e45ce5d",
                    "thumbprint": "30ba130556892b05fa976021f03edba4892e0ad4",
                    "validfrom": "2018-05-10 08:55:34",
                    "Issuer": {
                        "DN": "C:ZH, CN:tianqi, L:XiaMen, OU:tianqi",
                        "C": "ZH",
                        "OU": "tianqi",
                        "L": "XiaMen",
                        "CN": "tianqi"
                    }
                },
                "VTAndroidInfo": 2.0,
                "Package": "com.xyhh.jlhd.hq",
                "intent_filters": {
                    "Activities": {
                        "com.qk.plugin.js.shell.SplashActivity": {
                            "action": [
                                "android.intent.action.MAIN"
                            ],
                            "category": [
                                "android.intent.category.LAUNCHER"
                            ]
                        }
                    }
                },
                "permission_details": {
                    "android.permission.CHANGE_NETWORK_STATE": {
                        "short_description": "change network connectivity",
                        "full_description": "Allows the app to change the state of network connectivity.",
                        "permission_type": "normal"
                    },
                    "android.permission.READ_LOGS": {
                        "short_description": "read sensitive log data",
                        "full_description": "Allows the app to read from the\n        system's various log files.  This allows it to discover general\n        information about what you are doing with the phone, potentially\n        including personal or private information.",
                        "permission_type": "signature|system|development"
                    },
                    "android.permission.ACCESS_COARSE_LOCATION": {
                        "short_description": "approximate location\n      (network-based)",
                        "full_description": "Allows the app to get your\n      approximate location. This location is derived by location services using\n      network location sources such as cell towers and Wi-Fi. These location\n      services must be turned on and available to your device for the app to\n      use them. Apps may use this to determine approximately where you\n      are.",
                        "permission_type": "dangerous"
                    },
                    "android.permission.CAMERA": {
                        "short_description": "take pictures and videos",
                        "full_description": "Allows the app to take pictures and videos\n      with the camera.  This permission allows the app to use the camera at any\n      time without your confirmation.",
                        "permission_type": "dangerous"
                    },
                    "android.permission.INTERNET": {
                        "short_description": "full network access",
                        "full_description": "Allows the app to create\n     network sockets and use custom network protocols. The browser and other\n     applications provide means to send data to the internet, so this\n     permission is not required to send data to the internet.",
                        "permission_type": "dangerous"
                    },
                    "android.permission.NFC": {
                        "short_description": "control Near Field Communication",
                        "full_description": "Allows the app to communicate\n      with Near Field Communication (NFC) tags, cards, and readers.",
                        "permission_type": "dangerous"
                    },
                    "android.permission.ACCESS_FINE_LOCATION": {
                        "short_description": "precise location (GPS and\n      network-based)",
                        "full_description": "Allows the app to get your\n      precise location using the Global Positioning System (GPS) or network\n      location sources such as cell towers and Wi-Fi. These location services\n      must be turned on and available to your device for the app to use them.\n      Apps may use this to determine where you are, and may consume additional\n      battery power.",
                        "permission_type": "dangerous"
                    },
                    "android.permission.SEND_SMS": {
                        "short_description": "send SMS messages",
                        "full_description": "Allows the app to send SMS messages.\n     This may result in unexpected charges. Malicious apps may cost you money by\n     sending messages without your confirmation.",
                        "permission_type": "dangerous"
                    },
                    "android.permission.INTERACT_ACROSS_USERS_FULL": {
                        "short_description": "full license to interact across users",
                        "full_description": "Allows all possible interactions across\n        users.",
                        "permission_type": "signature"
                    },
                    "com.android.permission.WRITE_APN_SETTINGS": {
                        "short_description": "Unknown permission from android reference",
                        "full_description": "Unknown permission from android reference",
                        "permission_type": "normal"
                    },
                    "com.android.launcher.permission.INSTALL_SHORTCUT": {
                        "short_description": "install shortcuts",
                        "full_description": "Allows an application to add\n        Homescreen shortcuts without user intervention.",
                        "permission_type": "dangerous"
                    },
                    "android.permission.ACCESS_NETWORK_STATE": {
                        "short_description": "view network connections",
                        "full_description": "Allows the app to view\n      information about network connections such as which networks exist and are\n      connected.",
                        "permission_type": "normal"
                    },
                    "android.permission.GET_TASKS": {
                        "short_description": "retrieve running apps",
                        "full_description": "Allows the app to retrieve information\n       about currently and recently running tasks.  This may allow the app to\n       discover information about which applications are used on the device.",
                        "permission_type": "dangerous"
                    },
                    "android.permission.ACCESS_CHECKIN_PROPERTIES": {
                        "short_description": "access checkin properties",
                        "full_description": "Allows the app read/write access to\n        properties uploaded by the checkin service.  Not for use by normal\n        apps.",
                        "permission_type": "signature|system"
                    },
                    "android.permission.WRITE_EXTERNAL_STORAGE": {
                        "short_description": "modify or delete the contents of your SD card",
                        "full_description": "Allows the app to write to the SD card.",
                        "permission_type": "dangerous"
                    },
                    "android.webkit.permission.PLUGIN": {
                        "short_description": "Unknown permission from android reference",
                        "full_description": "Unknown permission from android reference",
                        "permission_type": "normal"
                    },
                    "android.permission.READ_EXTERNAL_STORAGE": {
                        "short_description": "read the contents of your SD card",
                        "full_description": "Allows the app to read the contents of your SD card.",
                        "permission_type": "normal"
                    },
                    "org.simalliance.openmobileapi.SMARTCARD": {
                        "short_description": "Unknown permission from android reference",
                        "full_description": "Unknown permission from android reference",
                        "permission_type": "normal"
                    },
                    "android.permission.CALL_PHONE": {
                        "short_description": "directly call phone numbers",
                        "full_description": "Allows the app to call phone numbers\n      without your intervention. This may result in unexpected charges or calls.\n      Note that this doesn't allow the app to call emergency numbers.\n      Malicious apps may cost you money by making calls without your\n      confirmation.",
                        "permission_type": "dangerous"
                    },
                    "android.permission.WRITE_SETTINGS": {
                        "short_description": "modify system settings",
                        "full_description": "Allows the app to modify the\n        system's settings data. Malicious apps may corrupt your system's\n        configuration.",
                        "permission_type": "normal"
                    },
                    "android.permission.READ_PHONE_STATE": {
                        "short_description": "read phone status and identity",
                        "full_description": "Allows the app to access the phone\n      features of the device.  This permission allows the app to determine the\n      phone number and device IDs, whether a call is active, and the remote number\n      connected by a call.",
                        "permission_type": "dangerous"
                    },
                    "android.permission.READ_SMS": {
                        "short_description": "read your text messages (SMS or MMS)",
                        "full_description": "Allows the app to read SMS\n      messages stored on your phone or SIM card. This allows the app to read all\n      SMS messages, regardless of content or confidentiality.",
                        "permission_type": "dangerous"
                    },
                    "android.permission.VIBRATE": {
                        "short_description": "control vibration",
                        "full_description": "Allows the app to control the vibrator.",
                        "permission_type": "normal"
                    },
                    "android.permission.SYSTEM_ALERT_WINDOW": {
                        "short_description": "draw over other apps",
                        "full_description": "Allows the app to draw on top of other\n        applications or parts of the user interface.  They may interfere with your\n        use of the interface in any application, or change what you think you are\n        seeing in other applications.",
                        "permission_type": "dangerous"
                    },
                    "android.permission.SYSTEM_OVERLAY_WINDOW": {
                        "short_description": "Unknown permission from android reference",
                        "full_description": "Unknown permission from android reference",
                        "permission_type": "normal"
                    },
                    "android.permission.ACCESS_WIFI_STATE": {
                        "short_description": "view Wi-Fi connections",
                        "full_description": "Allows the app to view information\n      about Wi-Fi networking, such as whether Wi-Fi is enabled and name of\n      connected Wi-Fi devices.",
                        "permission_type": "normal"
                    },
                    "android.permission.WAKE_LOCK": {
                        "short_description": "prevent phone from sleeping",
                        "full_description": "Allows the app to prevent the phone from going to sleep.",
                        "permission_type": "normal"
                    },
                    "android.permission.CHANGE_WIFI_STATE": {
                        "short_description": "connect and disconnect from Wi-Fi",
                        "full_description": "Allows the app to connect to and\n      disconnect from Wi-Fi access points and to make changes to device\n      configuration for Wi-Fi networks.",
                        "permission_type": "dangerous"
                    },
                    "android.permission.RECEIVE_SMS": {
                        "short_description": "receive text messages (SMS)",
                        "full_description": "Allows the app to receive and process SMS\n      messages. This means the app could monitor or delete messages sent to your\n      device without showing them to you.",
                        "permission_type": "dangerous"
                    },
                    "android.hardware.camera.autofocus": {
                        "short_description": "Unknown permission from android reference",
                        "full_description": "Unknown permission from android reference",
                        "permission_type": "normal"
                    },
                    "android.permission.MOUNT_UNMOUNT_FILESYSTEMS": {
                        "short_description": "access SD Card filesystem",
                        "full_description": "Allows the app to mount and\n        unmount filesystems for removable storage.",
                        "permission_type": "system|signature"
                    },
                    "android.permission.RECORD_VIDEO": {
                        "short_description": "Unknown permission from android reference",
                        "full_description": "Unknown permission from android reference",
                        "permission_type": "normal"
                    }
                },
                "AndroidApplication": 1,
                "StringsInformation": [
                    "http://120.132.61.223:88/",
                    "http://android.bugly.qq.com/rqd/async",
                    "http://callback.sdk.quicksdk.net/callback/",
                    "http://cfg.imtt.qq.com/tbs?v=2&mk=",
                    "http://debugtbs.qq.com",
                    "http://debugx5.qq.com",
                    "http://h5.m.taobao.com/trade/paySuccess.html?bizOrderId=$OrderId$&",
                    "http://hydra.alibaba.com/",
                    "http://log.tbs.qq.com/ajax?c=dl&k=",
                    "http://log.tbs.qq.com/ajax?c=pu&tk=",
                    "http://log.tbs.qq.com/ajax?c=pu&v=2&k=",
                    "http://log.tbs.qq.com/ajax?c=ucfu&k=",
                    "http://log.tbs.qq.com/ajax?c=ul&v=2&k=",
                    "http://m.alipay.com/?action=h5quit",
                    "http://mcgw.alipay.com/sdklog.do",
                    "http://mdc.html5.qq.com/mh?channel_id=50079&u=",
                    "http://mobilegw-1-64.test.alipay.net/mgw.htm",
                    "http://mobilegw.aaa.alipay.net/mgw.htm",
                    "http://mobilegw.alipay.com/mgw.htm",
                    "http://mobilegw.stable.alipay.net/mgw.htm",
                    "http://mqqad.html5.qq.com/adjs",
                    "http://pms.mb.qq.com/rsp204",
                    "http://rqd.uu.qq.com/rqd/sync",
                    "http://soft.tbs.imtt.qq.com/17421/tbs_res_imtt_tbs_DebugPlugin_DebugPlugin.tbs",
                    "http://wup.imtt.qq.com:8080",
                    "http://xmlpull.org/v1/doc/features.html#indent-output",
                    "https://mclient.alipay.com/home/exterfaceAssign.htm?",
                    "https://mobilegw.alipay.com/mgw.htm",
                    "https://mobilegw.alipaydev.com/mgw.htm",
                    "https://pay.heepay.com/Phone/SDK",
                    "https://wappaygw.alipay.com/home/exterfaceAssign.htm?",
                    "https://www.heepay.com/Download/Android_HeepaySdkService.apk"
                ],
                "AndroidApplicationError": false,
                "AndroidVersionName": "1.0.0",
                "RiskIndicator": {
                    "APK": {
                        "DEX": 1,
                        "SHARED LIBRARIES": 5
                    },
                    "PERM": {
                        "DEVELOPMENT": 1,
                        "PRIVACY": 6,
                        "DANGEROUS": 7,
                        "NORMAL": 7,
                        "SMS": 3,
                        "SYSTEM": 3,
                        "MONEY": 1,
                        "SIGNATURE": 4,
                        "INTERNET": 1,
                        "GPS": 2
                    }
                },
                "Services": [
                    "com.game.sdk.HuosdkService"
                ],
                "MinSdkVersion": "9",
                "TargetSdkVersion": "19",
                "AndroguardVersion": "3.4.0a1",
                "AndroidApplicationInfo": "APK"
            },
            "magic": "Zip archive data, at least v2.0 to extract",
            "last_analysis_stats": {
                "harmless": 0,
                "type-unsupported": 9,
                "suspicious": 0,
                "confirmed-timeout": 0,
                "timeout": 0,
                "failure": 1,
                "malicious": 20,
                "undetected": 43
            },
            "meaningful_name": "00068591F0A80552C4C53BE6231FDF1A044316C067780B93B65E2F5686ECC83A.apk",
            "reputation": 0
        },
        "type": "file",
        "id": "00068591f0a80552c4c53be6231fdf1a044316c067780b93b65e2f5686ecc83a",
        "links": {
            "self": "https://www.virustotal.com/api/v3/files/00068591f0a80552c4c53be6231fdf1a044316c067780b93b65e2f5686ecc83a"
        }
    }
}