{
    "data": {
        "attributes": {
            "type_description": "Android",
            "tlsh": "T1AEE533D7A64FE85AE637B17093F72193E96C6CA4B014FBA7506A324E0F77E46C101E06",
            "vhash": "a4725f5bbe5213bd3a27b7ea530b0242",
            "trid": [
                {
                    "file_type": "Android Package",
                    "probability": 57.0
                },
                {
                    "file_type": "Java Archive",
                    "probability": 20.0
                },
                {
                    "file_type": "Sweet Home 3D design (generic)",
                    "probability": 15.5
                },
                {
                    "file_type": "ZIP compressed archive",
                    "probability": 5.9
                },
                {
                    "file_type": "PrintFox/Pagefox bitmap (640x800)",
                    "probability": 1.4
                }
            ],
            "names": [
                "com.zooappapy.gritosdemujer.apk"
            ],
            "last_modification_date": 1627796115,
            "type_tag": "android",
            "times_submitted": 2,
            "total_votes": {
                "harmless": 0,
                "malicious": 0
            },
            "size": 3105668,
            "type_extension": "apk",
            "last_submission_date": 1551399110,
            "last_analysis_results": {
                "Bkav": {
                    "category": "undetected",
                    "engine_name": "Bkav",
                    "engine_version": "1.3.0.9899",
                    "result": null,
                    "method": "blacklist",
                    "engine_update": "20210731"
                },
                "Lionic": {
                    "category": "undetected",
                    "engine_name": "Lionic",
                    "engine_version": "4.2",
                    "result": null,
                    "method": "blacklist",
                    "engine_update": "20210801"
                },
                "Elastic": {
                    "category": "type-unsupported",
                    "engine_name": "Elastic",
                    "engine_version": "4.0.25",
                    "result": null,
                    "method": "blacklist",
                    "engine_update": "20210710"
                },
                "MicroWorld-eScan": {
                    "category": "undetected",
                    "engine_name": "MicroWorld-eScan",
                    "engine_version": "14.0.409.0",
                    "result": null,
                    "method": "blacklist",
                    "engine_update": "20210731"
                },
                "FireEye": {
                    "category": "undetected",
                    "engine_name": "FireEye",
                    "engine_version": "32.44.1.0",
                    "result": null,
                    "method": "blacklist",
                    "engine_update": "20210731"
                },
                "CAT-QuickHeal": {
                    "category": "undetected",
                    "engine_name": "CAT-QuickHeal",
                    "engine_version": "14.00",
                    "result": null,
                    "method": "blacklist",
                    "engine_update": "20210731"
                },
                "McAfee": {
                    "category": "undetected",
                    "engine_name": "McAfee",
                    "engine_version": "6.0.6.653",
                    "result": null,
                    "method": "blacklist",
                    "engine_update": "20210801"
                },
                "Malwarebytes": {
                    "category": "undetected",
                    "engine_name": "Malwarebytes",
                    "engine_version": "4.2.2.27",
                    "result": null,
                    "method": "blacklist",
                    "engine_update": "20210801"
                },
                "Zillya": {
                    "category": "undetected",
                    "engine_name": "Zillya",
                    "engine_version": "2.0.0.4418",
                    "result": null,
                    "method": "blacklist",
                    "engine_update": "20210730"
                },
                "Paloalto": {
                    "category": "type-unsupported",
                    "engine_name": "Paloalto",
                    "engine_version": "1.0",
                    "result": null,
                    "method": "blacklist",
                    "engine_update": "20210801"
                },
                "Sangfor": {
                    "category": "timeout",
                    "engine_name": "Sangfor",
                    "engine_version": "2.9.0.0",
                    "result": null,
                    "method": "blacklist",
                    "engine_update": "20210625"
                },
                "Trustlook": {
                    "category": "undetected",
                    "engine_name": "Trustlook",
                    "engine_version": "1.0",
                    "result": null,
                    "method": "blacklist",
                    "engine_update": "20210801"
                },
                "Alibaba": {
                    "category": "undetected",
                    "engine_name": "Alibaba",
                    "engine_version": "0.3.0.5",
                    "result": null,
                    "method": "blacklist",
                    "engine_update": "20190527"
                },
                "K7GW": {
                    "category": "undetected",
                    "engine_name": "K7GW",
                    "engine_version": "11.198.37849",
                    "result": null,
                    "method": "blacklist",
                    "engine_update": "20210731"
                },
                "K7AntiVirus": {
                    "category": "undetected",
                    "engine_name": "K7AntiVirus",
                    "engine_version": "11.198.37849",
                    "result": null,
                    "method": "blacklist",
                    "engine_update": "20210731"
                },
                "BitDefenderTheta": {
                    "category": "undetected",
                    "engine_name": "BitDefenderTheta",
                    "engine_version": "7.2.37796.0",
                    "result": null,
                    "method": "blacklist",
                    "engine_update": "20210721"
                },
                "Cyren": {
                    "category": "undetected",
                    "engine_name": "Cyren",
                    "engine_version": "6.3.0.2",
                    "result": null,
                    "method": "blacklist",
                    "engine_update": "20210801"
                },
                "SymantecMobileInsight": {
                    "category": "undetected",
                    "engine_name": "SymantecMobileInsight",
                    "engine_version": "2.0",
                    "result": null,
                    "method": "blacklist",
                    "engine_update": "20210126"
                },
                "Symantec": {
                    "category": "undetected",
                    "engine_name": "Symantec",
                    "engine_version": "1.15.0.0",
                    "result": null,
                    "method": "blacklist",
                    "engine_update": "20210731"
                },
                "ESET-NOD32": {
                    "category": "undetected",
                    "engine_name": "ESET-NOD32",
                    "engine_version": "23719",
                    "result": null,
                    "method": "blacklist",
                    "engine_update": "20210731"
                },
                "Baidu": {
                    "category": "undetected",
                    "engine_name": "Baidu",
                    "engine_version": "1.0.0.2",
                    "result": null,
                    "method": "blacklist",
                    "engine_update": "20190318"
                },
                "TrendMicro-HouseCall": {
                    "category": "undetected",
                    "engine_name": "TrendMicro-HouseCall",
                    "engine_version": "10.0.0.1040",
                    "result": null,
                    "method": "blacklist",
                    "engine_update": "20210801"
                },
                "Avast": {
                    "category": "undetected",
                    "engine_name": "Avast",
                    "engine_version": "21.1.5827.0",
                    "result": null,
                    "method": "blacklist",
                    "engine_update": "20210731"
                },
                "ClamAV": {
                    "category": "undetected",
                    "engine_name": "ClamAV",
                    "engine_version": "0.103.3.0",
                    "result": null,
                    "method": "blacklist",
                    "engine_update": "20210731"
                },
                "Kaspersky": {
                    "category": "undetected",
                    "engine_name": "Kaspersky",
                    "engine_version": "21.0.1.45",
                    "result": null,
                    "method": "blacklist",
                    "engine_update": "20210731"
                },
                "BitDefender": {
                    "category": "undetected",
                    "engine_name": "BitDefender",
                    "engine_version": "7.2",
                    "result": null,
                    "method": "blacklist",
                    "engine_update": "20210731"
                },
                "NANO-Antivirus": {
                    "category": "undetected",
                    "engine_name": "NANO-Antivirus",
                    "engine_version": "1.0.146.25311",
                    "result": null,
                    "method": "blacklist",
                    "engine_update": "20210801"
                },
                "SUPERAntiSpyware": {
                    "category": "undetected",
                    "engine_name": "SUPERAntiSpyware",
                    "engine_version": "5.6.0.1032",
                    "result": null,
                    "method": "blacklist",
                    "engine_update": "20210731"
                },
                "APEX": {
                    "category": "type-unsupported",
                    "engine_name": "APEX",
                    "engine_version": "6.192",
                    "result": null,
                    "method": "blacklist",
                    "engine_update": "20210731"
                },
                "Tencent": {
                    "category": "malicious",
                    "engine_name": "Tencent",
                    "engine_version": "1.0.0.1",
                    "result": "a.gray.inventor.a",
                    "method": "blacklist",
                    "engine_update": "20210801"
                },
                "Ad-Aware": {
                    "category": "undetected",
                    "engine_name": "Ad-Aware",
                    "engine_version": "3.0.21.179",
                    "result": null,
                    "method": "blacklist",
                    "engine_update": "20210801"
                },
                "Emsisoft": {
                    "category": "undetected",
                    "engine_name": "Emsisoft",
                    "engine_version": "2018.12.0.1641",
                    "result": null,
                    "method": "blacklist",
                    "engine_update": "20210801"
                },
                "Comodo": {
                    "category": "undetected",
                    "engine_name": "Comodo",
                    "engine_version": "33762",
                    "result": null,
                    "method": "blacklist",
                    "engine_update": "20210731"
                },
                "F-Secure": {
                    "category": "undetected",
                    "engine_name": "F-Secure",
                    "engine_version": "12.0.86.52",
                    "result": null,
                    "method": "blacklist",
                    "engine_update": "20210731"
                },
                "DrWeb": {
                    "category": "undetected",
                    "engine_name": "DrWeb",
                    "engine_version": "7.0.49.9080",
                    "result": null,
                    "method": "blacklist",
                    "engine_update": "20210801"
                },
                "VIPRE": {
                    "category": "undetected",
                    "engine_name": "VIPRE",
                    "engine_version": "94416",
                    "result": null,
                    "method": "blacklist",
                    "engine_update": "20210801"
                },
                "TrendMicro": {
                    "category": "undetected",
                    "engine_name": "TrendMicro",
                    "engine_version": "11.0.0.1006",
                    "result": null,
                    "method": "blacklist",
                    "engine_update": "20210801"
                },
                "McAfee-GW-Edition": {
                    "category": "undetected",
                    "engine_name": "McAfee-GW-Edition",
                    "engine_version": "v2019.1.2+3728",
                    "result": null,
                    "method": "blacklist",
                    "engine_update": "20210731"
                },
                "SentinelOne": {
                    "category": "type-unsupported",
                    "engine_name": "SentinelOne",
                    "engine_version": "5.2.0.9",
                    "result": null,
                    "method": "blacklist",
                    "engine_update": "20210703"
                },
                "Trapmine": {
                    "category": "type-unsupported",
                    "engine_name": "Trapmine",
                    "engine_version": "3.5.0.1023",
                    "result": null,
                    "method": "blacklist",
                    "engine_update": "20200727"
                },
                "CMC": {
                    "category": "undetected",
                    "engine_name": "CMC",
                    "engine_version": "2.10.2019.1",
                    "result": null,
                    "method": "blacklist",
                    "engine_update": "20210624"
                },
                "Sophos": {
                    "category": "undetected",
                    "engine_name": "Sophos",
                    "engine_version": "1.3.0.0",
                    "result": null,
                    "method": "blacklist",
                    "engine_update": "20210731"
                },
                "Ikarus": {
                    "category": "undetected",
                    "engine_name": "Ikarus",
                    "engine_version": "0.1.5.2",
                    "result": null,
                    "method": "blacklist",
                    "engine_update": "20210731"
                },
                "Avast-Mobile": {
                    "category": "undetected",
                    "engine_name": "Avast-Mobile",
                    "engine_version": "210731-02",
                    "result": null,
                    "method": "blacklist",
                    "engine_update": "20210731"
                },
                "Jiangmin": {
                    "category": "undetected",
                    "engine_name": "Jiangmin",
                    "engine_version": "16.0.100",
                    "result": null,
                    "method": "blacklist",
                    "engine_update": "20210731"
                },
                "Webroot": {
                    "category": "type-unsupported",
                    "engine_name": "Webroot",
                    "engine_version": "1.0.0.403",
                    "result": null,
                    "method": "blacklist",
                    "engine_update": "20210801"
                },
                "Avira": {
                    "category": "undetected",
                    "engine_name": "Avira",
                    "engine_version": "8.3.3.12",
                    "result": null,
                    "method": "blacklist",
                    "engine_update": "20210731"
                },
                "eGambit": {
                    "category": "type-unsupported",
                    "engine_name": "eGambit",
                    "engine_version": null,
                    "result": null,
                    "method": "blacklist",
                    "engine_update": "20210801"
                },
                "Antiy-AVL": {
                    "category": "undetected",
                    "engine_name": "Antiy-AVL",
                    "engine_version": "3.0.0.1",
                    "result": null,
                    "method": "blacklist",
                    "engine_update": "20210801"
                },
                "Kingsoft": {
                    "category": "undetected",
                    "engine_name": "Kingsoft",
                    "engine_version": "2017.9.26.565",
                    "result": null,
                    "method": "blacklist",
                    "engine_update": "20210801"
                },
                "Microsoft": {
                    "category": "undetected",
                    "engine_name": "Microsoft",
                    "engine_version": "1.1.18400.4",
                    "result": null,
                    "method": "blacklist",
                    "engine_update": "20210801"
                },
                "Gridinsoft": {
                    "category": "undetected",
                    "engine_name": "Gridinsoft",
                    "engine_version": "1.0.49.142",
                    "result": null,
                    "method": "blacklist",
                    "engine_update": "20210801"
                },
                "Arcabit": {
                    "category": "undetected",
                    "engine_name": "Arcabit",
                    "engine_version": "1.0.0.886",
                    "result": null,
                    "method": "blacklist",
                    "engine_update": "20210731"
                },
                "ViRobot": {
                    "category": "undetected",
                    "engine_name": "ViRobot",
                    "engine_version": "2014.3.20.0",
                    "result": null,
                    "method": "blacklist",
                    "engine_update": "20210731"
                },
                "ZoneAlarm": {
                    "category": "undetected",
                    "engine_name": "ZoneAlarm",
                    "engine_version": "1.0",
                    "result": null,
                    "method": "blacklist",
                    "engine_update": "20210801"
                },
                "GData": {
                    "category": "undetected",
                    "engine_name": "GData",
                    "engine_version": "A:25.30448B:27.23926",
                    "result": null,
                    "method": "blacklist",
                    "engine_update": "20210801"
                },
                "Cynet": {
                    "category": "undetected",
                    "engine_name": "Cynet",
                    "engine_version": "4.0.0.27",
                    "result": null,
                    "method": "blacklist",
                    "engine_update": "20210731"
                },
                "BitDefenderFalx": {
                    "category": "undetected",
                    "engine_name": "BitDefenderFalx",
                    "engine_version": "2.0.936",
                    "result": null,
                    "method": "blacklist",
                    "engine_update": "20210610"
                },
                "AhnLab-V3": {
                    "category": "undetected",
                    "engine_name": "AhnLab-V3",
                    "engine_version": "3.20.4.10148",
                    "result": null,
                    "method": "blacklist",
                    "engine_update": "20210801"
                },
                "Acronis": {
                    "category": "type-unsupported",
                    "engine_name": "Acronis",
                    "engine_version": "1.1.1.82",
                    "result": null,
                    "method": "blacklist",
                    "engine_update": "20210512"
                },
                "VBA32": {
                    "category": "undetected",
                    "engine_name": "VBA32",
                    "engine_version": "5.0.0",
                    "result": null,
                    "method": "blacklist",
                    "engine_update": "20210730"
                },
                "ALYac": {
                    "category": "undetected",
                    "engine_name": "ALYac",
                    "engine_version": "1.1.3.1",
                    "result": null,
                    "method": "blacklist",
                    "engine_update": "20210801"
                },
                "MAX": {
                    "category": "undetected",
                    "engine_name": "MAX",
                    "engine_version": "2019.9.16.1",
                    "result": null,
                    "method": "blacklist",
                    "engine_update": "20210801"
                },
                "Cylance": {
                    "category": "type-unsupported",
                    "engine_name": "Cylance",
                    "engine_version": "2.3.1.101",
                    "result": null,
                    "method": "blacklist",
                    "engine_update": "20210801"
                },
                "Zoner": {
                    "category": "undetected",
                    "engine_name": "Zoner",
                    "engine_version": "0.0.0.0",
                    "result": null,
                    "method": "blacklist",
                    "engine_update": "20210731"
                },
                "Rising": {
                    "category": "undetected",
                    "engine_name": "Rising",
                    "engine_version": "25.0.0.26",
                    "result": null,
                    "method": "blacklist",
                    "engine_update": "20210731"
                },
                "Yandex": {
                    "category": "undetected",
                    "engine_name": "Yandex",
                    "engine_version": "5.5.2.24",
                    "result": null,
                    "method": "blacklist",
                    "engine_update": "20210731"
                },
                "TACHYON": {
                    "category": "undetected",
                    "engine_name": "TACHYON",
                    "engine_version": "2021-08-01.01",
                    "result": null,
                    "method": "blacklist",
                    "engine_update": "20210801"
                },
                "MaxSecure": {
                    "category": "undetected",
                    "engine_name": "MaxSecure",
                    "engine_version": "1.0.0.1",
                    "result": null,
                    "method": "blacklist",
                    "engine_update": "20210731"
                },
                "Fortinet": {
                    "category": "undetected",
                    "engine_name": "Fortinet",
                    "engine_version": "6.2.142.0",
                    "result": null,
                    "method": "blacklist",
                    "engine_update": "20210801"
                },
                "Cybereason": {
                    "category": "type-unsupported",
                    "engine_name": "Cybereason",
                    "engine_version": "1.2.449",
                    "result": null,
                    "method": "blacklist",
                    "engine_update": "20210330"
                },
                "Panda": {
                    "category": "undetected",
                    "engine_name": "Panda",
                    "engine_version": "4.6.4.2",
                    "result": null,
                    "method": "blacklist",
                    "engine_update": "20210731"
                },
                "CrowdStrike": {
                    "category": "type-unsupported",
                    "engine_name": "CrowdStrike",
                    "engine_version": "1.0",
                    "result": null,
                    "method": "blacklist",
                    "engine_update": "20210203"
                },
                "Qihoo-360": {
                    "category": "undetected",
                    "engine_name": "Qihoo-360",
                    "engine_version": "1.0.0.1300",
                    "result": null,
                    "method": "blacklist",
                    "engine_update": "20210801"
                }
            },
            "sha256": "0008a76f0098d166d7ea5698d8f1c25186974c50a2fc0a5d519d8add51f90d9f",
            "tags": [
                "apk",
                "android",
                "reflection",
                "telephony"
            ],
            "last_analysis_date": 1627787805,
            "unique_sources": 2,
            "first_submission_date": 1520544869,
            "sha1": "f8e89e37978c497461e98767d8e63ecc4260417b",
            "ssdeep": "49152:WPy6nCjCbfV04eS0vbhA4wkqZkVRkZFMEcNw5iBGfHG41NxrGtXdf1exq0u1T:4HCjCbO08bsZtTMFyIoPG41NA4r4T",
            "bundle_info": {
                "highest_datetime": "2018-03-05 12:31:52",
                "lowest_datetime": "2018-03-05 12:31:26",
                "num_children": 131,
                "extensions": {
                    "xml": 62,
                    "dex": 1,
                    "MF": 1,
                    "RSA": 1,
                    "mp3": 1,
                    "SF": 1,
                    "png": 63
                },
                "file_types": {
                    "XML": 62,
                    "unknown": 4,
                    "DEX": 1,
                    "MP3": 1,
                    "PNG": 63
                },
                "type": "APK",
                "uncompressed_size": 7155127
            },
            "md5": "f26382fc15f55bbb3dbfb8eee9a69d0c",
            "androguard": {
                "Activities": [
                    "com.appybuilder.holacalle8.Sonidosdebebesquelloran.Screen1",
                    "com.google.android.gms.ads.AdActivity"
                ],
                "AndroidVersionCode": "1",
                "main_activity": "com.appybuilder.holacalle8.Sonidosdebebesquelloran.Screen1",
                "certificate": {
                    "Subject": {
                        "DN": "C:US, CN:holacalle8@gmail.com, O:AppInventor for Android",
                        "C": "US",
                        "CN": "holacalle8@gmail.com",
                        "O": "AppInventor for Android"
                    },
                    "validto": "2045-07-11 13:33:36",
                    "serialnumber": "26ee91c7",
                    "thumbprint": "b48d26c50bd93cb4d1035a098d370492269992ee",
                    "validfrom": "2018-02-23 13:33:36",
                    "Issuer": {
                        "DN": "C:US, CN:holacalle8@gmail.com, O:AppInventor for Android",
                        "C": "US",
                        "CN": "holacalle8@gmail.com",
                        "O": "AppInventor for Android"
                    }
                },
                "VTAndroidInfo": 1.41,
                "Package": "com.zooappapy.gritosdemujer",
                "intent_filters": {
                    "Activities": {
                        "com.appybuilder.holacalle8.Sonidosdebebesquelloran.Screen1": {
                            "action": [
                                "android.intent.action.MAIN"
                            ],
                            "category": [
                                "android.intent.category.LAUNCHER"
                            ]
                        }
                    }
                },
                "permission_details": {
                    "android.permission.VIBRATE": {
                        "short_description": "control vibrator",
                        "full_description": "Allows the application to control the vibrator.",
                        "permission_type": "normal"
                    },
                    "android.permission.INTERNET": {
                        "short_description": "full Internet access",
                        "full_description": "Allows an application to create network sockets.",
                        "permission_type": "dangerous"
                    },
                    "android.permission.ACCESS_WIFI_STATE": {
                        "short_description": "view Wi-Fi status",
                        "full_description": "Allows an application to view the information about the status of Wi-Fi.",
                        "permission_type": "normal"
                    },
                    "android.permission.ACCESS_NETWORK_STATE": {
                        "short_description": "view network status",
                        "full_description": "Allows an application to view the status of all networks.",
                        "permission_type": "normal"
                    }
                },
                "AndroidApplication": 1,
                "StringsInformation": [
                    "https://www.googleapis.com/auth/fitness.location.write",
                    "https://translate.yandex.net/api/v1.5/tr.json/translate?key=",
                    "https://www.googleapis.com/fusiontables/v2/tables?key=",
                    "http://www.w3.org/2001/XMLSchema",
                    "https://www.googleapis.com/auth/drive.file",
                    "http://www.w3.org/2001/XMLSchema-instance",
                    "http://appinvtinywebdb.appspot.com",
                    "https://docs.google.com/spreadsheet/formResponse?formkey=%s&ifq",
                    "https://www.googleapis.com/auth/plus.me",
                    "http://appybuilder.com",
                    "https://www.facebook.com/notes/web-conoce-observa/politica-de-privacidad/1685900825042711",
                    "http://www.w3.org/2005/xpath-functions",
                    "https://www.googleapis.com/auth/fitness.body.write",
                    "https://www.googleapis.com/auth/fitness.activity.read",
                    "https://drive.google.com/uc?id=1ducFfS7mSaU1du6FEVzjpzWqd9ZC4UHU",
                    "http://appinvgameserver.appspot.com",
                    "http://plus.google.com/",
                    "http://www.w3.org/1999/xhtml",
                    "https://www.googleapis.com/auth/fitness.activity.write",
                    "http://kawa.gnu.org/",
                    "https://www.googleapis.com/fusiontables/v2/tables",
                    "http://appinvtinywebdb.appspot.com/",
                    "https://www.googleapis.com/auth/games",
                    "http://my.image.server/images/%d/%d/%d.png",
                    "https://www.googleapis.com/auth/fitness.nutrition.read",
                    "http://qexo.gnu.org/",
                    "https://appybuilder-5762b.firebaseio.com/",
                    "http://www.w3.org/XML/1998/namespace",
                    "https://pagead2.googlesyndication.com/pagead/gen_204?id=gmob-apps",
                    "https://www.googleapis.com/auth/fitness.body.read",
                    "https://www.google.com/voice/b/0/sms/send/",
                    "https://www.googleapis.com/auth/fitness.nutrition.write",
                    "http://www.google.com/fusiontables/v2/query",
                    "http://www.appybuilder.com/extensions/icons/extensionIcon.png",
                    "https://www.googleapis.com/auth/datastoremobile",
                    "http://www.w3.org/2005/xqt-errors",
                    "https://drive.google.com/uc?id=1Vphh6iEWeHVsr8jzdrne85CKf1k_bLl5",
                    "https://www.googleapis.com/auth/appstate",
                    "https://drive.google.com/uc?id=1NgrcbMB-8T0SQ2x9WY_3fr7GgSM8bBCr",
                    "http://www.w3.org/2000/xmlns/",
                    "https://www.googleapis.com/auth/fusiontables",
                    "https://drive.google.com/uc?id=1UVT9iCsWADhVft-Fss9v7QR4olxUns6i",
                    "http://androvote.appspot.com",
                    "https://www.google.com/voice/b/0",
                    "https://www.googleapis.com/auth/drive.appdata",
                    "https://www.googleapis.com/auth/plus.login",
                    "http://www.w3.org/2005/xquery-local-functions",
                    "http://www.w3.org/2005/xpath-functions/collation/codepoint",
                    "http://ai-mediaservice.appspot.com",
                    "https://www.googleapis.com/auth/fitness.location.read",
                    "https://play.google.com/store/apps/developer?id=ZooApp",
                    "http://www.w3.org/1999/XSL/Transform",
                    "http://kawa.gnu.org/unknown-namespace/",
                    "http://gnu.org/kawa/cached-collections",
                    "http://kawa.gnu.org/unit",
                    "https://drive.google.com/uc?id=1cWSMV939n1mDLViO77gFlw_55eHA5BeA"
                ],
                "AndroidApplicationError": false,
                "AndroidVersionName": "1.0.1",
                "RiskIndicator": {
                    "APK": {
                        "DEX": 1
                    },
                    "PERM": {
                        "NORMAL": 3,
                        "INTERNET": 1
                    }
                },
                "MinSdkVersion": "14",
                "TargetSdkVersion": "22",
                "AndroguardVersion": "3.0-dev",
                "AndroidApplicationInfo": "APK"
            },
            "magic": "Zip archive data, at least v2.0 to extract",
            "last_analysis_stats": {
                "harmless": 0,
                "type-unsupported": 11,
                "suspicious": 0,
                "confirmed-timeout": 0,
                "timeout": 1,
                "failure": 0,
                "malicious": 1,
                "undetected": 61
            },
            "meaningful_name": "com.zooappapy.gritosdemujer.apk",
            "reputation": 0
        },
        "type": "file",
        "id": "0008a76f0098d166d7ea5698d8f1c25186974c50a2fc0a5d519d8add51f90d9f",
        "links": {
            "self": "https://www.virustotal.com/api/v3/files/0008a76f0098d166d7ea5698d8f1c25186974c50a2fc0a5d519d8add51f90d9f"
        }
    }
}