{
    "data": {
        "attributes": {
            "type_description": "Android",
            "tlsh": "T1FB73E14B4AD9FE13C0FBFA36CB635207E8199C764A657B8765A3F21808B3B19178E540",
            "vhash": "af772b59586db3d39e46896939333e9c",
            "trid": [
                {
                    "file_type": "Android Package",
                    "probability": 67.5
                },
                {
                    "file_type": "Java Archive",
                    "probability": 23.6
                },
                {
                    "file_type": "ZIP compressed archive",
                    "probability": 7.0
                },
                {
                    "file_type": "PrintFox/Pagefox bitmap (640x800)",
                    "probability": 1.7
                }
            ],
            "names": [
                "appinventor.ai_ey2378.hadashot.apk"
            ],
            "last_modification_date": 1658214800,
            "type_tag": "android",
            "times_submitted": 4,
            "total_votes": {
                "harmless": 0,
                "malicious": 0
            },
            "size": 77719,
            "type_extension": "apk",
            "last_submission_date": 1606257413,
            "last_analysis_results": {
                "Bkav": {
                    "category": "undetected",
                    "engine_name": "Bkav",
                    "engine_version": "1.3.0.9899",
                    "result": null,
                    "method": "blacklist",
                    "engine_update": "20220719"
                },
                "Lionic": {
                    "category": "undetected",
                    "engine_name": "Lionic",
                    "engine_version": "7.5",
                    "result": null,
                    "method": "blacklist",
                    "engine_update": "20220719"
                },
                "tehtris": {
                    "category": "type-unsupported",
                    "engine_name": "tehtris",
                    "engine_version": "v0.1.4",
                    "result": null,
                    "method": "blacklist",
                    "engine_update": "20220719"
                },
                "DrWeb": {
                    "category": "timeout",
                    "engine_name": "DrWeb",
                    "engine_version": "7.0.56.4040",
                    "result": null,
                    "method": "blacklist",
                    "engine_update": "20220719"
                },
                "MicroWorld-eScan": {
                    "category": "undetected",
                    "engine_name": "MicroWorld-eScan",
                    "engine_version": "14.0.409.0",
                    "result": null,
                    "method": "blacklist",
                    "engine_update": "20220719"
                },
                "FireEye": {
                    "category": "undetected",
                    "engine_name": "FireEye",
                    "engine_version": "35.24.1.0",
                    "result": null,
                    "method": "blacklist",
                    "engine_update": "20220719"
                },
                "CAT-QuickHeal": {
                    "category": "undetected",
                    "engine_name": "CAT-QuickHeal",
                    "engine_version": "14.00",
                    "result": null,
                    "method": "blacklist",
                    "engine_update": "20220718"
                },
                "McAfee": {
                    "category": "timeout",
                    "engine_name": "McAfee",
                    "engine_version": "6.0.6.653",
                    "result": null,
                    "method": "blacklist",
                    "engine_update": "20220719"
                },
                "ALYac": {
                    "category": "undetected",
                    "engine_name": "ALYac",
                    "engine_version": "1.1.3.1",
                    "result": null,
                    "method": "blacklist",
                    "engine_update": "20220719"
                },
                "Malwarebytes": {
                    "category": "undetected",
                    "engine_name": "Malwarebytes",
                    "engine_version": "4.3.3.37",
                    "result": null,
                    "method": "blacklist",
                    "engine_update": "20220719"
                },
                "VIPRE": {
                    "category": "undetected",
                    "engine_name": "VIPRE",
                    "engine_version": "6.0.0.35",
                    "result": null,
                    "method": "blacklist",
                    "engine_update": "20220718"
                },
                "Paloalto": {
                    "category": "type-unsupported",
                    "engine_name": "Paloalto",
                    "engine_version": "0.9.0.1003",
                    "result": null,
                    "method": "blacklist",
                    "engine_update": "20220719"
                },
                "Sangfor": {
                    "category": "undetected",
                    "engine_name": "Sangfor",
                    "engine_version": "2.14.0.0",
                    "result": null,
                    "method": "blacklist",
                    "engine_update": "20220602"
                },
                "Trustlook": {
                    "category": "undetected",
                    "engine_name": "Trustlook",
                    "engine_version": "1.0",
                    "result": null,
                    "method": "blacklist",
                    "engine_update": "20220719"
                },
                "Alibaba": {
                    "category": "undetected",
                    "engine_name": "Alibaba",
                    "engine_version": "0.3.0.5",
                    "result": null,
                    "method": "blacklist",
                    "engine_update": "20190527"
                },
                "K7GW": {
                    "category": "undetected",
                    "engine_name": "K7GW",
                    "engine_version": "12.25.43404",
                    "result": null,
                    "method": "blacklist",
                    "engine_update": "20220719"
                },
                "K7AntiVirus": {
                    "category": "undetected",
                    "engine_name": "K7AntiVirus",
                    "engine_version": "12.25.43395",
                    "result": null,
                    "method": "blacklist",
                    "engine_update": "20220718"
                },
                "Arcabit": {
                    "category": "undetected",
                    "engine_name": "Arcabit",
                    "engine_version": "1.0.0.889",
                    "result": null,
                    "method": "blacklist",
                    "engine_update": "20220719"
                },
                "Baidu": {
                    "category": "undetected",
                    "engine_name": "Baidu",
                    "engine_version": "1.0.0.2",
                    "result": null,
                    "method": "blacklist",
                    "engine_update": "20190318"
                },
                "VirIT": {
                    "category": "undetected",
                    "engine_name": "VirIT",
                    "engine_version": "9.5.240",
                    "result": null,
                    "method": "blacklist",
                    "engine_update": "20220718"
                },
                "Cyren": {
                    "category": "timeout",
                    "engine_name": "Cyren",
                    "engine_version": "6.5.1.2",
                    "result": null,
                    "method": "blacklist",
                    "engine_update": "20220719"
                },
                "SymantecMobileInsight": {
                    "category": "undetected",
                    "engine_name": "SymantecMobileInsight",
                    "engine_version": "2.0",
                    "result": null,
                    "method": "blacklist",
                    "engine_update": "20220208"
                },
                "Symantec": {
                    "category": "undetected",
                    "engine_name": "Symantec",
                    "engine_version": "1.18.0.0",
                    "result": null,
                    "method": "blacklist",
                    "engine_update": "20220719"
                },
                "Elastic": {
                    "category": "type-unsupported",
                    "engine_name": "Elastic",
                    "engine_version": "4.0.40",
                    "result": null,
                    "method": "blacklist",
                    "engine_update": "20220623"
                },
                "ESET-NOD32": {
                    "category": "undetected",
                    "engine_name": "ESET-NOD32",
                    "engine_version": "25613",
                    "result": null,
                    "method": "blacklist",
                    "engine_update": "20220719"
                },
                "APEX": {
                    "category": "type-unsupported",
                    "engine_name": "APEX",
                    "engine_version": "6.313",
                    "result": null,
                    "method": "blacklist",
                    "engine_update": "20220716"
                },
                "TrendMicro-HouseCall": {
                    "category": "undetected",
                    "engine_name": "TrendMicro-HouseCall",
                    "engine_version": "10.0.0.1040",
                    "result": null,
                    "method": "blacklist",
                    "engine_update": "20220719"
                },
                "Avast": {
                    "category": "undetected",
                    "engine_name": "Avast",
                    "engine_version": "21.1.5827.0",
                    "result": null,
                    "method": "blacklist",
                    "engine_update": "20220719"
                },
                "ClamAV": {
                    "category": "undetected",
                    "engine_name": "ClamAV",
                    "engine_version": "0.105.0.0",
                    "result": null,
                    "method": "blacklist",
                    "engine_update": "20220718"
                },
                "Kaspersky": {
                    "category": "timeout",
                    "engine_name": "Kaspersky",
                    "engine_version": "21.0.1.45",
                    "result": null,
                    "method": "blacklist",
                    "engine_update": "20220719"
                },
                "BitDefender": {
                    "category": "undetected",
                    "engine_name": "BitDefender",
                    "engine_version": "7.2",
                    "result": null,
                    "method": "blacklist",
                    "engine_update": "20220719"
                },
                "NANO-Antivirus": {
                    "category": "undetected",
                    "engine_name": "NANO-Antivirus",
                    "engine_version": "1.0.146.25618",
                    "result": null,
                    "method": "blacklist",
                    "engine_update": "20220718"
                },
                "SUPERAntiSpyware": {
                    "category": "undetected",
                    "engine_name": "SUPERAntiSpyware",
                    "engine_version": "5.6.0.1032",
                    "result": null,
                    "method": "blacklist",
                    "engine_update": "20220716"
                },
                "Rising": {
                    "category": "timeout",
                    "engine_name": "Rising",
                    "engine_version": "25.0.0.27",
                    "result": null,
                    "method": "blacklist",
                    "engine_update": "20220719"
                },
                "Ad-Aware": {
                    "category": "undetected",
                    "engine_name": "Ad-Aware",
                    "engine_version": "3.0.21.193",
                    "result": null,
                    "method": "blacklist",
                    "engine_update": "20220719"
                },
                "Emsisoft": {
                    "category": "undetected",
                    "engine_name": "Emsisoft",
                    "engine_version": "2021.5.0.7597",
                    "result": null,
                    "method": "blacklist",
                    "engine_update": "20220719"
                },
                "Comodo": {
                    "category": "undetected",
                    "engine_name": "Comodo",
                    "engine_version": "34817",
                    "result": null,
                    "method": "blacklist",
                    "engine_update": "20220718"
                },
                "F-Secure": {
                    "category": "undetected",
                    "engine_name": "F-Secure",
                    "engine_version": "18.10.978.51",
                    "result": null,
                    "method": "blacklist",
                    "engine_update": "20220719"
                },
                "BitDefenderTheta": {
                    "category": "undetected",
                    "engine_name": "BitDefenderTheta",
                    "engine_version": "7.2.37796.0",
                    "result": null,
                    "method": "blacklist",
                    "engine_update": "20220718"
                },
                "Zillya": {
                    "category": "undetected",
                    "engine_name": "Zillya",
                    "engine_version": "2.0.0.4672",
                    "result": null,
                    "method": "blacklist",
                    "engine_update": "20220717"
                },
                "TrendMicro": {
                    "category": "undetected",
                    "engine_name": "TrendMicro",
                    "engine_version": "11.0.0.1006",
                    "result": null,
                    "method": "blacklist",
                    "engine_update": "20220719"
                },
                "McAfee-GW-Edition": {
                    "category": "timeout",
                    "engine_name": "McAfee-GW-Edition",
                    "engine_version": null,
                    "result": null,
                    "method": "blacklist",
                    "engine_update": "20220719"
                },
                "SentinelOne": {
                    "category": "type-unsupported",
                    "engine_name": "SentinelOne",
                    "engine_version": "22.2.1.2",
                    "result": null,
                    "method": "blacklist",
                    "engine_update": "20220330"
                },
                "Trapmine": {
                    "category": "type-unsupported",
                    "engine_name": "Trapmine",
                    "engine_version": "3.5.48.101",
                    "result": null,
                    "method": "blacklist",
                    "engine_update": "20220707"
                },
                "Sophos": {
                    "category": "undetected",
                    "engine_name": "Sophos",
                    "engine_version": "1.4.1.0",
                    "result": null,
                    "method": "blacklist",
                    "engine_update": "20220719"
                },
                "Ikarus": {
                    "category": "failure",
                    "engine_name": "Ikarus",
                    "engine_version": "6.0.24.0",
                    "result": null,
                    "method": "blacklist",
                    "engine_update": "20220718"
                },
                "Avast-Mobile": {
                    "category": "undetected",
                    "engine_name": "Avast-Mobile",
                    "engine_version": "220718-00",
                    "result": null,
                    "method": "blacklist",
                    "engine_update": "20220718"
                },
                "Jiangmin": {
                    "category": "undetected",
                    "engine_name": "Jiangmin",
                    "engine_version": "16.0.100",
                    "result": null,
                    "method": "blacklist",
                    "engine_update": "20220718"
                },
                "Webroot": {
                    "category": "type-unsupported",
                    "engine_name": "Webroot",
                    "engine_version": "1.0.0.403",
                    "result": null,
                    "method": "blacklist",
                    "engine_update": "20220719"
                },
                "Avira": {
                    "category": "undetected",
                    "engine_name": "Avira",
                    "engine_version": "8.3.3.14",
                    "result": null,
                    "method": "blacklist",
                    "engine_update": "20220719"
                },
                "Antiy-AVL": {
                    "category": "undetected",
                    "engine_name": "Antiy-AVL",
                    "engine_version": "3.0",
                    "result": null,
                    "method": "blacklist",
                    "engine_update": "20220719"
                },
                "Kingsoft": {
                    "category": "undetected",
                    "engine_name": "Kingsoft",
                    "engine_version": "2017.9.26.565",
                    "result": null,
                    "method": "blacklist",
                    "engine_update": "20220719"
                },
                "Gridinsoft": {
                    "category": "undetected",
                    "engine_name": "Gridinsoft",
                    "engine_version": "1.0.85.174",
                    "result": null,
                    "method": "blacklist",
                    "engine_update": "20220719"
                },
                "Microsoft": {
                    "category": "undetected",
                    "engine_name": "Microsoft",
                    "engine_version": "1.1.19400.3",
                    "result": null,
                    "method": "blacklist",
                    "engine_update": "20220719"
                },
                "ViRobot": {
                    "category": "undetected",
                    "engine_name": "ViRobot",
                    "engine_version": "2014.3.20.0",
                    "result": null,
                    "method": "blacklist",
                    "engine_update": "20220719"
                },
                "ZoneAlarm": {
                    "category": "timeout",
                    "engine_name": "ZoneAlarm",
                    "engine_version": "1.0",
                    "result": null,
                    "method": "blacklist",
                    "engine_update": "20220719"
                },
                "GData": {
                    "category": "undetected",
                    "engine_name": "GData",
                    "engine_version": "A:25.33532B:27.28128",
                    "result": null,
                    "method": "blacklist",
                    "engine_update": "20220719"
                },
                "Cynet": {
                    "category": "undetected",
                    "engine_name": "Cynet",
                    "engine_version": "4.0.0.27",
                    "result": null,
                    "method": "blacklist",
                    "engine_update": "20220719"
                },
                "BitDefenderFalx": {
                    "category": "undetected",
                    "engine_name": "BitDefenderFalx",
                    "engine_version": "2.0.936",
                    "result": null,
                    "method": "blacklist",
                    "engine_update": "20220103"
                },
                "AhnLab-V3": {
                    "category": "undetected",
                    "engine_name": "AhnLab-V3",
                    "engine_version": "3.22.1.10283",
                    "result": null,
                    "method": "blacklist",
                    "engine_update": "20220719"
                },
                "Acronis": {
                    "category": "undetected",
                    "engine_name": "Acronis",
                    "engine_version": "1.2.0.108",
                    "result": null,
                    "method": "blacklist",
                    "engine_update": "20220426"
                },
                "VBA32": {
                    "category": "undetected",
                    "engine_name": "VBA32",
                    "engine_version": "5.0.0",
                    "result": null,
                    "method": "blacklist",
                    "engine_update": "20220718"
                },
                "MAX": {
                    "category": "undetected",
                    "engine_name": "MAX",
                    "engine_version": "2019.9.16.1",
                    "result": null,
                    "method": "blacklist",
                    "engine_update": "20220719"
                },
                "Cylance": {
                    "category": "type-unsupported",
                    "engine_name": "Cylance",
                    "engine_version": "2.3.1.101",
                    "result": null,
                    "method": "blacklist",
                    "engine_update": "20220719"
                },
                "Zoner": {
                    "category": "undetected",
                    "engine_name": "Zoner",
                    "engine_version": "2.2.2.0",
                    "result": null,
                    "method": "blacklist",
                    "engine_update": "20220718"
                },
                "Tencent": {
                    "category": "undetected",
                    "engine_name": "Tencent",
                    "engine_version": "1.0.0.1",
                    "result": null,
                    "method": "blacklist",
                    "engine_update": "20220719"
                },
                "Yandex": {
                    "category": "undetected",
                    "engine_name": "Yandex",
                    "engine_version": "5.5.2.24",
                    "result": null,
                    "method": "blacklist",
                    "engine_update": "20220718"
                },
                "TACHYON": {
                    "category": "undetected",
                    "engine_name": "TACHYON",
                    "engine_version": "2022-07-19.01",
                    "result": null,
                    "method": "blacklist",
                    "engine_update": "20220719"
                },
                "MaxSecure": {
                    "category": "undetected",
                    "engine_name": "MaxSecure",
                    "engine_version": "1.0.0.1",
                    "result": null,
                    "method": "blacklist",
                    "engine_update": "20220716"
                },
                "Fortinet": {
                    "category": "undetected",
                    "engine_name": "Fortinet",
                    "engine_version": "6.2.142.0",
                    "result": null,
                    "method": "blacklist",
                    "engine_update": "20220719"
                },
                "Cybereason": {
                    "category": "type-unsupported",
                    "engine_name": "Cybereason",
                    "engine_version": "1.2.449",
                    "result": null,
                    "method": "blacklist",
                    "engine_update": "20210330"
                },
                "Panda": {
                    "category": "timeout",
                    "engine_name": "Panda",
                    "engine_version": "4.6.4.2",
                    "result": null,
                    "method": "blacklist",
                    "engine_update": "20220718"
                },
                "CrowdStrike": {
                    "category": "timeout",
                    "engine_name": "CrowdStrike",
                    "engine_version": "1.0",
                    "result": null,
                    "method": "blacklist",
                    "engine_update": null
                }
            },
            "sha256": "0008a46987c4bbecc020664892113112b0a5d47a09cc537b5a32fbe405a0ce57",
            "tags": [
                "apk",
                "android",
                "reflection",
                "telephony"
            ],
            "last_analysis_date": 1658206892,
            "unique_sources": 4,
            "first_submission_date": 1568287975,
            "sha1": "a79142dd2fc1c1153b2d1dd3bf387687c4d2f54c",
            "ssdeep": "1536:9iKHylNsO4nxMczSLQ/kZl1Hyx1HyKIJubzjvDrkoUdMcG1Mup+:94vn6kZl1W1mJujvlYMcG17+",
            "bundle_info": {
                "highest_datetime": "2017-09-10 11:04:04",
                "lowest_datetime": "2017-06-20 15:46:56",
                "num_children": 36,
                "extensions": {
                    "xml": 26,
                    "dex": 1,
                    "MF": 1,
                    "RSA": 1,
                    "gif": 1,
                    "SF": 1,
                    "png": 4
                },
                "file_types": {
                    "XML": 26,
                    "DEX": 1,
                    "PNG": 5,
                    "unknown": 4
                },
                "type": "APK",
                "uncompressed_size": 198118
            },
            "md5": "7b8803bcf7408ce034dea14bc32a048b",
            "androguard": {
                "Activities": [
                    "appinventor.ai_ey2378.hadashot.MainActivity",
                    "appinventor.ai_ey2378.hadashot.YnetActivity",
                    "appinventor.ai_ey2378.hadashot.MaarivActivity",
                    "appinventor.ai_ey2378.hadashot.WallaActivity",
                    "appinventor.ai_ey2378.hadashot.HaaretzActivity",
                    "appinventor.ai_ey2378.hadashot.MakoActivity",
                    "appinventor.ai_ey2378.hadashot.IsraelActivity",
                    "appinventor.ai_ey2378.hadashot.Nana10Activity",
                    "appinventor.ai_ey2378.hadashot.H360Activity",
                    "appinventor.ai_ey2378.hadashot.MsnActivity",
                    "appinventor.ai_ey2378.hadashot.Arutz7Activity",
                    "appinventor.ai_ey2378.hadashot.H0404Activity",
                    "appinventor.ai_ey2378.hadashot.GoogleActivity",
                    "appinventor.ai_ey2378.hadashot.MivzakimActivity",
                    "appinventor.ai_ey2378.hadashot.RotterActivity",
                    "appinventor.ai_ey2378.hadashot.JpostActivity",
                    "appinventor.ai_ey2378.hadashot.EmerkaziActivity",
                    "appinventor.ai_ey2378.hadashot.KanActivity",
                    "appinventor.ai_ey2378.hadashot.StartpageActivity",
                    "appinventor.ai_ey2378.hadashot.SponserActivity",
                    "appinventor.ai_ey2378.hadashot.BbcActivity",
                    "appinventor.ai_ey2378.hadashot.OneActivity",
                    "appinventor.ai_ey2378.hadashot.Sport5Activity",
                    "appinventor.ai_ey2378.hadashot.ThemarkerActivity",
                    "appinventor.ai_ey2378.hadashot.GlobsActivity",
                    "appinventor.ai_ey2378.hadashot.DebugActivity"
                ],
                "AndroidVersionCode": "4",
                "main_activity": "appinventor.ai_ey2378.hadashot.MainActivity",
                "certificate": {
                    "Subject": {
                        "DN": "C:US, CN:Android, L:Mountain View, O:Google Inc., ST:California, OU:Android",
                        "C": "US",
                        "CN": "Android",
                        "L": "Mountain View",
                        "O": "Google Inc.",
                        "ST": "California",
                        "OU": "Android"
                    },
                    "validto": "2047-06-14 18:54:11",
                    "serialnumber": "c7a50cc874a0ce59ed4aadf4a025faf93d44a773",
                    "thumbprint": "4f6a45533dbcf00465523a1938427af2c9812b5e",
                    "validfrom": "2017-06-14 18:54:11",
                    "Issuer": {
                        "DN": "C:US, CN:Android, L:Mountain View, O:Google Inc., ST:California, OU:Android",
                        "C": "US",
                        "CN": "Android",
                        "L": "Mountain View",
                        "O": "Google Inc.",
                        "ST": "California",
                        "OU": "Android"
                    }
                },
                "VTAndroidInfo": 2.0,
                "Package": "appinventor.ai_ey2378.hadashot",
                "intent_filters": {
                    "Activities": {
                        "appinventor.ai_ey2378.hadashot.MainActivity": {
                            "action": [
                                "android.intent.action.MAIN"
                            ],
                            "category": [
                                "android.intent.category.LAUNCHER"
                            ]
                        }
                    }
                },
                "permission_details": {
                    "android.permission.INTERNET": {
                        "short_description": "full network access",
                        "full_description": "Allows the app to create\n     network sockets and use custom network protocols. The browser and other\n     applications provide means to send data to the internet, so this\n     permission is not required to send data to the internet.",
                        "permission_type": "dangerous"
                    }
                },
                "AndroidApplication": 1,
                "StringsInformation": [
                    "http://m.globes.co.il",
                    "http://m.jpost.com",
                    "http://m.maariv.co.il",
                    "http://m.nana10.co.il/",
                    "http://m.sponser.co.il/articleList.php?cid=7&pid=0&from=mobile.Menu",
                    "http://m.sport5.co.il",
                    "http://m.ynet.co.il",
                    "http://mobile.mako.co.il",
                    "http://rotter.net",
                    "http://www.360.co.il",
                    "http://www.bbc.com/news",
                    "http://www.haaretz.co.il",
                    "http://www.inn.co.il",
                    "http://www.israelhayom.co.il",
                    "http://www.kan.org.il",
                    "http://www.msn.com/he-il",
                    "http://www.news-israel.net",
                    "http://www.newsnow.co.il/tag/12",
                    "http://www.one.co.il",
                    "https://mivzakim.net/mobile/category/1",
                    "https://news.google.co.il/#0",
                    "https://www.0404.co.il",
                    "https://www.themarker.com",
                    "https://www.walla.co.il"
                ],
                "AndroidApplicationError": false,
                "AndroidVersionName": "4.0",
                "RiskIndicator": {
                    "APK": {
                        "DEX": 1
                    },
                    "PERM": {
                        "INTERNET": 1
                    }
                },
                "MinSdkVersion": "19",
                "TargetSdkVersion": "22",
                "AndroguardVersion": "3.4.0a1",
                "AndroidApplicationInfo": "APK"
            },
            "magic": "Zip archive data, at least v2.0 to extract",
            "last_analysis_stats": {
                "harmless": 0,
                "type-unsupported": 9,
                "suspicious": 0,
                "confirmed-timeout": 0,
                "timeout": 9,
                "failure": 1,
                "malicious": 0,
                "undetected": 54
            },
            "meaningful_name": "appinventor.ai_ey2378.hadashot.apk",
            "reputation": 0
        },
        "type": "file",
        "id": "0008a46987c4bbecc020664892113112b0a5d47a09cc537b5a32fbe405a0ce57",
        "links": {
            "self": "https://www.virustotal.com/api/v3/files/0008a46987c4bbecc020664892113112b0a5d47a09cc537b5a32fbe405a0ce57"
        }
    }
}