{
    "data": {
        "attributes": {
            "type_description": "Android",
            "vhash": "a375b9f80361c17afc577c649139c374",
            "trid": [
                {
                    "file_type": "Android Package",
                    "probability": 72.9
                },
                {
                    "file_type": "Java Archive",
                    "probability": 20.1
                },
                {
                    "file_type": "ZIP compressed archive",
                    "probability": 5.5
                },
                {
                    "file_type": "PrintFox/Pagefox bitmap (var. P)",
                    "probability": 1.3
                }
            ],
            "names": [
                "me.zhanghai.android.effortlesspermissions.sample.apk"
            ],
            "last_modification_date": 1537295308,
            "type_tag": "android",
            "times_submitted": 2,
            "total_votes": {
                "harmless": 0,
                "malicious": 0
            },
            "size": 823826,
            "type_extension": "apk",
            "last_submission_date": 1537259215,
            "last_analysis_results": {
                "Bkav": {
                    "category": "undetected",
                    "engine_name": "Bkav",
                    "engine_version": "1.3.0.8876",
                    "result": null,
                    "method": "blacklist",
                    "engine_update": "20180917"
                },
                "Lionic": {
                    "category": "undetected",
                    "engine_name": "AegisLab",
                    "engine_version": "4.2",
                    "result": null,
                    "method": "blacklist",
                    "engine_update": "20180918"
                },
                "MicroWorld-eScan": {
                    "category": "undetected",
                    "engine_name": "MicroWorld-eScan",
                    "engine_version": "14.0.297.0",
                    "result": null,
                    "method": "blacklist",
                    "engine_update": "20180918"
                },
                "CMC": {
                    "category": "undetected",
                    "engine_name": "CMC",
                    "engine_version": "1.1.0.977",
                    "result": null,
                    "method": "blacklist",
                    "engine_update": "20180917"
                },
                "CAT-QuickHeal": {
                    "category": "undetected",
                    "engine_name": "CAT-QuickHeal",
                    "engine_version": "14.00",
                    "result": null,
                    "method": "blacklist",
                    "engine_update": "20180917"
                },
                "McAfee": {
                    "category": "undetected",
                    "engine_name": "McAfee",
                    "engine_version": "6.0.6.653",
                    "result": null,
                    "method": "blacklist",
                    "engine_update": "20180918"
                },
                "Malwarebytes": {
                    "category": "undetected",
                    "engine_name": "Malwarebytes",
                    "engine_version": "2.1.1.1115",
                    "result": null,
                    "method": "blacklist",
                    "engine_update": "20180918"
                },
                "Zillya": {
                    "category": "undetected",
                    "engine_name": "Zillya",
                    "engine_version": "2.0.0.3640",
                    "result": null,
                    "method": "blacklist",
                    "engine_update": "20180917"
                },
                "Paloalto": {
                    "category": "type-unsupported",
                    "engine_name": "Paloalto",
                    "engine_version": "1.0",
                    "result": null,
                    "method": "blacklist",
                    "engine_update": "20180918"
                },
                "TheHacker": {
                    "category": "undetected",
                    "engine_name": "TheHacker",
                    "engine_version": "6.8.0.5.3695",
                    "result": null,
                    "method": "blacklist",
                    "engine_update": "20180914"
                },
                "BitDefender": {
                    "category": "undetected",
                    "engine_name": "BitDefender",
                    "engine_version": "7.2",
                    "result": null,
                    "method": "blacklist",
                    "engine_update": "20180918"
                },
                "K7GW": {
                    "category": "undetected",
                    "engine_name": "K7GW",
                    "engine_version": "11.4.28419",
                    "result": null,
                    "method": "blacklist",
                    "engine_update": "20180918"
                },
                "K7AntiVirus": {
                    "category": "undetected",
                    "engine_name": "K7AntiVirus",
                    "engine_version": "11.4.28420",
                    "result": null,
                    "method": "blacklist",
                    "engine_update": "20180918"
                },
                "Invincea": {
                    "category": "type-unsupported",
                    "engine_name": "Invincea",
                    "engine_version": "6.3.5.26121",
                    "result": null,
                    "method": "blacklist",
                    "engine_update": "20180717"
                },
                "Baidu": {
                    "category": "undetected",
                    "engine_name": "Baidu",
                    "engine_version": "1.0.0.2",
                    "result": null,
                    "method": "blacklist",
                    "engine_update": "20180914"
                },
                "Babable": {
                    "category": "undetected",
                    "engine_name": "Babable",
                    "engine_version": "9107201",
                    "result": null,
                    "method": "blacklist",
                    "engine_update": "20180918"
                },
                "Cyren": {
                    "category": "undetected",
                    "engine_name": "Cyren",
                    "engine_version": "6.0.0.4",
                    "result": null,
                    "method": "blacklist",
                    "engine_update": "20180918"
                },
                "SymantecMobileInsight": {
                    "category": "undetected",
                    "engine_name": "SymantecMobileInsight",
                    "engine_version": "2.0",
                    "result": null,
                    "method": "blacklist",
                    "engine_update": "20180911"
                },
                "Symantec": {
                    "category": "undetected",
                    "engine_name": "Symantec",
                    "engine_version": "1.7.0.0",
                    "result": null,
                    "method": "blacklist",
                    "engine_update": "20180918"
                },
                "ESET-NOD32": {
                    "category": "undetected",
                    "engine_name": "ESET-NOD32",
                    "engine_version": "18069",
                    "result": null,
                    "method": "blacklist",
                    "engine_update": "20180918"
                },
                "TrendMicro-HouseCall": {
                    "category": "undetected",
                    "engine_name": "TrendMicro-HouseCall",
                    "engine_version": "9.950.0.1006",
                    "result": null,
                    "method": "blacklist",
                    "engine_update": "20180918"
                },
                "Avast": {
                    "category": "undetected",
                    "engine_name": "Avast",
                    "engine_version": "18.4.3895.0",
                    "result": null,
                    "method": "blacklist",
                    "engine_update": "20180918"
                },
                "ClamAV": {
                    "category": "undetected",
                    "engine_name": "ClamAV",
                    "engine_version": "0.100.1.0",
                    "result": null,
                    "method": "blacklist",
                    "engine_update": "20180918"
                },
                "Kaspersky": {
                    "category": "undetected",
                    "engine_name": "Kaspersky",
                    "engine_version": "15.0.1.13",
                    "result": null,
                    "method": "blacklist",
                    "engine_update": "20180918"
                },
                "Alibaba": {
                    "category": "undetected",
                    "engine_name": "Alibaba",
                    "engine_version": "1.0",
                    "result": null,
                    "method": "blacklist",
                    "engine_update": "20180713"
                },
                "NANO-Antivirus": {
                    "category": "undetected",
                    "engine_name": "NANO-Antivirus",
                    "engine_version": "1.0.126.23745",
                    "result": null,
                    "method": "blacklist",
                    "engine_update": "20180918"
                },
                "SUPERAntiSpyware": {
                    "category": "undetected",
                    "engine_name": "SUPERAntiSpyware",
                    "engine_version": "5.6.0.1032",
                    "result": null,
                    "method": "blacklist",
                    "engine_update": "20180907"
                },
                "Rising": {
                    "category": "undetected",
                    "engine_name": "Rising",
                    "engine_version": "25.0.0.24",
                    "result": null,
                    "method": "blacklist",
                    "engine_update": "20180918"
                },
                "Ad-Aware": {
                    "category": "undetected",
                    "engine_name": "Ad-Aware",
                    "engine_version": "3.0.5.370",
                    "result": null,
                    "method": "blacklist",
                    "engine_update": "20180917"
                },
                "Trustlook": {
                    "category": "undetected",
                    "engine_name": "Trustlook",
                    "engine_version": "2",
                    "result": null,
                    "method": "blacklist",
                    "engine_update": "20180918"
                },
                "Emsisoft": {
                    "category": "undetected",
                    "engine_name": "Emsisoft",
                    "engine_version": "2018.4.0.1029",
                    "result": null,
                    "method": "blacklist",
                    "engine_update": "20180918"
                },
                "Comodo": {
                    "category": "undetected",
                    "engine_name": "Comodo",
                    "engine_version": null,
                    "result": null,
                    "method": "blacklist",
                    "engine_update": "20180918"
                },
                "F-Secure": {
                    "category": "undetected",
                    "engine_name": "F-Secure",
                    "engine_version": "11.0.19100.45",
                    "result": null,
                    "method": "blacklist",
                    "engine_update": "20180918"
                },
                "DrWeb": {
                    "category": "undetected",
                    "engine_name": "DrWeb",
                    "engine_version": "7.0.33.6080",
                    "result": null,
                    "method": "blacklist",
                    "engine_update": "20180918"
                },
                "VIPRE": {
                    "category": "undetected",
                    "engine_name": "VIPRE",
                    "engine_version": "69662",
                    "result": null,
                    "method": "blacklist",
                    "engine_update": "20180918"
                },
                "TrendMicro": {
                    "category": "undetected",
                    "engine_name": "TrendMicro",
                    "engine_version": "10.0.0.1040",
                    "result": null,
                    "method": "blacklist",
                    "engine_update": "20180918"
                },
                "McAfee-GW-Edition": {
                    "category": "undetected",
                    "engine_name": "McAfee-GW-Edition",
                    "engine_version": "v2017.3010",
                    "result": null,
                    "method": "blacklist",
                    "engine_update": "20180918"
                },
                "Sophos": {
                    "category": "undetected",
                    "engine_name": "Sophos",
                    "engine_version": "4.98.0",
                    "result": null,
                    "method": "blacklist",
                    "engine_update": "20180918"
                },
                "Ikarus": {
                    "category": "undetected",
                    "engine_name": "Ikarus",
                    "engine_version": "0.1.5.2",
                    "result": null,
                    "method": "blacklist",
                    "engine_update": "20180918"
                },
                "F-Prot": {
                    "category": "undetected",
                    "engine_name": "F-Prot",
                    "engine_version": "4.7.1.166",
                    "result": null,
                    "method": "blacklist",
                    "engine_update": "20180918"
                },
                "Jiangmin": {
                    "category": "undetected",
                    "engine_name": "Jiangmin",
                    "engine_version": "16.0.100",
                    "result": null,
                    "method": "blacklist",
                    "engine_update": "20180918"
                },
                "Webroot": {
                    "category": "type-unsupported",
                    "engine_name": "Webroot",
                    "engine_version": "1.0.0.403",
                    "result": null,
                    "method": "blacklist",
                    "engine_update": "20180918"
                },
                "Avira": {
                    "category": "undetected",
                    "engine_name": "Avira",
                    "engine_version": "8.3.3.6",
                    "result": null,
                    "method": "blacklist",
                    "engine_update": "20180918"
                },
                "Fortinet": {
                    "category": "undetected",
                    "engine_name": "Fortinet",
                    "engine_version": "5.4.247.0",
                    "result": null,
                    "method": "blacklist",
                    "engine_update": "20180918"
                },
                "Antiy-AVL": {
                    "category": "undetected",
                    "engine_name": "Antiy-AVL",
                    "engine_version": "3.0.0.1",
                    "result": null,
                    "method": "blacklist",
                    "engine_update": "20180918"
                },
                "Kingsoft": {
                    "category": "undetected",
                    "engine_name": "Kingsoft",
                    "engine_version": "2013.8.14.323",
                    "result": null,
                    "method": "blacklist",
                    "engine_update": "20180918"
                },
                "Endgame": {
                    "category": "type-unsupported",
                    "engine_name": "Endgame",
                    "engine_version": "3.0.1",
                    "result": null,
                    "method": "blacklist",
                    "engine_update": "20180730"
                },
                "Arcabit": {
                    "category": "undetected",
                    "engine_name": "Arcabit",
                    "engine_version": "1.0.0.833",
                    "result": null,
                    "method": "blacklist",
                    "engine_update": "20180918"
                },
                "ViRobot": {
                    "category": "undetected",
                    "engine_name": "ViRobot",
                    "engine_version": "2014.3.20.0",
                    "result": null,
                    "method": "blacklist",
                    "engine_update": "20180918"
                },
                "AhnLab-V3": {
                    "category": "undetected",
                    "engine_name": "AhnLab-V3",
                    "engine_version": "3.13.1.21616",
                    "result": null,
                    "method": "blacklist",
                    "engine_update": "20180917"
                },
                "ZoneAlarm": {
                    "category": "undetected",
                    "engine_name": "ZoneAlarm",
                    "engine_version": "1.0",
                    "result": null,
                    "method": "blacklist",
                    "engine_update": "20180918"
                },
                "Avast-Mobile": {
                    "category": "undetected",
                    "engine_name": "Avast-Mobile",
                    "engine_version": "180918-02",
                    "result": null,
                    "method": "blacklist",
                    "engine_update": "20180918"
                },
                "Microsoft": {
                    "category": "undetected",
                    "engine_name": "Microsoft",
                    "engine_version": "1.1.15200.1",
                    "result": null,
                    "method": "blacklist",
                    "engine_update": "20180918"
                },
                "SentinelOne": {
                    "category": "type-unsupported",
                    "engine_name": "SentinelOne",
                    "engine_version": "1.0.19.234",
                    "result": null,
                    "method": "blacklist",
                    "engine_update": "20180830"
                },
                "TotalDefense": {
                    "category": "undetected",
                    "engine_name": "TotalDefense",
                    "engine_version": "37.1.62.1",
                    "result": null,
                    "method": "blacklist",
                    "engine_update": "20180918"
                },
                "ALYac": {
                    "category": "undetected",
                    "engine_name": "ALYac",
                    "engine_version": "1.1.1.5",
                    "result": null,
                    "method": "blacklist",
                    "engine_update": "20180918"
                },
                "AVware": {
                    "category": "undetected",
                    "engine_name": "AVware",
                    "engine_version": "1.6.0.52",
                    "result": null,
                    "method": "blacklist",
                    "engine_update": "20180918"
                },
                "MAX": {
                    "category": "undetected",
                    "engine_name": "MAX",
                    "engine_version": "2018.9.12.1",
                    "result": null,
                    "method": "blacklist",
                    "engine_update": "20180918"
                },
                "VBA32": {
                    "category": "undetected",
                    "engine_name": "VBA32",
                    "engine_version": "3.33.0",
                    "result": null,
                    "method": "blacklist",
                    "engine_update": "20180917"
                },
                "Cylance": {
                    "category": "type-unsupported",
                    "engine_name": "Cylance",
                    "engine_version": "2.3.1.101",
                    "result": null,
                    "method": "blacklist",
                    "engine_update": "20180918"
                },
                "Zoner": {
                    "category": "undetected",
                    "engine_name": "Zoner",
                    "engine_version": "1.0",
                    "result": null,
                    "method": "blacklist",
                    "engine_update": "20180917"
                },
                "Tencent": {
                    "category": "undetected",
                    "engine_name": "Tencent",
                    "engine_version": "1.0.0.1",
                    "result": null,
                    "method": "blacklist",
                    "engine_update": "20180918"
                },
                "Yandex": {
                    "category": "undetected",
                    "engine_name": "Yandex",
                    "engine_version": "5.5.1.3",
                    "result": null,
                    "method": "blacklist",
                    "engine_update": "20180917"
                },
                "TACHYON": {
                    "category": "undetected",
                    "engine_name": "TACHYON",
                    "engine_version": "2018-09-18.02",
                    "result": null,
                    "method": "blacklist",
                    "engine_update": "20180918"
                },
                "eGambit": {
                    "category": "type-unsupported",
                    "engine_name": "eGambit",
                    "engine_version": null,
                    "result": null,
                    "method": "blacklist",
                    "engine_update": "20180918"
                },
                "GData": {
                    "category": "undetected",
                    "engine_name": "GData",
                    "engine_version": "A:25.18555B:25.13241",
                    "result": null,
                    "method": "blacklist",
                    "engine_update": "20180918"
                },
                "AVG": {
                    "category": "undetected",
                    "engine_name": "AVG",
                    "engine_version": "18.4.3895.0",
                    "result": null,
                    "method": "blacklist",
                    "engine_update": "20180918"
                },
                "Cybereason": {
                    "category": "type-unsupported",
                    "engine_name": "Cybereason",
                    "engine_version": "1.2.27",
                    "result": null,
                    "method": "blacklist",
                    "engine_update": "20180225"
                },
                "Panda": {
                    "category": "undetected",
                    "engine_name": "Panda",
                    "engine_version": "4.6.4.2",
                    "result": null,
                    "method": "blacklist",
                    "engine_update": "20180917"
                },
                "CrowdStrike": {
                    "category": "type-unsupported",
                    "engine_name": "CrowdStrike",
                    "engine_version": "1.0",
                    "result": null,
                    "method": "blacklist",
                    "engine_update": "20180723"
                },
                "Qihoo-360": {
                    "category": "undetected",
                    "engine_name": "Qihoo-360",
                    "engine_version": "1.0.0.1120",
                    "result": null,
                    "method": "blacklist",
                    "engine_update": "20180918"
                }
            },
            "sha256": "000952bc2eee0c342b6a6edd8fd4f82b15e51cb3d2a4a04bf53677243b542d78",
            "tags": [
                "apk",
                "android"
            ],
            "last_analysis_date": 1537259215,
            "unique_sources": 2,
            "first_submission_date": 1529287393,
            "sha1": "f9b7381936ca427530c92d28a6d89c94b2aa2258",
            "ssdeep": "24576:MKMUMGYRW7QA6Xi4jY/RH9dCaR5iY2g63r:MKbtz7QE4jY/RddDRAjg6b",
            "bundle_info": {
                "highest_datetime": "1980-00-00 00:00:00",
                "lowest_datetime": "1980-00-00 00:00:00",
                "num_children": 423,
                "extensions": {
                    "xml": 155,
                    "dex": 1,
                    "MF": 1,
                    "RSA": 1,
                    "SF": 1,
                    "png": 255
                },
                "file_types": {
                    "XML": 155,
                    "unknown": 12,
                    "DEX": 1,
                    "PNG": 255
                },
                "type": "APK",
                "uncompressed_size": 1281767
            },
            "md5": "c5c1e89a18ddcf7da5d8dc5a10e48e5f",
            "androguard": {
                "Activities": [
                    "me.zhanghai.android.effortlesspermissions.sample.MainActivity",
                    "me.zhanghai.android.effortlesspermissions.sample.AboutActivity",
                    "pub.devrel.easypermissions.AppSettingsDialogHolderActivity"
                ],
                "AndroidVersionCode": "4",
                "main_activity": "me.zhanghai.android.effortlesspermissions.sample.MainActivity",
                "certificate": {
                    "Subject": {
                        "DN": "CN:Zhang Hai",
                        "CN": "Zhang Hai"
                    },
                    "validto": "04:34 AM 06/15/2042",
                    "serialnumber": "561e3499",
                    "thumbprint": "ccbd0e165477a1949c8eae6b3ab5a9ef6ed4e2bf",
                    "validfrom": "04:34 AM 06/21/2017",
                    "Issuer": {
                        "DN": "CN:Zhang Hai",
                        "CN": "Zhang Hai"
                    }
                },
                "VTAndroidInfo": 1.41,
                "Package": "me.zhanghai.android.effortlesspermissions.sample",
                "intent_filters": {
                    "Services": {},
                    "Activities": {
                        "me.zhanghai.android.effortlesspermissions.sample.MainActivity": {
                            "action": [
                                "android.intent.action.MAIN"
                            ],
                            "category": [
                                "android.intent.category.LAUNCHER"
                            ]
                        }
                    },
                    "Receivers": {}
                },
                "AndroidApplication": 1,
                "permission_details": {
                    "android.permission.WRITE_EXTERNAL_STORAGE": {
                        "short_description": "modify/delete SD card contents",
                        "full_description": "Allows an application to write to the SD card.",
                        "permission_type": "dangerous"
                    }
                },
                "SourceFile": "r:\\sav6\\work_channel1_10\\95700811",
                "StringsInformation": [
                    "http://schemas.android.com/apk/res/android"
                ],
                "AndroidApplicationError": false,
                "AndroidVersionName": "1.0.3",
                "RiskIndicator": {
                    "APK": {
                        "DEX": 1
                    },
                    "PERM": {
                        "DANGEROUS": 1
                    }
                },
                "MinSdkVersion": "14",
                "TargetSdkVersion": "27",
                "AndroguardVersion": "3.0-dev",
                "AndroidApplicationInfo": "APK"
            },
            "magic": "Zip archive data, at least v2.0 to extract",
            "last_analysis_stats": {
                "harmless": 0,
                "type-unsupported": 9,
                "suspicious": 0,
                "confirmed-timeout": 0,
                "timeout": 0,
                "failure": 0,
                "malicious": 0,
                "undetected": 62
            },
            "meaningful_name": "me.zhanghai.android.effortlesspermissions.sample.apk",
            "reputation": 0
        },
        "type": "file",
        "id": "000952bc2eee0c342b6a6edd8fd4f82b15e51cb3d2a4a04bf53677243b542d78",
        "links": {
            "self": "https://www.virustotal.com/api/v3/files/000952bc2eee0c342b6a6edd8fd4f82b15e51cb3d2a4a04bf53677243b542d78"
        }
    }
}