{
    "data": {
        "attributes": {
            "type_description": "Android",
            "tlsh": "T198E302478FD48746F87ECB79BE2990402D412BC1EDD0EBCF6108198E19266245B36F7B",
            "vhash": "42e1903fb800cfd1359132f982f6d269",
            "trid": [
                {
                    "file_type": "Android Package",
                    "probability": 67.5
                },
                {
                    "file_type": "Java Archive",
                    "probability": 23.6
                },
                {
                    "file_type": "ZIP compressed archive",
                    "probability": 7.0
                },
                {
                    "file_type": "PrintFox/Pagefox bitmap (640x800)",
                    "probability": 1.7
                }
            ],
            "names": [
                "025",
                "VirusShare_1339e7a6acaab03df7cdcacc62156814",
                "myfile.exe",
                "458534.apk",
                "000e5e567e15597b2fdf803f59313f9f52c6f70c2346a1ea1650f090bb4cc6bf.apk",
                "VirusShare_1339e7a6acaab03df7cdcacc62156814.apk",
                "VirusShare_f86e68c0905d6e8db2a50e099ee8b00461f0d992.apk",
                "000e5e567e15597b2fdf803f59313f9f52c6f70c2346a1ea1650f090bb4cc6bf.log",
                "17896302",
                "aa",
                "XdyTC.exe",
                "11xFpln.exe",
                "B6R7.lnk"
            ],
            "last_modification_date": 1656470317,
            "type_tag": "android",
            "times_submitted": 16,
            "total_votes": {
                "harmless": 0,
                "malicious": 0
            },
            "size": 149572,
            "popular_threat_classification": {
                "suggested_threat_label": "trojan.utchi/artemis",
                "popular_threat_category": [
                    {
                        "count": 7,
                        "value": "trojan"
                    },
                    {
                        "count": 6,
                        "value": "adware"
                    }
                ],
                "popular_threat_name": [
                    {
                        "count": 5,
                        "value": "utchi"
                    },
                    {
                        "count": 2,
                        "value": "artemis"
                    }
                ]
            },
            "last_submission_date": 1641315057,
            "last_analysis_results": {
                "Bkav": {
                    "category": "undetected",
                    "engine_name": "Bkav",
                    "engine_version": "1.3.0.9899",
                    "result": null,
                    "method": "blacklist",
                    "engine_update": "20220104"
                },
                "Lionic": {
                    "category": "malicious",
                    "engine_name": "Lionic",
                    "engine_version": "4.2",
                    "result": "Adware.AndroidOS.Utchi.A!c",
                    "method": "blacklist",
                    "engine_update": "20220104"
                },
                "Elastic": {
                    "category": "type-unsupported",
                    "engine_name": "Elastic",
                    "engine_version": "4.0.32",
                    "result": null,
                    "method": "blacklist",
                    "engine_update": "20211223"
                },
                "DrWeb": {
                    "category": "malicious",
                    "engine_name": "DrWeb",
                    "engine_version": "7.0.52.8270",
                    "result": "Android.Spy.42.origin",
                    "method": "blacklist",
                    "engine_update": "20220104"
                },
                "MicroWorld-eScan": {
                    "category": "undetected",
                    "engine_name": "MicroWorld-eScan",
                    "engine_version": "14.0.409.0",
                    "result": null,
                    "method": "blacklist",
                    "engine_update": "20220104"
                },
                "FireEye": {
                    "category": "undetected",
                    "engine_name": "FireEye",
                    "engine_version": "32.44.1.0",
                    "result": null,
                    "method": "blacklist",
                    "engine_update": "20220104"
                },
                "CAT-QuickHeal": {
                    "category": "malicious",
                    "engine_name": "CAT-QuickHeal",
                    "engine_version": "14.00",
                    "result": "Android.AndroidOS.GEN24686",
                    "method": "blacklist",
                    "engine_update": "20220104"
                },
                "McAfee": {
                    "category": "malicious",
                    "engine_name": "McAfee",
                    "engine_version": "6.0.6.653",
                    "result": "Artemis!1339E7A6ACAA",
                    "method": "blacklist",
                    "engine_update": "20220104"
                },
                "Malwarebytes": {
                    "category": "undetected",
                    "engine_name": "Malwarebytes",
                    "engine_version": "4.2.2.27",
                    "result": null,
                    "method": "blacklist",
                    "engine_update": "20220104"
                },
                "Zillya": {
                    "category": "undetected",
                    "engine_name": "Zillya",
                    "engine_version": "2.0.0.4539",
                    "result": null,
                    "method": "blacklist",
                    "engine_update": "20220104"
                },
                "Sangfor": {
                    "category": "malicious",
                    "engine_name": "Sangfor",
                    "engine_version": "2.9.0.0",
                    "result": "Adware.Android-Script.Save.887acb5f",
                    "method": "blacklist",
                    "engine_update": "20211224"
                },
                "Trustlook": {
                    "category": "malicious",
                    "engine_name": "Trustlook",
                    "engine_version": "1.0",
                    "result": "Android.PUA.General",
                    "method": "blacklist",
                    "engine_update": "20220104"
                },
                "Alibaba": {
                    "category": "malicious",
                    "engine_name": "Alibaba",
                    "engine_version": "0.3.0.5",
                    "result": "Trojan:Android/Generic.ff82b95b",
                    "method": "blacklist",
                    "engine_update": "20190527"
                },
                "K7GW": {
                    "category": "malicious",
                    "engine_name": "K7GW",
                    "engine_version": "11.239.40165",
                    "result": "Trojan ( 004d49ef1 )",
                    "method": "blacklist",
                    "engine_update": "20220104"
                },
                "K7AntiVirus": {
                    "category": "undetected",
                    "engine_name": "K7AntiVirus",
                    "engine_version": "11.239.40161",
                    "result": null,
                    "method": "blacklist",
                    "engine_update": "20220104"
                },
                "Arcabit": {
                    "category": "undetected",
                    "engine_name": "Arcabit",
                    "engine_version": "1.0.0.888",
                    "result": null,
                    "method": "blacklist",
                    "engine_update": "20220104"
                },
                "BitDefenderTheta": {
                    "category": "undetected",
                    "engine_name": "BitDefenderTheta",
                    "engine_version": "7.2.37796.0",
                    "result": null,
                    "method": "blacklist",
                    "engine_update": "20211223"
                },
                "VirIT": {
                    "category": "malicious",
                    "engine_name": "VirIT",
                    "engine_version": "9.5.105",
                    "result": "Android.Trj.Spy.BQ",
                    "method": "blacklist",
                    "engine_update": "20220104"
                },
                "Cyren": {
                    "category": "malicious",
                    "engine_name": "Cyren",
                    "engine_version": "6.5.1.2",
                    "result": "AndroidOS/MTK.E",
                    "method": "blacklist",
                    "engine_update": "20220104"
                },
                "SymantecMobileInsight": {
                    "category": "failure",
                    "engine_name": "SymantecMobileInsight",
                    "engine_version": "2.0",
                    "result": null,
                    "method": "blacklist",
                    "engine_update": "20211119"
                },
                "Symantec": {
                    "category": "malicious",
                    "engine_name": "Symantec",
                    "engine_version": "1.16.0.0",
                    "result": "Trojan.Gen.2",
                    "method": "blacklist",
                    "engine_update": "20220104"
                },
                "ESET-NOD32": {
                    "category": "malicious",
                    "engine_name": "ESET-NOD32",
                    "engine_version": "24565",
                    "result": "a variant of Android/MTK.I",
                    "method": "blacklist",
                    "engine_update": "20220104"
                },
                "APEX": {
                    "category": "type-unsupported",
                    "engine_name": "APEX",
                    "engine_version": "6.246",
                    "result": null,
                    "method": "blacklist",
                    "engine_update": "20220104"
                },
                "TrendMicro-HouseCall": {
                    "category": "undetected",
                    "engine_name": "TrendMicro-HouseCall",
                    "engine_version": "10.0.0.1040",
                    "result": null,
                    "method": "blacklist",
                    "engine_update": "20220104"
                },
                "Avast": {
                    "category": "undetected",
                    "engine_name": "Avast",
                    "engine_version": "21.1.5827.0",
                    "result": null,
                    "method": "blacklist",
                    "engine_update": "20220104"
                },
                "ClamAV": {
                    "category": "undetected",
                    "engine_name": "ClamAV",
                    "engine_version": "0.104.1.0",
                    "result": null,
                    "method": "blacklist",
                    "engine_update": "20220104"
                },
                "Kaspersky": {
                    "category": "malicious",
                    "engine_name": "Kaspersky",
                    "engine_version": "21.0.1.45",
                    "result": "not-a-virus:HEUR:AdWare.AndroidOS.Utchi.b",
                    "method": "blacklist",
                    "engine_update": "20220104"
                },
                "BitDefender": {
                    "category": "undetected",
                    "engine_name": "BitDefender",
                    "engine_version": "7.2",
                    "result": null,
                    "method": "blacklist",
                    "engine_update": "20220104"
                },
                "NANO-Antivirus": {
                    "category": "malicious",
                    "engine_name": "NANO-Antivirus",
                    "engine_version": "1.0.146.25520",
                    "result": "Riskware.Android.MKT.ctnawq",
                    "method": "blacklist",
                    "engine_update": "20220104"
                },
                "SUPERAntiSpyware": {
                    "category": "undetected",
                    "engine_name": "SUPERAntiSpyware",
                    "engine_version": "5.6.0.1032",
                    "result": null,
                    "method": "blacklist",
                    "engine_update": "20220101"
                },
                "Tencent": {
                    "category": "malicious",
                    "engine_name": "Tencent",
                    "engine_version": "1.0.0.1",
                    "result": "Android.Trojan.Mtk.Dvgb",
                    "method": "blacklist",
                    "engine_update": "20220104"
                },
                "Ad-Aware": {
                    "category": "undetected",
                    "engine_name": "Ad-Aware",
                    "engine_version": "3.0.21.193",
                    "result": null,
                    "method": "blacklist",
                    "engine_update": "20220104"
                },
                "TACHYON": {
                    "category": "undetected",
                    "engine_name": "TACHYON",
                    "engine_version": "2022-01-04.02",
                    "result": null,
                    "method": "blacklist",
                    "engine_update": "20220104"
                },
                "Emsisoft": {
                    "category": "undetected",
                    "engine_name": "Emsisoft",
                    "engine_version": "2021.5.0.7597",
                    "result": null,
                    "method": "blacklist",
                    "engine_update": "20220104"
                },
                "Comodo": {
                    "category": "malicious",
                    "engine_name": "Comodo",
                    "engine_version": "34044",
                    "result": "ApplicUnwnt@#1ncso0tivclqn",
                    "method": "blacklist",
                    "engine_update": "20211102"
                },
                "F-Secure": {
                    "category": "undetected",
                    "engine_name": "F-Secure",
                    "engine_version": "12.0.86.52",
                    "result": null,
                    "method": "blacklist",
                    "engine_update": "20220104"
                },
                "Baidu": {
                    "category": "undetected",
                    "engine_name": "Baidu",
                    "engine_version": "1.0.0.2",
                    "result": null,
                    "method": "blacklist",
                    "engine_update": "20190318"
                },
                "VIPRE": {
                    "category": "undetected",
                    "engine_name": "VIPRE",
                    "engine_version": "98140",
                    "result": null,
                    "method": "blacklist",
                    "engine_update": "20220104"
                },
                "TrendMicro": {
                    "category": "undetected",
                    "engine_name": "TrendMicro",
                    "engine_version": "11.0.0.1006",
                    "result": null,
                    "method": "blacklist",
                    "engine_update": "20220104"
                },
                "McAfee-GW-Edition": {
                    "category": "malicious",
                    "engine_name": "McAfee-GW-Edition",
                    "engine_version": "v2019.1.2+3728",
                    "result": "Artemis!PUP",
                    "method": "blacklist",
                    "engine_update": "20220104"
                },
                "SentinelOne": {
                    "category": "type-unsupported",
                    "engine_name": "SentinelOne",
                    "engine_version": "7.0.0.7",
                    "result": null,
                    "method": "blacklist",
                    "engine_update": "20211129"
                },
                "CMC": {
                    "category": "undetected",
                    "engine_name": "CMC",
                    "engine_version": "2.10.2019.1",
                    "result": null,
                    "method": "blacklist",
                    "engine_update": "20211026"
                },
                "Sophos": {
                    "category": "malicious",
                    "engine_name": "Sophos",
                    "engine_version": "1.4.1.0",
                    "result": "Andr/MTK-C",
                    "method": "blacklist",
                    "engine_update": "20220104"
                },
                "Paloalto": {
                    "category": "type-unsupported",
                    "engine_name": "Paloalto",
                    "engine_version": "1.0",
                    "result": null,
                    "method": "blacklist",
                    "engine_update": "20220104"
                },
                "Avast-Mobile": {
                    "category": "malicious",
                    "engine_name": "Avast-Mobile",
                    "engine_version": "220104-00",
                    "result": "Android:Evo-gen [Trj]",
                    "method": "blacklist",
                    "engine_update": "20220104"
                },
                "Jiangmin": {
                    "category": "undetected",
                    "engine_name": "Jiangmin",
                    "engine_version": "16.0.100",
                    "result": null,
                    "method": "blacklist",
                    "engine_update": "20220103"
                },
                "Webroot": {
                    "category": "type-unsupported",
                    "engine_name": "Webroot",
                    "engine_version": "1.0.0.403",
                    "result": null,
                    "method": "blacklist",
                    "engine_update": "20220104"
                },
                "Avira": {
                    "category": "malicious",
                    "engine_name": "Avira",
                    "engine_version": "8.3.3.12",
                    "result": "ANDROID/MTK.F.Gen",
                    "method": "blacklist",
                    "engine_update": "20220104"
                },
                "eGambit": {
                    "category": "type-unsupported",
                    "engine_name": "eGambit",
                    "engine_version": null,
                    "result": null,
                    "method": "blacklist",
                    "engine_update": "20220104"
                },
                "Antiy-AVL": {
                    "category": "malicious",
                    "engine_name": "Antiy-AVL",
                    "engine_version": "3.0.0.1",
                    "result": "Trojan/Generic.ASMalwAD.67",
                    "method": "blacklist",
                    "engine_update": "20220104"
                },
                "Kingsoft": {
                    "category": "undetected",
                    "engine_name": "Kingsoft",
                    "engine_version": "2017.9.26.565",
                    "result": null,
                    "method": "blacklist",
                    "engine_update": "20220104"
                },
                "Gridinsoft": {
                    "category": "undetected",
                    "engine_name": "Gridinsoft",
                    "engine_version": "1.0.67.167",
                    "result": null,
                    "method": "blacklist",
                    "engine_update": "20220104"
                },
                "Microsoft": {
                    "category": "malicious",
                    "engine_name": "Microsoft",
                    "engine_version": "1.1.18800.4",
                    "result": "Adware:AndroidOS/Multiverze",
                    "method": "blacklist",
                    "engine_update": "20220104"
                },
                "ViRobot": {
                    "category": "undetected",
                    "engine_name": "ViRobot",
                    "engine_version": "2014.3.20.0",
                    "result": null,
                    "method": "blacklist",
                    "engine_update": "20220104"
                },
                "GData": {
                    "category": "malicious",
                    "engine_name": "GData",
                    "engine_version": "A:25.31906B:27.25747",
                    "result": "Android.Adware.Utchi.A",
                    "method": "blacklist",
                    "engine_update": "20220104"
                },
                "Cynet": {
                    "category": "malicious",
                    "engine_name": "Cynet",
                    "engine_version": "4.0.0.27",
                    "result": "Malicious (score: 99)",
                    "method": "blacklist",
                    "engine_update": "20220104"
                },
                "BitDefenderFalx": {
                    "category": "malicious",
                    "engine_name": "BitDefenderFalx",
                    "engine_version": "2.0.936",
                    "result": "Android.Adware.Utchi.A",
                    "method": "blacklist",
                    "engine_update": "20220103"
                },
                "AhnLab-V3": {
                    "category": "malicious",
                    "engine_name": "AhnLab-V3",
                    "engine_version": "3.21.2.10258",
                    "result": "PUP/Android.Chitu.37384",
                    "method": "blacklist",
                    "engine_update": "20220104"
                },
                "Acronis": {
                    "category": "type-unsupported",
                    "engine_name": "Acronis",
                    "engine_version": "1.1.1.82",
                    "result": null,
                    "method": "blacklist",
                    "engine_update": "20210512"
                },
                "VBA32": {
                    "category": "undetected",
                    "engine_name": "VBA32",
                    "engine_version": "5.0.0",
                    "result": null,
                    "method": "blacklist",
                    "engine_update": "20220104"
                },
                "ALYac": {
                    "category": "undetected",
                    "engine_name": "ALYac",
                    "engine_version": "1.1.3.1",
                    "result": null,
                    "method": "blacklist",
                    "engine_update": "20220104"
                },
                "MAX": {
                    "category": "malicious",
                    "engine_name": "MAX",
                    "engine_version": "2019.9.16.1",
                    "result": "malware (ai score=63)",
                    "method": "blacklist",
                    "engine_update": "20220104"
                },
                "Cylance": {
                    "category": "type-unsupported",
                    "engine_name": "Cylance",
                    "engine_version": "2.3.1.101",
                    "result": null,
                    "method": "blacklist",
                    "engine_update": "20220104"
                },
                "Zoner": {
                    "category": "undetected",
                    "engine_name": "Zoner",
                    "engine_version": "2.2.2.0",
                    "result": null,
                    "method": "blacklist",
                    "engine_update": "20220103"
                },
                "Rising": {
                    "category": "malicious",
                    "engine_name": "Rising",
                    "engine_version": "25.0.0.27",
                    "result": "Trojan.MTK/Android!1.A2BD (CLASSIC)",
                    "method": "blacklist",
                    "engine_update": "20220104"
                },
                "Yandex": {
                    "category": "undetected",
                    "engine_name": "Yandex",
                    "engine_version": "5.5.2.24",
                    "result": null,
                    "method": "blacklist",
                    "engine_update": "20220104"
                },
                "Ikarus": {
                    "category": "malicious",
                    "engine_name": "Ikarus",
                    "engine_version": "0.1.5.2",
                    "result": "Trojan-SMS.AndroidOS.FakeInst",
                    "method": "blacklist",
                    "engine_update": "20220104"
                },
                "MaxSecure": {
                    "category": "malicious",
                    "engine_name": "MaxSecure",
                    "engine_version": "1.0.0.1",
                    "result": "Android.Utchi.A",
                    "method": "blacklist",
                    "engine_update": "20220104"
                },
                "Fortinet": {
                    "category": "malicious",
                    "engine_name": "Fortinet",
                    "engine_version": "6.2.142.0",
                    "result": "Android/MTK.I!tr",
                    "method": "blacklist",
                    "engine_update": "20220104"
                },
                "Cybereason": {
                    "category": "type-unsupported",
                    "engine_name": "Cybereason",
                    "engine_version": "1.2.449",
                    "result": null,
                    "method": "blacklist",
                    "engine_update": "20210330"
                },
                "Panda": {
                    "category": "undetected",
                    "engine_name": "Panda",
                    "engine_version": "4.6.4.2",
                    "result": null,
                    "method": "blacklist",
                    "engine_update": "20220104"
                },
                "CrowdStrike": {
                    "category": "type-unsupported",
                    "engine_name": "CrowdStrike",
                    "engine_version": "1.0",
                    "result": null,
                    "method": "blacklist",
                    "engine_update": "20210203"
                }
            },
            "sha256": "000e5e567e15597b2fdf803f59313f9f52c6f70c2346a1ea1650f090bb4cc6bf",
            "type_extension": "apk",
            "tags": [
                "apk",
                "android",
                "reflection",
                "telephony"
            ],
            "last_analysis_date": 1641315057,
            "unique_sources": 14,
            "first_submission_date": 1386320617,
            "sha1": "f86e68c0905d6e8db2a50e099ee8b00461f0d992",
            "ssdeep": "3072:jD+HJObAX9rfqjgHhCY+090tdyFNbA/JcW6jE0WNlmk85k2jREprvBUmt:jD+HJewrk6p0tdyFNbu5Nnmk921EpSmt",
            "bundle_info": {
                "highest_datetime": "2013-10-31 10:50:10",
                "lowest_datetime": "2013-10-31 10:50:00",
                "num_children": 32,
                "extensions": {
                    "xml": 19,
                    "dex": 1,
                    "MF": 1,
                    "RSA": 1,
                    "SF": 1,
                    "png": 7
                },
                "file_types": {
                    "XML": 19,
                    "unknown": 4,
                    "DEX": 1,
                    "JPG": 1,
                    "PNG": 7
                },
                "type": "APK",
                "uncompressed_size": 214295
            },
            "md5": "1339e7a6acaab03df7cdcacc62156814",
            "androguard": {
                "VTAndroidInfo": 2.0,
                "AndroidApplicationError": false,
                "MinSdkVersion": "5",
                "AndroguardVersion": "3.4.0a1",
                "Activities": [
                    "info.ecegeh.egeiedelejekeh.a51",
                    "info.ecegeh.egeiedelejekeh.f62",
                    "info.ecegeh.egeiedelejekeh.b96"
                ],
                "certificate": {
                    "Subject": {
                        "DN": "C:CN, CN:cn, L:l, O:o, ST:st, OU:ou",
                        "C": "CN",
                        "CN": "cn",
                        "L": "l",
                        "O": "o",
                        "ST": "st",
                        "OU": "ou"
                    },
                    "validto": "2231-11-22 10:41:31",
                    "serialnumber": "509cdddb",
                    "thumbprint": "127c1cd9043a193514e3881e6b9f1fdfdf603b36",
                    "validfrom": "2012-11-09 10:41:31",
                    "Issuer": {
                        "DN": "C:CN, CN:cn, L:l, O:o, ST:st, OU:ou",
                        "C": "CN",
                        "CN": "cn",
                        "L": "l",
                        "O": "o",
                        "ST": "st",
                        "OU": "ou"
                    }
                },
                "AndroidApplication": 1,
                "RiskIndicator": {
                    "APK": {
                        "DEX": 1
                    },
                    "PERM": {
                        "DANGEROUS": 2,
                        "PRIVACY": 1,
                        "INTERNET": 1,
                        "NORMAL": 3
                    }
                },
                "Services": [
                    "info.ecegeh.egeiedelejekeh.d32"
                ],
                "AndroidVersionCode": "241",
                "main_activity": "info.ecegeh.egeiedelejekeh.a51",
                "Package": "info.ecegeh.egeiedelejekeh",
                "intent_filters": {
                    "Activities": {
                        "info.ecegeh.egeiedelejekeh.a51": {
                            "action": [
                                "android.intent.action.MAIN"
                            ],
                            "category": [
                                "android.intent.category.LAUNCHER"
                            ]
                        }
                    },
                    "Receivers": {
                        "info.ecegeh.egeiedelejekeh.e98": {
                            "action": [
                                "android.intent.action.BOOT_COMPLETED"
                            ],
                            "category": [
                                "android.intent.category.DEFAULT"
                            ]
                        }
                    }
                },
                "AndroidVersionName": "2.41",
                "TargetSdkVersion": "5",
                "AndroidApplicationInfo": "APK",
                "permission_details": {
                    "android.permission.RECEIVE_BOOT_COMPLETED": {
                        "short_description": "automatically start at boot",
                        "full_description": "Allows an application to\n        have itself started as soon as the system has finished booting.\n        This can make it take longer to start the phone and allow the\n        application to slow down the overall phone by always running.",
                        "permission_type": "normal"
                    },
                    "com.android.launcher.permission.UNINSTALL_SHORTCUT": {
                        "short_description": "Unknown permission from android reference",
                        "full_description": "Unknown permission from android reference",
                        "permission_type": "normal"
                    },
                    "android.permission.READ_PHONE_STATE": {
                        "short_description": "read phone state and identity",
                        "full_description": "Allows the application to access the phone\n        features of the device.  An application with this permission can determine the phone\n        number and serial number of this phone, whether a call is active, the number that call\n        is connected to and the like.",
                        "permission_type": "dangerous"
                    },
                    "com.android.launcher.permission.INSTALL_SHORTCUT": {
                        "short_description": "Unknown permission from android reference",
                        "full_description": "Unknown permission from android reference",
                        "permission_type": "normal"
                    },
                    "com.android.launcher.permission.READ_SETTINGS": {
                        "short_description": "Unknown permission from android reference",
                        "full_description": "Unknown permission from android reference",
                        "permission_type": "normal"
                    },
                    "android.permission.ACCESS_NETWORK_STATE": {
                        "short_description": "view network state",
                        "full_description": "Allows an application to view\n      the state of all networks.",
                        "permission_type": "normal"
                    },
                    "android.permission.GET_TASKS": {
                        "short_description": "retrieve running applications",
                        "full_description": "Allows application to retrieve\n        information about currently and recently running tasks. May allow\n        malicious applications to discover private information about other applications.",
                        "permission_type": "dangerous"
                    },
                    "android.permission.SET_WALLPAPER": {
                        "short_description": "set wallpaper",
                        "full_description": "Allows the application\n        to set the system wallpaper.",
                        "permission_type": "normal"
                    },
                    "android.permission.INTERNET": {
                        "short_description": "full Internet access",
                        "full_description": "Allows an application to\n      create network sockets.",
                        "permission_type": "dangerous"
                    },
                    "android.permission.WRITE_EXTERNAL_STORAGE": {
                        "short_description": "modify/delete SD card contents",
                        "full_description": "Allows an application to write to the SD card.",
                        "permission_type": "dangerous"
                    }
                },
                "Receivers": [
                    "info.ecegeh.egeiedelejekeh.e98"
                ],
                "StringsInformation": [
                    "http://a1.adchitu.com/ct/",
                    "http://a1.adchitu.com/zt/"
                ]
            },
            "magic": "Zip archive data, at least v2.0 to extract",
            "last_analysis_stats": {
                "harmless": 0,
                "type-unsupported": 10,
                "suspicious": 0,
                "confirmed-timeout": 0,
                "timeout": 0,
                "failure": 1,
                "malicious": 31,
                "undetected": 30
            },
            "meaningful_name": "VirusShare_1339e7a6acaab03df7cdcacc62156814",
            "reputation": 0
        },
        "type": "file",
        "id": "000e5e567e15597b2fdf803f59313f9f52c6f70c2346a1ea1650f090bb4cc6bf",
        "links": {
            "self": "https://www.virustotal.com/api/v3/files/000e5e567e15597b2fdf803f59313f9f52c6f70c2346a1ea1650f090bb4cc6bf"
        }
    }
}