{
    "data": {
        "attributes": {
            "type_description": "Android",
            "vhash": "19e7b6b3f8f845cfb8cb6dbc14f366b3",
            "trid": [
                {
                    "file_type": "Android Package",
                    "probability": 63.6
                },
                {
                    "file_type": "Java Archive",
                    "probability": 17.5
                },
                {
                    "file_type": "Sweet Home 3D design (generic)",
                    "probability": 12.7
                },
                {
                    "file_type": "ZIP compressed archive",
                    "probability": 4.8
                },
                {
                    "file_type": "PrintFox/Pagefox bitmap (var. P)",
                    "probability": 1.2
                }
            ],
            "names": [
                "m365 DownG_v13_apkpure.com.apk"
            ],
            "last_modification_date": 1560232359,
            "type_tag": "android",
            "times_submitted": 2,
            "total_votes": {
                "harmless": 0,
                "malicious": 0
            },
            "size": 670008,
            "type_extension": "apk",
            "last_submission_date": 1560196266,
            "last_analysis_results": {
                "Bkav": {
                    "category": "undetected",
                    "engine_name": "Bkav",
                    "engine_version": "1.3.0.10239",
                    "result": null,
                    "method": "blacklist",
                    "engine_update": "20190610"
                },
                "Lionic": {
                    "category": "undetected",
                    "engine_name": "AegisLab",
                    "engine_version": "4.2",
                    "result": null,
                    "method": "blacklist",
                    "engine_update": "20190610"
                },
                "MicroWorld-eScan": {
                    "category": "undetected",
                    "engine_name": "MicroWorld-eScan",
                    "engine_version": "14.0.297.0",
                    "result": null,
                    "method": "blacklist",
                    "engine_update": "20190610"
                },
                "CMC": {
                    "category": "undetected",
                    "engine_name": "CMC",
                    "engine_version": "1.1.0.977",
                    "result": null,
                    "method": "blacklist",
                    "engine_update": "20190321"
                },
                "CAT-QuickHeal": {
                    "category": "undetected",
                    "engine_name": "CAT-QuickHeal",
                    "engine_version": "14.00",
                    "result": null,
                    "method": "blacklist",
                    "engine_update": "20190610"
                },
                "McAfee": {
                    "category": "undetected",
                    "engine_name": "McAfee",
                    "engine_version": "6.0.6.653",
                    "result": null,
                    "method": "blacklist",
                    "engine_update": "20190610"
                },
                "Malwarebytes": {
                    "category": "undetected",
                    "engine_name": "Malwarebytes",
                    "engine_version": "2.1.1.1115",
                    "result": null,
                    "method": "blacklist",
                    "engine_update": "20190610"
                },
                "Paloalto": {
                    "category": "type-unsupported",
                    "engine_name": "Paloalto",
                    "engine_version": "1.0",
                    "result": null,
                    "method": "blacklist",
                    "engine_update": "20190610"
                },
                "Trustlook": {
                    "category": "undetected",
                    "engine_name": "Trustlook",
                    "engine_version": "1.0",
                    "result": null,
                    "method": "blacklist",
                    "engine_update": "20190610"
                },
                "Alibaba": {
                    "category": "undetected",
                    "engine_name": "Alibaba",
                    "engine_version": "0.3.0.5",
                    "result": null,
                    "method": "blacklist",
                    "engine_update": "20190527"
                },
                "K7GW": {
                    "category": "undetected",
                    "engine_name": "K7GW",
                    "engine_version": "11.49.31179",
                    "result": null,
                    "method": "blacklist",
                    "engine_update": "20190610"
                },
                "K7AntiVirus": {
                    "category": "undetected",
                    "engine_name": "K7AntiVirus",
                    "engine_version": "11.49.31182",
                    "result": null,
                    "method": "blacklist",
                    "engine_update": "20190610"
                },
                "Invincea": {
                    "category": "type-unsupported",
                    "engine_name": "Invincea",
                    "engine_version": "6.3.6.26157",
                    "result": null,
                    "method": "blacklist",
                    "engine_update": "20190525"
                },
                "Baidu": {
                    "category": "undetected",
                    "engine_name": "Baidu",
                    "engine_version": "1.0.0.2",
                    "result": null,
                    "method": "blacklist",
                    "engine_update": "20190318"
                },
                "Babable": {
                    "category": "undetected",
                    "engine_name": "Babable",
                    "engine_version": "9107201",
                    "result": null,
                    "method": "blacklist",
                    "engine_update": "20190424"
                },
                "Cyren": {
                    "category": "undetected",
                    "engine_name": "Cyren",
                    "engine_version": "6.2.0.1",
                    "result": null,
                    "method": "blacklist",
                    "engine_update": "20190610"
                },
                "SymantecMobileInsight": {
                    "category": "undetected",
                    "engine_name": "SymantecMobileInsight",
                    "engine_version": "2.0",
                    "result": null,
                    "method": "blacklist",
                    "engine_update": "20190605"
                },
                "Symantec": {
                    "category": "undetected",
                    "engine_name": "Symantec",
                    "engine_version": "1.9.0.0",
                    "result": null,
                    "method": "blacklist",
                    "engine_update": "20190610"
                },
                "ESET-NOD32": {
                    "category": "undetected",
                    "engine_name": "ESET-NOD32",
                    "engine_version": "19501",
                    "result": null,
                    "method": "blacklist",
                    "engine_update": "20190610"
                },
                "APEX": {
                    "category": "type-unsupported",
                    "engine_name": "APEX",
                    "engine_version": "5.26",
                    "result": null,
                    "method": "blacklist",
                    "engine_update": "20190610"
                },
                "TrendMicro-HouseCall": {
                    "category": "undetected",
                    "engine_name": "TrendMicro-HouseCall",
                    "engine_version": "10.0.0.1040",
                    "result": null,
                    "method": "blacklist",
                    "engine_update": "20190610"
                },
                "Avast": {
                    "category": "undetected",
                    "engine_name": "Avast",
                    "engine_version": "18.4.3895.0",
                    "result": null,
                    "method": "blacklist",
                    "engine_update": "20190610"
                },
                "ClamAV": {
                    "category": "undetected",
                    "engine_name": "ClamAV",
                    "engine_version": "0.101.2.0",
                    "result": null,
                    "method": "blacklist",
                    "engine_update": "20190610"
                },
                "Kaspersky": {
                    "category": "undetected",
                    "engine_name": "Kaspersky",
                    "engine_version": "15.0.1.13",
                    "result": null,
                    "method": "blacklist",
                    "engine_update": "20190610"
                },
                "BitDefender": {
                    "category": "undetected",
                    "engine_name": "BitDefender",
                    "engine_version": "7.2",
                    "result": null,
                    "method": "blacklist",
                    "engine_update": "20190610"
                },
                "NANO-Antivirus": {
                    "category": "undetected",
                    "engine_name": "NANO-Antivirus",
                    "engine_version": "1.0.134.24826",
                    "result": null,
                    "method": "blacklist",
                    "engine_update": "20190610"
                },
                "SUPERAntiSpyware": {
                    "category": "undetected",
                    "engine_name": "SUPERAntiSpyware",
                    "engine_version": "5.6.0.1032",
                    "result": null,
                    "method": "blacklist",
                    "engine_update": "20190604"
                },
                "Rising": {
                    "category": "undetected",
                    "engine_name": "Rising",
                    "engine_version": "25.0.0.24",
                    "result": null,
                    "method": "blacklist",
                    "engine_update": "20190610"
                },
                "Ad-Aware": {
                    "category": "undetected",
                    "engine_name": "Ad-Aware",
                    "engine_version": "3.0.5.370",
                    "result": null,
                    "method": "blacklist",
                    "engine_update": "20190610"
                },
                "Emsisoft": {
                    "category": "undetected",
                    "engine_name": "Emsisoft",
                    "engine_version": "2018.4.0.1029",
                    "result": null,
                    "method": "blacklist",
                    "engine_update": "20190610"
                },
                "Comodo": {
                    "category": "undetected",
                    "engine_name": "Comodo",
                    "engine_version": "31001",
                    "result": null,
                    "method": "blacklist",
                    "engine_update": "20190610"
                },
                "F-Secure": {
                    "category": "undetected",
                    "engine_name": "F-Secure",
                    "engine_version": "12.0.86.52",
                    "result": null,
                    "method": "blacklist",
                    "engine_update": "20190610"
                },
                "DrWeb": {
                    "category": "undetected",
                    "engine_name": "DrWeb",
                    "engine_version": "7.0.34.11020",
                    "result": null,
                    "method": "blacklist",
                    "engine_update": "20190610"
                },
                "Zillya": {
                    "category": "undetected",
                    "engine_name": "Zillya",
                    "engine_version": "2.0.0.3829",
                    "result": null,
                    "method": "blacklist",
                    "engine_update": "20190610"
                },
                "TrendMicro": {
                    "category": "undetected",
                    "engine_name": "TrendMicro",
                    "engine_version": "10.0.0.1040",
                    "result": null,
                    "method": "blacklist",
                    "engine_update": "20190610"
                },
                "McAfee-GW-Edition": {
                    "category": "undetected",
                    "engine_name": "McAfee-GW-Edition",
                    "engine_version": "v2017.3010",
                    "result": null,
                    "method": "blacklist",
                    "engine_update": "20190610"
                },
                "FireEye": {
                    "category": "undetected",
                    "engine_name": "FireEye",
                    "engine_version": "29.7.0.0",
                    "result": null,
                    "method": "blacklist",
                    "engine_update": "20190610"
                },
                "Sophos": {
                    "category": "undetected",
                    "engine_name": "Sophos",
                    "engine_version": "4.98.0",
                    "result": null,
                    "method": "blacklist",
                    "engine_update": "20190610"
                },
                "Ikarus": {
                    "category": "undetected",
                    "engine_name": "Ikarus",
                    "engine_version": "0.1.5.2",
                    "result": null,
                    "method": "blacklist",
                    "engine_update": "20190610"
                },
                "F-Prot": {
                    "category": "undetected",
                    "engine_name": "F-Prot",
                    "engine_version": "4.7.1.166",
                    "result": null,
                    "method": "blacklist",
                    "engine_update": "20190610"
                },
                "Endgame": {
                    "category": "type-unsupported",
                    "engine_name": "Endgame",
                    "engine_version": "3.0.12",
                    "result": null,
                    "method": "blacklist",
                    "engine_update": "20190522"
                },
                "Webroot": {
                    "category": "type-unsupported",
                    "engine_name": "Webroot",
                    "engine_version": "1.0.0.403",
                    "result": null,
                    "method": "blacklist",
                    "engine_update": "20190610"
                },
                "Avira": {
                    "category": "undetected",
                    "engine_name": "Avira",
                    "engine_version": "8.3.3.8",
                    "result": null,
                    "method": "blacklist",
                    "engine_update": "20190610"
                },
                "Fortinet": {
                    "category": "undetected",
                    "engine_name": "Fortinet",
                    "engine_version": "5.4.247.0",
                    "result": null,
                    "method": "blacklist",
                    "engine_update": "20190610"
                },
                "Antiy-AVL": {
                    "category": "undetected",
                    "engine_name": "Antiy-AVL",
                    "engine_version": "3.0.0.1",
                    "result": null,
                    "method": "blacklist",
                    "engine_update": "20190610"
                },
                "Kingsoft": {
                    "category": "undetected",
                    "engine_name": "Kingsoft",
                    "engine_version": "2013.8.14.323",
                    "result": null,
                    "method": "blacklist",
                    "engine_update": "20190610"
                },
                "Arcabit": {
                    "category": "undetected",
                    "engine_name": "Arcabit",
                    "engine_version": "1.0.0.846",
                    "result": null,
                    "method": "blacklist",
                    "engine_update": "20190610"
                },
                "ViRobot": {
                    "category": "undetected",
                    "engine_name": "ViRobot",
                    "engine_version": "2014.3.20.0",
                    "result": null,
                    "method": "blacklist",
                    "engine_update": "20190610"
                },
                "AhnLab-V3": {
                    "category": "undetected",
                    "engine_name": "AhnLab-V3",
                    "engine_version": "3.15.2.24317",
                    "result": null,
                    "method": "blacklist",
                    "engine_update": "20190610"
                },
                "ZoneAlarm": {
                    "category": "undetected",
                    "engine_name": "ZoneAlarm",
                    "engine_version": "1.0",
                    "result": null,
                    "method": "blacklist",
                    "engine_update": "20190610"
                },
                "Avast-Mobile": {
                    "category": "undetected",
                    "engine_name": "Avast-Mobile",
                    "engine_version": "190610-00",
                    "result": null,
                    "method": "blacklist",
                    "engine_update": "20190610"
                },
                "Microsoft": {
                    "category": "undetected",
                    "engine_name": "Microsoft",
                    "engine_version": "1.1.16000.6",
                    "result": null,
                    "method": "blacklist",
                    "engine_update": "20190610"
                },
                "SentinelOne": {
                    "category": "type-unsupported",
                    "engine_name": "SentinelOne",
                    "engine_version": "1.0.27.333",
                    "result": null,
                    "method": "blacklist",
                    "engine_update": "20190604"
                },
                "TotalDefense": {
                    "category": "undetected",
                    "engine_name": "TotalDefense",
                    "engine_version": "37.1.62.1",
                    "result": null,
                    "method": "blacklist",
                    "engine_update": "20190610"
                },
                "Acronis": {
                    "category": "type-unsupported",
                    "engine_name": "Acronis",
                    "engine_version": "1.0.1.51",
                    "result": null,
                    "method": "blacklist",
                    "engine_update": "20190610"
                },
                "VBA32": {
                    "category": "undetected",
                    "engine_name": "VBA32",
                    "engine_version": "4.0.0",
                    "result": null,
                    "method": "blacklist",
                    "engine_update": "20190610"
                },
                "ALYac": {
                    "category": "undetected",
                    "engine_name": "ALYac",
                    "engine_version": "1.1.1.5",
                    "result": null,
                    "method": "blacklist",
                    "engine_update": "20190610"
                },
                "MAX": {
                    "category": "undetected",
                    "engine_name": "MAX",
                    "engine_version": "2018.9.12.1",
                    "result": null,
                    "method": "blacklist",
                    "engine_update": "20190610"
                },
                "Cylance": {
                    "category": "type-unsupported",
                    "engine_name": "Cylance",
                    "engine_version": "2.3.1.101",
                    "result": null,
                    "method": "blacklist",
                    "engine_update": "20190610"
                },
                "Zoner": {
                    "category": "undetected",
                    "engine_name": "Zoner",
                    "engine_version": "1.0",
                    "result": null,
                    "method": "blacklist",
                    "engine_update": "20190609"
                },
                "Tencent": {
                    "category": "undetected",
                    "engine_name": "Tencent",
                    "engine_version": "1.0.0.1",
                    "result": null,
                    "method": "blacklist",
                    "engine_update": "20190610"
                },
                "Yandex": {
                    "category": "undetected",
                    "engine_name": "Yandex",
                    "engine_version": "5.5.2.24",
                    "result": null,
                    "method": "blacklist",
                    "engine_update": "20190607"
                },
                "TACHYON": {
                    "category": "undetected",
                    "engine_name": "TACHYON",
                    "engine_version": "2019-06-10.03",
                    "result": null,
                    "method": "blacklist",
                    "engine_update": "20190610"
                },
                "eGambit": {
                    "category": "type-unsupported",
                    "engine_name": "eGambit",
                    "engine_version": "v4.3.6",
                    "result": null,
                    "method": "blacklist",
                    "engine_update": "20190610"
                },
                "GData": {
                    "category": "undetected",
                    "engine_name": "GData",
                    "engine_version": "A:25.22324B:25.15289",
                    "result": null,
                    "method": "blacklist",
                    "engine_update": "20190610"
                },
                "AVG": {
                    "category": "undetected",
                    "engine_name": "AVG",
                    "engine_version": "18.4.3895.0",
                    "result": null,
                    "method": "blacklist",
                    "engine_update": "20190610"
                },
                "Cybereason": {
                    "category": "type-unsupported",
                    "engine_name": "Cybereason",
                    "engine_version": "1.2.449",
                    "result": null,
                    "method": "blacklist",
                    "engine_update": "20190417"
                },
                "Panda": {
                    "category": "undetected",
                    "engine_name": "Panda",
                    "engine_version": "4.6.4.2",
                    "result": null,
                    "method": "blacklist",
                    "engine_update": "20190610"
                },
                "CrowdStrike": {
                    "category": "type-unsupported",
                    "engine_name": "CrowdStrike",
                    "engine_version": "1.0",
                    "result": null,
                    "method": "blacklist",
                    "engine_update": "20190212"
                },
                "Qihoo-360": {
                    "category": "undetected",
                    "engine_name": "Qihoo-360",
                    "engine_version": "1.0.0.1120",
                    "result": null,
                    "method": "blacklist",
                    "engine_update": "20190610"
                }
            },
            "sha256": "00287bf74288c67d4ebf1f6d352c4d80548cb4f7d6a12459ec4de9d4555106f4",
            "tags": [
                "apk",
                "android"
            ],
            "last_analysis_date": 1560196266,
            "unique_sources": 2,
            "first_submission_date": 1556474975,
            "sha1": "c61e9d85e39ab3f4235874c2ab53b6695ac959af",
            "ssdeep": "12288:ZNsSfhzG1tkbvs1axfzf/KVbVwvu93GNw7cgAs7zYAyK71:wSZC1SvwaxKVboiwwogAsnYAyKZ",
            "bundle_info": {
                "highest_datetime": "1980-00-00 00:00:00",
                "lowest_datetime": "1980-00-00 00:00:00",
                "num_children": 217,
                "extensions": {
                    "xml": 155,
                    "dex": 1,
                    "MF": 1,
                    "RSA": 1,
                    "SF": 1,
                    "png": 57
                },
                "file_types": {
                    "XML": 155,
                    "unknown": 4,
                    "DEX": 1,
                    "PNG": 57
                },
                "type": "APK",
                "uncompressed_size": 1138702
            },
            "md5": "efaafca2483b6a01adca7b19f2712f84",
            "androguard": {
                "Activities": [
                    "com.nordicsemi.nrfUARTv2.MainActivity",
                    "com.nordicsemi.nrfUARTv2.DeviceListActivity",
                    "com.nordicsemi.nrfUARTv2.FileActivity"
                ],
                "AndroidVersionCode": "13",
                "main_activity": "com.nordicsemi.nrfUARTv2.MainActivity",
                "certificate": {
                    "Subject": {
                        "DN": "C:US, CN:Android, L:Mountain View, O:Google Inc., ST:California, OU:Android",
                        "C": "US",
                        "CN": "Android",
                        "L": "Mountain View",
                        "O": "Google Inc.",
                        "ST": "California",
                        "OU": "Android"
                    },
                    "validto": "03:12 PM 03/04/2048",
                    "serialnumber": "d0a2e222cd825bb00d61d65e8415e74b4890828",
                    "thumbprint": "ac6a0a6331bbcb7033285e980d674ce11f513b08",
                    "validfrom": "03:12 PM 03/04/2018",
                    "Issuer": {
                        "DN": "C:US, CN:Android, L:Mountain View, O:Google Inc., ST:California, OU:Android",
                        "C": "US",
                        "CN": "Android",
                        "L": "Mountain View",
                        "O": "Google Inc.",
                        "ST": "California",
                        "OU": "Android"
                    }
                },
                "VTAndroidInfo": 1.41,
                "Package": "com.m365downgrade",
                "intent_filters": {
                    "Services": {},
                    "Activities": {
                        "com.nordicsemi.nrfUARTv2.MainActivity": {
                            "action": [
                                "android.intent.action.MAIN"
                            ],
                            "category": [
                                "android.intent.category.LAUNCHER"
                            ]
                        }
                    },
                    "Receivers": {}
                },
                "permission_details": {
                    "android.permission.ACCESS_FINE_LOCATION": {
                        "short_description": "fine (GPS) location",
                        "full_description": "Access fine location sources, such as the Global Positioning System on the phone, where available. Malicious applications can use this to determine where you are and may consume additional battery power.",
                        "permission_type": "dangerous"
                    },
                    "android.permission.READ_EXTERNAL_STORAGE": {
                        "short_description": "read from external storage",
                        "full_description": "Allows an application to read from external storage",
                        "permission_type": "normal"
                    },
                    "android.permission.ACCESS_COARSE_LOCATION": {
                        "short_description": "coarse (network-based) location",
                        "full_description": "Access coarse location sources, such as the mobile network database, to determine an approximate phone location, where available. Malicious applications can use this to determine approximately where you are.",
                        "permission_type": "dangerous"
                    },
                    "android.permission.BLUETOOTH": {
                        "short_description": "create Bluetooth connections",
                        "full_description": "Allows an application to view configuration of the local Bluetooth phone and to make and accept connections with paired devices.",
                        "permission_type": "dangerous"
                    },
                    "android.permission.WRITE_EXTERNAL_STORAGE": {
                        "short_description": "modify/delete SD card contents",
                        "full_description": "Allows an application to write to the SD card.",
                        "permission_type": "dangerous"
                    },
                    "android.permission.BLUETOOTH_ADMIN": {
                        "short_description": "bluetooth administration",
                        "full_description": "Allows an application to configure the local Bluetooth phone and to discover and pair with remote devices.",
                        "permission_type": "dangerous"
                    }
                },
                "AndroidApplication": 1,
                "StringsInformation": [
                    "http://schemas.android.com/apk/res/android"
                ],
                "AndroidApplicationError": false,
                "AndroidVersionName": "13",
                "RiskIndicator": {
                    "APK": {
                        "DEX": 1
                    },
                    "PERM": {
                        "DANGEROUS": 3,
                        "PRIVACY": 2,
                        "NORMAL": 1,
                        "GPS": 2
                    }
                },
                "Services": [
                    "com.nordicsemi.nrfUARTv2.UartService"
                ],
                "MinSdkVersion": "18",
                "TargetSdkVersion": "26",
                "AndroguardVersion": "3.0-dev",
                "AndroidApplicationInfo": "APK"
            },
            "magic": "Zip archive data",
            "last_analysis_stats": {
                "harmless": 0,
                "type-unsupported": 11,
                "suspicious": 0,
                "confirmed-timeout": 0,
                "timeout": 0,
                "failure": 0,
                "malicious": 0,
                "undetected": 59
            },
            "meaningful_name": "m365 DownG_v13_apkpure.com.apk",
            "reputation": 0
        },
        "type": "file",
        "id": "00287bf74288c67d4ebf1f6d352c4d80548cb4f7d6a12459ec4de9d4555106f4",
        "links": {
            "self": "https://www.virustotal.com/api/v3/files/00287bf74288c67d4ebf1f6d352c4d80548cb4f7d6a12459ec4de9d4555106f4"
        }
    }
}