{
    "data": {
        "attributes": {
            "type_description": "Android",
            "vhash": "3727e59539a3aca23b7034f38484fb33",
            "trid": [
                {
                    "file_type": "Java Archive",
                    "probability": 74.3
                },
                {
                    "file_type": "ZIP compressed archive",
                    "probability": 20.5
                },
                {
                    "file_type": "PrintFox/Pagefox bitmap (var. P)",
                    "probability": 5.1
                }
            ],
            "names": [
                "Tapsnake1.apk",
                "myfile.apk"
            ],
            "last_modification_date": 1532742529,
            "type_tag": "android",
            "times_submitted": 3,
            "total_votes": {
                "harmless": 0,
                "malicious": 0
            },
            "size": 16323,
            "popular_threat_classification": {
                "suggested_threat_label": "trojan.gpspy/gpsspytracker",
                "popular_threat_category": [
                    {
                        "count": 13,
                        "value": "trojan"
                    },
                    {
                        "count": 2,
                        "value": "spyware"
                    }
                ],
                "popular_threat_name": [
                    {
                        "count": 10,
                        "value": "gpspy"
                    },
                    {
                        "count": 7,
                        "value": "gpsspytracker"
                    },
                    {
                        "count": 6,
                        "value": "monitor"
                    }
                ]
            },
            "last_submission_date": 1532706511,
            "last_analysis_results": {
                "Bkav": {
                    "category": "undetected",
                    "engine_name": "Bkav",
                    "engine_version": "1.3.0.9466",
                    "result": null,
                    "method": "blacklist",
                    "engine_update": "20180727"
                },
                "Lionic": {
                    "category": "malicious",
                    "engine_name": "AegisLab",
                    "engine_version": "4.2",
                    "result": "Troj.Spy.Androidos!c",
                    "method": "blacklist",
                    "engine_update": "20180727"
                },
                "MicroWorld-eScan": {
                    "category": "malicious",
                    "engine_name": "MicroWorld-eScan",
                    "engine_version": "14.0.297.0",
                    "result": "Android.Monitor.GpsSpyTracker.A",
                    "method": "blacklist",
                    "engine_update": "20180727"
                },
                "CMC": {
                    "category": "undetected",
                    "engine_name": "CMC",
                    "engine_version": "1.1.0.977",
                    "result": null,
                    "method": "blacklist",
                    "engine_update": "20180727"
                },
                "CAT-QuickHeal": {
                    "category": "malicious",
                    "engine_name": "CAT-QuickHeal",
                    "engine_version": "14.00",
                    "result": "Android.GPSpy.GEN983",
                    "method": "blacklist",
                    "engine_update": "20180725"
                },
                "McAfee": {
                    "category": "malicious",
                    "engine_name": "McAfee",
                    "engine_version": "6.0.6.653",
                    "result": "Artemis!28A8431A7CC0",
                    "method": "blacklist",
                    "engine_update": "20180727"
                },
                "Malwarebytes": {
                    "category": "undetected",
                    "engine_name": "Malwarebytes",
                    "engine_version": "2.1.1.1115",
                    "result": null,
                    "method": "blacklist",
                    "engine_update": "20180727"
                },
                "TheHacker": {
                    "category": "undetected",
                    "engine_name": "TheHacker",
                    "engine_version": "6.8.0.5.3459",
                    "result": null,
                    "method": "blacklist",
                    "engine_update": "20180727"
                },
                "BitDefender": {
                    "category": "malicious",
                    "engine_name": "BitDefender",
                    "engine_version": "7.2",
                    "result": "Android.Monitor.GpsSpyTracker.A",
                    "method": "blacklist",
                    "engine_update": "20180727"
                },
                "K7GW": {
                    "category": "malicious",
                    "engine_name": "K7GW",
                    "engine_version": "10.55.27894",
                    "result": "Spyware ( 004fa76b1 )",
                    "method": "blacklist",
                    "engine_update": "20180727"
                },
                "K7AntiVirus": {
                    "category": "undetected",
                    "engine_name": "K7AntiVirus",
                    "engine_version": "10.55.27898",
                    "result": null,
                    "method": "blacklist",
                    "engine_update": "20180727"
                },
                "Arcabit": {
                    "category": "malicious",
                    "engine_name": "Arcabit",
                    "engine_version": "1.0.0.831",
                    "result": "Android.Monitor.GpsSpyTracker.A",
                    "method": "blacklist",
                    "engine_update": "20180727"
                },
                "Invincea": {
                    "category": "type-unsupported",
                    "engine_name": "Invincea",
                    "engine_version": "6.3.5.26121",
                    "result": null,
                    "method": "blacklist",
                    "engine_update": "20180717"
                },
                "Baidu": {
                    "category": "undetected",
                    "engine_name": "Baidu",
                    "engine_version": "1.0.0.2",
                    "result": null,
                    "method": "blacklist",
                    "engine_update": "20180726"
                },
                "Babable": {
                    "category": "malicious",
                    "engine_name": "Babable",
                    "engine_version": "9107201",
                    "result": "Malware.HighConfidence",
                    "method": "blacklist",
                    "engine_update": "20180725"
                },
                "F-Prot": {
                    "category": "undetected",
                    "engine_name": "F-Prot",
                    "engine_version": "4.7.1.166",
                    "result": null,
                    "method": "blacklist",
                    "engine_update": "20180727"
                },
                "Symantec": {
                    "category": "malicious",
                    "engine_name": "Symantec",
                    "engine_version": "1.6.0.0",
                    "result": "Trojan.Gen.2",
                    "method": "blacklist",
                    "engine_update": "20180727"
                },
                "ESET-NOD32": {
                    "category": "malicious",
                    "engine_name": "ESET-NOD32",
                    "engine_version": "17786",
                    "result": "a variant of Android/Spy.GPSpy.E",
                    "method": "blacklist",
                    "engine_update": "20180727"
                },
                "TrendMicro-HouseCall": {
                    "category": "malicious",
                    "engine_name": "TrendMicro-HouseCall",
                    "engine_version": "9.950.0.1006",
                    "result": "Suspicious_GEN.F47V0529",
                    "method": "blacklist",
                    "engine_update": "20180727"
                },
                "Avast": {
                    "category": "malicious",
                    "engine_name": "Avast",
                    "engine_version": "18.4.3895.0",
                    "result": "Android:GPSspy-A [PUP]",
                    "method": "blacklist",
                    "engine_update": "20180727"
                },
                "ClamAV": {
                    "category": "undetected",
                    "engine_name": "ClamAV",
                    "engine_version": "0.100.1.0",
                    "result": null,
                    "method": "blacklist",
                    "engine_update": "20180727"
                },
                "Kaspersky": {
                    "category": "malicious",
                    "engine_name": "Kaspersky",
                    "engine_version": "15.0.1.13",
                    "result": "HEUR:Trojan-Spy.AndroidOS.GPSpy.a",
                    "method": "blacklist",
                    "engine_update": "20180727"
                },
                "Alibaba": {
                    "category": "malicious",
                    "engine_name": "Alibaba",
                    "engine_version": "1.0",
                    "result": "A.H.Pri.TapSnake.B",
                    "method": "blacklist",
                    "engine_update": "20180713"
                },
                "NANO-Antivirus": {
                    "category": "malicious",
                    "engine_name": "NANO-Antivirus",
                    "engine_version": "1.0.116.23366",
                    "result": "Trojan.Android.GPSSpy.fcvptu",
                    "method": "blacklist",
                    "engine_update": "20180727"
                },
                "ViRobot": {
                    "category": "undetected",
                    "engine_name": "ViRobot",
                    "engine_version": "2014.3.20.0",
                    "result": null,
                    "method": "blacklist",
                    "engine_update": "20180727"
                },
                "Rising": {
                    "category": "undetected",
                    "engine_name": "Rising",
                    "engine_version": "25.0.0.24",
                    "result": null,
                    "method": "blacklist",
                    "engine_update": "20180727"
                },
                "Ad-Aware": {
                    "category": "malicious",
                    "engine_name": "Ad-Aware",
                    "engine_version": "3.0.5.370",
                    "result": "Android.Monitor.GpsSpyTracker.A",
                    "method": "blacklist",
                    "engine_update": "20180727"
                },
                "Trustlook": {
                    "category": "malicious",
                    "engine_name": "Trustlook",
                    "engine_version": "2",
                    "result": "Android.Malware.Spyware",
                    "method": "blacklist",
                    "engine_update": "20180727"
                },
                "Sophos": {
                    "category": "malicious",
                    "engine_name": "Sophos",
                    "engine_version": "4.98.0",
                    "result": "Andr/TapSnake-A",
                    "method": "blacklist",
                    "engine_update": "20180727"
                },
                "Comodo": {
                    "category": "undetected",
                    "engine_name": "Comodo",
                    "engine_version": "29420",
                    "result": null,
                    "method": "blacklist",
                    "engine_update": "20180727"
                },
                "F-Secure": {
                    "category": "malicious",
                    "engine_name": "F-Secure",
                    "engine_version": "11.0.19100.45",
                    "result": "Monitoring-Tool:Android/GpsSpyTracker.A",
                    "method": "blacklist",
                    "engine_update": "20180727"
                },
                "DrWeb": {
                    "category": "malicious",
                    "engine_name": "DrWeb",
                    "engine_version": "7.0.33.6080",
                    "result": "Android.Siggen.6322",
                    "method": "blacklist",
                    "engine_update": "20180727"
                },
                "VIPRE": {
                    "category": "undetected",
                    "engine_name": "VIPRE",
                    "engine_version": "68424",
                    "result": null,
                    "method": "blacklist",
                    "engine_update": "20180727"
                },
                "TrendMicro": {
                    "category": "undetected",
                    "engine_name": "TrendMicro",
                    "engine_version": "10.0.0.1040",
                    "result": null,
                    "method": "blacklist",
                    "engine_update": "20180727"
                },
                "McAfee-GW-Edition": {
                    "category": "malicious",
                    "engine_name": "McAfee-GW-Edition",
                    "engine_version": "v2017.3010",
                    "result": "Artemis!Trojan",
                    "method": "blacklist",
                    "engine_update": "20180727"
                },
                "SentinelOne": {
                    "category": "type-unsupported",
                    "engine_name": "SentinelOne",
                    "engine_version": "1.0.17.227",
                    "result": null,
                    "method": "blacklist",
                    "engine_update": "20180701"
                },
                "Emsisoft": {
                    "category": "malicious",
                    "engine_name": "Emsisoft",
                    "engine_version": "2018.4.0.1029",
                    "result": "Android.Monitor.GpsSpyTracker.A (B)",
                    "method": "blacklist",
                    "engine_update": "20180727"
                },
                "Paloalto": {
                    "category": "type-unsupported",
                    "engine_name": "Paloalto",
                    "engine_version": "1.0",
                    "result": null,
                    "method": "blacklist",
                    "engine_update": "20180727"
                },
                "Cyren": {
                    "category": "malicious",
                    "engine_name": "Cyren",
                    "engine_version": "6.0.0.4",
                    "result": "AndroidOS/GenBl.0A40C67A!Olympus",
                    "method": "blacklist",
                    "engine_update": "20180727"
                },
                "Jiangmin": {
                    "category": "malicious",
                    "engine_name": "Jiangmin",
                    "engine_version": "16.0.100",
                    "result": "TrojanSpy.AndroidOS.cwzc",
                    "method": "blacklist",
                    "engine_update": "20180727"
                },
                "Webroot": {
                    "category": "undetected",
                    "engine_name": "Webroot",
                    "engine_version": "1.0.0.403",
                    "result": null,
                    "method": "blacklist",
                    "engine_update": "20180727"
                },
                "Avira": {
                    "category": "malicious",
                    "engine_name": "Avira",
                    "engine_version": "8.3.3.6",
                    "result": "ANDROID/Spy.GPSpy.B.Gen",
                    "method": "blacklist",
                    "engine_update": "20180727"
                },
                "Antiy-AVL": {
                    "category": "malicious",
                    "engine_name": "Antiy-AVL",
                    "engine_version": "3.0.0.1",
                    "result": "Trojan[Spy]/Android.GPSpy",
                    "method": "blacklist",
                    "engine_update": "20180727"
                },
                "Kingsoft": {
                    "category": "undetected",
                    "engine_name": "Kingsoft",
                    "engine_version": "2013.8.14.323",
                    "result": null,
                    "method": "blacklist",
                    "engine_update": "20180727"
                },
                "Endgame": {
                    "category": "type-unsupported",
                    "engine_name": "Endgame",
                    "engine_version": "3.0.0",
                    "result": null,
                    "method": "blacklist",
                    "engine_update": "20180711"
                },
                "Microsoft": {
                    "category": "malicious",
                    "engine_name": "Microsoft",
                    "engine_version": "1.1.15100.1",
                    "result": "Trojan:Win32/Bitrep.A",
                    "method": "blacklist",
                    "engine_update": "20180727"
                },
                "SUPERAntiSpyware": {
                    "category": "undetected",
                    "engine_name": "SUPERAntiSpyware",
                    "engine_version": "5.6.0.1032",
                    "result": null,
                    "method": "blacklist",
                    "engine_update": "20180727"
                },
                "ZoneAlarm": {
                    "category": "malicious",
                    "engine_name": "ZoneAlarm",
                    "engine_version": "1.0",
                    "result": "HEUR:Trojan-Spy.AndroidOS.GPSpy.a",
                    "method": "blacklist",
                    "engine_update": "20180727"
                },
                "Avast-Mobile": {
                    "category": "malicious",
                    "engine_name": "Avast-Mobile",
                    "engine_version": "180726-04",
                    "result": "Android:GPspy-B [Trj]",
                    "method": "blacklist",
                    "engine_update": "20180727"
                },
                "GData": {
                    "category": "malicious",
                    "engine_name": "GData",
                    "engine_version": "A:25.17894B:25.12823",
                    "result": "Android.Monitor.GpsSpyTracker.A",
                    "method": "blacklist",
                    "engine_update": "20180727"
                },
                "TACHYON": {
                    "category": "undetected",
                    "engine_name": "TACHYON",
                    "engine_version": "2018-07-27.02",
                    "result": null,
                    "method": "blacklist",
                    "engine_update": "20180727"
                },
                "AhnLab-V3": {
                    "category": "malicious",
                    "engine_name": "AhnLab-V3",
                    "engine_version": "3.13.1.21452",
                    "result": "Android-Trojan/GPspy.2085",
                    "method": "blacklist",
                    "engine_update": "20180727"
                },
                "ALYac": {
                    "category": "undetected",
                    "engine_name": "ALYac",
                    "engine_version": "1.1.1.5",
                    "result": null,
                    "method": "blacklist",
                    "engine_update": "20180727"
                },
                "AVware": {
                    "category": "undetected",
                    "engine_name": "AVware",
                    "engine_version": "1.6.0.52",
                    "result": null,
                    "method": "blacklist",
                    "engine_update": "20180727"
                },
                "MAX": {
                    "category": "malicious",
                    "engine_name": "MAX",
                    "engine_version": "2017.11.15.1",
                    "result": "malware (ai score=98)",
                    "method": "blacklist",
                    "engine_update": "20180727"
                },
                "VBA32": {
                    "category": "undetected",
                    "engine_name": "VBA32",
                    "engine_version": "3.12.32.0",
                    "result": null,
                    "method": "blacklist",
                    "engine_update": "20180727"
                },
                "Cylance": {
                    "category": "type-unsupported",
                    "engine_name": "Cylance",
                    "engine_version": "2.3.1.101",
                    "result": null,
                    "method": "blacklist",
                    "engine_update": "20180727"
                },
                "Zoner": {
                    "category": "undetected",
                    "engine_name": "Zoner",
                    "engine_version": "1.0",
                    "result": null,
                    "method": "blacklist",
                    "engine_update": "20180726"
                },
                "Tencent": {
                    "category": "malicious",
                    "engine_name": "Tencent",
                    "engine_version": "1.0.0.1",
                    "result": "Trojan.Android.Agent.fu",
                    "method": "blacklist",
                    "engine_update": "20180727"
                },
                "Yandex": {
                    "category": "undetected",
                    "engine_name": "Yandex",
                    "engine_version": "5.5.1.3",
                    "result": null,
                    "method": "blacklist",
                    "engine_update": "20180725"
                },
                "Ikarus": {
                    "category": "malicious",
                    "engine_name": "Ikarus",
                    "engine_version": "0.1.5.2",
                    "result": "Trojan.AndroidOS.Gpspy",
                    "method": "blacklist",
                    "engine_update": "20180727"
                },
                "eGambit": {
                    "category": "type-unsupported",
                    "engine_name": "eGambit",
                    "engine_version": null,
                    "result": null,
                    "method": "blacklist",
                    "engine_update": "20180727"
                },
                "Fortinet": {
                    "category": "malicious",
                    "engine_name": "Fortinet",
                    "engine_version": "5.4.247.0",
                    "result": "Android/GPSpy.F!tr",
                    "method": "blacklist",
                    "engine_update": "20180727"
                },
                "AVG": {
                    "category": "malicious",
                    "engine_name": "AVG",
                    "engine_version": "18.4.3895.0",
                    "result": "Android:GPSspy-A [PUP]",
                    "method": "blacklist",
                    "engine_update": "20180727"
                },
                "Cybereason": {
                    "category": "type-unsupported",
                    "engine_name": "Cybereason",
                    "engine_version": null,
                    "result": null,
                    "method": "blacklist",
                    "engine_update": "20180308"
                },
                "Panda": {
                    "category": "undetected",
                    "engine_name": "Panda",
                    "engine_version": "4.6.4.2",
                    "result": null,
                    "method": "blacklist",
                    "engine_update": "20180727"
                },
                "CrowdStrike": {
                    "category": "type-unsupported",
                    "engine_name": "CrowdStrike",
                    "engine_version": "1.0",
                    "result": null,
                    "method": "blacklist",
                    "engine_update": "20180202"
                },
                "Qihoo-360": {
                    "category": "malicious",
                    "engine_name": "Qihoo-360",
                    "engine_version": "1.0.0.1120",
                    "result": "Trojan.Android.Gen",
                    "method": "blacklist",
                    "engine_update": "20180727"
                }
            },
            "sha256": "003ff7fb7c2fa27f65945c627b0c77246afce387ccdeb45a3d5f9f3ad2dded51",
            "type_extension": "apk",
            "tags": [
                "apk",
                "android"
            ],
            "last_analysis_date": 1532706511,
            "unique_sources": 3,
            "first_submission_date": 1489570151,
            "sha1": "c6b5620cd62857947dfac7ffd34b57ea7bb16387",
            "ssdeep": "384:+tBheZlTOJDUZ6ot+Wv1cdXEpNG+TNPQx51OUT:+tqZg1O+WvKd0pt5PQMW",
            "bundle_info": {
                "highest_datetime": "2014-02-23 22:27:14",
                "lowest_datetime": "2014-02-23 22:27:14",
                "num_children": 8,
                "extensions": {
                    "xml": 2,
                    "dex": 1,
                    "MF": 1,
                    "RSA": 1,
                    "SF": 1,
                    "png": 1
                },
                "file_types": {
                    "XML": 2,
                    "unknown": 4,
                    "DEX": 1,
                    "PNG": 1
                },
                "type": "APK",
                "uncompressed_size": 36867
            },
            "md5": "0a40c67a7a12eab6d8f5c27a9faeb841",
            "androguard": {
                "Activities": [
                    "net.maxicom.android.tracker.Tracker"
                ],
                "AndroidVersionCode": "259",
                "certificate": {
                    "Subject": {
                        "DN": "C:IT, CN:Marco, L:Cagliari, O:Test2014, ST:CA, OU:Test",
                        "C": "IT",
                        "CN": "Marco",
                        "L": "Cagliari",
                        "O": "Test2014",
                        "ST": "CA",
                        "OU": "Test"
                    },
                    "validto": "03:42 PM 11/02/2068",
                    "serialnumber": "12d170ed",
                    "thumbprint": "3dda4830b2d1a6b19c10ebd1c8bfc993b2a87135",
                    "validfrom": "03:42 PM 01/30/2014",
                    "Issuer": {
                        "DN": "C:IT, CN:Marco, L:Cagliari, O:Test2014, ST:CA, OU:Test",
                        "C": "IT",
                        "CN": "Marco",
                        "L": "Cagliari",
                        "O": "Test2014",
                        "ST": "CA",
                        "OU": "Test"
                    }
                },
                "VTAndroidInfo": 1.41,
                "Package": "net.maxicom.android.tracker",
                "intent_filters": {
                    "Services": {},
                    "Activities": {
                        "net.maxicom.android.tracker.Tracker": {
                            "action": [
                                "android.intent.action.MAIN"
                            ],
                            "category": [
                                "android.intent.category.INFO"
                            ]
                        }
                    },
                    "Receivers": {
                        "net.maxicom.android.tracker.BootDetector": {
                            "action": [
                                "android.intent.action.BOOT_COMPLETED"
                            ]
                        }
                    }
                },
                "AndroidApplication": 1,
                "permission_details": {
                    "android.permission.ACCESS_FINE_LOCATION": {
                        "short_description": "fine (GPS) location",
                        "full_description": "Access fine location sources, such as the Global Positioning System on the phone, where available. Malicious applications can use this to determine where you are and may consume additional battery power.",
                        "permission_type": "dangerous"
                    },
                    "android.permission.WAKE_LOCK": {
                        "short_description": "prevent phone from sleeping",
                        "full_description": "Allows an application to prevent the phone from going to sleep.",
                        "permission_type": "normal"
                    },
                    "android.permission.RECEIVE_BOOT_COMPLETED": {
                        "short_description": "automatically start at boot",
                        "full_description": "Allows an application to start itself as soon as the system has finished booting. This can make it take longer to start the phone and allow the application to slow down the overall phone by always running.",
                        "permission_type": "normal"
                    },
                    "android.permission.INTERNET": {
                        "short_description": "full Internet access",
                        "full_description": "Allows an application to create network sockets.",
                        "permission_type": "dangerous"
                    },
                    "android.permission.ACCESS_COARSE_LOCATION": {
                        "short_description": "coarse (network-based) location",
                        "full_description": "Access coarse location sources, such as the mobile network database, to determine an approximate phone location, where available. Malicious applications can use this to determine approximately where you are.",
                        "permission_type": "dangerous"
                    }
                },
                "SourceFile": "r:\\sav6\\work_channel1_1\\96143325",
                "StringsInformation": [
                    "http://routecentral.maxicom.net/gpspoints/addPoint",
                    "http://routecentral.maxicom.net/gpspoints/getTime",
                    "http://routecentral.maxicom.net/sms/controller"
                ],
                "AndroidApplicationError": false,
                "AndroidVersionName": "2.5.9",
                "RiskIndicator": {
                    "APK": {
                        "DEX": 1
                    },
                    "PERM": {
                        "GPS": 2,
                        "NORMAL": 2,
                        "INTERNET": 1,
                        "PRIVACY": 2
                    }
                },
                "Services": [
                    "net.maxicom.android.tracker.SnakeService"
                ],
                "MinSdkVersion": "3",
                "TargetSdkVersion": "4",
                "Receivers": [
                    "net.maxicom.android.tracker.BootDetector"
                ],
                "AndroguardVersion": "3.0-dev",
                "AndroidApplicationInfo": "APK"
            },
            "magic": "Zip archive data, at least v1.0 to extract",
            "last_analysis_stats": {
                "harmless": 0,
                "type-unsupported": 8,
                "suspicious": 0,
                "confirmed-timeout": 0,
                "timeout": 0,
                "failure": 0,
                "malicious": 37,
                "undetected": 23
            },
            "meaningful_name": "Tapsnake1.apk",
            "reputation": 0
        },
        "type": "file",
        "id": "003ff7fb7c2fa27f65945c627b0c77246afce387ccdeb45a3d5f9f3ad2dded51",
        "links": {
            "self": "https://www.virustotal.com/api/v3/files/003ff7fb7c2fa27f65945c627b0c77246afce387ccdeb45a3d5f9f3ad2dded51"
        }
    }
}