{
    "data": {
        "attributes": {
            "type_description": "Android",
            "tlsh": "T1D286018AFB4CBA1EC17FC0329B66823774984C54DE06E3531615B36CE9F7AE09685BC4",
            "vhash": "92b4abd3ddf19233d5ae5a1541005749",
            "trid": [
                {
                    "file_type": "Android Package",
                    "probability": 50.9
                },
                {
                    "file_type": "Java Archive",
                    "probability": 17.8
                },
                {
                    "file_type": "Sweet Home 3D design (generic)",
                    "probability": 13.9
                },
                {
                    "file_type": "Mozilla Firefox browser extension",
                    "probability": 10.5
                },
                {
                    "file_type": "ZIP compressed archive",
                    "probability": 5.2
                }
            ],
            "names": [
                "00008418986982E209099582CF537AA04E8CBAE89AF35AC4BF72835C69F758D8.apk",
                "muslim.datingandchat.apk"
            ],
            "last_modification_date": 1648167865,
            "type_tag": "android",
            "times_submitted": 5,
            "total_votes": {
                "harmless": 0,
                "malicious": 0
            },
            "size": 8014235,
            "type_extension": "apk",
            "last_submission_date": 1648160617,
            "last_analysis_results": {
                "Bkav": {
                    "category": "undetected",
                    "engine_name": "Bkav",
                    "engine_version": "1.3.0.9899",
                    "result": null,
                    "method": "blacklist",
                    "engine_update": "20220324"
                },
                "Lionic": {
                    "category": "undetected",
                    "engine_name": "Lionic",
                    "engine_version": "7.5",
                    "result": null,
                    "method": "blacklist",
                    "engine_update": "20220324"
                },
                "Elastic": {
                    "category": "undetected",
                    "engine_name": "Elastic",
                    "engine_version": "4.0.35",
                    "result": null,
                    "method": "blacklist",
                    "engine_update": "20220302"
                },
                "DrWeb": {
                    "category": "undetected",
                    "engine_name": "DrWeb",
                    "engine_version": "7.0.54.3080",
                    "result": null,
                    "method": "blacklist",
                    "engine_update": "20220324"
                },
                "MicroWorld-eScan": {
                    "category": "undetected",
                    "engine_name": "MicroWorld-eScan",
                    "engine_version": "14.0.409.0",
                    "result": null,
                    "method": "blacklist",
                    "engine_update": "20220324"
                },
                "FireEye": {
                    "category": "undetected",
                    "engine_name": "FireEye",
                    "engine_version": "32.44.1.0",
                    "result": null,
                    "method": "blacklist",
                    "engine_update": "20220324"
                },
                "CAT-QuickHeal": {
                    "category": "undetected",
                    "engine_name": "CAT-QuickHeal",
                    "engine_version": "14.00",
                    "result": null,
                    "method": "blacklist",
                    "engine_update": "20220324"
                },
                "McAfee": {
                    "category": "undetected",
                    "engine_name": "McAfee",
                    "engine_version": "6.0.6.653",
                    "result": null,
                    "method": "blacklist",
                    "engine_update": "20220324"
                },
                "Malwarebytes": {
                    "category": "undetected",
                    "engine_name": "Malwarebytes",
                    "engine_version": "4.2.2.27",
                    "result": null,
                    "method": "blacklist",
                    "engine_update": "20220324"
                },
                "Paloalto": {
                    "category": "type-unsupported",
                    "engine_name": "Paloalto",
                    "engine_version": "0.9.0.1003",
                    "result": null,
                    "method": "blacklist",
                    "engine_update": "20220324"
                },
                "Sangfor": {
                    "category": "undetected",
                    "engine_name": "Sangfor",
                    "engine_version": "2.9.0.0",
                    "result": null,
                    "method": "blacklist",
                    "engine_update": "20211224"
                },
                "Trustlook": {
                    "category": "undetected",
                    "engine_name": "Trustlook",
                    "engine_version": "1.0",
                    "result": null,
                    "method": "blacklist",
                    "engine_update": "20220324"
                },
                "Alibaba": {
                    "category": "undetected",
                    "engine_name": "Alibaba",
                    "engine_version": "0.3.0.5",
                    "result": null,
                    "method": "blacklist",
                    "engine_update": "20190527"
                },
                "K7GW": {
                    "category": "undetected",
                    "engine_name": "K7GW",
                    "engine_version": "12.1.41464",
                    "result": null,
                    "method": "blacklist",
                    "engine_update": "20220324"
                },
                "K7AntiVirus": {
                    "category": "undetected",
                    "engine_name": "K7AntiVirus",
                    "engine_version": "12.1.41464",
                    "result": null,
                    "method": "blacklist",
                    "engine_update": "20220324"
                },
                "Arcabit": {
                    "category": "undetected",
                    "engine_name": "Arcabit",
                    "engine_version": "1.0.0.889",
                    "result": null,
                    "method": "blacklist",
                    "engine_update": "20220324"
                },
                "BitDefenderTheta": {
                    "category": "undetected",
                    "engine_name": "BitDefenderTheta",
                    "engine_version": "7.2.37796.0",
                    "result": null,
                    "method": "blacklist",
                    "engine_update": "20220318"
                },
                "VirIT": {
                    "category": "undetected",
                    "engine_name": "VirIT",
                    "engine_version": "9.5.161",
                    "result": null,
                    "method": "blacklist",
                    "engine_update": "20220324"
                },
                "Cyren": {
                    "category": "undetected",
                    "engine_name": "Cyren",
                    "engine_version": "6.5.1.2",
                    "result": null,
                    "method": "blacklist",
                    "engine_update": "20220324"
                },
                "SymantecMobileInsight": {
                    "category": "undetected",
                    "engine_name": "SymantecMobileInsight",
                    "engine_version": "2.0",
                    "result": null,
                    "method": "blacklist",
                    "engine_update": "20220208"
                },
                "tehtris": {
                    "category": "type-unsupported",
                    "engine_name": "tehtris",
                    "engine_version": "v0.0.7",
                    "result": null,
                    "method": "blacklist",
                    "engine_update": "20220324"
                },
                "ESET-NOD32": {
                    "category": "undetected",
                    "engine_name": "ESET-NOD32",
                    "engine_version": "24994",
                    "result": null,
                    "method": "blacklist",
                    "engine_update": "20220324"
                },
                "APEX": {
                    "category": "type-unsupported",
                    "engine_name": "APEX",
                    "engine_version": "6.273",
                    "result": null,
                    "method": "blacklist",
                    "engine_update": "20220322"
                },
                "TrendMicro-HouseCall": {
                    "category": "undetected",
                    "engine_name": "TrendMicro-HouseCall",
                    "engine_version": "10.0.0.1040",
                    "result": null,
                    "method": "blacklist",
                    "engine_update": "20220324"
                },
                "Avast": {
                    "category": "undetected",
                    "engine_name": "Avast",
                    "engine_version": "21.1.5827.0",
                    "result": null,
                    "method": "blacklist",
                    "engine_update": "20220324"
                },
                "ClamAV": {
                    "category": "undetected",
                    "engine_name": "ClamAV",
                    "engine_version": "0.104.2.0",
                    "result": null,
                    "method": "blacklist",
                    "engine_update": "20220324"
                },
                "Kaspersky": {
                    "category": "undetected",
                    "engine_name": "Kaspersky",
                    "engine_version": "21.0.1.45",
                    "result": null,
                    "method": "blacklist",
                    "engine_update": "20220324"
                },
                "BitDefender": {
                    "category": "undetected",
                    "engine_name": "BitDefender",
                    "engine_version": "7.2",
                    "result": null,
                    "method": "blacklist",
                    "engine_update": "20220324"
                },
                "NANO-Antivirus": {
                    "category": "undetected",
                    "engine_name": "NANO-Antivirus",
                    "engine_version": "1.0.146.25563",
                    "result": null,
                    "method": "blacklist",
                    "engine_update": "20220324"
                },
                "ViRobot": {
                    "category": "undetected",
                    "engine_name": "ViRobot",
                    "engine_version": "2014.3.20.0",
                    "result": null,
                    "method": "blacklist",
                    "engine_update": "20220324"
                },
                "Tencent": {
                    "category": "undetected",
                    "engine_name": "Tencent",
                    "engine_version": "1.0.0.1",
                    "result": null,
                    "method": "blacklist",
                    "engine_update": "20220324"
                },
                "Ad-Aware": {
                    "category": "undetected",
                    "engine_name": "Ad-Aware",
                    "engine_version": "3.0.21.193",
                    "result": null,
                    "method": "blacklist",
                    "engine_update": "20220324"
                },
                "Emsisoft": {
                    "category": "undetected",
                    "engine_name": "Emsisoft",
                    "engine_version": "2021.5.0.7597",
                    "result": null,
                    "method": "blacklist",
                    "engine_update": "20220324"
                },
                "Comodo": {
                    "category": "undetected",
                    "engine_name": "Comodo",
                    "engine_version": "34468",
                    "result": null,
                    "method": "blacklist",
                    "engine_update": "20220324"
                },
                "F-Secure": {
                    "category": "undetected",
                    "engine_name": "F-Secure",
                    "engine_version": "12.0.86.52",
                    "result": null,
                    "method": "blacklist",
                    "engine_update": "20220324"
                },
                "Baidu": {
                    "category": "undetected",
                    "engine_name": "Baidu",
                    "engine_version": "1.0.0.2",
                    "result": null,
                    "method": "blacklist",
                    "engine_update": "20190318"
                },
                "Zillya": {
                    "category": "undetected",
                    "engine_name": "Zillya",
                    "engine_version": "2.0.0.4597",
                    "result": null,
                    "method": "blacklist",
                    "engine_update": "20220324"
                },
                "TrendMicro": {
                    "category": "undetected",
                    "engine_name": "TrendMicro",
                    "engine_version": "11.0.0.1006",
                    "result": null,
                    "method": "blacklist",
                    "engine_update": "20220324"
                },
                "McAfee-GW-Edition": {
                    "category": "undetected",
                    "engine_name": "McAfee-GW-Edition",
                    "engine_version": "v2019.1.2+3728",
                    "result": null,
                    "method": "blacklist",
                    "engine_update": "20220324"
                },
                "SentinelOne": {
                    "category": "type-unsupported",
                    "engine_name": "SentinelOne",
                    "engine_version": "7.2.0.1",
                    "result": null,
                    "method": "blacklist",
                    "engine_update": "20220201"
                },
                "Trapmine": {
                    "category": "type-unsupported",
                    "engine_name": "Trapmine",
                    "engine_version": "3.5.45.75",
                    "result": null,
                    "method": "blacklist",
                    "engine_update": "20220217"
                },
                "CMC": {
                    "category": "undetected",
                    "engine_name": "CMC",
                    "engine_version": "2.10.2019.1",
                    "result": null,
                    "method": "blacklist",
                    "engine_update": "20211026"
                },
                "Sophos": {
                    "category": "undetected",
                    "engine_name": "Sophos",
                    "engine_version": "1.4.1.0",
                    "result": null,
                    "method": "blacklist",
                    "engine_update": "20220324"
                },
                "Ikarus": {
                    "category": "failure",
                    "engine_name": "Ikarus",
                    "engine_version": "6.0.11.0",
                    "result": null,
                    "method": "blacklist",
                    "engine_update": "20220324"
                },
                "Avast-Mobile": {
                    "category": "undetected",
                    "engine_name": "Avast-Mobile",
                    "engine_version": "220324-00",
                    "result": null,
                    "method": "blacklist",
                    "engine_update": "20220324"
                },
                "Jiangmin": {
                    "category": "undetected",
                    "engine_name": "Jiangmin",
                    "engine_version": "16.0.100",
                    "result": null,
                    "method": "blacklist",
                    "engine_update": "20220323"
                },
                "Webroot": {
                    "category": "type-unsupported",
                    "engine_name": "Webroot",
                    "engine_version": "1.0.0.403",
                    "result": null,
                    "method": "blacklist",
                    "engine_update": "20220324"
                },
                "Avira": {
                    "category": "undetected",
                    "engine_name": "Avira",
                    "engine_version": "8.3.3.14",
                    "result": null,
                    "method": "blacklist",
                    "engine_update": "20220324"
                },
                "Antiy-AVL": {
                    "category": "undetected",
                    "engine_name": "Antiy-AVL",
                    "engine_version": "3.0.0.1",
                    "result": null,
                    "method": "blacklist",
                    "engine_update": "20220324"
                },
                "Kingsoft": {
                    "category": "undetected",
                    "engine_name": "Kingsoft",
                    "engine_version": "2017.9.26.565",
                    "result": null,
                    "method": "blacklist",
                    "engine_update": "20220324"
                },
                "Gridinsoft": {
                    "category": "undetected",
                    "engine_name": "Gridinsoft",
                    "engine_version": "1.0.74.174",
                    "result": null,
                    "method": "blacklist",
                    "engine_update": "20220324"
                },
                "Microsoft": {
                    "category": "undetected",
                    "engine_name": "Microsoft",
                    "engine_version": "1.1.19000.8",
                    "result": null,
                    "method": "blacklist",
                    "engine_update": "20220324"
                },
                "SUPERAntiSpyware": {
                    "category": "undetected",
                    "engine_name": "SUPERAntiSpyware",
                    "engine_version": "5.6.0.1032",
                    "result": null,
                    "method": "blacklist",
                    "engine_update": "20220319"
                },
                "ZoneAlarm": {
                    "category": "undetected",
                    "engine_name": "ZoneAlarm",
                    "engine_version": "1.0",
                    "result": null,
                    "method": "blacklist",
                    "engine_update": "20220324"
                },
                "GData": {
                    "category": "undetected",
                    "engine_name": "GData",
                    "engine_version": "A:25.32624B:27.26778",
                    "result": null,
                    "method": "blacklist",
                    "engine_update": "20220324"
                },
                "Cynet": {
                    "category": "undetected",
                    "engine_name": "Cynet",
                    "engine_version": "4.0.0.27",
                    "result": null,
                    "method": "blacklist",
                    "engine_update": "20220324"
                },
                "BitDefenderFalx": {
                    "category": "undetected",
                    "engine_name": "BitDefenderFalx",
                    "engine_version": "2.0.936",
                    "result": null,
                    "method": "blacklist",
                    "engine_update": "20220103"
                },
                "AhnLab-V3": {
                    "category": "undetected",
                    "engine_name": "AhnLab-V3",
                    "engine_version": "3.21.3.10230",
                    "result": null,
                    "method": "blacklist",
                    "engine_update": "20220324"
                },
                "Acronis": {
                    "category": "type-unsupported",
                    "engine_name": "Acronis",
                    "engine_version": "1.1.1.82",
                    "result": null,
                    "method": "blacklist",
                    "engine_update": "20210512"
                },
                "VBA32": {
                    "category": "undetected",
                    "engine_name": "VBA32",
                    "engine_version": "5.0.0",
                    "result": null,
                    "method": "blacklist",
                    "engine_update": "20220324"
                },
                "ALYac": {
                    "category": "undetected",
                    "engine_name": "ALYac",
                    "engine_version": "1.1.3.1",
                    "result": null,
                    "method": "blacklist",
                    "engine_update": "20220324"
                },
                "MAX": {
                    "category": "undetected",
                    "engine_name": "MAX",
                    "engine_version": "2019.9.16.1",
                    "result": null,
                    "method": "blacklist",
                    "engine_update": "20220324"
                },
                "Cylance": {
                    "category": "type-unsupported",
                    "engine_name": "Cylance",
                    "engine_version": "2.3.1.101",
                    "result": null,
                    "method": "blacklist",
                    "engine_update": "20220324"
                },
                "Zoner": {
                    "category": "undetected",
                    "engine_name": "Zoner",
                    "engine_version": "2.2.2.0",
                    "result": null,
                    "method": "blacklist",
                    "engine_update": "20220323"
                },
                "Rising": {
                    "category": "undetected",
                    "engine_name": "Rising",
                    "engine_version": "25.0.0.27",
                    "result": null,
                    "method": "blacklist",
                    "engine_update": "20220324"
                },
                "Yandex": {
                    "category": "undetected",
                    "engine_name": "Yandex",
                    "engine_version": "5.5.2.24",
                    "result": null,
                    "method": "blacklist",
                    "engine_update": "20220324"
                },
                "TACHYON": {
                    "category": "undetected",
                    "engine_name": "TACHYON",
                    "engine_version": "2022-03-24.02",
                    "result": null,
                    "method": "blacklist",
                    "engine_update": "20220324"
                },
                "MaxSecure": {
                    "category": "undetected",
                    "engine_name": "MaxSecure",
                    "engine_version": "1.0.0.1",
                    "result": null,
                    "method": "blacklist",
                    "engine_update": "20220324"
                },
                "Fortinet": {
                    "category": "undetected",
                    "engine_name": "Fortinet",
                    "engine_version": "6.2.142.0",
                    "result": null,
                    "method": "blacklist",
                    "engine_update": "20220324"
                },
                "Cybereason": {
                    "category": "type-unsupported",
                    "engine_name": "Cybereason",
                    "engine_version": "1.2.449",
                    "result": null,
                    "method": "blacklist",
                    "engine_update": "20210330"
                },
                "Panda": {
                    "category": "undetected",
                    "engine_name": "Panda",
                    "engine_version": "4.6.4.2",
                    "result": null,
                    "method": "blacklist",
                    "engine_update": "20220324"
                },
                "CrowdStrike": {
                    "category": "type-unsupported",
                    "engine_name": "CrowdStrike",
                    "engine_version": "1.0",
                    "result": null,
                    "method": "blacklist",
                    "engine_update": "20210907"
                }
            },
            "sha256": "00008418986982e209099582cf537aa04e8cbae89af35ac4bf72835c69f758d8",
            "tags": [
                "apk",
                "android",
                "runtime-modules",
                "reflection",
                "contains-elf"
            ],
            "last_analysis_date": 1648160617,
            "unique_sources": 3,
            "first_submission_date": 1593262429,
            "sha1": "6820bbf219430e03f35de071ae30eae8bc8cbc74",
            "ssdeep": "196608:b1JQVl0ov3gqNYTf5NbXN34QgSAg7NSTsp9UF1XfQdZD6tEx2PO9V:brO3cfbdVgSlGspT",
            "bundle_info": {
                "highest_datetime": "1980-00-00 00:00:00",
                "lowest_datetime": "1980-00-00 00:00:00",
                "num_children": 1811,
                "extensions": {
                    "xml": 79,
                    "dex": 3,
                    "MF": 1,
                    "pro": 1,
                    "RSA": 1,
                    "SF": 1,
                    "so": 7,
                    "txt": 1,
                    "ttf": 4,
                    "png": 831
                },
                "file_types": {
                    "XML": 79,
                    "unknown": 80,
                    "DEX": 3,
                    "ELF": 7,
                    "PNG": 831
                },
                "type": "APK",
                "uncompressed_size": 13367025
            },
            "packers": {
                "F-PROT": "appended"
            },
            "md5": "b1766b5f4e180eb0ff10ce45865c25ca",
            "androguard": {
                "VTAndroidInfo": 2.0,
                "Libraries": [
                    "com.google.android.maps",
                    "org.apache.http.legacy"
                ],
                "AndroidApplicationError": false,
                "MinSdkVersion": "16",
                "AndroguardVersion": "3.4.0a1",
                "Activities": [
                    "muslim.datingandchat.preinicio",
                    "com.google.android.gms.ads.AdActivity",
                    "muslim.datingandchat.SearchableActivity",
                    "muslim.datingandchat.ExpandedControlsActivity",
                    "muslim.datingandchat.t_url",
                    "muslim.datingandchat.t_html",
                    "muslim.datingandchat.t_video",
                    "muslim.datingandchat.t_video_exoplayer",
                    "muslim.datingandchat.t_video_pro",
                    "muslim.datingandchat.t_radio",
                    "muslim.datingandchat.t_buscchats",
                    "muslim.datingandchat.t_buscchats_lista",
                    "muslim.datingandchat.t_menugrid",
                    "muslim.datingandchat.t_submenu",
                    "muslim.datingandchat.t_rss",
                    "muslim.datingandchat.t_rssdetalle",
                    "muslim.datingandchat.t_oficinas",
                    "muslim.datingandchat.t_chat_contra",
                    "muslim.datingandchat.t_chat",
                    "muslim.datingandchat.preperfil",
                    "muslim.datingandchat.chat_perfil",
                    "muslim.datingandchat.guardarprimeravez",
                    "muslim.datingandchat.eliminarperfil",
                    "muslim.datingandchat.chat",
                    "muslim.datingandchat.contactar",
                    "muslim.datingandchat.t_buscador_form",
                    "muslim.datingandchat.cats",
                    "muslim.datingandchat.t_buscador",
                    "muslim.datingandchat.t_detalle",
                    "muslim.datingandchat.t_menu",
                    "muslim.datingandchat.t_mapa_web",
                    "muslim.datingandchat.t_and",
                    "muslim.datingandchat.finalizar",
                    "muslim.datingandchat.notifs",
                    "muslim.datingandchat.notifs_cats",
                    "muslim.datingandchat.privados",
                    "muslim.datingandchat.profile",
                    "muslim.datingandchat.fotogal",
                    "muslim.datingandchat.t_buscusus",
                    "muslim.datingandchat.t_buscvideos",
                    "muslim.datingandchat.t_buscvideo",
                    "muslim.datingandchat.t_gal",
                    "muslim.datingandchat.t_gal_foto",
                    "muslim.datingandchat.t_card",
                    "com.facebook.ads.AudienceNetworkActivity",
                    "com.adcolony.sdk.AdColonyInterstitialActivity",
                    "com.adcolony.sdk.AdColonyAdViewActivity",
                    "com.appnext.ads.interstitial.InterstitialActivity",
                    "com.appnext.ads.fullscreen.FullscreenActivity",
                    "com.appnext.banners.BannerActivity",
                    "com.facebook.ads.internal.ipc.RemoteANActivity",
                    "com.google.android.gms.auth.api.signin.internal.SignInHubActivity",
                    "com.google.android.gms.common.api.GoogleApiActivity",
                    "com.facebook.FacebookActivity",
                    "com.facebook.CustomTabMainActivity",
                    "com.facebook.CustomTabActivity",
                    "com.startapp.android.publish.ads.list3d.List3DActivity",
                    "com.startapp.android.publish.adsCommon.activities.OverlayActivity",
                    "com.startapp.android.publish.adsCommon.activities.FullScreenActivity",
                    "com.appnext.core.ResultActivity",
                    "com.appnext.core.result.ResultPageActivity"
                ],
                "certificate": {
                    "Subject": {
                        "DN": "C:US, CN:Clara Gledhil, L:Unknown, O:Unknown, ST:Unknown, OU:Unknow",
                        "C": "US",
                        "CN": "Clara Gledhil",
                        "L": "Unknown",
                        "O": "Unknown",
                        "ST": "Unknown",
                        "OU": "Unknow"
                    },
                    "validto": "2043-08-25 08:23:52",
                    "serialnumber": "4eacd81a",
                    "thumbprint": "56bc2e4c3ec205c3994fe25c088cc135eb94ed3d",
                    "validfrom": "2016-04-08 08:23:52",
                    "Issuer": {
                        "DN": "C:US, CN:Clara Gledhil, L:Unknown, O:Unknown, ST:Unknown, OU:Unknow",
                        "C": "US",
                        "CN": "Clara Gledhil",
                        "L": "Unknown",
                        "O": "Unknown",
                        "ST": "Unknown",
                        "OU": "Unknow"
                    }
                },
                "AndroidApplication": 1,
                "RiskIndicator": {
                    "APK": {
                        "DEX": 3,
                        "SHARED LIBRARIES": 7
                    },
                    "PERM": {
                        "INSTANT": 3,
                        "NORMAL": 5,
                        "DANGEROUS": 1,
                        "PRIVACY": 1,
                        "INTERNET": 1,
                        "GPS": 1
                    }
                },
                "Services": [
                    "muslim.datingandchat.s_cargar_icos",
                    "muslim.datingandchat.s_cargar_sliderheader",
                    "muslim.datingandchat.s_cargar_fondo",
                    "muslim.datingandchat.s_guardarperfil",
                    "muslim.datingandchat.s_obtenerpos",
                    "muslim.datingandchat.s_guardarpos",
                    "muslim.datingandchat.s_mediaplayer_exo",
                    "muslim.datingandchat.RegistrationIntentService",
                    "muslim.datingandchat.MyFcmListenerService",
                    "muslim.datingandchat.MyInstanceIDListenerService",
                    "com.google.firebase.messaging.FirebaseMessagingService",
                    "com.google.android.gms.cast.framework.media.MediaNotificationService",
                    "com.google.android.gms.cast.framework.ReconnectionService",
                    "com.appnext.core.AdsService",
                    "com.facebook.ads.internal.ipc.AdsProcessPriorityService",
                    "com.facebook.ads.internal.ipc.AdsMessengerService",
                    "com.google.android.gms.auth.api.signin.RevocationBoundService",
                    "com.google.firebase.components.ComponentDiscoveryService",
                    "com.google.android.gms.measurement.AppMeasurementService",
                    "com.google.android.gms.measurement.AppMeasurementJobService",
                    "com.google.firebase.iid.FirebaseInstanceIdService",
                    "com.startapp.android.publish.common.metaData.PeriodicMetaDataService",
                    "com.startapp.android.publish.common.metaData.InfoEventService",
                    "com.startapp.android.publish.common.metaData.PeriodicJobService",
                    "com.appnext.base.services.OperationService",
                    "com.appnext.base.services.OperationJobService",
                    "com.appnext.base.services.EventsJobIntentService"
                ],
                "AndroidVersionCode": "11",
                "main_activity": "muslim.datingandchat.preinicio",
                "Package": "muslim.datingandchat",
                "intent_filters": {
                    "Services": {
                        "muslim.datingandchat.MyFcmListenerService": {
                            "action": [
                                "com.google.firebase.MESSAGING_EVENT"
                            ]
                        },
                        "muslim.datingandchat.MyInstanceIDListenerService": {
                            "action": [
                                "com.google.firebase.INSTANCE_ID_EVENT"
                            ]
                        },
                        "com.google.firebase.iid.FirebaseInstanceIdService": {
                            "action": [
                                "com.google.firebase.INSTANCE_ID_EVENT"
                            ]
                        },
                        "com.google.firebase.messaging.FirebaseMessagingService": {
                            "action": [
                                "com.google.firebase.MESSAGING_EVENT"
                            ]
                        }
                    },
                    "Activities": {
                        "muslim.datingandchat.preinicio": {
                            "action": [
                                "android.intent.action.MAIN",
                                "android.intent.action.VIEW"
                            ],
                            "category": [
                                "android.intent.category.LAUNCHER",
                                "android.intent.category.DEFAULT",
                                "android.intent.category.BROWSABLE"
                            ]
                        },
                        "muslim.datingandchat.SearchableActivity": {
                            "action": [
                                "android.intent.action.SEARCH"
                            ]
                        },
                        "muslim.datingandchat.ExpandedControlsActivity": {
                            "action": [
                                "android.intent.action.MAIN"
                            ]
                        }
                    },
                    "Receivers": {
                        "com.facebook.CurrentAccessTokenExpirationBroadcastReceiver": {
                            "action": [
                                "com.facebook.sdk.ACTION_CURRENT_ACCESS_TOKEN_CHANGED"
                            ]
                        },
                        "com.appnext.base.receivers.AppnextBootReciever": {
                            "action": [
                                "android.intent.action.BOOT_COMPLETED"
                            ]
                        },
                        "com.google.android.gms.measurement.AppMeasurementInstallReferrerReceiver": {
                            "action": [
                                "com.android.vending.INSTALL_REFERRER"
                            ]
                        },
                        "com.google.firebase.iid.FirebaseInstanceIdReceiver": {
                            "action": [
                                "com.google.android.c2dm.intent.RECEIVE"
                            ]
                        },
                        "com.startapp.android.publish.common.metaData.BootCompleteListener": {
                            "action": [
                                "android.intent.action.BOOT_COMPLETED"
                            ]
                        }
                    }
                },
                "AndroidVersionName": "9.8",
                "TargetSdkVersion": "28",
                "AndroidApplicationInfo": "APK",
                "Providers": [
                    "muslim.datingandchat.MySuggestionProvider",
                    "muslim.datingandchat.bd_provider",
                    "android.support.v4.content.FileProvider",
                    "com.google.firebase.provider.FirebaseInitProvider",
                    "com.facebook.internal.FacebookInitProvider"
                ],
                "permission_details": {
                    "android.permission.ACCESS_FINE_LOCATION": {
                        "short_description": "access precise location (GPS and\n      network-based)",
                        "full_description": "This app can get your location based on GPS or network location sources such as cell towers and Wi-Fi networks. These location services must be turned on and available on your phone for the app to be able to use them. This may increase battery consumption.",
                        "permission_type": "dangerous|instant"
                    },
                    "android.permission.RECEIVE_BOOT_COMPLETED": {
                        "short_description": "run at startup",
                        "full_description": "Allows the app to\n        have itself started as soon as the system has finished booting.\n        This can make it take longer to start the phone and allow the\n        app to slow down the overall phone by always running.",
                        "permission_type": "normal"
                    },
                    "com.google.android.c2dm.permission.RECEIVE": {
                        "short_description": "Unknown permission from android reference",
                        "full_description": "Unknown permission from android reference",
                        "permission_type": "normal"
                    },
                    "android.permission.ACCESS_WIFI_STATE": {
                        "short_description": "view Wi-Fi connections",
                        "full_description": "Allows the app to view information\n      about Wi-Fi networking, such as whether Wi-Fi is enabled and name of\n      connected Wi-Fi devices.",
                        "permission_type": "normal"
                    },
                    "android.permission.WAKE_LOCK": {
                        "short_description": "prevent phone from sleeping",
                        "full_description": "Allows the app to prevent the phone from going to sleep.",
                        "permission_type": "normal|instant"
                    },
                    "android.permission.FOREGROUND_SERVICE": {
                        "short_description": "run foreground service",
                        "full_description": "Allows the app to make use of foreground services.",
                        "permission_type": "normal|instant"
                    },
                    "android.permission.ACCESS_NETWORK_STATE": {
                        "short_description": "view network connections",
                        "full_description": "Allows the app to view\n      information about network connections such as which networks exist and are\n      connected.",
                        "permission_type": "normal|instant"
                    },
                    "android.permission.INTERNET": {
                        "short_description": "have full network access",
                        "full_description": "Allows the app to create\n     network sockets and use custom network protocols. The browser and other\n     applications provide means to send data to the internet, so this\n     permission is not required to send data to the internet.",
                        "permission_type": "normal|instant"
                    },
                    "com.google.android.finsky.permission.BIND_GET_INSTALL_REFERRER_SERVICE": {
                        "short_description": "Unknown permission from android reference",
                        "full_description": "Unknown permission from android reference",
                        "permission_type": "normal"
                    },
                    "android.permission.WRITE_EXTERNAL_STORAGE": {
                        "short_description": "modify or delete the contents of your SD card",
                        "full_description": "Allows the app to write to the SD card.",
                        "permission_type": "dangerous"
                    }
                },
                "Receivers": [
                    "muslim.datingandchat.alarma_rss",
                    "com.google.android.gms.cast.framework.media.MediaIntentReceiver",
                    "com.google.android.gms.measurement.AppMeasurementReceiver",
                    "com.google.android.gms.measurement.AppMeasurementInstallReferrerReceiver",
                    "com.google.firebase.iid.FirebaseInstanceIdReceiver",
                    "com.startapp.android.publish.common.metaData.BootCompleteListener",
                    "com.appnext.base.receivers.EventsReceiver",
                    "com.appnext.base.receivers.AppnextBootReciever",
                    "com.facebook.CurrentAccessTokenExpirationBroadcastReceiver"
                ],
                "StringsInformation": [
                    "http://apis.appnxt.net:443",
                    "http://cdn.appnext.com/tools",
                    "http://cdn.appnext.com/tools/sdk/banner/2.4.3",
                    "http://cdn.appnext.com/tools/sdk/banner/2.4.3/banner.min.js",
                    "http://cdn.appnext.com/tools/sdk/banner/2.4.3/result.min.js",
                    "http://cdn.appnext.com/tools/sdk/confign",
                    "http://cdn.appnext.com/tools/sdk/confign/banner/banner_config.txt",
                    "http://cdn.appnext.com/tools/sdk/confign/fullscreen/fullscreen_config.txt",
                    "http://cdn.appnext.com/tools/sdk/confign/interstitial/interstitial_config.txt",
                    "http://cdn.appnext.com/tools/sdk/confign/nativeads_new/native_ads_config.json",
                    "http://cdn.appnext.com/tools/sdk/confign/rewarded/rewarded_config.txt",
                    "http://cdn.appnext.com/tools/sdk/interstitial/v75",
                    "http://cdn.appnext.com/tools/sdk/interstitial/v75/result.min.js",
                    "http://cdn.appnext.com/tools/sdk/interstitial/v75/script.min.js",
                    "http://cdn.appnext.com/tools/sdk/langs/2.4.4",
                    "http://cdn.appnext.com/tools/sdk/langs/2.4.4/langs.json",
                    "http://cdn.appnext.com/tools/services/4.7.2",
                    "http://cdn.appnext.com/tools/services/4.7.2/config.json",
                    "http://cdn.appnext.com/tools/services/4.7.2/config.json?packageId=",
                    "http://cdn.appnext.com/tools/services/4.7.2/plist.json",
                    "http://global.appnext.com",
                    "http://go:",
                    "http://itunes.apple.com",
                    "http://localhost/",
                    "http://mailto:",
                    "http://play.google.com",
                    "http://schemas.android.com/apk/res/android",
                    "http://schemas.microsoft.com/DRM/2007/03/protocols/AcquireLicense",
                    "http://smsto:",
                    "http://tel:",
                    "http://www.appnext.com/myid.html",
                    "http://www.example.com",
                    "http://www.google.com",
                    "http://www.w3.org/ns/ttml#parameter",
                    "https://.facebook.com",
                    "https://accounts.google.com/o/oauth2/revoke?token=",
                    "https://adc3-launch-staging.adcolony.com/v4/launch",
                    "https://adc3-launch.adcolony.com/v4/launch",
                    "https://admin.appnext.com/AdminService.asmx/",
                    "https://admin.appnext.com/AdminService.asmx/SetOpenV1",
                    "https://admin.appnext.com/AdminService.asmx/SetRL?guid=",
                    "https://admin.appnext.com/AdminService.asmx/bns",
                    "https://admin.appnext.com/AdminService.asmx/bns - ",
                    "https://admin.appnext.com/AdminService.asmx/checkA?z=",
                    "https://admin.appnext.com/adminService.asmx/SetRewards",
                    "https://admin.appnext.com/tools/navtac.html?bid=",
                    "https://admin.appnext.com/tp12.aspx?tid=%s&vid=%s&osid=%s&auid=%s&session_id=%s&pid=%s&ref=%s&ads_type=%s&bid=%s&cid=%s",
                    "https://api.appnxt.net",
                    "https://app-measurement.com/a",
                    "https://awsdus.api.p3insight.de/isupload/upload_check_lumen.php",
                    "https://cdn.appnext.com/tools/sdk/adchoices/adchoices_big.png",
                    "https://csi.gstatic.com/csi",
                    "https://d1byvlfiet2h9q.cloudfront.net/InApp/resources/adInformationDialog3.html",
                    "https://d2to8y50b3n6dq.cloudfront.net/truststores/[PROJECTID]/cdnconfig.zip",
                    "https://d2to8y50b3n6dq.cloudfront.net/truststores/[PROJECTID]/truststore.zip",
                    "https://docs.google.com/viewer?embedded=true&url=",
                    "https://facebook.com",
                    "https://facebook.com/device?user_code=%1$s&qr=1",
                    "https://geoip.api.c0nnectthed0ts.com/geoip/",
                    "https://geoip.api.p3insight.de/geoip/",
                    "https://global.appnext.com/stp.aspx",
                    "https://googleads.g.doubleclick.net/mads/static/mad/sdk/native/mraid/v2/mraid_app_banner.js",
                    "https://googleads.g.doubleclick.net/mads/static/mad/sdk/native/mraid/v2/mraid_app_expanded_banner.js",
                    "https://googleads.g.doubleclick.net/mads/static/mad/sdk/native/mraid/v2/mraid_app_interstitial.js",
                    "https://googleads.g.doubleclick.net/mads/static/mad/sdk/native/native_ads.html",
                    "https://googleads.g.doubleclick.net/mads/static/mad/sdk/native/production/native_ads.js",
                    "https://googleads.g.doubleclick.net/mads/static/mad/sdk/native/production/sdk-core-v40-impl.js",
                    "https://googleads.g.doubleclick.net/mads/static/mad/sdk/native/sdk-core-v40.html",
                    "https://graph-video.%s",
                    "https://graph.%s",
                    "https://imasdk.googleapis.com/admob/sdkloader/native_video.html",
                    "https://imgs1.e-droid.net/android-app-creator/icos_secc/",
                    "https://imgs1.e-droid.net/srv/imgs/seccs/",
                    "https://imgs1.e-droid.net/srv/imgs/usus/",
                    "https://info.startappservice.com/InApp/resources/info_l.png",
                    "https://itunes.apple.com",
                    "https://pagead2.googlesyndication.com/pagead/gen_204",
                    "https://pagead2.googlesyndication.com/pagead/gen_204?id=gmob-apps",
                    "https://play.google.com",
                    "https://play.google.com/store/apps/",
                    "https://play.google.com/store/apps/details?id=",
                    "https://plus.google.com/",
                    "https://support.google.com/dfp_premium/answer/7160685#push",
                    "https://ul.api.c0nnectthed0ts.com/ul/v3/",
                    "https://video.e-droid.net/files_busc/v",
                    "https://video.e-droid.net/files_pro/v",
                    "https://wd.adcolony.com/logs",
                    "https://www.appnext.com/privacy_policy/index.html?z=",
                    "https://www.com.startapp.com/policy/sdk-policy/",
                    "https://www.facebook.com/adnw_logging/",
                    "https://www.fqtag.com/pixel.cgi?org=TkBXEI5C3FBIr4zXwnmK&p=",
                    "https://www.google.com",
                    "https://www.google.com/dfp/debugSignals",
                    "https://www.google.com/dfp/inAppPreview",
                    "https://www.google.com/dfp/linkDevice",
                    "https://www.google.com/dfp/sendDebugData",
                    "https://www.googleapis.com/auth/games",
                    "https://www.googleapis.com/auth/games_lite",
                    "https://www.youtube.com/watch?v="
                ]
            },
            "magic": "Zip archive data",
            "last_analysis_stats": {
                "harmless": 0,
                "type-unsupported": 10,
                "suspicious": 0,
                "confirmed-timeout": 0,
                "timeout": 0,
                "failure": 1,
                "malicious": 0,
                "undetected": 61
            },
            "meaningful_name": "00008418986982E209099582CF537AA04E8CBAE89AF35AC4BF72835C69F758D8.apk",
            "reputation": 0
        },
        "type": "file",
        "id": "00008418986982e209099582cf537aa04e8cbae89af35ac4bf72835c69f758d8",
        "links": {
            "self": "https://www.virustotal.com/api/v3/files/00008418986982e209099582cf537aa04e8cbae89af35ac4bf72835c69f758d8"
        }
    }
}