{
    "data": {
        "attributes": {
            "type_description": "Android",
            "tlsh": "T12436237D91D52AF4D99ECC3DAD1CB8706AD6DC08825660727909FEEDE770A88CC04B1B",
            "vhash": "773485e37354d147738a0d6067b588b3",
            "trid": [
                {
                    "file_type": "Android Package",
                    "probability": 57.0
                },
                {
                    "file_type": "Java Archive",
                    "probability": 20.0
                },
                {
                    "file_type": "Sweet Home 3D design (generic)",
                    "probability": 15.5
                },
                {
                    "file_type": "ZIP compressed archive",
                    "probability": 5.9
                },
                {
                    "file_type": "PrintFox/Pagefox bitmap (640x800)",
                    "probability": 1.4
                }
            ],
            "names": [
                "0002E110354E9DEE0623370B209FF9A6A5D85B3010F261CC7099D52323DD9123.apk",
                "com.bbt.music.bzly.apk",
                "0002e110354e9dee0623370b209ff9a6a5d85b3010f261cc7099d52323dd9123.apk"
            ],
            "last_modification_date": 1641835189,
            "type_tag": "android",
            "times_submitted": 6,
            "total_votes": {
                "harmless": 0,
                "malicious": 0
            },
            "size": 5266307,
            "popular_threat_classification": {
                "suggested_threat_label": "pua.cimsci",
                "popular_threat_category": [
                    {
                        "count": 2,
                        "value": "pua"
                    }
                ],
                "popular_threat_name": [
                    {
                        "count": 2,
                        "value": "cimsci"
                    }
                ]
            },
            "last_submission_date": 1641822857,
            "last_analysis_results": {
                "Bkav": {
                    "category": "undetected",
                    "engine_name": "Bkav",
                    "engine_version": "1.3.0.9899",
                    "result": null,
                    "method": "blacklist",
                    "engine_update": "20220110"
                },
                "Lionic": {
                    "category": "malicious",
                    "engine_name": "Lionic",
                    "engine_version": "4.2",
                    "result": "Riskware.AndroidOS.Generic.z!c",
                    "method": "blacklist",
                    "engine_update": "20220110"
                },
                "Elastic": {
                    "category": "undetected",
                    "engine_name": "Elastic",
                    "engine_version": "4.0.32",
                    "result": null,
                    "method": "blacklist",
                    "engine_update": "20211223"
                },
                "DrWeb": {
                    "category": "undetected",
                    "engine_name": "DrWeb",
                    "engine_version": "7.0.52.8270",
                    "result": null,
                    "method": "blacklist",
                    "engine_update": "20220110"
                },
                "MicroWorld-eScan": {
                    "category": "undetected",
                    "engine_name": "MicroWorld-eScan",
                    "engine_version": "14.0.409.0",
                    "result": null,
                    "method": "blacklist",
                    "engine_update": "20220110"
                },
                "FireEye": {
                    "category": "undetected",
                    "engine_name": "FireEye",
                    "engine_version": "32.44.1.0",
                    "result": null,
                    "method": "blacklist",
                    "engine_update": "20220110"
                },
                "CAT-QuickHeal": {
                    "category": "malicious",
                    "engine_name": "CAT-QuickHeal",
                    "engine_version": "14.00",
                    "result": "Android.Cimsci.GEN43871 (PUP)",
                    "method": "blacklist",
                    "engine_update": "20220110"
                },
                "ALYac": {
                    "category": "undetected",
                    "engine_name": "ALYac",
                    "engine_version": "1.1.3.1",
                    "result": null,
                    "method": "blacklist",
                    "engine_update": "20220110"
                },
                "Malwarebytes": {
                    "category": "undetected",
                    "engine_name": "Malwarebytes",
                    "engine_version": "4.2.2.27",
                    "result": null,
                    "method": "blacklist",
                    "engine_update": "20220110"
                },
                "VIPRE": {
                    "category": "undetected",
                    "engine_name": "VIPRE",
                    "engine_version": "98274",
                    "result": null,
                    "method": "blacklist",
                    "engine_update": "20220110"
                },
                "Paloalto": {
                    "category": "type-unsupported",
                    "engine_name": "Paloalto",
                    "engine_version": "1.0",
                    "result": null,
                    "method": "blacklist",
                    "engine_update": "20220110"
                },
                "Sangfor": {
                    "category": "undetected",
                    "engine_name": "Sangfor",
                    "engine_version": "2.9.0.0",
                    "result": null,
                    "method": "blacklist",
                    "engine_update": "20211224"
                },
                "Trustlook": {
                    "category": "undetected",
                    "engine_name": "Trustlook",
                    "engine_version": "1.0",
                    "result": null,
                    "method": "blacklist",
                    "engine_update": "20220110"
                },
                "BitDefender": {
                    "category": "undetected",
                    "engine_name": "BitDefender",
                    "engine_version": "7.2",
                    "result": null,
                    "method": "blacklist",
                    "engine_update": "20220110"
                },
                "K7GW": {
                    "category": "undetected",
                    "engine_name": "K7GW",
                    "engine_version": "11.241.40265",
                    "result": null,
                    "method": "blacklist",
                    "engine_update": "20220110"
                },
                "K7AntiVirus": {
                    "category": "undetected",
                    "engine_name": "K7AntiVirus",
                    "engine_version": "11.241.40266",
                    "result": null,
                    "method": "blacklist",
                    "engine_update": "20220110"
                },
                "BitDefenderTheta": {
                    "category": "undetected",
                    "engine_name": "BitDefenderTheta",
                    "engine_version": "7.2.37796.0",
                    "result": null,
                    "method": "blacklist",
                    "engine_update": "20211223"
                },
                "VirIT": {
                    "category": "undetected",
                    "engine_name": "VirIT",
                    "engine_version": "9.5.107",
                    "result": null,
                    "method": "blacklist",
                    "engine_update": "20220110"
                },
                "Cyren": {
                    "category": "undetected",
                    "engine_name": "Cyren",
                    "engine_version": "6.5.1.2",
                    "result": null,
                    "method": "blacklist",
                    "engine_update": "20220110"
                },
                "SymantecMobileInsight": {
                    "category": "failure",
                    "engine_name": "SymantecMobileInsight",
                    "engine_version": "2.0",
                    "result": null,
                    "method": "blacklist",
                    "engine_update": "20211119"
                },
                "Symantec": {
                    "category": "undetected",
                    "engine_name": "Symantec",
                    "engine_version": "1.16.0.0",
                    "result": null,
                    "method": "blacklist",
                    "engine_update": "20220109"
                },
                "ESET-NOD32": {
                    "category": "malicious",
                    "engine_name": "ESET-NOD32",
                    "engine_version": "24595",
                    "result": "a variant of Android/Cimsci.A potentially unsafe",
                    "method": "blacklist",
                    "engine_update": "20220110"
                },
                "APEX": {
                    "category": "type-unsupported",
                    "engine_name": "APEX",
                    "engine_version": "6.248",
                    "result": null,
                    "method": "blacklist",
                    "engine_update": "20220110"
                },
                "TrendMicro-HouseCall": {
                    "category": "undetected",
                    "engine_name": "TrendMicro-HouseCall",
                    "engine_version": "10.0.0.1040",
                    "result": null,
                    "method": "blacklist",
                    "engine_update": "20220110"
                },
                "Avast": {
                    "category": "undetected",
                    "engine_name": "Avast",
                    "engine_version": "21.1.5827.0",
                    "result": null,
                    "method": "blacklist",
                    "engine_update": "20220110"
                },
                "ClamAV": {
                    "category": "failure",
                    "engine_name": "ClamAV",
                    "engine_version": "0.104.1.0",
                    "result": null,
                    "method": "blacklist",
                    "engine_update": "20220110"
                },
                "Kaspersky": {
                    "category": "undetected",
                    "engine_name": "Kaspersky",
                    "engine_version": "21.0.1.45",
                    "result": null,
                    "method": "blacklist",
                    "engine_update": "20220110"
                },
                "Alibaba": {
                    "category": "undetected",
                    "engine_name": "Alibaba",
                    "engine_version": "0.3.0.5",
                    "result": null,
                    "method": "blacklist",
                    "engine_update": "20190527"
                },
                "NANO-Antivirus": {
                    "category": "malicious",
                    "engine_name": "NANO-Antivirus",
                    "engine_version": "1.0.146.25520",
                    "result": "Trojan.Android.SmsSend.cwzgjs",
                    "method": "blacklist",
                    "engine_update": "20220110"
                },
                "ViRobot": {
                    "category": "undetected",
                    "engine_name": "ViRobot",
                    "engine_version": "2014.3.20.0",
                    "result": null,
                    "method": "blacklist",
                    "engine_update": "20220110"
                },
                "Rising": {
                    "category": "undetected",
                    "engine_name": "Rising",
                    "engine_version": "25.0.0.27",
                    "result": null,
                    "method": "blacklist",
                    "engine_update": "20220110"
                },
                "Ad-Aware": {
                    "category": "undetected",
                    "engine_name": "Ad-Aware",
                    "engine_version": "3.0.21.193",
                    "result": null,
                    "method": "blacklist",
                    "engine_update": "20220110"
                },
                "Sophos": {
                    "category": "undetected",
                    "engine_name": "Sophos",
                    "engine_version": "1.4.1.0",
                    "result": null,
                    "method": "blacklist",
                    "engine_update": "20220110"
                },
                "Comodo": {
                    "category": "undetected",
                    "engine_name": "Comodo",
                    "engine_version": "34250",
                    "result": null,
                    "method": "blacklist",
                    "engine_update": "20220110"
                },
                "F-Secure": {
                    "category": "undetected",
                    "engine_name": "F-Secure",
                    "engine_version": "12.0.86.52",
                    "result": null,
                    "method": "blacklist",
                    "engine_update": "20220110"
                },
                "Baidu": {
                    "category": "undetected",
                    "engine_name": "Baidu",
                    "engine_version": "1.0.0.2",
                    "result": null,
                    "method": "blacklist",
                    "engine_update": "20190318"
                },
                "Zillya": {
                    "category": "undetected",
                    "engine_name": "Zillya",
                    "engine_version": "2.0.0.4542",
                    "result": null,
                    "method": "blacklist",
                    "engine_update": "20220109"
                },
                "TrendMicro": {
                    "category": "undetected",
                    "engine_name": "TrendMicro",
                    "engine_version": "11.0.0.1006",
                    "result": null,
                    "method": "blacklist",
                    "engine_update": "20220110"
                },
                "McAfee-GW-Edition": {
                    "category": "undetected",
                    "engine_name": "McAfee-GW-Edition",
                    "engine_version": "v2019.1.2+3728",
                    "result": null,
                    "method": "blacklist",
                    "engine_update": "20220110"
                },
                "SentinelOne": {
                    "category": "type-unsupported",
                    "engine_name": "SentinelOne",
                    "engine_version": "7.0.0.7",
                    "result": null,
                    "method": "blacklist",
                    "engine_update": "20211129"
                },
                "CMC": {
                    "category": "undetected",
                    "engine_name": "CMC",
                    "engine_version": "2.10.2019.1",
                    "result": null,
                    "method": "blacklist",
                    "engine_update": "20211026"
                },
                "Emsisoft": {
                    "category": "undetected",
                    "engine_name": "Emsisoft",
                    "engine_version": "2021.5.0.7597",
                    "result": null,
                    "method": "blacklist",
                    "engine_update": "20220110"
                },
                "Ikarus": {
                    "category": "failure",
                    "engine_name": "Ikarus",
                    "engine_version": "0.1.5.2",
                    "result": null,
                    "method": "blacklist",
                    "engine_update": "20220110"
                },
                "GData": {
                    "category": "undetected",
                    "engine_name": "GData",
                    "engine_version": "A:25.31985B:27.25818",
                    "result": null,
                    "method": "blacklist",
                    "engine_update": "20220110"
                },
                "Jiangmin": {
                    "category": "undetected",
                    "engine_name": "Jiangmin",
                    "engine_version": "16.0.100",
                    "result": null,
                    "method": "blacklist",
                    "engine_update": "20220109"
                },
                "Webroot": {
                    "category": "type-unsupported",
                    "engine_name": "Webroot",
                    "engine_version": "1.0.0.403",
                    "result": null,
                    "method": "blacklist",
                    "engine_update": "20220110"
                },
                "Avira": {
                    "category": "malicious",
                    "engine_name": "Avira",
                    "engine_version": "8.3.3.12",
                    "result": "ANDROID/Agent.FFOB.Gen",
                    "method": "blacklist",
                    "engine_update": "20220110"
                },
                "eGambit": {
                    "category": "type-unsupported",
                    "engine_name": "eGambit",
                    "engine_version": null,
                    "result": null,
                    "method": "blacklist",
                    "engine_update": "20220110"
                },
                "Antiy-AVL": {
                    "category": "undetected",
                    "engine_name": "Antiy-AVL",
                    "engine_version": "3.0.0.1",
                    "result": null,
                    "method": "blacklist",
                    "engine_update": "20220110"
                },
                "Kingsoft": {
                    "category": "undetected",
                    "engine_name": "Kingsoft",
                    "engine_version": "2017.9.26.565",
                    "result": null,
                    "method": "blacklist",
                    "engine_update": "20220110"
                },
                "Microsoft": {
                    "category": "malicious",
                    "engine_name": "Microsoft",
                    "engine_version": "1.1.18800.4",
                    "result": "Program:AndroidOS/Multiverze",
                    "method": "blacklist",
                    "engine_update": "20220110"
                },
                "Gridinsoft": {
                    "category": "undetected",
                    "engine_name": "Gridinsoft",
                    "engine_version": "1.0.68.170",
                    "result": null,
                    "method": "blacklist",
                    "engine_update": "20220110"
                },
                "Arcabit": {
                    "category": "undetected",
                    "engine_name": "Arcabit",
                    "engine_version": "1.0.0.888",
                    "result": null,
                    "method": "blacklist",
                    "engine_update": "20220110"
                },
                "SUPERAntiSpyware": {
                    "category": "undetected",
                    "engine_name": "SUPERAntiSpyware",
                    "engine_version": "5.6.0.1032",
                    "result": null,
                    "method": "blacklist",
                    "engine_update": "20220108"
                },
                "Avast-Mobile": {
                    "category": "undetected",
                    "engine_name": "Avast-Mobile",
                    "engine_version": "220110-04",
                    "result": null,
                    "method": "blacklist",
                    "engine_update": "20220110"
                },
                "Cynet": {
                    "category": "malicious",
                    "engine_name": "Cynet",
                    "engine_version": "4.0.0.27",
                    "result": "Malicious (score: 99)",
                    "method": "blacklist",
                    "engine_update": "20220110"
                },
                "BitDefenderFalx": {
                    "category": "malicious",
                    "engine_name": "BitDefenderFalx",
                    "engine_version": "2.0.936",
                    "result": "Android.Riskware.SMSReg.DA",
                    "method": "blacklist",
                    "engine_update": "20220103"
                },
                "AhnLab-V3": {
                    "category": "undetected",
                    "engine_name": "AhnLab-V3",
                    "engine_version": "3.21.2.10258",
                    "result": null,
                    "method": "blacklist",
                    "engine_update": "20220110"
                },
                "Acronis": {
                    "category": "type-unsupported",
                    "engine_name": "Acronis",
                    "engine_version": "1.1.1.82",
                    "result": null,
                    "method": "blacklist",
                    "engine_update": "20210512"
                },
                "McAfee": {
                    "category": "undetected",
                    "engine_name": "McAfee",
                    "engine_version": "6.0.6.653",
                    "result": null,
                    "method": "blacklist",
                    "engine_update": "20220110"
                },
                "MAX": {
                    "category": "undetected",
                    "engine_name": "MAX",
                    "engine_version": "2019.9.16.1",
                    "result": null,
                    "method": "blacklist",
                    "engine_update": "20220110"
                },
                "VBA32": {
                    "category": "undetected",
                    "engine_name": "VBA32",
                    "engine_version": "5.0.0",
                    "result": null,
                    "method": "blacklist",
                    "engine_update": "20220110"
                },
                "Cylance": {
                    "category": "type-unsupported",
                    "engine_name": "Cylance",
                    "engine_version": "2.3.1.101",
                    "result": null,
                    "method": "blacklist",
                    "engine_update": "20220110"
                },
                "Zoner": {
                    "category": "undetected",
                    "engine_name": "Zoner",
                    "engine_version": "2.2.2.0",
                    "result": null,
                    "method": "blacklist",
                    "engine_update": "20220109"
                },
                "Tencent": {
                    "category": "undetected",
                    "engine_name": "Tencent",
                    "engine_version": "1.0.0.1",
                    "result": null,
                    "method": "blacklist",
                    "engine_update": "20220110"
                },
                "Yandex": {
                    "category": "undetected",
                    "engine_name": "Yandex",
                    "engine_version": "5.5.2.24",
                    "result": null,
                    "method": "blacklist",
                    "engine_update": "20220110"
                },
                "TACHYON": {
                    "category": "undetected",
                    "engine_name": "TACHYON",
                    "engine_version": "2022-01-10.02",
                    "result": null,
                    "method": "blacklist",
                    "engine_update": "20220110"
                },
                "MaxSecure": {
                    "category": "undetected",
                    "engine_name": "MaxSecure",
                    "engine_version": "1.0.0.1",
                    "result": null,
                    "method": "blacklist",
                    "engine_update": "20220105"
                },
                "Fortinet": {
                    "category": "undetected",
                    "engine_name": "Fortinet",
                    "engine_version": "6.2.142.0",
                    "result": null,
                    "method": "blacklist",
                    "engine_update": "20220110"
                },
                "Cybereason": {
                    "category": "type-unsupported",
                    "engine_name": "Cybereason",
                    "engine_version": "1.2.449",
                    "result": null,
                    "method": "blacklist",
                    "engine_update": "20210330"
                },
                "Panda": {
                    "category": "undetected",
                    "engine_name": "Panda",
                    "engine_version": "4.6.4.2",
                    "result": null,
                    "method": "blacklist",
                    "engine_update": "20220110"
                },
                "CrowdStrike": {
                    "category": "type-unsupported",
                    "engine_name": "CrowdStrike",
                    "engine_version": "1.0",
                    "result": null,
                    "method": "blacklist",
                    "engine_update": "20210203"
                }
            },
            "sha256": "0002e110354e9dee0623370b209ff9a6a5d85b3010f261cc7099d52323dd9123",
            "type_extension": "apk",
            "tags": [
                "apk",
                "android",
                "runtime-modules",
                "contains-elf"
            ],
            "last_analysis_date": 1641822857,
            "unique_sources": 5,
            "first_submission_date": 1539069700,
            "sha1": "406b9d5b7304dc581b28fe75ce75eae18b4853dd",
            "ssdeep": "98304:QSmySmUSmuSmCSmKSmeLSuxmnxfaX+bLaUsQa9SV/oDvu3GguKNIztkGu:QSmySmUSmuSmCSmKSmeLSuQnxfaX+fXx",
            "bundle_info": {
                "highest_datetime": "2017-06-15 16:19:26",
                "lowest_datetime": "2014-03-20 20:28:44",
                "num_children": 165,
                "extensions": {
                    "xml": 42,
                    "dex": 1,
                    "MF": 1,
                    "RSA": 1,
                    "jpg": 3,
                    "dat": 4,
                    "gif": 1,
                    "so": 5,
                    "mp3": 1,
                    "wav": 1,
                    "SF": 1,
                    "png": 102,
                    "cod": 1
                },
                "file_types": {
                    "XML": 42,
                    "DEX": 1,
                    "unknown": 10,
                    "ELF": 5,
                    "JPG": 4,
                    "GIF": 1,
                    "MP3": 1,
                    "PNG": 101
                },
                "type": "APK",
                "uncompressed_size": 6239034
            },
            "packers": {
                "F-PROT": "appended"
            },
            "md5": "1612225868ba724f52e730503cb4f6a5",
            "androguard": {
                "VTAndroidInfo": 2.0,
                "AndroidApplicationError": false,
                "MinSdkVersion": "8",
                "AndroguardVersion": "3.4.0a1",
                "Activities": [
                    "com.bbt.music.bzly.bzly.SplashActivity",
                    "com.cmsc.cmmusic.common.CMMusicActivity",
                    "com.bbt.music.bzly.control.myweb.MyWebUrlActivityrlActivity",
                    "com.bbt.music.bzly.gumi.GuMiFragment",
                    "com.bbt.music.bzly.bzly.MainActivity",
                    "com.bbt.music.bzly.set.SetMainActivity",
                    "com.bbt.music.bzly.game.GameDetailActivity",
                    "com.bbt.music.bzly.game.GameMainActivity",
                    "com.bbt.music.bzly.app.AppDetailActivity",
                    "com.bbt.music.bzly.app.AppMainActivity",
                    "com.bbt.music.bzly.bizhi.BiZhiKindActivityndActivity",
                    "com.bbt.music.bzly.loadscreen.LockScreenActivity"
                ],
                "certificate": {
                    "Subject": {
                        "DN": "C:Unknown, CN:Unknown, L:Unknown, O:Unknown, ST:Unknown, OU:Unknown",
                        "C": "Unknown",
                        "CN": "Unknown",
                        "L": "Unknown",
                        "O": "Unknown",
                        "ST": "Unknown",
                        "OU": "Unknown"
                    },
                    "validto": "2036-12-09 09:55:58",
                    "serialnumber": "6e7c7e95",
                    "thumbprint": "8a65804620708ebaaefd897af087d0449db7b7cb",
                    "validfrom": "2016-12-14 09:55:58",
                    "Issuer": {
                        "DN": "C:Unknown, CN:Unknown, L:Unknown, O:Unknown, ST:Unknown, OU:Unknown",
                        "C": "Unknown",
                        "CN": "Unknown",
                        "L": "Unknown",
                        "O": "Unknown",
                        "ST": "Unknown",
                        "OU": "Unknown"
                    }
                },
                "AndroidApplication": 1,
                "RiskIndicator": {
                    "APK": {
                        "DEX": 1,
                        "SHARED LIBRARIES": 5
                    },
                    "PERM": {
                        "NORMAL": 8,
                        "DANGEROUS": 3,
                        "PRIVACY": 4,
                        "SMS": 1,
                        "MONEY": 1,
                        "INTERNET": 1,
                        "GPS": 2
                    }
                },
                "Services": [
                    "com.migu.sdk.service.MiguSdkService",
                    "com.bbt.music.bzly.lockscreen.service.NsLockService",
                    "com.bbt.music.bzly.lockscreen.service.KeepService"
                ],
                "AndroidVersionCode": "8",
                "main_activity": "com.bbt.music.bzly.bzly.SplashActivity",
                "Package": "com.bbt.music.bzly",
                "intent_filters": {
                    "Services": {
                        "com.bbt.music.bzly.lockscreen.service.KeepService": {
                            "action": [
                                "com.bbt.music.bzly.lockscreen.service.KeepService"
                            ]
                        },
                        "com.bbt.music.bzly.lockscreen.service.NsLockService": {
                            "action": [
                                "com.bbt.music.bzly.lockscreen.service.NsLockService"
                            ]
                        }
                    },
                    "Activities": {
                        "com.bbt.music.bzly.bzly.SplashActivity": {
                            "action": [
                                "android.intent.action.MAIN"
                            ],
                            "category": [
                                "android.intent.category.LAUNCHER"
                            ]
                        }
                    },
                    "Receivers": {
                        "com.bbt.music.bzly.lockscreen.receiver.BootCompletedReceiver": {
                            "action": [
                                "android.intent.action.BOOT_COMPLETED"
                            ],
                            "category": [
                                "android.intent.category.HOME"
                            ]
                        }
                    }
                },
                "AndroidVersionName": "1.8",
                "TargetSdkVersion": "19",
                "AndroidApplicationInfo": "APK",
                "permission_details": {
                    "android.permission.ACCESS_FINE_LOCATION": {
                        "short_description": "precise location (GPS and\n      network-based)",
                        "full_description": "Allows the app to get your\n      precise location using the Global Positioning System (GPS) or network\n      location sources such as cell towers and Wi-Fi. These location services\n      must be turned on and available to your device for the app to use them.\n      Apps may use this to determine where you are, and may consume additional\n      battery power.",
                        "permission_type": "dangerous"
                    },
                    "android.permission.SEND_SMS": {
                        "short_description": "send SMS messages",
                        "full_description": "Allows the app to send SMS messages.\n     This may result in unexpected charges. Malicious apps may cost you money by\n     sending messages without your confirmation.",
                        "permission_type": "dangerous"
                    },
                    "android.permission.DISABLE_KEYGUARD": {
                        "short_description": "disable your screen lock",
                        "full_description": "Allows the app to disable the\n      keylock and any associated password security.  For example, the phone\n      disables the keylock when receiving an incoming phone call, then\n      re-enables the keylock when the call is finished.",
                        "permission_type": "dangerous"
                    },
                    "android.permission.RECEIVE_BOOT_COMPLETED": {
                        "short_description": "run at startup",
                        "full_description": "Allows the app to\n        have itself started as soon as the system has finished booting.\n        This can make it take longer to start the phone and allow the\n        app to slow down the overall phone by always running.",
                        "permission_type": "normal"
                    },
                    "android.permission.READ_PHONE_STATE": {
                        "short_description": "read phone status and identity",
                        "full_description": "Allows the app to access the phone\n      features of the device.  This permission allows the app to determine the\n      phone number and device IDs, whether a call is active, and the remote number\n      connected by a call.",
                        "permission_type": "dangerous"
                    },
                    "android.permission.SYSTEM_ALERT_WINDOW": {
                        "short_description": "draw over other apps",
                        "full_description": "Allows the app to draw on top of other\n        applications or parts of the user interface.  They may interfere with your\n        use of the interface in any application, or change what you think you are\n        seeing in other applications.",
                        "permission_type": "dangerous"
                    },
                    "android.permission.KILL_BACKGROUND_PROCESSES": {
                        "short_description": "close other apps",
                        "full_description": "Allows the app to end\n      background processes of other apps.  This may cause other apps to stop\n      running.",
                        "permission_type": "normal"
                    },
                    "android.permission.ACCESS_NETWORK_STATE": {
                        "short_description": "view network connections",
                        "full_description": "Allows the app to view\n      information about network connections such as which networks exist and are\n      connected.",
                        "permission_type": "normal"
                    },
                    "android.permission.ACCESS_COARSE_LOCATION": {
                        "short_description": "approximate location\n      (network-based)",
                        "full_description": "Allows the app to get your\n      approximate location. This location is derived by location services using\n      network location sources such as cell towers and Wi-Fi. These location\n      services must be turned on and available to your device for the app to\n      use them. Apps may use this to determine approximately where you\n      are.",
                        "permission_type": "dangerous"
                    },
                    "android.permission.SET_WALLPAPER": {
                        "short_description": "set wallpaper",
                        "full_description": "Allows the app to set the system wallpaper.",
                        "permission_type": "normal"
                    },
                    "android.permission.VIBRATE": {
                        "short_description": "control vibration",
                        "full_description": "Allows the app to control the vibrator.",
                        "permission_type": "normal"
                    },
                    "android.permission.WRITE_SETTINGS": {
                        "short_description": "modify system settings",
                        "full_description": "Allows the app to modify the\n        system's settings data. Malicious apps may corrupt your system's\n        configuration.",
                        "permission_type": "normal"
                    },
                    "android.permission.ACCESS_WIFI_STATE": {
                        "short_description": "view Wi-Fi connections",
                        "full_description": "Allows the app to view information\n      about Wi-Fi networking, such as whether Wi-Fi is enabled and name of\n      connected Wi-Fi devices.",
                        "permission_type": "normal"
                    },
                    "android.permission.INTERNET": {
                        "short_description": "full network access",
                        "full_description": "Allows the app to create\n     network sockets and use custom network protocols. The browser and other\n     applications provide means to send data to the internet, so this\n     permission is not required to send data to the internet.",
                        "permission_type": "dangerous"
                    },
                    "android.permission.RESTART_PACKAGES": {
                        "short_description": "close other apps",
                        "full_description": "Allows the app to end\n      background processes of other apps.  This may cause other apps to stop\n      running.",
                        "permission_type": "normal"
                    },
                    "android.permission.WRITE_EXTERNAL_STORAGE": {
                        "short_description": "modify or delete the contents of your SD card",
                        "full_description": "Allows the app to write to the SD card.",
                        "permission_type": "dangerous"
                    },
                    "android.permission.READ_CONTACTS": {
                        "short_description": "read your contacts",
                        "full_description": "Allows the app to\n      read data about your contacts stored on your phone, including the\n      frequency with which you've called, emailed, or communicated in other ways\n      with specific individuals. This permission allows apps to save your\n      contact data, and malicious apps may share contact data without your\n      knowledge.",
                        "permission_type": "dangerous"
                    }
                },
                "Receivers": [
                    "com.bbt.music.bzly.lockscreen.receiver.BootCompletedReceiver"
                ],
                "StringsInformation": [
                    "http://182.92.10.192:5035/tianreadbk/",
                    "http://182.92.10.192:5035/tianreadbk//clientAction!getAppDetail.do",
                    "http://182.92.10.192:5035/tianreadbk//clientAction!getAppList.do",
                    "http://182.92.10.192:5035/tianreadbk//clientAction!getBiZhiHome.do",
                    "http://182.92.10.192:5035/tianreadbk//clientAction!getGameDetail.do",
                    "http://182.92.10.192:5035/tianreadbk//clientAction!getGameList.do",
                    "http://182.92.10.192:5035/tianreadbk//clientAction!getHome.do",
                    "http://182.92.10.192:5035/tianreadbk//clientAction!getKindList.do",
                    "http://182.92.10.192:5035/tianreadbk//clientAction!getLingYinHot.do",
                    "http://182.92.10.192:5035/tianreadbk//clientAction!getSuoPingHot.do",
                    "http://182.92.10.192:5035/tianreadbk//clientAction!setBizhi.do",
                    "http://182.92.10.192:5035/tianreadbk//clientAction!setLingYin.do",
                    "http://182.92.10.192:5035/tianreadbk//clientAction!setSuoPing.do",
                    "http://182.92.10.192:5035/tianreadbk//userAction!login.do",
                    "http://218.200.227.123:95/sdkServer/1.0",
                    "http://218.200.227.123:95/sdkServer/1.0/album/crbt/open",
                    "http://218.200.227.123:95/sdkServer/1.0/album/memlv3/open",
                    "http://218.200.227.123:95/sdkServer/1.0/album/order",
                    "http://218.200.227.123:95/sdkServer/1.0/album/orderCount",
                    "http://218.200.227.123:95/sdkServer/1.0/album/present",
                    "http://218.200.227.123:95/sdkServer/1.0/cp/cancel",
                    "http://218.200.227.123:95/sdkServer/1.0/cp/open",
                    "http://218.200.227.123:95/sdkServer/1.0/cp/query",
                    "http://218.200.227.123:95/sdkServer/1.0/cp/rdownlink",
                    "http://218.200.227.123:95/sdkServer/1.0/cp/sdownlink",
                    "http://218.200.227.123:95/sdkServer/1.0/cp/serviceEx",
                    "http://218.200.227.123:95/sdkServer/1.0/cp/timerdownlink",
                    "http://218.200.227.123:95/sdkServer/1.0/cp/timesdownlink",
                    "http://218.200.227.123:95/sdkServer/1.0/crbt/askfor",
                    "http://218.200.227.123:95/sdkServer/1.0/crbt/box/default",
                    "http://218.200.227.123:95/sdkServer/1.0/crbt/box/delete",
                    "http://218.200.227.123:95/sdkServer/1.0/crbt/box/query",
                    "http://218.200.227.123:95/sdkServer/1.0/crbt/crbtbox/order",
                    "http://218.200.227.123:95/sdkServer/1.0/crbt/crbtbox/query",
                    "http://218.200.227.123:95/sdkServer/1.0/crbt/create/personal/tone/box",
                    "http://218.200.227.123:95/sdkServer/1.0/crbt/del/personal/tone/box",
                    "http://218.200.227.123:95/sdkServer/1.0/crbt/getValidateCode",
                    "http://218.200.227.123:95/sdkServer/1.0/crbt/modify/personal/tone/box",
                    "http://218.200.227.123:95/sdkServer/1.0/crbt/month/policy",
                    "http://218.200.227.123:95/sdkServer/1.0/crbt/msisdn/query",
                    "http://218.200.227.123:95/sdkServer/1.0/crbt/open",
                    "http://218.200.227.123:95/sdkServer/1.0/crbt/open/check",
                    "http://218.200.227.123:95/sdkServer/1.0/crbt/openmonth",
                    "http://218.200.227.123:95/sdkServer/1.0/crbt/order",
                    "http://218.200.227.123:95/sdkServer/1.0/crbt/orderbackmonth",
                    "http://218.200.227.123:95/sdkServer/1.0/crbt/policy",
                    "http://218.200.227.123:95/sdkServer/1.0/crbt/prelisten",
                    "http://218.200.227.123:95/sdkServer/1.0/crbt/present",
                    "http://218.200.227.123:95/sdkServer/1.0/crbt/query/personal/tone/box",
                    "http://218.200.227.123:95/sdkServer/1.0/crbt/query/personal/tone/box/music",
                    "http://218.200.227.123:95/sdkServer/1.0/crbt/querymonth",
                    "http://218.200.227.123:95/sdkServer/1.0/crbt/simpMemberOrder",
                    "http://218.200.227.123:95/sdkServer/1.0/crbt/simpOrder",
                    "http://218.200.227.123:95/sdkServer/1.0/crbt/smsAuthLoginValidate",
                    "http://218.200.227.123:95/sdkServer/1.0/crbt/smsLoginAuth",
                    "http://218.200.227.123:95/sdkServer/1.0/diycrbt/bgMusic",
                    "http://218.200.227.123:95/sdkServer/1.0/diycrbt/cancelMonth",
                    "http://218.200.227.123:95/sdkServer/1.0/diycrbt/createRing",
                    "http://218.200.227.123:95/sdkServer/1.0/diycrbt/openOrderMonth",
                    "http://218.200.227.123:95/sdkServer/1.0/diycrbt/orderDiycrbt",
                    "http://218.200.227.123:95/sdkServer/1.0/diycrbt/orderMonth",
                    "http://218.200.227.123:95/sdkServer/1.0/diycrbt/queryMonth",
                    "http://218.200.227.123:95/sdkServer/1.0/diycrbt/upload",
                    "http://218.200.227.123:95/sdkServer/1.0/diycrbt/upload?",
                    "http://218.200.227.123:95/sdkServer/1.0/exclusive/open",
                    "http://218.200.227.123:95/sdkServer/1.0/mon/bizInfo",
                    "http://218.200.227.123:95/sdkServer/1.0/mv/cancel",
                    "http://218.200.227.123:95/sdkServer/1.0/mv/downlink",
                    "http://218.200.227.123:95/sdkServer/1.0/mv/open",
                    "http://218.200.227.123:95/sdkServer/1.0/mv/policy",
                    "http://218.200.227.123:95/sdkServer/1.0/mv/query",
                    "http://218.200.227.123:95/sdkServer/1.0/pay/account/bank",
                    "http://218.200.227.123:95/sdkServer/1.0/pay/account/paymentInfo",
                    "http://218.200.227.123:95/sdkServer/1.0/pay/account/query",
                    "http://218.200.227.123:95/sdkServer/1.0/pay/account/recharge",
                    "http://218.200.227.123:95/sdkServer/1.0/pay/account/transfer",
                    "http://218.200.227.123:95/sdkServer/1.0/pay/account/transferInfo",
                    "http://218.200.227.123:95/sdkServer/1.0/pay/member/check",
                    "http://218.200.227.123:95/sdkServer/1.0/pay/member/login",
                    "http://218.200.227.123:95/sdkServer/1.0/pay/member/query",
                    "http://218.200.227.123:95/sdkServer/1.0/pay/member/register",
                    "http://218.200.227.123:95/sdkServer/1.0/pay/member/update",
                    "http://218.200.227.123:95/sdkServer/1.0/pay/order/open",
                    "http://218.200.227.123:95/sdkServer/1.0/pay/order/policy",
                    "http://218.200.227.123:95/sdkServer/1.0/pay/order/rdownlink",
                    "http://218.200.227.123:95/sdkServer/1.0/pay/order/sdownlink",
                    "http://218.200.227.123:95/sdkServer/1.0/recommond/coop",
                    "http://218.200.227.123:95/sdkServer/1.0/recommond/msisdn",
                    "http://218.200.227.123:95/sdkServer/1.0/recommond/music",
                    "http://218.200.227.123:95/sdkServer/1.0/recommond/singer",
                    "http://218.200.227.123:95/sdkServer/1.0/ring/downlink",
                    "http://218.200.227.123:95/sdkServer/1.0/ring/policy",
                    "http://218.200.227.123:95/sdkServer/1.0/ring/present",
                    "http://218.200.227.123:95/sdkServer/1.0/ring/query",
                    "http://218.200.227.123:95/sdkServer/1.0/search/album/listbymusic",
                    "http://218.200.227.123:95/sdkServer/1.0/search/album/listbysinger",
                    "http://218.200.227.123:95/sdkServer/1.0/search/chart/list",
                    "http://218.200.227.123:95/sdkServer/1.0/search/music/listbyalbum",
                    "http://218.200.227.123:95/sdkServer/1.0/search/music/listbychart",
                    "http://218.200.227.123:95/sdkServer/1.0/search/music/listbykey"
                ]
            },
            "magic": "Zip archive data, at least v2.0 to extract",
            "last_analysis_stats": {
                "harmless": 0,
                "type-unsupported": 9,
                "suspicious": 0,
                "confirmed-timeout": 0,
                "timeout": 0,
                "failure": 3,
                "malicious": 8,
                "undetected": 53
            },
            "meaningful_name": "0002E110354E9DEE0623370B209FF9A6A5D85B3010F261CC7099D52323DD9123.apk",
            "reputation": 0
        },
        "type": "file",
        "id": "0002e110354e9dee0623370b209ff9a6a5d85b3010f261cc7099d52323dd9123",
        "links": {
            "self": "https://www.virustotal.com/api/v3/files/0002e110354e9dee0623370b209ff9a6a5d85b3010f261cc7099d52323dd9123"
        }
    }
}