{
    "data": {
        "attributes": {
            "type_description": "Android",
            "tlsh": "T126962382F3D8BC1FCD37D4324BA5072A5656AD0AC782E3071664B22C5DBBAD84F45ED8",
            "vhash": "daae1b1a1c26c972be4f3c18cdd0f0ef",
            "trid": [
                {
                    "file_type": "Android Package",
                    "probability": 57.0
                },
                {
                    "file_type": "Java Archive",
                    "probability": 20.0
                },
                {
                    "file_type": "Sweet Home 3D design (generic)",
                    "probability": 15.5
                },
                {
                    "file_type": "ZIP compressed archive",
                    "probability": 5.9
                },
                {
                    "file_type": "PrintFox/Pagefox bitmap (640x800)",
                    "probability": 1.4
                }
            ],
            "names": [
                "00048A543F897FA9D895F5FD7FF1EB6E55D23D982E6619D703AB69289D157BCB.apk"
            ],
            "last_modification_date": 1657696850,
            "type_tag": "android",
            "times_submitted": 2,
            "total_votes": {
                "harmless": 0,
                "malicious": 0
            },
            "size": 9147473,
            "type_extension": "apk",
            "last_submission_date": 1648142672,
            "last_analysis_results": {
                "Bkav": {
                    "category": "undetected",
                    "engine_name": "Bkav",
                    "engine_version": "1.3.0.9899",
                    "result": null,
                    "method": "blacklist",
                    "engine_update": "20220713"
                },
                "Lionic": {
                    "category": "undetected",
                    "engine_name": "Lionic",
                    "engine_version": "7.5",
                    "result": null,
                    "method": "blacklist",
                    "engine_update": "20220713"
                },
                "tehtris": {
                    "category": "type-unsupported",
                    "engine_name": "tehtris",
                    "engine_version": "v0.1.4",
                    "result": null,
                    "method": "blacklist",
                    "engine_update": "20220713"
                },
                "DrWeb": {
                    "category": "timeout",
                    "engine_name": "DrWeb",
                    "engine_version": "7.0.56.4040",
                    "result": null,
                    "method": "blacklist",
                    "engine_update": "20220713"
                },
                "MicroWorld-eScan": {
                    "category": "undetected",
                    "engine_name": "MicroWorld-eScan",
                    "engine_version": "14.0.409.0",
                    "result": null,
                    "method": "blacklist",
                    "engine_update": "20220713"
                },
                "FireEye": {
                    "category": "timeout",
                    "engine_name": "FireEye",
                    "engine_version": "35.24.1.0",
                    "result": null,
                    "method": "blacklist",
                    "engine_update": "20220713"
                },
                "CAT-QuickHeal": {
                    "category": "undetected",
                    "engine_name": "CAT-QuickHeal",
                    "engine_version": "14.00",
                    "result": null,
                    "method": "blacklist",
                    "engine_update": "20220712"
                },
                "McAfee": {
                    "category": "undetected",
                    "engine_name": "McAfee",
                    "engine_version": "6.0.6.653",
                    "result": null,
                    "method": "blacklist",
                    "engine_update": "20220713"
                },
                "Malwarebytes": {
                    "category": "undetected",
                    "engine_name": "Malwarebytes",
                    "engine_version": "4.3.3.37",
                    "result": null,
                    "method": "blacklist",
                    "engine_update": "20220713"
                },
                "Zillya": {
                    "category": "undetected",
                    "engine_name": "Zillya",
                    "engine_version": "2.0.0.4669",
                    "result": null,
                    "method": "blacklist",
                    "engine_update": "20220712"
                },
                "Sangfor": {
                    "category": "undetected",
                    "engine_name": "Sangfor",
                    "engine_version": "2.14.0.0",
                    "result": null,
                    "method": "blacklist",
                    "engine_update": "20220602"
                },
                "Trustlook": {
                    "category": "undetected",
                    "engine_name": "Trustlook",
                    "engine_version": "1.0",
                    "result": null,
                    "method": "blacklist",
                    "engine_update": "20220713"
                },
                "BitDefender": {
                    "category": "timeout",
                    "engine_name": "BitDefender",
                    "engine_version": "7.2",
                    "result": null,
                    "method": "blacklist",
                    "engine_update": "20220713"
                },
                "K7GW": {
                    "category": "undetected",
                    "engine_name": "K7GW",
                    "engine_version": "12.25.43299",
                    "result": null,
                    "method": "blacklist",
                    "engine_update": "20220713"
                },
                "K7AntiVirus": {
                    "category": "undetected",
                    "engine_name": "K7AntiVirus",
                    "engine_version": "12.25.43299",
                    "result": null,
                    "method": "blacklist",
                    "engine_update": "20220713"
                },
                "Baidu": {
                    "category": "undetected",
                    "engine_name": "Baidu",
                    "engine_version": "1.0.0.2",
                    "result": null,
                    "method": "blacklist",
                    "engine_update": "20190318"
                },
                "VirIT": {
                    "category": "undetected",
                    "engine_name": "VirIT",
                    "engine_version": "9.5.236",
                    "result": null,
                    "method": "blacklist",
                    "engine_update": "20220712"
                },
                "Cyren": {
                    "category": "timeout",
                    "engine_name": "Cyren",
                    "engine_version": "6.5.1.2",
                    "result": null,
                    "method": "blacklist",
                    "engine_update": "20220713"
                },
                "SymantecMobileInsight": {
                    "category": "undetected",
                    "engine_name": "SymantecMobileInsight",
                    "engine_version": "2.0",
                    "result": null,
                    "method": "blacklist",
                    "engine_update": "20220208"
                },
                "Symantec": {
                    "category": "undetected",
                    "engine_name": "Symantec",
                    "engine_version": "1.17.0.0",
                    "result": null,
                    "method": "blacklist",
                    "engine_update": "20220713"
                },
                "Elastic": {
                    "category": "type-unsupported",
                    "engine_name": "Elastic",
                    "engine_version": "4.0.40",
                    "result": null,
                    "method": "blacklist",
                    "engine_update": "20220623"
                },
                "ESET-NOD32": {
                    "category": "undetected",
                    "engine_name": "ESET-NOD32",
                    "engine_version": "25581",
                    "result": null,
                    "method": "blacklist",
                    "engine_update": "20220713"
                },
                "APEX": {
                    "category": "type-unsupported",
                    "engine_name": "APEX",
                    "engine_version": "6.311",
                    "result": null,
                    "method": "blacklist",
                    "engine_update": "20220710"
                },
                "TrendMicro-HouseCall": {
                    "category": "undetected",
                    "engine_name": "TrendMicro-HouseCall",
                    "engine_version": "10.0.0.1040",
                    "result": null,
                    "method": "blacklist",
                    "engine_update": "20220713"
                },
                "Avast": {
                    "category": "timeout",
                    "engine_name": "Avast",
                    "engine_version": "21.1.5827.0",
                    "result": null,
                    "method": "blacklist",
                    "engine_update": "20220713"
                },
                "ClamAV": {
                    "category": "undetected",
                    "engine_name": "ClamAV",
                    "engine_version": "0.105.0.0",
                    "result": null,
                    "method": "blacklist",
                    "engine_update": "20220712"
                },
                "Kaspersky": {
                    "category": "timeout",
                    "engine_name": "Kaspersky",
                    "engine_version": "21.0.1.45",
                    "result": null,
                    "method": "blacklist",
                    "engine_update": "20220713"
                },
                "Alibaba": {
                    "category": "undetected",
                    "engine_name": "Alibaba",
                    "engine_version": "0.3.0.5",
                    "result": null,
                    "method": "blacklist",
                    "engine_update": "20190527"
                },
                "NANO-Antivirus": {
                    "category": "undetected",
                    "engine_name": "NANO-Antivirus",
                    "engine_version": "1.0.146.25618",
                    "result": null,
                    "method": "blacklist",
                    "engine_update": "20220713"
                },
                "SUPERAntiSpyware": {
                    "category": "undetected",
                    "engine_name": "SUPERAntiSpyware",
                    "engine_version": "5.6.0.1032",
                    "result": null,
                    "method": "blacklist",
                    "engine_update": "20220709"
                },
                "Rising": {
                    "category": "timeout",
                    "engine_name": "Rising",
                    "engine_version": "25.0.0.27",
                    "result": null,
                    "method": "blacklist",
                    "engine_update": "20220713"
                },
                "Ad-Aware": {
                    "category": "undetected",
                    "engine_name": "Ad-Aware",
                    "engine_version": "3.0.21.193",
                    "result": null,
                    "method": "blacklist",
                    "engine_update": "20220713"
                },
                "TACHYON": {
                    "category": "undetected",
                    "engine_name": "TACHYON",
                    "engine_version": "2022-07-13.01",
                    "result": null,
                    "method": "blacklist",
                    "engine_update": "20220713"
                },
                "Sophos": {
                    "category": "timeout",
                    "engine_name": "Sophos",
                    "engine_version": "1.4.1.0",
                    "result": null,
                    "method": "blacklist",
                    "engine_update": "20220713"
                },
                "Comodo": {
                    "category": "timeout",
                    "engine_name": "Comodo",
                    "engine_version": null,
                    "result": null,
                    "method": "blacklist",
                    "engine_update": "20220713"
                },
                "F-Secure": {
                    "category": "undetected",
                    "engine_name": "F-Secure",
                    "engine_version": "18.10.978.51",
                    "result": null,
                    "method": "blacklist",
                    "engine_update": "20220713"
                },
                "BitDefenderTheta": {
                    "category": "timeout",
                    "engine_name": "BitDefenderTheta",
                    "engine_version": "7.2.37796.0",
                    "result": null,
                    "method": "blacklist",
                    "engine_update": "20220705"
                },
                "VIPRE": {
                    "category": "undetected",
                    "engine_name": "VIPRE",
                    "engine_version": "6.0.0.35",
                    "result": null,
                    "method": "blacklist",
                    "engine_update": "20220712"
                },
                "TrendMicro": {
                    "category": "timeout",
                    "engine_name": "TrendMicro",
                    "engine_version": "11.0.0.1006",
                    "result": null,
                    "method": "blacklist",
                    "engine_update": "20220713"
                },
                "McAfee-GW-Edition": {
                    "category": "timeout",
                    "engine_name": "McAfee-GW-Edition",
                    "engine_version": null,
                    "result": null,
                    "method": "blacklist",
                    "engine_update": "20220713"
                },
                "SentinelOne": {
                    "category": "type-unsupported",
                    "engine_name": "SentinelOne",
                    "engine_version": "22.2.1.2",
                    "result": null,
                    "method": "blacklist",
                    "engine_update": "20220330"
                },
                "Trapmine": {
                    "category": "type-unsupported",
                    "engine_name": "Trapmine",
                    "engine_version": "3.5.48.101",
                    "result": null,
                    "method": "blacklist",
                    "engine_update": "20220707"
                },
                "Emsisoft": {
                    "category": "undetected",
                    "engine_name": "Emsisoft",
                    "engine_version": "2021.5.0.7597",
                    "result": null,
                    "method": "blacklist",
                    "engine_update": "20220713"
                },
                "Paloalto": {
                    "category": "type-unsupported",
                    "engine_name": "Paloalto",
                    "engine_version": "0.9.0.1003",
                    "result": null,
                    "method": "blacklist",
                    "engine_update": "20220713"
                },
                "GData": {
                    "category": "timeout",
                    "engine_name": "GData",
                    "engine_version": null,
                    "result": null,
                    "method": "blacklist",
                    "engine_update": "20220713"
                },
                "Jiangmin": {
                    "category": "timeout",
                    "engine_name": "Jiangmin",
                    "engine_version": null,
                    "result": null,
                    "method": "blacklist",
                    "engine_update": "20220712"
                },
                "Webroot": {
                    "category": "type-unsupported",
                    "engine_name": "Webroot",
                    "engine_version": "1.0.0.403",
                    "result": null,
                    "method": "blacklist",
                    "engine_update": "20220713"
                },
                "Avira": {
                    "category": "undetected",
                    "engine_name": "Avira",
                    "engine_version": "8.3.3.14",
                    "result": null,
                    "method": "blacklist",
                    "engine_update": "20220712"
                },
                "Antiy-AVL": {
                    "category": "undetected",
                    "engine_name": "Antiy-AVL",
                    "engine_version": "3.0",
                    "result": null,
                    "method": "blacklist",
                    "engine_update": "20220713"
                },
                "Kingsoft": {
                    "category": "undetected",
                    "engine_name": "Kingsoft",
                    "engine_version": "2017.9.26.565",
                    "result": null,
                    "method": "blacklist",
                    "engine_update": "20220713"
                },
                "Microsoft": {
                    "category": "timeout",
                    "engine_name": "Microsoft",
                    "engine_version": "1.1.19400.3",
                    "result": null,
                    "method": "blacklist",
                    "engine_update": "20220713"
                },
                "Gridinsoft": {
                    "category": "undetected",
                    "engine_name": "Gridinsoft",
                    "engine_version": "1.0.84.174",
                    "result": null,
                    "method": "blacklist",
                    "engine_update": "20220713"
                },
                "Arcabit": {
                    "category": "undetected",
                    "engine_name": "Arcabit",
                    "engine_version": "1.0.0.889",
                    "result": null,
                    "method": "blacklist",
                    "engine_update": "20220713"
                },
                "ViRobot": {
                    "category": "undetected",
                    "engine_name": "ViRobot",
                    "engine_version": "2014.3.20.0",
                    "result": null,
                    "method": "blacklist",
                    "engine_update": "20220712"
                },
                "ZoneAlarm": {
                    "category": "timeout",
                    "engine_name": "ZoneAlarm",
                    "engine_version": "1.0",
                    "result": null,
                    "method": "blacklist",
                    "engine_update": "20220713"
                },
                "Avast-Mobile": {
                    "category": "undetected",
                    "engine_name": "Avast-Mobile",
                    "engine_version": "220712-00",
                    "result": null,
                    "method": "blacklist",
                    "engine_update": "20220712"
                },
                "Cynet": {
                    "category": "undetected",
                    "engine_name": "Cynet",
                    "engine_version": "4.0.0.27",
                    "result": null,
                    "method": "blacklist",
                    "engine_update": "20220712"
                },
                "BitDefenderFalx": {
                    "category": "undetected",
                    "engine_name": "BitDefenderFalx",
                    "engine_version": "2.0.936",
                    "result": null,
                    "method": "blacklist",
                    "engine_update": "20220103"
                },
                "AhnLab-V3": {
                    "category": "undetected",
                    "engine_name": "AhnLab-V3",
                    "engine_version": "3.22.1.10283",
                    "result": null,
                    "method": "blacklist",
                    "engine_update": "20220712"
                },
                "Acronis": {
                    "category": "undetected",
                    "engine_name": "Acronis",
                    "engine_version": "1.2.0.108",
                    "result": null,
                    "method": "blacklist",
                    "engine_update": "20220426"
                },
                "VBA32": {
                    "category": "undetected",
                    "engine_name": "VBA32",
                    "engine_version": "5.0.0",
                    "result": null,
                    "method": "blacklist",
                    "engine_update": "20220712"
                },
                "ALYac": {
                    "category": "timeout",
                    "engine_name": "ALYac",
                    "engine_version": "1.1.3.1",
                    "result": null,
                    "method": "blacklist",
                    "engine_update": "20220713"
                },
                "MAX": {
                    "category": "undetected",
                    "engine_name": "MAX",
                    "engine_version": "2019.9.16.1",
                    "result": null,
                    "method": "blacklist",
                    "engine_update": "20220713"
                },
                "Cylance": {
                    "category": "type-unsupported",
                    "engine_name": "Cylance",
                    "engine_version": "2.3.1.101",
                    "result": null,
                    "method": "blacklist",
                    "engine_update": "20220713"
                },
                "Zoner": {
                    "category": "undetected",
                    "engine_name": "Zoner",
                    "engine_version": "2.2.2.0",
                    "result": null,
                    "method": "blacklist",
                    "engine_update": "20220712"
                },
                "Tencent": {
                    "category": "malicious",
                    "engine_name": "Tencent",
                    "engine_version": "1.0.0.1",
                    "result": "a.gray.inventor.a",
                    "method": "blacklist",
                    "engine_update": "20220713"
                },
                "Yandex": {
                    "category": "undetected",
                    "engine_name": "Yandex",
                    "engine_version": "5.5.2.24",
                    "result": null,
                    "method": "blacklist",
                    "engine_update": "20220712"
                },
                "Ikarus": {
                    "category": "undetected",
                    "engine_name": "Ikarus",
                    "engine_version": "6.0.24.0",
                    "result": null,
                    "method": "blacklist",
                    "engine_update": "20220712"
                },
                "MaxSecure": {
                    "category": "undetected",
                    "engine_name": "MaxSecure",
                    "engine_version": "1.0.0.1",
                    "result": null,
                    "method": "blacklist",
                    "engine_update": "20220712"
                },
                "Fortinet": {
                    "category": "undetected",
                    "engine_name": "Fortinet",
                    "engine_version": "6.2.142.0",
                    "result": null,
                    "method": "blacklist",
                    "engine_update": "20220713"
                },
                "AVG": {
                    "category": "timeout",
                    "engine_name": "AVG",
                    "engine_version": "21.1.5827.0",
                    "result": null,
                    "method": "blacklist",
                    "engine_update": "20220713"
                },
                "Cybereason": {
                    "category": "type-unsupported",
                    "engine_name": "Cybereason",
                    "engine_version": "1.2.449",
                    "result": null,
                    "method": "blacklist",
                    "engine_update": "20210330"
                },
                "Panda": {
                    "category": "undetected",
                    "engine_name": "Panda",
                    "engine_version": "4.6.4.2",
                    "result": null,
                    "method": "blacklist",
                    "engine_update": "20220712"
                },
                "CrowdStrike": {
                    "category": "type-unsupported",
                    "engine_name": "CrowdStrike",
                    "engine_version": "1.0",
                    "result": null,
                    "method": "blacklist",
                    "engine_update": "20220418"
                }
            },
            "sha256": "00048a543f897fa9d895f5fd7ff1eb6e55d23d982e6619d703ab69289d157bcb",
            "tags": [
                "apk",
                "android",
                "runtime-modules",
                "reflection"
            ],
            "last_analysis_date": 1657688649,
            "unique_sources": 2,
            "first_submission_date": 1597244997,
            "sha1": "5120ea28a9fce4e47305045e92123eb3b67174b8",
            "ssdeep": "196608:gLLs16dxDPJB00TsAXO0kmDWEFa4OWN48VoVnTGeZQY1DRpREIk9X5:gXFPb00XO0kScyDVHY1djA9X5",
            "bundle_info": {
                "highest_datetime": "2020-07-17 14:16:58",
                "lowest_datetime": "1980-01-01 00:00:00",
                "num_children": 614,
                "extensions": {
                    "xml": 296,
                    "dex": 7,
                    "MF": 1,
                    "RSA": 1,
                    "SF": 1,
                    "ttf": 7,
                    "png": 300
                },
                "file_types": {
                    "XML": 296,
                    "unknown": 11,
                    "DEX": 7,
                    "PNG": 300
                },
                "type": "APK",
                "uncompressed_size": 22547571
            },
            "md5": "e62493b78575324022d861727f03baa4",
            "androguard": {
                "VTAndroidInfo": 2.0,
                "Libraries": [
                    "org.apache.http.legacy"
                ],
                "AndroidApplicationError": false,
                "MinSdkVersion": "19",
                "AndroguardVersion": "3.4.0a1",
                "Activities": [
                    "io.kodular.shtpmk04.LoanRaja.Screen1",
                    "io.kodular.shtpmk04.LoanRaja.S2",
                    "io.kodular.shtpmk04.LoanRaja.S4",
                    "io.kodular.shtpmk04.LoanRaja.S3",
                    "io.kodular.shtpmk04.LoanRaja.S1",
                    "io.kodular.shtpmk04.LoanRaja.S11",
                    "io.kodular.shtpmk04.LoanRaja.S9",
                    "io.kodular.shtpmk04.LoanRaja.S7",
                    "io.kodular.shtpmk04.LoanRaja.Sbank",
                    "io.kodular.shtpmk04.LoanRaja.pr1",
                    "io.kodular.shtpmk04.LoanRaja.Screen2",
                    "io.kodular.shtpmk04.LoanRaja.S14",
                    "io.kodular.shtpmk04.LoanRaja.S8",
                    "io.kodular.shtpmk04.LoanRaja.S12",
                    "io.kodular.shtpmk04.LoanRaja.S10",
                    "com.adcolony.sdk.AdColonyInterstitialActivity",
                    "com.unity3d.services.ads.adunit.AdUnitActivity",
                    "com.unity3d.services.ads.adunit.AdUnitTransparentActivity",
                    "com.unity3d.services.ads.adunit.AdUnitTransparentSoftwareActivity",
                    "com.unity3d.services.ads.adunit.AdUnitSoftwareActivity",
                    "com.applovin.adview.AppLovinInterstitialActivity",
                    "com.applovin.adview.AppLovinConfirmationActivity",
                    "com.facebook.ads.AudienceNetworkActivity",
                    "com.facebook.ads.InterstitialAdActivity",
                    "com.google.android.gms.common.api.GoogleApiActivity",
                    "com.google.android.gms.auth.api.signin.internal.SignInHubActivity",
                    "com.google.firebase.auth.internal.FederatedSignInActivity",
                    "yt.DeepHost.PayTm.Selling.PayTmWebview"
                ],
                "certificate": {
                    "Subject": {
                        "DN": "C:US, CN:Android, L:Mountain View, O:Google Inc., ST:California, OU:Android",
                        "C": "US",
                        "CN": "Android",
                        "L": "Mountain View",
                        "O": "Google Inc.",
                        "ST": "California",
                        "OU": "Android"
                    },
                    "validto": "2049-12-16 09:07:56",
                    "serialnumber": "263b49edd187c01c84922010cf0e1446be4d9b9a",
                    "thumbprint": "0c4a7b78986a89689d487ea7f96b090911d9b464",
                    "validfrom": "2019-12-16 09:07:56",
                    "Issuer": {
                        "DN": "C:US, CN:Android, L:Mountain View, O:Google Inc., ST:California, OU:Android",
                        "C": "US",
                        "CN": "Android",
                        "L": "Mountain View",
                        "O": "Google Inc.",
                        "ST": "California",
                        "OU": "Android"
                    }
                },
                "AndroidApplication": 1,
                "RiskIndicator": {
                    "APK": {
                        "DEX": 7
                    },
                    "PERM": {
                        "DANGEROUS": 2,
                        "NORMAL": 3,
                        "INSTANT": 2,
                        "INTERNET": 1
                    }
                },
                "Services": [
                    "com.google.android.gms.auth.api.signin.RevocationBoundService",
                    "com.google.firebase.components.ComponentDiscoveryService"
                ],
                "AndroidVersionCode": "69",
                "main_activity": "io.kodular.shtpmk04.LoanRaja.Screen1",
                "Package": "com.loan.cash",
                "intent_filters": {
                    "Activities": {
                        "io.kodular.shtpmk04.LoanRaja.Screen1": {
                            "action": [
                                "android.intent.action.MAIN"
                            ],
                            "category": [
                                "android.intent.category.LAUNCHER"
                            ]
                        },
                        "io.kodular.shtpmk04.LoanRaja.S14": {
                            "action": [
                                "android.intent.action.MAIN"
                            ]
                        },
                        "io.kodular.shtpmk04.LoanRaja.Sbank": {
                            "action": [
                                "android.intent.action.MAIN"
                            ]
                        },
                        "io.kodular.shtpmk04.LoanRaja.Screen2": {
                            "action": [
                                "android.intent.action.MAIN"
                            ]
                        },
                        "io.kodular.shtpmk04.LoanRaja.S11": {
                            "action": [
                                "android.intent.action.MAIN"
                            ]
                        },
                        "io.kodular.shtpmk04.LoanRaja.S10": {
                            "action": [
                                "android.intent.action.MAIN"
                            ]
                        },
                        "io.kodular.shtpmk04.LoanRaja.S12": {
                            "action": [
                                "android.intent.action.MAIN"
                            ]
                        },
                        "io.kodular.shtpmk04.LoanRaja.S9": {
                            "action": [
                                "android.intent.action.MAIN"
                            ]
                        },
                        "io.kodular.shtpmk04.LoanRaja.S8": {
                            "action": [
                                "android.intent.action.MAIN"
                            ]
                        },
                        "io.kodular.shtpmk04.LoanRaja.pr1": {
                            "action": [
                                "android.intent.action.MAIN"
                            ]
                        },
                        "io.kodular.shtpmk04.LoanRaja.S1": {
                            "action": [
                                "android.intent.action.MAIN"
                            ]
                        },
                        "io.kodular.shtpmk04.LoanRaja.S3": {
                            "action": [
                                "android.intent.action.MAIN"
                            ]
                        },
                        "io.kodular.shtpmk04.LoanRaja.S2": {
                            "action": [
                                "android.intent.action.MAIN"
                            ]
                        },
                        "io.kodular.shtpmk04.LoanRaja.S4": {
                            "action": [
                                "android.intent.action.MAIN"
                            ]
                        },
                        "io.kodular.shtpmk04.LoanRaja.S7": {
                            "action": [
                                "android.intent.action.MAIN"
                            ]
                        }
                    }
                },
                "AndroidVersionName": "1.4.69",
                "TargetSdkVersion": "28",
                "AndroidApplicationInfo": "APK",
                "Providers": [
                    "com.google.firebase.provider.FirebaseInitProvider",
                    "android.support.v4.content.FileProvider"
                ],
                "permission_details": {
                    "android.permission.READ_EXTERNAL_STORAGE": {
                        "short_description": "read the contents of your SD card",
                        "full_description": "Allows the app to read the contents of your SD card.",
                        "permission_type": "dangerous"
                    },
                    "com.google.android.c2dm.permission.RECEIVE": {
                        "short_description": "Unknown permission from android reference",
                        "full_description": "Unknown permission from android reference",
                        "permission_type": "normal"
                    },
                    "android.permission.ACCESS_WIFI_STATE": {
                        "short_description": "view Wi-Fi connections",
                        "full_description": "Allows the app to view information\n      about Wi-Fi networking, such as whether Wi-Fi is enabled and name of\n      connected Wi-Fi devices.",
                        "permission_type": "normal"
                    },
                    "android.permission.ACCESS_NETWORK_STATE": {
                        "short_description": "view network connections",
                        "full_description": "Allows the app to view\n      information about network connections such as which networks exist and are\n      connected.",
                        "permission_type": "normal|instant"
                    },
                    "android.permission.WAKE_LOCK": {
                        "short_description": "prevent phone from sleeping",
                        "full_description": "Allows the app to prevent the phone from going to sleep.",
                        "permission_type": "normal|instant"
                    },
                    "io.kodular.shtpmk04.LoanRaja.permission.C2D_MESSAGE": {
                        "short_description": "Unknown permission from android reference",
                        "full_description": "Unknown permission from android reference",
                        "permission_type": "normal"
                    },
                    "android.permission.INTERNET": {
                        "short_description": "have full network access",
                        "full_description": "Allows the app to create\n     network sockets and use custom network protocols. The browser and other\n     applications provide means to send data to the internet, so this\n     permission is not required to send data to the internet.",
                        "permission_type": "normal|instant"
                    },
                    "android.permission.WRITE_EXTERNAL_STORAGE": {
                        "short_description": "modify or delete the contents of your SD card",
                        "full_description": "Allows the app to write to the SD card.",
                        "permission_type": "dangerous"
                    }
                },
                "StringsInformation": [
                    "http://2.bp.blogspot.com/-3C9EzBNi9rA/UiS93S6uqoI/AAAAAAAAEjM/fATWa50u0BY/w1200-h630-p-k-nu/Hello+world+android+app.jpg",
                    "http://api.qrserver.com/v1/create-qr-code/?data=",
                    "http://gnu.org/kawa/cached-collections",
                    "http://kawa.gnu.org/",
                    "http://kawa.gnu.org/unit",
                    "http://kawa.gnu.org/unknown-namespace/",
                    "http://my.image.server/images/%d/%d/%d.png",
                    "http://qexo.gnu.org/",
                    "http://schemas.android.com/apk/res-auto",
                    "http://schemas.android.com/apk/res/android",
                    "http://tinywebdb.builder.makeroid.io",
                    "http://tinywebdb.builder.makeroid.io/",
                    "http://www.example.com",
                    "http://www.google.com/fusiontables/v2/query",
                    "http://www.w3.org/1999/XSL/Transform",
                    "http://www.w3.org/1999/xhtml",
                    "http://www.w3.org/2000/xmlns/",
                    "http://www.w3.org/2001/XMLSchema",
                    "http://www.w3.org/2001/XMLSchema-instance",
                    "http://www.w3.org/2005/xpath-functions",
                    "http://www.w3.org/2005/xpath-functions/collation/codepoint",
                    "http://www.w3.org/2005/xqt-errors",
                    "http://www.w3.org/2005/xquery-local-functions",
                    "http://www.w3.org/XML/1998/namespace",
                    "https://account.kodular.io/api/startapp",
                    "https://api.airtable.com/v0/",
                    "https://api.creator.kodular.io/ads/",
                    "https://api.creator.kodular.io/billing/v1?p=branding&i=",
                    "https://api.creator.kodular.io/billing/v1?p=commission&i=",
                    "https://api.creator.kodular.io/commission/v1?h=",
                    "https://api.creator.kodular.io/pollfish/v1?appid=",
                    "https://api.ocr.space/parse/image",
                    "https://api.ocr.space/parse/imageurl?apikey=",
                    "https://dashboard.instantaccess.io/api/partner/authorize?client_id=",
                    "https://dashboard.instantaccess.io/api/partner/status?client_id=",
                    "https://docs.kodular.io/components/connectivity/wifi/",
                    "https://docs.kodular.io/components/drawing-and-animation/animation-util/",
                    "https://docs.kodular.io/components/dynamic/dynamic-textbox/",
                    "https://docs.kodular.io/components/google/firebase-database/",
                    "https://docs.kodular.io/components/google/google-maps/",
                    "https://docs.kodular.io/components/layout/space/",
                    "https://docs.kodular.io/components/layout/surface-view/",
                    "https://docs.kodular.io/components/monetization/adcolony-interstitial/",
                    "https://docs.kodular.io/components/monetization/admob-interstitial/",
                    "https://docs.kodular.io/components/monetization/amazon-banner/",
                    "https://docs.kodular.io/components/monetization/amazon-interstitial/",
                    "https://docs.kodular.io/components/monetization/app-lovin/",
                    "https://docs.kodular.io/components/monetization/donate/",
                    "https://docs.kodular.io/components/monetization/facebook-banner/",
                    "https://docs.kodular.io/components/monetization/facebook-interstitial/",
                    "https://docs.kodular.io/components/monetization/facebook-rewarded/",
                    "https://docs.kodular.io/components/monetization/in-app-billing/",
                    "https://docs.kodular.io/components/monetization/in-app-update/",
                    "https://docs.kodular.io/components/monetization/leadbolt/",
                    "https://docs.kodular.io/components/monetization/unity-ads_ads/",
                    "https://docs.kodular.io/components/monetization/whitemobi/",
                    "https://docs.kodular.io/components/sensors/accelerometer/",
                    "https://docs.kodular.io/components/sensors/fingerprint/",
                    "https://docs.kodular.io/components/storage/cryptography/",
                    "https://docs.kodular.io/components/storage/sqlite/",
                    "https://docs.kodular.io/components/user-interface/checkbox/",
                    "https://docs.kodular.io/components/user-interface/floating-action-button/",
                    "https://docs.kodular.io/components/user-interface/list-view-image-and-text/",
                    "https://docs.kodular.io/components/user-interface/radio-button/",
                    "https://docs.kodular.io/components/user-interface/rating-bar/",
                    "https://docs.kodular.io/components/user-interface/switch/",
                    "https://docs.kodular.io/components/user-interface/textbox/",
                    "https://img.youtube.com/vi/",
                    "https://loan-raja-53908.firebaseio.com/",
                    "https://makeroid-default-firebase.firebaseio.com/",
                    "https://my.kodular.io/",
                    "https://onesignal.com/api/v1/notifications",
                    "https://play.google.com/store/apps/details?id=io.makeroid.companion",
                    "https://status.ocr.space",
                    "https://translate.yandex.net/api/v1.5/tr.json/translate?key=",
                    "https://www.bing.com/",
                    "https://www.example.com",
                    "https://www.google.com/",
                    "https://www.google.com/voice/b/0/redirection/voice",
                    "https://www.google.com/voice/b/0/sms/send/",
                    "https://www.googleapis.com/auth/fusiontables",
                    "https://www.googleapis.com/fusiontables/v2/tables",
                    "https://www.googleapis.com/fusiontables/v2/tables?key=",
                    "https://www.googleapis.com/urlshortener/v1/url",
                    "https://www.googleapis.com/urlshortener/v1/url?key=",
                    "https://www.payumoney.com/paybypayumoney/#/5A1533B27ACDA2FD25BEEE0AC636A79B",
                    "https://www.youtube.com/watch?v="
                ]
            },
            "magic": "Zip archive data, at least v2.0 to extract",
            "last_analysis_stats": {
                "harmless": 0,
                "type-unsupported": 10,
                "suspicious": 0,
                "confirmed-timeout": 0,
                "timeout": 18,
                "failure": 0,
                "malicious": 1,
                "undetected": 45
            },
            "meaningful_name": "00048A543F897FA9D895F5FD7FF1EB6E55D23D982E6619D703AB69289D157BCB.apk",
            "reputation": 0
        },
        "type": "file",
        "id": "00048a543f897fa9d895f5fd7ff1eb6e55d23d982e6619d703ab69289d157bcb",
        "links": {
            "self": "https://www.virustotal.com/api/v3/files/00048a543f897fa9d895f5fd7ff1eb6e55d23d982e6619d703ab69289d157bcb"
        }
    }
}