{
    "data": {
        "attributes": {
            "type_description": "Android",
            "tlsh": "T12616F193F33C500FEDA189324569C1A51A685F40C8A1AB1F3B5C7A056B73AC47FE6BD8",
            "vhash": "42f17b790b9640ca7ace49fca089c67f",
            "trid": [
                {
                    "file_type": "Android Package",
                    "probability": 57.0
                },
                {
                    "file_type": "Java Archive",
                    "probability": 20.0
                },
                {
                    "file_type": "Sweet Home 3D design (generic)",
                    "probability": 15.5
                },
                {
                    "file_type": "ZIP compressed archive",
                    "probability": 5.9
                },
                {
                    "file_type": "PrintFox/Pagefox bitmap (640x800)",
                    "probability": 1.4
                }
            ],
            "names": [
                "0000AD1AE055DB28CD36055D9F8A411052B24D70AD9D09A9BDEBA53EC2803852.apk"
            ],
            "last_modification_date": 1654693932,
            "type_tag": "android",
            "times_submitted": 4,
            "total_votes": {
                "harmless": 0,
                "malicious": 0
            },
            "size": 4180838,
            "type_extension": "apk",
            "last_submission_date": 1648174374,
            "last_analysis_results": {
                "Bkav": {
                    "category": "undetected",
                    "engine_name": "Bkav",
                    "engine_version": "1.3.0.9899",
                    "result": null,
                    "method": "blacklist",
                    "engine_update": "20220416"
                },
                "Lionic": {
                    "category": "undetected",
                    "engine_name": "Lionic",
                    "engine_version": "7.5",
                    "result": null,
                    "method": "blacklist",
                    "engine_update": "20220417"
                },
                "Elastic": {
                    "category": "type-unsupported",
                    "engine_name": "Elastic",
                    "engine_version": "4.0.35",
                    "result": null,
                    "method": "blacklist",
                    "engine_update": "20220302"
                },
                "MicroWorld-eScan": {
                    "category": "undetected",
                    "engine_name": "MicroWorld-eScan",
                    "engine_version": "14.0.409.0",
                    "result": null,
                    "method": "blacklist",
                    "engine_update": "20220417"
                },
                "FireEye": {
                    "category": "undetected",
                    "engine_name": "FireEye",
                    "engine_version": "32.44.1.0",
                    "result": null,
                    "method": "blacklist",
                    "engine_update": "20220417"
                },
                "CAT-QuickHeal": {
                    "category": "undetected",
                    "engine_name": "CAT-QuickHeal",
                    "engine_version": "14.00",
                    "result": null,
                    "method": "blacklist",
                    "engine_update": "20220416"
                },
                "McAfee": {
                    "category": "timeout",
                    "engine_name": "McAfee",
                    "engine_version": "6.0.6.653",
                    "result": null,
                    "method": "blacklist",
                    "engine_update": "20220417"
                },
                "ALYac": {
                    "category": "undetected",
                    "engine_name": "ALYac",
                    "engine_version": "1.1.3.1",
                    "result": null,
                    "method": "blacklist",
                    "engine_update": "20220417"
                },
                "Cylance": {
                    "category": "timeout",
                    "engine_name": "Cylance",
                    "engine_version": "2.3.1.101",
                    "result": null,
                    "method": "blacklist",
                    "engine_update": "20220417"
                },
                "Paloalto": {
                    "category": "type-unsupported",
                    "engine_name": "Paloalto",
                    "engine_version": "0.9.0.1003",
                    "result": null,
                    "method": "blacklist",
                    "engine_update": "20220417"
                },
                "Sangfor": {
                    "category": "timeout",
                    "engine_name": "Sangfor",
                    "engine_version": "2.14.0.0",
                    "result": null,
                    "method": "blacklist",
                    "engine_update": "20220415"
                },
                "Trustlook": {
                    "category": "undetected",
                    "engine_name": "Trustlook",
                    "engine_version": "1.0",
                    "result": null,
                    "method": "blacklist",
                    "engine_update": "20220417"
                },
                "Alibaba": {
                    "category": "undetected",
                    "engine_name": "Alibaba",
                    "engine_version": "0.3.0.5",
                    "result": null,
                    "method": "blacklist",
                    "engine_update": "20190527"
                },
                "K7GW": {
                    "category": "undetected",
                    "engine_name": "K7GW",
                    "engine_version": "12.6.41879",
                    "result": null,
                    "method": "blacklist",
                    "engine_update": "20220417"
                },
                "K7AntiVirus": {
                    "category": "undetected",
                    "engine_name": "K7AntiVirus",
                    "engine_version": "12.6.41873",
                    "result": null,
                    "method": "blacklist",
                    "engine_update": "20220416"
                },
                "Baidu": {
                    "category": "undetected",
                    "engine_name": "Baidu",
                    "engine_version": "1.0.0.2",
                    "result": null,
                    "method": "blacklist",
                    "engine_update": "20190318"
                },
                "VirIT": {
                    "category": "timeout",
                    "engine_name": "VirIT",
                    "engine_version": null,
                    "result": null,
                    "method": "blacklist",
                    "engine_update": "20220415"
                },
                "Cyren": {
                    "category": "undetected",
                    "engine_name": "Cyren",
                    "engine_version": "6.5.1.2",
                    "result": null,
                    "method": "blacklist",
                    "engine_update": "20220417"
                },
                "SymantecMobileInsight": {
                    "category": "undetected",
                    "engine_name": "SymantecMobileInsight",
                    "engine_version": "2.0",
                    "result": null,
                    "method": "blacklist",
                    "engine_update": "20220208"
                },
                "Symantec": {
                    "category": "undetected",
                    "engine_name": "Symantec",
                    "engine_version": "1.17.0.0",
                    "result": null,
                    "method": "blacklist",
                    "engine_update": "20220416"
                },
                "tehtris": {
                    "category": "type-unsupported",
                    "engine_name": "tehtris",
                    "engine_version": "v0.0.7",
                    "result": null,
                    "method": "blacklist",
                    "engine_update": "20220417"
                },
                "ESET-NOD32": {
                    "category": "undetected",
                    "engine_name": "ESET-NOD32",
                    "engine_version": "25119",
                    "result": null,
                    "method": "blacklist",
                    "engine_update": "20220416"
                },
                "APEX": {
                    "category": "type-unsupported",
                    "engine_name": "APEX",
                    "engine_version": "6.282",
                    "result": null,
                    "method": "blacklist",
                    "engine_update": "20220416"
                },
                "TrendMicro-HouseCall": {
                    "category": "undetected",
                    "engine_name": "TrendMicro-HouseCall",
                    "engine_version": "10.0.0.1040",
                    "result": null,
                    "method": "blacklist",
                    "engine_update": "20220416"
                },
                "Avast": {
                    "category": "timeout",
                    "engine_name": "Avast",
                    "engine_version": "21.1.5827.0",
                    "result": null,
                    "method": "blacklist",
                    "engine_update": "20220417"
                },
                "ClamAV": {
                    "category": "undetected",
                    "engine_name": "ClamAV",
                    "engine_version": "0.104.2.0",
                    "result": null,
                    "method": "blacklist",
                    "engine_update": "20220416"
                },
                "Kaspersky": {
                    "category": "timeout",
                    "engine_name": "Kaspersky",
                    "engine_version": "21.0.1.45",
                    "result": null,
                    "method": "blacklist",
                    "engine_update": "20220417"
                },
                "BitDefender": {
                    "category": "undetected",
                    "engine_name": "BitDefender",
                    "engine_version": "7.2",
                    "result": null,
                    "method": "blacklist",
                    "engine_update": "20220417"
                },
                "NANO-Antivirus": {
                    "category": "undetected",
                    "engine_name": "NANO-Antivirus",
                    "engine_version": "1.0.146.25576",
                    "result": null,
                    "method": "blacklist",
                    "engine_update": "20220417"
                },
                "SUPERAntiSpyware": {
                    "category": "undetected",
                    "engine_name": "SUPERAntiSpyware",
                    "engine_version": "5.6.0.1032",
                    "result": null,
                    "method": "blacklist",
                    "engine_update": "20220416"
                },
                "Rising": {
                    "category": "undetected",
                    "engine_name": "Rising",
                    "engine_version": "25.0.0.27",
                    "result": null,
                    "method": "blacklist",
                    "engine_update": "20220417"
                },
                "Ad-Aware": {
                    "category": "undetected",
                    "engine_name": "Ad-Aware",
                    "engine_version": "3.0.21.193",
                    "result": null,
                    "method": "blacklist",
                    "engine_update": "20220417"
                },
                "Comodo": {
                    "category": "undetected",
                    "engine_name": "Comodo",
                    "engine_version": "34537",
                    "result": null,
                    "method": "blacklist",
                    "engine_update": "20220416"
                },
                "DrWeb": {
                    "category": "undetected",
                    "engine_name": "DrWeb",
                    "engine_version": "7.0.54.3080",
                    "result": null,
                    "method": "blacklist",
                    "engine_update": "20220417"
                },
                "Zillya": {
                    "category": "undetected",
                    "engine_name": "Zillya",
                    "engine_version": "2.0.0.4613",
                    "result": null,
                    "method": "blacklist",
                    "engine_update": "20220415"
                },
                "TrendMicro": {
                    "category": "timeout",
                    "engine_name": "TrendMicro",
                    "engine_version": "11.0.0.1006",
                    "result": null,
                    "method": "blacklist",
                    "engine_update": "20220417"
                },
                "McAfee-GW-Edition": {
                    "category": "timeout",
                    "engine_name": "McAfee-GW-Edition",
                    "engine_version": null,
                    "result": null,
                    "method": "blacklist",
                    "engine_update": "20220417"
                },
                "Trapmine": {
                    "category": "type-unsupported",
                    "engine_name": "Trapmine",
                    "engine_version": "3.5.45.75",
                    "result": null,
                    "method": "blacklist",
                    "engine_update": "20220217"
                },
                "CMC": {
                    "category": "undetected",
                    "engine_name": "CMC",
                    "engine_version": "2.10.2019.1",
                    "result": null,
                    "method": "blacklist",
                    "engine_update": "20211026"
                },
                "Sophos": {
                    "category": "timeout",
                    "engine_name": "Sophos",
                    "engine_version": "1.4.1.0",
                    "result": null,
                    "method": "blacklist",
                    "engine_update": "20220416"
                },
                "Ikarus": {
                    "category": "failure",
                    "engine_name": "Ikarus",
                    "engine_version": "6.0.23.0",
                    "result": null,
                    "method": "blacklist",
                    "engine_update": "20220416"
                },
                "GData": {
                    "category": "timeout",
                    "engine_name": "GData",
                    "engine_version": null,
                    "result": null,
                    "method": "blacklist",
                    "engine_update": "20220417"
                },
                "Jiangmin": {
                    "category": "undetected",
                    "engine_name": "Jiangmin",
                    "engine_version": "16.0.100",
                    "result": null,
                    "method": "blacklist",
                    "engine_update": "20220416"
                },
                "Webroot": {
                    "category": "type-unsupported",
                    "engine_name": "Webroot",
                    "engine_version": "1.0.0.403",
                    "result": null,
                    "method": "blacklist",
                    "engine_update": "20220417"
                },
                "Avira": {
                    "category": "undetected",
                    "engine_name": "Avira",
                    "engine_version": "8.3.3.14",
                    "result": null,
                    "method": "blacklist",
                    "engine_update": "20220417"
                },
                "Kingsoft": {
                    "category": "undetected",
                    "engine_name": "Kingsoft",
                    "engine_version": "2017.9.26.565",
                    "result": null,
                    "method": "blacklist",
                    "engine_update": "20220417"
                },
                "Microsoft": {
                    "category": "timeout",
                    "engine_name": "Microsoft",
                    "engine_version": "1.1.19100.5",
                    "result": null,
                    "method": "blacklist",
                    "engine_update": "20220417"
                },
                "Gridinsoft": {
                    "category": "undetected",
                    "engine_name": "Gridinsoft",
                    "engine_version": "1.0.75.174",
                    "result": null,
                    "method": "blacklist",
                    "engine_update": "20220417"
                },
                "Arcabit": {
                    "category": "undetected",
                    "engine_name": "Arcabit",
                    "engine_version": "1.0.0.889",
                    "result": null,
                    "method": "blacklist",
                    "engine_update": "20220417"
                },
                "ViRobot": {
                    "category": "undetected",
                    "engine_name": "ViRobot",
                    "engine_version": "2014.3.20.0",
                    "result": null,
                    "method": "blacklist",
                    "engine_update": "20220416"
                },
                "ZoneAlarm": {
                    "category": "undetected",
                    "engine_name": "ZoneAlarm",
                    "engine_version": "1.0",
                    "result": null,
                    "method": "blacklist",
                    "engine_update": "20220417"
                },
                "Avast-Mobile": {
                    "category": "undetected",
                    "engine_name": "Avast-Mobile",
                    "engine_version": "220416-00",
                    "result": null,
                    "method": "blacklist",
                    "engine_update": "20220416"
                },
                "SentinelOne": {
                    "category": "type-unsupported",
                    "engine_name": "SentinelOne",
                    "engine_version": "22.2.1.2",
                    "result": null,
                    "method": "blacklist",
                    "engine_update": "20220330"
                },
                "BitDefenderFalx": {
                    "category": "undetected",
                    "engine_name": "BitDefenderFalx",
                    "engine_version": "2.0.936",
                    "result": null,
                    "method": "blacklist",
                    "engine_update": "20220103"
                },
                "AhnLab-V3": {
                    "category": "undetected",
                    "engine_name": "AhnLab-V3",
                    "engine_version": "3.21.3.10230",
                    "result": null,
                    "method": "blacklist",
                    "engine_update": "20220417"
                },
                "Acronis": {
                    "category": "undetected",
                    "engine_name": "Acronis",
                    "engine_version": "1.2.0.107",
                    "result": null,
                    "method": "blacklist",
                    "engine_update": "20220414"
                },
                "BitDefenderTheta": {
                    "category": "undetected",
                    "engine_name": "BitDefenderTheta",
                    "engine_version": "7.2.37796.0",
                    "result": null,
                    "method": "blacklist",
                    "engine_update": "20220412"
                },
                "MAX": {
                    "category": "undetected",
                    "engine_name": "MAX",
                    "engine_version": "2019.9.16.1",
                    "result": null,
                    "method": "blacklist",
                    "engine_update": "20220417"
                },
                "VBA32": {
                    "category": "undetected",
                    "engine_name": "VBA32",
                    "engine_version": "5.0.0",
                    "result": null,
                    "method": "blacklist",
                    "engine_update": "20220415"
                },
                "Zoner": {
                    "category": "undetected",
                    "engine_name": "Zoner",
                    "engine_version": "2.2.2.0",
                    "result": null,
                    "method": "blacklist",
                    "engine_update": "20220416"
                },
                "Tencent": {
                    "category": "undetected",
                    "engine_name": "Tencent",
                    "engine_version": "1.0.0.1",
                    "result": null,
                    "method": "blacklist",
                    "engine_update": "20220417"
                },
                "Yandex": {
                    "category": "undetected",
                    "engine_name": "Yandex",
                    "engine_version": "5.5.2.24",
                    "result": null,
                    "method": "blacklist",
                    "engine_update": "20220416"
                },
                "TACHYON": {
                    "category": "undetected",
                    "engine_name": "TACHYON",
                    "engine_version": "2022-04-17.01",
                    "result": null,
                    "method": "blacklist",
                    "engine_update": "20220417"
                },
                "MaxSecure": {
                    "category": "undetected",
                    "engine_name": "MaxSecure",
                    "engine_version": "1.0.0.1",
                    "result": null,
                    "method": "blacklist",
                    "engine_update": "20220416"
                },
                "Fortinet": {
                    "category": "undetected",
                    "engine_name": "Fortinet",
                    "engine_version": "6.2.142.0",
                    "result": null,
                    "method": "blacklist",
                    "engine_update": "20220417"
                },
                "AVG": {
                    "category": "timeout",
                    "engine_name": "AVG",
                    "engine_version": "21.1.5827.0",
                    "result": null,
                    "method": "blacklist",
                    "engine_update": "20220417"
                },
                "Cybereason": {
                    "category": "type-unsupported",
                    "engine_name": "Cybereason",
                    "engine_version": "1.2.449",
                    "result": null,
                    "method": "blacklist",
                    "engine_update": "20210330"
                },
                "Panda": {
                    "category": "timeout",
                    "engine_name": "Panda",
                    "engine_version": "4.6.4.2",
                    "result": null,
                    "method": "blacklist",
                    "engine_update": "20220416"
                },
                "CrowdStrike": {
                    "category": "type-unsupported",
                    "engine_name": "CrowdStrike",
                    "engine_version": "1.0",
                    "result": null,
                    "method": "blacklist",
                    "engine_update": "20210907"
                }
            },
            "sha256": "0000ad1ae055db28cd36055d9f8a411052b24d70ad9d09a9bdeba53ec2803852",
            "tags": [
                "apk",
                "android",
                "runtime-modules",
                "reflection"
            ],
            "last_analysis_date": 1650171708,
            "unique_sources": 2,
            "first_submission_date": 1638178548,
            "sha1": "71526b9b659e480b80b1c6631d7f592d564f0d65",
            "ssdeep": "98304:STBqzcnhfg7gFjevvmp6iCy1pA7q3YVLOw3vml:STBqqfFNv1C7NVLDW",
            "bundle_info": {
                "highest_datetime": "1981-01-01 01:01:02",
                "lowest_datetime": "1981-01-01 01:01:02",
                "num_children": 1410,
                "extensions": {
                    "xml": 1,
                    "dex": 1,
                    "txt": 1,
                    "otf": 1,
                    "js": 4,
                    "dat": 1,
                    "jpg": 1,
                    "Z": 1,
                    "ttf": 4,
                    "png": 281
                },
                "file_types": {
                    "XML": 1,
                    "DEX": 1,
                    "unknown": 712,
                    "JPG": 1,
                    "JSON": 4,
                    "PNG": 281
                },
                "type": "APK",
                "uncompressed_size": 7986337
            },
            "md5": "8a9ca6842a6141855e293f07fe93a4f9",
            "androguard": {
                "VTAndroidInfo": 2.0,
                "AndroidApplicationError": false,
                "MinSdkVersion": "16",
                "AndroguardVersion": "3.4.0a1",
                "Activities": [
                    "com.cleverflowhq.cleverflow.MainActivity",
                    "io.flutter.plugins.urllauncher.WebViewActivity",
                    "com.google.android.play.core.missingsplits.PlayCoreMissingSplitsActivity",
                    "com.google.android.play.core.common.PlayCoreDialogWrapperActivity"
                ],
                "certificate": {
                    "Subject": {
                        "DN": "C:AE, CN:Aliasgar Murtaza, L:Sharjah, O:CleverFlow, ST:Sharjah, OU:CleverFlow",
                        "C": "AE",
                        "CN": "Aliasgar Murtaza",
                        "L": "Sharjah",
                        "O": "CleverFlow",
                        "ST": "Sharjah",
                        "OU": "CleverFlow"
                    },
                    "validto": "2048-11-19 12:06:52",
                    "serialnumber": "7696de96",
                    "thumbprint": "f2606209087fbb939babafa6e3f16435bf31ada1",
                    "validfrom": "2021-07-04 12:06:52",
                    "Issuer": {
                        "DN": "C:AE, CN:Aliasgar Murtaza, L:Sharjah, O:CleverFlow, ST:Sharjah, OU:CleverFlow",
                        "C": "AE",
                        "CN": "Aliasgar Murtaza",
                        "L": "Sharjah",
                        "O": "CleverFlow",
                        "ST": "Sharjah",
                        "OU": "CleverFlow"
                    }
                },
                "AndroidApplication": 1,
                "RiskIndicator": {
                    "PERM": {
                        "INSTANT": 4,
                        "PRIVACY": 2,
                        "DANGEROUS": 3,
                        "APPOP": 1,
                        "NORMAL": 7,
                        "SIGNATURE": 1,
                        "INTERNET": 1
                    }
                },
                "Services": [
                    "io.flutter.plugins.firebase.messaging.FlutterFirebaseMessagingBackgroundService",
                    "io.flutter.plugins.firebase.messaging.FlutterFirebaseMessagingService",
                    "com.google.firebase.components.ComponentDiscoveryService",
                    "com.google.firebase.messaging.FirebaseMessagingService",
                    "com.google.android.datatransport.runtime.backends.TransportBackendDiscovery",
                    "com.google.android.datatransport.runtime.scheduling.jobscheduling.JobInfoSchedulerService",
                    "com.google.android.play.core.assetpacks.AssetPackExtractionService"
                ],
                "AndroidVersionCode": "35",
                "main_activity": "com.cleverflowhq.cleverflow.MainActivity",
                "Package": "com.cleverflowhq.cleverflow",
                "intent_filters": {
                    "Services": {
                        "com.google.firebase.messaging.FirebaseMessagingService": {
                            "action": [
                                "com.google.firebase.MESSAGING_EVENT"
                            ]
                        },
                        "io.flutter.plugins.firebase.messaging.FlutterFirebaseMessagingService": {
                            "action": [
                                "com.google.firebase.MESSAGING_EVENT"
                            ]
                        }
                    },
                    "Activities": {
                        "com.cleverflowhq.cleverflow.MainActivity": {
                            "action": [
                                "android.intent.action.MAIN",
                                "android.intent.action.VIEW"
                            ],
                            "category": [
                                "android.intent.category.LAUNCHER",
                                "android.intent.category.DEFAULT",
                                "android.intent.category.BROWSABLE"
                            ]
                        }
                    },
                    "Receivers": {
                        "com.google.firebase.iid.FirebaseInstanceIdReceiver": {
                            "action": [
                                "com.google.android.c2dm.intent.RECEIVE"
                            ]
                        },
                        "com.dexterous.flutterlocalnotifications.ScheduledNotificationBootReceiver": {
                            "action": [
                                "android.intent.action.BOOT_COMPLETED",
                                "android.intent.action.MY_PACKAGE_REPLACED",
                                "android.intent.action.QUICKBOOT_POWERON",
                                "com.htc.intent.action.QUICKBOOT_POWERON"
                            ]
                        },
                        "io.flutter.plugins.firebase.messaging.FlutterFirebaseMessagingReceiver": {
                            "action": [
                                "com.google.android.c2dm.intent.RECEIVE"
                            ]
                        }
                    }
                },
                "AndroidVersionName": "1.7.1.prod",
                "TargetSdkVersion": "30",
                "AndroidApplicationInfo": "APK",
                "Providers": [
                    "io.flutter.plugins.firebase.messaging.FlutterFirebaseMessagingInitProvider",
                    "io.flutter.plugins.imagepicker.ImagePickerFileProvider",
                    "dev.fluttercommunity.plus.share.ShareFileProvider",
                    "com.crazecoder.openfile.FileProvider",
                    "com.google.firebase.provider.FirebaseInitProvider",
                    "io.sentry.android.core.SentryPerformanceProvider",
                    "androidx.lifecycle.ProcessLifecycleOwnerInitializer"
                ],
                "permission_details": {
                    "android.permission.ACCESS_MEDIA_LOCATION": {
                        "short_description": "read locations from your media collection",
                        "full_description": "Allows the app to read locations from your media collection.",
                        "permission_type": "dangerous"
                    },
                    "android.permission.READ_EXTERNAL_STORAGE": {
                        "short_description": "read the contents of your shared storage",
                        "full_description": "Allows the app to read the contents of your shared storage.",
                        "permission_type": "dangerous"
                    },
                    "android.permission.RECEIVE_BOOT_COMPLETED": {
                        "short_description": "run at startup",
                        "full_description": "Allows the app to\n        have itself started as soon as the system has finished booting.\n        This can make it take longer to start the phone and allow the\n        app to slow down the overall phone by always running.",
                        "permission_type": "normal"
                    },
                    "android.permission.ACCESS_WIFI_STATE": {
                        "short_description": "view Wi-Fi connections",
                        "full_description": "Allows the app to view information\n      about Wi-Fi networking, such as whether Wi-Fi is enabled and name of\n      connected Wi-Fi devices.",
                        "permission_type": "normal"
                    },
                    "android.permission.VIBRATE": {
                        "short_description": "control vibration",
                        "full_description": "Allows the app to control the vibrator.",
                        "permission_type": "normal|instant"
                    },
                    "android.permission.USE_FULL_SCREEN_INTENT": {
                        "short_description": "",
                        "full_description": "",
                        "permission_type": "normal"
                    },
                    "com.google.android.c2dm.permission.RECEIVE": {
                        "short_description": "Unknown permission from android reference",
                        "full_description": "Unknown permission from android reference",
                        "permission_type": "normal"
                    },
                    "android.permission.CAMERA": {
                        "short_description": "take pictures and videos",
                        "full_description": "This app can take pictures and record videos using the camera at any time.",
                        "permission_type": "dangerous|instant"
                    },
                    "android.permission.REQUEST_INSTALL_PACKAGES": {
                        "short_description": "request install packages",
                        "full_description": "Allows an application to request installation of packages.",
                        "permission_type": "signature|appop"
                    },
                    "android.permission.WAKE_LOCK": {
                        "short_description": "prevent phone from sleeping",
                        "full_description": "Allows the app to prevent the phone from going to sleep.",
                        "permission_type": "normal|instant"
                    },
                    "android.permission.ACCESS_NETWORK_STATE": {
                        "short_description": "view network connections",
                        "full_description": "Allows the app to view\n      information about network connections such as which networks exist and are\n      connected.",
                        "permission_type": "normal|instant"
                    },
                    "android.permission.INTERNET": {
                        "short_description": "have full network access",
                        "full_description": "Allows the app to create\n     network sockets and use custom network protocols. The browser and other\n     applications provide means to send data to the internet, so this\n     permission is not required to send data to the internet.",
                        "permission_type": "normal|instant"
                    },
                    "android.permission.FOREGROUND_SERVICE": {
                        "short_description": "run foreground service",
                        "full_description": "Allows the app to make use of foreground services.",
                        "permission_type": "normal|instant"
                    },
                    "android.permission.WRITE_EXTERNAL_STORAGE": {
                        "short_description": "modify or delete the contents of your shared storage",
                        "full_description": "Allows the app to write the contents of your shared storage.",
                        "permission_type": "dangerous"
                    },
                    "android.permission.RECORD_AUDIO": {
                        "short_description": "record audio",
                        "full_description": "This app can record audio using the microphone at any time.",
                        "permission_type": "dangerous|instant"
                    }
                },
                "Receivers": [
                    "io.flutter.plugins.firebase.messaging.FlutterFirebaseMessagingReceiver",
                    "com.dexterous.flutterlocalnotifications.ScheduledNotificationReceiver",
                    "com.dexterous.flutterlocalnotifications.ScheduledNotificationBootReceiver",
                    "com.google.firebase.iid.FirebaseInstanceIdReceiver",
                    "com.google.android.datatransport.runtime.scheduling.jobscheduling.AlarmManagerSchedulerBroadcastReceiver"
                ],
                "StringsInformation": [
                    "http://dashif.org/guidelines/last-segment-number",
                    "http://dashif.org/guidelines/trickmode",
                    "http://ns.adobe.com/xap/1.0/",
                    "http://schemas.android.com/apk/res/android",
                    "http://schemas.microsoft.com/DRM/2007/03/protocols/AcquireLicense",
                    "http://www.w3.org/ns/ttml#parameter",
                    "https://%s/%s/%s",
                    "https://aomedia.org/emsg/ID3",
                    "https://developer.apple.com/streaming/emsg-id3",
                    "https://x"
                ]
            },
            "magic": "Zip archive data",
            "last_analysis_stats": {
                "harmless": 0,
                "type-unsupported": 9,
                "suspicious": 0,
                "confirmed-timeout": 0,
                "timeout": 13,
                "failure": 1,
                "malicious": 0,
                "undetected": 46
            },
            "meaningful_name": "0000AD1AE055DB28CD36055D9F8A411052B24D70AD9D09A9BDEBA53EC2803852.apk",
            "reputation": 0
        },
        "type": "file",
        "id": "0000ad1ae055db28cd36055d9f8a411052b24d70ad9d09a9bdeba53ec2803852",
        "links": {
            "self": "https://www.virustotal.com/api/v3/files/0000ad1ae055db28cd36055d9f8a411052b24d70ad9d09a9bdeba53ec2803852"
        }
    }
}