{
    "data": {
        "attributes": {
            "type_description": "Android",
            "vhash": "1f6ab7b4fe54b87b3883ccd302a6bbc1",
            "trid": [
                {
                    "file_type": "Android Package",
                    "probability": 50.9
                },
                {
                    "file_type": "Java Archive",
                    "probability": 17.8
                },
                {
                    "file_type": "Sweet Home 3D design (generic)",
                    "probability": 13.9
                },
                {
                    "file_type": "Mozilla Firefox browser extension",
                    "probability": 10.5
                },
                {
                    "file_type": "ZIP compressed archive",
                    "probability": 5.2
                }
            ],
            "names": [
                "op27no2.parentscope.apk"
            ],
            "last_modification_date": 1602537545,
            "type_tag": "android",
            "times_submitted": 2,
            "total_votes": {
                "harmless": 0,
                "malicious": 0
            },
            "size": 2435129,
            "type_extension": "apk",
            "last_submission_date": 1602352993,
            "last_analysis_results": {
                "Bkav": {
                    "category": "undetected",
                    "engine_name": "Bkav",
                    "engine_version": "1.3.0.9899",
                    "result": null,
                    "method": "blacklist",
                    "engine_update": "20201010"
                },
                "Lionic": {
                    "category": "undetected",
                    "engine_name": "AegisLab",
                    "engine_version": "4.2",
                    "result": null,
                    "method": "blacklist",
                    "engine_update": "20201012"
                },
                "Elastic": {
                    "category": "type-unsupported",
                    "engine_name": "Elastic",
                    "engine_version": "4.0.10",
                    "result": null,
                    "method": "blacklist",
                    "engine_update": "20201006"
                },
                "MicroWorld-eScan": {
                    "category": "undetected",
                    "engine_name": "MicroWorld-eScan",
                    "engine_version": "14.0.409.0",
                    "result": null,
                    "method": "blacklist",
                    "engine_update": "20201010"
                },
                "FireEye": {
                    "category": "undetected",
                    "engine_name": "FireEye",
                    "engine_version": "32.36.1.0",
                    "result": null,
                    "method": "blacklist",
                    "engine_update": "20201010"
                },
                "CAT-QuickHeal": {
                    "category": "undetected",
                    "engine_name": "CAT-QuickHeal",
                    "engine_version": "14.00",
                    "result": null,
                    "method": "blacklist",
                    "engine_update": "20201010"
                },
                "McAfee": {
                    "category": "undetected",
                    "engine_name": "McAfee",
                    "engine_version": "6.0.6.653",
                    "result": null,
                    "method": "blacklist",
                    "engine_update": "20201010"
                },
                "Malwarebytes": {
                    "category": "undetected",
                    "engine_name": "Malwarebytes",
                    "engine_version": "3.6.4.335",
                    "result": null,
                    "method": "blacklist",
                    "engine_update": "20201010"
                },
                "VIPRE": {
                    "category": "undetected",
                    "engine_name": "VIPRE",
                    "engine_version": "87322",
                    "result": null,
                    "method": "blacklist",
                    "engine_update": "20201010"
                },
                "Paloalto": {
                    "category": "type-unsupported",
                    "engine_name": "Paloalto",
                    "engine_version": "1.0",
                    "result": null,
                    "method": "blacklist",
                    "engine_update": "20201010"
                },
                "Sangfor": {
                    "category": "undetected",
                    "engine_name": "Sangfor",
                    "engine_version": "1.0",
                    "result": null,
                    "method": "blacklist",
                    "engine_update": "20200814"
                },
                "Trustlook": {
                    "category": "undetected",
                    "engine_name": "Trustlook",
                    "engine_version": "1.0",
                    "result": null,
                    "method": "blacklist",
                    "engine_update": "20201010"
                },
                "BitDefender": {
                    "category": "undetected",
                    "engine_name": "BitDefender",
                    "engine_version": "7.2",
                    "result": null,
                    "method": "blacklist",
                    "engine_update": "20201010"
                },
                "K7GW": {
                    "category": "undetected",
                    "engine_name": "K7GW",
                    "engine_version": "11.144.35423",
                    "result": null,
                    "method": "blacklist",
                    "engine_update": "20201010"
                },
                "K7AntiVirus": {
                    "category": "undetected",
                    "engine_name": "K7AntiVirus",
                    "engine_version": "11.144.35423",
                    "result": null,
                    "method": "blacklist",
                    "engine_update": "20201010"
                },
                "Invincea": {
                    "category": "undetected",
                    "engine_name": "Invincea",
                    "engine_version": "1.0.1.0",
                    "result": null,
                    "method": "blacklist",
                    "engine_update": "20201010"
                },
                "Baidu": {
                    "category": "undetected",
                    "engine_name": "Baidu",
                    "engine_version": "1.0.0.2",
                    "result": null,
                    "method": "blacklist",
                    "engine_update": "20190318"
                },
                "Cyren": {
                    "category": "undetected",
                    "engine_name": "Cyren",
                    "engine_version": "6.3.0.2",
                    "result": null,
                    "method": "blacklist",
                    "engine_update": "20201010"
                },
                "SymantecMobileInsight": {
                    "category": "undetected",
                    "engine_name": "SymantecMobileInsight",
                    "engine_version": "2.0",
                    "result": null,
                    "method": "blacklist",
                    "engine_update": "20200813"
                },
                "Symantec": {
                    "category": "undetected",
                    "engine_name": "Symantec",
                    "engine_version": "1.12.0.0",
                    "result": null,
                    "method": "blacklist",
                    "engine_update": "20201010"
                },
                "TotalDefense": {
                    "category": "undetected",
                    "engine_name": "TotalDefense",
                    "engine_version": "37.1.62.1",
                    "result": null,
                    "method": "blacklist",
                    "engine_update": "20201010"
                },
                "APEX": {
                    "category": "type-unsupported",
                    "engine_name": "APEX",
                    "engine_version": "6.80",
                    "result": null,
                    "method": "blacklist",
                    "engine_update": "20201010"
                },
                "TrendMicro-HouseCall": {
                    "category": "undetected",
                    "engine_name": "TrendMicro-HouseCall",
                    "engine_version": "10.0.0.1040",
                    "result": null,
                    "method": "blacklist",
                    "engine_update": "20201010"
                },
                "Avast": {
                    "category": "undetected",
                    "engine_name": "Avast",
                    "engine_version": "18.4.3895.0",
                    "result": null,
                    "method": "blacklist",
                    "engine_update": "20201010"
                },
                "ClamAV": {
                    "category": "undetected",
                    "engine_name": "ClamAV",
                    "engine_version": "0.102.3.0",
                    "result": null,
                    "method": "blacklist",
                    "engine_update": "20201010"
                },
                "Kaspersky": {
                    "category": "undetected",
                    "engine_name": "Kaspersky",
                    "engine_version": "15.0.1.13",
                    "result": null,
                    "method": "blacklist",
                    "engine_update": "20201010"
                },
                "Alibaba": {
                    "category": "undetected",
                    "engine_name": "Alibaba",
                    "engine_version": "0.3.0.5",
                    "result": null,
                    "method": "blacklist",
                    "engine_update": "20190527"
                },
                "NANO-Antivirus": {
                    "category": "undetected",
                    "engine_name": "NANO-Antivirus",
                    "engine_version": "1.0.134.25169",
                    "result": null,
                    "method": "blacklist",
                    "engine_update": "20201010"
                },
                "ViRobot": {
                    "category": "undetected",
                    "engine_name": "ViRobot",
                    "engine_version": "2014.3.20.0",
                    "result": null,
                    "method": "blacklist",
                    "engine_update": "20201010"
                },
                "Ad-Aware": {
                    "category": "undetected",
                    "engine_name": "Ad-Aware",
                    "engine_version": "3.0.16.117",
                    "result": null,
                    "method": "blacklist",
                    "engine_update": "20201010"
                },
                "Sophos": {
                    "category": "undetected",
                    "engine_name": "Sophos",
                    "engine_version": "4.98.0",
                    "result": null,
                    "method": "blacklist",
                    "engine_update": "20201010"
                },
                "Comodo": {
                    "category": "undetected",
                    "engine_name": "Comodo",
                    "engine_version": "32884",
                    "result": null,
                    "method": "blacklist",
                    "engine_update": "20201010"
                },
                "F-Secure": {
                    "category": "undetected",
                    "engine_name": "F-Secure",
                    "engine_version": "12.0.86.52",
                    "result": null,
                    "method": "blacklist",
                    "engine_update": "20201010"
                },
                "DrWeb": {
                    "category": "undetected",
                    "engine_name": "DrWeb",
                    "engine_version": "7.0.49.9080",
                    "result": null,
                    "method": "blacklist",
                    "engine_update": "20201010"
                },
                "Zillya": {
                    "category": "undetected",
                    "engine_name": "Zillya",
                    "engine_version": "2.0.0.4196",
                    "result": null,
                    "method": "blacklist",
                    "engine_update": "20201009"
                },
                "TrendMicro": {
                    "category": "undetected",
                    "engine_name": "TrendMicro",
                    "engine_version": "11.0.0.1006",
                    "result": null,
                    "method": "blacklist",
                    "engine_update": "20201010"
                },
                "McAfee-GW-Edition": {
                    "category": "undetected",
                    "engine_name": "McAfee-GW-Edition",
                    "engine_version": "v2019.1.2+3728",
                    "result": null,
                    "method": "blacklist",
                    "engine_update": "20201010"
                },
                "SentinelOne": {
                    "category": "type-unsupported",
                    "engine_name": "SentinelOne",
                    "engine_version": "4.5.0.1",
                    "result": null,
                    "method": "blacklist",
                    "engine_update": "20201008"
                },
                "Trapmine": {
                    "category": "type-unsupported",
                    "engine_name": "Trapmine",
                    "engine_version": "3.5.0.1023",
                    "result": null,
                    "method": "blacklist",
                    "engine_update": "20200727"
                },
                "CMC": {
                    "category": "undetected",
                    "engine_name": "CMC",
                    "engine_version": "2.7.2019.1",
                    "result": null,
                    "method": "blacklist",
                    "engine_update": "20201010"
                },
                "Emsisoft": {
                    "category": "undetected",
                    "engine_name": "Emsisoft",
                    "engine_version": "2018.12.0.1641",
                    "result": null,
                    "method": "blacklist",
                    "engine_update": "20201010"
                },
                "Ikarus": {
                    "category": "undetected",
                    "engine_name": "Ikarus",
                    "engine_version": "0.1.5.2",
                    "result": null,
                    "method": "blacklist",
                    "engine_update": "20201010"
                },
                "GData": {
                    "category": "undetected",
                    "engine_name": "GData",
                    "engine_version": "A:25.27304B:27.20472",
                    "result": null,
                    "method": "blacklist",
                    "engine_update": "20201010"
                },
                "Jiangmin": {
                    "category": "undetected",
                    "engine_name": "Jiangmin",
                    "engine_version": "16.0.100",
                    "result": null,
                    "method": "blacklist",
                    "engine_update": "20201010"
                },
                "Webroot": {
                    "category": "type-unsupported",
                    "engine_name": "Webroot",
                    "engine_version": "1.0.0.403",
                    "result": null,
                    "method": "blacklist",
                    "engine_update": "20201010"
                },
                "Avira": {
                    "category": "undetected",
                    "engine_name": "Avira",
                    "engine_version": "8.3.3.8",
                    "result": null,
                    "method": "blacklist",
                    "engine_update": "20201010"
                },
                "eGambit": {
                    "category": "type-unsupported",
                    "engine_name": "eGambit",
                    "engine_version": null,
                    "result": null,
                    "method": "blacklist",
                    "engine_update": "20201010"
                },
                "Antiy-AVL": {
                    "category": "undetected",
                    "engine_name": "Antiy-AVL",
                    "engine_version": "3.0.0.1",
                    "result": null,
                    "method": "blacklist",
                    "engine_update": "20201010"
                },
                "Kingsoft": {
                    "category": "undetected",
                    "engine_name": "Kingsoft",
                    "engine_version": "2013.8.14.323",
                    "result": null,
                    "method": "blacklist",
                    "engine_update": "20201010"
                },
                "Microsoft": {
                    "category": "undetected",
                    "engine_name": "Microsoft",
                    "engine_version": "1.1.17500.4",
                    "result": null,
                    "method": "blacklist",
                    "engine_update": "20201010"
                },
                "Arcabit": {
                    "category": "undetected",
                    "engine_name": "Arcabit",
                    "engine_version": "1.0.0.881",
                    "result": null,
                    "method": "blacklist",
                    "engine_update": "20201010"
                },
                "SUPERAntiSpyware": {
                    "category": "undetected",
                    "engine_name": "SUPERAntiSpyware",
                    "engine_version": "5.6.0.1032",
                    "result": null,
                    "method": "blacklist",
                    "engine_update": "20201009"
                },
                "ZoneAlarm": {
                    "category": "undetected",
                    "engine_name": "ZoneAlarm",
                    "engine_version": "1.0",
                    "result": null,
                    "method": "blacklist",
                    "engine_update": "20201010"
                },
                "Avast-Mobile": {
                    "category": "undetected",
                    "engine_name": "Avast-Mobile",
                    "engine_version": "201010-00",
                    "result": null,
                    "method": "blacklist",
                    "engine_update": "20201010"
                },
                "Cynet": {
                    "category": "undetected",
                    "engine_name": "Cynet",
                    "engine_version": "4.0.0.24",
                    "result": null,
                    "method": "blacklist",
                    "engine_update": "20201010"
                },
                "AhnLab-V3": {
                    "category": "undetected",
                    "engine_name": "AhnLab-V3",
                    "engine_version": "3.18.2.10046",
                    "result": null,
                    "method": "blacklist",
                    "engine_update": "20201010"
                },
                "Acronis": {
                    "category": "type-unsupported",
                    "engine_name": "Acronis",
                    "engine_version": "1.1.1.78",
                    "result": null,
                    "method": "blacklist",
                    "engine_update": "20200917"
                },
                "ALYac": {
                    "category": "undetected",
                    "engine_name": "ALYac",
                    "engine_version": "1.1.1.5",
                    "result": null,
                    "method": "blacklist",
                    "engine_update": "20201010"
                },
                "TACHYON": {
                    "category": "undetected",
                    "engine_name": "TACHYON",
                    "engine_version": "2020-10-10.02",
                    "result": null,
                    "method": "blacklist",
                    "engine_update": "20201010"
                },
                "VBA32": {
                    "category": "undetected",
                    "engine_name": "VBA32",
                    "engine_version": "4.4.1",
                    "result": null,
                    "method": "blacklist",
                    "engine_update": "20201009"
                },
                "Cylance": {
                    "category": "type-unsupported",
                    "engine_name": "Cylance",
                    "engine_version": "2.3.1.101",
                    "result": null,
                    "method": "blacklist",
                    "engine_update": "20201010"
                },
                "Zoner": {
                    "category": "undetected",
                    "engine_name": "Zoner",
                    "engine_version": "0.0.0.0",
                    "result": null,
                    "method": "blacklist",
                    "engine_update": "20201009"
                },
                "ESET-NOD32": {
                    "category": "undetected",
                    "engine_name": "ESET-NOD32",
                    "engine_version": "22131",
                    "result": null,
                    "method": "blacklist",
                    "engine_update": "20201010"
                },
                "Rising": {
                    "category": "undetected",
                    "engine_name": "Rising",
                    "engine_version": "25.0.0.26",
                    "result": null,
                    "method": "blacklist",
                    "engine_update": "20201010"
                },
                "Yandex": {
                    "category": "undetected",
                    "engine_name": "Yandex",
                    "engine_version": "5.5.2.24",
                    "result": null,
                    "method": "blacklist",
                    "engine_update": "20201008"
                },
                "MAX": {
                    "category": "undetected",
                    "engine_name": "MAX",
                    "engine_version": "2019.9.16.1",
                    "result": null,
                    "method": "blacklist",
                    "engine_update": "20201010"
                },
                "MaxSecure": {
                    "category": "undetected",
                    "engine_name": "MaxSecure",
                    "engine_version": "1.0.0.1",
                    "result": null,
                    "method": "blacklist",
                    "engine_update": "20201010"
                },
                "Fortinet": {
                    "category": "undetected",
                    "engine_name": "Fortinet",
                    "engine_version": "6.2.142.0",
                    "result": null,
                    "method": "blacklist",
                    "engine_update": "20201010"
                },
                "BitDefenderTheta": {
                    "category": "undetected",
                    "engine_name": "BitDefenderTheta",
                    "engine_version": "7.2.37796.0",
                    "result": null,
                    "method": "blacklist",
                    "engine_update": "20201008"
                },
                "AVG": {
                    "category": "undetected",
                    "engine_name": "AVG",
                    "engine_version": "18.4.3895.0",
                    "result": null,
                    "method": "blacklist",
                    "engine_update": "20201010"
                },
                "Cybereason": {
                    "category": "type-unsupported",
                    "engine_name": "Cybereason",
                    "engine_version": "1.2.449",
                    "result": null,
                    "method": "blacklist",
                    "engine_update": "20190616"
                },
                "Panda": {
                    "category": "undetected",
                    "engine_name": "Panda",
                    "engine_version": "4.6.4.2",
                    "result": null,
                    "method": "blacklist",
                    "engine_update": "20201010"
                },
                "CrowdStrike": {
                    "category": "type-unsupported",
                    "engine_name": "CrowdStrike",
                    "engine_version": "1.0",
                    "result": null,
                    "method": "blacklist",
                    "engine_update": "20190702"
                },
                "Qihoo-360": {
                    "category": "undetected",
                    "engine_name": "Qihoo-360",
                    "engine_version": "1.0.0.1120",
                    "result": null,
                    "method": "blacklist",
                    "engine_update": "20201010"
                }
            },
            "sha256": "0001605a9ccea2039e2c037e937a1cbb5fffe7181aea3b2cf7aece709ea04cb6",
            "tags": [
                "apk",
                "android"
            ],
            "last_analysis_date": 1602352993,
            "unique_sources": 2,
            "first_submission_date": 1561549451,
            "sha1": "ad1854d1c76b0ca04889548169d2ae4beec7de08",
            "ssdeep": "49152:irHz8BkRf1bUNMHhsR9g4sbOJlMngI0yL5FWmOS/NrYRz6uggvxKRIHri:irY6jcuvbO7Mge1lOStK6YKRIHri",
            "bundle_info": {
                "highest_datetime": "1980-00-00 00:00:00",
                "lowest_datetime": "1980-00-00 00:00:00",
                "num_children": 559,
                "extensions": {
                    "xml": 234,
                    "dex": 1,
                    "MF": 1,
                    "pro": 1,
                    "RSA": 1,
                    "SF": 1,
                    "png": 282
                },
                "file_types": {
                    "XML": 234,
                    "unknown": 42,
                    "DEX": 1,
                    "PNG": 282
                },
                "type": "APK",
                "uncompressed_size": 4848052
            },
            "md5": "e2ed502e12e07cb6cb88c5a897dcbec6",
            "androguard": {
                "VTAndroidInfo": 1.41,
                "AndroidApplicationError": false,
                "MinSdkVersion": "23",
                "AndroguardVersion": "3.0-dev",
                "Activities": [
                    "op27no2.parentscope.NavActivity",
                    "op27no2.parentscope.RecordActivity",
                    "op27no2.parentscope.VideoActivity",
                    "op27no2.parentscope.MonitoredActivity",
                    "op27no2.parentscope.PasswordActivity",
                    "op27no2.parentscope.AcquireScreenshotPermissionIntent",
                    "op27no2.parentscope.BriefActivity",
                    "op27no2.parentscope.DeviceListActivity",
                    "op27no2.parentscope.BluetoothChat",
                    "com.android.billingclient.api.ProxyBillingActivity"
                ],
                "certificate": {
                    "Subject": {
                        "DN": "CN:Joshua Crist, ST:MD",
                        "CN": "Joshua Crist",
                        "ST": "MD"
                    },
                    "validto": "2044-03-14 03:01:34",
                    "serialnumber": "6815eefc",
                    "thumbprint": "e4de3ef478b8e7f958e1e310f9d0deb42fbdd558",
                    "validfrom": "2019-03-21 03:01:34",
                    "Issuer": {
                        "DN": "CN:Joshua Crist, ST:MD",
                        "CN": "Joshua Crist",
                        "ST": "MD"
                    }
                },
                "AndroidApplication": 1,
                "RiskIndicator": {
                    "APK": {
                        "DEX": 1
                    },
                    "PERM": {
                        "PRIVACY": 2,
                        "DANGEROUS": 3,
                        "NORMAL": 2,
                        "SIGNATUREORSYSTEM": 1,
                        "INTERNET": 1,
                        "GPS": 1
                    }
                },
                "Services": [
                    "op27no2.parentscope.MyService"
                ],
                "AndroidVersionCode": "3",
                "main_activity": "op27no2.parentscope.NavActivity",
                "Package": "op27no2.parentscope",
                "intent_filters": {
                    "Services": {},
                    "Activities": {
                        "op27no2.parentscope.NavActivity": {
                            "action": [
                                "android.intent.action.MAIN"
                            ],
                            "category": [
                                "android.intent.category.LAUNCHER"
                            ]
                        }
                    },
                    "Receivers": {
                        "op27no2.parentscope.BootBroadcastReceiver": {
                            "action": [
                                "android.intent.action.LOCKED_BOOT_COMPLETED",
                                "android.intent.action.BOOT_COMPLETED",
                                "android.intent.action.USER_PRESENT",
                                "android.intent.action.QUICKBOOT_POWERON",
                                "com.htc.intent.action.QUICKBOOT_POWERON"
                            ],
                            "category": [
                                "android.intent.category.DEFAULT"
                            ]
                        },
                        "op27no2.parentscope.RestarterBroadcastReceiver": {
                            "action": [
                                "com.parentscope.ReceiverDem"
                            ]
                        }
                    }
                },
                "AndroidVersionName": "1.11",
                "TargetSdkVersion": "28",
                "AndroidApplicationInfo": "APK",
                "Providers": [
                    "com.crashlytics.android.CrashlyticsInitProvider"
                ],
                "permission_details": {
                    "android.permission.READ_EXTERNAL_STORAGE": {
                        "short_description": "read from external storage",
                        "full_description": "Allows an application to read from external storage",
                        "permission_type": "normal"
                    },
                    "android.permission.RECEIVE_BOOT_COMPLETED": {
                        "short_description": "automatically start at boot",
                        "full_description": "Allows an application to start itself as soon as the system has finished booting. This can make it take longer to start the phone and allow the application to slow down the overall phone by always running.",
                        "permission_type": "normal"
                    },
                    "android.permission.ACCESS_COARSE_LOCATION": {
                        "short_description": "coarse (network-based) location",
                        "full_description": "Access coarse location sources, such as the mobile network database, to determine an approximate phone location, where available. Malicious applications can use this to determine approximately where you are.",
                        "permission_type": "dangerous"
                    },
                    "android.permission.PACKAGE_USAGE_STATS": {
                        "short_description": "update component usage statistics",
                        "full_description": "Allows the modification of collected component usage statistics. Not for use by normal applications.",
                        "permission_type": "signatureOrSystem"
                    },
                    "android.permission.BLUETOOTH": {
                        "short_description": "create Bluetooth connections",
                        "full_description": "Allows an application to view configuration of the local Bluetooth phone and to make and accept connections with paired devices.",
                        "permission_type": "dangerous"
                    },
                    "android.permission.RECORD_AUDIO": {
                        "short_description": "record audio",
                        "full_description": "Allows application to access the audio record path.",
                        "permission_type": "dangerous"
                    },
                    "android.permission.INTERNET": {
                        "short_description": "full Internet access",
                        "full_description": "Allows an application to create network sockets.",
                        "permission_type": "dangerous"
                    },
                    "android.permission.FOREGROUND_SERVICE": {
                        "short_description": "Unknown permission from android reference",
                        "full_description": "Unknown permission from android reference",
                        "permission_type": "normal"
                    },
                    "android.permission.WRITE_EXTERNAL_STORAGE": {
                        "short_description": "modify/delete SD card contents",
                        "full_description": "Allows an application to write to the SD card.",
                        "permission_type": "dangerous"
                    },
                    "com.android.vending.BILLING": {
                        "short_description": "Unknown permission from android reference",
                        "full_description": "Unknown permission from android reference",
                        "permission_type": "normal"
                    },
                    "android.permission.BLUETOOTH_ADMIN": {
                        "short_description": "bluetooth administration",
                        "full_description": "Allows an application to configure the local Bluetooth phone and to discover and pair with remote devices.",
                        "permission_type": "dangerous"
                    }
                },
                "Receivers": [
                    "op27no2.parentscope.RestarterBroadcastReceiver",
                    "op27no2.parentscope.BootBroadcastReceiver"
                ],
                "StringsInformation": [
                    "http://",
                    "http://schemas.android.com/apk/res-auto",
                    "http://schemas.android.com/apk/res/android",
                    "https://",
                    "https://e.crashlytics.com/spi/v2/events",
                    "https://settings.crashlytics.com/spi/v2/platforms/android/apps/%s/settings"
                ]
            },
            "magic": "Zip archive data",
            "last_analysis_stats": {
                "harmless": 0,
                "type-unsupported": 11,
                "suspicious": 0,
                "confirmed-timeout": 0,
                "timeout": 0,
                "failure": 0,
                "malicious": 0,
                "undetected": 63
            },
            "meaningful_name": "op27no2.parentscope.apk",
            "reputation": 0
        },
        "type": "file",
        "id": "0001605a9ccea2039e2c037e937a1cbb5fffe7181aea3b2cf7aece709ea04cb6",
        "links": {
            "self": "https://www.virustotal.com/api/v3/files/0001605a9ccea2039e2c037e937a1cbb5fffe7181aea3b2cf7aece709ea04cb6"
        }
    }
}