{
    "data": {
        "attributes": {
            "type_description": "Android",
            "vhash": "0d960e034dbb03af813576ca0a8291b3",
            "trid": [
                {
                    "file_type": "Android Package",
                    "probability": 50.4
                },
                {
                    "file_type": "Java Archive",
                    "probability": 13.9
                },
                {
                    "file_type": "BlueEyes Animation",
                    "probability": 12.9
                },
                {
                    "file_type": "Sweet Home 3D design (generic)",
                    "probability": 10.0
                },
                {
                    "file_type": "Mozilla Firefox browser extension",
                    "probability": 7.6
                }
            ],
            "names": [
                "soaayDkjvIj6Bzo",
                "0007e0f72f6e2b15968196cd62b8372a717f31837efd3c2fc2d16d4db5b11106-1384441200000"
            ],
            "last_modification_date": 1557589254,
            "type_tag": "android",
            "times_submitted": 3,
            "total_votes": {
                "harmless": 0,
                "malicious": 0
            },
            "size": 4147812,
            "type_extension": "apk",
            "last_submission_date": 1541721960,
            "last_analysis_results": {
                "Bkav": {
                    "category": "undetected",
                    "engine_name": "Bkav",
                    "engine_version": "1.3.0.10239",
                    "result": null,
                    "method": "blacklist",
                    "engine_update": "20190510"
                },
                "Lionic": {
                    "category": "undetected",
                    "engine_name": "AegisLab",
                    "engine_version": "4.2",
                    "result": null,
                    "method": "blacklist",
                    "engine_update": "20190510"
                },
                "MicroWorld-eScan": {
                    "category": "undetected",
                    "engine_name": "MicroWorld-eScan",
                    "engine_version": "14.0.297.0",
                    "result": null,
                    "method": "blacklist",
                    "engine_update": "20190510"
                },
                "CMC": {
                    "category": "undetected",
                    "engine_name": "CMC",
                    "engine_version": "1.1.0.977",
                    "result": null,
                    "method": "blacklist",
                    "engine_update": "20190321"
                },
                "CAT-QuickHeal": {
                    "category": "undetected",
                    "engine_name": "CAT-QuickHeal",
                    "engine_version": "14.00",
                    "result": null,
                    "method": "blacklist",
                    "engine_update": "20190509"
                },
                "McAfee": {
                    "category": "undetected",
                    "engine_name": "McAfee",
                    "engine_version": "6.0.6.653",
                    "result": null,
                    "method": "blacklist",
                    "engine_update": "20190503"
                },
                "Malwarebytes": {
                    "category": "undetected",
                    "engine_name": "Malwarebytes",
                    "engine_version": "2.1.1.1115",
                    "result": null,
                    "method": "blacklist",
                    "engine_update": "20190510"
                },
                "Paloalto": {
                    "category": "type-unsupported",
                    "engine_name": "Paloalto",
                    "engine_version": "1.0",
                    "result": null,
                    "method": "blacklist",
                    "engine_update": "20190510"
                },
                "TheHacker": {
                    "category": "undetected",
                    "engine_name": "TheHacker",
                    "engine_version": "6.8.0.5.4206",
                    "result": null,
                    "method": "blacklist",
                    "engine_update": "20190506"
                },
                "BitDefender": {
                    "category": "undetected",
                    "engine_name": "BitDefender",
                    "engine_version": "7.2",
                    "result": null,
                    "method": "blacklist",
                    "engine_update": "20190510"
                },
                "K7GW": {
                    "category": "undetected",
                    "engine_name": "K7GW",
                    "engine_version": "11.42.30865",
                    "result": null,
                    "method": "blacklist",
                    "engine_update": "20190510"
                },
                "K7AntiVirus": {
                    "category": "undetected",
                    "engine_name": "K7AntiVirus",
                    "engine_version": "11.42.30866",
                    "result": null,
                    "method": "blacklist",
                    "engine_update": "20190510"
                },
                "Arcabit": {
                    "category": "undetected",
                    "engine_name": "Arcabit",
                    "engine_version": "1.0.0.845",
                    "result": null,
                    "method": "blacklist",
                    "engine_update": "20190510"
                },
                "Invincea": {
                    "category": "type-unsupported",
                    "engine_name": "Invincea",
                    "engine_version": "6.3.6.26157",
                    "result": null,
                    "method": "blacklist",
                    "engine_update": "20190313"
                },
                "Baidu": {
                    "category": "undetected",
                    "engine_name": "Baidu",
                    "engine_version": "1.0.0.2",
                    "result": null,
                    "method": "blacklist",
                    "engine_update": "20190318"
                },
                "Babable": {
                    "category": "undetected",
                    "engine_name": "Babable",
                    "engine_version": "9107201",
                    "result": null,
                    "method": "blacklist",
                    "engine_update": "20190424"
                },
                "Cyren": {
                    "category": "undetected",
                    "engine_name": "Cyren",
                    "engine_version": "6.2.0.1",
                    "result": null,
                    "method": "blacklist",
                    "engine_update": "20190510"
                },
                "SymantecMobileInsight": {
                    "category": "undetected",
                    "engine_name": "SymantecMobileInsight",
                    "engine_version": "2.0",
                    "result": null,
                    "method": "blacklist",
                    "engine_update": "20190509"
                },
                "Symantec": {
                    "category": "undetected",
                    "engine_name": "Symantec",
                    "engine_version": "1.9.0.0",
                    "result": null,
                    "method": "blacklist",
                    "engine_update": "20190510"
                },
                "TotalDefense": {
                    "category": "undetected",
                    "engine_name": "TotalDefense",
                    "engine_version": "37.1.62.1",
                    "result": null,
                    "method": "blacklist",
                    "engine_update": "20190510"
                },
                "TrendMicro-HouseCall": {
                    "category": "undetected",
                    "engine_name": "TrendMicro-HouseCall",
                    "engine_version": "10.0.0.1040",
                    "result": null,
                    "method": "blacklist",
                    "engine_update": "20190510"
                },
                "Avast": {
                    "category": "undetected",
                    "engine_name": "Avast",
                    "engine_version": "18.4.3895.0",
                    "result": null,
                    "method": "blacklist",
                    "engine_update": "20190511"
                },
                "ClamAV": {
                    "category": "undetected",
                    "engine_name": "ClamAV",
                    "engine_version": "0.101.2.0",
                    "result": null,
                    "method": "blacklist",
                    "engine_update": "20190510"
                },
                "Kaspersky": {
                    "category": "undetected",
                    "engine_name": "Kaspersky",
                    "engine_version": "15.0.1.13",
                    "result": null,
                    "method": "blacklist",
                    "engine_update": "20190510"
                },
                "Alibaba": {
                    "category": "undetected",
                    "engine_name": "Alibaba",
                    "engine_version": "0.4.0.6",
                    "result": null,
                    "method": "blacklist",
                    "engine_update": "20190426"
                },
                "NANO-Antivirus": {
                    "category": "undetected",
                    "engine_name": "NANO-Antivirus",
                    "engine_version": "1.0.134.24788",
                    "result": null,
                    "method": "blacklist",
                    "engine_update": "20190510"
                },
                "ViRobot": {
                    "category": "undetected",
                    "engine_name": "ViRobot",
                    "engine_version": "2014.3.20.0",
                    "result": null,
                    "method": "blacklist",
                    "engine_update": "20190510"
                },
                "Rising": {
                    "category": "undetected",
                    "engine_name": "Rising",
                    "engine_version": "25.0.0.24",
                    "result": null,
                    "method": "blacklist",
                    "engine_update": "20190510"
                },
                "Ad-Aware": {
                    "category": "undetected",
                    "engine_name": "Ad-Aware",
                    "engine_version": "3.0.5.370",
                    "result": null,
                    "method": "blacklist",
                    "engine_update": "20190510"
                },
                "Trustlook": {
                    "category": "undetected",
                    "engine_name": "Trustlook",
                    "engine_version": "1.0",
                    "result": null,
                    "method": "blacklist",
                    "engine_update": "20190510"
                },
                "Sophos": {
                    "category": "undetected",
                    "engine_name": "Sophos",
                    "engine_version": "4.98.0",
                    "result": null,
                    "method": "blacklist",
                    "engine_update": "20190510"
                },
                "Comodo": {
                    "category": "undetected",
                    "engine_name": "Comodo",
                    "engine_version": "30844",
                    "result": null,
                    "method": "blacklist",
                    "engine_update": "20190510"
                },
                "F-Secure": {
                    "category": "undetected",
                    "engine_name": "F-Secure",
                    "engine_version": "12.0.86.52",
                    "result": null,
                    "method": "blacklist",
                    "engine_update": "20190510"
                },
                "DrWeb": {
                    "category": "undetected",
                    "engine_name": "DrWeb",
                    "engine_version": "7.0.34.11020",
                    "result": null,
                    "method": "blacklist",
                    "engine_update": "20190510"
                },
                "VIPRE": {
                    "category": "undetected",
                    "engine_name": "VIPRE",
                    "engine_version": "74930",
                    "result": null,
                    "method": "blacklist",
                    "engine_update": "20190510"
                },
                "TrendMicro": {
                    "category": "undetected",
                    "engine_name": "TrendMicro",
                    "engine_version": "10.0.0.1040",
                    "result": null,
                    "method": "blacklist",
                    "engine_update": "20190511"
                },
                "McAfee-GW-Edition": {
                    "category": "undetected",
                    "engine_name": "McAfee-GW-Edition",
                    "engine_version": "v2017.3010",
                    "result": null,
                    "method": "blacklist",
                    "engine_update": "20190510"
                },
                "Trapmine": {
                    "category": "type-unsupported",
                    "engine_name": "Trapmine",
                    "engine_version": "3.1.52.760",
                    "result": null,
                    "method": "blacklist",
                    "engine_update": "20190325"
                },
                "FireEye": {
                    "category": "undetected",
                    "engine_name": "FireEye",
                    "engine_version": "29.7.0.0",
                    "result": null,
                    "method": "blacklist",
                    "engine_update": "20190510"
                },
                "Emsisoft": {
                    "category": "undetected",
                    "engine_name": "Emsisoft",
                    "engine_version": "2018.4.0.1029",
                    "result": null,
                    "method": "blacklist",
                    "engine_update": "20190510"
                },
                "Ikarus": {
                    "category": "malicious",
                    "engine_name": "Ikarus",
                    "engine_version": "0.1.5.2",
                    "result": "PUA.AndroidOS.RuanBao",
                    "method": "blacklist",
                    "engine_update": "20190510"
                },
                "F-Prot": {
                    "category": "undetected",
                    "engine_name": "F-Prot",
                    "engine_version": "4.7.1.166",
                    "result": null,
                    "method": "blacklist",
                    "engine_update": "20190511"
                },
                "Jiangmin": {
                    "category": "undetected",
                    "engine_name": "Jiangmin",
                    "engine_version": "16.0.100",
                    "result": null,
                    "method": "blacklist",
                    "engine_update": "20190510"
                },
                "Webroot": {
                    "category": "type-unsupported",
                    "engine_name": "Webroot",
                    "engine_version": "1.0.0.403",
                    "result": null,
                    "method": "blacklist",
                    "engine_update": "20190510"
                },
                "Avira": {
                    "category": "undetected",
                    "engine_name": "Avira",
                    "engine_version": "8.3.3.8",
                    "result": null,
                    "method": "blacklist",
                    "engine_update": "20190510"
                },
                "eGambit": {
                    "category": "type-unsupported",
                    "engine_name": "eGambit",
                    "engine_version": "v4.3.6",
                    "result": null,
                    "method": "blacklist",
                    "engine_update": "20190510"
                },
                "Antiy-AVL": {
                    "category": "undetected",
                    "engine_name": "Antiy-AVL",
                    "engine_version": "3.0.0.1",
                    "result": null,
                    "method": "blacklist",
                    "engine_update": "20190510"
                },
                "Kingsoft": {
                    "category": "undetected",
                    "engine_name": "Kingsoft",
                    "engine_version": "2013.8.14.323",
                    "result": null,
                    "method": "blacklist",
                    "engine_update": "20190510"
                },
                "Endgame": {
                    "category": "type-unsupported",
                    "engine_name": "Endgame",
                    "engine_version": "3.0.9",
                    "result": null,
                    "method": "blacklist",
                    "engine_update": "20190403"
                },
                "Microsoft": {
                    "category": "undetected",
                    "engine_name": "Microsoft",
                    "engine_version": "1.1.15900.4",
                    "result": null,
                    "method": "blacklist",
                    "engine_update": "20190510"
                },
                "SUPERAntiSpyware": {
                    "category": "undetected",
                    "engine_name": "SUPERAntiSpyware",
                    "engine_version": "5.6.0.1032",
                    "result": null,
                    "method": "blacklist",
                    "engine_update": "20190507"
                },
                "ZoneAlarm": {
                    "category": "undetected",
                    "engine_name": "ZoneAlarm",
                    "engine_version": "1.0",
                    "result": null,
                    "method": "blacklist",
                    "engine_update": "20190510"
                },
                "Avast-Mobile": {
                    "category": "undetected",
                    "engine_name": "Avast-Mobile",
                    "engine_version": "190510-00",
                    "result": null,
                    "method": "blacklist",
                    "engine_update": "20190510"
                },
                "GData": {
                    "category": "undetected",
                    "engine_name": "GData",
                    "engine_version": "A:25.21884B:25.15045",
                    "result": null,
                    "method": "blacklist",
                    "engine_update": "20190510"
                },
                "SentinelOne": {
                    "category": "type-unsupported",
                    "engine_name": "SentinelOne",
                    "engine_version": "1.0.26.322",
                    "result": null,
                    "method": "blacklist",
                    "engine_update": "20190508"
                },
                "AhnLab-V3": {
                    "category": "undetected",
                    "engine_name": "AhnLab-V3",
                    "engine_version": "3.15.1.23978",
                    "result": null,
                    "method": "blacklist",
                    "engine_update": "20190510"
                },
                "Acronis": {
                    "category": "type-unsupported",
                    "engine_name": "Acronis",
                    "engine_version": "1.0.1.48",
                    "result": null,
                    "method": "blacklist",
                    "engine_update": "20190504"
                },
                "VBA32": {
                    "category": "undetected",
                    "engine_name": "VBA32",
                    "engine_version": "4.0.0",
                    "result": null,
                    "method": "blacklist",
                    "engine_update": "20190510"
                },
                "ALYac": {
                    "category": "undetected",
                    "engine_name": "ALYac",
                    "engine_version": "1.1.1.5",
                    "result": null,
                    "method": "blacklist",
                    "engine_update": "20190510"
                },
                "TACHYON": {
                    "category": "undetected",
                    "engine_name": "TACHYON",
                    "engine_version": "2019-05-10.02",
                    "result": null,
                    "method": "blacklist",
                    "engine_update": "20190510"
                },
                "Zoner": {
                    "category": "undetected",
                    "engine_name": "Zoner",
                    "engine_version": "1.0",
                    "result": null,
                    "method": "blacklist",
                    "engine_update": "20190510"
                },
                "ESET-NOD32": {
                    "category": "undetected",
                    "engine_name": "ESET-NOD32",
                    "engine_version": "19333",
                    "result": null,
                    "method": "blacklist",
                    "engine_update": "20190510"
                },
                "Tencent": {
                    "category": "undetected",
                    "engine_name": "Tencent",
                    "engine_version": "1.0.0.1",
                    "result": null,
                    "method": "blacklist",
                    "engine_update": "20190510"
                },
                "Yandex": {
                    "category": "undetected",
                    "engine_name": "Yandex",
                    "engine_version": "5.5.1.3",
                    "result": null,
                    "method": "blacklist",
                    "engine_update": "20190501"
                },
                "MAX": {
                    "category": "undetected",
                    "engine_name": "MAX",
                    "engine_version": "2018.9.12.1",
                    "result": null,
                    "method": "blacklist",
                    "engine_update": "20190510"
                },
                "MaxSecure": {
                    "category": "undetected",
                    "engine_name": "MaxSecure",
                    "engine_version": "1.0.0.1",
                    "result": null,
                    "method": "blacklist",
                    "engine_update": "20190509"
                },
                "Fortinet": {
                    "category": "undetected",
                    "engine_name": "Fortinet",
                    "engine_version": "5.4.247.0",
                    "result": null,
                    "method": "blacklist",
                    "engine_update": "20190510"
                },
                "AVG": {
                    "category": "undetected",
                    "engine_name": "AVG",
                    "engine_version": "18.4.3895.0",
                    "result": null,
                    "method": "blacklist",
                    "engine_update": "20190511"
                },
                "Cybereason": {
                    "category": "type-unsupported",
                    "engine_name": "Cybereason",
                    "engine_version": "1.2.449",
                    "result": null,
                    "method": "blacklist",
                    "engine_update": "20190417"
                },
                "Panda": {
                    "category": "undetected",
                    "engine_name": "Panda",
                    "engine_version": "4.6.4.2",
                    "result": null,
                    "method": "blacklist",
                    "engine_update": "20190510"
                },
                "CrowdStrike": {
                    "category": "type-unsupported",
                    "engine_name": "CrowdStrike",
                    "engine_version": "1.0",
                    "result": null,
                    "method": "blacklist",
                    "engine_update": "20190212"
                },
                "Qihoo-360": {
                    "category": "undetected",
                    "engine_name": "Qihoo-360",
                    "engine_version": "1.0.0.1120",
                    "result": null,
                    "method": "blacklist",
                    "engine_update": "20190510"
                }
            },
            "sha256": "0007e0f72f6e2b15968196cd62b8372a717f31837efd3c2fc2d16d4db5b11106",
            "tags": [
                "apk",
                "android"
            ],
            "last_analysis_date": 1557484294,
            "unique_sources": 3,
            "first_submission_date": 1392208128,
            "sha1": "8980f0e3e848e59935fb4e464f7c495172d376b2",
            "ssdeep": "98304:hyVKDV5jZxDuW+GD2C+iIQinJVaMRlpRY99p0VQt:lLbN52N9QzMROngE",
            "bundle_info": {
                "highest_datetime": "2013-10-21 15:12:48",
                "lowest_datetime": "2013-10-14 09:29:14",
                "num_children": 92,
                "extensions": {
                    "xml": 16,
                    "dex": 1,
                    "MF": 1,
                    "RSA": 1,
                    "jpg": 6,
                    "apk": 1,
                    "SF": 1,
                    "png": 64
                },
                "file_types": {
                    "XML": 16,
                    "DEX": 1,
                    "ZIP": 1,
                    "unknown": 4,
                    "JPG": 6,
                    "PNG": 64
                },
                "type": "APK",
                "uncompressed_size": 4165179
            },
            "md5": "4c3facb2ae008662cac1483ac13f8a77",
            "androguard": {
                "Activities": [
                    "com.baoruan.theme.lfccqdiabBCodGGdpDT.MainActivity"
                ],
                "AndroidVersionCode": "3",
                "main_activity": "com.baoruan.theme.lfccqdiabBCodGGdpDT.MainActivity",
                "certificate": {
                    "Subject": {
                        "DN": "C:zh, CN:baoruan, L:xiamen, O:baoruan, ST:fujian, OU:baoruan",
                        "C": "zh",
                        "CN": "baoruan",
                        "L": "xiamen",
                        "O": "baoruan",
                        "ST": "fujian",
                        "OU": "baoruan"
                    },
                    "validto": "02:30 AM 05/03/2231",
                    "serialnumber": "4f90ca4a",
                    "thumbprint": "b825b459b5b0a777be29a926b56d771ca0b1c12d",
                    "validfrom": "02:30 AM 04/20/2012",
                    "Issuer": {
                        "DN": "C:zh, CN:baoruan, L:xiamen, O:baoruan, ST:fujian, OU:baoruan",
                        "C": "zh",
                        "CN": "baoruan",
                        "L": "xiamen",
                        "O": "baoruan",
                        "ST": "fujian",
                        "OU": "baoruan"
                    }
                },
                "VTAndroidInfo": 1.41,
                "Package": "com.baoruan.theme.lfccqdiabBCodGGdpDT",
                "intent_filters": {
                    "Services": {},
                    "Activities": {
                        "com.baoruan.theme.lfccqdiabBCodGGdpDT.MainActivity": {
                            "action": [
                                "android.intent.action.MAIN",
                                "com.baoruan.launcher.ACTION_THEME"
                            ],
                            "category": [
                                "android.intent.category.LAUNCHER",
                                "android.intent.category.DEFAULT"
                            ]
                        }
                    },
                    "Receivers": {}
                },
                "AndroidApplication": 1,
                "SourceFile": "r:\\sav6\\work_channel1_1\\02091995",
                "permission_details": {
                    "android.permission.GET_TASKS": {
                        "short_description": "retrieve running applications",
                        "full_description": "Allows application to retrieve information about currently and recently running tasks. May allow malicious applications to discover private information about other applications.",
                        "permission_type": "dangerous"
                    },
                    "android.permission.WRITE_EXTERNAL_STORAGE": {
                        "short_description": "modify/delete SD card contents",
                        "full_description": "Allows an application to write to the SD card.",
                        "permission_type": "dangerous"
                    },
                    "android.permission.INTERNET": {
                        "short_description": "full Internet access",
                        "full_description": "Allows an application to create network sockets.",
                        "permission_type": "dangerous"
                    },
                    "android.permission.ACCESS_NETWORK_STATE": {
                        "short_description": "view network status",
                        "full_description": "Allows an application to view the status of all networks.",
                        "permission_type": "normal"
                    }
                },
                "AndroidApplicationError": false,
                "AndroidVersionName": "2.0",
                "RiskIndicator": {
                    "APK": {
                        "DEX": 1,
                        "APK": 1
                    },
                    "PERM": {
                        "DANGEROUS": 2,
                        "INTERNET": 1,
                        "NORMAL": 1
                    }
                },
                "Services": [
                    "com.baoruan.theme.lfccqdiabBCodGGdpDT.DownloadService"
                ],
                "MinSdkVersion": "7",
                "AndroguardVersion": "3.0-dev",
                "AndroidApplicationInfo": "APK"
            },
            "magic": "Zip archive data, at least v2.0 to extract",
            "last_analysis_stats": {
                "harmless": 0,
                "type-unsupported": 10,
                "suspicious": 0,
                "confirmed-timeout": 0,
                "timeout": 0,
                "failure": 0,
                "malicious": 1,
                "undetected": 61
            },
            "meaningful_name": "soaayDkjvIj6Bzo",
            "reputation": 0
        },
        "type": "file",
        "id": "0007e0f72f6e2b15968196cd62b8372a717f31837efd3c2fc2d16d4db5b11106",
        "links": {
            "self": "https://www.virustotal.com/api/v3/files/0007e0f72f6e2b15968196cd62b8372a717f31837efd3c2fc2d16d4db5b11106"
        }
    }
}