{
    "data": {
        "attributes": {
            "type_description": "Android",
            "vhash": "9e72f347d9d0fff21cc81082f168bfaf",
            "trid": [
                {
                    "file_type": "Android Package",
                    "probability": 67.5
                },
                {
                    "file_type": "Java Archive",
                    "probability": 23.6
                },
                {
                    "file_type": "ZIP compressed archive",
                    "probability": 7.0
                },
                {
                    "file_type": "PrintFox/Pagefox bitmap (640x800)",
                    "probability": 1.7
                }
            ],
            "names": [
                "miz.m360.miz_105.apk"
            ],
            "last_modification_date": 1657738018,
            "type_tag": "android",
            "times_submitted": 4,
            "total_votes": {
                "harmless": 0,
                "malicious": 0
            },
            "size": 2765168,
            "popular_threat_classification": {
                "suggested_threat_label": "trojan.jiagu",
                "popular_threat_category": [
                    {
                        "count": 4,
                        "value": "trojan"
                    }
                ],
                "popular_threat_name": [
                    {
                        "count": 4,
                        "value": "jiagu"
                    }
                ]
            },
            "last_submission_date": 1602507618,
            "last_analysis_results": {
                "Bkav": {
                    "category": "undetected",
                    "engine_name": "Bkav",
                    "engine_version": "1.3.0.9899",
                    "result": null,
                    "method": "blacklist",
                    "engine_update": "20201012"
                },
                "Lionic": {
                    "category": "undetected",
                    "engine_name": "AegisLab",
                    "engine_version": "4.2",
                    "result": null,
                    "method": "blacklist",
                    "engine_update": "20201012"
                },
                "Elastic": {
                    "category": "type-unsupported",
                    "engine_name": "Elastic",
                    "engine_version": "4.0.10",
                    "result": null,
                    "method": "blacklist",
                    "engine_update": "20201006"
                },
                "ClamAV": {
                    "category": "undetected",
                    "engine_name": "ClamAV",
                    "engine_version": "0.102.3.0",
                    "result": null,
                    "method": "blacklist",
                    "engine_update": "20201011"
                },
                "FireEye": {
                    "category": "undetected",
                    "engine_name": "FireEye",
                    "engine_version": "32.36.1.0",
                    "result": null,
                    "method": "blacklist",
                    "engine_update": "20201012"
                },
                "CAT-QuickHeal": {
                    "category": "malicious",
                    "engine_name": "CAT-QuickHeal",
                    "engine_version": "14.00",
                    "result": "Android.Jiagu.A (PUP)",
                    "method": "blacklist",
                    "engine_update": "20201012"
                },
                "McAfee": {
                    "category": "undetected",
                    "engine_name": "McAfee",
                    "engine_version": "6.0.6.653",
                    "result": null,
                    "method": "blacklist",
                    "engine_update": "20201012"
                },
                "Malwarebytes": {
                    "category": "undetected",
                    "engine_name": "Malwarebytes",
                    "engine_version": "3.6.4.335",
                    "result": null,
                    "method": "blacklist",
                    "engine_update": "20201012"
                },
                "Zillya": {
                    "category": "malicious",
                    "engine_name": "Zillya",
                    "engine_version": "2.0.0.4197",
                    "result": "Trojan.130731.Linux.1",
                    "method": "blacklist",
                    "engine_update": "20201012"
                },
                "Sangfor": {
                    "category": "undetected",
                    "engine_name": "Sangfor",
                    "engine_version": "1.0",
                    "result": null,
                    "method": "blacklist",
                    "engine_update": "20200814"
                },
                "Trustlook": {
                    "category": "malicious",
                    "engine_name": "Trustlook",
                    "engine_version": "1.0",
                    "result": "Android.Malware.General (score:9)",
                    "method": "blacklist",
                    "engine_update": "20201012"
                },
                "Alibaba": {
                    "category": "undetected",
                    "engine_name": "Alibaba",
                    "engine_version": "0.3.0.5",
                    "result": null,
                    "method": "blacklist",
                    "engine_update": "20190527"
                },
                "K7GW": {
                    "category": "malicious",
                    "engine_name": "K7GW",
                    "engine_version": "11.145.35432",
                    "result": "Trojan ( 005259891 )",
                    "method": "blacklist",
                    "engine_update": "20201012"
                },
                "K7AntiVirus": {
                    "category": "undetected",
                    "engine_name": "K7AntiVirus",
                    "engine_version": "11.145.35432",
                    "result": null,
                    "method": "blacklist",
                    "engine_update": "20201012"
                },
                "Arcabit": {
                    "category": "undetected",
                    "engine_name": "Arcabit",
                    "engine_version": "1.0.0.881",
                    "result": null,
                    "method": "blacklist",
                    "engine_update": "20201012"
                },
                "TrendMicro": {
                    "category": "undetected",
                    "engine_name": "TrendMicro",
                    "engine_version": "11.0.0.1006",
                    "result": null,
                    "method": "blacklist",
                    "engine_update": "20201012"
                },
                "Baidu": {
                    "category": "undetected",
                    "engine_name": "Baidu",
                    "engine_version": "1.0.0.2",
                    "result": null,
                    "method": "blacklist",
                    "engine_update": "20190318"
                },
                "Cyren": {
                    "category": "undetected",
                    "engine_name": "Cyren",
                    "engine_version": "6.3.0.2",
                    "result": null,
                    "method": "blacklist",
                    "engine_update": "20201012"
                },
                "SymantecMobileInsight": {
                    "category": "malicious",
                    "engine_name": "SymantecMobileInsight",
                    "engine_version": "2.0",
                    "result": "AppRisk:Generisk",
                    "method": "blacklist",
                    "engine_update": "20200813"
                },
                "Symantec": {
                    "category": "undetected",
                    "engine_name": "Symantec",
                    "engine_version": "1.12.0.0",
                    "result": null,
                    "method": "blacklist",
                    "engine_update": "20201012"
                },
                "TotalDefense": {
                    "category": "undetected",
                    "engine_name": "TotalDefense",
                    "engine_version": "37.1.62.1",
                    "result": null,
                    "method": "blacklist",
                    "engine_update": "20201012"
                },
                "APEX": {
                    "category": "type-unsupported",
                    "engine_name": "APEX",
                    "engine_version": "6.80",
                    "result": null,
                    "method": "blacklist",
                    "engine_update": "20201010"
                },
                "TrendMicro-HouseCall": {
                    "category": "undetected",
                    "engine_name": "TrendMicro-HouseCall",
                    "engine_version": "10.0.0.1040",
                    "result": null,
                    "method": "blacklist",
                    "engine_update": "20201012"
                },
                "Avast": {
                    "category": "undetected",
                    "engine_name": "Avast",
                    "engine_version": "18.4.3895.0",
                    "result": null,
                    "method": "blacklist",
                    "engine_update": "20201012"
                },
                "Cynet": {
                    "category": "undetected",
                    "engine_name": "Cynet",
                    "engine_version": "4.0.0.24",
                    "result": null,
                    "method": "blacklist",
                    "engine_update": "20201012"
                },
                "Kaspersky": {
                    "category": "undetected",
                    "engine_name": "Kaspersky",
                    "engine_version": "15.0.1.13",
                    "result": null,
                    "method": "blacklist",
                    "engine_update": "20201012"
                },
                "BitDefender": {
                    "category": "undetected",
                    "engine_name": "BitDefender",
                    "engine_version": "7.2",
                    "result": null,
                    "method": "blacklist",
                    "engine_update": "20201012"
                },
                "NANO-Antivirus": {
                    "category": "undetected",
                    "engine_name": "NANO-Antivirus",
                    "engine_version": "1.0.134.25169",
                    "result": null,
                    "method": "blacklist",
                    "engine_update": "20201012"
                },
                "SUPERAntiSpyware": {
                    "category": "undetected",
                    "engine_name": "SUPERAntiSpyware",
                    "engine_version": "5.6.0.1032",
                    "result": null,
                    "method": "blacklist",
                    "engine_update": "20201009"
                },
                "MicroWorld-eScan": {
                    "category": "undetected",
                    "engine_name": "MicroWorld-eScan",
                    "engine_version": "14.0.409.0",
                    "result": null,
                    "method": "blacklist",
                    "engine_update": "20201012"
                },
                "Ad-Aware": {
                    "category": "undetected",
                    "engine_name": "Ad-Aware",
                    "engine_version": "3.0.16.117",
                    "result": null,
                    "method": "blacklist",
                    "engine_update": "20201012"
                },
                "Emsisoft": {
                    "category": "undetected",
                    "engine_name": "Emsisoft",
                    "engine_version": "2018.12.0.1641",
                    "result": null,
                    "method": "blacklist",
                    "engine_update": "20201012"
                },
                "Comodo": {
                    "category": "undetected",
                    "engine_name": "Comodo",
                    "engine_version": "32889",
                    "result": null,
                    "method": "blacklist",
                    "engine_update": "20201012"
                },
                "F-Secure": {
                    "category": "undetected",
                    "engine_name": "F-Secure",
                    "engine_version": "12.0.86.52",
                    "result": null,
                    "method": "blacklist",
                    "engine_update": "20201012"
                },
                "DrWeb": {
                    "category": "undetected",
                    "engine_name": "DrWeb",
                    "engine_version": "7.0.49.9080",
                    "result": null,
                    "method": "blacklist",
                    "engine_update": "20201012"
                },
                "VIPRE": {
                    "category": "undetected",
                    "engine_name": "VIPRE",
                    "engine_version": "87376",
                    "result": null,
                    "method": "blacklist",
                    "engine_update": "20201012"
                },
                "Invincea": {
                    "category": "undetected",
                    "engine_name": "Invincea",
                    "engine_version": "1.0.1.0",
                    "result": null,
                    "method": "blacklist",
                    "engine_update": "20201012"
                },
                "McAfee-GW-Edition": {
                    "category": "undetected",
                    "engine_name": "McAfee-GW-Edition",
                    "engine_version": "v2019.1.2+3728",
                    "result": null,
                    "method": "blacklist",
                    "engine_update": "20201011"
                },
                "SentinelOne": {
                    "category": "type-unsupported",
                    "engine_name": "SentinelOne",
                    "engine_version": "4.5.0.1",
                    "result": null,
                    "method": "blacklist",
                    "engine_update": "20201008"
                },
                "Trapmine": {
                    "category": "type-unsupported",
                    "engine_name": "Trapmine",
                    "engine_version": "3.5.0.1023",
                    "result": null,
                    "method": "blacklist",
                    "engine_update": "20200727"
                },
                "CMC": {
                    "category": "undetected",
                    "engine_name": "CMC",
                    "engine_version": "2.7.2019.1",
                    "result": null,
                    "method": "blacklist",
                    "engine_update": "20201012"
                },
                "Sophos": {
                    "category": "undetected",
                    "engine_name": "Sophos",
                    "engine_version": "4.98.0",
                    "result": null,
                    "method": "blacklist",
                    "engine_update": "20201012"
                },
                "Paloalto": {
                    "category": "type-unsupported",
                    "engine_name": "Paloalto",
                    "engine_version": "1.0",
                    "result": null,
                    "method": "blacklist",
                    "engine_update": "20201012"
                },
                "Avast-Mobile": {
                    "category": "undetected",
                    "engine_name": "Avast-Mobile",
                    "engine_version": "201012-00",
                    "result": null,
                    "method": "blacklist",
                    "engine_update": "20201012"
                },
                "Jiangmin": {
                    "category": "undetected",
                    "engine_name": "Jiangmin",
                    "engine_version": "16.0.100",
                    "result": null,
                    "method": "blacklist",
                    "engine_update": "20201012"
                },
                "Webroot": {
                    "category": "type-unsupported",
                    "engine_name": "Webroot",
                    "engine_version": "1.0.0.403",
                    "result": null,
                    "method": "blacklist",
                    "engine_update": "20201012"
                },
                "Avira": {
                    "category": "undetected",
                    "engine_name": "Avira",
                    "engine_version": "8.3.3.8",
                    "result": null,
                    "method": "blacklist",
                    "engine_update": "20201012"
                },
                "eGambit": {
                    "category": "type-unsupported",
                    "engine_name": "eGambit",
                    "engine_version": null,
                    "result": null,
                    "method": "blacklist",
                    "engine_update": "20201012"
                },
                "Antiy-AVL": {
                    "category": "malicious",
                    "engine_name": "Antiy-AVL",
                    "engine_version": "3.0.0.1",
                    "result": "Trojan/Script.Cloxer.d",
                    "method": "blacklist",
                    "engine_update": "20201012"
                },
                "Kingsoft": {
                    "category": "undetected",
                    "engine_name": "Kingsoft",
                    "engine_version": "2013.8.14.323",
                    "result": null,
                    "method": "blacklist",
                    "engine_update": "20201012"
                },
                "Microsoft": {
                    "category": "malicious",
                    "engine_name": "Microsoft",
                    "engine_version": "1.1.17500.4",
                    "result": "PUA:Win32/Presenoker",
                    "method": "blacklist",
                    "engine_update": "20201012"
                },
                "ViRobot": {
                    "category": "undetected",
                    "engine_name": "ViRobot",
                    "engine_version": "2014.3.20.0",
                    "result": null,
                    "method": "blacklist",
                    "engine_update": "20201012"
                },
                "ZoneAlarm": {
                    "category": "undetected",
                    "engine_name": "ZoneAlarm",
                    "engine_version": "1.0",
                    "result": null,
                    "method": "blacklist",
                    "engine_update": "20201012"
                },
                "GData": {
                    "category": "undetected",
                    "engine_name": "GData",
                    "engine_version": "A:25.27331B:27.20493",
                    "result": null,
                    "method": "blacklist",
                    "engine_update": "20201012"
                },
                "TACHYON": {
                    "category": "undetected",
                    "engine_name": "TACHYON",
                    "engine_version": "2020-10-12.02",
                    "result": null,
                    "method": "blacklist",
                    "engine_update": "20201012"
                },
                "AhnLab-V3": {
                    "category": "undetected",
                    "engine_name": "AhnLab-V3",
                    "engine_version": "3.18.2.10046",
                    "result": null,
                    "method": "blacklist",
                    "engine_update": "20201012"
                },
                "Acronis": {
                    "category": "type-unsupported",
                    "engine_name": "Acronis",
                    "engine_version": "1.1.1.78",
                    "result": null,
                    "method": "blacklist",
                    "engine_update": "20200917"
                },
                "BitDefenderTheta": {
                    "category": "undetected",
                    "engine_name": "BitDefenderTheta",
                    "engine_version": "7.2.37796.0",
                    "result": null,
                    "method": "blacklist",
                    "engine_update": "20201008"
                },
                "ALYac": {
                    "category": "undetected",
                    "engine_name": "ALYac",
                    "engine_version": "1.1.1.5",
                    "result": null,
                    "method": "blacklist",
                    "engine_update": "20201012"
                },
                "MAX": {
                    "category": "undetected",
                    "engine_name": "MAX",
                    "engine_version": "2019.9.16.1",
                    "result": null,
                    "method": "blacklist",
                    "engine_update": "20201012"
                },
                "VBA32": {
                    "category": "undetected",
                    "engine_name": "VBA32",
                    "engine_version": "4.4.1",
                    "result": null,
                    "method": "blacklist",
                    "engine_update": "20201012"
                },
                "Cylance": {
                    "category": "type-unsupported",
                    "engine_name": "Cylance",
                    "engine_version": "2.3.1.101",
                    "result": null,
                    "method": "blacklist",
                    "engine_update": "20201012"
                },
                "Zoner": {
                    "category": "malicious",
                    "engine_name": "Zoner",
                    "engine_version": "0.0.0.0",
                    "result": "Phishing.Android.Gen.5428978",
                    "method": "blacklist",
                    "engine_update": "20201011"
                },
                "ESET-NOD32": {
                    "category": "malicious",
                    "engine_name": "ESET-NOD32",
                    "engine_version": "22139",
                    "result": "a variant of Android/Packed.Jiagu.D potentially unsafe",
                    "method": "blacklist",
                    "engine_update": "20201012"
                },
                "Rising": {
                    "category": "undetected",
                    "engine_name": "Rising",
                    "engine_version": "25.0.0.26",
                    "result": null,
                    "method": "blacklist",
                    "engine_update": "20201012"
                },
                "Yandex": {
                    "category": "undetected",
                    "engine_name": "Yandex",
                    "engine_version": "5.5.2.24",
                    "result": null,
                    "method": "blacklist",
                    "engine_update": "20201008"
                },
                "Ikarus": {
                    "category": "malicious",
                    "engine_name": "Ikarus",
                    "engine_version": "0.1.5.2",
                    "result": "PUA.AndroidOS.Jiagu",
                    "method": "blacklist",
                    "engine_update": "20201012"
                },
                "MaxSecure": {
                    "category": "malicious",
                    "engine_name": "MaxSecure",
                    "engine_version": "1.0.0.1",
                    "result": "Trojan.AndroidOS.Iop.ak",
                    "method": "blacklist",
                    "engine_update": "20201010"
                },
                "Fortinet": {
                    "category": "malicious",
                    "engine_name": "Fortinet",
                    "engine_version": "6.2.142.0",
                    "result": "Riskware/Jiagu!Android",
                    "method": "blacklist",
                    "engine_update": "20201012"
                },
                "AVG": {
                    "category": "undetected",
                    "engine_name": "AVG",
                    "engine_version": "18.4.3895.0",
                    "result": null,
                    "method": "blacklist",
                    "engine_update": "20201012"
                },
                "Cybereason": {
                    "category": "type-unsupported",
                    "engine_name": "Cybereason",
                    "engine_version": "1.2.449",
                    "result": null,
                    "method": "blacklist",
                    "engine_update": "20190616"
                },
                "Panda": {
                    "category": "undetected",
                    "engine_name": "Panda",
                    "engine_version": "4.6.4.2",
                    "result": null,
                    "method": "blacklist",
                    "engine_update": "20201012"
                },
                "CrowdStrike": {
                    "category": "type-unsupported",
                    "engine_name": "CrowdStrike",
                    "engine_version": "1.0",
                    "result": null,
                    "method": "blacklist",
                    "engine_update": "20190702"
                },
                "Qihoo-360": {
                    "category": "undetected",
                    "engine_name": "Qihoo-360",
                    "engine_version": "1.0.0.1120",
                    "result": null,
                    "method": "blacklist",
                    "engine_update": "20201012"
                }
            },
            "sha256": "0009ab40a335a25a544895e434427d6abf73fed0a5cf478e3051d26157e53641",
            "type_extension": "apk",
            "tags": [
                "reflection",
                "apk",
                "runtime-modules",
                "contains-elf",
                "telephony",
                "android"
            ],
            "last_analysis_date": 1602507618,
            "unique_sources": 2,
            "first_submission_date": 1552047604,
            "sha1": "0877f8e1c9b59d9e0851ef785024fd41047968d1",
            "ssdeep": "49152:C0Rwh1+uCCwXRFWuo4jjpy7uVKBqh0mEJbQ7JbQvMJbQvBRG+o9ix3Pq7:C0RQ1+uCCoFloSjiuVKIsbmby0bKBQTn",
            "bundle_info": {
                "highest_datetime": "2017-05-26 15:41:44",
                "lowest_datetime": "2017-05-26 15:28:42",
                "num_children": 117,
                "extensions": {
                    "xml": 40,
                    "md": 2,
                    "MF": 1,
                    "RSA": 1,
                    "jpg": 1,
                    "dex": 1,
                    "so": 4,
                    "css": 2,
                    "ogg": 1,
                    "SF": 1,
                    "png": 59
                },
                "file_types": {
                    "XML": 39,
                    "DEX": 1,
                    "unknown": 12,
                    "ELF": 3,
                    "JPG": 1,
                    "HTML": 1,
                    "OGG": 1,
                    "PNG": 59
                },
                "type": "APK",
                "uncompressed_size": 2920202
            },
            "packers": {
                "F-PROT": "appended"
            },
            "md5": "68a819c9d1718276f9d143df85cf72d5",
            "androguard": {
                "VTAndroidInfo": 1.41,
                "AndroidApplicationError": false,
                "MinSdkVersion": "14",
                "AndroguardVersion": "3.0-dev",
                "Activities": [
                    "org.zywx.wbpalmstar.engine.EBrowserActivity",
                    "com.qihoo.util.appupdate.AppUpdateActivity",
                    "com.qihoo.util.CommonActivity",
                    "com.qihoo.ls.LsActivity",
                    "org.zywx.wbpalmstar.platform.mam.PolicyActivity",
                    "org.zywx.wbpalmstar.platform.mam.PolicyInfoActivity",
                    "org.zywx.wbpalmstar.engine.TempActivity",
                    "org.zywx.wbpalmstar.engine.LoadingActivity",
                    "com.qihoo.util.StartActivity"
                ],
                "certificate": {
                    "Subject": {
                        "DN": "C:liuyida1, ST:liuyida0",
                        "C": "liuyida1",
                        "ST": "liuyida0"
                    },
                    "validto": "2026-11-19 16:17:19",
                    "serialnumber": "58331e0f",
                    "thumbprint": "51112b8c78f7464d52c4c6ab6bf4c58ae6b7c191",
                    "validfrom": "2016-11-21 16:17:19",
                    "Issuer": {
                        "DN": "C:liuyida1, ST:liuyida0",
                        "C": "liuyida1",
                        "ST": "liuyida0"
                    }
                },
                "AndroidApplication": 1,
                "RiskIndicator": {
                    "APK": {
                        "DEX": 1,
                        "SHARED LIBRARIES": 3
                    },
                    "PERM": {
                        "DANGEROUS": 3,
                        "NORMAL": 5,
                        "INTERNET": 1,
                        "SIGNATUREORSYSTEMORDEVELOPMENT": 1,
                        "PRIVACY": 1
                    }
                },
                "Services": [
                    "com.qihoo.util.QhJobService",
                    "com.qihoo.util.CommonService",
                    "com.qihoo.util.CommonService2",
                    "com.qihoo.ls.SoService",
                    "com.qihoo.util.UpdateService",
                    "org.zywx.wbpalmstar.base.DebugService",
                    "org.zywx.wbpalmstar.base.killSelfService",
                    "org.zywx.wbpalmstar.platform.push.PushService"
                ],
                "AndroidVersionCode": "105",
                "main_activity": "com.qihoo.util.StartActivity",
                "Package": "miz.m360.miz",
                "intent_filters": {
                    "Services": {},
                    "Activities": {
                        "org.zywx.wbpalmstar.engine.EBrowserActivity": {
                            "action": [
                                "android.intent.action.VIEW"
                            ],
                            "category": [
                                "android.intent.category.DEFAULT",
                                "android.intent.category.BROWSABLE"
                            ]
                        },
                        "com.qihoo.util.StartActivity": {
                            "action": [
                                "android.intent.action.MAIN"
                            ],
                            "category": [
                                "android.intent.category.LAUNCHER"
                            ]
                        },
                        "org.zywx.wbpalmstar.engine.LoadingActivity": {
                            "action": [
                                "android.intent.action.MAIN"
                            ],
                            "category": [
                                "android.intent.category.DEFAULT"
                            ]
                        }
                    },
                    "Receivers": {
                        "org.zywx.wbpalmstar.platform.push.PushRecieveMsgReceiver": {
                            "action": [
                                "org.zywx.push.receive"
                            ]
                        },
                        "org.zywx.wbpalmstar.platform.push.PushBroadCastReceiver": {
                            "action": [
                                "android.intent.action.BOOT_COMPLETED"
                            ]
                        }
                    }
                },
                "AndroidVersionName": "06.01.0005",
                "TargetSdkVersion": "14",
                "AndroidApplicationInfo": "APK",
                "Providers": [
                    "com.qihoo.util.CommonProvider",
                    "org.zywx.wbpalmstar.base.ACEContentProvider"
                ],
                "permission_details": {
                    "android.permission.VIBRATE": {
                        "short_description": "control vibrator",
                        "full_description": "Allows the application to control the vibrator.",
                        "permission_type": "normal"
                    },
                    "android.permission.RECEIVE_BOOT_COMPLETED": {
                        "short_description": "automatically start at boot",
                        "full_description": "Allows an application to start itself as soon as the system has finished booting. This can make it take longer to start the phone and allow the application to slow down the overall phone by always running.",
                        "permission_type": "normal"
                    },
                    "android.permission.INTERNET": {
                        "short_description": "full Internet access",
                        "full_description": "Allows an application to create network sockets.",
                        "permission_type": "dangerous"
                    },
                    "android.permission.SYSTEM_ALERT_WINDOW": {
                        "short_description": "display system-level alerts",
                        "full_description": "Allows an application to show system-alert windows. Malicious applications can take over the entire screen of the phone.",
                        "permission_type": "dangerous"
                    },
                    "android.permission.READ_LOGS": {
                        "short_description": "read sensitive log data",
                        "full_description": "Allows an application to read from the system's various log files. This allows it to discover general information about what you are doing with the phone, potentially including personal or private information.",
                        "permission_type": "signatureOrSystemOrDevelopment"
                    },
                    "android.permission.ACCESS_WIFI_STATE": {
                        "short_description": "view Wi-Fi status",
                        "full_description": "Allows an application to view the information about the status of Wi-Fi.",
                        "permission_type": "normal"
                    },
                    "android.permission.WAKE_LOCK": {
                        "short_description": "prevent phone from sleeping",
                        "full_description": "Allows an application to prevent the phone from going to sleep.",
                        "permission_type": "normal"
                    },
                    "android.permission.CHANGE_WIFI_STATE": {
                        "short_description": "change Wi-Fi status",
                        "full_description": "Allows an application to connect to and disconnect from Wi-Fi access points and to make changes to configured Wi-Fi networks.",
                        "permission_type": "dangerous"
                    },
                    "android.permission.ACCESS_NETWORK_STATE": {
                        "short_description": "view network status",
                        "full_description": "Allows an application to view the status of all networks.",
                        "permission_type": "normal"
                    },
                    "android.permission.READ_PHONE_STATE": {
                        "short_description": "read phone state and identity",
                        "full_description": "Allows the application to access the phone features of the device. An application with this permission can determine the phone number and serial number of this phone, whether a call is active, the number that call is connected to and so on.",
                        "permission_type": "dangerous"
                    },
                    "android.permission.WRITE_EXTERNAL_STORAGE": {
                        "short_description": "modify/delete SD card contents",
                        "full_description": "Allows an application to write to the SD card.",
                        "permission_type": "dangerous"
                    }
                },
                "Receivers": [
                    "com.qihoo.util.CommonReceiver",
                    "org.zywx.wbpalmstar.platform.push.PushRecieveMsgReceiver",
                    "org.zywx.wbpalmstar.platform.push.PushBroadCastReceiver"
                ]
            },
            "magic": "Zip archive data, at least v2.0 to extract",
            "last_analysis_stats": {
                "harmless": 0,
                "type-unsupported": 11,
                "suspicious": 0,
                "confirmed-timeout": 0,
                "timeout": 0,
                "failure": 0,
                "malicious": 12,
                "undetected": 51
            },
            "meaningful_name": "miz.m360.miz_105.apk",
            "reputation": 0
        },
        "type": "file",
        "id": "0009ab40a335a25a544895e434427d6abf73fed0a5cf478e3051d26157e53641",
        "links": {
            "self": "https://www.virustotal.com/api/v3/files/0009ab40a335a25a544895e434427d6abf73fed0a5cf478e3051d26157e53641"
        }
    }
}