{
    "data": {
        "attributes": {
            "type_description": "Android",
            "tlsh": "T1CE85227AFA49E66BC1A27739F44B40CE33320E085765631A1B31E13C3BFB61D9766684",
            "vhash": "3e393afe2c22e7c84ec25d804dee00cc",
            "trid": [
                {
                    "file_type": "Android Package",
                    "probability": 46.6
                },
                {
                    "file_type": "Java Enterprise Archive",
                    "probability": 23.6
                },
                {
                    "file_type": "Java Archive",
                    "probability": 16.3
                },
                {
                    "file_type": "Google Earth saved working session",
                    "probability": 7.2
                },
                {
                    "file_type": "ZIP compressed archive",
                    "probability": 4.8
                }
            ],
            "names": [
                "022803",
                "VirusShare_586d2ac5c8e924ea4d204d8576a32509",
                "output.113732551.txt",
                "cnlxpzajxz10007.apk"
            ],
            "last_modification_date": 1657713944,
            "type_tag": "android",
            "times_submitted": 7,
            "total_votes": {
                "harmless": 0,
                "malicious": 0
            },
            "size": 1829748,
            "popular_threat_classification": {
                "suggested_threat_label": "trojan.shedun/revo",
                "popular_threat_category": [
                    {
                        "count": 8,
                        "value": "trojan"
                    },
                    {
                        "count": 4,
                        "value": "dropper"
                    },
                    {
                        "count": 3,
                        "value": "pua"
                    }
                ],
                "popular_threat_name": [
                    {
                        "count": 4,
                        "value": "shedun"
                    },
                    {
                        "count": 2,
                        "value": "revo"
                    },
                    {
                        "count": 2,
                        "value": "smsreg"
                    }
                ]
            },
            "last_submission_date": 1646515847,
            "last_analysis_results": {
                "Bkav": {
                    "category": "undetected",
                    "engine_name": "Bkav",
                    "engine_version": "1.3.0.9899",
                    "result": null,
                    "method": "blacklist",
                    "engine_update": "20220305"
                },
                "Lionic": {
                    "category": "malicious",
                    "engine_name": "Lionic",
                    "engine_version": "4.2",
                    "result": "Riskware.AndroidOS.SMSreg.z!c",
                    "method": "blacklist",
                    "engine_update": "20220305"
                },
                "Elastic": {
                    "category": "undetected",
                    "engine_name": "Elastic",
                    "engine_version": "4.0.35",
                    "result": null,
                    "method": "blacklist",
                    "engine_update": "20220302"
                },
                "DrWeb": {
                    "category": "malicious",
                    "engine_name": "DrWeb",
                    "engine_version": "7.0.52.8270",
                    "result": "Android.Triada.236.origin",
                    "method": "blacklist",
                    "engine_update": "20220305"
                },
                "MicroWorld-eScan": {
                    "category": "undetected",
                    "engine_name": "MicroWorld-eScan",
                    "engine_version": "14.0.409.0",
                    "result": null,
                    "method": "blacklist",
                    "engine_update": "20220305"
                },
                "FireEye": {
                    "category": "undetected",
                    "engine_name": "FireEye",
                    "engine_version": "32.44.1.0",
                    "result": null,
                    "method": "blacklist",
                    "engine_update": "20220305"
                },
                "CAT-QuickHeal": {
                    "category": "malicious",
                    "engine_name": "CAT-QuickHeal",
                    "engine_version": "14.00",
                    "result": "Android.Smsreg.EJ (PUP)",
                    "method": "blacklist",
                    "engine_update": "20220305"
                },
                "McAfee": {
                    "category": "malicious",
                    "engine_name": "McAfee",
                    "engine_version": "6.0.6.653",
                    "result": "Artemis!586D2AC5C8E9",
                    "method": "blacklist",
                    "engine_update": "20220305"
                },
                "Malwarebytes": {
                    "category": "undetected",
                    "engine_name": "Malwarebytes",
                    "engine_version": "4.2.2.27",
                    "result": null,
                    "method": "blacklist",
                    "engine_update": "20220305"
                },
                "VIPRE": {
                    "category": "undetected",
                    "engine_name": "VIPRE",
                    "engine_version": "98492",
                    "result": null,
                    "method": "blacklist",
                    "engine_update": "20220119"
                },
                "Sangfor": {
                    "category": "malicious",
                    "engine_name": "Sangfor",
                    "engine_version": "2.9.0.0",
                    "result": "Malware.Generic-Script.Save.5b333b13",
                    "method": "blacklist",
                    "engine_update": "20211224"
                },
                "K7AntiVirus": {
                    "category": "undetected",
                    "engine_name": "K7AntiVirus",
                    "engine_version": "11.251.41163",
                    "result": null,
                    "method": "blacklist",
                    "engine_update": "20220305"
                },
                "Alibaba": {
                    "category": "malicious",
                    "engine_name": "Alibaba",
                    "engine_version": "0.3.0.5",
                    "result": "TrojanDropper:Android/Shedun.695b7f5a",
                    "method": "blacklist",
                    "engine_update": "20190527"
                },
                "K7GW": {
                    "category": "malicious",
                    "engine_name": "K7GW",
                    "engine_version": "11.251.41164",
                    "result": "Trojan ( 00536a311 )",
                    "method": "blacklist",
                    "engine_update": "20220305"
                },
                "Trustlook": {
                    "category": "malicious",
                    "engine_name": "Trustlook",
                    "engine_version": "1.0",
                    "result": "Android.PUA.General",
                    "method": "blacklist",
                    "engine_update": "20220305"
                },
                "Arcabit": {
                    "category": "undetected",
                    "engine_name": "Arcabit",
                    "engine_version": "1.0.0.889",
                    "result": null,
                    "method": "blacklist",
                    "engine_update": "20220305"
                },
                "BitDefenderTheta": {
                    "category": "undetected",
                    "engine_name": "BitDefenderTheta",
                    "engine_version": "7.2.37796.0",
                    "result": null,
                    "method": "blacklist",
                    "engine_update": "20220303"
                },
                "VirIT": {
                    "category": "malicious",
                    "engine_name": "VirIT",
                    "engine_version": "9.5.147",
                    "result": "Android.Trj.DownLoader.MR",
                    "method": "blacklist",
                    "engine_update": "20220304"
                },
                "Cyren": {
                    "category": "malicious",
                    "engine_name": "Cyren",
                    "engine_version": "6.5.1.2",
                    "result": "AndroidOS/GhostPush.C.gen!Eldorado",
                    "method": "blacklist",
                    "engine_update": "20220305"
                },
                "SymantecMobileInsight": {
                    "category": "malicious",
                    "engine_name": "SymantecMobileInsight",
                    "engine_version": "2.0",
                    "result": "Other:Android.Reputation.1",
                    "method": "blacklist",
                    "engine_update": "20220208"
                },
                "Symantec": {
                    "category": "failure",
                    "engine_name": "Symantec",
                    "engine_version": "1.16.0.0",
                    "result": null,
                    "method": "blacklist",
                    "engine_update": "20220303"
                },
                "tehtris": {
                    "category": "type-unsupported",
                    "engine_name": "tehtris",
                    "engine_version": "v0.0.7",
                    "result": null,
                    "method": "blacklist",
                    "engine_update": "20220305"
                },
                "ESET-NOD32": {
                    "category": "malicious",
                    "engine_name": "ESET-NOD32",
                    "engine_version": "24891",
                    "result": "multiple detections",
                    "method": "blacklist",
                    "engine_update": "20220305"
                },
                "APEX": {
                    "category": "type-unsupported",
                    "engine_name": "APEX",
                    "engine_version": "6.267",
                    "result": null,
                    "method": "blacklist",
                    "engine_update": "20220304"
                },
                "TrendMicro-HouseCall": {
                    "category": "malicious",
                    "engine_name": "TrendMicro-HouseCall",
                    "engine_version": "10.0.0.1040",
                    "result": "TROJ_GEN.R002H06E321",
                    "method": "blacklist",
                    "engine_update": "20220305"
                },
                "Avast": {
                    "category": "malicious",
                    "engine_name": "Avast",
                    "engine_version": "21.1.5827.0",
                    "result": "Android:Revo-OU [Trj]",
                    "method": "blacklist",
                    "engine_update": "20220305"
                },
                "ClamAV": {
                    "category": "malicious",
                    "engine_name": "ClamAV",
                    "engine_version": "0.104.2.0",
                    "result": "Andr.Dropper.Smspay-6840244-0",
                    "method": "blacklist",
                    "engine_update": "20220305"
                },
                "Kaspersky": {
                    "category": "malicious",
                    "engine_name": "Kaspersky",
                    "engine_version": "21.0.1.45",
                    "result": "HEUR:Trojan-Dropper.AndroidOS.Wapnor.a",
                    "method": "blacklist",
                    "engine_update": "20220305"
                },
                "BitDefender": {
                    "category": "undetected",
                    "engine_name": "BitDefender",
                    "engine_version": "7.2",
                    "result": null,
                    "method": "blacklist",
                    "engine_update": "20220305"
                },
                "NANO-Antivirus": {
                    "category": "malicious",
                    "engine_name": "NANO-Antivirus",
                    "engine_version": "1.0.146.25563",
                    "result": "Trojan.Android.MLW.ebzlbe",
                    "method": "blacklist",
                    "engine_update": "20220305"
                },
                "ViRobot": {
                    "category": "undetected",
                    "engine_name": "ViRobot",
                    "engine_version": "2014.3.20.0",
                    "result": null,
                    "method": "blacklist",
                    "engine_update": "20220305"
                },
                "Tencent": {
                    "category": "malicious",
                    "engine_name": "Tencent",
                    "engine_version": "1.0.0.1",
                    "result": "a.gray.sexpayvid.w",
                    "method": "blacklist",
                    "engine_update": "20220305"
                },
                "Ad-Aware": {
                    "category": "undetected",
                    "engine_name": "Ad-Aware",
                    "engine_version": "3.0.21.193",
                    "result": null,
                    "method": "blacklist",
                    "engine_update": "20220305"
                },
                "TACHYON": {
                    "category": "undetected",
                    "engine_name": "TACHYON",
                    "engine_version": "2022-03-05.02",
                    "result": null,
                    "method": "blacklist",
                    "engine_update": "20220305"
                },
                "Emsisoft": {
                    "category": "undetected",
                    "engine_name": "Emsisoft",
                    "engine_version": "2021.5.0.7597",
                    "result": null,
                    "method": "blacklist",
                    "engine_update": "20220305"
                },
                "Comodo": {
                    "category": "malicious",
                    "engine_name": "Comodo",
                    "engine_version": "34412",
                    "result": "ApplicUnwnt@#3d0yaae71fgxp",
                    "method": "blacklist",
                    "engine_update": "20220305"
                },
                "F-Secure": {
                    "category": "undetected",
                    "engine_name": "F-Secure",
                    "engine_version": "12.0.86.52",
                    "result": null,
                    "method": "blacklist",
                    "engine_update": "20220305"
                },
                "Baidu": {
                    "category": "undetected",
                    "engine_name": "Baidu",
                    "engine_version": "1.0.0.2",
                    "result": null,
                    "method": "blacklist",
                    "engine_update": "20190318"
                },
                "Zillya": {
                    "category": "undetected",
                    "engine_name": "Zillya",
                    "engine_version": "2.0.0.4582",
                    "result": null,
                    "method": "blacklist",
                    "engine_update": "20220304"
                },
                "TrendMicro": {
                    "category": "undetected",
                    "engine_name": "TrendMicro",
                    "engine_version": "11.0.0.1006",
                    "result": null,
                    "method": "blacklist",
                    "engine_update": "20220305"
                },
                "McAfee-GW-Edition": {
                    "category": "undetected",
                    "engine_name": "McAfee-GW-Edition",
                    "engine_version": "v2019.1.2+3728",
                    "result": null,
                    "method": "blacklist",
                    "engine_update": "20220305"
                },
                "SentinelOne": {
                    "category": "type-unsupported",
                    "engine_name": "SentinelOne",
                    "engine_version": "7.2.0.1",
                    "result": null,
                    "method": "blacklist",
                    "engine_update": "20220201"
                },
                "Trapmine": {
                    "category": "type-unsupported",
                    "engine_name": "Trapmine",
                    "engine_version": "3.5.45.75",
                    "result": null,
                    "method": "blacklist",
                    "engine_update": "20220217"
                },
                "CMC": {
                    "category": "undetected",
                    "engine_name": "CMC",
                    "engine_version": "2.10.2019.1",
                    "result": null,
                    "method": "blacklist",
                    "engine_update": "20211026"
                },
                "Sophos": {
                    "category": "malicious",
                    "engine_name": "Sophos",
                    "engine_version": "1.4.1.0",
                    "result": "Andr/Rootnik-AI",
                    "method": "blacklist",
                    "engine_update": "20220305"
                },
                "Paloalto": {
                    "category": "type-unsupported",
                    "engine_name": "Paloalto",
                    "engine_version": "1.0",
                    "result": null,
                    "method": "blacklist",
                    "engine_update": "20220305"
                },
                "Avast-Mobile": {
                    "category": "malicious",
                    "engine_name": "Avast-Mobile",
                    "engine_version": "220305-00",
                    "result": "Android:Shedun-V [Trj]",
                    "method": "blacklist",
                    "engine_update": "20220305"
                },
                "Jiangmin": {
                    "category": "malicious",
                    "engine_name": "Jiangmin",
                    "engine_version": "16.0.100",
                    "result": "RiskTool.AndroidOS.fdlp",
                    "method": "blacklist",
                    "engine_update": "20220304"
                },
                "Webroot": {
                    "category": "type-unsupported",
                    "engine_name": "Webroot",
                    "engine_version": "1.0.0.403",
                    "result": null,
                    "method": "blacklist",
                    "engine_update": "20220305"
                },
                "Avira": {
                    "category": "malicious",
                    "engine_name": "Avira",
                    "engine_version": "8.3.3.14",
                    "result": "ANDROID/Agent.hutg",
                    "method": "blacklist",
                    "engine_update": "20220305"
                },
                "eGambit": {
                    "category": "type-unsupported",
                    "engine_name": "eGambit",
                    "engine_version": null,
                    "result": null,
                    "method": "blacklist",
                    "engine_update": "20220305"
                },
                "Antiy-AVL": {
                    "category": "malicious",
                    "engine_name": "Antiy-AVL",
                    "engine_version": "3.0.0.1",
                    "result": "Trojan/Generic.ASMalwAD.18",
                    "method": "blacklist",
                    "engine_update": "20220305"
                },
                "Kingsoft": {
                    "category": "undetected",
                    "engine_name": "Kingsoft",
                    "engine_version": "2017.9.26.565",
                    "result": null,
                    "method": "blacklist",
                    "engine_update": "20220305"
                },
                "Gridinsoft": {
                    "category": "undetected",
                    "engine_name": "Gridinsoft",
                    "engine_version": "1.0.74.174",
                    "result": null,
                    "method": "blacklist",
                    "engine_update": "20220305"
                },
                "Microsoft": {
                    "category": "malicious",
                    "engine_name": "Microsoft",
                    "engine_version": "1.1.18900.3",
                    "result": "Ransom:Win32/Eris",
                    "method": "blacklist",
                    "engine_update": "20220305"
                },
                "SUPERAntiSpyware": {
                    "category": "undetected",
                    "engine_name": "SUPERAntiSpyware",
                    "engine_version": "5.6.0.1032",
                    "result": null,
                    "method": "blacklist",
                    "engine_update": "20220305"
                },
                "ZoneAlarm": {
                    "category": "undetected",
                    "engine_name": "ZoneAlarm",
                    "engine_version": "1.0",
                    "result": null,
                    "method": "blacklist",
                    "engine_update": "20220305"
                },
                "GData": {
                    "category": "undetected",
                    "engine_name": "GData",
                    "engine_version": "A:25.32458B:27.26563",
                    "result": null,
                    "method": "blacklist",
                    "engine_update": "20220305"
                },
                "Cynet": {
                    "category": "malicious",
                    "engine_name": "Cynet",
                    "engine_version": "4.0.0.27",
                    "result": "Malicious (score: 99)",
                    "method": "blacklist",
                    "engine_update": "20220305"
                },
                "BitDefenderFalx": {
                    "category": "malicious",
                    "engine_name": "BitDefenderFalx",
                    "engine_version": "2.0.936",
                    "result": "Android.Riskware.SmsPay.XC",
                    "method": "blacklist",
                    "engine_update": "20220103"
                },
                "AhnLab-V3": {
                    "category": "malicious",
                    "engine_name": "AhnLab-V3",
                    "engine_version": "3.21.3.10230",
                    "result": "PUP/Android.Agent.839002",
                    "method": "blacklist",
                    "engine_update": "20220305"
                },
                "Acronis": {
                    "category": "type-unsupported",
                    "engine_name": "Acronis",
                    "engine_version": "1.1.1.82",
                    "result": null,
                    "method": "blacklist",
                    "engine_update": "20210512"
                },
                "ALYac": {
                    "category": "undetected",
                    "engine_name": "ALYac",
                    "engine_version": "1.1.3.1",
                    "result": null,
                    "method": "blacklist",
                    "engine_update": "20220305"
                },
                "MAX": {
                    "category": "malicious",
                    "engine_name": "MAX",
                    "engine_version": "2019.9.16.1",
                    "result": "malware (ai score=99)",
                    "method": "blacklist",
                    "engine_update": "20220305"
                },
                "VBA32": {
                    "category": "undetected",
                    "engine_name": "VBA32",
                    "engine_version": "5.0.0",
                    "result": null,
                    "method": "blacklist",
                    "engine_update": "20220304"
                },
                "Cylance": {
                    "category": "type-unsupported",
                    "engine_name": "Cylance",
                    "engine_version": "2.3.1.101",
                    "result": null,
                    "method": "blacklist",
                    "engine_update": "20220305"
                },
                "Zoner": {
                    "category": "undetected",
                    "engine_name": "Zoner",
                    "engine_version": "2.2.2.0",
                    "result": null,
                    "method": "blacklist",
                    "engine_update": "20220304"
                },
                "Rising": {
                    "category": "malicious",
                    "engine_name": "Rising",
                    "engine_version": "25.0.0.27",
                    "result": "Malware.Undefined!8.C (CLOUD)",
                    "method": "blacklist",
                    "engine_update": "20220305"
                },
                "Yandex": {
                    "category": "undetected",
                    "engine_name": "Yandex",
                    "engine_version": "5.5.2.24",
                    "result": null,
                    "method": "blacklist",
                    "engine_update": "20220305"
                },
                "Ikarus": {
                    "category": "malicious",
                    "engine_name": "Ikarus",
                    "engine_version": "0.1.5.2",
                    "result": "Trojan-Dropper.AndroidOS.Shedun",
                    "method": "blacklist",
                    "engine_update": "20220305"
                },
                "MaxSecure": {
                    "category": "malicious",
                    "engine_name": "MaxSecure",
                    "engine_version": "1.0.0.1",
                    "result": "Trojan.Trojan.Banker.AndroidOS.Faketoken.z",
                    "method": "blacklist",
                    "engine_update": "20220304"
                },
                "Fortinet": {
                    "category": "malicious",
                    "engine_name": "Fortinet",
                    "engine_version": "6.2.142.0",
                    "result": "Android/Shedun.AC!tr",
                    "method": "blacklist",
                    "engine_update": "20220305"
                },
                "AVG": {
                    "category": "malicious",
                    "engine_name": "AVG",
                    "engine_version": "21.1.5827.0",
                    "result": "Android:Revo-OU [Trj]",
                    "method": "blacklist",
                    "engine_update": "20220305"
                },
                "Cybereason": {
                    "category": "type-unsupported",
                    "engine_name": "Cybereason",
                    "engine_version": "1.2.449",
                    "result": null,
                    "method": "blacklist",
                    "engine_update": "20210330"
                },
                "Panda": {
                    "category": "undetected",
                    "engine_name": "Panda",
                    "engine_version": "4.6.4.2",
                    "result": null,
                    "method": "blacklist",
                    "engine_update": "20220305"
                },
                "CrowdStrike": {
                    "category": "type-unsupported",
                    "engine_name": "CrowdStrike",
                    "engine_version": "1.0",
                    "result": null,
                    "method": "blacklist",
                    "engine_update": "20210907"
                }
            },
            "sha256": "000aca05e653b5be039d4d89c36857f0dee56448aacc2b6827934b208be8e2c3",
            "type_extension": "apk",
            "tags": [
                "reflection",
                "apk",
                "runtime-modules",
                "contains-elf",
                "telephony",
                "android",
                "xorcrypt"
            ],
            "last_analysis_date": 1646515847,
            "unique_sources": 5,
            "first_submission_date": 1531291600,
            "sha1": "5c91ae39f992400cf9d5cadb38036d5938b571f2",
            "ssdeep": "24576:h4AEfaacDjImo6B54s5VquSPEPcb0c/fa97qSzxMhGpUgWN1t5XnP8I2Go:W4DV5Vj7mf073ahXgWNZnkUo",
            "bundle_info": {
                "highest_datetime": "2018-07-11 14:42:52",
                "lowest_datetime": "1980-01-01 08:00:00",
                "num_children": 90,
                "extensions": {
                    "xml": 43,
                    "bin": 1,
                    "MF": 1,
                    "apk": 1,
                    "jar": 1,
                    "RSA": 1,
                    "jpg": 1,
                    "cf": 1,
                    "dex": 1,
                    "so": 4,
                    "ini": 1,
                    "txt": 1,
                    "SF": 1,
                    "png": 27
                },
                "file_types": {
                    "XML": 43,
                    "DEX": 1,
                    "ZIP": 2,
                    "unknown": 13,
                    "ELF": 3,
                    "JPG": 1,
                    "PNG": 27
                },
                "type": "APK",
                "uncompressed_size": 1897435
            },
            "packers": {
                "F-PROT": "base64, appended, XORCrypt, SUBCrypt"
            },
            "md5": "586d2ac5c8e924ea4d204d8576a32509",
            "androguard": {
                "Activities": [
                    "com.hulsam.ieuald.activity.SplashActivity",
                    "com.hulsam.ieuald.MainActivity",
                    "com.hulsam.ieuald.activity.DexqActivity",
                    "com.hulsam.ieuald.activity.PhtuxqActivity",
                    "com.hulsam.ieuald.activity.BfaActivity",
                    "com.test.hown.NActivity",
                    "com.test.zezsub.RActivity"
                ],
                "AndroidVersionCode": "2147483647",
                "main_activity": "com.hulsam.ieuald.activity.SplashActivity",
                "certificate": {
                    "Subject": {
                        "DN": "C:pa, CN:dehptng, L:lo, O:mo, ST:yi, OU:gd",
                        "C": "pa",
                        "CN": "dehptng",
                        "L": "lo",
                        "O": "mo",
                        "ST": "yi",
                        "OU": "gd"
                    },
                    "validto": "2021-04-06 06:42:52",
                    "serialnumber": "3c787d5",
                    "thumbprint": "50ec410e34709a9ee2f91d23b849afa798166c1c",
                    "validfrom": "2018-07-11 06:42:52",
                    "Issuer": {
                        "DN": "C:pa, CN:dehptng, L:lo, O:mo, ST:yi, OU:gd",
                        "C": "pa",
                        "CN": "dehptng",
                        "L": "lo",
                        "O": "mo",
                        "ST": "yi",
                        "OU": "gd"
                    }
                },
                "VTAndroidInfo": 2.0,
                "Package": "com.zhr.oysrwt",
                "intent_filters": {
                    "Activities": {
                        "com.hulsam.ieuald.activity.SplashActivity": {
                            "action": [
                                "android.intent.action.MAIN"
                            ],
                            "category": [
                                "android.intent.category.LAUNCHER"
                            ]
                        }
                    },
                    "Receivers": {
                        "com.dc.jk.Cr": {
                            "action": [
                                "android.net.conn.CONNECTIVITY_CHANGE",
                                "android.intent.action.USER_PRESENT"
                            ]
                        },
                        "com.dc.jk.Mr": {
                            "action": [
                                "android.provider.Telephony.SMS_RECEIVED"
                            ]
                        },
                        "com.y.f.jar.pay.InNoticeReceiver": {
                            "action": [
                                "android.provider.Telephony.SMS_RECEIVED"
                            ]
                        }
                    }
                },
                "permission_details": {
                    "android.permission.CHANGE_NETWORK_STATE": {
                        "short_description": "change network connectivity",
                        "full_description": "Allows the app to change the state of network connectivity.",
                        "permission_type": "normal"
                    },
                    "android.permission.WRITE_APN_SETTINGS": {
                        "short_description": "change/intercept network settings and traffic",
                        "full_description": "Allows the app to change network settings and to intercept and inspect all network traffic,\n      for example to change the proxy and port of any APN. Malicious apps may monitor, redirect, or modify network\n      packets without your knowledge.",
                        "permission_type": "signature|system"
                    },
                    "android.permission.READ_USER_DICTIONARY": {
                        "short_description": "read terms you added to the dictionary",
                        "full_description": "Allows the app to read all words,\n       names and phrases that the user may have stored in the user dictionary.",
                        "permission_type": "dangerous"
                    },
                    "android.permission.DISABLE_KEYGUARD": {
                        "short_description": "disable your screen lock",
                        "full_description": "Allows the app to disable the\n      keylock and any associated password security.  For example, the phone\n      disables the keylock when receiving an incoming phone call, then\n      re-enables the keylock when the call is finished.",
                        "permission_type": "dangerous"
                    },
                    "android.permission.ACCESS_COARSE_LOCATION": {
                        "short_description": "approximate location\n      (network-based)",
                        "full_description": "Allows the app to get your\n      approximate location. This location is derived by location services using\n      network location sources such as cell towers and Wi-Fi. These location\n      services must be turned on and available to your device for the app to\n      use them. Apps may use this to determine approximately where you\n      are.",
                        "permission_type": "dangerous"
                    },
                    "android.permission.ACCESS_WIFI_STATE": {
                        "short_description": "view Wi-Fi connections",
                        "full_description": "Allows the app to view information\n      about Wi-Fi networking, such as whether Wi-Fi is enabled and name of\n      connected Wi-Fi devices.",
                        "permission_type": "normal"
                    },
                    "android.permission.INTERNET": {
                        "short_description": "full network access",
                        "full_description": "Allows the app to create\n     network sockets and use custom network protocols. The browser and other\n     applications provide means to send data to the internet, so this\n     permission is not required to send data to the internet.",
                        "permission_type": "dangerous"
                    },
                    "android.permission.CHANGE_CONFIGURATION": {
                        "short_description": "change system display settings",
                        "full_description": "Allows the app to\n        change the current configuration, such as the locale or overall font\n        size.",
                        "permission_type": "signature|system|development"
                    },
                    "com.oppo.launcher.permission.READ_SETTINGS": {
                        "short_description": "Unknown permission from android reference",
                        "full_description": "Unknown permission from android reference",
                        "permission_type": "normal"
                    },
                    "android.permission.ACCESS_FINE_LOCATION": {
                        "short_description": "precise location (GPS and\n      network-based)",
                        "full_description": "Allows the app to get your\n      precise location using the Global Positioning System (GPS) or network\n      location sources such as cell towers and Wi-Fi. These location services\n      must be turned on and available to your device for the app to use them.\n      Apps may use this to determine where you are, and may consume additional\n      battery power.",
                        "permission_type": "dangerous"
                    },
                    "android.permission.SEND_SMS": {
                        "short_description": "send SMS messages",
                        "full_description": "Allows the app to send SMS messages.\n     This may result in unexpected charges. Malicious apps may cost you money by\n     sending messages without your confirmation.",
                        "permission_type": "dangerous"
                    },
                    "android.permission.INTERACT_ACROSS_USERS_FULL": {
                        "short_description": "full license to interact across users",
                        "full_description": "Allows all possible interactions across\n        users.",
                        "permission_type": "signature"
                    },
                    "android.permission.UPDATE_APP_OPS_STATS": {
                        "short_description": "modify app ops statistics",
                        "full_description": "Allows the app to modify\n        collected application operation statistics. Not for use by normal apps.",
                        "permission_type": "signature|system"
                    },
                    "com.android.launcher.permission.INSTALL_SHORTCUT": {
                        "short_description": "install shortcuts",
                        "full_description": "Allows an application to add\n        Homescreen shortcuts without user intervention.",
                        "permission_type": "dangerous"
                    },
                    "android.permission.WRITE_SMS": {
                        "short_description": "edit your text messages (SMS or MMS)",
                        "full_description": "Allows the app to write\n      to SMS messages stored on your phone or SIM card. Malicious apps\n      may delete your messages.",
                        "permission_type": "dangerous"
                    },
                    "android.permission.ACCESS_NETWORK_STATE": {
                        "short_description": "view network connections",
                        "full_description": "Allows the app to view\n      information about network connections such as which networks exist and are\n      connected.",
                        "permission_type": "normal"
                    },
                    "android.permission.GET_TASKS": {
                        "short_description": "retrieve running apps",
                        "full_description": "Allows the app to retrieve information\n       about currently and recently running tasks.  This may allow the app to\n       discover information about which applications are used on the device.",
                        "permission_type": "dangerous"
                    },
                    "android.permission.READ_SETTINGS": {
                        "short_description": "Unknown permission from android reference",
                        "full_description": "Unknown permission from android reference",
                        "permission_type": "normal"
                    },
                    "android.permission.WRITE_SECURE_SETTINGS": {
                        "short_description": "modify secure system settings",
                        "full_description": "Allows the app to modify the\n        system's secure settings data. Not for use by normal apps.",
                        "permission_type": "signature|system|development"
                    },
                    "android.permission.WRITE_EXTERNAL_STORAGE": {
                        "short_description": "modify or delete the contents of your SD card",
                        "full_description": "Allows the app to write to the SD card.",
                        "permission_type": "dangerous"
                    },
                    "android.permission.ACCESS_CACHE_FILESYSTEM": {
                        "short_description": "access the cache filesystem",
                        "full_description": "Allows the app to read and write the cache filesystem.",
                        "permission_type": "signature|system"
                    },
                    "android.permission.READ_EXTERNAL_STORAGE": {
                        "short_description": "read the contents of your SD card",
                        "full_description": "Allows the app to read the contents of your SD card.",
                        "permission_type": "normal"
                    },
                    "android.permission.RECEIVE_BOOT_COMPLETED": {
                        "short_description": "run at startup",
                        "full_description": "Allows the app to\n        have itself started as soon as the system has finished booting.\n        This can make it take longer to start the phone and allow the\n        app to slow down the overall phone by always running.",
                        "permission_type": "normal"
                    },
                    "android.permission.ACCESS_MTK_MMHW": {
                        "short_description": "Unknown permission from android reference",
                        "full_description": "Unknown permission from android reference",
                        "permission_type": "normal"
                    },
                    "android.permission.BROADCAST_STICKY": {
                        "short_description": "send sticky broadcast",
                        "full_description": "Allows the app to\n    send sticky broadcasts, which remain after the broadcast ends. Excessive\n    use may make the phone slow or unstable by causing it to use too\n    much memory.",
                        "permission_type": "normal"
                    },
                    "android.permission.WRITE_SETTINGS": {
                        "short_description": "modify system settings",
                        "full_description": "Allows the app to modify the\n        system's settings data. Malicious apps may corrupt your system's\n        configuration.",
                        "permission_type": "normal"
                    },
                    "android.permission.FLASHLIGHT": {
                        "short_description": "control flashlight",
                        "full_description": "Allows the app to control the flashlight.",
                        "permission_type": "normal"
                    },
                    "android.permission.READ_PHONE_STATE": {
                        "short_description": "read phone status and identity",
                        "full_description": "Allows the app to access the phone\n      features of the device.  This permission allows the app to determine the\n      phone number and device IDs, whether a call is active, and the remote number\n      connected by a call.",
                        "permission_type": "dangerous"
                    },
                    "android.permission.SAMSUNG_TUNTAP": {
                        "short_description": "Unknown permission from android reference",
                        "full_description": "Unknown permission from android reference",
                        "permission_type": "normal"
                    },
                    "android.permission.READ_SMS": {
                        "short_description": "read your text messages (SMS or MMS)",
                        "full_description": "Allows the app to read SMS\n      messages stored on your phone or SIM card. This allows the app to read all\n      SMS messages, regardless of content or confidentiality.",
                        "permission_type": "dangerous"
                    },
                    "android.permission.VIBRATE": {
                        "short_description": "control vibration",
                        "full_description": "Allows the app to control the vibrator.",
                        "permission_type": "normal"
                    },
                    "android.permission.SYSTEM_ALERT_WINDOW": {
                        "short_description": "draw over other apps",
                        "full_description": "Allows the app to draw on top of other\n        applications or parts of the user interface.  They may interfere with your\n        use of the interface in any application, or change what you think you are\n        seeing in other applications.",
                        "permission_type": "dangerous"
                    },
                    "android.permission.READ_INTERNAL_STORAGE": {
                        "short_description": "Unknown permission from android reference",
                        "full_description": "Unknown permission from android reference",
                        "permission_type": "normal"
                    },
                    "android.permission.ACCESS_LOCATION_EXTRA_COMMANDS": {
                        "short_description": "access extra location provider commands",
                        "full_description": "Allows the app to access\n      extra location provider commands.  This may allow the app to to interfere\n      with the operation of the GPS or other location sources.",
                        "permission_type": "normal"
                    },
                    "android.permission.CAMERA": {
                        "short_description": "take pictures and videos",
                        "full_description": "Allows the app to take pictures and videos\n      with the camera.  This permission allows the app to use the camera at any\n      time without your confirmation.",
                        "permission_type": "dangerous"
                    },
                    "android.permission.RECEIVE_MMS": {
                        "short_description": "receive text messages (MMS)",
                        "full_description": "Allows the app to receive and process MMS\n      messages. This means the app could monitor or delete messages sent to your\n      device without showing them to you.",
                        "permission_type": "dangerous"
                    },
                    "android.permission.WAKE_LOCK": {
                        "short_description": "prevent phone from sleeping",
                        "full_description": "Allows the app to prevent the phone from going to sleep.",
                        "permission_type": "normal"
                    },
                    "android.permission.CHANGE_WIFI_STATE": {
                        "short_description": "connect and disconnect from Wi-Fi",
                        "full_description": "Allows the app to connect to and\n      disconnect from Wi-Fi access points and to make changes to device\n      configuration for Wi-Fi networks.",
                        "permission_type": "dangerous"
                    },
                    "android.permission.RECEIVE_SMS": {
                        "short_description": "receive text messages (SMS)",
                        "full_description": "Allows the app to receive and process SMS\n      messages. This means the app could monitor or delete messages sent to your\n      device without showing them to you.",
                        "permission_type": "dangerous"
                    },
                    "android.permission.MOUNT_UNMOUNT_FILESYSTEMS": {
                        "short_description": "access SD Card filesystem",
                        "full_description": "Allows the app to mount and\n        unmount filesystems for removable storage.",
                        "permission_type": "system|signature"
                    },
                    "android.permission.WRITE_INTERNAL_STORAGE": {
                        "short_description": "Unknown permission from android reference",
                        "full_description": "Unknown permission from android reference",
                        "permission_type": "normal"
                    },
                    "android.permission.GET_ACCOUNTS": {
                        "short_description": "find accounts on the device",
                        "full_description": "Allows the app to get\n      the list of accounts known by the phone.  This may include any accounts\n      created by applications you have installed.",
                        "permission_type": "normal"
                    }
                },
                "AndroidApplication": 1,
                "AndroidApplicationError": false,
                "AndroidVersionName": "2.17",
                "RiskIndicator": {
                    "APK": {
                        "DEX": 1,
                        "APK": 1,
                        "ZIP": 1,
                        "SHARED LIBRARIES": 3
                    },
                    "PERM": {
                        "DEVELOPMENT": 2,
                        "PRIVACY": 9,
                        "DANGEROUS": 6,
                        "SIGNATURE": 7,
                        "MONEY": 2,
                        "SYSTEM": 6,
                        "SMS": 5,
                        "INTERNET": 1,
                        "NORMAL": 10,
                        "GPS": 3
                    }
                },
                "Services": [
                    "com.test.zezsub.MABX",
                    "com.hnya.pzgp.NSrvi",
                    "com.y.f.jar.pay.UpdateServices",
                    "com.yf.y.f.init.service.CoreService",
                    "com.boJUF.wx",
                    "com.dc.jk.Ms",
                    "com.dc.jk.Ls",
                    "cn.cuter.main.MyService"
                ],
                "MinSdkVersion": "8",
                "TargetSdkVersion": "19",
                "Receivers": [
                    "com.y.f.jar.pay.InNoticeReceiver",
                    "com.dc.jk.Mr",
                    "com.dc.jk.Cr"
                ],
                "AndroguardVersion": "3.4.0a1",
                "AndroidApplicationInfo": "APK"
            },
            "magic": "Zip archive data, at least v2.0 to extract",
            "last_analysis_stats": {
                "harmless": 0,
                "type-unsupported": 11,
                "suspicious": 0,
                "confirmed-timeout": 0,
                "timeout": 0,
                "failure": 1,
                "malicious": 34,
                "undetected": 30
            },
            "meaningful_name": "022803",
            "reputation": 0
        },
        "type": "file",
        "id": "000aca05e653b5be039d4d89c36857f0dee56448aacc2b6827934b208be8e2c3",
        "links": {
            "self": "https://www.virustotal.com/api/v3/files/000aca05e653b5be039d4d89c36857f0dee56448aacc2b6827934b208be8e2c3"
        }
    }
}