{
    "data": {
        "attributes": {
            "type_description": "Android",
            "vhash": "3aa7f13836009a7927417345a80162e6",
            "trid": [
                {
                    "file_type": "Android Package",
                    "probability": 63.6
                },
                {
                    "file_type": "Java Archive",
                    "probability": 17.5
                },
                {
                    "file_type": "Sweet Home 3D design (generic)",
                    "probability": 12.7
                },
                {
                    "file_type": "ZIP compressed archive",
                    "probability": 4.8
                },
                {
                    "file_type": "PrintFox/Pagefox bitmap (var. P)",
                    "probability": 1.2
                }
            ],
            "names": [
                "aaomNyE4oFYZu9dj",
                "com.tjmntv.beichenpufa.apk",
                "deeccf274db0f5f872cb08178e9d04c1.apk"
            ],
            "last_modification_date": 1563556615,
            "type_tag": "android",
            "times_submitted": 3,
            "total_votes": {
                "harmless": 0,
                "malicious": 0
            },
            "size": 3396805,
            "popular_threat_classification": {
                "suggested_threat_label": "trojan.tencentprotect",
                "popular_threat_category": [
                    {
                        "count": 3,
                        "value": "trojan"
                    }
                ],
                "popular_threat_name": [
                    {
                        "count": 2,
                        "value": "tencentprotect"
                    }
                ]
            },
            "last_submission_date": 1521287069,
            "last_analysis_results": {
                "Bkav": {
                    "category": "undetected",
                    "engine_name": "Bkav",
                    "engine_version": "1.3.0.10239",
                    "result": null,
                    "method": "blacklist",
                    "engine_update": "20190718"
                },
                "Lionic": {
                    "category": "malicious",
                    "engine_name": "AegisLab",
                    "engine_version": "4.2",
                    "result": "Trojan.AndroidOS.Generic.C!c",
                    "method": "blacklist",
                    "engine_update": "20190719"
                },
                "TotalDefense": {
                    "category": "undetected",
                    "engine_name": "TotalDefense",
                    "engine_version": "37.1.62.1",
                    "result": null,
                    "method": "blacklist",
                    "engine_update": "20190719"
                },
                "MicroWorld-eScan": {
                    "category": "undetected",
                    "engine_name": "MicroWorld-eScan",
                    "engine_version": "14.0.297.0",
                    "result": null,
                    "method": "blacklist",
                    "engine_update": "20190719"
                },
                "CMC": {
                    "category": "undetected",
                    "engine_name": "CMC",
                    "engine_version": "1.1.0.977",
                    "result": null,
                    "method": "blacklist",
                    "engine_update": "20190321"
                },
                "CAT-QuickHeal": {
                    "category": "malicious",
                    "engine_name": "CAT-QuickHeal",
                    "engine_version": "14.00",
                    "result": "Android.Agent.GEN23569 (PUP)",
                    "method": "blacklist",
                    "engine_update": "20190718"
                },
                "McAfee": {
                    "category": "undetected",
                    "engine_name": "McAfee",
                    "engine_version": "6.0.6.653",
                    "result": null,
                    "method": "blacklist",
                    "engine_update": "20190719"
                },
                "Malwarebytes": {
                    "category": "undetected",
                    "engine_name": "Malwarebytes",
                    "engine_version": "2.1.1.1115",
                    "result": null,
                    "method": "blacklist",
                    "engine_update": "20190719"
                },
                "Paloalto": {
                    "category": "type-unsupported",
                    "engine_name": "Paloalto",
                    "engine_version": "1.0",
                    "result": null,
                    "method": "blacklist",
                    "engine_update": "20190719"
                },
                "Trustlook": {
                    "category": "undetected",
                    "engine_name": "Trustlook",
                    "engine_version": "1.0",
                    "result": null,
                    "method": "blacklist",
                    "engine_update": "20190719"
                },
                "Alibaba": {
                    "category": "undetected",
                    "engine_name": "Alibaba",
                    "engine_version": "0.3.0.5",
                    "result": null,
                    "method": "blacklist",
                    "engine_update": "20190527"
                },
                "K7GW": {
                    "category": "malicious",
                    "engine_name": "K7GW",
                    "engine_version": "11.57.31527",
                    "result": "Trojan ( 00531bae1 )",
                    "method": "blacklist",
                    "engine_update": "20190719"
                },
                "K7AntiVirus": {
                    "category": "undetected",
                    "engine_name": "K7AntiVirus",
                    "engine_version": "11.57.31527",
                    "result": null,
                    "method": "blacklist",
                    "engine_update": "20190719"
                },
                "Arcabit": {
                    "category": "undetected",
                    "engine_name": "Arcabit",
                    "engine_version": "1.0.0.850",
                    "result": null,
                    "method": "blacklist",
                    "engine_update": "20190718"
                },
                "Invincea": {
                    "category": "type-unsupported",
                    "engine_name": "Invincea",
                    "engine_version": "6.3.6.26157",
                    "result": null,
                    "method": "blacklist",
                    "engine_update": "20190717"
                },
                "Baidu": {
                    "category": "undetected",
                    "engine_name": "Baidu",
                    "engine_version": "1.0.0.2",
                    "result": null,
                    "method": "blacklist",
                    "engine_update": "20190318"
                },
                "F-Prot": {
                    "category": "undetected",
                    "engine_name": "F-Prot",
                    "engine_version": "4.7.1.166",
                    "result": null,
                    "method": "blacklist",
                    "engine_update": "20190719"
                },
                "SymantecMobileInsight": {
                    "category": "malicious",
                    "engine_name": "SymantecMobileInsight",
                    "engine_version": "2.0",
                    "result": "AppRisk:Generisk",
                    "method": "blacklist",
                    "engine_update": "20190716"
                },
                "Symantec": {
                    "category": "malicious",
                    "engine_name": "Symantec",
                    "engine_version": "1.9.0.0",
                    "result": "Trojan.Gen.2",
                    "method": "blacklist",
                    "engine_update": "20190719"
                },
                "ESET-NOD32": {
                    "category": "malicious",
                    "engine_name": "ESET-NOD32",
                    "engine_version": "19711",
                    "result": "a variant of Android/Packed.TencentProtect.B potentially unsafe",
                    "method": "blacklist",
                    "engine_update": "20190719"
                },
                "APEX": {
                    "category": "type-unsupported",
                    "engine_name": "APEX",
                    "engine_version": "5.40",
                    "result": null,
                    "method": "blacklist",
                    "engine_update": "20190719"
                },
                "TrendMicro-HouseCall": {
                    "category": "undetected",
                    "engine_name": "TrendMicro-HouseCall",
                    "engine_version": "10.0.0.1040",
                    "result": null,
                    "method": "blacklist",
                    "engine_update": "20190719"
                },
                "Avast": {
                    "category": "undetected",
                    "engine_name": "Avast",
                    "engine_version": "18.4.3895.0",
                    "result": null,
                    "method": "blacklist",
                    "engine_update": "20190719"
                },
                "ClamAV": {
                    "category": "undetected",
                    "engine_name": "ClamAV",
                    "engine_version": "0.101.2.0",
                    "result": null,
                    "method": "blacklist",
                    "engine_update": "20190718"
                },
                "Kaspersky": {
                    "category": "undetected",
                    "engine_name": "Kaspersky",
                    "engine_version": "15.0.1.13",
                    "result": null,
                    "method": "blacklist",
                    "engine_update": "20190719"
                },
                "BitDefender": {
                    "category": "undetected",
                    "engine_name": "BitDefender",
                    "engine_version": "7.2",
                    "result": null,
                    "method": "blacklist",
                    "engine_update": "20190719"
                },
                "NANO-Antivirus": {
                    "category": "undetected",
                    "engine_name": "NANO-Antivirus",
                    "engine_version": "1.0.134.24849",
                    "result": null,
                    "method": "blacklist",
                    "engine_update": "20190719"
                },
                "SUPERAntiSpyware": {
                    "category": "undetected",
                    "engine_name": "SUPERAntiSpyware",
                    "engine_version": "5.6.0.1032",
                    "result": null,
                    "method": "blacklist",
                    "engine_update": "20190712"
                },
                "Tencent": {
                    "category": "undetected",
                    "engine_name": "Tencent",
                    "engine_version": "1.0.0.1",
                    "result": null,
                    "method": "blacklist",
                    "engine_update": "20190719"
                },
                "Ad-Aware": {
                    "category": "undetected",
                    "engine_name": "Ad-Aware",
                    "engine_version": "3.0.5.370",
                    "result": null,
                    "method": "blacklist",
                    "engine_update": "20190719"
                },
                "Emsisoft": {
                    "category": "undetected",
                    "engine_name": "Emsisoft",
                    "engine_version": "2018.12.0.1641",
                    "result": null,
                    "method": "blacklist",
                    "engine_update": "20190719"
                },
                "Comodo": {
                    "category": "undetected",
                    "engine_name": "Comodo",
                    "engine_version": "31193",
                    "result": null,
                    "method": "blacklist",
                    "engine_update": "20190719"
                },
                "F-Secure": {
                    "category": "undetected",
                    "engine_name": "F-Secure",
                    "engine_version": "12.0.86.52",
                    "result": null,
                    "method": "blacklist",
                    "engine_update": "20190719"
                },
                "DrWeb": {
                    "category": "undetected",
                    "engine_name": "DrWeb",
                    "engine_version": "7.0.34.11020",
                    "result": null,
                    "method": "blacklist",
                    "engine_update": "20190719"
                },
                "Zillya": {
                    "category": "undetected",
                    "engine_name": "Zillya",
                    "engine_version": "2.0.0.3856",
                    "result": null,
                    "method": "blacklist",
                    "engine_update": "20190718"
                },
                "TrendMicro": {
                    "category": "undetected",
                    "engine_name": "TrendMicro",
                    "engine_version": "11.0.0.1006",
                    "result": null,
                    "method": "blacklist",
                    "engine_update": "20190719"
                },
                "McAfee-GW-Edition": {
                    "category": "undetected",
                    "engine_name": "McAfee-GW-Edition",
                    "engine_version": "v2017.3010",
                    "result": null,
                    "method": "blacklist",
                    "engine_update": "20190719"
                },
                "Trapmine": {
                    "category": "type-unsupported",
                    "engine_name": "Trapmine",
                    "engine_version": "3.1.62.789",
                    "result": null,
                    "method": "blacklist",
                    "engine_update": "20190522"
                },
                "FireEye": {
                    "category": "timeout",
                    "engine_name": "FireEye",
                    "engine_version": "29.7.0.0",
                    "result": null,
                    "method": "blacklist",
                    "engine_update": "20190719"
                },
                "Sophos": {
                    "category": "undetected",
                    "engine_name": "Sophos",
                    "engine_version": "4.98.0",
                    "result": null,
                    "method": "blacklist",
                    "engine_update": "20190719"
                },
                "Ikarus": {
                    "category": "malicious",
                    "engine_name": "Ikarus",
                    "engine_version": "0.1.5.2",
                    "result": "PUA.AndroidOS.Tencentprotect",
                    "method": "blacklist",
                    "engine_update": "20190718"
                },
                "Cyren": {
                    "category": "undetected",
                    "engine_name": "Cyren",
                    "engine_version": "6.2.0.1",
                    "result": null,
                    "method": "blacklist",
                    "engine_update": "20190719"
                },
                "Jiangmin": {
                    "category": "undetected",
                    "engine_name": "Jiangmin",
                    "engine_version": "16.0.100",
                    "result": null,
                    "method": "blacklist",
                    "engine_update": "20190719"
                },
                "Webroot": {
                    "category": "type-unsupported",
                    "engine_name": "Webroot",
                    "engine_version": "1.0.0.403",
                    "result": null,
                    "method": "blacklist",
                    "engine_update": "20190719"
                },
                "Avira": {
                    "category": "undetected",
                    "engine_name": "Avira",
                    "engine_version": "8.3.3.8",
                    "result": null,
                    "method": "blacklist",
                    "engine_update": "20190719"
                },
                "Fortinet": {
                    "category": "undetected",
                    "engine_name": "Fortinet",
                    "engine_version": "5.4.247.0",
                    "result": null,
                    "method": "blacklist",
                    "engine_update": "20190719"
                },
                "Antiy-AVL": {
                    "category": "undetected",
                    "engine_name": "Antiy-AVL",
                    "engine_version": "3.0.0.1",
                    "result": null,
                    "method": "blacklist",
                    "engine_update": "20190719"
                },
                "Kingsoft": {
                    "category": "undetected",
                    "engine_name": "Kingsoft",
                    "engine_version": "2013.8.14.323",
                    "result": null,
                    "method": "blacklist",
                    "engine_update": "20190719"
                },
                "Endgame": {
                    "category": "type-unsupported",
                    "engine_name": "Endgame",
                    "engine_version": "3.0.12",
                    "result": null,
                    "method": "blacklist",
                    "engine_update": "20190522"
                },
                "Microsoft": {
                    "category": "undetected",
                    "engine_name": "Microsoft",
                    "engine_version": "1.1.16200.1",
                    "result": null,
                    "method": "blacklist",
                    "engine_update": "20190719"
                },
                "ViRobot": {
                    "category": "undetected",
                    "engine_name": "ViRobot",
                    "engine_version": "2014.3.20.0",
                    "result": null,
                    "method": "blacklist",
                    "engine_update": "20190719"
                },
                "ZoneAlarm": {
                    "category": "undetected",
                    "engine_name": "ZoneAlarm",
                    "engine_version": "1.0",
                    "result": null,
                    "method": "blacklist",
                    "engine_update": "20190719"
                },
                "Avast-Mobile": {
                    "category": "undetected",
                    "engine_name": "Avast-Mobile",
                    "engine_version": "190718-00",
                    "result": null,
                    "method": "blacklist",
                    "engine_update": "20190718"
                },
                "SentinelOne": {
                    "category": "type-unsupported",
                    "engine_name": "SentinelOne",
                    "engine_version": "1.0.27.333",
                    "result": null,
                    "method": "blacklist",
                    "engine_update": "20190604"
                },
                "AhnLab-V3": {
                    "category": "undetected",
                    "engine_name": "AhnLab-V3",
                    "engine_version": "3.15.3.24531",
                    "result": null,
                    "method": "blacklist",
                    "engine_update": "20190719"
                },
                "Acronis": {
                    "category": "type-unsupported",
                    "engine_name": "Acronis",
                    "engine_version": "1.0.1.51",
                    "result": null,
                    "method": "blacklist",
                    "engine_update": "20190718"
                },
                "VBA32": {
                    "category": "undetected",
                    "engine_name": "VBA32",
                    "engine_version": "4.0.0",
                    "result": null,
                    "method": "blacklist",
                    "engine_update": "20190718"
                },
                "ALYac": {
                    "category": "undetected",
                    "engine_name": "ALYac",
                    "engine_version": "1.1.1.5",
                    "result": null,
                    "method": "blacklist",
                    "engine_update": "20190719"
                },
                "MAX": {
                    "category": "undetected",
                    "engine_name": "MAX",
                    "engine_version": "2018.9.12.1",
                    "result": null,
                    "method": "blacklist",
                    "engine_update": "20190719"
                },
                "Cylance": {
                    "category": "type-unsupported",
                    "engine_name": "Cylance",
                    "engine_version": "2.3.1.101",
                    "result": null,
                    "method": "blacklist",
                    "engine_update": "20190719"
                },
                "Zoner": {
                    "category": "undetected",
                    "engine_name": "Zoner",
                    "engine_version": "1.0",
                    "result": null,
                    "method": "blacklist",
                    "engine_update": "20190718"
                },
                "Rising": {
                    "category": "undetected",
                    "engine_name": "Rising",
                    "engine_version": "25.0.0.24",
                    "result": null,
                    "method": "blacklist",
                    "engine_update": "20190719"
                },
                "Yandex": {
                    "category": "undetected",
                    "engine_name": "Yandex",
                    "engine_version": "5.5.2.24",
                    "result": null,
                    "method": "blacklist",
                    "engine_update": "20190717"
                },
                "TACHYON": {
                    "category": "undetected",
                    "engine_name": "TACHYON",
                    "engine_version": "2019-07-19.02",
                    "result": null,
                    "method": "blacklist",
                    "engine_update": "20190719"
                },
                "eGambit": {
                    "category": "type-unsupported",
                    "engine_name": "eGambit",
                    "engine_version": "v4.3.6",
                    "result": null,
                    "method": "blacklist",
                    "engine_update": "20190719"
                },
                "GData": {
                    "category": "undetected",
                    "engine_name": "GData",
                    "engine_version": "A:25.22768B:25.15588",
                    "result": null,
                    "method": "blacklist",
                    "engine_update": "20190719"
                },
                "AVG": {
                    "category": "undetected",
                    "engine_name": "AVG",
                    "engine_version": "18.4.3895.0",
                    "result": null,
                    "method": "blacklist",
                    "engine_update": "20190719"
                },
                "Cybereason": {
                    "category": "type-unsupported",
                    "engine_name": "Cybereason",
                    "engine_version": "1.2.449",
                    "result": null,
                    "method": "blacklist",
                    "engine_update": "20190616"
                },
                "Panda": {
                    "category": "undetected",
                    "engine_name": "Panda",
                    "engine_version": "4.6.4.2",
                    "result": null,
                    "method": "blacklist",
                    "engine_update": "20190718"
                },
                "CrowdStrike": {
                    "category": "type-unsupported",
                    "engine_name": "CrowdStrike",
                    "engine_version": "1.0",
                    "result": null,
                    "method": "blacklist",
                    "engine_update": "20190212"
                },
                "Qihoo-360": {
                    "category": "undetected",
                    "engine_name": "Qihoo-360",
                    "engine_version": "1.0.0.1120",
                    "result": null,
                    "method": "blacklist",
                    "engine_update": "20190719"
                }
            },
            "sha256": "000becadc249f65e9e2b320b2912ebd75fac8b13678ec29d14e7ecef5b1ec86f",
            "type_extension": "apk",
            "tags": [
                "apk",
                "android",
                "contains-elf"
            ],
            "last_analysis_date": 1563520148,
            "unique_sources": 3,
            "first_submission_date": 1500992259,
            "sha1": "828826ef293aaf93d6b2c2a10a74abf56641de32",
            "ssdeep": "49152:qEZqclhkGTnfIvXQL1GMWvMXvxJSbiqWMNDpA8+19NuYhrgmWpSVHcasO/g2:bqQhgXGPHJSusNixCbSVHlPg2",
            "bundle_info": {
                "highest_datetime": "2016-11-01 16:21:08",
                "lowest_datetime": "1980-01-01 00:00:00",
                "num_children": 473,
                "extensions": {
                    "xml": 193,
                    "dex": 3,
                    "MF": 1,
                    "RSA": 1,
                    "jpg": 1,
                    "so": 7,
                    "SF": 1,
                    "png": 262
                },
                "file_types": {
                    "XML": 193,
                    "DEX": 2,
                    "ZIP": 2,
                    "unknown": 6,
                    "ELF": 7,
                    "JPG": 1,
                    "PNG": 262
                },
                "type": "APK",
                "uncompressed_size": 5862753
            },
            "md5": "deeccf274db0f5f872cb08178e9d04c1",
            "androguard": {
                "Activities": [
                    "com.tjmntv.beichenpufa.activity.MainActivity",
                    "com.tjmntv.beichenpufa.activity.NewsDetailActivity",
                    "com.tjmntv.beichenpufa.activity.CollectionActivity",
                    "com.tjmntv.beichenpufa.activity.SearchActivity",
                    "com.tjmntv.beichenpufa.activity.LinkActivity",
                    "com.tjmntv.beichenpufa.activity.SplashActivity",
                    "com.tjmntv.beichenpufa.activity.ClearCacheActivity",
                    "com.tjmntv.beichenpufa.ijkplayer.IjkPlayerActivity"
                ],
                "AndroidVersionCode": "2",
                "main_activity": "com.tjmntv.beichenpufa.activity.SplashActivity",
                "certificate": {
                    "Subject": {
                        "DN": "ST:tj",
                        "ST": "tj"
                    },
                    "validto": "07:04 AM 08/19/2041",
                    "serialnumber": "52b7d3",
                    "thumbprint": "d0242af118bfb41f5e4f449cfb9a1ccf5929c2cc",
                    "validfrom": "07:04 AM 08/25/2016",
                    "Issuer": {
                        "DN": "ST:tj",
                        "ST": "tj"
                    }
                },
                "VTAndroidInfo": 1.41,
                "Package": "com.tjmntv.beichenpufa",
                "intent_filters": {
                    "Services": {},
                    "Activities": {
                        "com.tjmntv.beichenpufa.activity.SplashActivity": {
                            "action": [
                                "android.intent.action.MAIN"
                            ],
                            "category": [
                                "android.intent.category.LAUNCHER"
                            ]
                        }
                    },
                    "Receivers": {}
                },
                "permission_details": {
                    "android.permission.READ_EXTERNAL_STORAGE": {
                        "short_description": "read from external storage",
                        "full_description": "Allows an application to read from external storage",
                        "permission_type": "normal"
                    },
                    "android.permission.READ_PHONE_STATE": {
                        "short_description": "read phone state and identity",
                        "full_description": "Allows the application to access the phone features of the device. An application with this permission can determine the phone number and serial number of this phone, whether a call is active, the number that call is connected to and so on.",
                        "permission_type": "dangerous"
                    },
                    "android.permission.READ_LOGS": {
                        "short_description": "read sensitive log data",
                        "full_description": "Allows an application to read from the system's various log files. This allows it to discover general information about what you are doing with the phone, potentially including personal or private information.",
                        "permission_type": "signatureOrSystemOrDevelopment"
                    },
                    "android.permission.ACCESS_WIFI_STATE": {
                        "short_description": "view Wi-Fi status",
                        "full_description": "Allows an application to view the information about the status of Wi-Fi.",
                        "permission_type": "normal"
                    },
                    "android.permission.CALL_PHONE": {
                        "short_description": "directly call phone numbers",
                        "full_description": "Allows an application to initiate a phone call without going through the Dialer user interface for the user to confirm the call being placed. ",
                        "permission_type": "dangerous"
                    },
                    "android.permission.ACCESS_NETWORK_STATE": {
                        "short_description": "view network status",
                        "full_description": "Allows an application to view the status of all networks.",
                        "permission_type": "normal"
                    },
                    "android.permission.INTERNET": {
                        "short_description": "full Internet access",
                        "full_description": "Allows an application to create network sockets.",
                        "permission_type": "dangerous"
                    },
                    "android.permission.WRITE_EXTERNAL_STORAGE": {
                        "short_description": "modify/delete SD card contents",
                        "full_description": "Allows an application to write to the SD card.",
                        "permission_type": "dangerous"
                    }
                },
                "AndroidApplication": 1,
                "StringsInformation": [
                    "http://android.bugly.qq.com/rqd/async",
                    "http://rqd.uu.qq.com/rqd/sync",
                    "https://mapi.cms.tjmntv.com/"
                ],
                "AndroidApplicationError": false,
                "AndroidVersionName": "1.5",
                "RiskIndicator": {
                    "APK": {
                        "DEX": 2,
                        "ZIP": 2,
                        "SHARED LIBRARIES": 7
                    },
                    "PERM": {
                        "DANGEROUS": 2,
                        "INTERNET": 1,
                        "NORMAL": 3,
                        "SIGNATUREORSYSTEMORDEVELOPMENT": 1,
                        "PRIVACY": 1
                    }
                },
                "MinSdkVersion": "19",
                "TargetSdkVersion": "24",
                "AndroguardVersion": "3.0-dev",
                "AndroidApplicationInfo": "APK"
            },
            "magic": "Zip archive data, at least v2.0 to extract",
            "last_analysis_stats": {
                "harmless": 0,
                "type-unsupported": 12,
                "suspicious": 0,
                "confirmed-timeout": 0,
                "timeout": 1,
                "failure": 0,
                "malicious": 7,
                "undetected": 51
            },
            "meaningful_name": "aaomNyE4oFYZu9dj",
            "reputation": 0
        },
        "type": "file",
        "id": "000becadc249f65e9e2b320b2912ebd75fac8b13678ec29d14e7ecef5b1ec86f",
        "links": {
            "self": "https://www.virustotal.com/api/v3/files/000becadc249f65e9e2b320b2912ebd75fac8b13678ec29d14e7ecef5b1ec86f"
        }
    }
}