{
    "data": {
        "attributes": {
            "type_description": "Android",
            "tlsh": "T12DD3F163E2FE94C3D7ECCCBB591250E5F4FEE51AE245E2B3135691092545E08CCB2E61",
            "vhash": "47f56f987bf1806c3be5a1da4a0eb529",
            "trid": [
                {
                    "file_type": "Java Archive",
                    "probability": 72.9
                },
                {
                    "file_type": "ZIP compressed archive",
                    "probability": 21.6
                },
                {
                    "file_type": "PrintFox/Pagefox bitmap (640x800)",
                    "probability": 5.4
                }
            ],
            "names": [
                "0000764713B286CFE7E8E76C7038C92312977712D9C5A86D504BE54F3C1D025A.apk",
                "0000764713b286cfe7e8e76c7038c92312977712d9c5a86d504be54f3c1d025a.apk",
                "c7a616849372467d03e51022a31b857a.apk",
                "0000764713b286cfe7e8e76c7038c92312977712d9c5a86d504be54f3c1d025a",
                "241bdebfb5f0c2c49a61031e06ac6abfcdfffa21.apk",
                "a",
                "file-7737064_",
                "com.google.android.apps.gmail.apk",
                "0000764713B286CFE7E8E76C7038C92312977712D9C5A86D504BE54F3C1D025A.jar",
                "0000764713b286cfe7e8e76c7038c92312977712d9c5a86d504be54f3c1d025a.bin"
            ],
            "last_modification_date": 1648164561,
            "type_tag": "android",
            "times_submitted": 60,
            "total_votes": {
                "harmless": 0,
                "malicious": 0
            },
            "size": 139335,
            "popular_threat_classification": {
                "suggested_threat_label": "trojan.fakeinst/opfake",
                "popular_threat_category": [
                    {
                        "count": 16,
                        "value": "trojan"
                    }
                ],
                "popular_threat_name": [
                    {
                        "count": 6,
                        "value": "fakeinst"
                    },
                    {
                        "count": 5,
                        "value": "opfake"
                    },
                    {
                        "count": 2,
                        "value": "trojansms"
                    }
                ]
            },
            "last_submission_date": 1648157158,
            "last_analysis_results": {
                "Bkav": {
                    "category": "undetected",
                    "engine_name": "Bkav",
                    "engine_version": "1.3.0.9899",
                    "result": null,
                    "method": "blacklist",
                    "engine_update": "20220324"
                },
                "Lionic": {
                    "category": "malicious",
                    "engine_name": "Lionic",
                    "engine_version": "7.5",
                    "result": "SUSPICIOUS",
                    "method": "blacklist",
                    "engine_update": "20220324"
                },
                "Elastic": {
                    "category": "type-unsupported",
                    "engine_name": "Elastic",
                    "engine_version": "4.0.35",
                    "result": null,
                    "method": "blacklist",
                    "engine_update": "20220302"
                },
                "MicroWorld-eScan": {
                    "category": "undetected",
                    "engine_name": "MicroWorld-eScan",
                    "engine_version": "14.0.409.0",
                    "result": null,
                    "method": "blacklist",
                    "engine_update": "20220324"
                },
                "CMC": {
                    "category": "undetected",
                    "engine_name": "CMC",
                    "engine_version": "2.10.2019.1",
                    "result": null,
                    "method": "blacklist",
                    "engine_update": "20211026"
                },
                "CAT-QuickHeal": {
                    "category": "malicious",
                    "engine_name": "CAT-QuickHeal",
                    "engine_version": "14.00",
                    "result": "Android.SMSSend.X",
                    "method": "blacklist",
                    "engine_update": "20220324"
                },
                "ALYac": {
                    "category": "undetected",
                    "engine_name": "ALYac",
                    "engine_version": "1.1.3.1",
                    "result": null,
                    "method": "blacklist",
                    "engine_update": "20220324"
                },
                "Malwarebytes": {
                    "category": "undetected",
                    "engine_name": "Malwarebytes",
                    "engine_version": "4.2.2.27",
                    "result": null,
                    "method": "blacklist",
                    "engine_update": "20220324"
                },
                "Paloalto": {
                    "category": "type-unsupported",
                    "engine_name": "Paloalto",
                    "engine_version": "0.9.0.1003",
                    "result": null,
                    "method": "blacklist",
                    "engine_update": "20220324"
                },
                "Sangfor": {
                    "category": "undetected",
                    "engine_name": "Sangfor",
                    "engine_version": "2.9.0.0",
                    "result": null,
                    "method": "blacklist",
                    "engine_update": "20211224"
                },
                "Trustlook": {
                    "category": "malicious",
                    "engine_name": "Trustlook",
                    "engine_version": "1.0",
                    "result": "Android.Malware.Trojan",
                    "method": "blacklist",
                    "engine_update": "20220324"
                },
                "Alibaba": {
                    "category": "malicious",
                    "engine_name": "Alibaba",
                    "engine_version": "0.3.0.5",
                    "result": "Trojan:Android/OpFakeSms.d403450d",
                    "method": "blacklist",
                    "engine_update": "20190527"
                },
                "K7GW": {
                    "category": "malicious",
                    "engine_name": "K7GW",
                    "engine_version": "12.1.41464",
                    "result": "Trojan ( 0048d9381 )",
                    "method": "blacklist",
                    "engine_update": "20220324"
                },
                "K7AntiVirus": {
                    "category": "malicious",
                    "engine_name": "K7AntiVirus",
                    "engine_version": "12.1.41464",
                    "result": "Trojan ( 00373aff1 )",
                    "method": "blacklist",
                    "engine_update": "20220324"
                },
                "Arcabit": {
                    "category": "undetected",
                    "engine_name": "Arcabit",
                    "engine_version": "1.0.0.889",
                    "result": null,
                    "method": "blacklist",
                    "engine_update": "20220324"
                },
                "Baidu": {
                    "category": "undetected",
                    "engine_name": "Baidu",
                    "engine_version": "1.0.0.2",
                    "result": null,
                    "method": "blacklist",
                    "engine_update": "20190318"
                },
                "VirIT": {
                    "category": "malicious",
                    "engine_name": "VirIT",
                    "engine_version": "9.5.161",
                    "result": "Android.Trj.OpFake.E",
                    "method": "blacklist",
                    "engine_update": "20220324"
                },
                "Cyren": {
                    "category": "malicious",
                    "engine_name": "Cyren",
                    "engine_version": "6.5.1.2",
                    "result": "AndroidOS/FakeInst.KN",
                    "method": "blacklist",
                    "engine_update": "20220324"
                },
                "SymantecMobileInsight": {
                    "category": "malicious",
                    "engine_name": "SymantecMobileInsight",
                    "engine_version": "2.0",
                    "result": "Trojan:Opfake",
                    "method": "blacklist",
                    "engine_update": "20220208"
                },
                "tehtris": {
                    "category": "type-unsupported",
                    "engine_name": "tehtris",
                    "engine_version": "v0.0.7",
                    "result": null,
                    "method": "blacklist",
                    "engine_update": "20220324"
                },
                "ESET-NOD32": {
                    "category": "malicious",
                    "engine_name": "ESET-NOD32",
                    "engine_version": "24994",
                    "result": "Android/TrojanSMS.Agent.BF",
                    "method": "blacklist",
                    "engine_update": "20220324"
                },
                "APEX": {
                    "category": "type-unsupported",
                    "engine_name": "APEX",
                    "engine_version": "6.273",
                    "result": null,
                    "method": "blacklist",
                    "engine_update": "20220322"
                },
                "TrendMicro-HouseCall": {
                    "category": "malicious",
                    "engine_name": "TrendMicro-HouseCall",
                    "engine_version": "10.0.0.1040",
                    "result": "AndroidOS_FAKE.DQ",
                    "method": "blacklist",
                    "engine_update": "20220324"
                },
                "Avast": {
                    "category": "malicious",
                    "engine_name": "Avast",
                    "engine_version": "21.1.5827.0",
                    "result": "Android:Agent-GQO [Trj]",
                    "method": "blacklist",
                    "engine_update": "20220324"
                },
                "ClamAV": {
                    "category": "malicious",
                    "engine_name": "ClamAV",
                    "engine_version": "0.104.2.0",
                    "result": "Andr.Malware.Agent-1459066",
                    "method": "blacklist",
                    "engine_update": "20220324"
                },
                "Kaspersky": {
                    "category": "malicious",
                    "engine_name": "Kaspersky",
                    "engine_version": "21.0.1.45",
                    "result": "HEUR:Trojan-SMS.AndroidOS.FakeInst.a",
                    "method": "blacklist",
                    "engine_update": "20220324"
                },
                "BitDefender": {
                    "category": "undetected",
                    "engine_name": "BitDefender",
                    "engine_version": "7.2",
                    "result": null,
                    "method": "blacklist",
                    "engine_update": "20220324"
                },
                "NANO-Antivirus": {
                    "category": "malicious",
                    "engine_name": "NANO-Antivirus",
                    "engine_version": "1.0.146.25563",
                    "result": "Trojan.Android.Agent.cujubj",
                    "method": "blacklist",
                    "engine_update": "20220324"
                },
                "SUPERAntiSpyware": {
                    "category": "undetected",
                    "engine_name": "SUPERAntiSpyware",
                    "engine_version": "5.6.0.1032",
                    "result": null,
                    "method": "blacklist",
                    "engine_update": "20220319"
                },
                "Rising": {
                    "category": "undetected",
                    "engine_name": "Rising",
                    "engine_version": "25.0.0.27",
                    "result": null,
                    "method": "blacklist",
                    "engine_update": "20220324"
                },
                "Ad-Aware": {
                    "category": "undetected",
                    "engine_name": "Ad-Aware",
                    "engine_version": "3.0.21.193",
                    "result": null,
                    "method": "blacklist",
                    "engine_update": "20220324"
                },
                "Sophos": {
                    "category": "malicious",
                    "engine_name": "Sophos",
                    "engine_version": "1.4.1.0",
                    "result": "Andr/Opfake-AS",
                    "method": "blacklist",
                    "engine_update": "20220324"
                },
                "Comodo": {
                    "category": "malicious",
                    "engine_name": "Comodo",
                    "engine_version": "34468",
                    "result": "Malware@#snxhum9nao40",
                    "method": "blacklist",
                    "engine_update": "20220324"
                },
                "F-Secure": {
                    "category": "undetected",
                    "engine_name": "F-Secure",
                    "engine_version": "12.0.86.52",
                    "result": null,
                    "method": "blacklist",
                    "engine_update": "20220324"
                },
                "DrWeb": {
                    "category": "malicious",
                    "engine_name": "DrWeb",
                    "engine_version": "7.0.54.3080",
                    "result": "Android.SmsSend.344.origin",
                    "method": "blacklist",
                    "engine_update": "20220324"
                },
                "Zillya": {
                    "category": "malicious",
                    "engine_name": "Zillya",
                    "engine_version": "2.0.0.4597",
                    "result": "Trojan.Agent..12008",
                    "method": "blacklist",
                    "engine_update": "20220324"
                },
                "TrendMicro": {
                    "category": "malicious",
                    "engine_name": "TrendMicro",
                    "engine_version": "11.0.0.1006",
                    "result": "AndroidOS_FAKE.DQ",
                    "method": "blacklist",
                    "engine_update": "20220324"
                },
                "McAfee-GW-Edition": {
                    "category": "timeout",
                    "engine_name": "McAfee-GW-Edition",
                    "engine_version": null,
                    "result": null,
                    "method": "blacklist",
                    "engine_update": "20220324"
                },
                "SentinelOne": {
                    "category": "type-unsupported",
                    "engine_name": "SentinelOne",
                    "engine_version": "7.2.0.1",
                    "result": null,
                    "method": "blacklist",
                    "engine_update": "20220201"
                },
                "Trapmine": {
                    "category": "type-unsupported",
                    "engine_name": "Trapmine",
                    "engine_version": "3.5.45.75",
                    "result": null,
                    "method": "blacklist",
                    "engine_update": "20220217"
                },
                "FireEye": {
                    "category": "undetected",
                    "engine_name": "FireEye",
                    "engine_version": "32.44.1.0",
                    "result": null,
                    "method": "blacklist",
                    "engine_update": "20220324"
                },
                "Emsisoft": {
                    "category": "undetected",
                    "engine_name": "Emsisoft",
                    "engine_version": "2021.5.0.7597",
                    "result": null,
                    "method": "blacklist",
                    "engine_update": "20220324"
                },
                "Ikarus": {
                    "category": "failure",
                    "engine_name": "Ikarus",
                    "engine_version": "6.0.11.0",
                    "result": null,
                    "method": "blacklist",
                    "engine_update": "20220324"
                },
                "GData": {
                    "category": "undetected",
                    "engine_name": "GData",
                    "engine_version": "A:25.32624B:27.26778",
                    "result": null,
                    "method": "blacklist",
                    "engine_update": "20220324"
                },
                "Jiangmin": {
                    "category": "malicious",
                    "engine_name": "Jiangmin",
                    "engine_version": "16.0.100",
                    "result": "Trojan/AndroidOS.bwg",
                    "method": "blacklist",
                    "engine_update": "20220323"
                },
                "Webroot": {
                    "category": "type-unsupported",
                    "engine_name": "Webroot",
                    "engine_version": "1.0.0.403",
                    "result": null,
                    "method": "blacklist",
                    "engine_update": "20220324"
                },
                "Avira": {
                    "category": "malicious",
                    "engine_name": "Avira",
                    "engine_version": "8.3.3.14",
                    "result": "ANDROID/TrojanSMS.FFSM.Gen",
                    "method": "blacklist",
                    "engine_update": "20220324"
                },
                "Antiy-AVL": {
                    "category": "malicious",
                    "engine_name": "Antiy-AVL",
                    "engine_version": "3.0.0.1",
                    "result": "Trojan/Generic.ASMalwAD.570",
                    "method": "blacklist",
                    "engine_update": "20220324"
                },
                "Kingsoft": {
                    "category": "malicious",
                    "engine_name": "Kingsoft",
                    "engine_version": "2017.9.26.565",
                    "result": "Android.Troj.FakeInst.mt.(kcloud)",
                    "method": "blacklist",
                    "engine_update": "20220324"
                },
                "Gridinsoft": {
                    "category": "undetected",
                    "engine_name": "Gridinsoft",
                    "engine_version": "1.0.74.174",
                    "result": null,
                    "method": "blacklist",
                    "engine_update": "20220324"
                },
                "Microsoft": {
                    "category": "malicious",
                    "engine_name": "Microsoft",
                    "engine_version": "1.1.19000.8",
                    "result": "Trojan:AndroidOS/FakeInstSms.L",
                    "method": "blacklist",
                    "engine_update": "20220324"
                },
                "ViRobot": {
                    "category": "undetected",
                    "engine_name": "ViRobot",
                    "engine_version": "2014.3.20.0",
                    "result": null,
                    "method": "blacklist",
                    "engine_update": "20220324"
                },
                "ZoneAlarm": {
                    "category": "undetected",
                    "engine_name": "ZoneAlarm",
                    "engine_version": "1.0",
                    "result": null,
                    "method": "blacklist",
                    "engine_update": "20220324"
                },
                "Avast-Mobile": {
                    "category": "malicious",
                    "engine_name": "Avast-Mobile",
                    "engine_version": "220324-00",
                    "result": "Android:Evo-gen [Trj]",
                    "method": "blacklist",
                    "engine_update": "20220324"
                },
                "Cynet": {
                    "category": "malicious",
                    "engine_name": "Cynet",
                    "engine_version": "4.0.0.27",
                    "result": "Malicious (score: 99)",
                    "method": "blacklist",
                    "engine_update": "20220324"
                },
                "BitDefenderFalx": {
                    "category": "malicious",
                    "engine_name": "BitDefenderFalx",
                    "engine_version": "2.0.936",
                    "result": "Android.Trojan.FakeInst.BB",
                    "method": "blacklist",
                    "engine_update": "20220103"
                },
                "AhnLab-V3": {
                    "category": "malicious",
                    "engine_name": "AhnLab-V3",
                    "engine_version": "3.21.3.10230",
                    "result": "Trojan/Android.Opfake.519828",
                    "method": "blacklist",
                    "engine_update": "20220324"
                },
                "Acronis": {
                    "category": "type-unsupported",
                    "engine_name": "Acronis",
                    "engine_version": "1.1.1.82",
                    "result": null,
                    "method": "blacklist",
                    "engine_update": "20210512"
                },
                "McAfee": {
                    "category": "malicious",
                    "engine_name": "McAfee",
                    "engine_version": "6.0.6.653",
                    "result": "Artemis!C7A616849372",
                    "method": "blacklist",
                    "engine_update": "20220324"
                },
                "MAX": {
                    "category": "malicious",
                    "engine_name": "MAX",
                    "engine_version": "2019.9.16.1",
                    "result": "malware (ai score=100)",
                    "method": "blacklist",
                    "engine_update": "20220324"
                },
                "VBA32": {
                    "category": "malicious",
                    "engine_name": "VBA32",
                    "engine_version": "5.0.0",
                    "result": "Trojan-SMS.AndroidOS.FakeInst.a",
                    "method": "blacklist",
                    "engine_update": "20220324"
                },
                "Cylance": {
                    "category": "type-unsupported",
                    "engine_name": "Cylance",
                    "engine_version": "2.3.1.101",
                    "result": null,
                    "method": "blacklist",
                    "engine_update": "20220324"
                },
                "Zoner": {
                    "category": "undetected",
                    "engine_name": "Zoner",
                    "engine_version": "2.2.2.0",
                    "result": null,
                    "method": "blacklist",
                    "engine_update": "20220323"
                },
                "Tencent": {
                    "category": "malicious",
                    "engine_name": "Tencent",
                    "engine_version": "1.0.0.1",
                    "result": "Trojan.Android.Opfake.e",
                    "method": "blacklist",
                    "engine_update": "20220324"
                },
                "Yandex": {
                    "category": "undetected",
                    "engine_name": "Yandex",
                    "engine_version": "5.5.2.24",
                    "result": null,
                    "method": "blacklist",
                    "engine_update": "20220324"
                },
                "TACHYON": {
                    "category": "undetected",
                    "engine_name": "TACHYON",
                    "engine_version": "2022-03-24.02",
                    "result": null,
                    "method": "blacklist",
                    "engine_update": "20220324"
                },
                "MaxSecure": {
                    "category": "malicious",
                    "engine_name": "MaxSecure",
                    "engine_version": "1.0.0.1",
                    "result": "Android.WIN32.FakeInst.a",
                    "method": "blacklist",
                    "engine_update": "20220324"
                },
                "Fortinet": {
                    "category": "malicious",
                    "engine_name": "Fortinet",
                    "engine_version": "6.2.142.0",
                    "result": "Android/AgentSMS.AWV!tr",
                    "method": "blacklist",
                    "engine_update": "20220324"
                },
                "BitDefenderTheta": {
                    "category": "undetected",
                    "engine_name": "BitDefenderTheta",
                    "engine_version": "7.2.37796.0",
                    "result": null,
                    "method": "blacklist",
                    "engine_update": "20220318"
                },
                "AVG": {
                    "category": "malicious",
                    "engine_name": "AVG",
                    "engine_version": "21.1.5827.0",
                    "result": "Android:Agent-GQO [Trj]",
                    "method": "blacklist",
                    "engine_update": "20220324"
                },
                "Cybereason": {
                    "category": "type-unsupported",
                    "engine_name": "Cybereason",
                    "engine_version": "1.2.449",
                    "result": null,
                    "method": "blacklist",
                    "engine_update": "20210330"
                },
                "Panda": {
                    "category": "undetected",
                    "engine_name": "Panda",
                    "engine_version": "4.6.4.2",
                    "result": null,
                    "method": "blacklist",
                    "engine_update": "20220324"
                },
                "CrowdStrike": {
                    "category": "type-unsupported",
                    "engine_name": "CrowdStrike",
                    "engine_version": "1.0",
                    "result": null,
                    "method": "blacklist",
                    "engine_update": "20210907"
                }
            },
            "sandbox_verdicts": {
                "Dr.Web vxCube": {
                    "category": "malicious",
                    "sandbox_name": "Dr.Web vxCube",
                    "malware_classification": [
                        "MALWARE"
                    ]
                },
                "Tencent HABO": {
                    "category": "malicious",
                    "sandbox_name": "Tencent HABO",
                    "malware_classification": [
                        "MALWARE"
                    ]
                }
            },
            "sha256": "0000764713b286cfe7e8e76c7038c92312977712d9c5a86d504be54f3c1d025a",
            "type_extension": "apk",
            "tags": [
                "apk",
                "android",
                "sends-sms",
                "reflection",
                "telephony"
            ],
            "last_analysis_date": 1648157158,
            "unique_sources": 34,
            "first_submission_date": 1337852812,
            "sha1": "241bdebfb5f0c2c49a61031e06ac6abfcdfffa21",
            "ssdeep": "1536:YsmTZAdJ19JhcA9eorIlH696Kp0r1/bABfUm3RcVRbm3RcVR6m3RcVRBm3RcVRFq:zd//CA9PCogbAXaHaaHZaHkaH4aHbaH9",
            "bundle_info": {
                "highest_datetime": "2012-03-15 19:00:28",
                "lowest_datetime": "2012-01-21 18:23:48",
                "num_children": 16,
                "extensions": {
                    "xml": 4,
                    "dex": 1,
                    "MF": 1,
                    "RSA": 1,
                    "dat": 1,
                    "SF": 1,
                    "png": 6
                },
                "file_types": {
                    "XML": 4,
                    "unknown": 5,
                    "DEX": 1,
                    "PNG": 6
                },
                "type": "APK",
                "uncompressed_size": 172780
            },
            "md5": "c7a616849372467d03e51022a31b857a",
            "androguard": {
                "Activities": [
                    "tp5x.WGt12.Y6Cg03N",
                    "ru.alpha.WebActivity",
                    "ru.alpha.HtmlActivity"
                ],
                "AndroidVersionCode": "1",
                "main_activity": "tp5x.WGt12.Y6Cg03N",
                "certificate": {
                    "Subject": {
                        "DN": "C:01, CN:Ivan Ivan, L:Moscow, O:Opera, ST:Moscom, OU:Opera",
                        "C": "01",
                        "CN": "Ivan Ivan",
                        "L": "Moscow",
                        "O": "Opera",
                        "ST": "Moscom",
                        "OU": "Opera"
                    },
                    "validto": "2039-01-02 19:20:29",
                    "serialnumber": "4e4c147d",
                    "thumbprint": "fb2fd4d89d7363e6386c865247825c041f23cdeb",
                    "validfrom": "2011-08-17 19:20:29",
                    "Issuer": {
                        "DN": "C:01, CN:Ivan Ivan, L:Moscow, O:Opera, ST:Moscom, OU:Opera",
                        "C": "01",
                        "CN": "Ivan Ivan",
                        "L": "Moscow",
                        "O": "Opera",
                        "ST": "Moscom",
                        "OU": "Opera"
                    }
                },
                "VTAndroidInfo": 2.0,
                "Package": "tp5x.WGt12",
                "intent_filters": {
                    "Services": {
                        "ru.alpha.AlphaService": {
                            "action": [
                                "ru.alpha.AlphaServiceStart76"
                            ]
                        }
                    },
                    "Activities": {
                        "tp5x.WGt12.Y6Cg03N": {
                            "action": [
                                "android.intent.action.MAIN"
                            ],
                            "category": [
                                "android.intent.category.LAUNCHER"
                            ]
                        }
                    },
                    "Receivers": {
                        "tp5x.WGt12.BootReceiver": {
                            "action": [
                                "android.intent.action.BOOT_COMPLETED"
                            ],
                            "category": [
                                "android.intent.category.HOME"
                            ]
                        }
                    }
                },
                "AndroidApplication": 1,
                "StringsInformation": [
                    "http://m-001.net/i/",
                    "http://m-001.net/index.php"
                ],
                "permission_details": {
                    "android.permission.ACCESS_FINE_LOCATION": {
                        "short_description": "precise (GPS) location",
                        "full_description": "Access precise\n      location sources such as the Global Positioning System on the phone. When\n      location services are available and turned on, this permission allows the\n      app to determine your precise location.",
                        "permission_type": "dangerous"
                    },
                    "android.permission.SEND_SMS": {
                        "short_description": "send SMS messages",
                        "full_description": "Allows the app to send SMS messages.\n     This may result in unexpected charges. Malicious apps may cost you money by\n     sending messages without your confirmation.",
                        "permission_type": "dangerous"
                    },
                    "android.permission.ACCESS_COARSE_UPDATES": {
                        "short_description": "Unknown permission from android reference",
                        "full_description": "Unknown permission from android reference",
                        "permission_type": "normal"
                    },
                    "android.permission.INTERNET": {
                        "short_description": "full network access",
                        "full_description": "Allows the app to create\n     network sockets and use custom network protocols. The browser and other\n     applications provide means to send data to the internet, so this\n     permission is not required to send data to the internet.",
                        "permission_type": "dangerous"
                    },
                    "android.permission.INSTALL_PACKAGES": {
                        "short_description": "directly install apps",
                        "full_description": "Allows the app to install new or updated\n        Android packages. Malicious apps may use this to add new apps with arbitrarily\n        powerful permissions.",
                        "permission_type": "signature|system"
                    },
                    "com.android.launcher.permission.INSTALL_SHORTCUT": {
                        "short_description": "Unknown permission from android reference",
                        "full_description": "Unknown permission from android reference",
                        "permission_type": "normal"
                    },
                    "android.permission.ACCESS_NETWORK_STATE": {
                        "short_description": "view network connections",
                        "full_description": "Allows the app to view\n      information about network connections such as which networks exist and are\n      connected.",
                        "permission_type": "normal"
                    },
                    "android.permission.ACCESS_COARSE_LOCATION": {
                        "short_description": "approximate (network-based) location",
                        "full_description": "Access\n      approximate location from location providers using network sources such as\n      cell tower and Wi-Fi. When these location services are available and turned\n      on, this permission allows the app to determine your approximate\n      location.",
                        "permission_type": "dangerous"
                    },
                    "android.permission.RECEIVE_BOOT_COMPLETED": {
                        "short_description": "run at startup",
                        "full_description": "Allows the app to\n        have itself started as soon as the system has finished booting.\n        This can make it take longer to start the phone and allow the\n        app to slow down the overall phone by always running.",
                        "permission_type": "normal"
                    },
                    "android.permission.READ_PHONE_STATE": {
                        "short_description": "read phone status and identity",
                        "full_description": "Allows the app to access the phone\n      features of the device.  This permission allows the app to determine the\n      phone number and device IDs, whether a call is active, and the remote number\n      connected by a call.",
                        "permission_type": "dangerous"
                    },
                    "android.permission.WRITE_EXTERNAL_STORAGE": {
                        "short_description": "modify or delete the contents of your SD card",
                        "full_description": "Allows the app to write to the SD card.",
                        "permission_type": "dangerous"
                    }
                },
                "AndroidApplicationError": false,
                "AndroidVersionName": "1.0",
                "RiskIndicator": {
                    "APK": {
                        "DEX": 1
                    },
                    "PERM": {
                        "PRIVACY": 3,
                        "MONEY": 1,
                        "INTERNET": 1,
                        "SMS": 1,
                        "SYSTEM": 1,
                        "DANGEROUS": 1,
                        "SIGNATURE": 1,
                        "NORMAL": 2,
                        "GPS": 2
                    }
                },
                "Services": [
                    "ru.alpha.AlphaService"
                ],
                "MinSdkVersion": "4",
                "Receivers": [
                    "ru.alpha.AlphaReceiver",
                    "tp5x.WGt12.BootReceiver"
                ],
                "AndroguardVersion": "3.4.0a1",
                "AndroidApplicationInfo": "APK"
            },
            "magic": "Zip archive data, at least v2.0 to extract",
            "last_analysis_stats": {
                "harmless": 0,
                "type-unsupported": 11,
                "suspicious": 0,
                "confirmed-timeout": 0,
                "timeout": 1,
                "failure": 1,
                "malicious": 36,
                "undetected": 24
            },
            "meaningful_name": "0000764713B286CFE7E8E76C7038C92312977712D9C5A86D504BE54F3C1D025A.apk",
            "reputation": 0
        },
        "type": "file",
        "id": "0000764713b286cfe7e8e76c7038c92312977712d9c5a86d504be54f3c1d025a",
        "links": {
            "self": "https://www.virustotal.com/api/v3/files/0000764713b286cfe7e8e76c7038c92312977712d9c5a86d504be54f3c1d025a"
        }
    }
}