{
    "data": {
        "attributes": {
            "type_description": "Android",
            "tlsh": "T1A5F42356735C7C06F9F3253AE00E2192DB65EB50C240F37E1B979D9420E9ED84BA2E78",
            "vhash": "12b8b779fb58134ad3aee148a610e6b7",
            "trid": [
                {
                    "file_type": "Android Package",
                    "probability": 67.5
                },
                {
                    "file_type": "Java Archive",
                    "probability": 23.6
                },
                {
                    "file_type": "ZIP compressed archive",
                    "probability": 7.0
                },
                {
                    "file_type": "PrintFox/Pagefox bitmap (640x800)",
                    "probability": 1.7
                }
            ],
            "names": [
                "00050ee1efee0602426671153ad0487a46c235d5ffb397427c96c832a6db38a1.61741bec77e8d7759aec6513463b5f61.apk",
                "00050EE1EFEE0602426671153AD0487A46C235D5FFB397427C96C832A6DB38A1.apk",
                "0115",
                "VirusShare_61741bec77e8d7759aec6513463b5f61",
                "myfile.exe",
                "VirusShare_a25c76a2c3902c33c7db3582ccfa0cd63ec3a16d.apk",
                "00050ee1efee0602426671153ad0487a46c235d5ffb397427c96c832a6db38a1.log",
                "61741bec77e8d7759aec6513463b5f61.apk",
                "00050EE1EFEE0602426671153AD0487A46C235D5FFB397427C96C832A6DB38A1.apk.log",
                "1ffbf65cb849dbdf97b0ef9d337519b53d1c6344",
                "61741bec77e8d7759aec6513463b5f61.a25c76a2c3902c33c7db3582ccfa0cd63ec3a16d",
                "aa",
                "VmIUjhq.bmp",
                "TxQOnBKC.tiff"
            ],
            "last_modification_date": 1656271183,
            "type_tag": "android",
            "times_submitted": 17,
            "total_votes": {
                "harmless": 0,
                "malicious": 0
            },
            "size": 749272,
            "popular_threat_classification": {
                "suggested_threat_label": "trojan.opfake/linux",
                "popular_threat_category": [
                    {
                        "count": 19,
                        "value": "trojan"
                    }
                ],
                "popular_threat_name": [
                    {
                        "count": 6,
                        "value": "opfake"
                    },
                    {
                        "count": 5,
                        "value": "linux"
                    },
                    {
                        "count": 3,
                        "value": "smsagent"
                    }
                ]
            },
            "last_submission_date": 1656263915,
            "last_analysis_results": {
                "Bkav": {
                    "category": "undetected",
                    "engine_name": "Bkav",
                    "engine_version": "1.3.0.9899",
                    "result": null,
                    "method": "blacklist",
                    "engine_update": "20220625"
                },
                "Lionic": {
                    "category": "malicious",
                    "engine_name": "Lionic",
                    "engine_version": "7.5",
                    "result": "SUSPICIOUS",
                    "method": "blacklist",
                    "engine_update": "20220626"
                },
                "Elastic": {
                    "category": "undetected",
                    "engine_name": "Elastic",
                    "engine_version": "4.0.40",
                    "result": null,
                    "method": "blacklist",
                    "engine_update": "20220623"
                },
                "DrWeb": {
                    "category": "malicious",
                    "engine_name": "DrWeb",
                    "engine_version": "7.0.56.4040",
                    "result": "Android.SmsSend.458",
                    "method": "blacklist",
                    "engine_update": "20220626"
                },
                "MicroWorld-eScan": {
                    "category": "undetected",
                    "engine_name": "MicroWorld-eScan",
                    "engine_version": "14.0.409.0",
                    "result": null,
                    "method": "blacklist",
                    "engine_update": "20220626"
                },
                "FireEye": {
                    "category": "malicious",
                    "engine_name": "FireEye",
                    "engine_version": "35.24.1.0",
                    "result": "Trojan.Linux.GenericKD.42940702",
                    "method": "blacklist",
                    "engine_update": "20220626"
                },
                "CAT-QuickHeal": {
                    "category": "malicious",
                    "engine_name": "CAT-QuickHeal",
                    "engine_version": "14.00",
                    "result": "Android.Skymobi.C",
                    "method": "blacklist",
                    "engine_update": "20220626"
                },
                "McAfee": {
                    "category": "malicious",
                    "engine_name": "McAfee",
                    "engine_version": "6.0.6.653",
                    "result": "Artemis!61741BEC77E8",
                    "method": "blacklist",
                    "engine_update": "20220626"
                },
                "Malwarebytes": {
                    "category": "undetected",
                    "engine_name": "Malwarebytes",
                    "engine_version": "4.3.3.37",
                    "result": null,
                    "method": "blacklist",
                    "engine_update": "20220626"
                },
                "Paloalto": {
                    "category": "type-unsupported",
                    "engine_name": "Paloalto",
                    "engine_version": "0.9.0.1003",
                    "result": null,
                    "method": "blacklist",
                    "engine_update": "20220626"
                },
                "Sangfor": {
                    "category": "undetected",
                    "engine_name": "Sangfor",
                    "engine_version": "2.14.0.0",
                    "result": null,
                    "method": "blacklist",
                    "engine_update": "20220602"
                },
                "Trustlook": {
                    "category": "malicious",
                    "engine_name": "Trustlook",
                    "engine_version": "1.0",
                    "result": "Android.Malware.Trojan",
                    "method": "blacklist",
                    "engine_update": "20220626"
                },
                "Alibaba": {
                    "category": "malicious",
                    "engine_name": "Alibaba",
                    "engine_version": "0.3.0.5",
                    "result": "Trojan:Android/Opfake.09d5db57",
                    "method": "blacklist",
                    "engine_update": "20190527"
                },
                "K7GW": {
                    "category": "malicious",
                    "engine_name": "K7GW",
                    "engine_version": "12.21.43035",
                    "result": "Trojan ( 0048d9ef1 )",
                    "method": "blacklist",
                    "engine_update": "20220626"
                },
                "K7AntiVirus": {
                    "category": "undetected",
                    "engine_name": "K7AntiVirus",
                    "engine_version": "12.21.43035",
                    "result": null,
                    "method": "blacklist",
                    "engine_update": "20220626"
                },
                "Arcabit": {
                    "category": "undetected",
                    "engine_name": "Arcabit",
                    "engine_version": "1.0.0.889",
                    "result": null,
                    "method": "blacklist",
                    "engine_update": "20220626"
                },
                "BitDefenderTheta": {
                    "category": "undetected",
                    "engine_name": "BitDefenderTheta",
                    "engine_version": "7.2.37796.0",
                    "result": null,
                    "method": "blacklist",
                    "engine_update": "20220614"
                },
                "VirIT": {
                    "category": "malicious",
                    "engine_name": "VirIT",
                    "engine_version": "9.5.224",
                    "result": "Android.Trj.SmsSend.RQ",
                    "method": "blacklist",
                    "engine_update": "20220624"
                },
                "Cyren": {
                    "category": "malicious",
                    "engine_name": "Cyren",
                    "engine_version": "6.5.1.2",
                    "result": "AndroidOS/Agent.DW",
                    "method": "blacklist",
                    "engine_update": "20220626"
                },
                "SymantecMobileInsight": {
                    "category": "malicious",
                    "engine_name": "SymantecMobileInsight",
                    "engine_version": "2.0",
                    "result": "Trojan:Opfake",
                    "method": "blacklist",
                    "engine_update": "20220208"
                },
                "tehtris": {
                    "category": "type-unsupported",
                    "engine_name": "tehtris",
                    "engine_version": "v0.1.4",
                    "result": null,
                    "method": "blacklist",
                    "engine_update": "20220626"
                },
                "ESET-NOD32": {
                    "category": "malicious",
                    "engine_name": "ESET-NOD32",
                    "engine_version": "25498",
                    "result": "multiple detections",
                    "method": "blacklist",
                    "engine_update": "20220626"
                },
                "APEX": {
                    "category": "type-unsupported",
                    "engine_name": "APEX",
                    "engine_version": "6.306",
                    "result": null,
                    "method": "blacklist",
                    "engine_update": "20220625"
                },
                "TrendMicro-HouseCall": {
                    "category": "undetected",
                    "engine_name": "TrendMicro-HouseCall",
                    "engine_version": "10.0.0.1040",
                    "result": null,
                    "method": "blacklist",
                    "engine_update": "20220626"
                },
                "Avast": {
                    "category": "malicious",
                    "engine_name": "Avast",
                    "engine_version": "21.1.5827.0",
                    "result": "Android:SMSAgent-OM [PUP]",
                    "method": "blacklist",
                    "engine_update": "20220626"
                },
                "ClamAV": {
                    "category": "malicious",
                    "engine_name": "ClamAV",
                    "engine_version": "0.105.0.0",
                    "result": "Unix.Trojan.Agent-1416897",
                    "method": "blacklist",
                    "engine_update": "20220626"
                },
                "Kaspersky": {
                    "category": "malicious",
                    "engine_name": "Kaspersky",
                    "engine_version": "21.0.1.45",
                    "result": "HEUR:Trojan-SMS.AndroidOS.Opfake.bo",
                    "method": "blacklist",
                    "engine_update": "20220626"
                },
                "BitDefender": {
                    "category": "malicious",
                    "engine_name": "BitDefender",
                    "engine_version": "7.2",
                    "result": "Trojan.Linux.GenericKD.42940702",
                    "method": "blacklist",
                    "engine_update": "20220626"
                },
                "NANO-Antivirus": {
                    "category": "malicious",
                    "engine_name": "NANO-Antivirus",
                    "engine_version": "1.0.146.25588",
                    "result": "Trojan.Android.SmsSend.emmuzt",
                    "method": "blacklist",
                    "engine_update": "20220626"
                },
                "SUPERAntiSpyware": {
                    "category": "undetected",
                    "engine_name": "SUPERAntiSpyware",
                    "engine_version": "5.6.0.1032",
                    "result": null,
                    "method": "blacklist",
                    "engine_update": "20220625"
                },
                "Tencent": {
                    "category": "malicious",
                    "engine_name": "Tencent",
                    "engine_version": "1.0.0.1",
                    "result": "Trojan.Android.Opfake.boh",
                    "method": "blacklist",
                    "engine_update": "20220626"
                },
                "Ad-Aware": {
                    "category": "undetected",
                    "engine_name": "Ad-Aware",
                    "engine_version": "3.0.21.193",
                    "result": null,
                    "method": "blacklist",
                    "engine_update": "20220626"
                },
                "Emsisoft": {
                    "category": "malicious",
                    "engine_name": "Emsisoft",
                    "engine_version": "2021.5.0.7597",
                    "result": "Trojan.Linux.GenericKD.42940702 (B)",
                    "method": "blacklist",
                    "engine_update": "20220626"
                },
                "Comodo": {
                    "category": "malicious",
                    "engine_name": "Comodo",
                    "engine_version": "34750",
                    "result": "Malware@#4hhlnm7oumiy",
                    "method": "blacklist",
                    "engine_update": "20220626"
                },
                "F-Secure": {
                    "category": "undetected",
                    "engine_name": "F-Secure",
                    "engine_version": "18.10.978.51",
                    "result": null,
                    "method": "blacklist",
                    "engine_update": "20220626"
                },
                "Baidu": {
                    "category": "undetected",
                    "engine_name": "Baidu",
                    "engine_version": "1.0.0.2",
                    "result": null,
                    "method": "blacklist",
                    "engine_update": "20190318"
                },
                "Zillya": {
                    "category": "malicious",
                    "engine_name": "Zillya",
                    "engine_version": "2.0.0.4658",
                    "result": "Trojan.Agent..11094",
                    "method": "blacklist",
                    "engine_update": "20220624"
                },
                "TrendMicro": {
                    "category": "undetected",
                    "engine_name": "TrendMicro",
                    "engine_version": "11.0.0.1006",
                    "result": null,
                    "method": "blacklist",
                    "engine_update": "20220626"
                },
                "McAfee-GW-Edition": {
                    "category": "malicious",
                    "engine_name": "McAfee-GW-Edition",
                    "engine_version": "v2019.1.2+3728",
                    "result": "RDN/Generic FakeAlert",
                    "method": "blacklist",
                    "engine_update": "20220626"
                },
                "SentinelOne": {
                    "category": "type-unsupported",
                    "engine_name": "SentinelOne",
                    "engine_version": "22.2.1.2",
                    "result": null,
                    "method": "blacklist",
                    "engine_update": "20220330"
                },
                "Trapmine": {
                    "category": "type-unsupported",
                    "engine_name": "Trapmine",
                    "engine_version": "3.5.50.94",
                    "result": null,
                    "method": "blacklist",
                    "engine_update": "20220526"
                },
                "Sophos": {
                    "category": "malicious",
                    "engine_name": "Sophos",
                    "engine_version": "1.4.1.0",
                    "result": "Andr/Boxer-D",
                    "method": "blacklist",
                    "engine_update": "20220626"
                },
                "Ikarus": {
                    "category": "malicious",
                    "engine_name": "Ikarus",
                    "engine_version": "6.0.24.0",
                    "result": "Trojan.AndroidOS.SendSMS",
                    "method": "blacklist",
                    "engine_update": "20220626"
                },
                "GData": {
                    "category": "malicious",
                    "engine_name": "GData",
                    "engine_version": "A:25.33363B:27.27858",
                    "result": "Trojan.Linux.GenericKD.42940702",
                    "method": "blacklist",
                    "engine_update": "20220626"
                },
                "Jiangmin": {
                    "category": "undetected",
                    "engine_name": "Jiangmin",
                    "engine_version": "16.0.100",
                    "result": null,
                    "method": "blacklist",
                    "engine_update": "20220625"
                },
                "Webroot": {
                    "category": "type-unsupported",
                    "engine_name": "Webroot",
                    "engine_version": "1.0.0.403",
                    "result": null,
                    "method": "blacklist",
                    "engine_update": "20220626"
                },
                "Avira": {
                    "category": "malicious",
                    "engine_name": "Avira",
                    "engine_version": "8.3.3.14",
                    "result": "ANDROID/TrojanSMS.FOUA.Gen",
                    "method": "blacklist",
                    "engine_update": "20220626"
                },
                "Kingsoft": {
                    "category": "malicious",
                    "engine_name": "Kingsoft",
                    "engine_version": "2017.9.26.565",
                    "result": "Android.Troj.at_FakeInst.ac.(kcloud)",
                    "method": "blacklist",
                    "engine_update": "20220626"
                },
                "Gridinsoft": {
                    "category": "undetected",
                    "engine_name": "Gridinsoft",
                    "engine_version": "1.0.82.174",
                    "result": null,
                    "method": "blacklist",
                    "engine_update": "20220626"
                },
                "Microsoft": {
                    "category": "malicious",
                    "engine_name": "Microsoft",
                    "engine_version": "1.1.19300.2",
                    "result": "Trojan:Linux/Multiverze",
                    "method": "blacklist",
                    "engine_update": "20220626"
                },
                "ViRobot": {
                    "category": "undetected",
                    "engine_name": "ViRobot",
                    "engine_version": "2014.3.20.0",
                    "result": null,
                    "method": "blacklist",
                    "engine_update": "20220626"
                },
                "ZoneAlarm": {
                    "category": "undetected",
                    "engine_name": "ZoneAlarm",
                    "engine_version": "1.0",
                    "result": null,
                    "method": "blacklist",
                    "engine_update": "20220626"
                },
                "Avast-Mobile": {
                    "category": "malicious",
                    "engine_name": "Avast-Mobile",
                    "engine_version": "220626-00",
                    "result": "ELF:OpFake-A [Trj]",
                    "method": "blacklist",
                    "engine_update": "20220626"
                },
                "Cynet": {
                    "category": "malicious",
                    "engine_name": "Cynet",
                    "engine_version": "4.0.0.27",
                    "result": "Malicious (score: 99)",
                    "method": "blacklist",
                    "engine_update": "20220626"
                },
                "BitDefenderFalx": {
                    "category": "malicious",
                    "engine_name": "BitDefenderFalx",
                    "engine_version": "2.0.936",
                    "result": "Android.Trojan.FakeInst.HF",
                    "method": "blacklist",
                    "engine_update": "20220103"
                },
                "AhnLab-V3": {
                    "category": "malicious",
                    "engine_name": "AhnLab-V3",
                    "engine_version": "3.22.1.10283",
                    "result": "Trojan/Android.Opfake.10005",
                    "method": "blacklist",
                    "engine_update": "20220626"
                },
                "Acronis": {
                    "category": "undetected",
                    "engine_name": "Acronis",
                    "engine_version": "1.2.0.108",
                    "result": null,
                    "method": "blacklist",
                    "engine_update": "20220426"
                },
                "VBA32": {
                    "category": "undetected",
                    "engine_name": "VBA32",
                    "engine_version": "5.0.0",
                    "result": null,
                    "method": "blacklist",
                    "engine_update": "20220624"
                },
                "ALYac": {
                    "category": "undetected",
                    "engine_name": "ALYac",
                    "engine_version": "1.1.3.1",
                    "result": null,
                    "method": "blacklist",
                    "engine_update": "20220626"
                },
                "MAX": {
                    "category": "malicious",
                    "engine_name": "MAX",
                    "engine_version": "2019.9.16.1",
                    "result": "malware (ai score=100)",
                    "method": "blacklist",
                    "engine_update": "20220626"
                },
                "Cylance": {
                    "category": "type-unsupported",
                    "engine_name": "Cylance",
                    "engine_version": "2.3.1.101",
                    "result": null,
                    "method": "blacklist",
                    "engine_update": "20220626"
                },
                "Zoner": {
                    "category": "undetected",
                    "engine_name": "Zoner",
                    "engine_version": "2.2.2.0",
                    "result": null,
                    "method": "blacklist",
                    "engine_update": "20220625"
                },
                "Rising": {
                    "category": "malicious",
                    "engine_name": "Rising",
                    "engine_version": "25.0.0.27",
                    "result": "Trojan.Agent/Android!8.358 (CLOUD)",
                    "method": "blacklist",
                    "engine_update": "20220626"
                },
                "Yandex": {
                    "category": "undetected",
                    "engine_name": "Yandex",
                    "engine_version": "5.5.2.24",
                    "result": null,
                    "method": "blacklist",
                    "engine_update": "20220626"
                },
                "TACHYON": {
                    "category": "undetected",
                    "engine_name": "TACHYON",
                    "engine_version": "2022-06-26.02",
                    "result": null,
                    "method": "blacklist",
                    "engine_update": "20220626"
                },
                "MaxSecure": {
                    "category": "undetected",
                    "engine_name": "MaxSecure",
                    "engine_version": "1.0.0.1",
                    "result": null,
                    "method": "blacklist",
                    "engine_update": "20220625"
                },
                "Fortinet": {
                    "category": "malicious",
                    "engine_name": "Fortinet",
                    "engine_version": "6.2.142.0",
                    "result": "Android/SMSAgent.QZ!tr",
                    "method": "blacklist",
                    "engine_update": "20220626"
                },
                "AVG": {
                    "category": "malicious",
                    "engine_name": "AVG",
                    "engine_version": "21.1.5827.0",
                    "result": "Android:SMSAgent-OM [PUP]",
                    "method": "blacklist",
                    "engine_update": "20220626"
                },
                "Cybereason": {
                    "category": "type-unsupported",
                    "engine_name": "Cybereason",
                    "engine_version": "1.2.449",
                    "result": null,
                    "method": "blacklist",
                    "engine_update": "20210330"
                },
                "Panda": {
                    "category": "undetected",
                    "engine_name": "Panda",
                    "engine_version": "4.6.4.2",
                    "result": null,
                    "method": "blacklist",
                    "engine_update": "20220626"
                },
                "CrowdStrike": {
                    "category": "type-unsupported",
                    "engine_name": "CrowdStrike",
                    "engine_version": "1.0",
                    "result": null,
                    "method": "blacklist",
                    "engine_update": "20220418"
                }
            },
            "sandbox_verdicts": {
                "Tencent HABO": {
                    "category": "malicious",
                    "sandbox_name": "Tencent HABO",
                    "malware_classification": [
                        "MALWARE"
                    ]
                }
            },
            "sha256": "00050ee1efee0602426671153ad0487a46c235d5ffb397427c96c832a6db38a1",
            "type_extension": "apk",
            "tags": [
                "reflection",
                "apk",
                "runtime-modules",
                "contains-elf",
                "telephony",
                "dyn-calls",
                "android"
            ],
            "last_analysis_date": 1656263915,
            "unique_sources": 14,
            "first_submission_date": 1372874766,
            "sha1": "a25c76a2c3902c33c7db3582ccfa0cd63ec3a16d",
            "ssdeep": "12288:VXfRlTVwx60x2NlP8NgCdV1pusYnedTOAwCFkPRliEugZY5KxxM18N:VX5hg60qkNdBqilfVkGK7M18N",
            "bundle_info": {
                "highest_datetime": "2013-07-03 10:12:00",
                "lowest_datetime": "2012-04-22 16:11:56",
                "num_children": 82,
                "extensions": {
                    "xml": 4,
                    "dex": 1,
                    "MF": 1,
                    "RSA": 1,
                    "jpg": 1,
                    "js": 3,
                    "dat": 5,
                    "so": 1,
                    "css": 2,
                    "SF": 1,
                    "png": 41
                },
                "file_types": {
                    "XML": 4,
                    "DEX": 1,
                    "unknown": 20,
                    "JavaScript": 1,
                    "ELF": 1,
                    "directory": 13,
                    "PNG": 42
                },
                "type": "APK",
                "uncompressed_size": 2062366
            },
            "md5": "61741bec77e8d7759aec6513463b5f61",
            "androguard": {
                "Activities": [
                    "lojofdnpb.gsqgxtbmh.bqqrwr"
                ],
                "AndroidVersionCode": "1",
                "main_activity": "lojofdnpb.gsqgxtbmh.bqqrwr",
                "certificate": {
                    "Subject": {
                        "DN": "C:US, CN:hjgjhg khgjhgjh, L:jhgjhgjhg, O:hghjg, ST:kjhkjhk, OU:kjhghj",
                        "C": "US",
                        "CN": "hjgjhg khgjhgjh",
                        "L": "jhgjhgjhg",
                        "O": "hghjg",
                        "ST": "kjhkjhk",
                        "OU": "kjhghj"
                    },
                    "validto": "2015-12-25 15:17:19",
                    "serialnumber": "518bbdff",
                    "thumbprint": "e030a31be312ff938aaf3f314934b1e92af25d60",
                    "validfrom": "2013-05-09 15:17:19",
                    "Issuer": {
                        "DN": "C:US, CN:hjgjhg khgjhgjh, L:jhgjhgjhg, O:hghjg, ST:kjhkjhk, OU:kjhghj",
                        "C": "US",
                        "CN": "hjgjhg khgjhgjh",
                        "L": "jhgjhgjhg",
                        "O": "hghjg",
                        "ST": "kjhkjhk",
                        "OU": "kjhghj"
                    }
                },
                "VTAndroidInfo": 2.0,
                "Package": "lojofdnpb.gsqgxtbmh",
                "intent_filters": {
                    "Services": {
                        "lpprpa.dasxqc.dvvmcwv": {
                            "action": [
                                "lpprpa.dasxqc.dvvmcwvStart76",
                                "android.intent.action.MAIN"
                            ],
                            "category": [
                                "android.intent.category.LAUNCHER"
                            ]
                        }
                    },
                    "Activities": {
                        "lojofdnpb.gsqgxtbmh.bqqrwr": {
                            "action": [
                                "android.intent.action.MAIN"
                            ],
                            "category": [
                                "android.intent.category.LAUNCHER"
                            ]
                        }
                    },
                    "Receivers": {
                        "lojofdnpb.gsqgxtbmh.ilmhrvp": {
                            "action": [
                                "android.intent.action.AIRPLANE_MODE"
                            ]
                        },
                        "lojofdnpb.gsqgxtbmh.hhqnkkbeb": {
                            "action": [
                                "lojofdnpb.gsqgxtbmh.action.delayed.sms"
                            ]
                        },
                        "lojofdnpb.gsqgxtbmh.pplhwut": {
                            "action": [
                                "android.intent.action.BOOT_COMPLETED"
                            ],
                            "category": [
                                "android.intent.category.HOME"
                            ]
                        },
                        "lpprpa.dasxqc.jisivey": {
                            "action": [
                                "android.provider.Telephony.SMS_RECEIVED"
                            ]
                        },
                        "lpprpa.dasxqc.lhbpoe": {
                            "action": [
                                "lpprpa.dasxqc.RSNotification"
                            ]
                        }
                    }
                },
                "permission_details": {
                    "android.permission.CHANGE_NETWORK_STATE": {
                        "short_description": "change network connectivity",
                        "full_description": "Allows an application to change\n      the state of network connectivity.",
                        "permission_type": "dangerous"
                    },
                    "android.permission.SEND_SMS": {
                        "short_description": "send SMS messages",
                        "full_description": "Allows application to send SMS\n      messages. Malicious applications may cost you money by sending\n      messages without your confirmation.",
                        "permission_type": "dangerous"
                    },
                    "android.permission.RECEIVE_BOOT_COMPLETED": {
                        "short_description": "automatically start at boot",
                        "full_description": "Allows an application to\n        have itself started as soon as the system has finished booting.\n        This can make it take longer to start the phone and allow the\n        application to slow down the overall phone by always running.",
                        "permission_type": "normal"
                    },
                    "android.permission.READ_PHONE_STATE": {
                        "short_description": "read phone state and identity",
                        "full_description": "Allows the application to access the phone\n        features of the device.  An application with this permission can determine the phone\n        number and serial number of this phone, whether a call is active, the number that call\n        is connected to and the like.",
                        "permission_type": "dangerous"
                    },
                    "com.android.launcher.permission.INSTALL_SHORTCUT": {
                        "short_description": "Unknown permission from android reference",
                        "full_description": "Unknown permission from android reference",
                        "permission_type": "normal"
                    },
                    "android.permission.WRITE_SMS": {
                        "short_description": "edit SMS or MMS",
                        "full_description": "Allows application to write\n      to SMS messages stored on your phone or SIM card. Malicious applications\n      may delete your messages.",
                        "permission_type": "dangerous"
                    },
                    "android.permission.ACCESS_NETWORK_STATE": {
                        "short_description": "view network state",
                        "full_description": "Allows an application to view\n      the state of all networks.",
                        "permission_type": "normal"
                    },
                    "android.permission.WRITE_SETTINGS": {
                        "short_description": "modify global system settings",
                        "full_description": "Allows an application to modify the\n        system's settings data. Malicious applications can corrupt your system's\n        configuration.",
                        "permission_type": "dangerous"
                    },
                    "android.permission.RECEIVE_SMS": {
                        "short_description": "receive SMS",
                        "full_description": "Allows application to receive\n      and process SMS messages. Malicious applications may monitor\n      your messages or delete them without showing them to you.",
                        "permission_type": "dangerous"
                    },
                    "android.permission.INTERNET": {
                        "short_description": "full Internet access",
                        "full_description": "Allows an application to\n      create network sockets.",
                        "permission_type": "dangerous"
                    },
                    "android.permission.WRITE_EXTERNAL_STORAGE": {
                        "short_description": "modify/delete SD card contents",
                        "full_description": "Allows an application to write to the SD card.",
                        "permission_type": "dangerous"
                    },
                    "android.permission.READ_CONTACTS": {
                        "short_description": "read contact data",
                        "full_description": "Allows an application to read all\n        of the contact (address) data stored on your phone. Malicious applications\n        can use this to send your data to other people.",
                        "permission_type": "dangerous"
                    },
                    "android.permission.READ_SMS": {
                        "short_description": "read SMS or MMS",
                        "full_description": "Allows application to read\n      SMS messages stored on your phone or SIM card. Malicious applications\n      may read your confidential messages.",
                        "permission_type": "dangerous"
                    }
                },
                "AndroidApplication": 1,
                "AndroidApplicationError": false,
                "AndroidVersionName": "1.0",
                "RiskIndicator": {
                    "APK": {
                        "DEX": 1,
                        "SHARED LIBRARIES": 1
                    },
                    "PERM": {
                        "PRIVACY": 4,
                        "DANGEROUS": 3,
                        "INTERNET": 1,
                        "SMS": 4,
                        "MONEY": 2,
                        "NORMAL": 2
                    }
                },
                "Services": [
                    "lpprpa.dasxqc.dvvmcwv"
                ],
                "MinSdkVersion": "7",
                "TargetSdkVersion": "9",
                "Receivers": [
                    "lojofdnpb.gsqgxtbmh.ilmhrvp",
                    "lpprpa.dasxqc.jisivey",
                    "lpprpa.dasxqc.lhbpoe",
                    "lojofdnpb.gsqgxtbmh.pplhwut",
                    "lojofdnpb.gsqgxtbmh.hhqnkkbeb"
                ],
                "AndroguardVersion": "3.4.0a1",
                "AndroidApplicationInfo": "APK"
            },
            "magic": "Zip archive data, at least v2.0 to extract",
            "last_analysis_stats": {
                "harmless": 0,
                "type-unsupported": 9,
                "suspicious": 0,
                "confirmed-timeout": 0,
                "timeout": 0,
                "failure": 0,
                "malicious": 36,
                "undetected": 26
            },
            "meaningful_name": "00050ee1efee0602426671153ad0487a46c235d5ffb397427c96c832a6db38a1.61741bec77e8d7759aec6513463b5f61.apk",
            "reputation": 0,
            "first_seen_itw_date": 1368080124
        },
        "type": "file",
        "id": "00050ee1efee0602426671153ad0487a46c235d5ffb397427c96c832a6db38a1",
        "links": {
            "self": "https://www.virustotal.com/api/v3/files/00050ee1efee0602426671153ad0487a46c235d5ffb397427c96c832a6db38a1"
        }
    }
}