{
    "data": {
        "attributes": {
            "type_description": "Android",
            "vhash": "f3be5d26eb65cca8c9dd6098e2d89f18",
            "trid": [
                {
                    "file_type": "Android Package",
                    "probability": 67.5
                },
                {
                    "file_type": "Java Archive",
                    "probability": 23.6
                },
                {
                    "file_type": "ZIP compressed archive",
                    "probability": 7.0
                },
                {
                    "file_type": "PrintFox/Pagefox bitmap (var. P)",
                    "probability": 1.7
                }
            ],
            "names": [
                "ziraat.apk"
            ],
            "last_modification_date": 1657738492,
            "type_tag": "android",
            "times_submitted": 1,
            "total_votes": {
                "harmless": 0,
                "malicious": 0
            },
            "size": 282613,
            "popular_threat_classification": {
                "suggested_threat_label": "trojan.anubis/artemis",
                "popular_threat_category": [
                    {
                        "count": 11,
                        "value": "trojan"
                    },
                    {
                        "count": 10,
                        "value": "banker"
                    }
                ],
                "popular_threat_name": [
                    {
                        "count": 8,
                        "value": "anubis"
                    },
                    {
                        "count": 2,
                        "value": "artemis"
                    },
                    {
                        "count": 2,
                        "value": "bankbot"
                    }
                ]
            },
            "last_submission_date": 1553199921,
            "last_analysis_results": {
                "Bkav": {
                    "category": "undetected",
                    "engine_name": "Bkav",
                    "engine_version": "1.3.0.9899",
                    "result": null,
                    "method": "blacklist",
                    "engine_update": "20200602"
                },
                "Lionic": {
                    "category": "malicious",
                    "engine_name": "AegisLab",
                    "engine_version": "4.2",
                    "result": "Trojan.AndroidOS.Anubis.C!c",
                    "method": "blacklist",
                    "engine_update": "20200602"
                },
                "MicroWorld-eScan": {
                    "category": "undetected",
                    "engine_name": "MicroWorld-eScan",
                    "engine_version": "14.0.409.0",
                    "result": null,
                    "method": "blacklist",
                    "engine_update": "20200602"
                },
                "CMC": {
                    "category": "undetected",
                    "engine_name": "CMC",
                    "engine_version": "1.1.0.977",
                    "result": null,
                    "method": "blacklist",
                    "engine_update": "20190321"
                },
                "CAT-QuickHeal": {
                    "category": "malicious",
                    "engine_name": "CAT-QuickHeal",
                    "engine_version": "14.00",
                    "result": "Android.Anubis.GEN24512",
                    "method": "blacklist",
                    "engine_update": "20200602"
                },
                "McAfee": {
                    "category": "malicious",
                    "engine_name": "McAfee",
                    "engine_version": "6.0.6.653",
                    "result": "Artemis!FB581898138A",
                    "method": "blacklist",
                    "engine_update": "20200602"
                },
                "Malwarebytes": {
                    "category": "undetected",
                    "engine_name": "Malwarebytes",
                    "engine_version": "3.6.4.335",
                    "result": null,
                    "method": "blacklist",
                    "engine_update": "20200602"
                },
                "Zillya": {
                    "category": "undetected",
                    "engine_name": "Zillya",
                    "engine_version": "2.0.0.4101",
                    "result": null,
                    "method": "blacklist",
                    "engine_update": "20200601"
                },
                "Paloalto": {
                    "category": "type-unsupported",
                    "engine_name": "Paloalto",
                    "engine_version": "1.0",
                    "result": null,
                    "method": "blacklist",
                    "engine_update": "20200602"
                },
                "Sangfor": {
                    "category": "undetected",
                    "engine_name": "Sangfor",
                    "engine_version": "1.0",
                    "result": null,
                    "method": "blacklist",
                    "engine_update": "20200423"
                },
                "Trustlook": {
                    "category": "malicious",
                    "engine_name": "Trustlook",
                    "engine_version": "1.0",
                    "result": "Android.Malware.General (score:9)",
                    "method": "blacklist",
                    "engine_update": "20200602"
                },
                "Alibaba": {
                    "category": "malicious",
                    "engine_name": "Alibaba",
                    "engine_version": "0.3.0.5",
                    "result": "TrojanBanker:Android/Anubis.e9c58b54",
                    "method": "blacklist",
                    "engine_update": "20190527"
                },
                "K7GW": {
                    "category": "malicious",
                    "engine_name": "K7GW",
                    "engine_version": "11.113.34278",
                    "result": "Trojan ( 0053b5f91 )",
                    "method": "blacklist",
                    "engine_update": "20200602"
                },
                "K7AntiVirus": {
                    "category": "undetected",
                    "engine_name": "K7AntiVirus",
                    "engine_version": "11.113.34276",
                    "result": null,
                    "method": "blacklist",
                    "engine_update": "20200602"
                },
                "Invincea": {
                    "category": "type-unsupported",
                    "engine_name": "Invincea",
                    "engine_version": "6.3.6.26157",
                    "result": null,
                    "method": "blacklist",
                    "engine_update": "20200502"
                },
                "Baidu": {
                    "category": "undetected",
                    "engine_name": "Baidu",
                    "engine_version": "1.0.0.2",
                    "result": null,
                    "method": "blacklist",
                    "engine_update": "20190318"
                },
                "F-Prot": {
                    "category": "undetected",
                    "engine_name": "F-Prot",
                    "engine_version": "4.7.1.166",
                    "result": null,
                    "method": "blacklist",
                    "engine_update": "20200602"
                },
                "SymantecMobileInsight": {
                    "category": "malicious",
                    "engine_name": "SymantecMobileInsight",
                    "engine_version": "2.0",
                    "result": "Other:Android.Reputation.1",
                    "method": "blacklist",
                    "engine_update": "20200527"
                },
                "Symantec": {
                    "category": "malicious",
                    "engine_name": "Symantec",
                    "engine_version": "1.11.0.0",
                    "result": "Trojan.Gen.MBT",
                    "method": "blacklist",
                    "engine_update": "20200602"
                },
                "TotalDefense": {
                    "category": "undetected",
                    "engine_name": "TotalDefense",
                    "engine_version": "37.1.62.1",
                    "result": null,
                    "method": "blacklist",
                    "engine_update": "20200601"
                },
                "APEX": {
                    "category": "type-unsupported",
                    "engine_name": "APEX",
                    "engine_version": "6.30",
                    "result": null,
                    "method": "blacklist",
                    "engine_update": "20200602"
                },
                "TrendMicro-HouseCall": {
                    "category": "undetected",
                    "engine_name": "TrendMicro-HouseCall",
                    "engine_version": "10.0.0.1040",
                    "result": null,
                    "method": "blacklist",
                    "engine_update": "20200602"
                },
                "Avast": {
                    "category": "malicious",
                    "engine_name": "Avast",
                    "engine_version": "18.4.3895.0",
                    "result": "Android:Banker-SZ [Trj]",
                    "method": "blacklist",
                    "engine_update": "20200602"
                },
                "ClamAV": {
                    "category": "malicious",
                    "engine_name": "ClamAV",
                    "engine_version": "0.102.3.0",
                    "result": "Andr.Trojan.Anubis-6692604-3",
                    "method": "blacklist",
                    "engine_update": "20200601"
                },
                "Kaspersky": {
                    "category": "malicious",
                    "engine_name": "Kaspersky",
                    "engine_version": "15.0.1.13",
                    "result": "HEUR:Trojan-Banker.AndroidOS.Anubis.n",
                    "method": "blacklist",
                    "engine_update": "20200602"
                },
                "BitDefender": {
                    "category": "undetected",
                    "engine_name": "BitDefender",
                    "engine_version": "7.2",
                    "result": null,
                    "method": "blacklist",
                    "engine_update": "20200602"
                },
                "NANO-Antivirus": {
                    "category": "malicious",
                    "engine_name": "NANO-Antivirus",
                    "engine_version": "1.0.134.25112",
                    "result": "Trojan.Android.BankBot.fjpsxy",
                    "method": "blacklist",
                    "engine_update": "20200602"
                },
                "SUPERAntiSpyware": {
                    "category": "undetected",
                    "engine_name": "SUPERAntiSpyware",
                    "engine_version": "5.6.0.1032",
                    "result": null,
                    "method": "blacklist",
                    "engine_update": "20200530"
                },
                "Rising": {
                    "category": "undetected",
                    "engine_name": "Rising",
                    "engine_version": "25.0.0.25",
                    "result": null,
                    "method": "blacklist",
                    "engine_update": "20200602"
                },
                "Ad-Aware": {
                    "category": "undetected",
                    "engine_name": "Ad-Aware",
                    "engine_version": "3.0.5.370",
                    "result": null,
                    "method": "blacklist",
                    "engine_update": "20200602"
                },
                "Sophos": {
                    "category": "malicious",
                    "engine_name": "Sophos",
                    "engine_version": "4.98.0",
                    "result": "Andr/Dropr-HO",
                    "method": "blacklist",
                    "engine_update": "20200602"
                },
                "Comodo": {
                    "category": "malicious",
                    "engine_name": "Comodo",
                    "engine_version": "32497",
                    "result": "Malware@#bgiirg1m05lz",
                    "method": "blacklist",
                    "engine_update": "20200602"
                },
                "F-Secure": {
                    "category": "malicious",
                    "engine_name": "F-Secure",
                    "engine_version": "12.0.86.52",
                    "result": "Malware.ANDROID/Spy.Banker.YD.Gen",
                    "method": "blacklist",
                    "engine_update": "20200602"
                },
                "DrWeb": {
                    "category": "malicious",
                    "engine_name": "DrWeb",
                    "engine_version": "7.0.46.3050",
                    "result": "Android.BankBot.670.origin",
                    "method": "blacklist",
                    "engine_update": "20200602"
                },
                "VIPRE": {
                    "category": "undetected",
                    "engine_name": "VIPRE",
                    "engine_version": "84170",
                    "result": null,
                    "method": "blacklist",
                    "engine_update": "20200602"
                },
                "TrendMicro": {
                    "category": "undetected",
                    "engine_name": "TrendMicro",
                    "engine_version": "11.0.0.1006",
                    "result": null,
                    "method": "blacklist",
                    "engine_update": "20200602"
                },
                "McAfee-GW-Edition": {
                    "category": "malicious",
                    "engine_name": "McAfee-GW-Edition",
                    "engine_version": "v2017.3010",
                    "result": "Artemis",
                    "method": "blacklist",
                    "engine_update": "20200602"
                },
                "Trapmine": {
                    "category": "type-unsupported",
                    "engine_name": "Trapmine",
                    "engine_version": "3.2.25.947",
                    "result": null,
                    "method": "blacklist",
                    "engine_update": "20200505"
                },
                "FireEye": {
                    "category": "undetected",
                    "engine_name": "FireEye",
                    "engine_version": "32.31.0.0",
                    "result": null,
                    "method": "blacklist",
                    "engine_update": "20200602"
                },
                "Emsisoft": {
                    "category": "undetected",
                    "engine_name": "Emsisoft",
                    "engine_version": "2018.12.0.1641",
                    "result": null,
                    "method": "blacklist",
                    "engine_update": "20200602"
                },
                "SentinelOne": {
                    "category": "undetected",
                    "engine_name": "SentinelOne",
                    "engine_version": "4.3.0.105",
                    "result": null,
                    "method": "blacklist",
                    "engine_update": "20200601"
                },
                "Cyren": {
                    "category": "undetected",
                    "engine_name": "Cyren",
                    "engine_version": "6.3.0.2",
                    "result": null,
                    "method": "blacklist",
                    "engine_update": "20200602"
                },
                "Jiangmin": {
                    "category": "undetected",
                    "engine_name": "Jiangmin",
                    "engine_version": "16.0.100",
                    "result": null,
                    "method": "blacklist",
                    "engine_update": "20200602"
                },
                "Webroot": {
                    "category": "type-unsupported",
                    "engine_name": "Webroot",
                    "engine_version": "1.0.0.403",
                    "result": null,
                    "method": "blacklist",
                    "engine_update": "20200602"
                },
                "Avira": {
                    "category": "malicious",
                    "engine_name": "Avira",
                    "engine_version": "8.3.3.8",
                    "result": "ANDROID/Spy.Banker.CGXA.Gen",
                    "method": "blacklist",
                    "engine_update": "20200602"
                },
                "eGambit": {
                    "category": "type-unsupported",
                    "engine_name": "eGambit",
                    "engine_version": null,
                    "result": null,
                    "method": "blacklist",
                    "engine_update": "20200602"
                },
                "Antiy-AVL": {
                    "category": "undetected",
                    "engine_name": "Antiy-AVL",
                    "engine_version": "3.0.0.1",
                    "result": null,
                    "method": "blacklist",
                    "engine_update": "20200602"
                },
                "Kingsoft": {
                    "category": "undetected",
                    "engine_name": "Kingsoft",
                    "engine_version": "2013.8.14.323",
                    "result": null,
                    "method": "blacklist",
                    "engine_update": "20200602"
                },
                "Microsoft": {
                    "category": "malicious",
                    "engine_name": "Microsoft",
                    "engine_version": "1.1.17100.2",
                    "result": "Trojan:Win32/Ditertag.A",
                    "method": "blacklist",
                    "engine_update": "20200602"
                },
                "Endgame": {
                    "category": "type-unsupported",
                    "engine_name": "Endgame",
                    "engine_version": "4.0.4",
                    "result": null,
                    "method": "blacklist",
                    "engine_update": "20200530"
                },
                "Arcabit": {
                    "category": "undetected",
                    "engine_name": "Arcabit",
                    "engine_version": "1.0.0.875",
                    "result": null,
                    "method": "blacklist",
                    "engine_update": "20200602"
                },
                "ViRobot": {
                    "category": "undetected",
                    "engine_name": "ViRobot",
                    "engine_version": "2014.3.20.0",
                    "result": null,
                    "method": "blacklist",
                    "engine_update": "20200602"
                },
                "ZoneAlarm": {
                    "category": "malicious",
                    "engine_name": "ZoneAlarm",
                    "engine_version": "1.0",
                    "result": "HEUR:Trojan-Banker.AndroidOS.Anubis.n",
                    "method": "blacklist",
                    "engine_update": "20200602"
                },
                "Avast-Mobile": {
                    "category": "malicious",
                    "engine_name": "Avast-Mobile",
                    "engine_version": "200602-00",
                    "result": "Android:Evo-gen [Trj]",
                    "method": "blacklist",
                    "engine_update": "20200602"
                },
                "GData": {
                    "category": "undetected",
                    "engine_name": "GData",
                    "engine_version": "A:25.25812B:26.18948",
                    "result": null,
                    "method": "blacklist",
                    "engine_update": "20200602"
                },
                "TACHYON": {
                    "category": "undetected",
                    "engine_name": "TACHYON",
                    "engine_version": "2020-06-02.03",
                    "result": null,
                    "method": "blacklist",
                    "engine_update": "20200602"
                },
                "AhnLab-V3": {
                    "category": "malicious",
                    "engine_name": "AhnLab-V3",
                    "engine_version": "3.17.6.27456",
                    "result": "Trojan/Android.Banker.873381",
                    "method": "blacklist",
                    "engine_update": "20200602"
                },
                "Acronis": {
                    "category": "type-unsupported",
                    "engine_name": "Acronis",
                    "engine_version": "1.1.1.76",
                    "result": null,
                    "method": "blacklist",
                    "engine_update": "20200529"
                },
                "BitDefenderTheta": {
                    "category": "undetected",
                    "engine_name": "BitDefenderTheta",
                    "engine_version": "7.2.37796.0",
                    "result": null,
                    "method": "blacklist",
                    "engine_update": "20200521"
                },
                "ALYac": {
                    "category": "undetected",
                    "engine_name": "ALYac",
                    "engine_version": "1.1.1.5",
                    "result": null,
                    "method": "blacklist",
                    "engine_update": "20200602"
                },
                "MAX": {
                    "category": "malicious",
                    "engine_name": "MAX",
                    "engine_version": "2019.9.16.1",
                    "result": "malware (ai score=99)",
                    "method": "blacklist",
                    "engine_update": "20200602"
                },
                "VBA32": {
                    "category": "undetected",
                    "engine_name": "VBA32",
                    "engine_version": "4.4.1",
                    "result": null,
                    "method": "blacklist",
                    "engine_update": "20200602"
                },
                "Cylance": {
                    "category": "type-unsupported",
                    "engine_name": "Cylance",
                    "engine_version": "2.3.1.101",
                    "result": null,
                    "method": "blacklist",
                    "engine_update": "20200602"
                },
                "Zoner": {
                    "category": "undetected",
                    "engine_name": "Zoner",
                    "engine_version": "0.0.0.0",
                    "result": null,
                    "method": "blacklist",
                    "engine_update": "20200601"
                },
                "ESET-NOD32": {
                    "category": "malicious",
                    "engine_name": "ESET-NOD32",
                    "engine_version": "21427",
                    "result": "a variant of Android/Spy.Banker.AOG",
                    "method": "blacklist",
                    "engine_update": "20200602"
                },
                "Tencent": {
                    "category": "malicious",
                    "engine_name": "Tencent",
                    "engine_version": "1.0.0.1",
                    "result": "a.privacy.AnubisTrojanBanking",
                    "method": "blacklist",
                    "engine_update": "20200602"
                },
                "Yandex": {
                    "category": "undetected",
                    "engine_name": "Yandex",
                    "engine_version": "5.5.2.24",
                    "result": null,
                    "method": "blacklist",
                    "engine_update": "20200602"
                },
                "Ikarus": {
                    "category": "malicious",
                    "engine_name": "Ikarus",
                    "engine_version": "0.1.5.2",
                    "result": "Trojan-Banker.AndroidOS.Anubis",
                    "method": "blacklist",
                    "engine_update": "20200602"
                },
                "MaxSecure": {
                    "category": "malicious",
                    "engine_name": "MaxSecure",
                    "engine_version": "1.0.0.1",
                    "result": "Android.Anubis.noi",
                    "method": "blacklist",
                    "engine_update": "20200602"
                },
                "Fortinet": {
                    "category": "malicious",
                    "engine_name": "Fortinet",
                    "engine_version": "6.2.142.0",
                    "result": "Android/Banker.RM!tr.spy",
                    "method": "blacklist",
                    "engine_update": "20200602"
                },
                "AVG": {
                    "category": "malicious",
                    "engine_name": "AVG",
                    "engine_version": "18.4.3895.0",
                    "result": "Android:Banker-SZ [Trj]",
                    "method": "blacklist",
                    "engine_update": "20200602"
                },
                "Cybereason": {
                    "category": "type-unsupported",
                    "engine_name": "Cybereason",
                    "engine_version": null,
                    "result": null,
                    "method": "blacklist",
                    "engine_update": "20180308"
                },
                "Panda": {
                    "category": "undetected",
                    "engine_name": "Panda",
                    "engine_version": "4.6.4.2",
                    "result": null,
                    "method": "blacklist",
                    "engine_update": "20200602"
                },
                "CrowdStrike": {
                    "category": "type-unsupported",
                    "engine_name": "CrowdStrike",
                    "engine_version": "1.0",
                    "result": null,
                    "method": "blacklist",
                    "engine_update": "20180202"
                },
                "Qihoo-360": {
                    "category": "malicious",
                    "engine_name": "Qihoo-360",
                    "engine_version": "1.0.0.1120",
                    "result": "Trojan.Android.Gen",
                    "method": "blacklist",
                    "engine_update": "20200602"
                }
            },
            "sha256": "0009ae23fbda97926f1ba3845b00471378b5f00704f2fd27319061fbb752f279",
            "type_extension": "apk",
            "tags": [
                "apk",
                "android"
            ],
            "last_analysis_date": 1591096896,
            "unique_sources": 1,
            "first_submission_date": 1553199921,
            "sha1": "38d0677b3b08a4a8beda497e4d0565a1f3bc3a17",
            "ssdeep": "3072:f0z5S9WneagPWneagqWneagUWneagqWneagjfSJ/LFKOE/387Rp5gi3+CtXA0cd4:f00QNJNWNgNWNBKdM+wXiyDjPbcyv",
            "bundle_info": {
                "highest_datetime": "2008-02-29 05:33:46",
                "lowest_datetime": "2008-02-29 05:33:46",
                "num_children": 30,
                "extensions": {
                    "xml": 17,
                    "dex": 1,
                    "MF": 1,
                    "RSA": 1,
                    "jpg": 1,
                    "SF": 1,
                    "png": 6
                },
                "file_types": {
                    "XML": 17,
                    "unknown": 5,
                    "DEX": 1,
                    "JPG": 1,
                    "PNG": 6
                },
                "type": "APK",
                "uncompressed_size": 463015
            },
            "md5": "fb581898138aa720a93ee32449cd117c",
            "androguard": {
                "VTAndroidInfo": 1.41,
                "SourceFile": "r:\\sav6\\work_channel0_9\\47906728",
                "AndroidApplicationError": false,
                "MinSdkVersion": "15",
                "AndroguardVersion": "3.0-dev",
                "Activities": [
                    "com.google.android.gms.common.api.GoogleApiActivity",
                    "wocwvy.czyxoxmbauu.slsa.ncec.myvbo",
                    "wocwvy.czyxoxmbauu.slsa.opzsdswiddt",
                    "wocwvy.czyxoxmbauu.slsa.ncec.sxfl",
                    "wocwvy.czyxoxmbauu.slsa.oyqwzkyy.qvhy.cwwzcpcu",
                    "wocwvy.czyxoxmbauu.slsa.ncec.pltrfi",
                    "wocwvy.czyxoxmbauu.slsa.ncec.wami",
                    "wocwvy.czyxoxmbauu.slsa.ncec.fyqapyahei",
                    "wocwvy.czyxoxmbauu.slsa.ncec.bdxyqqt",
                    "wocwvy.czyxoxmbauu.slsa.ncec.dzudmx",
                    "wocwvy.czyxoxmbauu.slsa.ncec.gcmysyhtova",
                    "wocwvy.czyxoxmbauu.slsa.ncec.ozkgyjpxtyxajmm",
                    "wocwvy.czyxoxmbauu.slsa.ncec.khypzruy",
                    "wocwvy.czyxoxmbauu.slsa.ncec.kcdbt",
                    "wocwvy.czyxoxmbauu.slsa.ncec.fymeshs",
                    "wocwvy.czyxoxmbauu.slsa.ncec.ovyvpsbxxrtayd",
                    "wocwvy.czyxoxmbauu.slsa.ncec.zjwruw"
                ],
                "certificate": {
                    "Subject": {
                        "DN": "C:US, CN:Android, L:Mountain View, O:Android, ST:California, OU:Android, email:android@android.com",
                        "C": "US",
                        "CN": "Android",
                        "L": "Mountain View",
                        "O": "Android",
                        "ST": "California",
                        "OU": "Android",
                        "email": "android@android.com"
                    },
                    "validto": "01:33 AM 07/17/2035",
                    "serialnumber": "936eacbe07f201df",
                    "thumbprint": "61ed377e85d386a8dfee6b864bd85b0bfaa5af81",
                    "validfrom": "01:33 AM 02/29/2008",
                    "Issuer": {
                        "DN": "C:US, CN:Android, L:Mountain View, O:Android, ST:California, OU:Android, email:android@android.com",
                        "C": "US",
                        "CN": "Android",
                        "L": "Mountain View",
                        "O": "Android",
                        "ST": "California",
                        "OU": "Android",
                        "email": "android@android.com"
                    }
                },
                "AndroidApplication": 1,
                "RiskIndicator": {
                    "APK": {
                        "DEX": 1
                    },
                    "PERM": {
                        "PRIVACY": 6,
                        "MONEY": 2,
                        "NORMAL": 4,
                        "SMS": 4,
                        "SIGNATUREORSYSTEM": 1,
                        "DANGEROUS": 4,
                        "INTERNET": 1,
                        "GPS": 1
                    }
                },
                "Services": [
                    "wocwvy.czyxoxmbauu.slsa.lmimy",
                    "wocwvy.czyxoxmbauu.slsa.wfveenegvz",
                    "wocwvy.czyxoxmbauu.slsa.frvvkgp",
                    "wocwvy.czyxoxmbauu.slsa.ukhakhcgifofl",
                    "wocwvy.czyxoxmbauu.slsa.jtfxlnc",
                    "wocwvy.czyxoxmbauu.slsa.blkzyyyfc",
                    "wocwvy.czyxoxmbauu.slsa.whemsbk",
                    "wocwvy.czyxoxmbauu.slsa.nepgaqmyfrhw",
                    "wocwvy.czyxoxmbauu.slsa.clgqtzqdh",
                    "wocwvy.czyxoxmbauu.slsa.usbvhkriufnc",
                    "wocwvy.czyxoxmbauu.slsa.egxltnv",
                    "wocwvy.czyxoxmbauu.slsa.kldqwysgkfcrmq",
                    "wocwvy.czyxoxmbauu.slsa.oyqwzkyy.qvhy.jkeggfql",
                    "wocwvy.czyxoxmbauu.slsa.oyqwzkyy.qvhy.nvsdtnxkzjgw",
                    "wocwvy.czyxoxmbauu.slsa.oyqwzkyy.hzgktdtr.brtltydqhiuqbb",
                    "wocwvy.czyxoxmbauu.slsa.xelytgswelv",
                    "wocwvy.czyxoxmbauu.slsa.mvqkjokaxfrpf",
                    "wocwvy.czyxoxmbauu.slsa.wahiuolww",
                    "wocwvy.czyxoxmbauu.slsa.oyqwzkyy.hzgktdtr.cpysnikhf",
                    "wocwvy.czyxoxmbauu.slsa.oyqwzkyy.dxivifswvkcvwz.wifu",
                    "wocwvy.czyxoxmbauu.slsa.oyqwzkyy.dxivifswvkcvwz.dshd",
                    "wocwvy.czyxoxmbauu.slsa.kuv.sfswwunyakpjr",
                    "wocwvy.czyxoxmbauu.slsa.ttiegryczsx",
                    "wocwvy.czyxoxmbauu.slsa.blyvffs"
                ],
                "AndroidVersionCode": "1",
                "main_activity": "wocwvy.czyxoxmbauu.slsa.ncec.myvbo",
                "Package": "wocwvy.czyxoxmbauu.slsa",
                "intent_filters": {
                    "Services": {
                        "wocwvy.czyxoxmbauu.slsa.egxltnv": {
                            "action": [
                                "android.accessibilityservice.AccessibilityService"
                            ]
                        },
                        "wocwvy.czyxoxmbauu.slsa.lmimy": {
                            "action": [
                                "android.intent.action.RESPOND_VIA_MESSAGE"
                            ],
                            "category": [
                                "android.intent.category.DEFAULT"
                            ]
                        }
                    },
                    "Activities": {
                        "wocwvy.czyxoxmbauu.slsa.ncec.myvbo": {
                            "action": [
                                "android.intent.action.MAIN"
                            ],
                            "category": [
                                "android.intent.category.LAUNCHER"
                            ]
                        },
                        "wocwvy.czyxoxmbauu.slsa.opzsdswiddt": {
                            "action": [
                                "android.intent.action.SEND",
                                "android.intent.action.SENDTO"
                            ],
                            "category": [
                                "android.intent.category.DEFAULT",
                                "android.intent.category.BROWSABLE"
                            ]
                        }
                    },
                    "Receivers": {
                        "wocwvy.czyxoxmbauu.slsa.pworotsvjdlioho.cmtstflxlxb": {
                            "action": [
                                "android.provider.Telephony.SMS_DELIVER"
                            ]
                        },
                        "wocwvy.czyxoxmbauu.slsa.pworotsvjdlioho.qpgopfninoaazln": {
                            "action": [
                                "android.provider.Telephony.WAP_PUSH_DELIVER"
                            ]
                        },
                        "wocwvy.czyxoxmbauu.slsa.pworotsvjdlioho.hypihteeavv": {
                            "action": [
                                "android.intent.action.BOOT_COMPLETED",
                                "android.intent.action.QUICKBOOT_POWERON",
                                "com.htc.intent.action.QUICKBOOT_POWERON",
                                "android.intent.action.USER_PRESENT",
                                "android.intent.action.PACKAGE_ADDED",
                                "android.intent.action.PACKAGE_REMOVED",
                                "android.provider.Telephony.SMS_RECEIVED",
                                "android.intent.action.SCREEN_ON",
                                "android.intent.action.EXTERNAL_APPLICATIONS_AVAILABLE",
                                "android.net.conn.CONNECTIVITY_CHANGE",
                                "android.net.wifi.WIFI_STATE_CHANGED",
                                "android.intent.action.DREAMING_STOPPED"
                            ],
                            "category": [
                                "android.intent.category.HOME"
                            ]
                        }
                    }
                },
                "AndroidVersionName": "1.0",
                "TargetSdkVersion": "27",
                "AndroidApplicationInfo": "APK",
                "permission_details": {
                    "android.permission.ACCESS_FINE_LOCATION": {
                        "short_description": "fine (GPS) location",
                        "full_description": "Access fine location sources, such as the Global Positioning System on the phone, where available. Malicious applications can use this to determine where you are and may consume additional battery power.",
                        "permission_type": "dangerous"
                    },
                    "android.permission.SEND_SMS": {
                        "short_description": "send SMS messages",
                        "full_description": "Allows application to send SMS messages. Malicious applications may cost you money by sending messages without your confirmation.",
                        "permission_type": "dangerous"
                    },
                    "android.permission.READ_EXTERNAL_STORAGE": {
                        "short_description": "read from external storage",
                        "full_description": "Allows an application to read from external storage",
                        "permission_type": "normal"
                    },
                    "android.permission.RECEIVE_BOOT_COMPLETED": {
                        "short_description": "automatically start at boot",
                        "full_description": "Allows an application to start itself as soon as the system has finished booting. This can make it take longer to start the phone and allow the application to slow down the overall phone by always running.",
                        "permission_type": "normal"
                    },
                    "android.permission.REQUEST_IGNORE_BATTERY_OPTIMIZATIONS": {
                        "short_description": "Unknown permission from android reference",
                        "full_description": "Unknown permission from android reference",
                        "permission_type": "normal"
                    },
                    "android.permission.READ_CONTACTS": {
                        "short_description": "read contact data",
                        "full_description": "Allows an application to read all of the contact (address) data stored on your phone. Malicious applications can use this to send your data to other people.",
                        "permission_type": "dangerous"
                    },
                    "android.permission.SYSTEM_ALERT_WINDOW": {
                        "short_description": "display system-level alerts",
                        "full_description": "Allows an application to show system-alert windows. Malicious applications can take over the entire screen of the phone.",
                        "permission_type": "dangerous"
                    },
                    "android.permission.WRITE_SMS": {
                        "short_description": "edit SMS or MMS",
                        "full_description": "Allows application to write to SMS messages stored on your phone or SIM card. Malicious applications may delete your messages.",
                        "permission_type": "dangerous"
                    },
                    "android.permission.ACCESS_NETWORK_STATE": {
                        "short_description": "view network status",
                        "full_description": "Allows an application to view the status of all networks.",
                        "permission_type": "normal"
                    },
                    "android.permission.RECEIVE_SMS": {
                        "short_description": "receive SMS",
                        "full_description": "Allows application to receive and process SMS messages. Malicious applications may monitor your messages or delete them without showing them to you.",
                        "permission_type": "dangerous"
                    },
                    "android.permission.WAKE_LOCK": {
                        "short_description": "prevent phone from sleeping",
                        "full_description": "Allows an application to prevent the phone from going to sleep.",
                        "permission_type": "normal"
                    },
                    "android.permission.GET_TASKS": {
                        "short_description": "retrieve running applications",
                        "full_description": "Allows application to retrieve information about currently and recently running tasks. May allow malicious applications to discover private information about other applications.",
                        "permission_type": "dangerous"
                    },
                    "android.permission.CALL_PHONE": {
                        "short_description": "directly call phone numbers",
                        "full_description": "Allows an application to initiate a phone call without going through the Dialer user interface for the user to confirm the call being placed. ",
                        "permission_type": "dangerous"
                    },
                    "android.permission.RECORD_AUDIO": {
                        "short_description": "record audio",
                        "full_description": "Allows application to access the audio record path.",
                        "permission_type": "dangerous"
                    },
                    "android.permission.READ_PHONE_STATE": {
                        "short_description": "read phone state and identity",
                        "full_description": "Allows the application to access the phone features of the device. An application with this permission can determine the phone number and serial number of this phone, whether a call is active, the number that call is connected to and so on.",
                        "permission_type": "dangerous"
                    },
                    "android.permission.PACKAGE_USAGE_STATS": {
                        "short_description": "update component usage statistics",
                        "full_description": "Allows the modification of collected component usage statistics. Not for use by normal applications.",
                        "permission_type": "signatureOrSystem"
                    },
                    "android.permission.INTERNET": {
                        "short_description": "full Internet access",
                        "full_description": "Allows an application to create network sockets.",
                        "permission_type": "dangerous"
                    },
                    "android.permission.WRITE_EXTERNAL_STORAGE": {
                        "short_description": "modify/delete SD card contents",
                        "full_description": "Allows an application to write to the SD card.",
                        "permission_type": "dangerous"
                    },
                    "android.permission.READ_SMS": {
                        "short_description": "read SMS or MMS",
                        "full_description": "Allows application to read SMS messages stored on your phone or SIM card. Malicious applications may read your confidential messages.",
                        "permission_type": "dangerous"
                    }
                },
                "Receivers": [
                    "wocwvy.czyxoxmbauu.slsa.pworotsvjdlioho.cmtstflxlxb",
                    "wocwvy.czyxoxmbauu.slsa.pworotsvjdlioho.qpgopfninoaazln",
                    "wocwvy.czyxoxmbauu.slsa.pworotsvjdlioho.hypihteeavv",
                    "wocwvy.czyxoxmbauu.slsa.pworotsvjdlioho.hwfe"
                ],
                "StringsInformation": [
                    "http://",
                    "http://cjtube.online",
                    "http://en.utrace.de",
                    "http://ktosdelaetskrintotpidor.com",
                    "http://sositehuypidarasi.com",
                    "https://",
                    "https://support.google.com/calendar/answer/6261951?hl=en&co=GENIE.Platform=Android",
                    "https://twitter.com/qweqweqwe"
                ]
            },
            "magic": "Zip archive data, at least v1.0 to extract",
            "last_analysis_stats": {
                "harmless": 0,
                "type-unsupported": 11,
                "suspicious": 0,
                "confirmed-timeout": 0,
                "timeout": 0,
                "failure": 0,
                "malicious": 30,
                "undetected": 34
            },
            "meaningful_name": "ziraat.apk",
            "reputation": 0
        },
        "type": "file",
        "id": "0009ae23fbda97926f1ba3845b00471378b5f00704f2fd27319061fbb752f279",
        "links": {
            "self": "https://www.virustotal.com/api/v3/files/0009ae23fbda97926f1ba3845b00471378b5f00704f2fd27319061fbb752f279"
        }
    }
}