{
    "data": {
        "attributes": {
            "type_description": "Android",
            "tlsh": "T19804125B9E8C6D5BC5FE4CB4C297E0E0D3905124A73D17D6A3317933EA789A17B02C68",
            "vhash": "1890fc04dc1b224bc5d6a5c03e26d236",
            "trid": [
                {
                    "file_type": "Android Package",
                    "probability": 67.5
                },
                {
                    "file_type": "Java Archive",
                    "probability": 23.6
                },
                {
                    "file_type": "ZIP compressed archive",
                    "probability": 7.0
                },
                {
                    "file_type": "PrintFox/Pagefox bitmap (640x800)",
                    "probability": 1.7
                }
            ],
            "names": [
                "00210A60CA90E42DE0E361EBE7CB3E95ED99EC2B72B0EED931FF704BF425D6C0.apk",
                "jetsmks.com.jets.apk"
            ],
            "last_modification_date": 1637009266,
            "type_tag": "android",
            "times_submitted": 3,
            "total_votes": {
                "harmless": 0,
                "malicious": 0
            },
            "size": 173693,
            "popular_threat_classification": {
                "suggested_threat_label": "trojan.tachi",
                "popular_threat_category": [
                    {
                        "count": 4,
                        "value": "trojan"
                    }
                ],
                "popular_threat_name": [
                    {
                        "count": 2,
                        "value": "tachi"
                    }
                ]
            },
            "last_submission_date": 1553268310,
            "last_analysis_results": {
                "Bkav": {
                    "category": "undetected",
                    "engine_name": "Bkav",
                    "engine_version": "1.3.0.9899",
                    "result": null,
                    "method": "blacklist",
                    "engine_update": "20211115"
                },
                "Lionic": {
                    "category": "undetected",
                    "engine_name": "Lionic",
                    "engine_version": "4.2",
                    "result": null,
                    "method": "blacklist",
                    "engine_update": "20211115"
                },
                "Elastic": {
                    "category": "type-unsupported",
                    "engine_name": "Elastic",
                    "engine_version": "4.0.29",
                    "result": null,
                    "method": "blacklist",
                    "engine_update": "20211005"
                },
                "DrWeb": {
                    "category": "undetected",
                    "engine_name": "DrWeb",
                    "engine_version": "7.0.52.8270",
                    "result": null,
                    "method": "blacklist",
                    "engine_update": "20211115"
                },
                "Cynet": {
                    "category": "malicious",
                    "engine_name": "Cynet",
                    "engine_version": "4.0.0.27",
                    "result": "Malicious (score: 99)",
                    "method": "blacklist",
                    "engine_update": "20211115"
                },
                "FireEye": {
                    "category": "undetected",
                    "engine_name": "FireEye",
                    "engine_version": "32.44.1.0",
                    "result": null,
                    "method": "blacklist",
                    "engine_update": "20211115"
                },
                "CAT-QuickHeal": {
                    "category": "undetected",
                    "engine_name": "CAT-QuickHeal",
                    "engine_version": "14.00",
                    "result": null,
                    "method": "blacklist",
                    "engine_update": "20211115"
                },
                "McAfee": {
                    "category": "undetected",
                    "engine_name": "McAfee",
                    "engine_version": "6.0.6.653",
                    "result": null,
                    "method": "blacklist",
                    "engine_update": "20211115"
                },
                "Malwarebytes": {
                    "category": "undetected",
                    "engine_name": "Malwarebytes",
                    "engine_version": "4.2.2.27",
                    "result": null,
                    "method": "blacklist",
                    "engine_update": "20211115"
                },
                "VIPRE": {
                    "category": "undetected",
                    "engine_name": "VIPRE",
                    "engine_version": "96974",
                    "result": null,
                    "method": "blacklist",
                    "engine_update": "20211115"
                },
                "Paloalto": {
                    "category": "type-unsupported",
                    "engine_name": "Paloalto",
                    "engine_version": "1.0",
                    "result": null,
                    "method": "blacklist",
                    "engine_update": "20211115"
                },
                "Sangfor": {
                    "category": "undetected",
                    "engine_name": "Sangfor",
                    "engine_version": "2.9.0.0",
                    "result": null,
                    "method": "blacklist",
                    "engine_update": "20211103"
                },
                "Trustlook": {
                    "category": "malicious",
                    "engine_name": "Trustlook",
                    "engine_version": "1.0",
                    "result": "Android.PUA.General",
                    "method": "blacklist",
                    "engine_update": "20211115"
                },
                "BitDefender": {
                    "category": "undetected",
                    "engine_name": "BitDefender",
                    "engine_version": "7.2",
                    "result": null,
                    "method": "blacklist",
                    "engine_update": "20211115"
                },
                "K7GW": {
                    "category": "malicious",
                    "engine_name": "K7GW",
                    "engine_version": "11.228.39309",
                    "result": "Trojan ( 0001140e1 )",
                    "method": "blacklist",
                    "engine_update": "20211115"
                },
                "K7AntiVirus": {
                    "category": "undetected",
                    "engine_name": "K7AntiVirus",
                    "engine_version": "11.228.39308",
                    "result": null,
                    "method": "blacklist",
                    "engine_update": "20211115"
                },
                "BitDefenderTheta": {
                    "category": "undetected",
                    "engine_name": "BitDefenderTheta",
                    "engine_version": "7.2.37796.0",
                    "result": null,
                    "method": "blacklist",
                    "engine_update": "20211104"
                },
                "Cyren": {
                    "category": "malicious",
                    "engine_name": "Cyren",
                    "engine_version": "6.3.0.2",
                    "result": "AndroidOS/Trojan.COGS-0",
                    "method": "blacklist",
                    "engine_update": "20211115"
                },
                "SymantecMobileInsight": {
                    "category": "malicious",
                    "engine_name": "SymantecMobileInsight",
                    "engine_version": "2.0",
                    "result": "AppRisk:Generisk",
                    "method": "blacklist",
                    "engine_update": "20210126"
                },
                "Symantec": {
                    "category": "malicious",
                    "engine_name": "Symantec",
                    "engine_version": "1.16.0.0",
                    "result": "Trojan.Gen.2",
                    "method": "blacklist",
                    "engine_update": "20211114"
                },
                "ESET-NOD32": {
                    "category": "undetected",
                    "engine_name": "ESET-NOD32",
                    "engine_version": "24295",
                    "result": null,
                    "method": "blacklist",
                    "engine_update": "20211115"
                },
                "APEX": {
                    "category": "type-unsupported",
                    "engine_name": "APEX",
                    "engine_version": "6.229",
                    "result": null,
                    "method": "blacklist",
                    "engine_update": "20211113"
                },
                "TrendMicro-HouseCall": {
                    "category": "undetected",
                    "engine_name": "TrendMicro-HouseCall",
                    "engine_version": "10.0.0.1040",
                    "result": null,
                    "method": "blacklist",
                    "engine_update": "20211115"
                },
                "Avast": {
                    "category": "undetected",
                    "engine_name": "Avast",
                    "engine_version": "21.1.5827.0",
                    "result": null,
                    "method": "blacklist",
                    "engine_update": "20211115"
                },
                "ClamAV": {
                    "category": "undetected",
                    "engine_name": "ClamAV",
                    "engine_version": "0.104.1.0",
                    "result": null,
                    "method": "blacklist",
                    "engine_update": "20211115"
                },
                "Kaspersky": {
                    "category": "undetected",
                    "engine_name": "Kaspersky",
                    "engine_version": "21.0.1.45",
                    "result": null,
                    "method": "blacklist",
                    "engine_update": "20211115"
                },
                "Alibaba": {
                    "category": "undetected",
                    "engine_name": "Alibaba",
                    "engine_version": "0.3.0.5",
                    "result": null,
                    "method": "blacklist",
                    "engine_update": "20190527"
                },
                "NANO-Antivirus": {
                    "category": "undetected",
                    "engine_name": "NANO-Antivirus",
                    "engine_version": "1.0.146.25409",
                    "result": null,
                    "method": "blacklist",
                    "engine_update": "20211115"
                },
                "ViRobot": {
                    "category": "undetected",
                    "engine_name": "ViRobot",
                    "engine_version": "2014.3.20.0",
                    "result": null,
                    "method": "blacklist",
                    "engine_update": "20211115"
                },
                "MicroWorld-eScan": {
                    "category": "undetected",
                    "engine_name": "MicroWorld-eScan",
                    "engine_version": "14.0.409.0",
                    "result": null,
                    "method": "blacklist",
                    "engine_update": "20211115"
                },
                "Rising": {
                    "category": "undetected",
                    "engine_name": "Rising",
                    "engine_version": "25.0.0.26",
                    "result": null,
                    "method": "blacklist",
                    "engine_update": "20211115"
                },
                "Ad-Aware": {
                    "category": "undetected",
                    "engine_name": "Ad-Aware",
                    "engine_version": "3.0.21.193",
                    "result": null,
                    "method": "blacklist",
                    "engine_update": "20211115"
                },
                "Sophos": {
                    "category": "malicious",
                    "engine_name": "Sophos",
                    "engine_version": "1.4.1.0",
                    "result": "Android Tachi (PUA)",
                    "method": "blacklist",
                    "engine_update": "20211115"
                },
                "Comodo": {
                    "category": "undetected",
                    "engine_name": "Comodo",
                    "engine_version": "34044",
                    "result": null,
                    "method": "blacklist",
                    "engine_update": "20211102"
                },
                "F-Secure": {
                    "category": "undetected",
                    "engine_name": "F-Secure",
                    "engine_version": "12.0.86.52",
                    "result": null,
                    "method": "blacklist",
                    "engine_update": "20211115"
                },
                "Baidu": {
                    "category": "undetected",
                    "engine_name": "Baidu",
                    "engine_version": "1.0.0.2",
                    "result": null,
                    "method": "blacklist",
                    "engine_update": "20190318"
                },
                "Zillya": {
                    "category": "undetected",
                    "engine_name": "Zillya",
                    "engine_version": "2.0.0.4495",
                    "result": null,
                    "method": "blacklist",
                    "engine_update": "20211112"
                },
                "TrendMicro": {
                    "category": "undetected",
                    "engine_name": "TrendMicro",
                    "engine_version": "11.0.0.1006",
                    "result": null,
                    "method": "blacklist",
                    "engine_update": "20211115"
                },
                "McAfee-GW-Edition": {
                    "category": "undetected",
                    "engine_name": "McAfee-GW-Edition",
                    "engine_version": "v2019.1.2+3728",
                    "result": null,
                    "method": "blacklist",
                    "engine_update": "20211115"
                },
                "CMC": {
                    "category": "undetected",
                    "engine_name": "CMC",
                    "engine_version": "2.10.2019.1",
                    "result": null,
                    "method": "blacklist",
                    "engine_update": "20211026"
                },
                "Emsisoft": {
                    "category": "undetected",
                    "engine_name": "Emsisoft",
                    "engine_version": "2021.5.0.7597",
                    "result": null,
                    "method": "blacklist",
                    "engine_update": "20211115"
                },
                "Ikarus": {
                    "category": "undetected",
                    "engine_name": "Ikarus",
                    "engine_version": "0.1.5.2",
                    "result": null,
                    "method": "blacklist",
                    "engine_update": "20211115"
                },
                "GData": {
                    "category": "undetected",
                    "engine_name": "GData",
                    "engine_version": "A:25.31351B:27.25160",
                    "result": null,
                    "method": "blacklist",
                    "engine_update": "20211115"
                },
                "Jiangmin": {
                    "category": "undetected",
                    "engine_name": "Jiangmin",
                    "engine_version": "16.0.100",
                    "result": null,
                    "method": "blacklist",
                    "engine_update": "20211114"
                },
                "Webroot": {
                    "category": "type-unsupported",
                    "engine_name": "Webroot",
                    "engine_version": "1.0.0.403",
                    "result": null,
                    "method": "blacklist",
                    "engine_update": "20211115"
                },
                "Avira": {
                    "category": "malicious",
                    "engine_name": "Avira",
                    "engine_version": "8.3.3.12",
                    "result": "SPR/ANDR.Tachi.BQU.Gen",
                    "method": "blacklist",
                    "engine_update": "20211115"
                },
                "eGambit": {
                    "category": "type-unsupported",
                    "engine_name": "eGambit",
                    "engine_version": null,
                    "result": null,
                    "method": "blacklist",
                    "engine_update": "20211115"
                },
                "Antiy-AVL": {
                    "category": "undetected",
                    "engine_name": "Antiy-AVL",
                    "engine_version": "3.0.0.1",
                    "result": null,
                    "method": "blacklist",
                    "engine_update": "20211115"
                },
                "Kingsoft": {
                    "category": "undetected",
                    "engine_name": "Kingsoft",
                    "engine_version": "2017.9.26.565",
                    "result": null,
                    "method": "blacklist",
                    "engine_update": "20211115"
                },
                "Microsoft": {
                    "category": "malicious",
                    "engine_name": "Microsoft",
                    "engine_version": "1.1.18700.4",
                    "result": "PUA:AndroidOS/Maltiverza",
                    "method": "blacklist",
                    "engine_update": "20211115"
                },
                "Gridinsoft": {
                    "category": "undetected",
                    "engine_name": "Gridinsoft",
                    "engine_version": "1.0.62.161",
                    "result": null,
                    "method": "blacklist",
                    "engine_update": "20211115"
                },
                "Arcabit": {
                    "category": "undetected",
                    "engine_name": "Arcabit",
                    "engine_version": "1.0.0.888",
                    "result": null,
                    "method": "blacklist",
                    "engine_update": "20211115"
                },
                "SUPERAntiSpyware": {
                    "category": "undetected",
                    "engine_name": "SUPERAntiSpyware",
                    "engine_version": "5.6.0.1032",
                    "result": null,
                    "method": "blacklist",
                    "engine_update": "20211113"
                },
                "Avast-Mobile": {
                    "category": "undetected",
                    "engine_name": "Avast-Mobile",
                    "engine_version": "211115-04",
                    "result": null,
                    "method": "blacklist",
                    "engine_update": "20211115"
                },
                "SentinelOne": {
                    "category": "type-unsupported",
                    "engine_name": "SentinelOne",
                    "engine_version": "6.3.0.2",
                    "result": null,
                    "method": "blacklist",
                    "engine_update": "20211028"
                },
                "BitDefenderFalx": {
                    "category": "undetected",
                    "engine_name": "BitDefenderFalx",
                    "engine_version": "2.0.936",
                    "result": null,
                    "method": "blacklist",
                    "engine_update": "20210610"
                },
                "AhnLab-V3": {
                    "category": "malicious",
                    "engine_name": "AhnLab-V3",
                    "engine_version": "3.21.1.10219",
                    "result": "PUP/Android.Clicker.335677",
                    "method": "blacklist",
                    "engine_update": "20211115"
                },
                "Acronis": {
                    "category": "type-unsupported",
                    "engine_name": "Acronis",
                    "engine_version": "1.1.1.82",
                    "result": null,
                    "method": "blacklist",
                    "engine_update": "20210512"
                },
                "ALYac": {
                    "category": "undetected",
                    "engine_name": "ALYac",
                    "engine_version": "1.1.3.1",
                    "result": null,
                    "method": "blacklist",
                    "engine_update": "20211115"
                },
                "TACHYON": {
                    "category": "undetected",
                    "engine_name": "TACHYON",
                    "engine_version": "2021-11-15.02",
                    "result": null,
                    "method": "blacklist",
                    "engine_update": "20211115"
                },
                "VBA32": {
                    "category": "undetected",
                    "engine_name": "VBA32",
                    "engine_version": "5.0.0",
                    "result": null,
                    "method": "blacklist",
                    "engine_update": "20211115"
                },
                "Cylance": {
                    "category": "type-unsupported",
                    "engine_name": "Cylance",
                    "engine_version": "2.3.1.101",
                    "result": null,
                    "method": "blacklist",
                    "engine_update": "20211115"
                },
                "Zoner": {
                    "category": "undetected",
                    "engine_name": "Zoner",
                    "engine_version": "2.2.2.0",
                    "result": null,
                    "method": "blacklist",
                    "engine_update": "20211114"
                },
                "Tencent": {
                    "category": "undetected",
                    "engine_name": "Tencent",
                    "engine_version": "1.0.0.1",
                    "result": null,
                    "method": "blacklist",
                    "engine_update": "20211115"
                },
                "Yandex": {
                    "category": "undetected",
                    "engine_name": "Yandex",
                    "engine_version": "5.5.2.24",
                    "result": null,
                    "method": "blacklist",
                    "engine_update": "20211115"
                },
                "MAX": {
                    "category": "undetected",
                    "engine_name": "MAX",
                    "engine_version": "2019.9.16.1",
                    "result": null,
                    "method": "blacklist",
                    "engine_update": "20211115"
                },
                "MaxSecure": {
                    "category": "malicious",
                    "engine_name": "MaxSecure",
                    "engine_version": "1.0.0.1",
                    "result": "Trojan.TrojanBanker.AndroidOS.Asacub.cg",
                    "method": "blacklist",
                    "engine_update": "20211113"
                },
                "Fortinet": {
                    "category": "undetected",
                    "engine_name": "Fortinet",
                    "engine_version": "6.2.142.0",
                    "result": null,
                    "method": "blacklist",
                    "engine_update": "20211115"
                },
                "Cybereason": {
                    "category": "type-unsupported",
                    "engine_name": "Cybereason",
                    "engine_version": "1.2.449",
                    "result": null,
                    "method": "blacklist",
                    "engine_update": "20210330"
                },
                "Panda": {
                    "category": "undetected",
                    "engine_name": "Panda",
                    "engine_version": "4.6.4.2",
                    "result": null,
                    "method": "blacklist",
                    "engine_update": "20211114"
                },
                "CrowdStrike": {
                    "category": "type-unsupported",
                    "engine_name": "CrowdStrike",
                    "engine_version": "1.0",
                    "result": null,
                    "method": "blacklist",
                    "engine_update": "20210203"
                }
            },
            "sha256": "00210a60ca90e42de0e361ebe7cb3e95ed99ec2b72b0eed931ff704bf425d6c0",
            "type_extension": "apk",
            "tags": [
                "apk",
                "android",
                "reflection"
            ],
            "last_analysis_date": 1636993274,
            "unique_sources": 3,
            "first_submission_date": 1534520768,
            "sha1": "44174d1909fd6f499743d8363ac21f64e87b8080",
            "ssdeep": "3072:f3CuZcWbfVHdBPMG5S7rOCWDq748yGdmflmZkiIHqT05d573Qh3oTMlcS0FcZUFq:f3CuFPBSfO9s48yGddCPHqT0t7AhDcb+",
            "bundle_info": {
                "highest_datetime": "2017-11-20 06:43:24",
                "lowest_datetime": "2017-11-20 06:43:22",
                "num_children": 9,
                "extensions": {
                    "xml": 2,
                    "dex": 1,
                    "MF": 1,
                    "bal": 1,
                    "SF": 1,
                    "png": 1,
                    "DSA": 1
                },
                "file_types": {
                    "XML": 2,
                    "unknown": 5,
                    "DEX": 1,
                    "PNG": 1
                },
                "type": "APK",
                "uncompressed_size": 343758
            },
            "packers": {
                "F-PROT": "appended"
            },
            "md5": "e0f2df6685c444eb0313c6c1f8b6fe2f",
            "androguard": {
                "Activities": [
                    "com.google.ads.AdActivity",
                    "jetsmks.com.jets.main"
                ],
                "AndroidVersionCode": "17112006",
                "main_activity": "jetsmks.com.jets.main",
                "certificate": {
                    "Subject": {
                        "DN": "C:uy, CN:Enrique Avalle, O:avalle.net",
                        "C": "uy",
                        "CN": "Enrique Avalle",
                        "O": "avalle.net"
                    },
                    "validto": "2050-03-07 20:45:11",
                    "serialnumber": "4eb84357",
                    "thumbprint": "1a20466d012782062b8da4e83c00596215cb2842",
                    "validfrom": "2011-11-07 20:45:11",
                    "Issuer": {
                        "DN": "C:uy, CN:Enrique Avalle, O:avalle.net",
                        "C": "uy",
                        "CN": "Enrique Avalle",
                        "O": "avalle.net"
                    }
                },
                "VTAndroidInfo": 2.0,
                "Package": "jetsmks.com.jets",
                "intent_filters": {
                    "Activities": {
                        "jetsmks.com.jets.main": {
                            "action": [
                                "android.intent.action.MAIN"
                            ],
                            "category": [
                                "android.intent.category.LAUNCHER"
                            ]
                        }
                    }
                },
                "permission_details": {
                    "android.permission.VIBRATE": {
                        "short_description": "control vibration",
                        "full_description": "Allows the app to control the vibrator.",
                        "permission_type": "normal"
                    },
                    "android.permission.WRITE_EXTERNAL_STORAGE": {
                        "short_description": "modify or delete the contents of your SD card",
                        "full_description": "Allows the app to write to the SD card.",
                        "permission_type": "dangerous"
                    },
                    "android.permission.INTERNET": {
                        "short_description": "full network access",
                        "full_description": "Allows the app to create\n     network sockets and use custom network protocols. The browser and other\n     applications provide means to send data to the internet, so this\n     permission is not required to send data to the internet.",
                        "permission_type": "dangerous"
                    },
                    "android.permission.ACCESS_WIFI_STATE": {
                        "short_description": "view Wi-Fi connections",
                        "full_description": "Allows the app to view information\n      about Wi-Fi networking, such as whether Wi-Fi is enabled and name of\n      connected Wi-Fi devices.",
                        "permission_type": "normal"
                    },
                    "android.permission.ACCESS_NETWORK_STATE": {
                        "short_description": "view network connections",
                        "full_description": "Allows the app to view\n      information about network connections such as which networks exist and are\n      connected.",
                        "permission_type": "normal"
                    }
                },
                "AndroidApplication": 1,
                "AndroidApplicationError": false,
                "AndroidVersionName": "17112006",
                "RiskIndicator": {
                    "APK": {
                        "DEX": 1
                    },
                    "PERM": {
                        "DANGEROUS": 1,
                        "INTERNET": 1,
                        "NORMAL": 3
                    }
                },
                "Services": [
                    "jetsmks.com.jets.svcdownload"
                ],
                "MinSdkVersion": "8",
                "TargetSdkVersion": "17",
                "Receivers": [
                    "jetsmks.com.jets.svcdownload$svcdownload_BR"
                ],
                "AndroguardVersion": "3.4.0a1",
                "AndroidApplicationInfo": "APK"
            },
            "magic": "Zip archive data, at least v2.0 to extract",
            "last_analysis_stats": {
                "harmless": 0,
                "type-unsupported": 10,
                "suspicious": 0,
                "confirmed-timeout": 0,
                "timeout": 0,
                "failure": 0,
                "malicious": 11,
                "undetected": 50
            },
            "meaningful_name": "00210A60CA90E42DE0E361EBE7CB3E95ED99EC2B72B0EED931FF704BF425D6C0.apk",
            "reputation": 0
        },
        "type": "file",
        "id": "00210a60ca90e42de0e361ebe7cb3e95ed99ec2b72b0eed931ff704bf425d6c0",
        "links": {
            "self": "https://www.virustotal.com/api/v3/files/00210a60ca90e42de0e361ebe7cb3e95ed99ec2b72b0eed931ff704bf425d6c0"
        }
    }
}