{
    "data": {
        "attributes": {
            "type_description": "Android",
            "vhash": "6d49defdef625937938303fabbdadc83",
            "trid": [
                {
                    "file_type": "Android Package",
                    "probability": 91.3
                },
                {
                    "file_type": "ZIP compressed archive",
                    "probability": 6.9
                },
                {
                    "file_type": "PrintFox/Pagefox bitmap (var. P)",
                    "probability": 1.7
                }
            ],
            "names": [
                "com.jiepingrj.lgk_2.apk",
                "output.125708817.txt",
                "a0c7d2a33507a98882b0149e04a4730a.virus"
            ],
            "last_modification_date": 1657740915,
            "type_tag": "android",
            "times_submitted": 3,
            "total_votes": {
                "harmless": 0,
                "malicious": 0
            },
            "size": 903776,
            "popular_threat_classification": {
                "suggested_threat_label": "adware.dowgin/artemis",
                "popular_threat_category": [
                    {
                        "count": 5,
                        "value": "adware"
                    },
                    {
                        "count": 4,
                        "value": "trojan"
                    }
                ],
                "popular_threat_name": [
                    {
                        "count": 8,
                        "value": "dowgin"
                    },
                    {
                        "count": 2,
                        "value": "artemis"
                    },
                    {
                        "count": 2,
                        "value": "andr"
                    }
                ]
            },
            "last_submission_date": 1556585268,
            "last_analysis_results": {
                "Bkav": {
                    "category": "undetected",
                    "engine_name": "Bkav",
                    "engine_version": "1.3.0.9899",
                    "result": null,
                    "method": "blacklist",
                    "engine_update": "20190425"
                },
                "Lionic": {
                    "category": "undetected",
                    "engine_name": "AegisLab",
                    "engine_version": "4.2",
                    "result": null,
                    "method": "blacklist",
                    "engine_update": "20190429"
                },
                "MicroWorld-eScan": {
                    "category": "undetected",
                    "engine_name": "MicroWorld-eScan",
                    "engine_version": "14.0.297.0",
                    "result": null,
                    "method": "blacklist",
                    "engine_update": "20190429"
                },
                "FireEye": {
                    "category": "undetected",
                    "engine_name": "FireEye",
                    "engine_version": "29.7.0.0",
                    "result": null,
                    "method": "blacklist",
                    "engine_update": "20190429"
                },
                "CAT-QuickHeal": {
                    "category": "malicious",
                    "engine_name": "CAT-QuickHeal",
                    "engine_version": "14.00",
                    "result": "Android.Dowgin.AZ (AdWare)",
                    "method": "blacklist",
                    "engine_update": "20190429"
                },
                "ALYac": {
                    "category": "undetected",
                    "engine_name": "ALYac",
                    "engine_version": "1.1.1.5",
                    "result": null,
                    "method": "blacklist",
                    "engine_update": "20190429"
                },
                "Malwarebytes": {
                    "category": "undetected",
                    "engine_name": "Malwarebytes",
                    "engine_version": "2.1.1.1115",
                    "result": null,
                    "method": "blacklist",
                    "engine_update": "20190430"
                },
                "VIPRE": {
                    "category": "undetected",
                    "engine_name": "VIPRE",
                    "engine_version": "74684",
                    "result": null,
                    "method": "blacklist",
                    "engine_update": "20190429"
                },
                "Paloalto": {
                    "category": "type-unsupported",
                    "engine_name": "Paloalto",
                    "engine_version": "1.0",
                    "result": null,
                    "method": "blacklist",
                    "engine_update": "20190430"
                },
                "TheHacker": {
                    "category": "undetected",
                    "engine_name": "TheHacker",
                    "engine_version": "6.8.0.5.4193",
                    "result": null,
                    "method": "blacklist",
                    "engine_update": "20190429"
                },
                "BitDefender": {
                    "category": "undetected",
                    "engine_name": "BitDefender",
                    "engine_version": "7.2",
                    "result": null,
                    "method": "blacklist",
                    "engine_update": "20190430"
                },
                "K7GW": {
                    "category": "malicious",
                    "engine_name": "K7GW",
                    "engine_version": "11.41.30750",
                    "result": "Trojan ( 0050204c1 )",
                    "method": "blacklist",
                    "engine_update": "20190430"
                },
                "K7AntiVirus": {
                    "category": "undetected",
                    "engine_name": "K7AntiVirus",
                    "engine_version": "11.41.30750",
                    "result": null,
                    "method": "blacklist",
                    "engine_update": "20190429"
                },
                "Invincea": {
                    "category": "type-unsupported",
                    "engine_name": "Invincea",
                    "engine_version": "6.3.6.26157",
                    "result": null,
                    "method": "blacklist",
                    "engine_update": "20190313"
                },
                "Baidu": {
                    "category": "undetected",
                    "engine_name": "Baidu",
                    "engine_version": "1.0.0.2",
                    "result": null,
                    "method": "blacklist",
                    "engine_update": "20190318"
                },
                "NANO-Antivirus": {
                    "category": "undetected",
                    "engine_name": "NANO-Antivirus",
                    "engine_version": "1.0.134.24788",
                    "result": null,
                    "method": "blacklist",
                    "engine_update": "20190429"
                },
                "F-Prot": {
                    "category": "undetected",
                    "engine_name": "F-Prot",
                    "engine_version": "4.7.1.166",
                    "result": null,
                    "method": "blacklist",
                    "engine_update": "20190430"
                },
                "SymantecMobileInsight": {
                    "category": "malicious",
                    "engine_name": "SymantecMobileInsight",
                    "engine_version": "2.0",
                    "result": "AppRisk:Generisk",
                    "method": "blacklist",
                    "engine_update": "20190418"
                },
                "Symantec": {
                    "category": "malicious",
                    "engine_name": "Symantec",
                    "engine_version": "1.9.0.0",
                    "result": "Trojan.Gen.2",
                    "method": "blacklist",
                    "engine_update": "20190430"
                },
                "ESET-NOD32": {
                    "category": "malicious",
                    "engine_name": "ESET-NOD32",
                    "engine_version": "19276",
                    "result": "a variant of Android/AdDisplay.Dowgin.EA potentially unwanted",
                    "method": "blacklist",
                    "engine_update": "20190430"
                },
                "TrendMicro-HouseCall": {
                    "category": "undetected",
                    "engine_name": "TrendMicro-HouseCall",
                    "engine_version": "10.0.0.1040",
                    "result": null,
                    "method": "blacklist",
                    "engine_update": "20190430"
                },
                "Avast": {
                    "category": "undetected",
                    "engine_name": "Avast",
                    "engine_version": "18.4.3895.0",
                    "result": null,
                    "method": "blacklist",
                    "engine_update": "20190429"
                },
                "ClamAV": {
                    "category": "undetected",
                    "engine_name": "ClamAV",
                    "engine_version": "0.101.2.0",
                    "result": null,
                    "method": "blacklist",
                    "engine_update": "20190429"
                },
                "GData": {
                    "category": "undetected",
                    "engine_name": "GData",
                    "engine_version": "A:25.21729B:25.14966",
                    "result": null,
                    "method": "blacklist",
                    "engine_update": "20190430"
                },
                "Kaspersky": {
                    "category": "undetected",
                    "engine_name": "Kaspersky",
                    "engine_version": "15.0.1.13",
                    "result": null,
                    "method": "blacklist",
                    "engine_update": "20190430"
                },
                "Alibaba": {
                    "category": "undetected",
                    "engine_name": "Alibaba",
                    "engine_version": "0.4.0.6",
                    "result": null,
                    "method": "blacklist",
                    "engine_update": "20190426"
                },
                "Babable": {
                    "category": "undetected",
                    "engine_name": "Babable",
                    "engine_version": "9107201",
                    "result": null,
                    "method": "blacklist",
                    "engine_update": "20190424"
                },
                "ViRobot": {
                    "category": "undetected",
                    "engine_name": "ViRobot",
                    "engine_version": "2014.3.20.0",
                    "result": null,
                    "method": "blacklist",
                    "engine_update": "20190429"
                },
                "Tencent": {
                    "category": "malicious",
                    "engine_name": "Tencent",
                    "engine_version": "1.0.0.1",
                    "result": "a.gray.floatgame.t",
                    "method": "blacklist",
                    "engine_update": "20190430"
                },
                "Ad-Aware": {
                    "category": "undetected",
                    "engine_name": "Ad-Aware",
                    "engine_version": "3.0.5.370",
                    "result": null,
                    "method": "blacklist",
                    "engine_update": "20190429"
                },
                "Trustlook": {
                    "category": "undetected",
                    "engine_name": "Trustlook",
                    "engine_version": "1.0",
                    "result": null,
                    "method": "blacklist",
                    "engine_update": "20190430"
                },
                "Sophos": {
                    "category": "malicious",
                    "engine_name": "Sophos",
                    "engine_version": "4.98.0",
                    "result": "Android Dowgin (PUA)",
                    "method": "blacklist",
                    "engine_update": "20190429"
                },
                "Comodo": {
                    "category": "undetected",
                    "engine_name": "Comodo",
                    "engine_version": "30792",
                    "result": null,
                    "method": "blacklist",
                    "engine_update": "20190430"
                },
                "F-Secure": {
                    "category": "malicious",
                    "engine_name": "F-Secure",
                    "engine_version": "12.0.86.52",
                    "result": "Adware.ADWARE/ANDR.Dowgin",
                    "method": "blacklist",
                    "engine_update": "20190430"
                },
                "DrWeb": {
                    "category": "malicious",
                    "engine_name": "DrWeb",
                    "engine_version": "7.0.34.11020",
                    "result": "Adware.Dowgin.4423",
                    "method": "blacklist",
                    "engine_update": "20190429"
                },
                "Zillya": {
                    "category": "undetected",
                    "engine_name": "Zillya",
                    "engine_version": "2.0.0.3805",
                    "result": null,
                    "method": "blacklist",
                    "engine_update": "20190429"
                },
                "TrendMicro": {
                    "category": "undetected",
                    "engine_name": "TrendMicro",
                    "engine_version": "10.0.0.1040",
                    "result": null,
                    "method": "blacklist",
                    "engine_update": "20190429"
                },
                "McAfee-GW-Edition": {
                    "category": "malicious",
                    "engine_name": "McAfee-GW-Edition",
                    "engine_version": "v2017.3010",
                    "result": "Artemis",
                    "method": "blacklist",
                    "engine_update": "20190429"
                },
                "Trapmine": {
                    "category": "type-unsupported",
                    "engine_name": "Trapmine",
                    "engine_version": "3.1.52.760",
                    "result": null,
                    "method": "blacklist",
                    "engine_update": "20190325"
                },
                "CMC": {
                    "category": "undetected",
                    "engine_name": "CMC",
                    "engine_version": "1.1.0.977",
                    "result": null,
                    "method": "blacklist",
                    "engine_update": "20190321"
                },
                "Emsisoft": {
                    "category": "undetected",
                    "engine_name": "Emsisoft",
                    "engine_version": "2018.4.0.1029",
                    "result": null,
                    "method": "blacklist",
                    "engine_update": "20190430"
                },
                "Ikarus": {
                    "category": "malicious",
                    "engine_name": "Ikarus",
                    "engine_version": "0.1.5.2",
                    "result": "PUA.AndroidOS.Dowgin",
                    "method": "blacklist",
                    "engine_update": "20190429"
                },
                "Cyren": {
                    "category": "undetected",
                    "engine_name": "Cyren",
                    "engine_version": "6.2.0.1",
                    "result": null,
                    "method": "blacklist",
                    "engine_update": "20190429"
                },
                "Jiangmin": {
                    "category": "undetected",
                    "engine_name": "Jiangmin",
                    "engine_version": "16.0.100",
                    "result": null,
                    "method": "blacklist",
                    "engine_update": "20190430"
                },
                "Webroot": {
                    "category": "type-unsupported",
                    "engine_name": "Webroot",
                    "engine_version": "1.0.0.403",
                    "result": null,
                    "method": "blacklist",
                    "engine_update": "20190430"
                },
                "Avira": {
                    "category": "malicious",
                    "engine_name": "Avira",
                    "engine_version": "8.3.3.8",
                    "result": "ADWARE/ANDR.Dowgin.CH.Gen",
                    "method": "blacklist",
                    "engine_update": "20190430"
                },
                "eGambit": {
                    "category": "type-unsupported",
                    "engine_name": "eGambit",
                    "engine_version": "v4.3.6",
                    "result": null,
                    "method": "blacklist",
                    "engine_update": "20190430"
                },
                "Antiy-AVL": {
                    "category": "undetected",
                    "engine_name": "Antiy-AVL",
                    "engine_version": "3.0.0.1",
                    "result": null,
                    "method": "blacklist",
                    "engine_update": "20190429"
                },
                "Kingsoft": {
                    "category": "undetected",
                    "engine_name": "Kingsoft",
                    "engine_version": "2013.8.14.323",
                    "result": null,
                    "method": "blacklist",
                    "engine_update": "20190430"
                },
                "Microsoft": {
                    "category": "malicious",
                    "engine_name": "Microsoft",
                    "engine_version": "1.1.15900.4",
                    "result": "Trojan:Win32/Bitrep.A",
                    "method": "blacklist",
                    "engine_update": "20190430"
                },
                "Endgame": {
                    "category": "type-unsupported",
                    "engine_name": "Endgame",
                    "engine_version": "3.0.9",
                    "result": null,
                    "method": "blacklist",
                    "engine_update": "20190403"
                },
                "Arcabit": {
                    "category": "undetected",
                    "engine_name": "Arcabit",
                    "engine_version": "1.0.0.845",
                    "result": null,
                    "method": "blacklist",
                    "engine_update": "20190429"
                },
                "SUPERAntiSpyware": {
                    "category": "undetected",
                    "engine_name": "SUPERAntiSpyware",
                    "engine_version": "5.6.0.1032",
                    "result": null,
                    "method": "blacklist",
                    "engine_update": "20190423"
                },
                "AhnLab-V3": {
                    "category": "malicious",
                    "engine_name": "AhnLab-V3",
                    "engine_version": "3.15.1.23978",
                    "result": "Android-PUP/Dowgin.34326",
                    "method": "blacklist",
                    "engine_update": "20190429"
                },
                "ZoneAlarm": {
                    "category": "undetected",
                    "engine_name": "ZoneAlarm",
                    "engine_version": "1.0",
                    "result": null,
                    "method": "blacklist",
                    "engine_update": "20190429"
                },
                "Avast-Mobile": {
                    "category": "undetected",
                    "engine_name": "Avast-Mobile",
                    "engine_version": "190429-00",
                    "result": null,
                    "method": "blacklist",
                    "engine_update": "20190429"
                },
                "SentinelOne": {
                    "category": "type-unsupported",
                    "engine_name": "SentinelOne",
                    "engine_version": "1.0.25.316",
                    "result": null,
                    "method": "blacklist",
                    "engine_update": "20190420"
                },
                "TotalDefense": {
                    "category": "undetected",
                    "engine_name": "TotalDefense",
                    "engine_version": "37.1.62.1",
                    "result": null,
                    "method": "blacklist",
                    "engine_update": "20190428"
                },
                "Acronis": {
                    "category": "type-unsupported",
                    "engine_name": "Acronis",
                    "engine_version": "1.0.1.48",
                    "result": null,
                    "method": "blacklist",
                    "engine_update": "20190429"
                },
                "McAfee": {
                    "category": "malicious",
                    "engine_name": "McAfee",
                    "engine_version": "6.0.6.653",
                    "result": "Artemis!A0C7D2A33507",
                    "method": "blacklist",
                    "engine_update": "20190430"
                },
                "TACHYON": {
                    "category": "undetected",
                    "engine_name": "TACHYON",
                    "engine_version": "2019-04-29.02",
                    "result": null,
                    "method": "blacklist",
                    "engine_update": "20190429"
                },
                "VBA32": {
                    "category": "undetected",
                    "engine_name": "VBA32",
                    "engine_version": "4.0.0",
                    "result": null,
                    "method": "blacklist",
                    "engine_update": "20190429"
                },
                "Cylance": {
                    "category": "type-unsupported",
                    "engine_name": "Cylance",
                    "engine_version": "2.3.1.101",
                    "result": null,
                    "method": "blacklist",
                    "engine_update": "20190430"
                },
                "Zoner": {
                    "category": "undetected",
                    "engine_name": "Zoner",
                    "engine_version": "1.0",
                    "result": null,
                    "method": "blacklist",
                    "engine_update": "20190430"
                },
                "Rising": {
                    "category": "undetected",
                    "engine_name": "Rising",
                    "engine_version": "25.0.0.24",
                    "result": null,
                    "method": "blacklist",
                    "engine_update": "20190429"
                },
                "Yandex": {
                    "category": "undetected",
                    "engine_name": "Yandex",
                    "engine_version": "5.5.1.3",
                    "result": null,
                    "method": "blacklist",
                    "engine_update": "20190429"
                },
                "MAX": {
                    "category": "undetected",
                    "engine_name": "MAX",
                    "engine_version": "2018.9.12.1",
                    "result": null,
                    "method": "blacklist",
                    "engine_update": "20190430"
                },
                "MaxSecure": {
                    "category": "undetected",
                    "engine_name": "MaxSecure",
                    "engine_version": "1.0.0.1",
                    "result": null,
                    "method": "blacklist",
                    "engine_update": "20190427"
                },
                "Fortinet": {
                    "category": "malicious",
                    "engine_name": "Fortinet",
                    "engine_version": "5.4.247.0",
                    "result": "Android/Generic.Z.2EC57D!tr",
                    "method": "blacklist",
                    "engine_update": "20190429"
                },
                "AVG": {
                    "category": "undetected",
                    "engine_name": "AVG",
                    "engine_version": "18.4.3895.0",
                    "result": null,
                    "method": "blacklist",
                    "engine_update": "20190429"
                },
                "Cybereason": {
                    "category": "type-unsupported",
                    "engine_name": "Cybereason",
                    "engine_version": "1.2.449",
                    "result": null,
                    "method": "blacklist",
                    "engine_update": "20190417"
                },
                "Panda": {
                    "category": "undetected",
                    "engine_name": "Panda",
                    "engine_version": "4.6.4.2",
                    "result": null,
                    "method": "blacklist",
                    "engine_update": "20190429"
                },
                "CrowdStrike": {
                    "category": "type-unsupported",
                    "engine_name": "CrowdStrike",
                    "engine_version": "1.0",
                    "result": null,
                    "method": "blacklist",
                    "engine_update": "20190212"
                },
                "Qihoo-360": {
                    "category": "malicious",
                    "engine_name": "Qihoo-360",
                    "engine_version": "1.0.0.1120",
                    "result": "Trojan.Android.Gen",
                    "method": "blacklist",
                    "engine_update": "20190430"
                }
            },
            "sandbox_verdicts": {
                "Dr.Web vxCube": {
                    "category": "malicious",
                    "sandbox_name": "Dr.Web vxCube",
                    "malware_classification": [
                        "ADWARE",
                        "MALWARE"
                    ]
                }
            },
            "sha256": "0026adec3cc9b96dd89d1fb3f5c48598bbc32225df62d8027d817291116d5864",
            "type_extension": "apk",
            "tags": [
                "apk",
                "android",
                "contains-elf"
            ],
            "last_analysis_date": 1556585268,
            "unique_sources": 3,
            "first_submission_date": 1498364491,
            "sha1": "5b8fa7167c48b6edbee55aabbe068d7460a67500",
            "ssdeep": "24576:awvriMk8MKg5cs8t2E+HwfL4DthZ2rgWtemsuD:hC8MmOE+H4L8hqD1X",
            "bundle_info": {
                "highest_datetime": "2016-08-08 08:29:06",
                "lowest_datetime": "2016-08-08 08:29:04",
                "num_children": 64,
                "extensions": {
                    "xml": 20,
                    "dex": 1,
                    "MF": 1,
                    "RSA": 1,
                    "wav": 1,
                    "SF": 1,
                    "png": 31
                },
                "file_types": {
                    "XML": 20,
                    "unknown": 6,
                    "DEX": 1,
                    "ELF": 6,
                    "PNG": 31
                },
                "type": "APK",
                "uncompressed_size": 1225310
            },
            "md5": "a0c7d2a33507a98882b0149e04a4730a",
            "androguard": {
                "VTAndroidInfo": 1.41,
                "SourceFile": "r:\\sav6\\work_channel0_14\\75207922",
                "AndroidApplicationError": false,
                "MinSdkVersion": "3",
                "AndroguardVersion": "3.0-dev",
                "Activities": [
                    "com.edwardkim.android.screenshotit.activities.ScreenShotIt",
                    "com.edwardkim.android.screenshotit.activities.Tutorial1",
                    "com.edwardkim.android.screenshotit.activities.Tutorial2",
                    "com.edwardkim.android.screenshotit.activities.Tutorial3",
                    "com.edwardkim.android.screenshotit.activities.NonRootMethod",
                    "com.edwardkim.android.screenshotit.activities.NonRootWindowsMethod",
                    "com.edwardkim.android.screenshotit.activities.NonRootMacMethod",
                    "com.edwardkim.android.screenshotit.activities.Crop",
                    "com.edwardkim.android.screenshotit.activities.ScreenShotCountdown",
                    "com.weijczx.wemjkrfg.zulhyr"
                ],
                "certificate": {
                    "Subject": {
                        "DN": "C:Unknown, CN:k9dscwm6iNJ4x5h, L:Unknown, O:Nm3E672QuuA1xnm, ST:Unknown, OU:HhJPdngKfFf6jw",
                        "C": "Unknown",
                        "CN": "k9dscwm6iNJ4x5h",
                        "L": "Unknown",
                        "O": "Nm3E672QuuA1xnm",
                        "ST": "Unknown",
                        "OU": "HhJPdngKfFf6jw"
                    },
                    "validto": "02:05 AM 05/05/2071",
                    "serialnumber": "579eae79",
                    "thumbprint": "a4daf169557c61966f9fb7af30fbf3da034008ba",
                    "validfrom": "02:05 AM 08/01/2016",
                    "Issuer": {
                        "DN": "C:Unknown, CN:k9dscwm6iNJ4x5h, L:Unknown, O:Nm3E672QuuA1xnm, ST:Unknown, OU:HhJPdngKfFf6jw",
                        "C": "Unknown",
                        "CN": "k9dscwm6iNJ4x5h",
                        "L": "Unknown",
                        "O": "Nm3E672QuuA1xnm",
                        "ST": "Unknown",
                        "OU": "HhJPdngKfFf6jw"
                    }
                },
                "AndroidApplication": 1,
                "RiskIndicator": {
                    "APK": {
                        "DEX": 1,
                        "EXECUTABLE": 6
                    },
                    "PERM": {
                        "DANGEROUS": 3,
                        "PRIVACY": 1,
                        "NORMAL": 4,
                        "INTERNET": 1
                    }
                },
                "Services": [
                    "com.edwardkim.android.screenshotit.services.ScreenShotService",
                    "com.edwardkim.android.screenshotit.services.ScreenShotButtonService",
                    "com.weijczx.wemjkrfg.mvbgl"
                ],
                "AndroidVersionCode": "2",
                "main_activity": "com.edwardkim.android.screenshotit.activities.ScreenShotIt",
                "Package": "com.jiepingrj.lgk",
                "intent_filters": {
                    "Services": {},
                    "Activities": {
                        "com.edwardkim.android.screenshotit.activities.ScreenShotCountdown": {
                            "action": [
                                "android.intent.action.SEARCH_LONG_PRESS"
                            ],
                            "category": [
                                "android.intent.category.DEFAULT"
                            ]
                        },
                        "com.edwardkim.android.screenshotit.activities.ScreenShotIt": {
                            "action": [
                                "android.intent.action.MAIN"
                            ],
                            "category": [
                                "android.intent.category.LAUNCHER"
                            ]
                        }
                    },
                    "Receivers": {
                        "com.edwardkim.android.screenshotit.appwidgetprovider.ScreenShotItAppWidgetProvider": {
                            "action": [
                                "android.appwidget.action.APPWIDGET_UPDATE",
                                "com.edwardkim.android.screenshotit.appwidgetprovider.ScreenShotItAppWidgetProvider.ACTION_WIDGET_RECEIVER"
                            ]
                        },
                        "com.edwardkim.android.screenshotit.broadcastreceivers.PackageInstalledReceiver": {
                            "action": [
                                "android.intent.action.PACKAGE_ADDED"
                            ]
                        },
                        "com.edwardkim.android.screenshotit.broadcastreceivers.StartupReceiver": {
                            "action": [
                                "android.intent.action.BOOT_COMPLETED"
                            ],
                            "category": [
                                "android.intent.category.HOME"
                            ]
                        }
                    }
                },
                "AndroidVersionName": "1.2",
                "TargetSdkVersion": "10",
                "AndroidApplicationInfo": "APK",
                "permission_details": {
                    "android.permission.VIBRATE": {
                        "short_description": "control vibrator",
                        "full_description": "Allows the application to control the vibrator.",
                        "permission_type": "normal"
                    },
                    "android.permission.RECEIVE_BOOT_COMPLETED": {
                        "short_description": "automatically start at boot",
                        "full_description": "Allows an application to start itself as soon as the system has finished booting. This can make it take longer to start the phone and allow the application to slow down the overall phone by always running.",
                        "permission_type": "normal"
                    },
                    "android.permission.INTERNET": {
                        "short_description": "full Internet access",
                        "full_description": "Allows an application to create network sockets.",
                        "permission_type": "dangerous"
                    },
                    "android.permission.SYSTEM_ALERT_WINDOW": {
                        "short_description": "display system-level alerts",
                        "full_description": "Allows an application to show system-alert windows. Malicious applications can take over the entire screen of the phone.",
                        "permission_type": "dangerous"
                    },
                    "android.permission.ACCESS_WIFI_STATE": {
                        "short_description": "view Wi-Fi status",
                        "full_description": "Allows an application to view the information about the status of Wi-Fi.",
                        "permission_type": "normal"
                    },
                    "android.permission.GET_TASKS": {
                        "short_description": "retrieve running applications",
                        "full_description": "Allows application to retrieve information about currently and recently running tasks. May allow malicious applications to discover private information about other applications.",
                        "permission_type": "dangerous"
                    },
                    "android.permission.ACCESS_NETWORK_STATE": {
                        "short_description": "view network status",
                        "full_description": "Allows an application to view the status of all networks.",
                        "permission_type": "normal"
                    },
                    "android.permission.READ_PHONE_STATE": {
                        "short_description": "read phone state and identity",
                        "full_description": "Allows the application to access the phone features of the device. An application with this permission can determine the phone number and serial number of this phone, whether a call is active, the number that call is connected to and so on.",
                        "permission_type": "dangerous"
                    },
                    "com.android.vending.CHECK_LICENSE": {
                        "short_description": "Unknown permission from android reference",
                        "full_description": "Unknown permission from android reference",
                        "permission_type": "normal"
                    },
                    "android.permission.WRITE_EXTERNAL_STORAGE": {
                        "short_description": "modify/delete SD card contents",
                        "full_description": "Allows an application to write to the SD card.",
                        "permission_type": "dangerous"
                    }
                },
                "Receivers": [
                    "com.edwardkim.android.screenshotit.broadcastreceivers.StartupReceiver",
                    "com.edwardkim.android.screenshotit.broadcastreceivers.PackageInstalledReceiver",
                    "com.edwardkim.android.screenshotit.appwidgetprovider.ScreenShotItAppWidgetProvider"
                ],
                "StringsInformation": [
                    "http://data.flurry.com/aar.do",
                    "http://developer.android.com/sdk/oem-usb.html",
                    "http://developer.android.com/sdk/win-usb.html",
                    "http://developer.motorola.com/docstools/USB_Drivers/",
                    "http://forum.xda-developers.com/showthread.php?t=728929",
                    "http://schemas.android.com/apk/res/android",
                    "http://www.androidlicenser.com/fulllicense.php",
                    "http://www.androidlicenser.com/store_fronts/46/buy",
                    "http://www.androidlicenser.com/store_fronts/buy?application_key=",
                    "http://www.htc.com/us/support/aria-att/downloads/",
                    "http://www.htc.com/us/support/desire-uscellular/downloads/",
                    "http://www.htc.com/us/support/droid-eris-verizon/downloads/",
                    "http://www.htc.com/us/support/droid-incredible-verizon/downloads/",
                    "http://www.htc.com/us/support/evo-sprint/downloads",
                    "http://www.htc.com/us/support/hero-sprint/downloads/",
                    "http://www.htc.com/us/support/t-mobile-mytouch-4g/downloads/",
                    "http://www.htc.com/us/support/thunderbolt-verizon/downloads/",
                    "http://www.lg.com/us/support/mc-support/mobile-phone-support.jsp",
                    "http://www.samsung.com/us/support/downloads/SCH-I400ZKAVZW",
                    "http://www.samsung.com/us/support/downloads/SCH-I500",
                    "http://www.samsung.com/us/support/downloads/SEG-I897ZKAATT",
                    "http://www.samsung.com/us/support/downloads/SGH-T959ZKDTMB",
                    "http://www.samsung.com/us/support/downloads/SPH-D700ZKASPR",
                    "http://www.samsung.com/us/support/downloads/SPH-M910ZKASPR",
                    "http://www.samsung.com/us/support/downloads/SPH-P100ZKASPR",
                    "http://www.technipages.com/kindle-fire-enable-usb-debugging.html",
                    "https://data.flurry.com/aar.do"
                ]
            },
            "magic": "Zip archive data, at least v2.0 to extract",
            "last_analysis_stats": {
                "harmless": 0,
                "type-unsupported": 11,
                "suspicious": 0,
                "confirmed-timeout": 0,
                "timeout": 0,
                "failure": 0,
                "malicious": 17,
                "undetected": 46
            },
            "meaningful_name": "com.jiepingrj.lgk_2.apk",
            "reputation": 0
        },
        "type": "file",
        "id": "0026adec3cc9b96dd89d1fb3f5c48598bbc32225df62d8027d817291116d5864",
        "links": {
            "self": "https://www.virustotal.com/api/v3/files/0026adec3cc9b96dd89d1fb3f5c48598bbc32225df62d8027d817291116d5864"
        }
    }
}