{
    "data": {
        "attributes": {
            "type_description": "Android",
            "tlsh": "T1B205F166B76CE839E5A7E036B539427A9E309CC46112F72B360DB1181BFFB848748DC5",
            "vhash": "fe8a43123d1daf9842385737b19ae64b",
            "trid": [
                {
                    "file_type": "Android Package",
                    "probability": 60.1
                },
                {
                    "file_type": "Java Archive",
                    "probability": 21.0
                },
                {
                    "file_type": "Mozilla Archive Format (gen)",
                    "probability": 10.9
                },
                {
                    "file_type": "ZIP compressed archive",
                    "probability": 6.2
                },
                {
                    "file_type": "PrintFox/Pagefox bitmap (640x800)",
                    "probability": 1.5
                }
            ],
            "names": [
                "012920",
                "VirusShare_d078d872e145ab842e6931874955bade",
                "myfile.exe",
                "20130607_150308_1677a81346738eec.attach",
                "Wifi",
                "Wifi%E4%B8%87%E8%83%BD%E9%92%A5%E5%8C%99%E7%AE%B11.6.8.apk",
                "95290d9e7f9e7760c0f5c91e625d57151b5bc8a2.zip",
                "ae2ca105c881e19e42f435a5884c82aa25d51e0b",
                "002841b219c80c4cce0a33c5a62899c9c064264e2dfac01ccbf117258b59731d-1373814000000",
                "002841b219c80c4cce0a33c5a62899c9c064264e2dfac01ccbf117258b59731d-1381762800000",
                "zn0_JR0J.gz"
            ],
            "last_modification_date": 1657085789,
            "type_tag": "android",
            "times_submitted": 12,
            "total_votes": {
                "harmless": 0,
                "malicious": 0
            },
            "size": 845047,
            "popular_threat_classification": {
                "suggested_threat_label": "adware.fengvi",
                "popular_threat_category": [
                    {
                        "count": 4,
                        "value": "adware"
                    }
                ],
                "popular_threat_name": [
                    {
                        "count": 3,
                        "value": "fengvi"
                    }
                ]
            },
            "last_submission_date": 1644099553,
            "last_analysis_results": {
                "Bkav": {
                    "category": "undetected",
                    "engine_name": "Bkav",
                    "engine_version": "1.3.0.9899",
                    "result": null,
                    "method": "blacklist",
                    "engine_update": "20220128"
                },
                "Lionic": {
                    "category": "malicious",
                    "engine_name": "Lionic",
                    "engine_version": "4.2",
                    "result": "Trojan.AndroidOS.Generic.C!c",
                    "method": "blacklist",
                    "engine_update": "20220206"
                },
                "Elastic": {
                    "category": "type-unsupported",
                    "engine_name": "Elastic",
                    "engine_version": "4.0.32",
                    "result": null,
                    "method": "blacklist",
                    "engine_update": "20211223"
                },
                "ClamAV": {
                    "category": "undetected",
                    "engine_name": "ClamAV",
                    "engine_version": "0.104.2.0",
                    "result": null,
                    "method": "blacklist",
                    "engine_update": "20220206"
                },
                "CMC": {
                    "category": "undetected",
                    "engine_name": "CMC",
                    "engine_version": "2.10.2019.1",
                    "result": null,
                    "method": "blacklist",
                    "engine_update": "20211026"
                },
                "CAT-QuickHeal": {
                    "category": "malicious",
                    "engine_name": "CAT-QuickHeal",
                    "engine_version": "14.00",
                    "result": "Android.Mobile7.A (AdWare)",
                    "method": "blacklist",
                    "engine_update": "20220206"
                },
                "McAfee": {
                    "category": "malicious",
                    "engine_name": "McAfee",
                    "engine_version": "6.0.6.653",
                    "result": "Artemis!D078D872E145",
                    "method": "blacklist",
                    "engine_update": "20220206"
                },
                "Malwarebytes": {
                    "category": "undetected",
                    "engine_name": "Malwarebytes",
                    "engine_version": "4.2.2.27",
                    "result": null,
                    "method": "blacklist",
                    "engine_update": "20220206"
                },
                "Zillya": {
                    "category": "undetected",
                    "engine_name": "Zillya",
                    "engine_version": "2.0.0.4564",
                    "result": null,
                    "method": "blacklist",
                    "engine_update": "20220204"
                },
                "Sangfor": {
                    "category": "undetected",
                    "engine_name": "Sangfor",
                    "engine_version": "2.9.0.0",
                    "result": null,
                    "method": "blacklist",
                    "engine_update": "20211224"
                },
                "Trustlook": {
                    "category": "malicious",
                    "engine_name": "Trustlook",
                    "engine_version": "1.0",
                    "result": "Android.PUA.Adware",
                    "method": "blacklist",
                    "engine_update": "20220206"
                },
                "Alibaba": {
                    "category": "undetected",
                    "engine_name": "Alibaba",
                    "engine_version": "0.3.0.5",
                    "result": null,
                    "method": "blacklist",
                    "engine_update": "20190527"
                },
                "K7GW": {
                    "category": "malicious",
                    "engine_name": "K7GW",
                    "engine_version": "11.245.40712",
                    "result": "Adware ( 0052bf361 )",
                    "method": "blacklist",
                    "engine_update": "20220206"
                },
                "K7AntiVirus": {
                    "category": "undetected",
                    "engine_name": "K7AntiVirus",
                    "engine_version": "11.245.40712",
                    "result": null,
                    "method": "blacklist",
                    "engine_update": "20220206"
                },
                "Baidu": {
                    "category": "undetected",
                    "engine_name": "Baidu",
                    "engine_version": "1.0.0.2",
                    "result": null,
                    "method": "blacklist",
                    "engine_update": "20190318"
                },
                "VirIT": {
                    "category": "undetected",
                    "engine_name": "VirIT",
                    "engine_version": "9.5.127",
                    "result": null,
                    "method": "blacklist",
                    "engine_update": "20220204"
                },
                "Cyren": {
                    "category": "undetected",
                    "engine_name": "Cyren",
                    "engine_version": "6.5.1.2",
                    "result": null,
                    "method": "blacklist",
                    "engine_update": "20220206"
                },
                "SymantecMobileInsight": {
                    "category": "undetected",
                    "engine_name": "SymantecMobileInsight",
                    "engine_version": "2.0",
                    "result": null,
                    "method": "blacklist",
                    "engine_update": "20220203"
                },
                "Symantec": {
                    "category": "undetected",
                    "engine_name": "Symantec",
                    "engine_version": "1.16.0.0",
                    "result": null,
                    "method": "blacklist",
                    "engine_update": "20220206"
                },
                "ESET-NOD32": {
                    "category": "malicious",
                    "engine_name": "ESET-NOD32",
                    "engine_version": "24743",
                    "result": "a variant of Android/AdDisplay.Fengvi.C potentially unwanted",
                    "method": "blacklist",
                    "engine_update": "20220206"
                },
                "APEX": {
                    "category": "type-unsupported",
                    "engine_name": "APEX",
                    "engine_version": "6.257",
                    "result": null,
                    "method": "blacklist",
                    "engine_update": "20220204"
                },
                "TrendMicro-HouseCall": {
                    "category": "undetected",
                    "engine_name": "TrendMicro-HouseCall",
                    "engine_version": "10.0.0.1040",
                    "result": null,
                    "method": "blacklist",
                    "engine_update": "20220206"
                },
                "Avast": {
                    "category": "undetected",
                    "engine_name": "Avast",
                    "engine_version": "21.1.5827.0",
                    "result": null,
                    "method": "blacklist",
                    "engine_update": "20220206"
                },
                "Cynet": {
                    "category": "malicious",
                    "engine_name": "Cynet",
                    "engine_version": "4.0.0.27",
                    "result": "Malicious (score: 99)",
                    "method": "blacklist",
                    "engine_update": "20220206"
                },
                "Kaspersky": {
                    "category": "undetected",
                    "engine_name": "Kaspersky",
                    "engine_version": "21.0.1.45",
                    "result": null,
                    "method": "blacklist",
                    "engine_update": "20220206"
                },
                "BitDefender": {
                    "category": "undetected",
                    "engine_name": "BitDefender",
                    "engine_version": "7.2",
                    "result": null,
                    "method": "blacklist",
                    "engine_update": "20220206"
                },
                "NANO-Antivirus": {
                    "category": "undetected",
                    "engine_name": "NANO-Antivirus",
                    "engine_version": "1.0.146.25561",
                    "result": null,
                    "method": "blacklist",
                    "engine_update": "20220206"
                },
                "SUPERAntiSpyware": {
                    "category": "undetected",
                    "engine_name": "SUPERAntiSpyware",
                    "engine_version": "5.6.0.1032",
                    "result": null,
                    "method": "blacklist",
                    "engine_update": "20220205"
                },
                "MicroWorld-eScan": {
                    "category": "undetected",
                    "engine_name": "MicroWorld-eScan",
                    "engine_version": "14.0.409.0",
                    "result": null,
                    "method": "blacklist",
                    "engine_update": "20220206"
                },
                "Tencent": {
                    "category": "malicious",
                    "engine_name": "Tencent",
                    "engine_version": "1.0.0.1",
                    "result": "a.gray.GenericBludger",
                    "method": "blacklist",
                    "engine_update": "20220206"
                },
                "Emsisoft": {
                    "category": "failure",
                    "engine_name": "Emsisoft",
                    "engine_version": "2021.5.0.7597",
                    "result": null,
                    "method": "blacklist",
                    "engine_update": "20220206"
                },
                "Comodo": {
                    "category": "undetected",
                    "engine_name": "Comodo",
                    "engine_version": "34329",
                    "result": null,
                    "method": "blacklist",
                    "engine_update": "20220206"
                },
                "F-Secure": {
                    "category": "undetected",
                    "engine_name": "F-Secure",
                    "engine_version": "12.0.86.52",
                    "result": null,
                    "method": "blacklist",
                    "engine_update": "20220206"
                },
                "DrWeb": {
                    "category": "undetected",
                    "engine_name": "DrWeb",
                    "engine_version": "7.0.52.8270",
                    "result": null,
                    "method": "blacklist",
                    "engine_update": "20220206"
                },
                "VIPRE": {
                    "category": "undetected",
                    "engine_name": "VIPRE",
                    "engine_version": "98492",
                    "result": null,
                    "method": "blacklist",
                    "engine_update": "20220119"
                },
                "TrendMicro": {
                    "category": "undetected",
                    "engine_name": "TrendMicro",
                    "engine_version": "11.0.0.1006",
                    "result": null,
                    "method": "blacklist",
                    "engine_update": "20220206"
                },
                "McAfee-GW-Edition": {
                    "category": "failure",
                    "engine_name": "McAfee-GW-Edition",
                    "engine_version": null,
                    "result": null,
                    "method": "blacklist",
                    "engine_update": "20220206"
                },
                "FireEye": {
                    "category": "undetected",
                    "engine_name": "FireEye",
                    "engine_version": "32.44.1.0",
                    "result": null,
                    "method": "blacklist",
                    "engine_update": "20220206"
                },
                "Sophos": {
                    "category": "timeout",
                    "engine_name": "Sophos",
                    "engine_version": "1.4.1.0",
                    "result": null,
                    "method": "blacklist",
                    "engine_update": "20220206"
                },
                "Paloalto": {
                    "category": "type-unsupported",
                    "engine_name": "Paloalto",
                    "engine_version": "1.0",
                    "result": null,
                    "method": "blacklist",
                    "engine_update": "20220206"
                },
                "Avast-Mobile": {
                    "category": "undetected",
                    "engine_name": "Avast-Mobile",
                    "engine_version": "220206-02",
                    "result": null,
                    "method": "blacklist",
                    "engine_update": "20220206"
                },
                "Jiangmin": {
                    "category": "undetected",
                    "engine_name": "Jiangmin",
                    "engine_version": "16.0.100",
                    "result": null,
                    "method": "blacklist",
                    "engine_update": "20220205"
                },
                "Webroot": {
                    "category": "type-unsupported",
                    "engine_name": "Webroot",
                    "engine_version": "1.0.0.403",
                    "result": null,
                    "method": "blacklist",
                    "engine_update": "20220206"
                },
                "Avira": {
                    "category": "malicious",
                    "engine_name": "Avira",
                    "engine_version": "8.3.3.12",
                    "result": "ADWARE/ANDR.Fengvi.B.Gen",
                    "method": "blacklist",
                    "engine_update": "20220206"
                },
                "eGambit": {
                    "category": "type-unsupported",
                    "engine_name": "eGambit",
                    "engine_version": null,
                    "result": null,
                    "method": "blacklist",
                    "engine_update": "20220206"
                },
                "MAX": {
                    "category": "malicious",
                    "engine_name": "MAX",
                    "engine_version": "2019.9.16.1",
                    "result": "malware (ai score=98)",
                    "method": "blacklist",
                    "engine_update": "20220206"
                },
                "Antiy-AVL": {
                    "category": "undetected",
                    "engine_name": "Antiy-AVL",
                    "engine_version": "3.0.0.1",
                    "result": null,
                    "method": "blacklist",
                    "engine_update": "20220206"
                },
                "Kingsoft": {
                    "category": "undetected",
                    "engine_name": "Kingsoft",
                    "engine_version": "2017.9.26.565",
                    "result": null,
                    "method": "blacklist",
                    "engine_update": "20220206"
                },
                "Gridinsoft": {
                    "category": "undetected",
                    "engine_name": "Gridinsoft",
                    "engine_version": "1.0.72.174",
                    "result": null,
                    "method": "blacklist",
                    "engine_update": "20220206"
                },
                "Microsoft": {
                    "category": "malicious",
                    "engine_name": "Microsoft",
                    "engine_version": "1.1.18900.2",
                    "result": "Program:AndroidOS/Multiverze",
                    "method": "blacklist",
                    "engine_update": "20220206"
                },
                "ViRobot": {
                    "category": "undetected",
                    "engine_name": "ViRobot",
                    "engine_version": "2014.3.20.0",
                    "result": null,
                    "method": "blacklist",
                    "engine_update": "20220206"
                },
                "ZoneAlarm": {
                    "category": "failure",
                    "engine_name": "ZoneAlarm",
                    "engine_version": "1.0",
                    "result": null,
                    "method": "blacklist",
                    "engine_update": "20220206"
                },
                "GData": {
                    "category": "undetected",
                    "engine_name": "GData",
                    "engine_version": "A:25.32243B:27.26246",
                    "result": null,
                    "method": "blacklist",
                    "engine_update": "20220206"
                },
                "SentinelOne": {
                    "category": "type-unsupported",
                    "engine_name": "SentinelOne",
                    "engine_version": "7.2.0.1",
                    "result": null,
                    "method": "blacklist",
                    "engine_update": "20220201"
                },
                "BitDefenderFalx": {
                    "category": "undetected",
                    "engine_name": "BitDefenderFalx",
                    "engine_version": "2.0.936",
                    "result": null,
                    "method": "blacklist",
                    "engine_update": "20220103"
                },
                "AhnLab-V3": {
                    "category": "malicious",
                    "engine_name": "AhnLab-V3",
                    "engine_version": "3.21.2.10258",
                    "result": "PUP/Android.Jedan.19893",
                    "method": "blacklist",
                    "engine_update": "20220206"
                },
                "BitDefenderTheta": {
                    "category": "undetected",
                    "engine_name": "BitDefenderTheta",
                    "engine_version": "7.2.37796.0",
                    "result": null,
                    "method": "blacklist",
                    "engine_update": "20220125"
                },
                "ALYac": {
                    "category": "undetected",
                    "engine_name": "ALYac",
                    "engine_version": "1.1.3.1",
                    "result": null,
                    "method": "blacklist",
                    "engine_update": "20220206"
                },
                "TACHYON": {
                    "category": "undetected",
                    "engine_name": "TACHYON",
                    "engine_version": "2022-02-06.02",
                    "result": null,
                    "method": "blacklist",
                    "engine_update": "20220206"
                },
                "VBA32": {
                    "category": "undetected",
                    "engine_name": "VBA32",
                    "engine_version": "5.0.0",
                    "result": null,
                    "method": "blacklist",
                    "engine_update": "20220204"
                },
                "Zoner": {
                    "category": "undetected",
                    "engine_name": "Zoner",
                    "engine_version": "2.2.2.0",
                    "result": null,
                    "method": "blacklist",
                    "engine_update": "20220205"
                },
                "Rising": {
                    "category": "undetected",
                    "engine_name": "Rising",
                    "engine_version": "25.0.0.27",
                    "result": null,
                    "method": "blacklist",
                    "engine_update": "20220206"
                },
                "Yandex": {
                    "category": "undetected",
                    "engine_name": "Yandex",
                    "engine_version": "5.5.2.24",
                    "result": null,
                    "method": "blacklist",
                    "engine_update": "20220206"
                },
                "Ikarus": {
                    "category": "malicious",
                    "engine_name": "Ikarus",
                    "engine_version": "0.1.5.2",
                    "result": "PUA.AndroidOS.Fengvi",
                    "method": "blacklist",
                    "engine_update": "20220206"
                },
                "MaxSecure": {
                    "category": "undetected",
                    "engine_name": "MaxSecure",
                    "engine_version": "1.0.0.1",
                    "result": null,
                    "method": "blacklist",
                    "engine_update": "20220205"
                },
                "Fortinet": {
                    "category": "malicious",
                    "engine_name": "Fortinet",
                    "engine_version": "6.2.142.0",
                    "result": "Riskware/Generic.Z.2ED122!Android",
                    "method": "blacklist",
                    "engine_update": "20220206"
                },
                "Cybereason": {
                    "category": "type-unsupported",
                    "engine_name": "Cybereason",
                    "engine_version": "1.2.449",
                    "result": null,
                    "method": "blacklist",
                    "engine_update": "20210330"
                },
                "Panda": {
                    "category": "undetected",
                    "engine_name": "Panda",
                    "engine_version": "4.6.4.2",
                    "result": null,
                    "method": "blacklist",
                    "engine_update": "20220206"
                },
                "CrowdStrike": {
                    "category": "type-unsupported",
                    "engine_name": "CrowdStrike",
                    "engine_version": "1.0",
                    "result": null,
                    "method": "blacklist",
                    "engine_update": "20210907"
                }
            },
            "sha256": "002841b219c80c4cce0a33c5a62899c9c064264e2dfac01ccbf117258b59731d",
            "type_extension": "apk",
            "tags": [
                "apk",
                "android",
                "reflection",
                "telephony"
            ],
            "last_analysis_date": 1644172502,
            "unique_sources": 9,
            "first_submission_date": 1392250157,
            "sha1": "95290d9e7f9e7760c0f5c91e625d57151b5bc8a2",
            "ssdeep": "24576:FnoXkGpzOzrYYewGJIXjEq4+rLJOjC7mTLdDPN:FoJKneJIz++sjemXdDV",
            "bundle_info": {
                "highest_datetime": "2013-06-07 14:30:16",
                "lowest_datetime": "2013-02-17 16:20:10",
                "num_children": 240,
                "extensions": {
                    "xml": 141,
                    "dex": 1,
                    "MF": 1,
                    "RSA": 1,
                    "jpg": 2,
                    "SF": 1,
                    "png": 91
                },
                "file_types": {
                    "XML": 141,
                    "DEX": 1,
                    "unknown": 4,
                    "JPG": 3,
                    "Java Bytecode": 1,
                    "PNG": 90
                },
                "type": "APK",
                "uncompressed_size": 1412609
            },
            "md5": "d078d872e145ab842e6931874955bade",
            "androguard": {
                "VTAndroidInfo": 2.0,
                "Libraries": [
                    "android.test.runner"
                ],
                "AndroidApplicationError": false,
                "MinSdkVersion": "8",
                "AndroguardVersion": "3.4.0a1",
                "Activities": [
                    "cn.dongdong.wifi.SplashActivity",
                    "cn.dongdong.wifi.WifiDetailActivity",
                    "cn.dongdong.wifi.FastWifiActivity",
                    "com.feedback.ui.SendFeedback",
                    "com.feedback.ui.FeedbackConversations",
                    "com.feedback.ui.FeedbackConversation",
                    "com.umeng.fb.ui.SendFeedback",
                    "com.umeng.fb.ui.FeedbackConversations",
                    "com.umeng.fb.ui.FeedbackConversation",
                    "com.phone.vip.adlist.GEList",
                    "com.mobile.app.adpush.GELaunchNotify"
                ],
                "certificate": {
                    "Subject": {
                        "DN": "C:86, CN:Yuan, L:bj, O:cn, ST:cn, OU:cn",
                        "C": "86",
                        "CN": "Yuan",
                        "L": "bj",
                        "O": "cn",
                        "ST": "cn",
                        "OU": "cn"
                    },
                    "validto": "2037-01-16 04:05:57",
                    "serialnumber": "4f1cdca5",
                    "thumbprint": "8ae56ff8f366746a1e3c33e356200e33e2668f56",
                    "validfrom": "2012-01-23 04:05:57",
                    "Issuer": {
                        "DN": "C:86, CN:Yuan, L:bj, O:cn, ST:cn, OU:cn",
                        "C": "86",
                        "CN": "Yuan",
                        "L": "bj",
                        "O": "cn",
                        "ST": "cn",
                        "OU": "cn"
                    }
                },
                "AndroidApplication": 1,
                "RiskIndicator": {
                    "APK": {
                        "DEX": 1
                    },
                    "PERM": {
                        "DANGEROUS": 4,
                        "PRIVACY": 1,
                        "INTERNET": 1,
                        "NORMAL": 2
                    }
                },
                "Services": [
                    "com.umeng.common.net.DownloadingService",
                    "com.mumayisdk.service.DownService"
                ],
                "AndroidVersionCode": "2",
                "main_activity": "cn.dongdong.wifi.SplashActivity",
                "Package": "cn.dongdong.wifi",
                "intent_filters": {
                    "Activities": {
                        "cn.dongdong.wifi.SplashActivity": {
                            "action": [
                                "android.intent.action.MAIN"
                            ],
                            "category": [
                                "android.intent.category.LAUNCHER"
                            ]
                        }
                    }
                },
                "AndroidVersionName": "1.6.8",
                "TargetSdkVersion": "16",
                "AndroidApplicationInfo": "APK",
                "permission_details": {
                    "android.permission.CHANGE_NETWORK_STATE": {
                        "short_description": "change network connectivity",
                        "full_description": "Allows the app to change the state of network connectivity.",
                        "permission_type": "dangerous"
                    },
                    "android.permission.INTERNET": {
                        "short_description": "full network access",
                        "full_description": "Allows the app to create\n     network sockets and use custom network protocols. The browser and other\n     applications provide means to send data to the internet, so this\n     permission is not required to send data to the internet.",
                        "permission_type": "dangerous"
                    },
                    "android.permission.ACCESS_WIFI_STATE": {
                        "short_description": "view Wi-Fi connections",
                        "full_description": "Allows the app to view information\n      about Wi-Fi networking, such as whether Wi-Fi is enabled and name of\n      connected Wi-Fi devices.",
                        "permission_type": "normal"
                    },
                    "android.permission.GET_TASKS": {
                        "short_description": "retrieve running apps",
                        "full_description": "Allows the app to retrieve information\n       about currently and recently running tasks.  This may allow the app to\n       discover information about which applications are used on the device.",
                        "permission_type": "dangerous"
                    },
                    "android.permission.CHANGE_WIFI_STATE": {
                        "short_description": "connect and disconnect from Wi-Fi",
                        "full_description": "Allows the app to connect to and\n      disconnect from Wi-Fi access points and to make changes to device\n      configuration for Wi-Fi networks.",
                        "permission_type": "dangerous"
                    },
                    "android.permission.ACCESS_NETWORK_STATE": {
                        "short_description": "view network connections",
                        "full_description": "Allows the app to view\n      information about network connections such as which networks exist and are\n      connected.",
                        "permission_type": "normal"
                    },
                    "android.permission.READ_PHONE_STATE": {
                        "short_description": "read phone status and identity",
                        "full_description": "Allows the app to access the phone\n      features of the device.  This permission allows the app to determine the\n      phone number and device IDs, whether a call is active, and the remote number\n      connected by a call.",
                        "permission_type": "dangerous"
                    },
                    "android.permission.WRITE_EXTERNAL_STORAGE": {
                        "short_description": "modify or delete the contents of your SD card",
                        "full_description": "Allows the app to write to the SD card.",
                        "permission_type": "dangerous"
                    }
                },
                "StringsInformation": [
                    "http://alog.umeng.co/app_logs",
                    "http://alog.umeng.com/app_logs",
                    "http://apk.mumayi.com",
                    "http://apka.mumayi.com",
                    "http://apkb.mumayi.com",
                    "http://apkc.mumayi.com",
                    "http://apkd.mumayi.com",
                    "http://apke.mumayi.com",
                    "http://au.umeng.co/api/check_app_update",
                    "http://au.umeng.com/api/check_app_update",
                    "http://developer.android.com",
                    "http://down.mumayi.com/",
                    "http://eggserver.mobile7.cn/v4/",
                    "http://eggserver.mobile7.cn/v4/token.php",
                    "http://eggserver.mobile7.cn/vtest/",
                    "http://ex.mobmore.com",
                    "http://ex.mobmore.com/api/q?",
                    "http://ex.mobmore.com/api/r?",
                    "http://ex.mobmore.com/api/wap?",
                    "http://ex.mobmore.com/api/wap?sdk_version=",
                    "http://ex.puata.info",
                    "http://ex.puata.info/api/q?",
                    "http://ex.puata.info/api/r?",
                    "http://ex.umengcloud.com",
                    "http://ex.umengcloud.com/api/q?",
                    "http://ex.umengcloud.com/api/r?",
                    "http://feedback.whalecloud.com/feedback",
                    "http://feedback.whalecloud.com/feedback/feedbacks",
                    "http://feedback.whalecloud.com/feedback/reply",
                    "http://oc.umeng.co/check_config_update",
                    "http://oc.umeng.com/check_config_update",
                    "http://www.umeng.co/api/check_app_update",
                    "http://www.umeng.co/app_logs",
                    "http://www.umeng.co/check_config_update",
                    "http://www.umeng.com/api/check_app_update",
                    "http://www.umeng.com/app_logs",
                    "http://www.umeng.com/check_config_update",
                    "http://xmlso.mumayi.com/md5.php"
                ]
            },
            "magic": "Zip archive data, at least v2.0 to extract",
            "last_analysis_stats": {
                "harmless": 0,
                "type-unsupported": 8,
                "suspicious": 0,
                "confirmed-timeout": 0,
                "timeout": 1,
                "failure": 3,
                "malicious": 14,
                "undetected": 43
            },
            "meaningful_name": "012920",
            "reputation": 0
        },
        "type": "file",
        "id": "002841b219c80c4cce0a33c5a62899c9c064264e2dfac01ccbf117258b59731d",
        "links": {
            "self": "https://www.virustotal.com/api/v3/files/002841b219c80c4cce0a33c5a62899c9c064264e2dfac01ccbf117258b59731d"
        }
    }
}