{
    "data": {
        "attributes": {
            "type_description": "Android",
            "tlsh": "T1859423D246797638CD154371F7B9A95AB8E0878E456BC8DA032E83ADD897E01FA47F00",
            "vhash": "aaf7732ebf9fc6dbef0bfe341992a009",
            "trid": [
                {
                    "file_type": "Android Package",
                    "probability": 67.5
                },
                {
                    "file_type": "Java Archive",
                    "probability": 23.6
                },
                {
                    "file_type": "ZIP compressed archive",
                    "probability": 7.0
                },
                {
                    "file_type": "PrintFox/Pagefox bitmap (640x800)",
                    "probability": 1.7
                }
            ],
            "names": [
                "VirusShare_d817a089815f2a119800c364b8907ff5",
                "d817a089815f2a119800c364b8907ff5.virus"
            ],
            "last_modification_date": 1657747082,
            "type_tag": "android",
            "times_submitted": 2,
            "total_votes": {
                "harmless": 0,
                "malicious": 0
            },
            "size": 442485,
            "popular_threat_classification": {
                "suggested_threat_label": "trojan.wroba/artemis",
                "popular_threat_category": [
                    {
                        "count": 13,
                        "value": "trojan"
                    },
                    {
                        "count": 7,
                        "value": "dropper"
                    },
                    {
                        "count": 4,
                        "value": "banker"
                    }
                ],
                "popular_threat_name": [
                    {
                        "count": 7,
                        "value": "wroba"
                    },
                    {
                        "count": 2,
                        "value": "artemis"
                    }
                ]
            },
            "last_submission_date": 1649263547,
            "last_analysis_results": {
                "Bkav": {
                    "category": "undetected",
                    "engine_name": "Bkav",
                    "engine_version": "1.3.0.9899",
                    "result": null,
                    "method": "blacklist",
                    "engine_update": "20220404"
                },
                "Lionic": {
                    "category": "malicious",
                    "engine_name": "Lionic",
                    "engine_version": "7.5",
                    "result": "Trojan.AndroidOS.Wroba.C!c",
                    "method": "blacklist",
                    "engine_update": "20220406"
                },
                "Elastic": {
                    "category": "type-unsupported",
                    "engine_name": "Elastic",
                    "engine_version": "4.0.35",
                    "result": null,
                    "method": "blacklist",
                    "engine_update": "20220302"
                },
                "DrWeb": {
                    "category": "malicious",
                    "engine_name": "DrWeb",
                    "engine_version": "7.0.54.3080",
                    "result": "Android.Banker.351.origin",
                    "method": "blacklist",
                    "engine_update": "20220406"
                },
                "MicroWorld-eScan": {
                    "category": "undetected",
                    "engine_name": "MicroWorld-eScan",
                    "engine_version": "14.0.409.0",
                    "result": null,
                    "method": "blacklist",
                    "engine_update": "20220406"
                },
                "FireEye": {
                    "category": "undetected",
                    "engine_name": "FireEye",
                    "engine_version": "32.44.1.0",
                    "result": null,
                    "method": "blacklist",
                    "engine_update": "20220406"
                },
                "CAT-QuickHeal": {
                    "category": "malicious",
                    "engine_name": "CAT-QuickHeal",
                    "engine_version": "14.00",
                    "result": "Android.Wroba.ZF",
                    "method": "blacklist",
                    "engine_update": "20220406"
                },
                "ALYac": {
                    "category": "undetected",
                    "engine_name": "ALYac",
                    "engine_version": "1.1.3.1",
                    "result": null,
                    "method": "blacklist",
                    "engine_update": "20220405"
                },
                "Malwarebytes": {
                    "category": "undetected",
                    "engine_name": "Malwarebytes",
                    "engine_version": "4.2.2.27",
                    "result": null,
                    "method": "blacklist",
                    "engine_update": "20220406"
                },
                "Sangfor": {
                    "category": "malicious",
                    "engine_name": "Sangfor",
                    "engine_version": "2.9.0.0",
                    "result": "Malware.Android-Script.Save.a3c2d93e",
                    "method": "blacklist",
                    "engine_update": "20220401"
                },
                "Trustlook": {
                    "category": "malicious",
                    "engine_name": "Trustlook",
                    "engine_version": "1.0",
                    "result": "Android.Malware.Trojan",
                    "method": "blacklist",
                    "engine_update": "20220406"
                },
                "Alibaba": {
                    "category": "malicious",
                    "engine_name": "Alibaba",
                    "engine_version": "0.3.0.5",
                    "result": "TrojanDropper:Android/Wroba.f81a83b7",
                    "method": "blacklist",
                    "engine_update": "20190527"
                },
                "K7GW": {
                    "category": "malicious",
                    "engine_name": "K7GW",
                    "engine_version": "12.4.41698",
                    "result": "Trojan ( 0055ece51 )",
                    "method": "blacklist",
                    "engine_update": "20220406"
                },
                "K7AntiVirus": {
                    "category": "undetected",
                    "engine_name": "K7AntiVirus",
                    "engine_version": "12.4.41694",
                    "result": null,
                    "method": "blacklist",
                    "engine_update": "20220406"
                },
                "BitDefenderTheta": {
                    "category": "undetected",
                    "engine_name": "BitDefenderTheta",
                    "engine_version": "7.2.37796.0",
                    "result": null,
                    "method": "blacklist",
                    "engine_update": "20220404"
                },
                "VirIT": {
                    "category": "malicious",
                    "engine_name": "VirIT",
                    "engine_version": "9.5.169",
                    "result": "Android.Trj.Banker.NN",
                    "method": "blacklist",
                    "engine_update": "20220406"
                },
                "Cyren": {
                    "category": "undetected",
                    "engine_name": "Cyren",
                    "engine_version": "6.5.1.2",
                    "result": null,
                    "method": "blacklist",
                    "engine_update": "20220406"
                },
                "SymantecMobileInsight": {
                    "category": "malicious",
                    "engine_name": "SymantecMobileInsight",
                    "engine_version": "2.0",
                    "result": "AppRisk:Generisk",
                    "method": "blacklist",
                    "engine_update": "20220208"
                },
                "Symantec": {
                    "category": "malicious",
                    "engine_name": "Symantec",
                    "engine_version": "1.17.0.0",
                    "result": "Trojan.Gen.MBT",
                    "method": "blacklist",
                    "engine_update": "20220406"
                },
                "tehtris": {
                    "category": "type-unsupported",
                    "engine_name": "tehtris",
                    "engine_version": "v0.0.7",
                    "result": null,
                    "method": "blacklist",
                    "engine_update": "20220406"
                },
                "ESET-NOD32": {
                    "category": "malicious",
                    "engine_name": "ESET-NOD32",
                    "engine_version": "25063",
                    "result": "a variant of Android/TrojanDropper.Agent.DEG",
                    "method": "blacklist",
                    "engine_update": "20220406"
                },
                "APEX": {
                    "category": "type-unsupported",
                    "engine_name": "APEX",
                    "engine_version": "6.278",
                    "result": null,
                    "method": "blacklist",
                    "engine_update": "20220404"
                },
                "TrendMicro-HouseCall": {
                    "category": "undetected",
                    "engine_name": "TrendMicro-HouseCall",
                    "engine_version": "10.0.0.1040",
                    "result": null,
                    "method": "blacklist",
                    "engine_update": "20220406"
                },
                "Avast": {
                    "category": "malicious",
                    "engine_name": "Avast",
                    "engine_version": "21.1.5827.0",
                    "result": "Android:Agent-SFX [Trj]",
                    "method": "blacklist",
                    "engine_update": "20220406"
                },
                "ClamAV": {
                    "category": "undetected",
                    "engine_name": "ClamAV",
                    "engine_version": "0.104.2.0",
                    "result": null,
                    "method": "blacklist",
                    "engine_update": "20220406"
                },
                "Kaspersky": {
                    "category": "malicious",
                    "engine_name": "Kaspersky",
                    "engine_version": "21.0.1.45",
                    "result": "HEUR:Trojan-Dropper.AndroidOS.Wroba.g",
                    "method": "blacklist",
                    "engine_update": "20220406"
                },
                "BitDefender": {
                    "category": "undetected",
                    "engine_name": "BitDefender",
                    "engine_version": "7.2",
                    "result": null,
                    "method": "blacklist",
                    "engine_update": "20220406"
                },
                "NANO-Antivirus": {
                    "category": "malicious",
                    "engine_name": "NANO-Antivirus",
                    "engine_version": "1.0.146.25576",
                    "result": "Trojan.Android.Banker.ggxekp",
                    "method": "blacklist",
                    "engine_update": "20220406"
                },
                "SUPERAntiSpyware": {
                    "category": "undetected",
                    "engine_name": "SUPERAntiSpyware",
                    "engine_version": "5.6.0.1032",
                    "result": null,
                    "method": "blacklist",
                    "engine_update": "20220402"
                },
                "Rising": {
                    "category": "undetected",
                    "engine_name": "Rising",
                    "engine_version": "25.0.0.27",
                    "result": null,
                    "method": "blacklist",
                    "engine_update": "20220406"
                },
                "Ad-Aware": {
                    "category": "undetected",
                    "engine_name": "Ad-Aware",
                    "engine_version": "3.0.21.193",
                    "result": null,
                    "method": "blacklist",
                    "engine_update": "20220406"
                },
                "TACHYON": {
                    "category": "undetected",
                    "engine_name": "TACHYON",
                    "engine_version": "2022-04-06.02",
                    "result": null,
                    "method": "blacklist",
                    "engine_update": "20220406"
                },
                "Sophos": {
                    "category": "malicious",
                    "engine_name": "Sophos",
                    "engine_version": "1.4.1.0",
                    "result": "Andr/Xgen2-SC",
                    "method": "blacklist",
                    "engine_update": "20220406"
                },
                "Comodo": {
                    "category": "malicious",
                    "engine_name": "Comodo",
                    "engine_version": "34506",
                    "result": "Malware@#2xsyt0z47obm1",
                    "method": "blacklist",
                    "engine_update": "20220406"
                },
                "F-Secure": {
                    "category": "malicious",
                    "engine_name": "F-Secure",
                    "engine_version": "12.0.86.52",
                    "result": "Malware.ANDROID/Wroba.FKOS.Gen",
                    "method": "blacklist",
                    "engine_update": "20220406"
                },
                "Baidu": {
                    "category": "undetected",
                    "engine_name": "Baidu",
                    "engine_version": "1.0.0.2",
                    "result": null,
                    "method": "blacklist",
                    "engine_update": "20190318"
                },
                "Zillya": {
                    "category": "malicious",
                    "engine_name": "Zillya",
                    "engine_version": "2.0.0.4606",
                    "result": "Dropper.Agent.Android.76295",
                    "method": "blacklist",
                    "engine_update": "20220406"
                },
                "TrendMicro": {
                    "category": "undetected",
                    "engine_name": "TrendMicro",
                    "engine_version": "11.0.0.1006",
                    "result": null,
                    "method": "blacklist",
                    "engine_update": "20220406"
                },
                "McAfee-GW-Edition": {
                    "category": "malicious",
                    "engine_name": "McAfee-GW-Edition",
                    "engine_version": "v2019.1.2+3728",
                    "result": "Artemis!Trojan",
                    "method": "blacklist",
                    "engine_update": "20220406"
                },
                "SentinelOne": {
                    "category": "type-unsupported",
                    "engine_name": "SentinelOne",
                    "engine_version": "22.2.1.2",
                    "result": null,
                    "method": "blacklist",
                    "engine_update": "20220330"
                },
                "Trapmine": {
                    "category": "type-unsupported",
                    "engine_name": "Trapmine",
                    "engine_version": "3.5.45.75",
                    "result": null,
                    "method": "blacklist",
                    "engine_update": "20220217"
                },
                "CMC": {
                    "category": "undetected",
                    "engine_name": "CMC",
                    "engine_version": "2.10.2019.1",
                    "result": null,
                    "method": "blacklist",
                    "engine_update": "20211026"
                },
                "Emsisoft": {
                    "category": "undetected",
                    "engine_name": "Emsisoft",
                    "engine_version": "2021.5.0.7597",
                    "result": null,
                    "method": "blacklist",
                    "engine_update": "20220406"
                },
                "Paloalto": {
                    "category": "type-unsupported",
                    "engine_name": "Paloalto",
                    "engine_version": "0.9.0.1003",
                    "result": null,
                    "method": "blacklist",
                    "engine_update": "20220406"
                },
                "Avast-Mobile": {
                    "category": "malicious",
                    "engine_name": "Avast-Mobile",
                    "engine_version": "220406-02",
                    "result": "Android:Evo-gen [Trj]",
                    "method": "blacklist",
                    "engine_update": "20220406"
                },
                "Jiangmin": {
                    "category": "malicious",
                    "engine_name": "Jiangmin",
                    "engine_version": "16.0.100",
                    "result": "Trojan.AndroidOS.eblm",
                    "method": "blacklist",
                    "engine_update": "20220405"
                },
                "Webroot": {
                    "category": "type-unsupported",
                    "engine_name": "Webroot",
                    "engine_version": "1.0.0.403",
                    "result": null,
                    "method": "blacklist",
                    "engine_update": "20220406"
                },
                "Avira": {
                    "category": "malicious",
                    "engine_name": "Avira",
                    "engine_version": "8.3.3.14",
                    "result": "ANDROID/Wroba.FJGY.Gen",
                    "method": "blacklist",
                    "engine_update": "20220406"
                },
                "Antiy-AVL": {
                    "category": "malicious",
                    "engine_name": "Antiy-AVL",
                    "engine_version": "3.0.0.1",
                    "result": "Trojan/Generic.ASMalwAD.12",
                    "method": "blacklist",
                    "engine_update": "20220406"
                },
                "Kingsoft": {
                    "category": "undetected",
                    "engine_name": "Kingsoft",
                    "engine_version": "2017.9.26.565",
                    "result": null,
                    "method": "blacklist",
                    "engine_update": "20220406"
                },
                "Microsoft": {
                    "category": "malicious",
                    "engine_name": "Microsoft",
                    "engine_version": "1.1.19000.8",
                    "result": "Trojan:AndroidOS/Banker.F!MTB",
                    "method": "blacklist",
                    "engine_update": "20220406"
                },
                "Gridinsoft": {
                    "category": "undetected",
                    "engine_name": "Gridinsoft",
                    "engine_version": "1.0.74.174",
                    "result": null,
                    "method": "blacklist",
                    "engine_update": "20220406"
                },
                "Arcabit": {
                    "category": "undetected",
                    "engine_name": "Arcabit",
                    "engine_version": "1.0.0.889",
                    "result": null,
                    "method": "blacklist",
                    "engine_update": "20220406"
                },
                "ViRobot": {
                    "category": "undetected",
                    "engine_name": "ViRobot",
                    "engine_version": "2014.3.20.0",
                    "result": null,
                    "method": "blacklist",
                    "engine_update": "20220406"
                },
                "ZoneAlarm": {
                    "category": "undetected",
                    "engine_name": "ZoneAlarm",
                    "engine_version": "1.0",
                    "result": null,
                    "method": "blacklist",
                    "engine_update": "20220406"
                },
                "GData": {
                    "category": "undetected",
                    "engine_name": "GData",
                    "engine_version": "A:25.32730B:27.26930",
                    "result": null,
                    "method": "blacklist",
                    "engine_update": "20220406"
                },
                "Cynet": {
                    "category": "malicious",
                    "engine_name": "Cynet",
                    "engine_version": "4.0.0.27",
                    "result": "Malicious (score: 99)",
                    "method": "blacklist",
                    "engine_update": "20220406"
                },
                "BitDefenderFalx": {
                    "category": "malicious",
                    "engine_name": "BitDefenderFalx",
                    "engine_version": "2.0.936",
                    "result": "Android.Trojan.Obfus.HZ",
                    "method": "blacklist",
                    "engine_update": "20220103"
                },
                "AhnLab-V3": {
                    "category": "malicious",
                    "engine_name": "AhnLab-V3",
                    "engine_version": "3.21.3.10230",
                    "result": "Dropper/Android.PhishingApp.909991",
                    "method": "blacklist",
                    "engine_update": "20220406"
                },
                "Acronis": {
                    "category": "type-unsupported",
                    "engine_name": "Acronis",
                    "engine_version": "1.1.1.82",
                    "result": null,
                    "method": "blacklist",
                    "engine_update": "20210512"
                },
                "McAfee": {
                    "category": "malicious",
                    "engine_name": "McAfee",
                    "engine_version": "6.0.6.653",
                    "result": "Artemis!D817A089815F",
                    "method": "blacklist",
                    "engine_update": "20220406"
                },
                "MAX": {
                    "category": "malicious",
                    "engine_name": "MAX",
                    "engine_version": "2019.9.16.1",
                    "result": "malware (ai score=99)",
                    "method": "blacklist",
                    "engine_update": "20220406"
                },
                "VBA32": {
                    "category": "undetected",
                    "engine_name": "VBA32",
                    "engine_version": "5.0.0",
                    "result": null,
                    "method": "blacklist",
                    "engine_update": "20220406"
                },
                "Cylance": {
                    "category": "failure",
                    "engine_name": "Cylance",
                    "engine_version": "2.3.1.101",
                    "result": null,
                    "method": "blacklist",
                    "engine_update": "20220406"
                },
                "Zoner": {
                    "category": "undetected",
                    "engine_name": "Zoner",
                    "engine_version": "2.2.2.0",
                    "result": null,
                    "method": "blacklist",
                    "engine_update": "20220405"
                },
                "Tencent": {
                    "category": "malicious",
                    "engine_name": "Tencent",
                    "engine_version": "1.0.0.1",
                    "result": "a.privacy.emial.d",
                    "method": "blacklist",
                    "engine_update": "20220406"
                },
                "Yandex": {
                    "category": "undetected",
                    "engine_name": "Yandex",
                    "engine_version": "5.5.2.24",
                    "result": null,
                    "method": "blacklist",
                    "engine_update": "20220406"
                },
                "Ikarus": {
                    "category": "malicious",
                    "engine_name": "Ikarus",
                    "engine_version": "6.0.17.0",
                    "result": "Trojan-Dropper.AndroidOS.Agent",
                    "method": "blacklist",
                    "engine_update": "20220406"
                },
                "MaxSecure": {
                    "category": "malicious",
                    "engine_name": "MaxSecure",
                    "engine_version": "1.0.0.1",
                    "result": "Trojan.Dropper.AndroidOS.Wroba.g2",
                    "method": "blacklist",
                    "engine_update": "20220405"
                },
                "Fortinet": {
                    "category": "malicious",
                    "engine_name": "Fortinet",
                    "engine_version": "6.2.142.0",
                    "result": "Android/Agent.DLG!tr",
                    "method": "blacklist",
                    "engine_update": "20220406"
                },
                "AVG": {
                    "category": "malicious",
                    "engine_name": "AVG",
                    "engine_version": "21.1.5827.0",
                    "result": "Android:Agent-SFX [Trj]",
                    "method": "blacklist",
                    "engine_update": "20220406"
                },
                "Cybereason": {
                    "category": "type-unsupported",
                    "engine_name": "Cybereason",
                    "engine_version": "1.2.449",
                    "result": null,
                    "method": "blacklist",
                    "engine_update": "20210330"
                },
                "Panda": {
                    "category": "undetected",
                    "engine_name": "Panda",
                    "engine_version": "4.6.4.2",
                    "result": null,
                    "method": "blacklist",
                    "engine_update": "20220406"
                },
                "CrowdStrike": {
                    "category": "type-unsupported",
                    "engine_name": "CrowdStrike",
                    "engine_version": "1.0",
                    "result": null,
                    "method": "blacklist",
                    "engine_update": "20210907"
                }
            },
            "sha256": "002878ced9796be7a84a7e68e7151cfce5e77920c6a9dff0f7afaed103984535",
            "type_extension": "apk",
            "tags": [
                "apk",
                "android",
                "reflection"
            ],
            "last_analysis_date": 1649263547,
            "unique_sources": 2,
            "first_submission_date": 1572554423,
            "sha1": "0f96572bd8d62d40c7e0769abf267a0ff7a67151",
            "ssdeep": "12288:ePz99Yif9Gno+QOYeqEji4VAP9K8nS5kScVEOZnpCN:ejPfBCsaiV85kSc3ZnpCN",
            "bundle_info": {
                "highest_datetime": "2019-10-30 17:37:00",
                "lowest_datetime": "2019-10-30 17:36:58",
                "num_children": 14,
                "extensions": {
                    "dex": 6,
                    "xml": 2,
                    "MF": 1,
                    "RSA": 1,
                    "SF": 1,
                    "png": 1
                },
                "file_types": {
                    "DEX": 6,
                    "unknown": 5,
                    "XML": 2,
                    "PNG": 1
                },
                "type": "APK",
                "uncompressed_size": 460358
            },
            "md5": "d817a089815f2a119800c364b8907ff5",
            "androguard": {
                "Activities": [
                    "org.VaseActivity",
                    "org.BeaseActivity"
                ],
                "AndroidVersionCode": "1",
                "main_activity": "org.VaseActivity",
                "certificate": {
                    "Subject": {
                        "DN": "C:US, CN:Android, L:Mountain View, O:Android, ST:California, OU:Android, email:android@android.com",
                        "C": "US",
                        "CN": "Android",
                        "L": "Mountain View",
                        "O": "Android",
                        "ST": "California",
                        "OU": "Android",
                        "email": "android@android.com"
                    },
                    "validto": "2035-07-17 01:33:46",
                    "serialnumber": "936eacbe07f201df",
                    "thumbprint": "61ed377e85d386a8dfee6b864bd85b0bfaa5af81",
                    "validfrom": "2008-02-29 01:33:46",
                    "Issuer": {
                        "DN": "C:US, CN:Android, L:Mountain View, O:Android, ST:California, OU:Android, email:android@android.com",
                        "C": "US",
                        "CN": "Android",
                        "L": "Mountain View",
                        "O": "Android",
                        "ST": "California",
                        "OU": "Android",
                        "email": "android@android.com"
                    }
                },
                "VTAndroidInfo": 2.0,
                "Package": "com.fpfq.mbah",
                "intent_filters": {
                    "Services": {
                        "org.DavasService": {
                            "action": [
                                "android.intent.action.RESPOND_VIA_MESSAGE"
                            ],
                            "category": [
                                "android.intent.category.DEFAULT"
                            ]
                        }
                    },
                    "Activities": {
                        "org.VaseActivity": {
                            "action": [
                                "android.intent.action.MAIN"
                            ],
                            "category": [
                                "android.intent.category.LAUNCHER"
                            ]
                        },
                        "org.BeaseActivity": {
                            "action": [
                                "android.intent.action.SEND",
                                "android.intent.action.SENDTO"
                            ],
                            "category": [
                                "android.intent.category.DEFAULT",
                                "android.intent.category.BROWSABLE"
                            ]
                        }
                    },
                    "Receivers": {
                        "org.ConstReceiver": {
                            "action": [
                                "android.NET.conn.CONNECTIVITY_CHANGE",
                                "android.net.wifi.STATE_CHANGE",
                                "android.intent.action.BOOT_COMPLETED",
                                "android.intent.action.USER_PRESENT",
                                "android.intent.action.PACKAGE_ADDED",
                                "android.intent.action.PACKAGE_REPLACED",
                                "android.intent.action.PACKAGE_REMOVED",
                                "android.provider.Telephony.SMS_RECEIVED"
                            ]
                        },
                        "org.MvReceiver": {
                            "action": [
                                "android.provider.Telephony.WAP_PUSH_DELIVER"
                            ]
                        },
                        "org.KsReceiver": {
                            "action": [
                                "android.provider.Telephony.SMS_DELIVER"
                            ]
                        }
                    }
                },
                "permission_details": {
                    "android.permission.CHANGE_NETWORK_STATE": {
                        "short_description": "change network connectivity",
                        "full_description": "Allows the app to change the state of network connectivity.",
                        "permission_type": "normal"
                    },
                    "android.permission.DISABLE_KEYGUARD": {
                        "short_description": "disable your screen lock",
                        "full_description": "Allows the app to disable the\n      keylock and any associated password security.  For example, the phone\n      disables the keylock when receiving an incoming phone call, then\n      re-enables the keylock when the call is finished.",
                        "permission_type": "dangerous"
                    },
                    "android.permission.PROCESS_OUTGOING_CALLS": {
                        "short_description": "reroute outgoing calls",
                        "full_description": "Allows the app to see the\n        number being dialed during an outgoing call with the option to redirect\n        the call to a different number or abort the call altogether.",
                        "permission_type": "dangerous"
                    },
                    "android.permission.INTERNET": {
                        "short_description": "full network access",
                        "full_description": "Allows the app to create\n     network sockets and use custom network protocols. The browser and other\n     applications provide means to send data to the internet, so this\n     permission is not required to send data to the internet.",
                        "permission_type": "dangerous"
                    },
                    "android.permission.EXPAND_STATUS_BAR": {
                        "short_description": "expand/collapse status bar",
                        "full_description": "Allows the app to expand or collapse the status bar.",
                        "permission_type": "normal"
                    },
                    "android.permission.SEND_SMS": {
                        "short_description": "send SMS messages",
                        "full_description": "Allows the app to send SMS messages.\n     This may result in unexpected charges. Malicious apps may cost you money by\n     sending messages without your confirmation.",
                        "permission_type": "dangerous"
                    },
                    "android.permission.WRITE_SMS": {
                        "short_description": "edit your text messages (SMS or MMS)",
                        "full_description": "Allows the app to write\n      to SMS messages stored on your phone or SIM card. Malicious apps\n      may delete your messages.",
                        "permission_type": "dangerous"
                    },
                    "android.permission.ACCESS_NETWORK_STATE": {
                        "short_description": "view network connections",
                        "full_description": "Allows the app to view\n      information about network connections such as which networks exist and are\n      connected.",
                        "permission_type": "normal"
                    },
                    "android.permission.PACKAGE_USAGE_STATS": {
                        "short_description": "update component usage statistics",
                        "full_description": "Allows the app to modify collected component usage statistics. Not for use by normal apps.",
                        "permission_type": "signature|development|appop"
                    },
                    "android.permission.WRITE_EXTERNAL_STORAGE": {
                        "short_description": "modify or delete the contents of your SD card",
                        "full_description": "Allows the app to write to the SD card.",
                        "permission_type": "dangerous"
                    },
                    "android.permission.RECEIVE_SMS": {
                        "short_description": "receive text messages (SMS)",
                        "full_description": "Allows the app to receive and process SMS\n      messages. This means the app could monitor or delete messages sent to your\n      device without showing them to you.",
                        "permission_type": "dangerous"
                    },
                    "android.permission.REQUEST_IGNORE_BATTERY_OPTIMIZATIONS": {
                        "short_description": "Unknown permission from android reference",
                        "full_description": "Unknown permission from android reference",
                        "permission_type": "normal"
                    },
                    "android.permission.READ_EXTERNAL_STORAGE": {
                        "short_description": "read the contents of your SD card",
                        "full_description": "Allows the app to read the contents of your SD card.",
                        "permission_type": "normal"
                    },
                    "android.permission.RECEIVE_BOOT_COMPLETED": {
                        "short_description": "run at startup",
                        "full_description": "Allows the app to\n        have itself started as soon as the system has finished booting.\n        This can make it take longer to start the phone and allow the\n        app to slow down the overall phone by always running.",
                        "permission_type": "normal"
                    },
                    "android.permission.MODIFY_PHONE_STATE": {
                        "short_description": "modify phone state",
                        "full_description": "Allows the app to control the\n        phone features of the device. An app with this permission can switch\n        networks, turn the phone radio on and off and the like without ever notifying\n        you.",
                        "permission_type": "signature|system"
                    },
                    "android.permission.CALL_PHONE": {
                        "short_description": "directly call phone numbers",
                        "full_description": "Allows the app to call phone numbers\n      without your intervention. This may result in unexpected charges or calls.\n      Note that this doesn't allow the app to call emergency numbers.\n      Malicious apps may cost you money by making calls without your\n      confirmation.",
                        "permission_type": "dangerous"
                    },
                    "android.permission.READ_PHONE_STATE": {
                        "short_description": "read phone status and identity",
                        "full_description": "Allows the app to access the phone\n      features of the device.  This permission allows the app to determine the\n      phone number and device IDs, whether a call is active, and the remote number\n      connected by a call.",
                        "permission_type": "dangerous"
                    },
                    "android.permission.READ_SMS": {
                        "short_description": "read your text messages (SMS or MMS)",
                        "full_description": "Allows the app to read SMS\n      messages stored on your phone or SIM card. This allows the app to read all\n      SMS messages, regardless of content or confidentiality.",
                        "permission_type": "dangerous"
                    },
                    "android.permission.SYSTEM_OVERLAY_WINDOW": {
                        "short_description": "Unknown permission from android reference",
                        "full_description": "Unknown permission from android reference",
                        "permission_type": "normal"
                    },
                    "android.permission.BROADCAST_SMS": {
                        "short_description": "send SMS-received broadcast",
                        "full_description": "Allows the app to\n        broadcast a notification that an SMS message has been received.\n        Malicious apps may use this to forge incoming SMS messages.",
                        "permission_type": "signature"
                    },
                    "android.permission.SYSTEM_ALERT_WINDOW": {
                        "short_description": "draw over other apps",
                        "full_description": "Allows the app to draw on top of other\n        applications or parts of the user interface.  They may interfere with your\n        use of the interface in any application, or change what you think you are\n        seeing in other applications.",
                        "permission_type": "dangerous"
                    },
                    "android.permission.STOP_APP_SWITCHES": {
                        "short_description": "prevent app switches",
                        "full_description": "Prevents the user from switching to\n        another app.",
                        "permission_type": "signature|system"
                    },
                    "android.permission.ACCESS_WIFI_STATE": {
                        "short_description": "view Wi-Fi connections",
                        "full_description": "Allows the app to view information\n      about Wi-Fi networking, such as whether Wi-Fi is enabled and name of\n      connected Wi-Fi devices.",
                        "permission_type": "normal"
                    },
                    "android.permission.RECEIVE_MMS": {
                        "short_description": "receive text messages (MMS)",
                        "full_description": "Allows the app to receive and process MMS\n      messages. This means the app could monitor or delete messages sent to your\n      device without showing them to you.",
                        "permission_type": "dangerous"
                    },
                    "android.permission.WAKE_LOCK": {
                        "short_description": "prevent phone from sleeping",
                        "full_description": "Allows the app to prevent the phone from going to sleep.",
                        "permission_type": "normal"
                    },
                    "android.permission.CHANGE_WIFI_STATE": {
                        "short_description": "connect and disconnect from Wi-Fi",
                        "full_description": "Allows the app to connect to and\n      disconnect from Wi-Fi access points and to make changes to device\n      configuration for Wi-Fi networks.",
                        "permission_type": "dangerous"
                    },
                    "android.permission.RECORD_AUDIO": {
                        "short_description": "record audio",
                        "full_description": "Allows the app to record audio with the\n      microphone.  This permission allows the app to record audio at any time\n      without your confirmation.",
                        "permission_type": "dangerous"
                    },
                    "android.permission.READ_CONTACTS": {
                        "short_description": "read your contacts",
                        "full_description": "Allows the app to\n      read data about your contacts stored on your phone, including the\n      frequency with which you've called, emailed, or communicated in other ways\n      with specific individuals. This permission allows apps to save your\n      contact data, and malicious apps may share contact data without your\n      knowledge.",
                        "permission_type": "dangerous"
                    },
                    "android.permission.MODIFY_AUDIO_SETTINGS": {
                        "short_description": "change your audio settings",
                        "full_description": "Allows the app to modify global audio settings such as volume and which speaker is used for output.",
                        "permission_type": "normal"
                    },
                    "android.permission.GET_ACCOUNTS": {
                        "short_description": "find accounts on the device",
                        "full_description": "Allows the app to get\n      the list of accounts known by the phone.  This may include any accounts\n      created by applications you have installed.",
                        "permission_type": "normal"
                    }
                },
                "AndroidApplication": 1,
                "AndroidApplicationError": false,
                "AndroidVersionName": "1.0.0",
                "RiskIndicator": {
                    "APK": {
                        "DEX": 6
                    },
                    "PERM": {
                        "DEVELOPMENT": 1,
                        "NORMAL": 8,
                        "MONEY": 3,
                        "PRIVACY": 7,
                        "SMS": 5,
                        "SYSTEM": 2,
                        "DANGEROUS": 5,
                        "CALL": 1,
                        "APPOP": 1,
                        "SIGNATURE": 4,
                        "INTERNET": 1
                    }
                },
                "Services": [
                    "org.DavasService"
                ],
                "MinSdkVersion": "14",
                "TargetSdkVersion": "21",
                "Receivers": [
                    "org.ConstReceiver",
                    "org.KsReceiver",
                    "org.MvReceiver"
                ],
                "AndroguardVersion": "3.4.0a1",
                "AndroidApplicationInfo": "APK"
            },
            "magic": "Zip archive data, at least v2.0 to extract",
            "last_analysis_stats": {
                "harmless": 0,
                "type-unsupported": 10,
                "suspicious": 0,
                "confirmed-timeout": 0,
                "timeout": 0,
                "failure": 1,
                "malicious": 34,
                "undetected": 29
            },
            "meaningful_name": "VirusShare_d817a089815f2a119800c364b8907ff5",
            "reputation": 0
        },
        "type": "file",
        "id": "002878ced9796be7a84a7e68e7151cfce5e77920c6a9dff0f7afaed103984535",
        "links": {
            "self": "https://www.virustotal.com/api/v3/files/002878ced9796be7a84a7e68e7151cfce5e77920c6a9dff0f7afaed103984535"
        }
    }
}