{
    "data": {
        "attributes": {
            "type_description": "Android",
            "tlsh": "T105341273354DA9ABCD261EF600F612613B1D5C4CD2D9E322A544B6AC9CF20A413DFDAE",
            "vhash": "33fbacdc9198474eba2579f5a9f93ba9",
            "trid": [
                {
                    "file_type": "Android Package",
                    "probability": 67.5
                },
                {
                    "file_type": "Java Archive",
                    "probability": 23.6
                },
                {
                    "file_type": "ZIP compressed archive",
                    "probability": 7.0
                },
                {
                    "file_type": "PrintFox/Pagefox bitmap (640x800)",
                    "probability": 1.7
                }
            ],
            "names": [
                "6a383e0557dd61e912d229fe36aa406b.apk",
                "003560e31501f1a19d1ea8b109eb5c5a6c82bc9d2d7cec5524bad3a1dc473882.apk",
                "test.txt"
            ],
            "last_modification_date": 1642530209,
            "type_tag": "android",
            "times_submitted": 13,
            "total_votes": {
                "harmless": 0,
                "malicious": 0
            },
            "size": 242239,
            "popular_threat_classification": {
                "suggested_threat_label": "trojan.fakeinst/boxer",
                "popular_threat_category": [
                    {
                        "count": 17,
                        "value": "trojan"
                    }
                ],
                "popular_threat_name": [
                    {
                        "count": 9,
                        "value": "fakeinst"
                    },
                    {
                        "count": 3,
                        "value": "boxer"
                    },
                    {
                        "count": 2,
                        "value": "boxersms"
                    }
                ]
            },
            "last_submission_date": 1642522832,
            "last_analysis_results": {
                "Bkav": {
                    "category": "undetected",
                    "engine_name": "Bkav",
                    "engine_version": "1.3.0.9899",
                    "result": null,
                    "method": "blacklist",
                    "engine_update": "20220118"
                },
                "Lionic": {
                    "category": "malicious",
                    "engine_name": "Lionic",
                    "engine_version": "4.2",
                    "result": "Trojan.AndroidOS.Generic.C!c",
                    "method": "blacklist",
                    "engine_update": "20220118"
                },
                "Elastic": {
                    "category": "type-unsupported",
                    "engine_name": "Elastic",
                    "engine_version": "4.0.32",
                    "result": null,
                    "method": "blacklist",
                    "engine_update": "20211223"
                },
                "MicroWorld-eScan": {
                    "category": "undetected",
                    "engine_name": "MicroWorld-eScan",
                    "engine_version": "14.0.409.0",
                    "result": null,
                    "method": "blacklist",
                    "engine_update": "20220118"
                },
                "FireEye": {
                    "category": "undetected",
                    "engine_name": "FireEye",
                    "engine_version": "32.44.1.0",
                    "result": null,
                    "method": "blacklist",
                    "engine_update": "20220118"
                },
                "CAT-QuickHeal": {
                    "category": "malicious",
                    "engine_name": "CAT-QuickHeal",
                    "engine_version": "14.00",
                    "result": "Android.FakeInst.D",
                    "method": "blacklist",
                    "engine_update": "20220118"
                },
                "ALYac": {
                    "category": "undetected",
                    "engine_name": "ALYac",
                    "engine_version": "1.1.3.1",
                    "result": null,
                    "method": "blacklist",
                    "engine_update": "20220118"
                },
                "Malwarebytes": {
                    "category": "undetected",
                    "engine_name": "Malwarebytes",
                    "engine_version": "4.2.2.27",
                    "result": null,
                    "method": "blacklist",
                    "engine_update": "20220118"
                },
                "Zillya": {
                    "category": "malicious",
                    "engine_name": "Zillya",
                    "engine_version": "2.0.0.4550",
                    "result": "Trojan.FakeInst.Android.29015",
                    "method": "blacklist",
                    "engine_update": "20220118"
                },
                "Paloalto": {
                    "category": "type-unsupported",
                    "engine_name": "Paloalto",
                    "engine_version": "1.0",
                    "result": null,
                    "method": "blacklist",
                    "engine_update": "20220118"
                },
                "Sangfor": {
                    "category": "undetected",
                    "engine_name": "Sangfor",
                    "engine_version": "2.9.0.0",
                    "result": null,
                    "method": "blacklist",
                    "engine_update": "20211224"
                },
                "K7AntiVirus": {
                    "category": "undetected",
                    "engine_name": "K7AntiVirus",
                    "engine_version": "11.242.40409",
                    "result": null,
                    "method": "blacklist",
                    "engine_update": "20220118"
                },
                "Alibaba": {
                    "category": "malicious",
                    "engine_name": "Alibaba",
                    "engine_version": "0.3.0.5",
                    "result": "Trojan:Android/BoxerSms.a981079d",
                    "method": "blacklist",
                    "engine_update": "20190527"
                },
                "K7GW": {
                    "category": "malicious",
                    "engine_name": "K7GW",
                    "engine_version": "11.242.40410",
                    "result": "Trojan ( 0055c78d1 )",
                    "method": "blacklist",
                    "engine_update": "20220118"
                },
                "Trustlook": {
                    "category": "malicious",
                    "engine_name": "Trustlook",
                    "engine_version": "1.0",
                    "result": "Android.Malware.Trojan",
                    "method": "blacklist",
                    "engine_update": "20220118"
                },
                "Arcabit": {
                    "category": "undetected",
                    "engine_name": "Arcabit",
                    "engine_version": "1.0.0.888",
                    "result": null,
                    "method": "blacklist",
                    "engine_update": "20220118"
                },
                "BitDefenderTheta": {
                    "category": "undetected",
                    "engine_name": "BitDefenderTheta",
                    "engine_version": "7.2.37796.0",
                    "result": null,
                    "method": "blacklist",
                    "engine_update": "20220114"
                },
                "VirIT": {
                    "category": "undetected",
                    "engine_name": "VirIT",
                    "engine_version": "9.5.114",
                    "result": null,
                    "method": "blacklist",
                    "engine_update": "20220118"
                },
                "Cyren": {
                    "category": "malicious",
                    "engine_name": "Cyren",
                    "engine_version": "6.5.1.2",
                    "result": "AndroidOS/FakeInst.FX",
                    "method": "blacklist",
                    "engine_update": "20220118"
                },
                "SymantecMobileInsight": {
                    "category": "failure",
                    "engine_name": "SymantecMobileInsight",
                    "engine_version": "2.0",
                    "result": null,
                    "method": "blacklist",
                    "engine_update": "20211119"
                },
                "Symantec": {
                    "category": "malicious",
                    "engine_name": "Symantec",
                    "engine_version": "1.16.0.0",
                    "result": "Trojan.Gen.MBT",
                    "method": "blacklist",
                    "engine_update": "20220118"
                },
                "ESET-NOD32": {
                    "category": "malicious",
                    "engine_name": "ESET-NOD32",
                    "engine_version": "24639",
                    "result": "a variant of Android/TrojanSMS.Boxer.BH",
                    "method": "blacklist",
                    "engine_update": "20220118"
                },
                "Baidu": {
                    "category": "undetected",
                    "engine_name": "Baidu",
                    "engine_version": "1.0.0.2",
                    "result": null,
                    "method": "blacklist",
                    "engine_update": "20190318"
                },
                "TrendMicro-HouseCall": {
                    "category": "undetected",
                    "engine_name": "TrendMicro-HouseCall",
                    "engine_version": "10.0.0.1040",
                    "result": null,
                    "method": "blacklist",
                    "engine_update": "20220118"
                },
                "Avast": {
                    "category": "malicious",
                    "engine_name": "Avast",
                    "engine_version": "21.1.5827.0",
                    "result": "Android:Agent-HKP [Trj]",
                    "method": "blacklist",
                    "engine_update": "20220118"
                },
                "ClamAV": {
                    "category": "undetected",
                    "engine_name": "ClamAV",
                    "engine_version": "0.104.2.0",
                    "result": null,
                    "method": "blacklist",
                    "engine_update": "20220118"
                },
                "Kaspersky": {
                    "category": "malicious",
                    "engine_name": "Kaspersky",
                    "engine_version": "21.0.1.45",
                    "result": "HEUR:Trojan-SMS.AndroidOS.Agent.aax",
                    "method": "blacklist",
                    "engine_update": "20220118"
                },
                "BitDefender": {
                    "category": "undetected",
                    "engine_name": "BitDefender",
                    "engine_version": "7.2",
                    "result": null,
                    "method": "blacklist",
                    "engine_update": "20220118"
                },
                "NANO-Antivirus": {
                    "category": "malicious",
                    "engine_name": "NANO-Antivirus",
                    "engine_version": "1.0.146.25520",
                    "result": "Trojan.Android.FakeInst.dnzxxo",
                    "method": "blacklist",
                    "engine_update": "20220118"
                },
                "ViRobot": {
                    "category": "undetected",
                    "engine_name": "ViRobot",
                    "engine_version": "2014.3.20.0",
                    "result": null,
                    "method": "blacklist",
                    "engine_update": "20220118"
                },
                "Tencent": {
                    "category": "malicious",
                    "engine_name": "Tencent",
                    "engine_version": "1.0.0.1",
                    "result": "Trojan.Android.FakeInstall.aq",
                    "method": "blacklist",
                    "engine_update": "20220118"
                },
                "Ad-Aware": {
                    "category": "undetected",
                    "engine_name": "Ad-Aware",
                    "engine_version": "3.0.21.193",
                    "result": null,
                    "method": "blacklist",
                    "engine_update": "20220118"
                },
                "TACHYON": {
                    "category": "undetected",
                    "engine_name": "TACHYON",
                    "engine_version": "2022-01-18.02",
                    "result": null,
                    "method": "blacklist",
                    "engine_update": "20220118"
                },
                "Emsisoft": {
                    "category": "undetected",
                    "engine_name": "Emsisoft",
                    "engine_version": "2021.5.0.7597",
                    "result": null,
                    "method": "blacklist",
                    "engine_update": "20220118"
                },
                "Comodo": {
                    "category": "malicious",
                    "engine_name": "Comodo",
                    "engine_version": "34274",
                    "result": "Malware@#cnb8xjl273ke",
                    "method": "blacklist",
                    "engine_update": "20220118"
                },
                "F-Secure": {
                    "category": "undetected",
                    "engine_name": "F-Secure",
                    "engine_version": "12.0.86.52",
                    "result": null,
                    "method": "blacklist",
                    "engine_update": "20220118"
                },
                "DrWeb": {
                    "category": "malicious",
                    "engine_name": "DrWeb",
                    "engine_version": "7.0.52.8270",
                    "result": "Android.SmsSend.122.origin",
                    "method": "blacklist",
                    "engine_update": "20220118"
                },
                "VIPRE": {
                    "category": "undetected",
                    "engine_name": "VIPRE",
                    "engine_version": "98470",
                    "result": null,
                    "method": "blacklist",
                    "engine_update": "20220118"
                },
                "TrendMicro": {
                    "category": "undetected",
                    "engine_name": "TrendMicro",
                    "engine_version": "11.0.0.1006",
                    "result": null,
                    "method": "blacklist",
                    "engine_update": "20220118"
                },
                "McAfee-GW-Edition": {
                    "category": "malicious",
                    "engine_name": "McAfee-GW-Edition",
                    "engine_version": "v2019.1.2+3728",
                    "result": "Artemis!Trojan",
                    "method": "blacklist",
                    "engine_update": "20220118"
                },
                "SentinelOne": {
                    "category": "type-unsupported",
                    "engine_name": "SentinelOne",
                    "engine_version": "7.0.0.7",
                    "result": null,
                    "method": "blacklist",
                    "engine_update": "20211129"
                },
                "CMC": {
                    "category": "undetected",
                    "engine_name": "CMC",
                    "engine_version": "2.10.2019.1",
                    "result": null,
                    "method": "blacklist",
                    "engine_update": "20211026"
                },
                "Sophos": {
                    "category": "malicious",
                    "engine_name": "Sophos",
                    "engine_version": "1.4.1.0",
                    "result": "Andr/Boxer-D",
                    "method": "blacklist",
                    "engine_update": "20220118"
                },
                "APEX": {
                    "category": "type-unsupported",
                    "engine_name": "APEX",
                    "engine_version": "6.250",
                    "result": null,
                    "method": "blacklist",
                    "engine_update": "20220116"
                },
                "Avast-Mobile": {
                    "category": "malicious",
                    "engine_name": "Avast-Mobile",
                    "engine_version": "220118-02",
                    "result": "Android:Evo-gen [Trj]",
                    "method": "blacklist",
                    "engine_update": "20220118"
                },
                "Jiangmin": {
                    "category": "malicious",
                    "engine_name": "Jiangmin",
                    "engine_version": "16.0.100",
                    "result": "Trojan.AndroidOS.mvl",
                    "method": "blacklist",
                    "engine_update": "20220117"
                },
                "Webroot": {
                    "category": "type-unsupported",
                    "engine_name": "Webroot",
                    "engine_version": "1.0.0.403",
                    "result": null,
                    "method": "blacklist",
                    "engine_update": "20220118"
                },
                "Avira": {
                    "category": "malicious",
                    "engine_name": "Avira",
                    "engine_version": "8.3.3.12",
                    "result": "ANDROID/SMSAgent.FILP.Gen",
                    "method": "blacklist",
                    "engine_update": "20220118"
                },
                "eGambit": {
                    "category": "type-unsupported",
                    "engine_name": "eGambit",
                    "engine_version": null,
                    "result": null,
                    "method": "blacklist",
                    "engine_update": "20220118"
                },
                "Antiy-AVL": {
                    "category": "malicious",
                    "engine_name": "Antiy-AVL",
                    "engine_version": "3.0.0.1",
                    "result": "Trojan[SMS:HEUR]/Android.FakeInst",
                    "method": "blacklist",
                    "engine_update": "20220118"
                },
                "Kingsoft": {
                    "category": "undetected",
                    "engine_name": "Kingsoft",
                    "engine_version": "2017.9.26.565",
                    "result": null,
                    "method": "blacklist",
                    "engine_update": "20220118"
                },
                "Gridinsoft": {
                    "category": "undetected",
                    "engine_name": "Gridinsoft",
                    "engine_version": "1.0.69.171",
                    "result": null,
                    "method": "blacklist",
                    "engine_update": "20220118"
                },
                "Microsoft": {
                    "category": "malicious",
                    "engine_name": "Microsoft",
                    "engine_version": "1.1.18800.4",
                    "result": "Trojan:AndroidOS/BoxerSms.D",
                    "method": "blacklist",
                    "engine_update": "20220118"
                },
                "SUPERAntiSpyware": {
                    "category": "undetected",
                    "engine_name": "SUPERAntiSpyware",
                    "engine_version": "5.6.0.1032",
                    "result": null,
                    "method": "blacklist",
                    "engine_update": "20220115"
                },
                "GData": {
                    "category": "undetected",
                    "engine_name": "GData",
                    "engine_version": "A:25.32074B:27.25914",
                    "result": null,
                    "method": "blacklist",
                    "engine_update": "20220118"
                },
                "Cynet": {
                    "category": "malicious",
                    "engine_name": "Cynet",
                    "engine_version": "4.0.0.27",
                    "result": "Malicious (score: 99)",
                    "method": "blacklist",
                    "engine_update": "20220118"
                },
                "BitDefenderFalx": {
                    "category": "malicious",
                    "engine_name": "BitDefenderFalx",
                    "engine_version": "2.0.936",
                    "result": "Android.Trojan.FakeInst.ZT",
                    "method": "blacklist",
                    "engine_update": "20220103"
                },
                "AhnLab-V3": {
                    "category": "malicious",
                    "engine_name": "AhnLab-V3",
                    "engine_version": "3.21.2.10258",
                    "result": "Trojan/Android.FakeInst.7325",
                    "method": "blacklist",
                    "engine_update": "20220118"
                },
                "Acronis": {
                    "category": "type-unsupported",
                    "engine_name": "Acronis",
                    "engine_version": "1.1.1.82",
                    "result": null,
                    "method": "blacklist",
                    "engine_update": "20210512"
                },
                "McAfee": {
                    "category": "malicious",
                    "engine_name": "McAfee",
                    "engine_version": "6.0.6.653",
                    "result": "Artemis!6A383E0557DD",
                    "method": "blacklist",
                    "engine_update": "20220118"
                },
                "MAX": {
                    "category": "malicious",
                    "engine_name": "MAX",
                    "engine_version": "2019.9.16.1",
                    "result": "malware (ai score=98)",
                    "method": "blacklist",
                    "engine_update": "20220118"
                },
                "VBA32": {
                    "category": "undetected",
                    "engine_name": "VBA32",
                    "engine_version": "5.0.0",
                    "result": null,
                    "method": "blacklist",
                    "engine_update": "20220118"
                },
                "Cylance": {
                    "category": "type-unsupported",
                    "engine_name": "Cylance",
                    "engine_version": "2.3.1.101",
                    "result": null,
                    "method": "blacklist",
                    "engine_update": "20220118"
                },
                "Zoner": {
                    "category": "undetected",
                    "engine_name": "Zoner",
                    "engine_version": "2.2.2.0",
                    "result": null,
                    "method": "blacklist",
                    "engine_update": "20220117"
                },
                "Rising": {
                    "category": "malicious",
                    "engine_name": "Rising",
                    "engine_version": "25.0.0.27",
                    "result": "Trojan.SMSBoxer/Android!1.9DAA (CLASSIC)",
                    "method": "blacklist",
                    "engine_update": "20220118"
                },
                "Yandex": {
                    "category": "undetected",
                    "engine_name": "Yandex",
                    "engine_version": "5.5.2.24",
                    "result": null,
                    "method": "blacklist",
                    "engine_update": "20220118"
                },
                "Ikarus": {
                    "category": "malicious",
                    "engine_name": "Ikarus",
                    "engine_version": "0.1.5.2",
                    "result": "Trojan-SMS.AndroidOS.Boxer",
                    "method": "blacklist",
                    "engine_update": "20220118"
                },
                "MaxSecure": {
                    "category": "malicious",
                    "engine_name": "MaxSecure",
                    "engine_version": "1.0.0.1",
                    "result": "Android.fakeinst.a",
                    "method": "blacklist",
                    "engine_update": "20220118"
                },
                "Fortinet": {
                    "category": "malicious",
                    "engine_name": "Fortinet",
                    "engine_version": "6.2.142.0",
                    "result": "Android/FakeInst.C!tr",
                    "method": "blacklist",
                    "engine_update": "20220117"
                },
                "AVG": {
                    "category": "malicious",
                    "engine_name": "AVG",
                    "engine_version": "21.1.5827.0",
                    "result": "Android:Agent-HKP [Trj]",
                    "method": "blacklist",
                    "engine_update": "20220118"
                },
                "Cybereason": {
                    "category": "type-unsupported",
                    "engine_name": "Cybereason",
                    "engine_version": "1.2.449",
                    "result": null,
                    "method": "blacklist",
                    "engine_update": "20210330"
                },
                "Panda": {
                    "category": "undetected",
                    "engine_name": "Panda",
                    "engine_version": "4.6.4.2",
                    "result": null,
                    "method": "blacklist",
                    "engine_update": "20220118"
                },
                "CrowdStrike": {
                    "category": "type-unsupported",
                    "engine_name": "CrowdStrike",
                    "engine_version": "1.0",
                    "result": null,
                    "method": "blacklist",
                    "engine_update": "20210203"
                }
            },
            "sandbox_verdicts": {
                "Tencent HABO": {
                    "category": "malicious",
                    "sandbox_name": "Tencent HABO",
                    "malware_classification": [
                        "MALWARE"
                    ]
                }
            },
            "sha256": "003560e31501f1a19d1ea8b109eb5c5a6c82bc9d2d7cec5524bad3a1dc473882",
            "type_extension": "apk",
            "tags": [
                "apk",
                "android",
                "sends-sms",
                "telephony"
            ],
            "last_analysis_date": 1642522832,
            "unique_sources": 5,
            "first_submission_date": 1383953881,
            "sha1": "30ac56d1acbb0c67f027ebb74d8148bddfed5066",
            "ssdeep": "6144:Znq8Q4YZUi14YZUic4YZUiZcbQ4o/UPm4YZUiwgfaq:gF4Yt14Ytc4YtZcicO4Ytwgyq",
            "bundle_info": {
                "highest_datetime": "2013-11-08 22:27:40",
                "lowest_datetime": "2008-02-29 11:33:46",
                "num_children": 34,
                "extensions": {
                    "xml": 10,
                    "dex": 1,
                    "MF": 1,
                    "cfg": 1,
                    "RSA": 1,
                    "SF": 1,
                    "png": 18
                },
                "file_types": {
                    "XML": 10,
                    "unknown": 5,
                    "DEX": 1,
                    "PNG": 18
                },
                "type": "APK",
                "uncompressed_size": 321486
            },
            "md5": "6a383e0557dd61e912d229fe36aa406b",
            "androguard": {
                "Activities": [
                    "com.software.application.Main",
                    "com.software.application.OffertActivity",
                    "com.software.application.ShowLink"
                ],
                "AndroidVersionCode": "1",
                "main_activity": "com.software.application.Main",
                "certificate": {
                    "Subject": {
                        "DN": "C:US, CN:Android, L:Mountain View, O:Android, ST:California, OU:Android, email:android@android.com",
                        "C": "US",
                        "CN": "Android",
                        "L": "Mountain View",
                        "O": "Android",
                        "ST": "California",
                        "OU": "Android",
                        "email": "android@android.com"
                    },
                    "validto": "2035-07-17 01:33:46",
                    "serialnumber": "936eacbe07f201df",
                    "thumbprint": "61ed377e85d386a8dfee6b864bd85b0bfaa5af81",
                    "validfrom": "2008-02-29 01:33:46",
                    "Issuer": {
                        "DN": "C:US, CN:Android, L:Mountain View, O:Android, ST:California, OU:Android, email:android@android.com",
                        "C": "US",
                        "CN": "Android",
                        "L": "Mountain View",
                        "O": "Android",
                        "ST": "California",
                        "OU": "Android",
                        "email": "android@android.com"
                    }
                },
                "VTAndroidInfo": 2.0,
                "Package": "com.software.application",
                "intent_filters": {
                    "Activities": {
                        "com.software.application.Main": {
                            "action": [
                                "android.intent.action.MAIN"
                            ],
                            "category": [
                                "android.intent.category.LAUNCHER"
                            ]
                        }
                    },
                    "Receivers": {
                        "com.software.application.Notificator": {
                            "action": [
                                "android.intent.action.BOOT_COMPLETED"
                            ],
                            "category": [
                                "android.intent.category.HOME"
                            ]
                        },
                        "com.software.application.SmsReceiver": {
                            "action": [
                                "android.intent.action.DATA_SMS_RECEIVED"
                            ]
                        },
                        "com.software.application.Checker": {
                            "action": [
                                "com.software.CHECKER"
                            ],
                            "category": [
                                "android.intent.category.HOME"
                            ]
                        },
                        "com.google.android.c2dm.C2DMBroadcastReceiver": {
                            "action": [
                                "com.google.android.c2dm.intent.RECEIVE",
                                "com.google.android.c2dm.intent.REGISTRATION"
                            ],
                            "category": [
                                "com.software.application"
                            ]
                        }
                    }
                },
                "permission_details": {
                    "android.permission.SEND_SMS": {
                        "short_description": "send SMS messages",
                        "full_description": "Allows application to send SMS\n      messages. Malicious applications may cost you money by sending\n      messages without your confirmation.",
                        "permission_type": "dangerous"
                    },
                    "android.permission.READ_PHONE_STATE": {
                        "short_description": "read phone state and identity",
                        "full_description": "Allows the application to access the phone\n        features of the device.  An application with this permission can determine the phone\n        number and serial number of this phone, whether a call is active, the number that call\n        is connected to and the like.",
                        "permission_type": "dangerous"
                    },
                    "com.google.android.c2dm.permission.RECEIVE": {
                        "short_description": "Unknown permission from android reference",
                        "full_description": "Unknown permission from android reference",
                        "permission_type": "normal"
                    },
                    "android.permission.WAKE_LOCK": {
                        "short_description": "prevent phone from sleeping",
                        "full_description": "Allows an application to prevent\n        the phone from going to sleep.",
                        "permission_type": "dangerous"
                    },
                    "android.permission.RECEIVE_SMS": {
                        "short_description": "receive SMS",
                        "full_description": "Allows application to receive\n      and process SMS messages. Malicious applications may monitor\n      your messages or delete them without showing them to you.",
                        "permission_type": "dangerous"
                    },
                    "android.permission.INTERNET": {
                        "short_description": "full Internet access",
                        "full_description": "Allows an application to\n      create network sockets.",
                        "permission_type": "dangerous"
                    },
                    "android.permission.READ_SMS": {
                        "short_description": "read SMS or MMS",
                        "full_description": "Allows application to read\n      SMS messages stored on your phone or SIM card. Malicious applications\n      may read your confidential messages.",
                        "permission_type": "dangerous"
                    },
                    "android.permission.WRITE_EXTERNAL_STORAGE": {
                        "short_description": "modify/delete SD card contents",
                        "full_description": "Allows an application to write to the SD card.",
                        "permission_type": "dangerous"
                    },
                    "com.software.application.permission.C2D_MESSAGE": {
                        "short_description": "Unknown permission from android reference",
                        "full_description": "Unknown permission from android reference",
                        "permission_type": "normal"
                    }
                },
                "AndroidApplication": 1,
                "AndroidApplicationError": false,
                "AndroidVersionName": "1.0",
                "RiskIndicator": {
                    "APK": {
                        "DEX": 1
                    },
                    "PERM": {
                        "DANGEROUS": 2,
                        "INTERNET": 1,
                        "SMS": 3,
                        "MONEY": 1,
                        "PRIVACY": 3
                    }
                },
                "Services": [
                    "com.software.application.C2DMReceiver"
                ],
                "MinSdkVersion": "5",
                "TargetSdkVersion": "5",
                "Receivers": [
                    "com.software.application.Notificator",
                    "com.software.application.Checker",
                    "com.software.application.SmsReceiver",
                    "com.google.android.c2dm.C2DMBroadcastReceiver"
                ],
                "AndroguardVersion": "3.4.0a1",
                "AndroidApplicationInfo": "APK"
            },
            "magic": "Zip archive data, at least v2.0 to extract",
            "last_analysis_stats": {
                "harmless": 0,
                "type-unsupported": 10,
                "suspicious": 0,
                "confirmed-timeout": 0,
                "timeout": 0,
                "failure": 1,
                "malicious": 32,
                "undetected": 30
            },
            "meaningful_name": "6a383e0557dd61e912d229fe36aa406b.apk",
            "reputation": 0
        },
        "type": "file",
        "id": "003560e31501f1a19d1ea8b109eb5c5a6c82bc9d2d7cec5524bad3a1dc473882",
        "links": {
            "self": "https://www.virustotal.com/api/v3/files/003560e31501f1a19d1ea8b109eb5c5a6c82bc9d2d7cec5524bad3a1dc473882"
        }
    }
}