{
    "data": {
        "attributes": {
            "type_description": "Android",
            "tlsh": "T15356125173F94618F2F77B74ADB512A21ABAFD92EA35D11D0200711C1CB6EA09B60FB3",
            "vhash": "5d6c6417139a796758c9644ff5d43323",
            "trid": [
                {
                    "file_type": "Android Package",
                    "probability": 67.5
                },
                {
                    "file_type": "Java Archive",
                    "probability": 23.6
                },
                {
                    "file_type": "ZIP compressed archive",
                    "probability": 7.0
                },
                {
                    "file_type": "PrintFox/Pagefox bitmap (640x800)",
                    "probability": 1.7
                }
            ],
            "names": [
                "000447D7EBEC825293D013A4DB671AFBDB01618D46AE578241288A2FE746EB14.apk",
                "com.greenncardd.senegalgospelmusic.apk"
            ],
            "last_modification_date": 1659685906,
            "type_tag": "android",
            "times_submitted": 4,
            "total_votes": {
                "harmless": 0,
                "malicious": 0
            },
            "size": 5979812,
            "popular_threat_classification": {
                "suggested_threat_label": "trojan.anydown/artemis",
                "popular_threat_category": [
                    {
                        "count": 4,
                        "value": "trojan"
                    },
                    {
                        "count": 2,
                        "value": "adware"
                    }
                ],
                "popular_threat_name": [
                    {
                        "count": 5,
                        "value": "anydown"
                    },
                    {
                        "count": 2,
                        "value": "artemis"
                    },
                    {
                        "count": 2,
                        "value": "andr"
                    }
                ]
            },
            "last_submission_date": 1648131866,
            "last_analysis_results": {
                "Bkav": {
                    "category": "undetected",
                    "engine_name": "Bkav",
                    "engine_version": "1.3.0.9899",
                    "result": null,
                    "method": "blacklist",
                    "engine_update": "20220805"
                },
                "Lionic": {
                    "category": "malicious",
                    "engine_name": "Lionic",
                    "engine_version": "7.5",
                    "result": "Trojan.AndroidOS.Generic.C!c",
                    "method": "blacklist",
                    "engine_update": "20220805"
                },
                "tehtris": {
                    "category": "type-unsupported",
                    "engine_name": "tehtris",
                    "engine_version": "v0.1.4",
                    "result": null,
                    "method": "blacklist",
                    "engine_update": "20220805"
                },
                "ClamAV": {
                    "category": "undetected",
                    "engine_name": "ClamAV",
                    "engine_version": "0.105.1.0",
                    "result": null,
                    "method": "blacklist",
                    "engine_update": "20220804"
                },
                "FireEye": {
                    "category": "undetected",
                    "engine_name": "FireEye",
                    "engine_version": "35.24.1.0",
                    "result": null,
                    "method": "blacklist",
                    "engine_update": "20220805"
                },
                "CAT-QuickHeal": {
                    "category": "malicious",
                    "engine_name": "CAT-QuickHeal",
                    "engine_version": "14.00",
                    "result": "Android.Anydown.GEN16174 (PUP)",
                    "method": "blacklist",
                    "engine_update": "20220803"
                },
                "McAfee": {
                    "category": "malicious",
                    "engine_name": "McAfee",
                    "engine_version": "6.0.6.653",
                    "result": "Artemis!E9D503606061",
                    "method": "blacklist",
                    "engine_update": "20220805"
                },
                "Malwarebytes": {
                    "category": "undetected",
                    "engine_name": "Malwarebytes",
                    "engine_version": "4.3.3.37",
                    "result": null,
                    "method": "blacklist",
                    "engine_update": "20220805"
                },
                "Zillya": {
                    "category": "undetected",
                    "engine_name": "Zillya",
                    "engine_version": "2.0.0.4683",
                    "result": null,
                    "method": "blacklist",
                    "engine_update": "20220804"
                },
                "Sangfor": {
                    "category": "undetected",
                    "engine_name": "Sangfor",
                    "engine_version": "2.14.0.0",
                    "result": null,
                    "method": "blacklist",
                    "engine_update": "20220803"
                },
                "K7AntiVirus": {
                    "category": "undetected",
                    "engine_name": "K7AntiVirus",
                    "engine_version": "12.29.43689",
                    "result": null,
                    "method": "blacklist",
                    "engine_update": "20220805"
                },
                "Alibaba": {
                    "category": "undetected",
                    "engine_name": "Alibaba",
                    "engine_version": "0.3.0.5",
                    "result": null,
                    "method": "blacklist",
                    "engine_update": "20190527"
                },
                "K7GW": {
                    "category": "malicious",
                    "engine_name": "K7GW",
                    "engine_version": "12.29.43690",
                    "result": "Trojan ( 0054fdcc1 )",
                    "method": "blacklist",
                    "engine_update": "20220805"
                },
                "Trustlook": {
                    "category": "malicious",
                    "engine_name": "Trustlook",
                    "engine_version": "1.0",
                    "result": "Android.PUA.General",
                    "method": "blacklist",
                    "engine_update": "20220805"
                },
                "Arcabit": {
                    "category": "undetected",
                    "engine_name": "Arcabit",
                    "engine_version": "1.0.0.889",
                    "result": null,
                    "method": "blacklist",
                    "engine_update": "20220805"
                },
                "Baidu": {
                    "category": "undetected",
                    "engine_name": "Baidu",
                    "engine_version": "1.0.0.2",
                    "result": null,
                    "method": "blacklist",
                    "engine_update": "20190318"
                },
                "VirIT": {
                    "category": "malicious",
                    "engine_name": "VirIT",
                    "engine_version": "9.5.253",
                    "result": "Android.Adw.Ironsrc.Gen",
                    "method": "blacklist",
                    "engine_update": "20220804"
                },
                "Cyren": {
                    "category": "undetected",
                    "engine_name": "Cyren",
                    "engine_version": "6.5.1.2",
                    "result": null,
                    "method": "blacklist",
                    "engine_update": "20220805"
                },
                "SymantecMobileInsight": {
                    "category": "malicious",
                    "engine_name": "SymantecMobileInsight",
                    "engine_version": "2.0",
                    "result": "AppRisk:Generisk",
                    "method": "blacklist",
                    "engine_update": "20220208"
                },
                "Symantec": {
                    "category": "malicious",
                    "engine_name": "Symantec",
                    "engine_version": "1.18.0.0",
                    "result": "Trojan.Gen.2",
                    "method": "blacklist",
                    "engine_update": "20220805"
                },
                "Elastic": {
                    "category": "type-unsupported",
                    "engine_name": "Elastic",
                    "engine_version": "4.0.41",
                    "result": null,
                    "method": "blacklist",
                    "engine_update": "20220728"
                },
                "ESET-NOD32": {
                    "category": "malicious",
                    "engine_name": "ESET-NOD32",
                    "engine_version": "25707",
                    "result": "a variant of Android/Anydown.L potentially unsafe",
                    "method": "blacklist",
                    "engine_update": "20220805"
                },
                "APEX": {
                    "category": "type-unsupported",
                    "engine_name": "APEX",
                    "engine_version": "6.320",
                    "result": null,
                    "method": "blacklist",
                    "engine_update": "20220804"
                },
                "TrendMicro-HouseCall": {
                    "category": "undetected",
                    "engine_name": "TrendMicro-HouseCall",
                    "engine_version": "10.0.0.1040",
                    "result": null,
                    "method": "blacklist",
                    "engine_update": "20220805"
                },
                "Avast": {
                    "category": "undetected",
                    "engine_name": "Avast",
                    "engine_version": "21.1.5827.0",
                    "result": null,
                    "method": "blacklist",
                    "engine_update": "20220805"
                },
                "Cynet": {
                    "category": "malicious",
                    "engine_name": "Cynet",
                    "engine_version": "4.0.0.27",
                    "result": "Malicious (score: 99)",
                    "method": "blacklist",
                    "engine_update": "20220805"
                },
                "Kaspersky": {
                    "category": "undetected",
                    "engine_name": "Kaspersky",
                    "engine_version": "21.0.1.45",
                    "result": null,
                    "method": "blacklist",
                    "engine_update": "20220805"
                },
                "BitDefender": {
                    "category": "undetected",
                    "engine_name": "BitDefender",
                    "engine_version": "7.2",
                    "result": null,
                    "method": "blacklist",
                    "engine_update": "20220805"
                },
                "NANO-Antivirus": {
                    "category": "undetected",
                    "engine_name": "NANO-Antivirus",
                    "engine_version": "1.0.146.25618",
                    "result": null,
                    "method": "blacklist",
                    "engine_update": "20220805"
                },
                "SUPERAntiSpyware": {
                    "category": "undetected",
                    "engine_name": "SUPERAntiSpyware",
                    "engine_version": "5.6.0.1032",
                    "result": null,
                    "method": "blacklist",
                    "engine_update": "20220730"
                },
                "MicroWorld-eScan": {
                    "category": "undetected",
                    "engine_name": "MicroWorld-eScan",
                    "engine_version": "14.0.409.0",
                    "result": null,
                    "method": "blacklist",
                    "engine_update": "20220805"
                },
                "Tencent": {
                    "category": "undetected",
                    "engine_name": "Tencent",
                    "engine_version": "1.0.0.1",
                    "result": null,
                    "method": "blacklist",
                    "engine_update": "20220805"
                },
                "Ad-Aware": {
                    "category": "undetected",
                    "engine_name": "Ad-Aware",
                    "engine_version": "3.0.21.193",
                    "result": null,
                    "method": "blacklist",
                    "engine_update": "20220805"
                },
                "Emsisoft": {
                    "category": "undetected",
                    "engine_name": "Emsisoft",
                    "engine_version": "2021.5.0.7597",
                    "result": null,
                    "method": "blacklist",
                    "engine_update": "20220805"
                },
                "Comodo": {
                    "category": "undetected",
                    "engine_name": "Comodo",
                    "engine_version": "34868",
                    "result": null,
                    "method": "blacklist",
                    "engine_update": "20220805"
                },
                "F-Secure": {
                    "category": "malicious",
                    "engine_name": "F-Secure",
                    "engine_version": "18.10.978.51",
                    "result": "PrivacyRisk.SPR/ANDR.Anydown.NAT.Gen",
                    "method": "blacklist",
                    "engine_update": "20220805"
                },
                "DrWeb": {
                    "category": "undetected",
                    "engine_name": "DrWeb",
                    "engine_version": "7.0.56.4040",
                    "result": null,
                    "method": "blacklist",
                    "engine_update": "20220805"
                },
                "VIPRE": {
                    "category": "undetected",
                    "engine_name": "VIPRE",
                    "engine_version": "6.0.0.35",
                    "result": null,
                    "method": "blacklist",
                    "engine_update": "20220804"
                },
                "TrendMicro": {
                    "category": "undetected",
                    "engine_name": "TrendMicro",
                    "engine_version": "11.0.0.1006",
                    "result": null,
                    "method": "blacklist",
                    "engine_update": "20220805"
                },
                "McAfee-GW-Edition": {
                    "category": "malicious",
                    "engine_name": "McAfee-GW-Edition",
                    "engine_version": "v2019.1.2+3728",
                    "result": "Artemis",
                    "method": "blacklist",
                    "engine_update": "20220805"
                },
                "SentinelOne": {
                    "category": "type-unsupported",
                    "engine_name": "SentinelOne",
                    "engine_version": "22.2.1.2",
                    "result": null,
                    "method": "blacklist",
                    "engine_update": "20220330"
                },
                "Trapmine": {
                    "category": "type-unsupported",
                    "engine_name": "Trapmine",
                    "engine_version": "3.5.48.101",
                    "result": null,
                    "method": "blacklist",
                    "engine_update": "20220707"
                },
                "CMC": {
                    "category": "undetected",
                    "engine_name": "CMC",
                    "engine_version": "2.10.2019.1",
                    "result": null,
                    "method": "blacklist",
                    "engine_update": "20220623"
                },
                "Sophos": {
                    "category": "undetected",
                    "engine_name": "Sophos",
                    "engine_version": "1.4.1.0",
                    "result": null,
                    "method": "blacklist",
                    "engine_update": "20220804"
                },
                "Paloalto": {
                    "category": "type-unsupported",
                    "engine_name": "Paloalto",
                    "engine_version": "0.9.0.1003",
                    "result": null,
                    "method": "blacklist",
                    "engine_update": "20220805"
                },
                "Avast-Mobile": {
                    "category": "undetected",
                    "engine_name": "Avast-Mobile",
                    "engine_version": "220804-00",
                    "result": null,
                    "method": "blacklist",
                    "engine_update": "20220804"
                },
                "Jiangmin": {
                    "category": "undetected",
                    "engine_name": "Jiangmin",
                    "engine_version": "16.0.100",
                    "result": null,
                    "method": "blacklist",
                    "engine_update": "20220730"
                },
                "Webroot": {
                    "category": "type-unsupported",
                    "engine_name": "Webroot",
                    "engine_version": "1.0.0.403",
                    "result": null,
                    "method": "blacklist",
                    "engine_update": "20220805"
                },
                "Avira": {
                    "category": "malicious",
                    "engine_name": "Avira",
                    "engine_version": "8.3.3.16",
                    "result": "SPR/ANDR.Anydown.NAT.Gen",
                    "method": "blacklist",
                    "engine_update": "20220805"
                },
                "Antiy-AVL": {
                    "category": "malicious",
                    "engine_name": "Antiy-AVL",
                    "engine_version": "3.0",
                    "result": "Trojan/Generic.ASMalwAD.4B7",
                    "method": "blacklist",
                    "engine_update": "20220805"
                },
                "Kingsoft": {
                    "category": "undetected",
                    "engine_name": "Kingsoft",
                    "engine_version": "2017.9.26.565",
                    "result": null,
                    "method": "blacklist",
                    "engine_update": "20220805"
                },
                "Gridinsoft": {
                    "category": "undetected",
                    "engine_name": "Gridinsoft",
                    "engine_version": "1.0.89.174",
                    "result": null,
                    "method": "blacklist",
                    "engine_update": "20220805"
                },
                "Microsoft": {
                    "category": "malicious",
                    "engine_name": "Microsoft",
                    "engine_version": "1.1.19400.3",
                    "result": "Program:AndroidOS/Multiverze",
                    "method": "blacklist",
                    "engine_update": "20220805"
                },
                "ViRobot": {
                    "category": "undetected",
                    "engine_name": "ViRobot",
                    "engine_version": "2014.3.20.0",
                    "result": null,
                    "method": "blacklist",
                    "engine_update": "20220805"
                },
                "ZoneAlarm": {
                    "category": "undetected",
                    "engine_name": "ZoneAlarm",
                    "engine_version": "1.0",
                    "result": null,
                    "method": "blacklist",
                    "engine_update": "20220805"
                },
                "GData": {
                    "category": "undetected",
                    "engine_name": "GData",
                    "engine_version": "A:25.33674B:27.28329",
                    "result": null,
                    "method": "blacklist",
                    "engine_update": "20220805"
                },
                "TACHYON": {
                    "category": "undetected",
                    "engine_name": "TACHYON",
                    "engine_version": "2022-08-05.01",
                    "result": null,
                    "method": "blacklist",
                    "engine_update": "20220805"
                },
                "BitDefenderFalx": {
                    "category": "malicious",
                    "engine_name": "BitDefenderFalx",
                    "engine_version": "2.0.936",
                    "result": "Android.Adware.Mulad.CG",
                    "method": "blacklist",
                    "engine_update": "20220103"
                },
                "AhnLab-V3": {
                    "category": "undetected",
                    "engine_name": "AhnLab-V3",
                    "engine_version": "3.22.1.10283",
                    "result": null,
                    "method": "blacklist",
                    "engine_update": "20220805"
                },
                "Acronis": {
                    "category": "undetected",
                    "engine_name": "Acronis",
                    "engine_version": "1.2.0.108",
                    "result": null,
                    "method": "blacklist",
                    "engine_update": "20220426"
                },
                "BitDefenderTheta": {
                    "category": "undetected",
                    "engine_name": "BitDefenderTheta",
                    "engine_version": "7.2.37796.0",
                    "result": null,
                    "method": "blacklist",
                    "engine_update": "20220802"
                },
                "ALYac": {
                    "category": "undetected",
                    "engine_name": "ALYac",
                    "engine_version": "1.1.3.1",
                    "result": null,
                    "method": "blacklist",
                    "engine_update": "20220805"
                },
                "MAX": {
                    "category": "undetected",
                    "engine_name": "MAX",
                    "engine_version": "2019.9.16.1",
                    "result": null,
                    "method": "blacklist",
                    "engine_update": "20220805"
                },
                "VBA32": {
                    "category": "undetected",
                    "engine_name": "VBA32",
                    "engine_version": "5.0.0",
                    "result": null,
                    "method": "blacklist",
                    "engine_update": "20220804"
                },
                "Cylance": {
                    "category": "type-unsupported",
                    "engine_name": "Cylance",
                    "engine_version": "2.3.1.101",
                    "result": null,
                    "method": "blacklist",
                    "engine_update": "20220805"
                },
                "Zoner": {
                    "category": "undetected",
                    "engine_name": "Zoner",
                    "engine_version": "2.2.2.0",
                    "result": null,
                    "method": "blacklist",
                    "engine_update": "20220804"
                },
                "Rising": {
                    "category": "undetected",
                    "engine_name": "Rising",
                    "engine_version": "25.0.0.27",
                    "result": null,
                    "method": "blacklist",
                    "engine_update": "20220805"
                },
                "Yandex": {
                    "category": "undetected",
                    "engine_name": "Yandex",
                    "engine_version": "5.5.2.24",
                    "result": null,
                    "method": "blacklist",
                    "engine_update": "20220725"
                },
                "Ikarus": {
                    "category": "malicious",
                    "engine_name": "Ikarus",
                    "engine_version": "6.0.26.0",
                    "result": "PUA.AndroidOS.Anydown",
                    "method": "blacklist",
                    "engine_update": "20220804"
                },
                "MaxSecure": {
                    "category": "undetected",
                    "engine_name": "MaxSecure",
                    "engine_version": "1.0.0.1",
                    "result": null,
                    "method": "blacklist",
                    "engine_update": "20220805"
                },
                "Fortinet": {
                    "category": "malicious",
                    "engine_name": "Fortinet",
                    "engine_version": "6.4.258.0",
                    "result": "Adware/Inmobi!Android",
                    "method": "blacklist",
                    "engine_update": "20220805"
                },
                "Cybereason": {
                    "category": "type-unsupported",
                    "engine_name": "Cybereason",
                    "engine_version": "1.2.449",
                    "result": null,
                    "method": "blacklist",
                    "engine_update": "20210330"
                },
                "Panda": {
                    "category": "undetected",
                    "engine_name": "Panda",
                    "engine_version": "4.6.4.2",
                    "result": null,
                    "method": "blacklist",
                    "engine_update": "20220804"
                },
                "CrowdStrike": {
                    "category": "type-unsupported",
                    "engine_name": "CrowdStrike",
                    "engine_version": "1.0",
                    "result": null,
                    "method": "blacklist",
                    "engine_update": "20220418"
                }
            },
            "sha256": "000447d7ebec825293d013a4db671afbdb01618d46ae578241288a2fe746eb14",
            "type_extension": "apk",
            "tags": [
                "apk",
                "android",
                "reflection"
            ],
            "last_analysis_date": 1659678455,
            "unique_sources": 4,
            "first_submission_date": 1512140498,
            "sha1": "d762480198c6e690fd7c4c99ea975b09b8cb61e1",
            "ssdeep": "98304:sxEkx12vUZtIsfDh4iSEFKr9b+jYXhLaKSU1sX/z76Gnuheg8:sl1jfCh9bg0hLH1sXSGwf8",
            "bundle_info": {
                "highest_datetime": "2017-10-24 03:14:14",
                "lowest_datetime": "2012-02-15 12:15:20",
                "num_children": 196,
                "extensions": {
                    "xml": 11,
                    "dex": 1,
                    "MF": 1,
                    "zip": 8,
                    "db": 2,
                    "otf": 10,
                    "js": 2,
                    "bal": 4,
                    "txt": 2,
                    "ttf": 1,
                    "SF": 1,
                    "png": 146,
                    "DSA": 1
                },
                "file_types": {
                    "XML": 13,
                    "unknown": 28,
                    "DEX": 1,
                    "ZIP": 8,
                    "PNG": 146
                },
                "type": "APK",
                "uncompressed_size": 11948548
            },
            "packers": {
                "F-PROT": "appended"
            },
            "md5": "e9d5036060619ab7a79cc54abff7fc91",
            "androguard": {
                "VTAndroidInfo": 2.0,
                "AndroidApplicationError": false,
                "MinSdkVersion": "4",
                "AndroguardVersion": "3.4.0a1",
                "Activities": [
                    "com.greenncardd.senegalgospelmusic.main",
                    "com.purplebrain.adbuddiz.sdk.AdBuddizActivity",
                    "com.chartboost.sdk.CBImpressionActivity",
                    "com.google.android.gms.ads.AdActivity",
                    "com.startapp.android.publish.list3d.List3DActivity",
                    "com.startapp.android.publish.OverlayActivity",
                    "com.startapp.android.publish.FullScreenActivity",
                    "com.jirbo.adcolony.AdColonyOverlay",
                    "com.jirbo.adcolony.AdColonyFullscreen",
                    "com.jirbo.adcolony.AdColonyBrowser",
                    "ru.mail.android.mytarget.ads.MyTargetActivity",
                    "com.unity3d.ads.android.view.UnityAdsFullscreenActivity",
                    "com.inmobi.rendering.InMobiAdActivity",
                    "com.applovin.adview.AppLovinInterstitialActivity",
                    "com.applovin.adview.AppLovinConfirmationActivity",
                    "com.mopub.mobileads.MoPubActivity",
                    "com.mopub.mobileads.MraidActivity",
                    "com.mopub.common.MoPubBrowser",
                    "com.mopub.mobileads.MraidVideoPlayerActivity",
                    "com.smaato.soma.ExpandedBannerActivity",
                    "com.smaato.soma.interstitial.InterstitialActivity",
                    "com.smaato.soma.video.VASTAdActivity",
                    "com.yandex.mobile.ads.AdActivity",
                    "com.amazon.device.ads.AdActivity",
                    "com.tapsense.android.publisher.TSCustomHtmlActivity",
                    "com.tapsense.android.publisher.TSVastActivity",
                    "com.tapsense.android.publisher.TSPureHtmlActivity",
                    "com.tapsense.android.publisher.TSClickVideoActivity",
                    "com.tapsense.android.publisher.TSAdFlowActivity",
                    "com.tapsense.android.publisher.TSInAppBrowserActivity",
                    "com.tapsense.android.publisher.TSJSActivity",
                    "com.tapsense.sourcekit.mraid.MRAIDBrowser",
                    "com.greenncardd.senegalgospelmusic.merlneak",
                    "com.greenncardd.senegalgospelmusic.food",
                    "com.greenncardd.senegalgospelmusic.bookreader",
                    "com.greenncardd.senegalgospelmusic.cp_test_loy"
                ],
                "certificate": {
                    "Subject": {
                        "DN": "C:kh, CN:honnee, O:rfin",
                        "C": "kh",
                        "CN": "honnee",
                        "O": "rfin"
                    },
                    "validto": "2055-12-30 10:14:37",
                    "serialnumber": "2747116f",
                    "thumbprint": "324c18df1d98fde51120bde08f847802ef28fbba",
                    "validfrom": "2017-08-31 10:14:37",
                    "Issuer": {
                        "DN": "C:kh, CN:honnee, O:rfin",
                        "C": "kh",
                        "CN": "honnee",
                        "O": "rfin"
                    }
                },
                "AndroidApplication": 1,
                "RiskIndicator": {
                    "APK": {
                        "DEX": 1,
                        "ZIP": 8
                    },
                    "PERM": {
                        "DEVELOPMENT": 1,
                        "PRIVACY": 2,
                        "DANGEROUS": 1,
                        "SIGNATURE": 1,
                        "SYSTEM": 1,
                        "INTERNET": 1,
                        "NORMAL": 3,
                        "GPS": 1
                    }
                },
                "Services": [
                    "com.inmobi.signals.activityrecognition.ActivityRecognitionManager",
                    "com.yandex.metrica.MetricaService",
                    "com.personagraph.sensor.service.SensorService",
                    "com.greenncardd.senegalgospelmusic.cp_firststart_loy",
                    "anywheresoftware.b4a.samples.httputils2.httputils2service"
                ],
                "AndroidVersionCode": "1",
                "main_activity": "com.greenncardd.senegalgospelmusic.main",
                "Package": "com.greenncardd.senegalgospelmusic",
                "intent_filters": {
                    "Services": {
                        "com.yandex.metrica.MetricaService": {
                            "action": [
                                "com.yandex.metrica.IMetricaService"
                            ],
                            "category": [
                                "android.intent.category.DEFAULT"
                            ]
                        },
                        "com.personagraph.sensor.service.SensorService": {
                            "action": [
                                "com.personagraph.SensorService"
                            ]
                        }
                    },
                    "Activities": {
                        "com.greenncardd.senegalgospelmusic.main": {
                            "action": [
                                "android.intent.action.MAIN"
                            ],
                            "category": [
                                "android.intent.category.LAUNCHER"
                            ]
                        }
                    },
                    "Receivers": {
                        "com.yandex.metrica.MetricaEventHandler": {
                            "action": [
                                "com.android.vending.INSTALL_REFERRER"
                            ]
                        },
                        "com.personagraph.sensor.service.StartupReceiver": {
                            "action": [
                                "android.intent.action.BOOT_COMPLETED"
                            ],
                            "category": [
                                "android.intent.category.HOME"
                            ]
                        },
                        "com.inmobi.commons.core.utilities.uid.ImIdShareBroadCastReceiver": {
                            "action": [
                                "com.inmobi.share.id"
                            ]
                        }
                    }
                },
                "AndroidVersionName": "1.0",
                "TargetSdkVersion": "22",
                "AndroidApplicationInfo": "APK",
                "permission_details": {
                    "android.permission.ACCESS_FINE_LOCATION": {
                        "short_description": "precise location (GPS and\n      network-based)",
                        "full_description": "Allows the app to get your\n      precise location using the Global Positioning System (GPS) or network\n      location sources such as cell towers and Wi-Fi. These location services\n      must be turned on and available to your device for the app to use them.\n      Apps may use this to determine where you are, and may consume additional\n      battery power.",
                        "permission_type": "dangerous"
                    },
                    "android.permission.BATTERY_STATS": {
                        "short_description": "read battery statistics",
                        "full_description": "Allows an application to read the current low-level\n        battery use data.  May allow the application to find out detailed information about\n        which apps you use.",
                        "permission_type": "signature|system|development"
                    },
                    "android.permission.RECEIVE_BOOT_COMPLETED": {
                        "short_description": "run at startup",
                        "full_description": "Allows the app to\n        have itself started as soon as the system has finished booting.\n        This can make it take longer to start the phone and allow the\n        app to slow down the overall phone by always running.",
                        "permission_type": "normal"
                    },
                    "android.permission.INTERNET": {
                        "short_description": "full network access",
                        "full_description": "Allows the app to create\n     network sockets and use custom network protocols. The browser and other\n     applications provide means to send data to the internet, so this\n     permission is not required to send data to the internet.",
                        "permission_type": "dangerous"
                    },
                    "android.permission.ACCESS_WIFI_STATE": {
                        "short_description": "view Wi-Fi connections",
                        "full_description": "Allows the app to view information\n      about Wi-Fi networking, such as whether Wi-Fi is enabled and name of\n      connected Wi-Fi devices.",
                        "permission_type": "normal"
                    },
                    "android.permission.ACCESS_NETWORK_STATE": {
                        "short_description": "view network connections",
                        "full_description": "Allows the app to view\n      information about network connections such as which networks exist and are\n      connected.",
                        "permission_type": "normal"
                    },
                    "android.permission.READ_PHONE_STATE": {
                        "short_description": "read phone status and identity",
                        "full_description": "Allows the app to access the phone\n      features of the device.  This permission allows the app to determine the\n      phone number and device IDs, whether a call is active, and the remote number\n      connected by a call.",
                        "permission_type": "dangerous"
                    },
                    "android.permission.WRITE_EXTERNAL_STORAGE": {
                        "short_description": "modify or delete the contents of your SD card",
                        "full_description": "Allows the app to write to the SD card.",
                        "permission_type": "dangerous"
                    }
                },
                "Receivers": [
                    "com.inmobi.commons.core.utilities.uid.ImIdShareBroadCastReceiver",
                    "com.yandex.metrica.MetricaEventHandler",
                    "com.personagraph.sensor.service.StartupReceiver",
                    "com.greenncardd.senegalgospelmusic.cp_firststart_loy$cp_firststart_loy_BR",
                    "anywheresoftware.b4a.samples.httputils2.httputils2service$httputils2service_BR"
                ],
                "StringsInformation": [
                    "http://a.applovin.com/",
                    "http://ads.yemonisoni.com/?package={0}&ver={1}&type={2}",
                    "http://amazon-adsystem.amazon.com/",
                    "http://amazon-adsystem.com",
                    "http://avr.smaato.net/report",
                    "http://config.inmobi.com/config-server/v1/config/secure.cfg",
                    "http://d.applovin.com/",
                    "http://d1byvlfiet2h9q.cloudfront.net/InApp/resources/adInformationDialog3.html",
                    "http://data.adbuddiz.com/sdk/v1/downloadAsset/by_adbuddiz.png",
                    "http://data.adbuddiz.com/sdk/v1/downloadAsset/close_button.png",
                    "http://dock.inmobi.com/carb/v1/i",
                    "http://dock.inmobi.com/carb/v1/o",
                    "http://hostname/?",
                    "http://i.w.inmobi.com/showad.asm",
                    "http://i.xx.openx.com/ef3/ef31c13c898edcdfc73feb3c0193b64bcfa70082/754/7544eb4e2c8cb99b125559b8846ce948_2.jpeg",
                    "http://m.maps",
                    "http://map",
                    "http://maps",
                    "http://maps.yandex.ru",
                    "http://market.android",
                    "http://market.android.com",
                    "http://market.android.com/",
                    "http://market.android.com/details?",
                    "http://mobile.maps",
                    "http://os.scmpacdn.com/files/mobile/0.9.2/offerwall_site/fallback/?sdk=1&fallback=1&ts=",
                    "http://play.google",
                    "http://play.google.com",
                    "http://play.google.com/",
                    "http://play.google.com/store/apps/details?",
                    "http://play.google.com/store/apps/details?id=",
                    "http://play.google.com/store/apps/developer?id=",
                    "http://plus.google.com/",
                    "http://rt.applovin.com/pix",
                    "http://s.appintop.com/app/images/test/banner_320x50.png",
                    "http://s.appintop.com/app/images/test/image_640x1136.png",
                    "http://s.appintop.com/app/images/test/rewarded_640x1136.png",
                    "http://s.appintop.com/app/images/test/video_640x1136.png",
                    "http://schema.org/ActivateAction",
                    "http://schema.org/ActiveActionStatus",
                    "http://schema.org/AddAction",
                    "http://schema.org/BookmarkAction",
                    "http://schema.org/CommunicateAction",
                    "http://schema.org/CompletedActionStatus",
                    "http://schema.org/FailedActionStatus",
                    "http://schema.org/FilmAction",
                    "http://schema.org/LikeAction",
                    "http://schema.org/ListenAction",
                    "http://schema.org/PhotographAction",
                    "http://schema.org/ReserveAction",
                    "http://schema.org/SearchAction",
                    "http://schema.org/ViewAction",
                    "http://schema.org/WantAction",
                    "http://schema.org/WatchAction",
                    "http://schemas.android.com/apk/lib/com.amazon.device.ads",
                    "http://schemas.android.com/apk/lib/com.inmobi.ads",
                    "http://schemas.android.com/apk/res/",
                    "http://schemas.applovin.com/android/1.0",
                    "http://smaato-android-sdk.s3.amazonaws.com/x.png",
                    "http://soma.smaato.net/oapi/reqAd.jsp?",
                    "http://tm.inmobi.com/telemetry-collector/v1/collect",
                    "http://twitter.com/home?status=",
                    "http://www.dummy.com",
                    "http://www.google-analytics.com",
                    "http://www.google.com",
                    "http://www.inmobi.com/products/sdk/#downloads",
                    "http://www.smaato.com",
                    "http://www.startappexchange.com",
                    "http://www.tapsense.com",
                    "http://xmlpull.org/v1/doc/features.html#process-namespaces",
                    "https://8b2824c2cb184ce0ac78b82dba46b78a:c4d6345aac3a40b58c75761ab14a9ce8@ad.mail.ru/6",
                    "https://ad.mail.ru/mobile/",
                    "https://ads03.tapsense.com/ads/tapsensead",
                    "https://ads03.tapsense.com/ads/tapsenseconfig",
                    "https://ads03.tapsense.com/ads/tapsenseretargeting",
                    "https://androidads23.adcolony.com/configure",
                    "https://apis.personagraph.com",
                    "https://app.getsentry.com:443",
                    "https://app.getsentry.com:443/api/43633/store/",
                    "https://csi.gstatic.com/csi",
                    "https://googleads.g.doubleclick.net/mads/static/mad/sdk/native/mraid/v2/mraid_app_banner.js",
                    "https://googleads.g.doubleclick.net/mads/static/mad/sdk/native/mraid/v2/mraid_app_expanded_banner.js",
                    "https://googleads.g.doubleclick.net/mads/static/mad/sdk/native/mraid/v2/mraid_app_interstitial.js",
                    "https://googleads.g.doubleclick.net/mads/static/mad/sdk/native/sdk-core-v40.html",
                    "https://impact.applifier.com/mobile/campaigns",
                    "https://impact.staging.applifier.com/mobile/campaigns",
                    "https://inmobisdk-a.akamaihd.net/sdk/500/android/mraid.js",
                    "https://live.chartboost.com",
                    "https://m.google.com/app/plus/x/?v=compose&content=",
                    "https://map",
                    "https://maps",
                    "https://market.android",
                    "https://market.android.com",
                    "https://market.android.com/details?",
                    "https://notify.tapsense.com/ads/ping?",
                    "https://play.google",
                    "https://play.google.com",
                    "https://play.google.com/",
                    "https://play.google.com/store/apps/details?",
                    "https://play.google.com/store/search?",
                    "https://sdkm.w.inmobi.com/user/e.asm"
                ]
            },
            "magic": "Zip archive data, at least v2.0 to extract",
            "last_analysis_stats": {
                "harmless": 0,
                "type-unsupported": 10,
                "suspicious": 0,
                "confirmed-timeout": 0,
                "timeout": 0,
                "failure": 0,
                "malicious": 18,
                "undetected": 46
            },
            "meaningful_name": "000447D7EBEC825293D013A4DB671AFBDB01618D46AE578241288A2FE746EB14.apk",
            "reputation": 0
        },
        "type": "file",
        "id": "000447d7ebec825293d013a4db671afbdb01618d46ae578241288a2fe746eb14",
        "links": {
            "self": "https://www.virustotal.com/api/v3/files/000447d7ebec825293d013a4db671afbdb01618d46ae578241288a2fe746eb14"
        }
    }
}