{
    "data": {
        "attributes": {
            "type_description": "Android",
            "tlsh": "T1FEF501C2B7EE1625F9B3CB399BB655A55A2EBDA05907E71F0114710C0CBFAC08E50F92",
            "vhash": "2df6bb0a51f08bc0f0e878f723348d12",
            "trid": [
                {
                    "file_type": "Android Package",
                    "probability": 67.5
                },
                {
                    "file_type": "Java Archive",
                    "probability": 23.6
                },
                {
                    "file_type": "ZIP compressed archive",
                    "probability": 7.0
                },
                {
                    "file_type": "PrintFox/Pagefox bitmap (640x800)",
                    "probability": 1.7
                }
            ],
            "names": [
                "000415B67E22E608F1BCBD68C6116365AE8F97F9CC7F1D4EDC859F378CA406F4.apk",
                "appinventor.ai_24bwestover.FoosballUtility_BW.apk"
            ],
            "last_modification_date": 1648127467,
            "type_tag": "android",
            "times_submitted": 3,
            "total_votes": {
                "harmless": 0,
                "malicious": 0
            },
            "size": 3537753,
            "type_extension": "apk",
            "last_submission_date": 1648120187,
            "last_analysis_results": {
                "Bkav": {
                    "category": "undetected",
                    "engine_name": "Bkav",
                    "engine_version": "1.3.0.9899",
                    "result": null,
                    "method": "blacklist",
                    "engine_update": "20220324"
                },
                "Lionic": {
                    "category": "undetected",
                    "engine_name": "Lionic",
                    "engine_version": "7.5",
                    "result": null,
                    "method": "blacklist",
                    "engine_update": "20220324"
                },
                "Elastic": {
                    "category": "type-unsupported",
                    "engine_name": "Elastic",
                    "engine_version": "4.0.35",
                    "result": null,
                    "method": "blacklist",
                    "engine_update": "20220302"
                },
                "DrWeb": {
                    "category": "undetected",
                    "engine_name": "DrWeb",
                    "engine_version": "7.0.54.3080",
                    "result": null,
                    "method": "blacklist",
                    "engine_update": "20220324"
                },
                "MicroWorld-eScan": {
                    "category": "undetected",
                    "engine_name": "MicroWorld-eScan",
                    "engine_version": "14.0.409.0",
                    "result": null,
                    "method": "blacklist",
                    "engine_update": "20220324"
                },
                "ClamAV": {
                    "category": "timeout",
                    "engine_name": "ClamAV",
                    "engine_version": "0.104.2.0",
                    "result": null,
                    "method": "blacklist",
                    "engine_update": "20220324"
                },
                "FireEye": {
                    "category": "undetected",
                    "engine_name": "FireEye",
                    "engine_version": "32.44.1.0",
                    "result": null,
                    "method": "blacklist",
                    "engine_update": "20220324"
                },
                "CAT-QuickHeal": {
                    "category": "undetected",
                    "engine_name": "CAT-QuickHeal",
                    "engine_version": "14.00",
                    "result": null,
                    "method": "blacklist",
                    "engine_update": "20220323"
                },
                "McAfee": {
                    "category": "undetected",
                    "engine_name": "McAfee",
                    "engine_version": "6.0.6.653",
                    "result": null,
                    "method": "blacklist",
                    "engine_update": "20220324"
                },
                "Malwarebytes": {
                    "category": "undetected",
                    "engine_name": "Malwarebytes",
                    "engine_version": "4.2.2.27",
                    "result": null,
                    "method": "blacklist",
                    "engine_update": "20220324"
                },
                "Paloalto": {
                    "category": "type-unsupported",
                    "engine_name": "Paloalto",
                    "engine_version": "0.9.0.1003",
                    "result": null,
                    "method": "blacklist",
                    "engine_update": "20220324"
                },
                "Sangfor": {
                    "category": "undetected",
                    "engine_name": "Sangfor",
                    "engine_version": "2.9.0.0",
                    "result": null,
                    "method": "blacklist",
                    "engine_update": "20211224"
                },
                "Trustlook": {
                    "category": "undetected",
                    "engine_name": "Trustlook",
                    "engine_version": "1.0",
                    "result": null,
                    "method": "blacklist",
                    "engine_update": "20220324"
                },
                "Alibaba": {
                    "category": "undetected",
                    "engine_name": "Alibaba",
                    "engine_version": "0.3.0.5",
                    "result": null,
                    "method": "blacklist",
                    "engine_update": "20190527"
                },
                "K7GW": {
                    "category": "undetected",
                    "engine_name": "K7GW",
                    "engine_version": "11.255.41453",
                    "result": null,
                    "method": "blacklist",
                    "engine_update": "20220324"
                },
                "K7AntiVirus": {
                    "category": "undetected",
                    "engine_name": "K7AntiVirus",
                    "engine_version": "11.255.41455",
                    "result": null,
                    "method": "blacklist",
                    "engine_update": "20220324"
                },
                "Arcabit": {
                    "category": "undetected",
                    "engine_name": "Arcabit",
                    "engine_version": "1.0.0.889",
                    "result": null,
                    "method": "blacklist",
                    "engine_update": "20220324"
                },
                "BitDefenderTheta": {
                    "category": "undetected",
                    "engine_name": "BitDefenderTheta",
                    "engine_version": "7.2.37796.0",
                    "result": null,
                    "method": "blacklist",
                    "engine_update": "20220318"
                },
                "VirIT": {
                    "category": "undetected",
                    "engine_name": "VirIT",
                    "engine_version": "9.5.160",
                    "result": null,
                    "method": "blacklist",
                    "engine_update": "20220323"
                },
                "Cyren": {
                    "category": "undetected",
                    "engine_name": "Cyren",
                    "engine_version": "6.5.1.2",
                    "result": null,
                    "method": "blacklist",
                    "engine_update": "20220324"
                },
                "SymantecMobileInsight": {
                    "category": "undetected",
                    "engine_name": "SymantecMobileInsight",
                    "engine_version": "2.0",
                    "result": null,
                    "method": "blacklist",
                    "engine_update": "20220208"
                },
                "tehtris": {
                    "category": "type-unsupported",
                    "engine_name": "tehtris",
                    "engine_version": "v0.0.7",
                    "result": null,
                    "method": "blacklist",
                    "engine_update": "20220324"
                },
                "ESET-NOD32": {
                    "category": "undetected",
                    "engine_name": "ESET-NOD32",
                    "engine_version": "24991",
                    "result": null,
                    "method": "blacklist",
                    "engine_update": "20220324"
                },
                "APEX": {
                    "category": "type-unsupported",
                    "engine_name": "APEX",
                    "engine_version": "6.273",
                    "result": null,
                    "method": "blacklist",
                    "engine_update": "20220322"
                },
                "TrendMicro-HouseCall": {
                    "category": "undetected",
                    "engine_name": "TrendMicro-HouseCall",
                    "engine_version": "10.0.0.1040",
                    "result": null,
                    "method": "blacklist",
                    "engine_update": "20220324"
                },
                "Avast": {
                    "category": "undetected",
                    "engine_name": "Avast",
                    "engine_version": "21.1.5827.0",
                    "result": null,
                    "method": "blacklist",
                    "engine_update": "20220324"
                },
                "Cynet": {
                    "category": "undetected",
                    "engine_name": "Cynet",
                    "engine_version": "4.0.0.27",
                    "result": null,
                    "method": "blacklist",
                    "engine_update": "20220324"
                },
                "Kaspersky": {
                    "category": "undetected",
                    "engine_name": "Kaspersky",
                    "engine_version": "21.0.1.45",
                    "result": null,
                    "method": "blacklist",
                    "engine_update": "20220324"
                },
                "BitDefender": {
                    "category": "undetected",
                    "engine_name": "BitDefender",
                    "engine_version": "7.2",
                    "result": null,
                    "method": "blacklist",
                    "engine_update": "20220324"
                },
                "NANO-Antivirus": {
                    "category": "undetected",
                    "engine_name": "NANO-Antivirus",
                    "engine_version": "1.0.146.25563",
                    "result": null,
                    "method": "blacklist",
                    "engine_update": "20220324"
                },
                "SUPERAntiSpyware": {
                    "category": "undetected",
                    "engine_name": "SUPERAntiSpyware",
                    "engine_version": "5.6.0.1032",
                    "result": null,
                    "method": "blacklist",
                    "engine_update": "20220319"
                },
                "Tencent": {
                    "category": "malicious",
                    "engine_name": "Tencent",
                    "engine_version": "1.0.0.1",
                    "result": "a.gray.inventor.a",
                    "method": "blacklist",
                    "engine_update": "20220324"
                },
                "Ad-Aware": {
                    "category": "undetected",
                    "engine_name": "Ad-Aware",
                    "engine_version": "3.0.21.193",
                    "result": null,
                    "method": "blacklist",
                    "engine_update": "20220324"
                },
                "Emsisoft": {
                    "category": "undetected",
                    "engine_name": "Emsisoft",
                    "engine_version": "2021.5.0.7597",
                    "result": null,
                    "method": "blacklist",
                    "engine_update": "20220324"
                },
                "Comodo": {
                    "category": "undetected",
                    "engine_name": "Comodo",
                    "engine_version": "34466",
                    "result": null,
                    "method": "blacklist",
                    "engine_update": "20220324"
                },
                "F-Secure": {
                    "category": "undetected",
                    "engine_name": "F-Secure",
                    "engine_version": "12.0.86.52",
                    "result": null,
                    "method": "blacklist",
                    "engine_update": "20220324"
                },
                "Baidu": {
                    "category": "undetected",
                    "engine_name": "Baidu",
                    "engine_version": "1.0.0.2",
                    "result": null,
                    "method": "blacklist",
                    "engine_update": "20190318"
                },
                "Zillya": {
                    "category": "undetected",
                    "engine_name": "Zillya",
                    "engine_version": "2.0.0.4595",
                    "result": null,
                    "method": "blacklist",
                    "engine_update": "20220323"
                },
                "TrendMicro": {
                    "category": "undetected",
                    "engine_name": "TrendMicro",
                    "engine_version": "11.0.0.1006",
                    "result": null,
                    "method": "blacklist",
                    "engine_update": "20220324"
                },
                "McAfee-GW-Edition": {
                    "category": "undetected",
                    "engine_name": "McAfee-GW-Edition",
                    "engine_version": "v2019.1.2+3728",
                    "result": null,
                    "method": "blacklist",
                    "engine_update": "20220324"
                },
                "Trapmine": {
                    "category": "type-unsupported",
                    "engine_name": "Trapmine",
                    "engine_version": "3.5.45.75",
                    "result": null,
                    "method": "blacklist",
                    "engine_update": "20220217"
                },
                "CMC": {
                    "category": "undetected",
                    "engine_name": "CMC",
                    "engine_version": "2.10.2019.1",
                    "result": null,
                    "method": "blacklist",
                    "engine_update": "20211026"
                },
                "Sophos": {
                    "category": "undetected",
                    "engine_name": "Sophos",
                    "engine_version": "1.4.1.0",
                    "result": null,
                    "method": "blacklist",
                    "engine_update": "20220324"
                },
                "Ikarus": {
                    "category": "failure",
                    "engine_name": "Ikarus",
                    "engine_version": "6.0.11.0",
                    "result": null,
                    "method": "blacklist",
                    "engine_update": "20220324"
                },
                "Avast-Mobile": {
                    "category": "undetected",
                    "engine_name": "Avast-Mobile",
                    "engine_version": "220324-00",
                    "result": null,
                    "method": "blacklist",
                    "engine_update": "20220324"
                },
                "Jiangmin": {
                    "category": "undetected",
                    "engine_name": "Jiangmin",
                    "engine_version": "16.0.100",
                    "result": null,
                    "method": "blacklist",
                    "engine_update": "20220323"
                },
                "Webroot": {
                    "category": "type-unsupported",
                    "engine_name": "Webroot",
                    "engine_version": "1.0.0.403",
                    "result": null,
                    "method": "blacklist",
                    "engine_update": "20220324"
                },
                "Avira": {
                    "category": "undetected",
                    "engine_name": "Avira",
                    "engine_version": "8.3.3.14",
                    "result": null,
                    "method": "blacklist",
                    "engine_update": "20220324"
                },
                "Antiy-AVL": {
                    "category": "undetected",
                    "engine_name": "Antiy-AVL",
                    "engine_version": "3.0.0.1",
                    "result": null,
                    "method": "blacklist",
                    "engine_update": "20220324"
                },
                "Kingsoft": {
                    "category": "undetected",
                    "engine_name": "Kingsoft",
                    "engine_version": "2017.9.26.565",
                    "result": null,
                    "method": "blacklist",
                    "engine_update": "20220324"
                },
                "Gridinsoft": {
                    "category": "undetected",
                    "engine_name": "Gridinsoft",
                    "engine_version": "1.0.74.174",
                    "result": null,
                    "method": "blacklist",
                    "engine_update": "20220324"
                },
                "Microsoft": {
                    "category": "undetected",
                    "engine_name": "Microsoft",
                    "engine_version": "1.1.19000.8",
                    "result": null,
                    "method": "blacklist",
                    "engine_update": "20220324"
                },
                "ViRobot": {
                    "category": "undetected",
                    "engine_name": "ViRobot",
                    "engine_version": "2014.3.20.0",
                    "result": null,
                    "method": "blacklist",
                    "engine_update": "20220324"
                },
                "ZoneAlarm": {
                    "category": "undetected",
                    "engine_name": "ZoneAlarm",
                    "engine_version": "1.0",
                    "result": null,
                    "method": "blacklist",
                    "engine_update": "20220324"
                },
                "GData": {
                    "category": "undetected",
                    "engine_name": "GData",
                    "engine_version": "A:25.32622B:27.26773",
                    "result": null,
                    "method": "blacklist",
                    "engine_update": "20220324"
                },
                "SentinelOne": {
                    "category": "type-unsupported",
                    "engine_name": "SentinelOne",
                    "engine_version": "7.2.0.1",
                    "result": null,
                    "method": "blacklist",
                    "engine_update": "20220201"
                },
                "BitDefenderFalx": {
                    "category": "undetected",
                    "engine_name": "BitDefenderFalx",
                    "engine_version": "2.0.936",
                    "result": null,
                    "method": "blacklist",
                    "engine_update": "20220103"
                },
                "AhnLab-V3": {
                    "category": "undetected",
                    "engine_name": "AhnLab-V3",
                    "engine_version": "3.21.3.10230",
                    "result": null,
                    "method": "blacklist",
                    "engine_update": "20220324"
                },
                "Acronis": {
                    "category": "type-unsupported",
                    "engine_name": "Acronis",
                    "engine_version": "1.1.1.82",
                    "result": null,
                    "method": "blacklist",
                    "engine_update": "20210512"
                },
                "VBA32": {
                    "category": "undetected",
                    "engine_name": "VBA32",
                    "engine_version": "5.0.0",
                    "result": null,
                    "method": "blacklist",
                    "engine_update": "20220324"
                },
                "ALYac": {
                    "category": "undetected",
                    "engine_name": "ALYac",
                    "engine_version": "1.1.3.1",
                    "result": null,
                    "method": "blacklist",
                    "engine_update": "20220324"
                },
                "MAX": {
                    "category": "undetected",
                    "engine_name": "MAX",
                    "engine_version": "2019.9.16.1",
                    "result": null,
                    "method": "blacklist",
                    "engine_update": "20220324"
                },
                "Cylance": {
                    "category": "type-unsupported",
                    "engine_name": "Cylance",
                    "engine_version": "2.3.1.101",
                    "result": null,
                    "method": "blacklist",
                    "engine_update": "20220324"
                },
                "Zoner": {
                    "category": "undetected",
                    "engine_name": "Zoner",
                    "engine_version": "2.2.2.0",
                    "result": null,
                    "method": "blacklist",
                    "engine_update": "20220323"
                },
                "Rising": {
                    "category": "undetected",
                    "engine_name": "Rising",
                    "engine_version": "25.0.0.27",
                    "result": null,
                    "method": "blacklist",
                    "engine_update": "20220324"
                },
                "Yandex": {
                    "category": "undetected",
                    "engine_name": "Yandex",
                    "engine_version": "5.5.2.24",
                    "result": null,
                    "method": "blacklist",
                    "engine_update": "20220324"
                },
                "TACHYON": {
                    "category": "undetected",
                    "engine_name": "TACHYON",
                    "engine_version": "2022-03-24.02",
                    "result": null,
                    "method": "blacklist",
                    "engine_update": "20220324"
                },
                "MaxSecure": {
                    "category": "undetected",
                    "engine_name": "MaxSecure",
                    "engine_version": "1.0.0.1",
                    "result": null,
                    "method": "blacklist",
                    "engine_update": "20220324"
                },
                "Fortinet": {
                    "category": "undetected",
                    "engine_name": "Fortinet",
                    "engine_version": "6.2.142.0",
                    "result": null,
                    "method": "blacklist",
                    "engine_update": "20220324"
                },
                "Cybereason": {
                    "category": "type-unsupported",
                    "engine_name": "Cybereason",
                    "engine_version": "1.2.449",
                    "result": null,
                    "method": "blacklist",
                    "engine_update": "20210330"
                },
                "Panda": {
                    "category": "undetected",
                    "engine_name": "Panda",
                    "engine_version": "4.6.4.2",
                    "result": null,
                    "method": "blacklist",
                    "engine_update": "20220323"
                },
                "CrowdStrike": {
                    "category": "type-unsupported",
                    "engine_name": "CrowdStrike",
                    "engine_version": "1.0",
                    "result": null,
                    "method": "blacklist",
                    "engine_update": "20210907"
                }
            },
            "sandbox_verdicts": {
                "Tencent HABO": {
                    "category": "malicious",
                    "sandbox_name": "Tencent HABO",
                    "malware_classification": [
                        "MALWARE"
                    ]
                }
            },
            "sha256": "000415b67e22e608f1bcbd68c6116365ae8f97f9cc7f1d4edc859f378ca406f4",
            "tags": [
                "reflection",
                "telephony",
                "runtime-modules",
                "apk",
                "clipboard",
                "android"
            ],
            "last_analysis_date": 1648120187,
            "unique_sources": 3,
            "first_submission_date": 1592567008,
            "sha1": "bb5caf6a66a870608a8bee071eb30f07bd6f2de9",
            "ssdeep": "98304:JENOx1CahspoXYEZmUd+p4xuc7gl7s7itP2/:JKOxoahioXtZmRyuc7qjP2/",
            "bundle_info": {
                "highest_datetime": "2019-05-13 19:59:54",
                "lowest_datetime": "1980-01-01 00:00:00",
                "num_children": 467,
                "extensions": {
                    "xml": 178,
                    "dex": 1,
                    "MF": 1,
                    "RSA": 1,
                    "SF": 1,
                    "png": 284
                },
                "file_types": {
                    "XML": 178,
                    "DEX": 1,
                    "PNG": 284,
                    "unknown": 4
                },
                "type": "APK",
                "uncompressed_size": 7094122
            },
            "md5": "5fd7228b370cdf67c7a88ae3347abfcb",
            "androguard": {
                "Activities": [
                    "appinventor.ai_24bwestover.FoosballUtility_BW.Screen1",
                    "appinventor.ai_24bwestover.FoosballUtility_BW.BracketListScreen",
                    "appinventor.ai_24bwestover.FoosballUtility_BW.BracketScreen",
                    "appinventor.ai_24bwestover.FoosballUtility_BW.GatliffScreen",
                    "appinventor.ai_24bwestover.FoosballUtility_BW.VideoScreen",
                    "appinventor.ai_24bwestover.FoosballUtility_BW.UnrealFoosScreen",
                    "appinventor.ai_24bwestover.FoosballUtility_BW.PictureListScreen",
                    "appinventor.ai_24bwestover.FoosballUtility_BW.ImageViewerScreen",
                    "appinventor.ai_24bwestover.FoosballUtility_BW.VideoListScreen",
                    "appinventor.ai_24bwestover.FoosballUtility_BW.VideoViewerScreen",
                    "appinventor.ai_24bwestover.FoosballUtility_BW.TipsScreen",
                    "com.google.appinventor.components.runtime.ListPickerActivity"
                ],
                "AndroidVersionCode": "24",
                "main_activity": "appinventor.ai_24bwestover.FoosballUtility_BW.Screen1",
                "certificate": {
                    "Subject": {
                        "DN": "C:US, CN:Android, L:Mountain View, O:Google Inc., ST:California, OU:Android",
                        "C": "US",
                        "CN": "Android",
                        "L": "Mountain View",
                        "O": "Google Inc.",
                        "ST": "California",
                        "OU": "Android"
                    },
                    "validto": "2049-05-08 22:06:22",
                    "serialnumber": "823f7d3b6eec0ddca19ea6d2523f04c31846ccb8",
                    "thumbprint": "3f583cf0303127b00e9970eda1f57e1dce33bb81",
                    "validfrom": "2019-05-08 22:06:22",
                    "Issuer": {
                        "DN": "C:US, CN:Android, L:Mountain View, O:Google Inc., ST:California, OU:Android",
                        "C": "US",
                        "CN": "Android",
                        "L": "Mountain View",
                        "O": "Google Inc.",
                        "ST": "California",
                        "OU": "Android"
                    }
                },
                "VTAndroidInfo": 2.0,
                "Package": "appinventor.ai_24bwestover.FoosballUtility_BW",
                "intent_filters": {
                    "Activities": {
                        "appinventor.ai_24bwestover.FoosballUtility_BW.TipsScreen": {
                            "action": [
                                "android.intent.action.MAIN"
                            ]
                        },
                        "appinventor.ai_24bwestover.FoosballUtility_BW.BracketListScreen": {
                            "action": [
                                "android.intent.action.MAIN"
                            ]
                        },
                        "appinventor.ai_24bwestover.FoosballUtility_BW.UnrealFoosScreen": {
                            "action": [
                                "android.intent.action.MAIN"
                            ]
                        },
                        "appinventor.ai_24bwestover.FoosballUtility_BW.PictureListScreen": {
                            "action": [
                                "android.intent.action.MAIN"
                            ]
                        },
                        "appinventor.ai_24bwestover.FoosballUtility_BW.ImageViewerScreen": {
                            "action": [
                                "android.intent.action.MAIN"
                            ]
                        },
                        "appinventor.ai_24bwestover.FoosballUtility_BW.VideoScreen": {
                            "action": [
                                "android.intent.action.MAIN"
                            ]
                        },
                        "appinventor.ai_24bwestover.FoosballUtility_BW.VideoViewerScreen": {
                            "action": [
                                "android.intent.action.MAIN"
                            ]
                        },
                        "appinventor.ai_24bwestover.FoosballUtility_BW.GatliffScreen": {
                            "action": [
                                "android.intent.action.MAIN"
                            ]
                        },
                        "appinventor.ai_24bwestover.FoosballUtility_BW.VideoListScreen": {
                            "action": [
                                "android.intent.action.MAIN"
                            ]
                        },
                        "appinventor.ai_24bwestover.FoosballUtility_BW.Screen1": {
                            "action": [
                                "android.intent.action.MAIN"
                            ],
                            "category": [
                                "android.intent.category.LAUNCHER"
                            ]
                        },
                        "appinventor.ai_24bwestover.FoosballUtility_BW.BracketScreen": {
                            "action": [
                                "android.intent.action.MAIN"
                            ]
                        }
                    }
                },
                "permission_details": {
                    "android.permission.READ_EXTERNAL_STORAGE": {
                        "short_description": "read the contents of your SD card",
                        "full_description": "Allows the app to read the contents of your SD card.",
                        "permission_type": "dangerous"
                    },
                    "android.permission.ACCESS_WIFI_STATE": {
                        "short_description": "view Wi-Fi connections",
                        "full_description": "Allows the app to view information\n      about Wi-Fi networking, such as whether Wi-Fi is enabled and name of\n      connected Wi-Fi devices.",
                        "permission_type": "normal"
                    },
                    "android.permission.ACCESS_NETWORK_STATE": {
                        "short_description": "view network connections",
                        "full_description": "Allows the app to view\n      information about network connections such as which networks exist and are\n      connected.",
                        "permission_type": "normal|ephemeral"
                    },
                    "android.permission.CAMERA": {
                        "short_description": "take pictures and videos",
                        "full_description": "This app can take pictures and record videos using the camera at any time.",
                        "permission_type": "dangerous|ephemeral"
                    },
                    "android.permission.INTERNET": {
                        "short_description": "have full network access",
                        "full_description": "Allows the app to create\n     network sockets and use custom network protocols. The browser and other\n     applications provide means to send data to the internet, so this\n     permission is not required to send data to the internet.",
                        "permission_type": "normal|ephemeral"
                    },
                    "android.permission.WRITE_EXTERNAL_STORAGE": {
                        "short_description": "modify or delete the contents of your SD card",
                        "full_description": "Allows the app to write to the SD card.",
                        "permission_type": "dangerous"
                    }
                },
                "AndroidApplication": 1,
                "StringsInformation": [
                    "http://ai-mediaservice.appspot.com",
                    "http://androvote.appspot.com",
                    "http://appinvgameserver.appspot.com",
                    "http://gnu.org/kawa/cached-collections",
                    "http://kawa.gnu.org/",
                    "http://kawa.gnu.org/unit",
                    "http://kawa.gnu.org/unknown-namespace/",
                    "http://m.youtube.com/user/JustALittleMirage",
                    "http://m.youtube.com/user/zekefooser",
                    "http://qexo.gnu.org/",
                    "http://schemas.android.com/apk/res/android",
                    "http://tinywebdb.appinventor.mit.edu",
                    "http://tinywebdb.appinventor.mit.edu/",
                    "http://www.google.com/fusiontables/v2/query",
                    "http://www.w3.org/1999/XSL/Transform",
                    "http://www.w3.org/1999/xhtml",
                    "http://www.w3.org/2000/xmlns/",
                    "http://www.w3.org/2001/XMLSchema",
                    "http://www.w3.org/2001/XMLSchema-instance",
                    "http://www.w3.org/2005/xpath-functions",
                    "http://www.w3.org/2005/xpath-functions/collation/codepoint",
                    "http://www.w3.org/2005/xqt-errors",
                    "http://www.w3.org/2005/xquery-local-functions",
                    "http://www.w3.org/XML/1998/namespace",
                    "https://benthetechguy.github.io/webtest/xantheusapp.html",
                    "https://docs.google.com/spreadsheet/formResponse?formkey=%s&ifq",
                    "https://translate.yandex.net/api/v1.5/tr.json/translate?key=",
                    "https://www.google.com/voice/b/0/redirection/voice",
                    "https://www.google.com/voice/b/0/sms/send/",
                    "https://www.googleapis.com/auth/fusiontables",
                    "https://www.googleapis.com/fusiontables/v2/tables",
                    "https://www.googleapis.com/fusiontables/v2/tables?key="
                ],
                "AndroidApplicationError": false,
                "Providers": [
                    "android.support.v4.content.FileProvider"
                ],
                "AndroidVersionName": "2.0",
                "RiskIndicator": {
                    "APK": {
                        "DEX": 1
                    },
                    "PERM": {
                        "DANGEROUS": 2,
                        "PRIVACY": 1,
                        "EPHEMERAL": 1,
                        "NORMAL": 2,
                        "INTERNET": 1
                    }
                },
                "MinSdkVersion": "7",
                "TargetSdkVersion": "26",
                "AndroguardVersion": "3.4.0a1",
                "AndroidApplicationInfo": "APK"
            },
            "magic": "Zip archive data, at least v2.0 to extract",
            "last_analysis_stats": {
                "harmless": 0,
                "type-unsupported": 11,
                "suspicious": 0,
                "confirmed-timeout": 0,
                "timeout": 1,
                "failure": 1,
                "malicious": 1,
                "undetected": 58
            },
            "meaningful_name": "000415B67E22E608F1BCBD68C6116365AE8F97F9CC7F1D4EDC859F378CA406F4.apk",
            "reputation": 0
        },
        "type": "file",
        "id": "000415b67e22e608f1bcbd68c6116365ae8f97f9cc7f1d4edc859f378ca406f4",
        "links": {
            "self": "https://www.virustotal.com/api/v3/files/000415b67e22e608f1bcbd68c6116365ae8f97f9cc7f1d4edc859f378ca406f4"
        }
    }
}