{
    "data": {
        "attributes": {
            "type_description": "Android",
            "tlsh": "T1AD06F102EAAEB816D7B79C73867633235C850C449545E61B39EDB11CDFB3A80DA49F8C",
            "vhash": "1bd2f282f0131d629c2da77ef931bec6",
            "trid": [
                {
                    "file_type": "Android Package",
                    "probability": 43.5
                },
                {
                    "file_type": "Opera Widget",
                    "probability": 15.8
                },
                {
                    "file_type": "Java Archive",
                    "probability": 15.2
                },
                {
                    "file_type": "Sweet Home 3D design (generic)",
                    "probability": 11.8
                },
                {
                    "file_type": "Mozilla Archive Format (gen)",
                    "probability": 7.9
                }
            ],
            "names": [
                "com.qihoo360.daily_JiSuXia.apk",
                "9184267343.apk",
                "534269cfcab33997ec307017aec49b22.apk",
                "output.119708700.txt",
                "com.qihoo360.daily_321_XiaZaiBa.apk",
                "com.qihoo360.daily_321.apk.apk"
            ],
            "last_modification_date": 1657764017,
            "type_tag": "android",
            "times_submitted": 6,
            "total_votes": {
                "harmless": 0,
                "malicious": 0
            },
            "size": 3920470,
            "type_extension": "apk",
            "last_submission_date": 1602016111,
            "last_analysis_results": {
                "Bkav": {
                    "category": "undetected",
                    "engine_name": "Bkav",
                    "engine_version": "1.3.0.9899",
                    "result": null,
                    "method": "blacklist",
                    "engine_update": "20201014"
                },
                "Lionic": {
                    "category": "undetected",
                    "engine_name": "AegisLab",
                    "engine_version": "4.2",
                    "result": null,
                    "method": "blacklist",
                    "engine_update": "20201015"
                },
                "Elastic": {
                    "category": "type-unsupported",
                    "engine_name": "Elastic",
                    "engine_version": "4.0.11",
                    "result": null,
                    "method": "blacklist",
                    "engine_update": "20201012"
                },
                "MicroWorld-eScan": {
                    "category": "undetected",
                    "engine_name": "MicroWorld-eScan",
                    "engine_version": "14.0.409.0",
                    "result": null,
                    "method": "blacklist",
                    "engine_update": "20201015"
                },
                "FireEye": {
                    "category": "undetected",
                    "engine_name": "FireEye",
                    "engine_version": "32.36.1.0",
                    "result": null,
                    "method": "blacklist",
                    "engine_update": "20201015"
                },
                "CAT-QuickHeal": {
                    "category": "undetected",
                    "engine_name": "CAT-QuickHeal",
                    "engine_version": "14.00",
                    "result": null,
                    "method": "blacklist",
                    "engine_update": "20201015"
                },
                "McAfee": {
                    "category": "undetected",
                    "engine_name": "McAfee",
                    "engine_version": "6.0.6.653",
                    "result": null,
                    "method": "blacklist",
                    "engine_update": "20201012"
                },
                "Malwarebytes": {
                    "category": "undetected",
                    "engine_name": "Malwarebytes",
                    "engine_version": "3.6.4.335",
                    "result": null,
                    "method": "blacklist",
                    "engine_update": "20201015"
                },
                "Zillya": {
                    "category": "failure",
                    "engine_name": "Zillya",
                    "engine_version": "2.0.0.4198",
                    "result": null,
                    "method": "blacklist",
                    "engine_update": "20201013"
                },
                "Paloalto": {
                    "category": "type-unsupported",
                    "engine_name": "Paloalto",
                    "engine_version": "1.0",
                    "result": null,
                    "method": "blacklist",
                    "engine_update": "20201015"
                },
                "Sangfor": {
                    "category": "undetected",
                    "engine_name": "Sangfor",
                    "engine_version": "1.0",
                    "result": null,
                    "method": "blacklist",
                    "engine_update": "20200814"
                },
                "Trustlook": {
                    "category": "undetected",
                    "engine_name": "Trustlook",
                    "engine_version": "1.0",
                    "result": null,
                    "method": "blacklist",
                    "engine_update": "20201015"
                },
                "Alibaba": {
                    "category": "undetected",
                    "engine_name": "Alibaba",
                    "engine_version": "0.3.0.5",
                    "result": null,
                    "method": "blacklist",
                    "engine_update": "20190527"
                },
                "K7GW": {
                    "category": "undetected",
                    "engine_name": "K7GW",
                    "engine_version": "11.145.35467",
                    "result": null,
                    "method": "blacklist",
                    "engine_update": "20201015"
                },
                "K7AntiVirus": {
                    "category": "undetected",
                    "engine_name": "K7AntiVirus",
                    "engine_version": "11.145.35466",
                    "result": null,
                    "method": "blacklist",
                    "engine_update": "20201015"
                },
                "Arcabit": {
                    "category": "undetected",
                    "engine_name": "Arcabit",
                    "engine_version": "1.0.0.881",
                    "result": null,
                    "method": "blacklist",
                    "engine_update": "20201015"
                },
                "TrendMicro": {
                    "category": "undetected",
                    "engine_name": "TrendMicro",
                    "engine_version": "11.0.0.1006",
                    "result": null,
                    "method": "blacklist",
                    "engine_update": "20201015"
                },
                "BitDefenderTheta": {
                    "category": "undetected",
                    "engine_name": "BitDefenderTheta",
                    "engine_version": "7.2.37796.0",
                    "result": null,
                    "method": "blacklist",
                    "engine_update": "20201013"
                },
                "Cyren": {
                    "category": "undetected",
                    "engine_name": "Cyren",
                    "engine_version": "6.3.0.2",
                    "result": null,
                    "method": "blacklist",
                    "engine_update": "20201015"
                },
                "SymantecMobileInsight": {
                    "category": "malicious",
                    "engine_name": "SymantecMobileInsight",
                    "engine_version": "2.0",
                    "result": "AppRisk:Generisk",
                    "method": "blacklist",
                    "engine_update": "20200813"
                },
                "Symantec": {
                    "category": "undetected",
                    "engine_name": "Symantec",
                    "engine_version": "1.12.0.0",
                    "result": null,
                    "method": "blacklist",
                    "engine_update": "20201015"
                },
                "TotalDefense": {
                    "category": "undetected",
                    "engine_name": "TotalDefense",
                    "engine_version": "37.1.62.1",
                    "result": null,
                    "method": "blacklist",
                    "engine_update": "20201015"
                },
                "Baidu": {
                    "category": "undetected",
                    "engine_name": "Baidu",
                    "engine_version": "1.0.0.2",
                    "result": null,
                    "method": "blacklist",
                    "engine_update": "20190318"
                },
                "TrendMicro-HouseCall": {
                    "category": "undetected",
                    "engine_name": "TrendMicro-HouseCall",
                    "engine_version": "10.0.0.1040",
                    "result": null,
                    "method": "blacklist",
                    "engine_update": "20201015"
                },
                "Avast": {
                    "category": "undetected",
                    "engine_name": "Avast",
                    "engine_version": "18.4.3895.0",
                    "result": null,
                    "method": "blacklist",
                    "engine_update": "20201015"
                },
                "ClamAV": {
                    "category": "undetected",
                    "engine_name": "ClamAV",
                    "engine_version": "0.102.3.0",
                    "result": null,
                    "method": "blacklist",
                    "engine_update": "20201014"
                },
                "Kaspersky": {
                    "category": "undetected",
                    "engine_name": "Kaspersky",
                    "engine_version": "15.0.1.13",
                    "result": null,
                    "method": "blacklist",
                    "engine_update": "20201015"
                },
                "BitDefender": {
                    "category": "undetected",
                    "engine_name": "BitDefender",
                    "engine_version": "7.2",
                    "result": null,
                    "method": "blacklist",
                    "engine_update": "20201015"
                },
                "NANO-Antivirus": {
                    "category": "undetected",
                    "engine_name": "NANO-Antivirus",
                    "engine_version": "1.0.134.25169",
                    "result": null,
                    "method": "blacklist",
                    "engine_update": "20201015"
                },
                "SUPERAntiSpyware": {
                    "category": "undetected",
                    "engine_name": "SUPERAntiSpyware",
                    "engine_version": "5.6.0.1032",
                    "result": null,
                    "method": "blacklist",
                    "engine_update": "20201009"
                },
                "Tencent": {
                    "category": "undetected",
                    "engine_name": "Tencent",
                    "engine_version": "1.0.0.1",
                    "result": null,
                    "method": "blacklist",
                    "engine_update": "20201015"
                },
                "Ad-Aware": {
                    "category": "undetected",
                    "engine_name": "Ad-Aware",
                    "engine_version": "3.0.16.117",
                    "result": null,
                    "method": "blacklist",
                    "engine_update": "20201015"
                },
                "TACHYON": {
                    "category": "undetected",
                    "engine_name": "TACHYON",
                    "engine_version": "2020-10-15.01",
                    "result": null,
                    "method": "blacklist",
                    "engine_update": "20201015"
                },
                "Sophos": {
                    "category": "undetected",
                    "engine_name": "Sophos",
                    "engine_version": "4.98.0",
                    "result": null,
                    "method": "blacklist",
                    "engine_update": "20201015"
                },
                "Comodo": {
                    "category": "undetected",
                    "engine_name": "Comodo",
                    "engine_version": "32897",
                    "result": null,
                    "method": "blacklist",
                    "engine_update": "20201014"
                },
                "F-Secure": {
                    "category": "undetected",
                    "engine_name": "F-Secure",
                    "engine_version": "12.0.86.52",
                    "result": null,
                    "method": "blacklist",
                    "engine_update": "20201015"
                },
                "DrWeb": {
                    "category": "undetected",
                    "engine_name": "DrWeb",
                    "engine_version": "7.0.49.9080",
                    "result": null,
                    "method": "blacklist",
                    "engine_update": "20201015"
                },
                "VIPRE": {
                    "category": "undetected",
                    "engine_name": "VIPRE",
                    "engine_version": "87448",
                    "result": null,
                    "method": "blacklist",
                    "engine_update": "20201015"
                },
                "Invincea": {
                    "category": "undetected",
                    "engine_name": "Invincea",
                    "engine_version": "1.0.1.0",
                    "result": null,
                    "method": "blacklist",
                    "engine_update": "20201015"
                },
                "McAfee-GW-Edition": {
                    "category": "undetected",
                    "engine_name": "McAfee-GW-Edition",
                    "engine_version": "v2019.1.2+3728",
                    "result": null,
                    "method": "blacklist",
                    "engine_update": "20201015"
                },
                "SentinelOne": {
                    "category": "type-unsupported",
                    "engine_name": "SentinelOne",
                    "engine_version": "4.5.0.1",
                    "result": null,
                    "method": "blacklist",
                    "engine_update": "20201008"
                },
                "Trapmine": {
                    "category": "type-unsupported",
                    "engine_name": "Trapmine",
                    "engine_version": "3.5.0.1023",
                    "result": null,
                    "method": "blacklist",
                    "engine_update": "20200727"
                },
                "CMC": {
                    "category": "undetected",
                    "engine_name": "CMC",
                    "engine_version": "2.7.2019.1",
                    "result": null,
                    "method": "blacklist",
                    "engine_update": "20201014"
                },
                "Emsisoft": {
                    "category": "undetected",
                    "engine_name": "Emsisoft",
                    "engine_version": "2018.12.0.1641",
                    "result": null,
                    "method": "blacklist",
                    "engine_update": "20201015"
                },
                "APEX": {
                    "category": "type-unsupported",
                    "engine_name": "APEX",
                    "engine_version": "6.82",
                    "result": null,
                    "method": "blacklist",
                    "engine_update": "20201015"
                },
                "Avast-Mobile": {
                    "category": "undetected",
                    "engine_name": "Avast-Mobile",
                    "engine_version": "201015-00",
                    "result": null,
                    "method": "blacklist",
                    "engine_update": "20201015"
                },
                "Jiangmin": {
                    "category": "undetected",
                    "engine_name": "Jiangmin",
                    "engine_version": "16.0.100",
                    "result": null,
                    "method": "blacklist",
                    "engine_update": "20201015"
                },
                "Webroot": {
                    "category": "type-unsupported",
                    "engine_name": "Webroot",
                    "engine_version": "1.0.0.403",
                    "result": null,
                    "method": "blacklist",
                    "engine_update": "20201015"
                },
                "Avira": {
                    "category": "undetected",
                    "engine_name": "Avira",
                    "engine_version": "8.3.3.8",
                    "result": null,
                    "method": "blacklist",
                    "engine_update": "20201015"
                },
                "eGambit": {
                    "category": "type-unsupported",
                    "engine_name": "eGambit",
                    "engine_version": null,
                    "result": null,
                    "method": "blacklist",
                    "engine_update": "20201015"
                },
                "Antiy-AVL": {
                    "category": "undetected",
                    "engine_name": "Antiy-AVL",
                    "engine_version": "3.0.0.1",
                    "result": null,
                    "method": "blacklist",
                    "engine_update": "20201015"
                },
                "Kingsoft": {
                    "category": "undetected",
                    "engine_name": "Kingsoft",
                    "engine_version": "2013.8.14.323",
                    "result": null,
                    "method": "blacklist",
                    "engine_update": "20201015"
                },
                "Microsoft": {
                    "category": "undetected",
                    "engine_name": "Microsoft",
                    "engine_version": "1.1.17500.4",
                    "result": null,
                    "method": "blacklist",
                    "engine_update": "20201015"
                },
                "ViRobot": {
                    "category": "undetected",
                    "engine_name": "ViRobot",
                    "engine_version": "2014.3.20.0",
                    "result": null,
                    "method": "blacklist",
                    "engine_update": "20201015"
                },
                "ZoneAlarm": {
                    "category": "undetected",
                    "engine_name": "ZoneAlarm",
                    "engine_version": "1.0",
                    "result": null,
                    "method": "blacklist",
                    "engine_update": "20201015"
                },
                "GData": {
                    "category": "undetected",
                    "engine_name": "GData",
                    "engine_version": "A:25.27360B:27.20522",
                    "result": null,
                    "method": "blacklist",
                    "engine_update": "20201015"
                },
                "Cynet": {
                    "category": "undetected",
                    "engine_name": "Cynet",
                    "engine_version": "4.0.0.24",
                    "result": null,
                    "method": "blacklist",
                    "engine_update": "20201015"
                },
                "AhnLab-V3": {
                    "category": "undetected",
                    "engine_name": "AhnLab-V3",
                    "engine_version": "3.18.2.10046",
                    "result": null,
                    "method": "blacklist",
                    "engine_update": "20201014"
                },
                "Acronis": {
                    "category": "type-unsupported",
                    "engine_name": "Acronis",
                    "engine_version": "1.1.1.78",
                    "result": null,
                    "method": "blacklist",
                    "engine_update": "20200917"
                },
                "VBA32": {
                    "category": "undetected",
                    "engine_name": "VBA32",
                    "engine_version": "4.4.1",
                    "result": null,
                    "method": "blacklist",
                    "engine_update": "20201014"
                },
                "ALYac": {
                    "category": "undetected",
                    "engine_name": "ALYac",
                    "engine_version": "1.1.1.5",
                    "result": null,
                    "method": "blacklist",
                    "engine_update": "20201015"
                },
                "MAX": {
                    "category": "undetected",
                    "engine_name": "MAX",
                    "engine_version": "2019.9.16.1",
                    "result": null,
                    "method": "blacklist",
                    "engine_update": "20201015"
                },
                "Cylance": {
                    "category": "type-unsupported",
                    "engine_name": "Cylance",
                    "engine_version": "2.3.1.101",
                    "result": null,
                    "method": "blacklist",
                    "engine_update": "20201015"
                },
                "Zoner": {
                    "category": "undetected",
                    "engine_name": "Zoner",
                    "engine_version": "0.0.0.0",
                    "result": null,
                    "method": "blacklist",
                    "engine_update": "20201014"
                },
                "ESET-NOD32": {
                    "category": "undetected",
                    "engine_name": "ESET-NOD32",
                    "engine_version": "22155",
                    "result": null,
                    "method": "blacklist",
                    "engine_update": "20201015"
                },
                "Rising": {
                    "category": "undetected",
                    "engine_name": "Rising",
                    "engine_version": "25.0.0.26",
                    "result": null,
                    "method": "blacklist",
                    "engine_update": "20201015"
                },
                "Yandex": {
                    "category": "undetected",
                    "engine_name": "Yandex",
                    "engine_version": "5.5.2.24",
                    "result": null,
                    "method": "blacklist",
                    "engine_update": "20201008"
                },
                "Ikarus": {
                    "category": "malicious",
                    "engine_name": "Ikarus",
                    "engine_version": "0.1.5.2",
                    "result": "Trojan.AndroidOS.Banker",
                    "method": "blacklist",
                    "engine_update": "20201014"
                },
                "MaxSecure": {
                    "category": "undetected",
                    "engine_name": "MaxSecure",
                    "engine_version": "1.0.0.1",
                    "result": null,
                    "method": "blacklist",
                    "engine_update": "20201014"
                },
                "Fortinet": {
                    "category": "undetected",
                    "engine_name": "Fortinet",
                    "engine_version": "6.2.142.0",
                    "result": null,
                    "method": "blacklist",
                    "engine_update": "20201015"
                },
                "AVG": {
                    "category": "undetected",
                    "engine_name": "AVG",
                    "engine_version": "18.4.3895.0",
                    "result": null,
                    "method": "blacklist",
                    "engine_update": "20201015"
                },
                "Cybereason": {
                    "category": "type-unsupported",
                    "engine_name": "Cybereason",
                    "engine_version": "1.2.449",
                    "result": null,
                    "method": "blacklist",
                    "engine_update": "20190616"
                },
                "Panda": {
                    "category": "undetected",
                    "engine_name": "Panda",
                    "engine_version": "4.6.4.2",
                    "result": null,
                    "method": "blacklist",
                    "engine_update": "20201014"
                },
                "CrowdStrike": {
                    "category": "type-unsupported",
                    "engine_name": "CrowdStrike",
                    "engine_version": "1.0",
                    "result": null,
                    "method": "blacklist",
                    "engine_update": "20190702"
                },
                "Qihoo-360": {
                    "category": "undetected",
                    "engine_name": "Qihoo-360",
                    "engine_version": "1.0.0.1120",
                    "result": null,
                    "method": "blacklist",
                    "engine_update": "20201015"
                }
            },
            "sandbox_verdicts": {
                "Tencent HABO": {
                    "category": "malicious",
                    "sandbox_name": "Tencent HABO",
                    "malware_classification": [
                        "MALWARE"
                    ]
                }
            },
            "sha256": "0007ee8cae45568080e452a1ccdabda8854d231b1dedbed8c683d752a55efe71",
            "tags": [
                "reflection",
                "apk",
                "runtime-modules",
                "contains-elf",
                "telephony",
                "android"
            ],
            "last_analysis_date": 1602738275,
            "unique_sources": 4,
            "first_submission_date": 1441980631,
            "sha1": "6082d8fa5d69f0178344b51c6a37129585f6298b",
            "ssdeep": "98304:Bt9XJwyjQDim9hmd2P5CorAXiA2nL3mBUzOu5PQ:jjahRQSJr2tu54",
            "bundle_info": {
                "highest_datetime": "2015-09-11 15:11:20",
                "lowest_datetime": "2015-07-30 14:55:30",
                "num_children": 944,
                "extensions": {
                    "xml": 381,
                    "dex": 1,
                    "MF": 1,
                    "jar": 2,
                    "der": 1,
                    "db": 1,
                    "RSA": 1,
                    "jpg": 2,
                    "js": 11,
                    "gif": 1,
                    "so": 11,
                    "css": 1,
                    "SF": 1,
                    "png": 519,
                    "cer": 2
                },
                "file_types": {
                    "XML": 381,
                    "DEX": 1,
                    "ZIP": 2,
                    "unknown": 22,
                    "ELF": 11,
                    "JPG": 2,
                    "GIF": 1,
                    "HTML": 4,
                    "directory": 1,
                    "PNG": 519
                },
                "type": "APK",
                "uncompressed_size": 7021628
            },
            "packers": {
                "F-PROT": "maxorder"
            },
            "md5": "534269cfcab33997ec307017aec49b22",
            "androguard": {
                "VTAndroidInfo": 1.41,
                "AndroidApplicationError": false,
                "MinSdkVersion": "8",
                "AndroguardVersion": "3.0-dev",
                "Activities": [
                    "com.qihoo360.daily.activity.SplashActivity",
                    "com.qihoo360.daily.activity.IndexActivity",
                    "com.qihoo360.daily.activity.LoginActivity",
                    "com.qihoo360.daily.activity.FavouriteActivity",
                    "com.qihoo360.daily.activity.PushListActivity",
                    "com.qihoo360.daily.activity.SettingsActivity",
                    "com.qihoo360.daily.activity.FeedbackActivity",
                    "com.qihoo360.daily.activity.SearchActivity",
                    "com.qihoo360.daily.activity.SearchDetailActivity",
                    "com.qihoo360.daily.activity.CommentActivity",
                    "com.qihoo360.daily.activity.SpecialTopicActivity",
                    "com.qihoo360.daily.activity.AboutActivity",
                    "com.qihoo360.daily.activity.CitylistActivity",
                    "com.qihoo360.daily.activity.ShowBigActivity",
                    "com.qihoo360.daily.activity.ImagesActivity",
                    "com.qihoo360.daily.activity.SendCmtActivity",
                    "com.qihoo360.daily.activity.JokeDetailActivity",
                    "com.qihoo360.daily.activity.NewsDetailActivity",
                    "com.qihoo360.daily.activity.GifDetailActivity",
                    "com.qihoo360.daily.activity.ImageDetailActivity",
                    "com.qihoo360.daily.activity.DailyDetailActivity",
                    "com.qihoo360.daily.activity.NotificationActivity",
                    "com.qihoo360.daily.activity.WeiboEntryActivity",
                    "com.qihoo360.daily.wxapi.WXEntryActivity",
                    "com.qihoo360.daily.activity.CrashReportActivity",
                    "com.qihoo360.daily.activity.VideoFullActivity",
                    "com.qihoo360.daily.activity.TopicListActivity",
                    "com.mediav.ads.sdk.adcore.MvActivity"
                ],
                "certificate": {
                    "Subject": {
                        "DN": "C:86, CN:\u6bcf\u65e5\u770b\u70b9, L:\u5317\u4eac, O:\u5947\u864e360, ST:\u5317\u4eac, OU:\u65b0\u95fb\u4ea7\u54c1\u90e8",
                        "C": "86",
                        "CN": "\u6bcf\u65e5\u770b\u70b9",
                        "L": "\u5317\u4eac",
                        "O": "\u5947\u864e360",
                        "ST": "\u5317\u4eac",
                        "OU": "\u65b0\u95fb\u4ea7\u54c1\u90e8"
                    },
                    "validto": "2114-06-28 03:48:59",
                    "serialnumber": "53cddf2b",
                    "thumbprint": "5042f9a31d906c7b95edbf774a69339b3cb9f4ce",
                    "validfrom": "2014-07-22 03:48:59",
                    "Issuer": {
                        "DN": "C:86, CN:\u6bcf\u65e5\u770b\u70b9, L:\u5317\u4eac, O:\u5947\u864e360, ST:\u5317\u4eac, OU:\u65b0\u95fb\u4ea7\u54c1\u90e8",
                        "C": "86",
                        "CN": "\u6bcf\u65e5\u770b\u70b9",
                        "L": "\u5317\u4eac",
                        "O": "\u5947\u864e360",
                        "ST": "\u5317\u4eac",
                        "OU": "\u65b0\u95fb\u4ea7\u54c1\u90e8"
                    }
                },
                "AndroidApplication": 1,
                "RiskIndicator": {
                    "APK": {
                        "APK": 1
                    },
                    "PERM": {
                        "NORMAL": 8,
                        "DANGEROUS": 4,
                        "PRIVACY": 3,
                        "SIGNATUREORSYSTEM": 1,
                        "INTERNET": 1,
                        "SIGNATUREORSYSTEMORDEVELOPMENT": 1,
                        "GPS": 2
                    }
                },
                "Services": [
                    "com.qihoo360.daily.music.PlayerService",
                    "com.sina.weibo.sdk.net.DownloadService",
                    "com.qihoo.kd.push.KDPushService",
                    "com.qihoo360.daily.push.RetrievePushService",
                    "com.mediav.ads.sdk.service.MvService"
                ],
                "AndroidVersionCode": "321",
                "main_activity": "com.qihoo360.daily.activity.SplashActivity",
                "Package": "com.qihoo360.daily",
                "intent_filters": {
                    "Services": {},
                    "Activities": {
                        "com.qihoo360.daily.activity.SplashActivity": {
                            "action": [
                                "android.intent.action.MAIN"
                            ],
                            "category": [
                                "android.intent.category.LAUNCHER"
                            ]
                        },
                        "com.qihoo360.daily.activity.WeiboEntryActivity": {
                            "action": [
                                "com.sina.weibo.sdk.action.ACTION_SDK_REQ_ACTIVITY"
                            ],
                            "category": [
                                "android.intent.category.DEFAULT"
                            ]
                        }
                    },
                    "Receivers": {
                        "com.qihoo360.daily.push.TPayloadReceiver": {
                            "action": [
                                "com.qihoo.kd.pushsdk.msg"
                            ]
                        },
                        "com.qihoo.kd.push.WakeUpPushReceiver": {
                            "action": [
                                "android.net.conn.CONNECTIVITY_CHANGE",
                                "android.intent.action.BOOT_COMPLETED",
                                "android.intent.action.QUICKBOOT_POWERON"
                            ]
                        }
                    }
                },
                "AndroidVersionName": "3.2.1",
                "TargetSdkVersion": "22",
                "AndroidApplicationInfo": "APK",
                "permission_details": {
                    "android.permission.ACCESS_FINE_LOCATION": {
                        "short_description": "fine (GPS) location",
                        "full_description": "Access fine location sources, such as the Global Positioning System on the phone, where available. Malicious applications can use this to determine where you are and may consume additional battery power.",
                        "permission_type": "dangerous"
                    },
                    "android.permission.VIBRATE": {
                        "short_description": "control vibrator",
                        "full_description": "Allows the application to control the vibrator.",
                        "permission_type": "normal"
                    },
                    "android.permission.READ_EXTERNAL_STORAGE": {
                        "short_description": "read from external storage",
                        "full_description": "Allows an application to read from external storage",
                        "permission_type": "normal"
                    },
                    "android.permission.RECEIVE_BOOT_COMPLETED": {
                        "short_description": "automatically start at boot",
                        "full_description": "Allows an application to start itself as soon as the system has finished booting. This can make it take longer to start the phone and allow the application to slow down the overall phone by always running.",
                        "permission_type": "normal"
                    },
                    "com.android.launcher.permission.UNINSTALL_SHORTCUT": {
                        "short_description": "Unknown permission from android reference",
                        "full_description": "Unknown permission from android reference",
                        "permission_type": "normal"
                    },
                    "android.permission.READ_PHONE_STATE": {
                        "short_description": "read phone state and identity",
                        "full_description": "Allows the application to access the phone features of the device. An application with this permission can determine the phone number and serial number of this phone, whether a call is active, the number that call is connected to and so on.",
                        "permission_type": "dangerous"
                    },
                    "android.permission.SYSTEM_ALERT_WINDOW": {
                        "short_description": "display system-level alerts",
                        "full_description": "Allows an application to show system-alert windows. Malicious applications can take over the entire screen of the phone.",
                        "permission_type": "dangerous"
                    },
                    "com.android.launcher.permission.READ_SETTINGS": {
                        "short_description": "Unknown permission from android reference",
                        "full_description": "Unknown permission from android reference",
                        "permission_type": "normal"
                    },
                    "com.android.launcher.permission.INSTALL_SHORTCUT": {
                        "short_description": "Unknown permission from android reference",
                        "full_description": "Unknown permission from android reference",
                        "permission_type": "normal"
                    },
                    "com.android.launcher.permission.WRITE_SETTINGS": {
                        "short_description": "modify global system settings",
                        "full_description": "Allows an application to modify the system's settings data. Malicious applications can corrupt your system's configuration.",
                        "permission_type": "normal"
                    },
                    "android.permission.ACCESS_WIFI_STATE": {
                        "short_description": "view Wi-Fi status",
                        "full_description": "Allows an application to view the information about the status of Wi-Fi.",
                        "permission_type": "normal"
                    },
                    "android.permission.ACCESS_COARSE_LOCATION": {
                        "short_description": "coarse (network-based) location",
                        "full_description": "Access coarse location sources, such as the mobile network database, to determine an approximate phone location, where available. Malicious applications can use this to determine approximately where you are.",
                        "permission_type": "dangerous"
                    },
                    "android.permission.WAKE_LOCK": {
                        "short_description": "prevent phone from sleeping",
                        "full_description": "Allows an application to prevent the phone from going to sleep.",
                        "permission_type": "normal"
                    },
                    "android.permission.GET_TASKS": {
                        "short_description": "retrieve running applications",
                        "full_description": "Allows application to retrieve information about currently and recently running tasks. May allow malicious applications to discover private information about other applications.",
                        "permission_type": "dangerous"
                    },
                    "android.permission.WRITE_SETTINGS": {
                        "short_description": "modify global system settings",
                        "full_description": "Allows an application to modify the system's settings data. Malicious applications can corrupt your system's configuration.",
                        "permission_type": "normal"
                    },
                    "android.permission.CHANGE_WIFI_STATE": {
                        "short_description": "change Wi-Fi status",
                        "full_description": "Allows an application to connect to and disconnect from Wi-Fi access points and to make changes to configured Wi-Fi networks.",
                        "permission_type": "dangerous"
                    },
                    "android.permission.ACCESS_NETWORK_STATE": {
                        "short_description": "view network status",
                        "full_description": "Allows an application to view the status of all networks.",
                        "permission_type": "normal"
                    },
                    "android.permission.INTERNET": {
                        "short_description": "full Internet access",
                        "full_description": "Allows an application to create network sockets.",
                        "permission_type": "dangerous"
                    },
                    "android.permission.MOUNT_UNMOUNT_FILESYSTEMS": {
                        "short_description": "mount and unmount file systems",
                        "full_description": "Allows the application to mount and unmount file systems for removable storage.",
                        "permission_type": "signatureOrSystem"
                    },
                    "android.permission.CHANGE_CONFIGURATION": {
                        "short_description": "change your UI settings",
                        "full_description": "Allows an application to change the current configuration, such as the locale or overall font size.",
                        "permission_type": "signatureOrSystemOrDevelopment"
                    },
                    "android.permission.WRITE_EXTERNAL_STORAGE": {
                        "short_description": "modify/delete SD card contents",
                        "full_description": "Allows an application to write to the SD card.",
                        "permission_type": "dangerous"
                    }
                },
                "Receivers": [
                    "com.qihoo360.daily.push.TPayloadReceiver",
                    "com.qihoo.kd.push.WakeUpPushReceiver"
                ],
                "StringsInformation": [
                    "http://",
                    "http://abroad.apilocate.amap.com/mobile/binary",
                    "http://alog.umeng.co/app_logs",
                    "http://alog.umeng.com/app_logs",
                    "http://api.weibo.cn/2/client/common_config",
                    "http://api.weibo.com/oauth2/getaid.json",
                    "http://apiinit.amap.com/v3/log/init",
                    "http://apilocate.amap.com/mobile/binary",
                    "http://app.sina.cn/appdetail.php?appID=84560",
                    "http://baike.haosou.com/",
                    "http://baike.so.com/",
                    "http://cgicol.amap.com/collection/writedata?ver=v1.0_ali&",
                    "http://kandian.360.cn",
                    "http://m.haosou.com/s?src=discovery&mso_app=1&offset=0&q=%s",
                    "http://md.openapi.360.cn/list/get",
                    "http://oc.umeng.co/check_config_update",
                    "http://oc.umeng.com/check_config_update",
                    "http://pingma.qq.com:80/mstat/report",
                    "http://restapi.amap.com/v3/weather/weatherInfo?",
                    "http://s.mzfile.com/sdk/mz_sdk_config.xml",
                    "http://schemas.android.com/apk/res-auto",
                    "http://schemas.android.com/apk/res/android",
                    "http://service.weibo.com/share/mobilesdk.php",
                    "http://service.weibo.com/share/mobilesdk_uppic.php",
                    "http://sh.qihoo.com/api/callback.php",
                    "http://sh.qihoo.com/newsreader/kandian_experience.html",
                    "http://sh.qihoo.com/newsreader/kandian_license.html",
                    "http://sh.qihoo.com/newsreader/kandian_privacy.html",
                    "http://show.m.mediav.com/update?sdkv=",
                    "http://show.m.mediav.com/update?sdkv=1100",
                    "http://tran.mediav.com/t?type=15",
                    "http://weibo.com/",
                    "http://www.haosou.com/help/help_right.html",
                    "http://xstm.v.360.cn/movie/",
                    "http://xstm.v.360.cn/report.html?e=",
                    "https://",
                    "https://open.weibo.cn/oauth2/authorize?"
                ]
            },
            "magic": "Zip archive data, at least v2.0 to extract",
            "last_analysis_stats": {
                "harmless": 0,
                "type-unsupported": 11,
                "suspicious": 0,
                "confirmed-timeout": 0,
                "timeout": 0,
                "failure": 1,
                "malicious": 2,
                "undetected": 61
            },
            "meaningful_name": "com.qihoo360.daily_JiSuXia.apk",
            "reputation": 0
        },
        "type": "file",
        "id": "0007ee8cae45568080e452a1ccdabda8854d231b1dedbed8c683d752a55efe71",
        "links": {
            "self": "https://www.virustotal.com/api/v3/files/0007ee8cae45568080e452a1ccdabda8854d231b1dedbed8c683d752a55efe71"
        }
    }
}