{
    "data": {
        "attributes": {
            "type_description": "Android",
            "vhash": "006dd00186d627e0b263a53b27dbad1d",
            "trid": [
                {
                    "file_type": "Android Package",
                    "probability": 67.5
                },
                {
                    "file_type": "Java Archive",
                    "probability": 23.6
                },
                {
                    "file_type": "ZIP compressed archive",
                    "probability": 7.0
                },
                {
                    "file_type": "PrintFox/Pagefox bitmap (var. P)",
                    "probability": 1.7
                }
            ],
            "names": [
                "VirusShare_c7f9d2a8c13e52ec0cc7b9cad09e19be",
                "irhkr10007.apk"
            ],
            "last_modification_date": 1657723134,
            "type_tag": "android",
            "times_submitted": 2,
            "total_votes": {
                "harmless": 0,
                "malicious": 0
            },
            "size": 2413286,
            "popular_threat_classification": {
                "suggested_threat_label": "trojan.shedun/dnotua",
                "popular_threat_category": [
                    {
                        "count": 8,
                        "value": "trojan"
                    },
                    {
                        "count": 8,
                        "value": "dropper"
                    },
                    {
                        "count": 3,
                        "value": "pua"
                    }
                ],
                "popular_threat_name": [
                    {
                        "count": 6,
                        "value": "shedun"
                    },
                    {
                        "count": 3,
                        "value": "dnotua"
                    },
                    {
                        "count": 2,
                        "value": "ahek"
                    }
                ]
            },
            "last_submission_date": 1591976020,
            "last_analysis_results": {
                "Bkav": {
                    "category": "undetected",
                    "engine_name": "Bkav",
                    "engine_version": "1.3.0.9899",
                    "result": null,
                    "method": "blacklist",
                    "engine_update": "20200612"
                },
                "Lionic": {
                    "category": "malicious",
                    "engine_name": "AegisLab",
                    "engine_version": "4.2",
                    "result": "Riskware.AndroidOS.Dnotua.z!c",
                    "method": "blacklist",
                    "engine_update": "20200612"
                },
                "TotalDefense": {
                    "category": "undetected",
                    "engine_name": "TotalDefense",
                    "engine_version": "37.1.62.1",
                    "result": null,
                    "method": "blacklist",
                    "engine_update": "20200612"
                },
                "MicroWorld-eScan": {
                    "category": "undetected",
                    "engine_name": "MicroWorld-eScan",
                    "engine_version": "14.0.409.0",
                    "result": null,
                    "method": "blacklist",
                    "engine_update": "20200612"
                },
                "FireEye": {
                    "category": "undetected",
                    "engine_name": "FireEye",
                    "engine_version": "32.31.0.0",
                    "result": null,
                    "method": "blacklist",
                    "engine_update": "20200612"
                },
                "CAT-QuickHeal": {
                    "category": "malicious",
                    "engine_name": "CAT-QuickHeal",
                    "engine_version": "14.00",
                    "result": "Android.SmsPay.GEN7302 (PUP)",
                    "method": "blacklist",
                    "engine_update": "20200612"
                },
                "McAfee": {
                    "category": "malicious",
                    "engine_name": "McAfee",
                    "engine_version": "6.0.6.653",
                    "result": "Artemis!C7F9D2A8C13E",
                    "method": "blacklist",
                    "engine_update": "20200612"
                },
                "Malwarebytes": {
                    "category": "undetected",
                    "engine_name": "Malwarebytes",
                    "engine_version": "3.6.4.335",
                    "result": null,
                    "method": "blacklist",
                    "engine_update": "20200612"
                },
                "Zillya": {
                    "category": "undetected",
                    "engine_name": "Zillya",
                    "engine_version": "2.0.0.4109",
                    "result": null,
                    "method": "blacklist",
                    "engine_update": "20200612"
                },
                "Paloalto": {
                    "category": "type-unsupported",
                    "engine_name": "Paloalto",
                    "engine_version": "1.0",
                    "result": null,
                    "method": "blacklist",
                    "engine_update": "20200612"
                },
                "Sangfor": {
                    "category": "undetected",
                    "engine_name": "Sangfor",
                    "engine_version": "1.0",
                    "result": null,
                    "method": "blacklist",
                    "engine_update": "20200423"
                },
                "Trustlook": {
                    "category": "malicious",
                    "engine_name": "Trustlook",
                    "engine_version": "1.0",
                    "result": "Android.Malware.General (score:9)",
                    "method": "blacklist",
                    "engine_update": "20200612"
                },
                "Alibaba": {
                    "category": "malicious",
                    "engine_name": "Alibaba",
                    "engine_version": "0.3.0.5",
                    "result": "TrojanDropper:Android/Wapnor.8fb2cc84",
                    "method": "blacklist",
                    "engine_update": "20190527"
                },
                "K7GW": {
                    "category": "malicious",
                    "engine_name": "K7GW",
                    "engine_version": "11.114.34394",
                    "result": "Trojan ( 00536a311 )",
                    "method": "blacklist",
                    "engine_update": "20200612"
                },
                "K7AntiVirus": {
                    "category": "undetected",
                    "engine_name": "K7AntiVirus",
                    "engine_version": "11.114.34395",
                    "result": null,
                    "method": "blacklist",
                    "engine_update": "20200612"
                },
                "Arcabit": {
                    "category": "undetected",
                    "engine_name": "Arcabit",
                    "engine_version": "1.0.0.875",
                    "result": null,
                    "method": "blacklist",
                    "engine_update": "20200612"
                },
                "Invincea": {
                    "category": "type-unsupported",
                    "engine_name": "Invincea",
                    "engine_version": "6.3.6.26157",
                    "result": null,
                    "method": "blacklist",
                    "engine_update": "20200502"
                },
                "BitDefenderTheta": {
                    "category": "undetected",
                    "engine_name": "BitDefenderTheta",
                    "engine_version": "7.2.37796.0",
                    "result": null,
                    "method": "blacklist",
                    "engine_update": "20200609"
                },
                "Cyren": {
                    "category": "malicious",
                    "engine_name": "Cyren",
                    "engine_version": "6.3.0.2",
                    "result": "AndroidOS/GhostPush.C.gen!Eldorado",
                    "method": "blacklist",
                    "engine_update": "20200612"
                },
                "SymantecMobileInsight": {
                    "category": "malicious",
                    "engine_name": "SymantecMobileInsight",
                    "engine_version": "2.0",
                    "result": "Other:Android.Reputation.1",
                    "method": "blacklist",
                    "engine_update": "20200527"
                },
                "Symantec": {
                    "category": "malicious",
                    "engine_name": "Symantec",
                    "engine_version": "1.11.0.0",
                    "result": "Trojan.Gen.2",
                    "method": "blacklist",
                    "engine_update": "20200612"
                },
                "ESET-NOD32": {
                    "category": "malicious",
                    "engine_name": "ESET-NOD32",
                    "engine_version": "21482",
                    "result": "a variant of Android/TrojanDropper.Shedun.V",
                    "method": "blacklist",
                    "engine_update": "20200612"
                },
                "Baidu": {
                    "category": "undetected",
                    "engine_name": "Baidu",
                    "engine_version": "1.0.0.2",
                    "result": null,
                    "method": "blacklist",
                    "engine_update": "20190318"
                },
                "TrendMicro-HouseCall": {
                    "category": "malicious",
                    "engine_name": "TrendMicro-HouseCall",
                    "engine_version": "10.0.0.1040",
                    "result": "TROJ_GEN.R002H06F520",
                    "method": "blacklist",
                    "engine_update": "20200612"
                },
                "Avast": {
                    "category": "malicious",
                    "engine_name": "Avast",
                    "engine_version": "18.4.3895.0",
                    "result": "Android:Revo-OU [Trj]",
                    "method": "blacklist",
                    "engine_update": "20200612"
                },
                "ClamAV": {
                    "category": "malicious",
                    "engine_name": "ClamAV",
                    "engine_version": "0.102.3.0",
                    "result": "Andr.Dropper.Smspay-6840229-0",
                    "method": "blacklist",
                    "engine_update": "20200612"
                },
                "Kaspersky": {
                    "category": "malicious",
                    "engine_name": "Kaspersky",
                    "engine_version": "15.0.1.13",
                    "result": "not-a-virus:HEUR:RiskTool.AndroidOS.Dnotua.ahek",
                    "method": "blacklist",
                    "engine_update": "20200612"
                },
                "BitDefender": {
                    "category": "undetected",
                    "engine_name": "BitDefender",
                    "engine_version": "7.2",
                    "result": null,
                    "method": "blacklist",
                    "engine_update": "20200612"
                },
                "NANO-Antivirus": {
                    "category": "malicious",
                    "engine_name": "NANO-Antivirus",
                    "engine_version": "1.0.134.25119",
                    "result": "Trojan.Android.MLW.ebzlbe",
                    "method": "blacklist",
                    "engine_update": "20200612"
                },
                "SUPERAntiSpyware": {
                    "category": "undetected",
                    "engine_name": "SUPERAntiSpyware",
                    "engine_version": "5.6.0.1032",
                    "result": null,
                    "method": "blacklist",
                    "engine_update": "20200612"
                },
                "APEX": {
                    "category": "type-unsupported",
                    "engine_name": "APEX",
                    "engine_version": "6.35",
                    "result": null,
                    "method": "blacklist",
                    "engine_update": "20200610"
                },
                "Rising": {
                    "category": "undetected",
                    "engine_name": "Rising",
                    "engine_version": "25.0.0.25",
                    "result": null,
                    "method": "blacklist",
                    "engine_update": "20200612"
                },
                "Ad-Aware": {
                    "category": "undetected",
                    "engine_name": "Ad-Aware",
                    "engine_version": "3.0.5.370",
                    "result": null,
                    "method": "blacklist",
                    "engine_update": "20200612"
                },
                "Emsisoft": {
                    "category": "undetected",
                    "engine_name": "Emsisoft",
                    "engine_version": "2018.12.0.1641",
                    "result": null,
                    "method": "blacklist",
                    "engine_update": "20200612"
                },
                "Comodo": {
                    "category": "malicious",
                    "engine_name": "Comodo",
                    "engine_version": "32529",
                    "result": "Malware@#19dxmwfk9xuqo",
                    "method": "blacklist",
                    "engine_update": "20200612"
                },
                "F-Secure": {
                    "category": "malicious",
                    "engine_name": "F-Secure",
                    "engine_version": "12.0.86.52",
                    "result": "Malware.ANDROID/Agent.hutg",
                    "method": "blacklist",
                    "engine_update": "20200612"
                },
                "DrWeb": {
                    "category": "malicious",
                    "engine_name": "DrWeb",
                    "engine_version": "7.0.46.3050",
                    "result": "Android.DownLoader.329.origin",
                    "method": "blacklist",
                    "engine_update": "20200612"
                },
                "VIPRE": {
                    "category": "undetected",
                    "engine_name": "VIPRE",
                    "engine_version": "84418",
                    "result": null,
                    "method": "blacklist",
                    "engine_update": "20200612"
                },
                "TrendMicro": {
                    "category": "undetected",
                    "engine_name": "TrendMicro",
                    "engine_version": "11.0.0.1006",
                    "result": null,
                    "method": "blacklist",
                    "engine_update": "20200612"
                },
                "SentinelOne": {
                    "category": "type-unsupported",
                    "engine_name": "SentinelOne",
                    "engine_version": "4.3.0.105",
                    "result": null,
                    "method": "blacklist",
                    "engine_update": "20200601"
                },
                "Trapmine": {
                    "category": "type-unsupported",
                    "engine_name": "Trapmine",
                    "engine_version": "3.2.25.947",
                    "result": null,
                    "method": "blacklist",
                    "engine_update": "20200505"
                },
                "CMC": {
                    "category": "undetected",
                    "engine_name": "CMC",
                    "engine_version": "2.7.2019.1",
                    "result": null,
                    "method": "blacklist",
                    "engine_update": "20200612"
                },
                "Sophos": {
                    "category": "malicious",
                    "engine_name": "Sophos",
                    "engine_version": "4.98.0",
                    "result": "Andr/Rootnik-AI",
                    "method": "blacklist",
                    "engine_update": "20200612"
                },
                "Ikarus": {
                    "category": "malicious",
                    "engine_name": "Ikarus",
                    "engine_version": "0.1.5.2",
                    "result": "Trojan-Dropper.AndroidOS.Shedun",
                    "method": "blacklist",
                    "engine_update": "20200612"
                },
                "F-Prot": {
                    "category": "undetected",
                    "engine_name": "F-Prot",
                    "engine_version": "4.7.1.166",
                    "result": null,
                    "method": "blacklist",
                    "engine_update": "20200612"
                },
                "Jiangmin": {
                    "category": "undetected",
                    "engine_name": "Jiangmin",
                    "engine_version": "16.0.100",
                    "result": null,
                    "method": "blacklist",
                    "engine_update": "20200612"
                },
                "Webroot": {
                    "category": "type-unsupported",
                    "engine_name": "Webroot",
                    "engine_version": "1.0.0.403",
                    "result": null,
                    "method": "blacklist",
                    "engine_update": "20200612"
                },
                "Avira": {
                    "category": "malicious",
                    "engine_name": "Avira",
                    "engine_version": "8.3.3.8",
                    "result": "ANDROID/Dropper.FFGC.Gen",
                    "method": "blacklist",
                    "engine_update": "20200612"
                },
                "eGambit": {
                    "category": "type-unsupported",
                    "engine_name": "eGambit",
                    "engine_version": null,
                    "result": null,
                    "method": "blacklist",
                    "engine_update": "20200612"
                },
                "Fortinet": {
                    "category": "malicious",
                    "engine_name": "Fortinet",
                    "engine_version": "6.2.142.0",
                    "result": "Android/Shedun.AC!tr",
                    "method": "blacklist",
                    "engine_update": "20200612"
                },
                "Antiy-AVL": {
                    "category": "malicious",
                    "engine_name": "Antiy-AVL",
                    "engine_version": "3.0.0.1",
                    "result": "Trojan[Dropper]/Android.Shedun.v",
                    "method": "blacklist",
                    "engine_update": "20200612"
                },
                "Kingsoft": {
                    "category": "undetected",
                    "engine_name": "Kingsoft",
                    "engine_version": "2013.8.14.323",
                    "result": null,
                    "method": "blacklist",
                    "engine_update": "20200612"
                },
                "Endgame": {
                    "category": "type-unsupported",
                    "engine_name": "Endgame",
                    "engine_version": "4.0.5",
                    "result": null,
                    "method": "blacklist",
                    "engine_update": "20200608"
                },
                "Microsoft": {
                    "category": "malicious",
                    "engine_name": "Microsoft",
                    "engine_version": "1.1.17100.2",
                    "result": "TrojanDropper:AndroidOS/Shedun.A!MTB",
                    "method": "blacklist",
                    "engine_update": "20200612"
                },
                "ViRobot": {
                    "category": "undetected",
                    "engine_name": "ViRobot",
                    "engine_version": "2014.3.20.0",
                    "result": null,
                    "method": "blacklist",
                    "engine_update": "20200612"
                },
                "ZoneAlarm": {
                    "category": "malicious",
                    "engine_name": "ZoneAlarm",
                    "engine_version": "1.0",
                    "result": "not-a-virus:HEUR:RiskTool.AndroidOS.Dnotua.ahek",
                    "method": "blacklist",
                    "engine_update": "20200612"
                },
                "Avast-Mobile": {
                    "category": "malicious",
                    "engine_name": "Avast-Mobile",
                    "engine_version": "200612-00",
                    "result": "Android:Shedun-V [Trj]",
                    "method": "blacklist",
                    "engine_update": "20200612"
                },
                "Cynet": {
                    "category": "malicious",
                    "engine_name": "Cynet",
                    "engine_version": "4.0.0.24",
                    "result": "Malicious (score: 85)",
                    "method": "blacklist",
                    "engine_update": "20200612"
                },
                "AhnLab-V3": {
                    "category": "malicious",
                    "engine_name": "AhnLab-V3",
                    "engine_version": "3.18.0.10004",
                    "result": "PUP/Android.Agent.839002",
                    "method": "blacklist",
                    "engine_update": "20200612"
                },
                "Acronis": {
                    "category": "type-unsupported",
                    "engine_name": "Acronis",
                    "engine_version": "1.1.1.76",
                    "result": null,
                    "method": "blacklist",
                    "engine_update": "20200603"
                },
                "VBA32": {
                    "category": "undetected",
                    "engine_name": "VBA32",
                    "engine_version": "4.4.1",
                    "result": null,
                    "method": "blacklist",
                    "engine_update": "20200612"
                },
                "ALYac": {
                    "category": "undetected",
                    "engine_name": "ALYac",
                    "engine_version": "1.1.1.5",
                    "result": null,
                    "method": "blacklist",
                    "engine_update": "20200612"
                },
                "MAX": {
                    "category": "malicious",
                    "engine_name": "MAX",
                    "engine_version": "2019.9.16.1",
                    "result": "malware (ai score=100)",
                    "method": "blacklist",
                    "engine_update": "20200612"
                },
                "Cylance": {
                    "category": "type-unsupported",
                    "engine_name": "Cylance",
                    "engine_version": "2.3.1.101",
                    "result": null,
                    "method": "blacklist",
                    "engine_update": "20200612"
                },
                "Zoner": {
                    "category": "undetected",
                    "engine_name": "Zoner",
                    "engine_version": "0.0.0.0",
                    "result": null,
                    "method": "blacklist",
                    "engine_update": "20200612"
                },
                "Tencent": {
                    "category": "malicious",
                    "engine_name": "Tencent",
                    "engine_version": "1.0.0.1",
                    "result": "Android.Trojan.Dropper.Tbsj",
                    "method": "blacklist",
                    "engine_update": "20200612"
                },
                "Yandex": {
                    "category": "undetected",
                    "engine_name": "Yandex",
                    "engine_version": "5.5.2.24",
                    "result": null,
                    "method": "blacklist",
                    "engine_update": "20200611"
                },
                "TACHYON": {
                    "category": "undetected",
                    "engine_name": "TACHYON",
                    "engine_version": "2020-06-12.02",
                    "result": null,
                    "method": "blacklist",
                    "engine_update": "20200612"
                },
                "MaxSecure": {
                    "category": "failure",
                    "engine_name": "MaxSecure",
                    "engine_version": "1.0.0.1",
                    "result": null,
                    "method": "blacklist",
                    "engine_update": "20200608"
                },
                "GData": {
                    "category": "undetected",
                    "engine_name": "GData",
                    "engine_version": "A:25.25904B:27.19067",
                    "result": null,
                    "method": "blacklist",
                    "engine_update": "20200612"
                },
                "AVG": {
                    "category": "malicious",
                    "engine_name": "AVG",
                    "engine_version": "18.4.3895.0",
                    "result": "Android:Revo-OU [Trj]",
                    "method": "blacklist",
                    "engine_update": "20200612"
                },
                "Cybereason": {
                    "category": "type-unsupported",
                    "engine_name": "Cybereason",
                    "engine_version": null,
                    "result": null,
                    "method": "blacklist",
                    "engine_update": "20180308"
                },
                "Panda": {
                    "category": "undetected",
                    "engine_name": "Panda",
                    "engine_version": "4.6.4.2",
                    "result": null,
                    "method": "blacklist",
                    "engine_update": "20200612"
                },
                "CrowdStrike": {
                    "category": "type-unsupported",
                    "engine_name": "CrowdStrike",
                    "engine_version": "1.0",
                    "result": null,
                    "method": "blacklist",
                    "engine_update": "20180202"
                },
                "Qihoo-360": {
                    "category": "malicious",
                    "engine_name": "Qihoo-360",
                    "engine_version": "1.0.0.1120",
                    "result": "Trojan.Android.Gen",
                    "method": "blacklist",
                    "engine_update": "20200612"
                }
            },
            "sha256": "000701420a97eca971144183948de1a959db63a4517b9ae9b17b1741451f5afc",
            "type_extension": "apk",
            "tags": [
                "apk",
                "android",
                "xorcrypt",
                "contains-elf",
                "runtime-modules"
            ],
            "last_analysis_date": 1591976020,
            "unique_sources": 2,
            "first_submission_date": 1542570906,
            "sha1": "439ba9ea2c327ea01664b7d848580ae16c27fa1e",
            "ssdeep": "49152:yadtmpYZVvx2i6bEbwYu1OsPzGmmQ3eiinpgdZ/eFntQw:yab/hx2NEbA1OsSI3efpgdanew",
            "bundle_info": {
                "highest_datetime": "2018-11-19 03:50:42",
                "lowest_datetime": "1980-01-01 08:00:00",
                "num_children": 84,
                "extensions": {
                    "xml": 34,
                    "bin": 1,
                    "MF": 1,
                    "jar": 1,
                    "RSA": 1,
                    "cf": 1,
                    "dat": 2,
                    "dex": 1,
                    "so": 4,
                    "ini": 1,
                    "txt": 1,
                    "SF": 1,
                    "png": 26
                },
                "file_types": {
                    "XML": 33,
                    "unknown": 21,
                    "DEX": 1,
                    "ELF": 3,
                    "PNG": 26
                },
                "type": "APK",
                "uncompressed_size": 2608696
            },
            "packers": {
                "F-PROT": "base64, appended, XORCrypt, SUBCrypt"
            },
            "md5": "c7f9d2a8c13e52ec0cc7b9cad09e19be",
            "androguard": {
                "Activities": [
                    "com.yplsd.zljsy.activity.SplashActivity",
                    "com.yplsd.zljsy.MainActivity",
                    "com.yplsd.zljsy.activity.XiangqActivity",
                    "com.yplsd.zljsy.activity.VfanActivity",
                    "com.yplsd.zljsy.activity.PhrmdeActivity",
                    "com.test.zainazib.TActivity",
                    "com.uwfz.wuih.nougat.WatermelonActivity",
                    "ys.cs.com.Xs",
                    "ts.xd.com.De"
                ],
                "AndroidVersionCode": "1",
                "main_activity": "com.yplsd.zljsy.activity.SplashActivity",
                "certificate": {
                    "Subject": {
                        "DN": "C:ip, CN:pboftys, L:wn, O:am, ST:mf, OU:lu",
                        "C": "ip",
                        "CN": "pboftys",
                        "L": "wn",
                        "O": "am",
                        "ST": "mf",
                        "OU": "lu"
                    },
                    "validto": "2021-08-14 19:50:41",
                    "serialnumber": "335a114a",
                    "thumbprint": "f29e6cc1a5db031013093fd5433480532c5cce11",
                    "validfrom": "2018-11-18 19:50:41",
                    "Issuer": {
                        "DN": "C:ip, CN:pboftys, L:wn, O:am, ST:mf, OU:lu",
                        "C": "ip",
                        "CN": "pboftys",
                        "L": "wn",
                        "O": "am",
                        "ST": "mf",
                        "OU": "lu"
                    }
                },
                "VTAndroidInfo": 1.41,
                "Package": "com.dpp.ztkaid",
                "intent_filters": {
                    "Services": {},
                    "Activities": {
                        "com.yplsd.zljsy.activity.SplashActivity": {
                            "action": [
                                "android.intent.action.MAIN"
                            ],
                            "category": [
                                "android.intent.category.LAUNCHER"
                            ]
                        }
                    },
                    "Receivers": {
                        "com.wchen.wenzf.jrever.JzRever": {
                            "action": [
                                "android.provider.Telephony.SMS_DELIVER",
                                "android.provider.Telephony.SMS_RECEIVED"
                            ]
                        },
                        "bn.sdk.szwcsss.common.y.YYBver": {
                            "action": [
                                "android.provider.Telephony.SMS_RECEIVED"
                            ]
                        },
                        "com.y.f.jar.pay.InNoticeReceiver": {
                            "action": [
                                "android.provider.Telephony.SMS_RECEIVED"
                            ]
                        },
                        "com.uwfz.wuih.nougat.PineappleReceiver": {
                            "action": [
                                "android.intent.action.USER_PRESENT",
                                "android.net.conn.CONNECTIVITY_CHANGE"
                            ],
                            "category": [
                                "android.intent.category.DEFAULT"
                            ]
                        },
                        "com.d.f.p.j.l.J": {
                            "action": [
                                "android.provider.Telephony.SMS_RECEIVED",
                                "android.intent.action.USER_PRESENT",
                                "android.intent.action.ACTION_SHUTDOWN",
                                "android.net.conn.CONNECTIVITY_CHANGE",
                                "android.intent.action.SIM_STATE_CHANGED",
                                "android.intent.action.SERVICE_STATE",
                                "android.bluetooth.adapter.action.STATE_CHANGED",
                                "android.net.wifi.WIFI_STATE_CHANGED",
                                "android.intent.action.ANY_DATA_STATE",
                                "android.net.wifi.STATE_CHANGE",
                                "android.intent.action.BOOT_COMPLETED",
                                "android.intent.action.MEDIA_MOUNTED",
                                "android.intent.action.MEDIA_EJECT"
                            ],
                            "category": [
                                "android.intent.category.DEFAULT",
                                "android.intent.category.LAUNCHER"
                            ]
                        },
                        "com.zxhy.zfx.r.D": {
                            "action": [
                                "android.provider.Telephony.SMS_RECEIVED"
                            ]
                        },
                        "com.qw.funny.wan.qwsvc.QWReceiverO": {
                            "action": [
                                "android.net.conn.CONNECTIVITY_CHANGE",
                                "android.intent.action.BATTERY_CHANGED",
                                "android.intent.action.USER_PRESENT",
                                "android.net.wifi.supplicant.CONNECTION_CHANGE",
                                "android.intent.action.ACTION_POWER_CONNECTED",
                                "android.intent.action.ACTION_POWER_DISCONNECTED"
                            ]
                        }
                    }
                },
                "permission_details": {
                    "android.permission.CHANGE_NETWORK_STATE": {
                        "short_description": "change network connectivity",
                        "full_description": "Allows an application to change the state of network connectivity.",
                        "permission_type": "normal"
                    },
                    "android.permission.WRITE_APN_SETTINGS": {
                        "short_description": "write Access Point Name settings",
                        "full_description": "Allows an application to modify the APN settings, such as Proxy and Port of any APN.",
                        "permission_type": "signatureOrSystem"
                    },
                    "android.permission.READ_USER_DICTIONARY": {
                        "short_description": "read user-defined dictionary",
                        "full_description": "Allows an application to read any private words, names and phrases that the user may have stored in the user dictionary.",
                        "permission_type": "dangerous"
                    },
                    "android.permission.DISABLE_KEYGUARD": {
                        "short_description": "disable key lock",
                        "full_description": "Allows an application to disable the key lock and any associated password security. A legitimate example of this is the phone disabling the key lock when receiving an incoming phone call, then re-enabling the key lock when the call is finished.",
                        "permission_type": "dangerous"
                    },
                    "android.permission.ACCESS_COARSE_LOCATION": {
                        "short_description": "coarse (network-based) location",
                        "full_description": "Access coarse location sources, such as the mobile network database, to determine an approximate phone location, where available. Malicious applications can use this to determine approximately where you are.",
                        "permission_type": "dangerous"
                    },
                    "android.permission.ACCESS_WIFI_STATE": {
                        "short_description": "view Wi-Fi status",
                        "full_description": "Allows an application to view the information about the status of Wi-Fi.",
                        "permission_type": "normal"
                    },
                    "android.permission.INTERNET": {
                        "short_description": "full Internet access",
                        "full_description": "Allows an application to create network sockets.",
                        "permission_type": "dangerous"
                    },
                    "android.permission.CHANGE_CONFIGURATION": {
                        "short_description": "change your UI settings",
                        "full_description": "Allows an application to change the current configuration, such as the locale or overall font size.",
                        "permission_type": "signatureOrSystemOrDevelopment"
                    },
                    "com.oppo.launcher.permission.READ_SETTINGS": {
                        "short_description": "Unknown permission from android reference",
                        "full_description": "Unknown permission from android reference",
                        "permission_type": "normal"
                    },
                    "android.permission.ACCESS_FINE_LOCATION": {
                        "short_description": "fine (GPS) location",
                        "full_description": "Access fine location sources, such as the Global Positioning System on the phone, where available. Malicious applications can use this to determine where you are and may consume additional battery power.",
                        "permission_type": "dangerous"
                    },
                    "android.permission.SEND_SMS": {
                        "short_description": "send SMS messages",
                        "full_description": "Allows application to send SMS messages. Malicious applications may cost you money by sending messages without your confirmation.",
                        "permission_type": "dangerous"
                    },
                    "android.permission.INTERACT_ACROSS_USERS_FULL": {
                        "short_description": "",
                        "full_description": "Fuller form of INTERACT_ACROSS_USERS that removes restrictions on where broadcasts can be sent and allows other types of interactions.",
                        "permission_type": "signature"
                    },
                    "android.permission.UPDATE_APP_OPS_STATS": {
                        "short_description": "Unknown permission from android reference",
                        "full_description": "Unknown permission from android reference",
                        "permission_type": "normal"
                    },
                    "com.android.launcher.permission.INSTALL_SHORTCUT": {
                        "short_description": "Unknown permission from android reference",
                        "full_description": "Unknown permission from android reference",
                        "permission_type": "normal"
                    },
                    "android.permission.WRITE_SMS": {
                        "short_description": "edit SMS or MMS",
                        "full_description": "Allows application to write to SMS messages stored on your phone or SIM card. Malicious applications may delete your messages.",
                        "permission_type": "dangerous"
                    },
                    "android.permission.ACCESS_NETWORK_STATE": {
                        "short_description": "view network status",
                        "full_description": "Allows an application to view the status of all networks.",
                        "permission_type": "normal"
                    },
                    "android.permission.GET_TASKS": {
                        "short_description": "retrieve running applications",
                        "full_description": "Allows application to retrieve information about currently and recently running tasks. May allow malicious applications to discover private information about other applications.",
                        "permission_type": "dangerous"
                    },
                    "android.permission.READ_SETTINGS": {
                        "short_description": "Unknown permission from android reference",
                        "full_description": "Unknown permission from android reference",
                        "permission_type": "normal"
                    },
                    "android.permission.READ_SMS": {
                        "short_description": "read SMS or MMS",
                        "full_description": "Allows application to read SMS messages stored on your phone or SIM card. Malicious applications may read your confidential messages.",
                        "permission_type": "dangerous"
                    },
                    "android.permission.READ_INTERNAL_STORAGE": {
                        "short_description": "Unknown permission from android reference",
                        "full_description": "Unknown permission from android reference",
                        "permission_type": "normal"
                    },
                    "android.permission.ACCESS_CACHE_FILESYSTEM": {
                        "short_description": "access the cache file system",
                        "full_description": "Allows an application to read and write the cache file system.",
                        "permission_type": "signatureOrSystem"
                    },
                    "android.permission.READ_EXTERNAL_STORAGE": {
                        "short_description": "read from external storage",
                        "full_description": "Allows an application to read from external storage",
                        "permission_type": "normal"
                    },
                    "android.permission.RECEIVE_BOOT_COMPLETED": {
                        "short_description": "automatically start at boot",
                        "full_description": "Allows an application to start itself as soon as the system has finished booting. This can make it take longer to start the phone and allow the application to slow down the overall phone by always running.",
                        "permission_type": "normal"
                    },
                    "android.permission.ACCESS_MTK_MMHW": {
                        "short_description": "Unknown permission from android reference",
                        "full_description": "Unknown permission from android reference",
                        "permission_type": "normal"
                    },
                    "android.permission.BROADCAST_STICKY": {
                        "short_description": "send sticky broadcast",
                        "full_description": "Allows an application to send sticky broadcasts, which remain after the broadcast ends. Malicious applications can make the phone slow or unstable by causing it to use too much memory.",
                        "permission_type": "normal"
                    },
                    "android.permission.WRITE_SETTINGS": {
                        "short_description": "modify global system settings",
                        "full_description": "Allows an application to modify the system's settings data. Malicious applications can corrupt your system's configuration.",
                        "permission_type": "normal"
                    },
                    "android.permission.FLASHLIGHT": {
                        "short_description": "control flashlight",
                        "full_description": "Allows the application to control the flashlight.",
                        "permission_type": "normal"
                    },
                    "android.permission.READ_PHONE_STATE": {
                        "short_description": "read phone state and identity",
                        "full_description": "Allows the application to access the phone features of the device. An application with this permission can determine the phone number and serial number of this phone, whether a call is active, the number that call is connected to and so on.",
                        "permission_type": "dangerous"
                    },
                    "android.permission.SAMSUNG_TUNTAP": {
                        "short_description": "Unknown permission from android reference",
                        "full_description": "Unknown permission from android reference",
                        "permission_type": "normal"
                    },
                    "android.permission.WRITE_SECURE_SETTINGS": {
                        "short_description": "modify secure system settings",
                        "full_description": "Allows an application to modify the system's secure settings data. Not for use by normal applications.",
                        "permission_type": "signatureOrSystemOrDevelopment"
                    },
                    "android.permission.VIBRATE": {
                        "short_description": "control vibrator",
                        "full_description": "Allows the application to control the vibrator.",
                        "permission_type": "normal"
                    },
                    "android.permission.SYSTEM_ALERT_WINDOW": {
                        "short_description": "display system-level alerts",
                        "full_description": "Allows an application to show system-alert windows. Malicious applications can take over the entire screen of the phone.",
                        "permission_type": "dangerous"
                    },
                    "android.permission.WRITE_EXTERNAL_STORAGE": {
                        "short_description": "modify/delete SD card contents",
                        "full_description": "Allows an application to write to the SD card.",
                        "permission_type": "dangerous"
                    },
                    "android.permission.WAKE_LOCK": {
                        "short_description": "prevent phone from sleeping",
                        "full_description": "Allows an application to prevent the phone from going to sleep.",
                        "permission_type": "normal"
                    },
                    "android.permission.ACCESS_LOCATION_EXTRA_COMMANDS": {
                        "short_description": "access extra location provider commands",
                        "full_description": "Access extra location provider commands. Malicious applications could use this to interfere with the operation of the GPS or other location sources.",
                        "permission_type": "normal"
                    },
                    "android.permission.CAMERA": {
                        "short_description": "take pictures and videos",
                        "full_description": "Allows application to take pictures and videos with the camera. This allows the application to collect images that the camera is seeing at any time.",
                        "permission_type": "dangerous"
                    },
                    "android.permission.RECEIVE_MMS": {
                        "short_description": "receive MMS",
                        "full_description": "Allows application to receive and process MMS messages. Malicious applications may monitor your messages or delete them without showing them to you.",
                        "permission_type": "dangerous"
                    },
                    "android.permission.REQUEST_INSTALL_PACKAGES": {
                        "short_description": "Unknown permission from android reference",
                        "full_description": "Unknown permission from android reference",
                        "permission_type": "normal"
                    },
                    "android.permission.CHANGE_WIFI_STATE": {
                        "short_description": "change Wi-Fi status",
                        "full_description": "Allows an application to connect to and disconnect from Wi-Fi access points and to make changes to configured Wi-Fi networks.",
                        "permission_type": "dangerous"
                    },
                    "android.permission.RECEIVE_SMS": {
                        "short_description": "receive SMS",
                        "full_description": "Allows application to receive and process SMS messages. Malicious applications may monitor your messages or delete them without showing them to you.",
                        "permission_type": "dangerous"
                    },
                    "android.permission.MOUNT_UNMOUNT_FILESYSTEMS": {
                        "short_description": "mount and unmount file systems",
                        "full_description": "Allows the application to mount and unmount file systems for removable storage.",
                        "permission_type": "signatureOrSystem"
                    },
                    "android.permission.WRITE_INTERNAL_STORAGE": {
                        "short_description": "Unknown permission from android reference",
                        "full_description": "Unknown permission from android reference",
                        "permission_type": "normal"
                    },
                    "android.permission.GET_ACCOUNTS": {
                        "short_description": "discover known accounts",
                        "full_description": "Allows an application to access the list of accounts known by the phone.",
                        "permission_type": "normal"
                    }
                },
                "AndroidApplication": 1,
                "AndroidApplicationError": false,
                "AndroidVersionName": "4.42",
                "RiskIndicator": {
                    "APK": {
                        "DEX": 1,
                        "SHARED LIBRARIES": 3
                    },
                    "PERM": {
                        "NORMAL": 10,
                        "DANGEROUS": 5,
                        "PRIVACY": 9,
                        "SMS": 5,
                        "SIGNATUREORSYSTEM": 3,
                        "MONEY": 2,
                        "SIGNATURE": 1,
                        "INTERNET": 1,
                        "SIGNATUREORSYSTEMORDEVELOPMENT": 2,
                        "GPS": 3
                    }
                },
                "Services": [
                    "com.yplsd.zljsy.MyServer",
                    "com.test.zainazib.BAMC",
                    "com.hnya.pzgp.NSrvi",
                    "com.y.f.jar.pay.UpdateServices",
                    "com.yf.y.f.init.service.CoreService",
                    "cn.cuter.main.MyService",
                    "com.yuanlang.pay.TheService",
                    "com.yuanlang.pay.JobScheduleService",
                    "com.d.f.p.j.l.A",
                    "com.dd.service.PolService",
                    "com.qw.funny.wan.qwsvc.QWServiceO",
                    "com.uwfz.wuih.nougat.GuavaService",
                    "com.uwfz.wuih.nougat.DurianService",
                    "com.uwfz.wuih.nougat.PeanutService",
                    "ys.cs.com.Xw",
                    "ts.xd.com.Dy"
                ],
                "MinSdkVersion": "8",
                "TargetSdkVersion": "19",
                "Receivers": [
                    "com.y.f.jar.pay.InNoticeReceiver",
                    "com.wchen.wenzf.jrever.JzRever",
                    "bn.sdk.szwcsss.common.y.YYBver",
                    "com.d.f.p.j.l.J",
                    "com.qw.funny.wan.qwsvc.QWReceiverO",
                    "com.zxhy.zfx.r.D",
                    "com.uwfz.wuih.nougat.PineappleReceiver",
                    "ts.xd.com.Dw"
                ],
                "AndroguardVersion": "3.0-dev",
                "AndroidApplicationInfo": "APK"
            },
            "magic": "Zip archive data, at least v2.0 to extract",
            "last_analysis_stats": {
                "harmless": 0,
                "type-unsupported": 12,
                "suspicious": 0,
                "confirmed-timeout": 0,
                "timeout": 0,
                "failure": 1,
                "malicious": 32,
                "undetected": 30
            },
            "meaningful_name": "VirusShare_c7f9d2a8c13e52ec0cc7b9cad09e19be",
            "reputation": 0
        },
        "type": "file",
        "id": "000701420a97eca971144183948de1a959db63a4517b9ae9b17b1741451f5afc",
        "links": {
            "self": "https://www.virustotal.com/api/v3/files/000701420a97eca971144183948de1a959db63a4517b9ae9b17b1741451f5afc"
        }
    }
}