{
    "data": {
        "attributes": {
            "type_description": "Android",
            "vhash": "09b0019ab8332a8078adc510064dfe77",
            "trid": [
                {
                    "file_type": "Android Package",
                    "probability": 57.0
                },
                {
                    "file_type": "Java Archive",
                    "probability": 20.0
                },
                {
                    "file_type": "Sweet Home 3D design (generic)",
                    "probability": 15.5
                },
                {
                    "file_type": "ZIP compressed archive",
                    "probability": 5.9
                },
                {
                    "file_type": "PrintFox/Pagefox bitmap (var. P)",
                    "probability": 1.4
                }
            ],
            "names": [],
            "last_modification_date": 1605581852,
            "type_tag": "android",
            "times_submitted": 1,
            "total_votes": {
                "harmless": 0,
                "malicious": 0
            },
            "size": 4948736,
            "type_extension": "apk",
            "last_submission_date": 1561494515,
            "reputation": 0,
            "sha256": "0007c7919c7606be1da9b9bc6d47bc9a225df812d3120865001a0f95bebebb2c",
            "tags": [
                "apk",
                "android",
                "reflection",
                "runtime-modules"
            ],
            "last_analysis_date": 1591093073,
            "unique_sources": 1,
            "first_submission_date": 1561494515,
            "sha1": "d091dd9361c79036208218ab1b94a1c828317df3",
            "ssdeep": "98304:V7jMGXKKj9VYNNsa8CjH5NhG9GGHk48mo9UkaQ2lbeJVw:V78AkNV8q53IiU/le3w",
            "bundle_info": {
                "highest_datetime": "2019-05-19 18:12:10",
                "lowest_datetime": "1980-01-01 00:00:00",
                "num_children": 410,
                "extensions": {
                    "xml": 154,
                    "dex": 2,
                    "MF": 1,
                    "RSA": 1,
                    "ttf": 3,
                    "txt": 1,
                    "SF": 1,
                    "png": 246
                },
                "file_types": {
                    "XML": 154,
                    "unknown": 7,
                    "JSON": 1,
                    "DEX": 2,
                    "PNG": 246
                },
                "type": "APK",
                "uncompressed_size": 11869442
            },
            "md5": "74d1d8c8c346b8482dde91bc91b155bb",
            "androguard": {
                "Activities": [
                    "com.monojrai831.PRESS_TV_HISPAN_TV.Screen8",
                    "com.monojrai831.PRESS_TV_HISPAN_TV.Screen2",
                    "com.monojrai831.PRESS_TV_HISPAN_TV.Screen3",
                    "com.monojrai831.PRESS_TV_HISPAN_TV.Screen1",
                    "com.monojrai831.PRESS_TV_HISPAN_TV.Screen5",
                    "com.monojrai831.PRESS_TV_HISPAN_TV.Screen4",
                    "com.monojrai831.PRESS_TV_HISPAN_TV.Screen7",
                    "com.monojrai831.PRESS_TV_HISPAN_TV.Screen6",
                    "com.google.android.gms.ads.AdActivity",
                    "com.google.android.gms.ads.AdActivity"
                ],
                "AndroidVersionCode": "3",
                "main_activity": "com.monojrai831.PRESS_TV_HISPAN_TV.Screen1",
                "certificate": {
                    "Subject": {
                        "DN": "C:US, CN:Android, L:Mountain View, O:Google Inc., ST:California, OU:Android",
                        "C": "US",
                        "CN": "Android",
                        "L": "Mountain View",
                        "O": "Google Inc.",
                        "ST": "California",
                        "OU": "Android"
                    },
                    "validto": "2049-05-15 20:56:26",
                    "serialnumber": "d62e0dd6e70225c837e4930ca7e80cf2cc76af3c",
                    "thumbprint": "c56c47f57795e1cc89236be93e32399e033f1c29",
                    "validfrom": "2019-05-15 20:56:26",
                    "Issuer": {
                        "DN": "C:US, CN:Android, L:Mountain View, O:Google Inc., ST:California, OU:Android",
                        "C": "US",
                        "CN": "Android",
                        "L": "Mountain View",
                        "O": "Google Inc.",
                        "ST": "California",
                        "OU": "Android"
                    }
                },
                "VTAndroidInfo": 1.41,
                "Package": "com.monojrai831.PRESS_TV_HISPAN_TV",
                "intent_filters": {
                    "Services": {},
                    "Activities": {
                        "com.monojrai831.PRESS_TV_HISPAN_TV.Screen8": {
                            "action": [
                                "android.intent.action.MAIN"
                            ]
                        },
                        "com.monojrai831.PRESS_TV_HISPAN_TV.Screen3": {
                            "action": [
                                "android.intent.action.MAIN"
                            ]
                        },
                        "com.monojrai831.PRESS_TV_HISPAN_TV.Screen2": {
                            "action": [
                                "android.intent.action.MAIN"
                            ]
                        },
                        "com.monojrai831.PRESS_TV_HISPAN_TV.Screen1": {
                            "action": [
                                "android.intent.action.MAIN"
                            ],
                            "category": [
                                "android.intent.category.LAUNCHER"
                            ]
                        },
                        "com.monojrai831.PRESS_TV_HISPAN_TV.Screen7": {
                            "action": [
                                "android.intent.action.MAIN"
                            ]
                        },
                        "com.monojrai831.PRESS_TV_HISPAN_TV.Screen6": {
                            "action": [
                                "android.intent.action.MAIN"
                            ]
                        },
                        "com.monojrai831.PRESS_TV_HISPAN_TV.Screen5": {
                            "action": [
                                "android.intent.action.MAIN"
                            ]
                        },
                        "com.monojrai831.PRESS_TV_HISPAN_TV.Screen4": {
                            "action": [
                                "android.intent.action.MAIN"
                            ]
                        }
                    },
                    "Receivers": {}
                },
                "permission_details": {
                    "android.permission.ACCESS_WIFI_STATE": {
                        "short_description": "view Wi-Fi status",
                        "full_description": "Allows an application to view the information about the status of Wi-Fi.",
                        "permission_type": "normal"
                    },
                    "android.permission.ACCESS_NETWORK_STATE": {
                        "short_description": "view network status",
                        "full_description": "Allows an application to view the status of all networks.",
                        "permission_type": "normal"
                    },
                    "android.permission.INTERNET": {
                        "short_description": "full Internet access",
                        "full_description": "Allows an application to create network sockets.",
                        "permission_type": "dangerous"
                    }
                },
                "AndroidApplication": 1,
                "StringsInformation": [
                    "http://",
                    "http://ai-mediaservice.appspot.com",
                    "http://androvote.appspot.com",
                    "http://appinvgameserver.appspot.com",
                    "http://bit.ly/2Q6jent",
                    "http://bit.ly/2VpfNsN",
                    "http://bit.ly/2W5iFj2",
                    "http://gnu.org/kawa/cached-collections",
                    "http://kawa.gnu.org/",
                    "http://kawa.gnu.org/unit",
                    "http://kawa.gnu.org/unknown-namespace/",
                    "http://qexo.gnu.org/",
                    "http://schemas.android.com/apk/res/android",
                    "http://tinywebdb.appinventor.mit.edu",
                    "http://tinywebdb.appinventor.mit.edu/",
                    "http://www.google.com/fusiontables/v2/query",
                    "http://www.w3.org/1999/XSL/Transform",
                    "http://www.w3.org/1999/xhtml",
                    "http://www.w3.org/2000/xmlns/",
                    "http://www.w3.org/2001/XMLSchema",
                    "http://www.w3.org/2001/XMLSchema-instance",
                    "http://www.w3.org/2005/xpath-functions",
                    "http://www.w3.org/2005/xpath-functions/collation/codepoint",
                    "http://www.w3.org/2005/xqt-errors",
                    "http://www.w3.org/2005/xquery-local-functions",
                    "http://www.w3.org/XML/1998/namespace",
                    "https://",
                    "https://5a61de8ed719d.streamlock.net/live/smil:live.smil/playlist.m3u8",
                    "https://5a61de8ed719d.streamlock.net/liveprs/smil:liveprs.smil/playlist.m3u8",
                    "https://admob.thunkable.com/graphql",
                    "https://api.amplitude.com/",
                    "https://e.crashlytics.com/spi/v2/events",
                    "https://live2.alalamtv.net/live/Alalam_low/index.m3u8",
                    "https://settings.crashlytics.com/spi/v2/platforms/android/apps/%s/settings",
                    "https://translate.yandex.net/api/v1.5/tr.json/translate?key=",
                    "https://westus.api.cognitive.microsoft.com/face/v1.0/detect?returnFaceAttributes=emotion",
                    "https://westus.api.cognitive.microsoft.com/vision/v1.0/describe",
                    "https://www.google.com/voice/b/0/redirection/voice",
                    "https://www.google.com/voice/b/0/sms/send/",
                    "https://www.googleapis.com/auth/fusiontables",
                    "https://www.googleapis.com/fusiontables/v2/tables",
                    "https://www.googleapis.com/fusiontables/v2/tables?key="
                ],
                "AndroidApplicationError": false,
                "Providers": [
                    "android.support.v4.content.FileProvider"
                ],
                "AndroidVersionName": "3.0",
                "RiskIndicator": {
                    "APK": {
                        "DEX": 2
                    },
                    "PERM": {
                        "INTERNET": 1,
                        "NORMAL": 2
                    }
                },
                "MinSdkVersion": "19",
                "TargetSdkVersion": "26",
                "AndroguardVersion": "3.0-dev",
                "AndroidApplicationInfo": "APK"
            },
            "magic": "Zip archive data, at least v2.0 to extract",
            "last_analysis_stats": {
                "harmless": 0,
                "type-unsupported": 11,
                "suspicious": 0,
                "confirmed-timeout": 0,
                "timeout": 0,
                "failure": 1,
                "malicious": 1,
                "undetected": 62
            },
            "last_analysis_results": {
                "Bkav": {
                    "category": "failure",
                    "engine_name": "Bkav",
                    "engine_version": "1.3.0.9899",
                    "result": null,
                    "method": "blacklist",
                    "engine_update": "20200602"
                },
                "Lionic": {
                    "category": "undetected",
                    "engine_name": "AegisLab",
                    "engine_version": "4.2",
                    "result": null,
                    "method": "blacklist",
                    "engine_update": "20200602"
                },
                "DrWeb": {
                    "category": "undetected",
                    "engine_name": "DrWeb",
                    "engine_version": "7.0.46.3050",
                    "result": null,
                    "method": "blacklist",
                    "engine_update": "20200602"
                },
                "MicroWorld-eScan": {
                    "category": "undetected",
                    "engine_name": "MicroWorld-eScan",
                    "engine_version": "14.0.409.0",
                    "result": null,
                    "method": "blacklist",
                    "engine_update": "20200602"
                },
                "CMC": {
                    "category": "undetected",
                    "engine_name": "CMC",
                    "engine_version": "1.1.0.977",
                    "result": null,
                    "method": "blacklist",
                    "engine_update": "20190321"
                },
                "CAT-QuickHeal": {
                    "category": "undetected",
                    "engine_name": "CAT-QuickHeal",
                    "engine_version": "14.00",
                    "result": null,
                    "method": "blacklist",
                    "engine_update": "20200602"
                },
                "ALYac": {
                    "category": "undetected",
                    "engine_name": "ALYac",
                    "engine_version": "1.1.1.5",
                    "result": null,
                    "method": "blacklist",
                    "engine_update": "20200602"
                },
                "Malwarebytes": {
                    "category": "undetected",
                    "engine_name": "Malwarebytes",
                    "engine_version": "3.6.4.335",
                    "result": null,
                    "method": "blacklist",
                    "engine_update": "20200602"
                },
                "Zillya": {
                    "category": "undetected",
                    "engine_name": "Zillya",
                    "engine_version": "2.0.0.4101",
                    "result": null,
                    "method": "blacklist",
                    "engine_update": "20200601"
                },
                "Paloalto": {
                    "category": "type-unsupported",
                    "engine_name": "Paloalto",
                    "engine_version": "1.0",
                    "result": null,
                    "method": "blacklist",
                    "engine_update": "20200602"
                },
                "Sangfor": {
                    "category": "undetected",
                    "engine_name": "Sangfor",
                    "engine_version": "1.0",
                    "result": null,
                    "method": "blacklist",
                    "engine_update": "20200423"
                },
                "Trustlook": {
                    "category": "undetected",
                    "engine_name": "Trustlook",
                    "engine_version": "1.0",
                    "result": null,
                    "method": "blacklist",
                    "engine_update": "20200602"
                },
                "Alibaba": {
                    "category": "undetected",
                    "engine_name": "Alibaba",
                    "engine_version": "0.3.0.5",
                    "result": null,
                    "method": "blacklist",
                    "engine_update": "20190527"
                },
                "K7GW": {
                    "category": "undetected",
                    "engine_name": "K7GW",
                    "engine_version": "11.113.34274",
                    "result": null,
                    "method": "blacklist",
                    "engine_update": "20200602"
                },
                "K7AntiVirus": {
                    "category": "undetected",
                    "engine_name": "K7AntiVirus",
                    "engine_version": "11.113.34276",
                    "result": null,
                    "method": "blacklist",
                    "engine_update": "20200602"
                },
                "Invincea": {
                    "category": "type-unsupported",
                    "engine_name": "Invincea",
                    "engine_version": "6.3.6.26157",
                    "result": null,
                    "method": "blacklist",
                    "engine_update": "20200502"
                },
                "BitDefenderTheta": {
                    "category": "undetected",
                    "engine_name": "BitDefenderTheta",
                    "engine_version": "7.2.37796.0",
                    "result": null,
                    "method": "blacklist",
                    "engine_update": "20200521"
                },
                "F-Prot": {
                    "category": "undetected",
                    "engine_name": "F-Prot",
                    "engine_version": "4.7.1.166",
                    "result": null,
                    "method": "blacklist",
                    "engine_update": "20200602"
                },
                "SymantecMobileInsight": {
                    "category": "undetected",
                    "engine_name": "SymantecMobileInsight",
                    "engine_version": "2.0",
                    "result": null,
                    "method": "blacklist",
                    "engine_update": "20200527"
                },
                "Symantec": {
                    "category": "undetected",
                    "engine_name": "Symantec",
                    "engine_version": "1.11.0.0",
                    "result": null,
                    "method": "blacklist",
                    "engine_update": "20200602"
                },
                "TotalDefense": {
                    "category": "undetected",
                    "engine_name": "TotalDefense",
                    "engine_version": "37.1.62.1",
                    "result": null,
                    "method": "blacklist",
                    "engine_update": "20200601"
                },
                "APEX": {
                    "category": "type-unsupported",
                    "engine_name": "APEX",
                    "engine_version": "6.29",
                    "result": null,
                    "method": "blacklist",
                    "engine_update": "20200601"
                },
                "TrendMicro-HouseCall": {
                    "category": "undetected",
                    "engine_name": "TrendMicro-HouseCall",
                    "engine_version": "10.0.0.1040",
                    "result": null,
                    "method": "blacklist",
                    "engine_update": "20200602"
                },
                "Avast": {
                    "category": "undetected",
                    "engine_name": "Avast",
                    "engine_version": "18.4.3895.0",
                    "result": null,
                    "method": "blacklist",
                    "engine_update": "20200602"
                },
                "ClamAV": {
                    "category": "undetected",
                    "engine_name": "ClamAV",
                    "engine_version": "0.102.3.0",
                    "result": null,
                    "method": "blacklist",
                    "engine_update": "20200601"
                },
                "Kaspersky": {
                    "category": "undetected",
                    "engine_name": "Kaspersky",
                    "engine_version": "15.0.1.13",
                    "result": null,
                    "method": "blacklist",
                    "engine_update": "20200602"
                },
                "BitDefender": {
                    "category": "undetected",
                    "engine_name": "BitDefender",
                    "engine_version": "7.2",
                    "result": null,
                    "method": "blacklist",
                    "engine_update": "20200602"
                },
                "NANO-Antivirus": {
                    "category": "undetected",
                    "engine_name": "NANO-Antivirus",
                    "engine_version": "1.0.134.25112",
                    "result": null,
                    "method": "blacklist",
                    "engine_update": "20200602"
                },
                "SUPERAntiSpyware": {
                    "category": "undetected",
                    "engine_name": "SUPERAntiSpyware",
                    "engine_version": "5.6.0.1032",
                    "result": null,
                    "method": "blacklist",
                    "engine_update": "20200530"
                },
                "Tencent": {
                    "category": "malicious",
                    "engine_name": "Tencent",
                    "engine_version": "1.0.0.1",
                    "result": "a.gray.inventor.a",
                    "method": "blacklist",
                    "engine_update": "20200602"
                },
                "Ad-Aware": {
                    "category": "undetected",
                    "engine_name": "Ad-Aware",
                    "engine_version": "3.0.5.370",
                    "result": null,
                    "method": "blacklist",
                    "engine_update": "20200602"
                },
                "Sophos": {
                    "category": "undetected",
                    "engine_name": "Sophos",
                    "engine_version": "4.98.0",
                    "result": null,
                    "method": "blacklist",
                    "engine_update": "20200602"
                },
                "Comodo": {
                    "category": "undetected",
                    "engine_name": "Comodo",
                    "engine_version": "32497",
                    "result": null,
                    "method": "blacklist",
                    "engine_update": "20200602"
                },
                "F-Secure": {
                    "category": "undetected",
                    "engine_name": "F-Secure",
                    "engine_version": "12.0.86.52",
                    "result": null,
                    "method": "blacklist",
                    "engine_update": "20200602"
                },
                "Baidu": {
                    "category": "undetected",
                    "engine_name": "Baidu",
                    "engine_version": "1.0.0.2",
                    "result": null,
                    "method": "blacklist",
                    "engine_update": "20190318"
                },
                "VIPRE": {
                    "category": "undetected",
                    "engine_name": "VIPRE",
                    "engine_version": "84170",
                    "result": null,
                    "method": "blacklist",
                    "engine_update": "20200602"
                },
                "TrendMicro": {
                    "category": "undetected",
                    "engine_name": "TrendMicro",
                    "engine_version": "11.0.0.1006",
                    "result": null,
                    "method": "blacklist",
                    "engine_update": "20200602"
                },
                "McAfee-GW-Edition": {
                    "category": "undetected",
                    "engine_name": "McAfee-GW-Edition",
                    "engine_version": "v2017.3010",
                    "result": null,
                    "method": "blacklist",
                    "engine_update": "20200602"
                },
                "Fortinet": {
                    "category": "undetected",
                    "engine_name": "Fortinet",
                    "engine_version": "6.2.142.0",
                    "result": null,
                    "method": "blacklist",
                    "engine_update": "20200602"
                },
                "Trapmine": {
                    "category": "type-unsupported",
                    "engine_name": "Trapmine",
                    "engine_version": "3.2.25.947",
                    "result": null,
                    "method": "blacklist",
                    "engine_update": "20200505"
                },
                "FireEye": {
                    "category": "undetected",
                    "engine_name": "FireEye",
                    "engine_version": "32.31.0.0",
                    "result": null,
                    "method": "blacklist",
                    "engine_update": "20200602"
                },
                "Emsisoft": {
                    "category": "undetected",
                    "engine_name": "Emsisoft",
                    "engine_version": "2018.12.0.1641",
                    "result": null,
                    "method": "blacklist",
                    "engine_update": "20200602"
                },
                "Ikarus": {
                    "category": "undetected",
                    "engine_name": "Ikarus",
                    "engine_version": "0.1.5.2",
                    "result": null,
                    "method": "blacklist",
                    "engine_update": "20200602"
                },
                "Cyren": {
                    "category": "undetected",
                    "engine_name": "Cyren",
                    "engine_version": "6.3.0.2",
                    "result": null,
                    "method": "blacklist",
                    "engine_update": "20200602"
                },
                "Jiangmin": {
                    "category": "undetected",
                    "engine_name": "Jiangmin",
                    "engine_version": "16.0.100",
                    "result": null,
                    "method": "blacklist",
                    "engine_update": "20200602"
                },
                "Webroot": {
                    "category": "type-unsupported",
                    "engine_name": "Webroot",
                    "engine_version": "1.0.0.403",
                    "result": null,
                    "method": "blacklist",
                    "engine_update": "20200602"
                },
                "Avira": {
                    "category": "undetected",
                    "engine_name": "Avira",
                    "engine_version": "8.3.3.8",
                    "result": null,
                    "method": "blacklist",
                    "engine_update": "20200602"
                },
                "eGambit": {
                    "category": "type-unsupported",
                    "engine_name": "eGambit",
                    "engine_version": null,
                    "result": null,
                    "method": "blacklist",
                    "engine_update": "20200602"
                },
                "MAX": {
                    "category": "undetected",
                    "engine_name": "MAX",
                    "engine_version": "2019.9.16.1",
                    "result": null,
                    "method": "blacklist",
                    "engine_update": "20200602"
                },
                "Antiy-AVL": {
                    "category": "undetected",
                    "engine_name": "Antiy-AVL",
                    "engine_version": "3.0.0.1",
                    "result": null,
                    "method": "blacklist",
                    "engine_update": "20200602"
                },
                "Kingsoft": {
                    "category": "undetected",
                    "engine_name": "Kingsoft",
                    "engine_version": "2013.8.14.323",
                    "result": null,
                    "method": "blacklist",
                    "engine_update": "20200602"
                },
                "Endgame": {
                    "category": "type-unsupported",
                    "engine_name": "Endgame",
                    "engine_version": "4.0.4",
                    "result": null,
                    "method": "blacklist",
                    "engine_update": "20200530"
                },
                "Arcabit": {
                    "category": "undetected",
                    "engine_name": "Arcabit",
                    "engine_version": "1.0.0.875",
                    "result": null,
                    "method": "blacklist",
                    "engine_update": "20200602"
                },
                "ViRobot": {
                    "category": "undetected",
                    "engine_name": "ViRobot",
                    "engine_version": "2014.3.20.0",
                    "result": null,
                    "method": "blacklist",
                    "engine_update": "20200602"
                },
                "ZoneAlarm": {
                    "category": "undetected",
                    "engine_name": "ZoneAlarm",
                    "engine_version": "1.0",
                    "result": null,
                    "method": "blacklist",
                    "engine_update": "20200602"
                },
                "Avast-Mobile": {
                    "category": "undetected",
                    "engine_name": "Avast-Mobile",
                    "engine_version": "200602-00",
                    "result": null,
                    "method": "blacklist",
                    "engine_update": "20200602"
                },
                "Microsoft": {
                    "category": "undetected",
                    "engine_name": "Microsoft",
                    "engine_version": "1.1.17100.2",
                    "result": null,
                    "method": "blacklist",
                    "engine_update": "20200602"
                },
                "AhnLab-V3": {
                    "category": "undetected",
                    "engine_name": "AhnLab-V3",
                    "engine_version": "3.17.6.27456",
                    "result": null,
                    "method": "blacklist",
                    "engine_update": "20200602"
                },
                "Acronis": {
                    "category": "type-unsupported",
                    "engine_name": "Acronis",
                    "engine_version": "1.1.1.76",
                    "result": null,
                    "method": "blacklist",
                    "engine_update": "20200529"
                },
                "McAfee": {
                    "category": "undetected",
                    "engine_name": "McAfee",
                    "engine_version": "6.0.6.653",
                    "result": null,
                    "method": "blacklist",
                    "engine_update": "20200602"
                },
                "TACHYON": {
                    "category": "undetected",
                    "engine_name": "TACHYON",
                    "engine_version": "2020-06-02.03",
                    "result": null,
                    "method": "blacklist",
                    "engine_update": "20200602"
                },
                "VBA32": {
                    "category": "undetected",
                    "engine_name": "VBA32",
                    "engine_version": "4.4.1",
                    "result": null,
                    "method": "blacklist",
                    "engine_update": "20200602"
                },
                "Cylance": {
                    "category": "type-unsupported",
                    "engine_name": "Cylance",
                    "engine_version": "2.3.1.101",
                    "result": null,
                    "method": "blacklist",
                    "engine_update": "20200602"
                },
                "Zoner": {
                    "category": "undetected",
                    "engine_name": "Zoner",
                    "engine_version": "0.0.0.0",
                    "result": null,
                    "method": "blacklist",
                    "engine_update": "20200601"
                },
                "ESET-NOD32": {
                    "category": "undetected",
                    "engine_name": "ESET-NOD32",
                    "engine_version": "21427",
                    "result": null,
                    "method": "blacklist",
                    "engine_update": "20200602"
                },
                "Rising": {
                    "category": "undetected",
                    "engine_name": "Rising",
                    "engine_version": "25.0.0.25",
                    "result": null,
                    "method": "blacklist",
                    "engine_update": "20200602"
                },
                "Yandex": {
                    "category": "undetected",
                    "engine_name": "Yandex",
                    "engine_version": "5.5.2.24",
                    "result": null,
                    "method": "blacklist",
                    "engine_update": "20200602"
                },
                "SentinelOne": {
                    "category": "undetected",
                    "engine_name": "SentinelOne",
                    "engine_version": "4.3.0.105",
                    "result": null,
                    "method": "blacklist",
                    "engine_update": "20200601"
                },
                "MaxSecure": {
                    "category": "undetected",
                    "engine_name": "MaxSecure",
                    "engine_version": "1.0.0.1",
                    "result": null,
                    "method": "blacklist",
                    "engine_update": "20200602"
                },
                "GData": {
                    "category": "undetected",
                    "engine_name": "GData",
                    "engine_version": "A:25.25812B:26.18948",
                    "result": null,
                    "method": "blacklist",
                    "engine_update": "20200602"
                },
                "AVG": {
                    "category": "undetected",
                    "engine_name": "AVG",
                    "engine_version": "18.4.3895.0",
                    "result": null,
                    "method": "blacklist",
                    "engine_update": "20200602"
                },
                "Cybereason": {
                    "category": "type-unsupported",
                    "engine_name": "Cybereason",
                    "engine_version": null,
                    "result": null,
                    "method": "blacklist",
                    "engine_update": "20180308"
                },
                "Panda": {
                    "category": "undetected",
                    "engine_name": "Panda",
                    "engine_version": "4.6.4.2",
                    "result": null,
                    "method": "blacklist",
                    "engine_update": "20200601"
                },
                "CrowdStrike": {
                    "category": "type-unsupported",
                    "engine_name": "CrowdStrike",
                    "engine_version": "1.0",
                    "result": null,
                    "method": "blacklist",
                    "engine_update": "20180202"
                },
                "Qihoo-360": {
                    "category": "undetected",
                    "engine_name": "Qihoo-360",
                    "engine_version": "1.0.0.1120",
                    "result": null,
                    "method": "blacklist",
                    "engine_update": "20200602"
                }
            }
        },
        "type": "file",
        "id": "0007c7919c7606be1da9b9bc6d47bc9a225df812d3120865001a0f95bebebb2c",
        "links": {
            "self": "https://www.virustotal.com/api/v3/files/0007c7919c7606be1da9b9bc6d47bc9a225df812d3120865001a0f95bebebb2c"
        }
    }
}