{
    "data": {
        "attributes": {
            "type_description": "Android",
            "tlsh": "T1A6D50297B719ACB1F15AD1B5C3F40106B4640C904364E6AA5A9AF63C8EFBF40D3CEA4D",
            "vhash": "bd1e9c902e5849e241c033cd0d760a47",
            "trid": [
                {
                    "file_type": "Android Package",
                    "probability": 59.2
                },
                {
                    "file_type": "Java Archive",
                    "probability": 20.7
                },
                {
                    "file_type": "Mozilla Firefox browser extension",
                    "probability": 12.3
                },
                {
                    "file_type": "ZIP compressed archive",
                    "probability": 6.1
                },
                {
                    "file_type": "PrintFox/Pagefox bitmap (640x800)",
                    "probability": 1.5
                }
            ],
            "names": [
                "014278",
                "VirusShare_fb2797fd6101ebe46b1be234e7387817",
                "daotachuanqi_duokuban3.0.4-faster-2.3.5-m1081-MD5-fb2797fd6101ebe46b1be234e7387817.apk",
                "F7zJ.rar"
            ],
            "last_modification_date": 1657105633,
            "type_tag": "android",
            "times_submitted": 3,
            "total_votes": {
                "harmless": 0,
                "malicious": 0
            },
            "size": 2993048,
            "popular_threat_classification": {
                "suggested_threat_label": "trojan.artemis",
                "popular_threat_category": [
                    {
                        "count": 4,
                        "value": "trojan"
                    }
                ],
                "popular_threat_name": [
                    {
                        "count": 2,
                        "value": "artemis"
                    }
                ]
            },
            "last_submission_date": 1644508888,
            "last_analysis_results": {
                "Bkav": {
                    "category": "undetected",
                    "engine_name": "Bkav",
                    "engine_version": "1.3.0.9899",
                    "result": null,
                    "method": "blacklist",
                    "engine_update": "20220209"
                },
                "Lionic": {
                    "category": "undetected",
                    "engine_name": "Lionic",
                    "engine_version": "4.2",
                    "result": null,
                    "method": "blacklist",
                    "engine_update": "20220210"
                },
                "Elastic": {
                    "category": "undetected",
                    "engine_name": "Elastic",
                    "engine_version": "4.0.32",
                    "result": null,
                    "method": "blacklist",
                    "engine_update": "20211223"
                },
                "MicroWorld-eScan": {
                    "category": "undetected",
                    "engine_name": "MicroWorld-eScan",
                    "engine_version": "14.0.409.0",
                    "result": null,
                    "method": "blacklist",
                    "engine_update": "20220210"
                },
                "FireEye": {
                    "category": "undetected",
                    "engine_name": "FireEye",
                    "engine_version": "32.44.1.0",
                    "result": null,
                    "method": "blacklist",
                    "engine_update": "20220210"
                },
                "CAT-QuickHeal": {
                    "category": "malicious",
                    "engine_name": "CAT-QuickHeal",
                    "engine_version": "14.00",
                    "result": "Android.AgentRisk.Aef9e (PUP)",
                    "method": "blacklist",
                    "engine_update": "20220210"
                },
                "ALYac": {
                    "category": "undetected",
                    "engine_name": "ALYac",
                    "engine_version": "1.1.3.1",
                    "result": null,
                    "method": "blacklist",
                    "engine_update": "20220210"
                },
                "Malwarebytes": {
                    "category": "undetected",
                    "engine_name": "Malwarebytes",
                    "engine_version": "4.2.2.27",
                    "result": null,
                    "method": "blacklist",
                    "engine_update": "20220210"
                },
                "Zillya": {
                    "category": "malicious",
                    "engine_name": "Zillya",
                    "engine_version": "2.0.0.4567",
                    "result": "Trojan.Agent.Linux.772",
                    "method": "blacklist",
                    "engine_update": "20220210"
                },
                "Sangfor": {
                    "category": "timeout",
                    "engine_name": "Sangfor",
                    "engine_version": "2.9.0.0",
                    "result": null,
                    "method": "blacklist",
                    "engine_update": "20211224"
                },
                "Trustlook": {
                    "category": "malicious",
                    "engine_name": "Trustlook",
                    "engine_version": "1.0",
                    "result": "Android.PUA.General",
                    "method": "blacklist",
                    "engine_update": "20220210"
                },
                "Alibaba": {
                    "category": "undetected",
                    "engine_name": "Alibaba",
                    "engine_version": "0.3.0.5",
                    "result": null,
                    "method": "blacklist",
                    "engine_update": "20190527"
                },
                "K7GW": {
                    "category": "malicious",
                    "engine_name": "K7GW",
                    "engine_version": "11.247.40763",
                    "result": "Adware ( 0052b8661 )",
                    "method": "blacklist",
                    "engine_update": "20220210"
                },
                "K7AntiVirus": {
                    "category": "undetected",
                    "engine_name": "K7AntiVirus",
                    "engine_version": "11.247.40762",
                    "result": null,
                    "method": "blacklist",
                    "engine_update": "20220210"
                },
                "Arcabit": {
                    "category": "undetected",
                    "engine_name": "Arcabit",
                    "engine_version": "1.0.0.889",
                    "result": null,
                    "method": "blacklist",
                    "engine_update": "20220210"
                },
                "Baidu": {
                    "category": "undetected",
                    "engine_name": "Baidu",
                    "engine_version": "1.0.0.2",
                    "result": null,
                    "method": "blacklist",
                    "engine_update": "20190318"
                },
                "VirIT": {
                    "category": "undetected",
                    "engine_name": "VirIT",
                    "engine_version": "9.5.131",
                    "result": null,
                    "method": "blacklist",
                    "engine_update": "20220210"
                },
                "Cyren": {
                    "category": "undetected",
                    "engine_name": "Cyren",
                    "engine_version": "6.5.1.2",
                    "result": null,
                    "method": "blacklist",
                    "engine_update": "20220210"
                },
                "SymantecMobileInsight": {
                    "category": "malicious",
                    "engine_name": "SymantecMobileInsight",
                    "engine_version": "2.0",
                    "result": "AppRisk:Generisk",
                    "method": "blacklist",
                    "engine_update": "20220208"
                },
                "Symantec": {
                    "category": "undetected",
                    "engine_name": "Symantec",
                    "engine_version": "1.16.0.0",
                    "result": null,
                    "method": "blacklist",
                    "engine_update": "20220210"
                },
                "ESET-NOD32": {
                    "category": "undetected",
                    "engine_name": "ESET-NOD32",
                    "engine_version": "24765",
                    "result": null,
                    "method": "blacklist",
                    "engine_update": "20220210"
                },
                "APEX": {
                    "category": "type-unsupported",
                    "engine_name": "APEX",
                    "engine_version": "6.259",
                    "result": null,
                    "method": "blacklist",
                    "engine_update": "20220210"
                },
                "TrendMicro-HouseCall": {
                    "category": "undetected",
                    "engine_name": "TrendMicro-HouseCall",
                    "engine_version": "10.0.0.1040",
                    "result": null,
                    "method": "blacklist",
                    "engine_update": "20220210"
                },
                "Avast": {
                    "category": "undetected",
                    "engine_name": "Avast",
                    "engine_version": "21.1.5827.0",
                    "result": null,
                    "method": "blacklist",
                    "engine_update": "20220210"
                },
                "ClamAV": {
                    "category": "undetected",
                    "engine_name": "ClamAV",
                    "engine_version": "0.104.2.0",
                    "result": null,
                    "method": "blacklist",
                    "engine_update": "20220210"
                },
                "Kaspersky": {
                    "category": "undetected",
                    "engine_name": "Kaspersky",
                    "engine_version": "21.0.1.45",
                    "result": null,
                    "method": "blacklist",
                    "engine_update": "20220210"
                },
                "BitDefender": {
                    "category": "undetected",
                    "engine_name": "BitDefender",
                    "engine_version": "7.2",
                    "result": null,
                    "method": "blacklist",
                    "engine_update": "20220210"
                },
                "NANO-Antivirus": {
                    "category": "malicious",
                    "engine_name": "NANO-Antivirus",
                    "engine_version": "1.0.146.25561",
                    "result": "Trojan.Android.FakeInst.dmhskz",
                    "method": "blacklist",
                    "engine_update": "20220210"
                },
                "SUPERAntiSpyware": {
                    "category": "undetected",
                    "engine_name": "SUPERAntiSpyware",
                    "engine_version": "5.6.0.1032",
                    "result": null,
                    "method": "blacklist",
                    "engine_update": "20220205"
                },
                "Tencent": {
                    "category": "undetected",
                    "engine_name": "Tencent",
                    "engine_version": "1.0.0.1",
                    "result": null,
                    "method": "blacklist",
                    "engine_update": "20220210"
                },
                "Ad-Aware": {
                    "category": "undetected",
                    "engine_name": "Ad-Aware",
                    "engine_version": "3.0.21.193",
                    "result": null,
                    "method": "blacklist",
                    "engine_update": "20220210"
                },
                "TACHYON": {
                    "category": "undetected",
                    "engine_name": "TACHYON",
                    "engine_version": "2022-02-10.02",
                    "result": null,
                    "method": "blacklist",
                    "engine_update": "20220210"
                },
                "Emsisoft": {
                    "category": "undetected",
                    "engine_name": "Emsisoft",
                    "engine_version": "2021.5.0.7597",
                    "result": null,
                    "method": "blacklist",
                    "engine_update": "20220210"
                },
                "Comodo": {
                    "category": "undetected",
                    "engine_name": "Comodo",
                    "engine_version": "34341",
                    "result": null,
                    "method": "blacklist",
                    "engine_update": "20220210"
                },
                "F-Secure": {
                    "category": "undetected",
                    "engine_name": "F-Secure",
                    "engine_version": "12.0.86.52",
                    "result": null,
                    "method": "blacklist",
                    "engine_update": "20220210"
                },
                "DrWeb": {
                    "category": "undetected",
                    "engine_name": "DrWeb",
                    "engine_version": "7.0.52.8270",
                    "result": null,
                    "method": "blacklist",
                    "engine_update": "20220210"
                },
                "VIPRE": {
                    "category": "undetected",
                    "engine_name": "VIPRE",
                    "engine_version": "98492",
                    "result": null,
                    "method": "blacklist",
                    "engine_update": "20220119"
                },
                "TrendMicro": {
                    "category": "undetected",
                    "engine_name": "TrendMicro",
                    "engine_version": "11.0.0.1006",
                    "result": null,
                    "method": "blacklist",
                    "engine_update": "20220210"
                },
                "McAfee-GW-Edition": {
                    "category": "malicious",
                    "engine_name": "McAfee-GW-Edition",
                    "engine_version": "v2019.1.2+3728",
                    "result": "Artemis",
                    "method": "blacklist",
                    "engine_update": "20220210"
                },
                "SentinelOne": {
                    "category": "type-unsupported",
                    "engine_name": "SentinelOne",
                    "engine_version": "7.2.0.1",
                    "result": null,
                    "method": "blacklist",
                    "engine_update": "20220201"
                },
                "CMC": {
                    "category": "undetected",
                    "engine_name": "CMC",
                    "engine_version": "2.10.2019.1",
                    "result": null,
                    "method": "blacklist",
                    "engine_update": "20211026"
                },
                "Sophos": {
                    "category": "undetected",
                    "engine_name": "Sophos",
                    "engine_version": "1.4.1.0",
                    "result": null,
                    "method": "blacklist",
                    "engine_update": "20220210"
                },
                "Paloalto": {
                    "category": "type-unsupported",
                    "engine_name": "Paloalto",
                    "engine_version": "1.0",
                    "result": null,
                    "method": "blacklist",
                    "engine_update": "20220210"
                },
                "Avast-Mobile": {
                    "category": "undetected",
                    "engine_name": "Avast-Mobile",
                    "engine_version": "220210-00",
                    "result": null,
                    "method": "blacklist",
                    "engine_update": "20220210"
                },
                "Jiangmin": {
                    "category": "undetected",
                    "engine_name": "Jiangmin",
                    "engine_version": "16.0.100",
                    "result": null,
                    "method": "blacklist",
                    "engine_update": "20220210"
                },
                "Webroot": {
                    "category": "type-unsupported",
                    "engine_name": "Webroot",
                    "engine_version": "1.0.0.403",
                    "result": null,
                    "method": "blacklist",
                    "engine_update": "20220210"
                },
                "Avira": {
                    "category": "undetected",
                    "engine_name": "Avira",
                    "engine_version": "8.3.3.12",
                    "result": null,
                    "method": "blacklist",
                    "engine_update": "20220210"
                },
                "eGambit": {
                    "category": "type-unsupported",
                    "engine_name": "eGambit",
                    "engine_version": null,
                    "result": null,
                    "method": "blacklist",
                    "engine_update": "20220210"
                },
                "Antiy-AVL": {
                    "category": "undetected",
                    "engine_name": "Antiy-AVL",
                    "engine_version": "3.0.0.1",
                    "result": null,
                    "method": "blacklist",
                    "engine_update": "20220210"
                },
                "Kingsoft": {
                    "category": "undetected",
                    "engine_name": "Kingsoft",
                    "engine_version": "2017.9.26.565",
                    "result": null,
                    "method": "blacklist",
                    "engine_update": "20220210"
                },
                "Gridinsoft": {
                    "category": "undetected",
                    "engine_name": "Gridinsoft",
                    "engine_version": "1.0.72.174",
                    "result": null,
                    "method": "blacklist",
                    "engine_update": "20220210"
                },
                "Microsoft": {
                    "category": "undetected",
                    "engine_name": "Microsoft",
                    "engine_version": "1.1.18900.2",
                    "result": null,
                    "method": "blacklist",
                    "engine_update": "20220210"
                },
                "ViRobot": {
                    "category": "undetected",
                    "engine_name": "ViRobot",
                    "engine_version": "2014.3.20.0",
                    "result": null,
                    "method": "blacklist",
                    "engine_update": "20220210"
                },
                "ZoneAlarm": {
                    "category": "undetected",
                    "engine_name": "ZoneAlarm",
                    "engine_version": "1.0",
                    "result": null,
                    "method": "blacklist",
                    "engine_update": "20220210"
                },
                "GData": {
                    "category": "undetected",
                    "engine_name": "GData",
                    "engine_version": "A:25.32274B:27.26292",
                    "result": null,
                    "method": "blacklist",
                    "engine_update": "20220210"
                },
                "Cynet": {
                    "category": "undetected",
                    "engine_name": "Cynet",
                    "engine_version": "4.0.0.27",
                    "result": null,
                    "method": "blacklist",
                    "engine_update": "20220210"
                },
                "BitDefenderFalx": {
                    "category": "undetected",
                    "engine_name": "BitDefenderFalx",
                    "engine_version": "2.0.936",
                    "result": null,
                    "method": "blacklist",
                    "engine_update": "20220103"
                },
                "AhnLab-V3": {
                    "category": "malicious",
                    "engine_name": "AhnLab-V3",
                    "engine_version": "3.21.2.10258",
                    "result": "PUP/Android.Dowgin.550488",
                    "method": "blacklist",
                    "engine_update": "20220210"
                },
                "Acronis": {
                    "category": "type-unsupported",
                    "engine_name": "Acronis",
                    "engine_version": "1.1.1.82",
                    "result": null,
                    "method": "blacklist",
                    "engine_update": "20210512"
                },
                "McAfee": {
                    "category": "malicious",
                    "engine_name": "McAfee",
                    "engine_version": "6.0.6.653",
                    "result": "Artemis!FB2797FD6101",
                    "method": "blacklist",
                    "engine_update": "20220210"
                },
                "MAX": {
                    "category": "undetected",
                    "engine_name": "MAX",
                    "engine_version": "2019.9.16.1",
                    "result": null,
                    "method": "blacklist",
                    "engine_update": "20220210"
                },
                "VBA32": {
                    "category": "undetected",
                    "engine_name": "VBA32",
                    "engine_version": "5.0.0",
                    "result": null,
                    "method": "blacklist",
                    "engine_update": "20220210"
                },
                "Cylance": {
                    "category": "timeout",
                    "engine_name": "Cylance",
                    "engine_version": "2.3.1.101",
                    "result": null,
                    "method": "blacklist",
                    "engine_update": "20220210"
                },
                "Zoner": {
                    "category": "undetected",
                    "engine_name": "Zoner",
                    "engine_version": "2.2.2.0",
                    "result": null,
                    "method": "blacklist",
                    "engine_update": "20220210"
                },
                "Rising": {
                    "category": "undetected",
                    "engine_name": "Rising",
                    "engine_version": "25.0.0.27",
                    "result": null,
                    "method": "blacklist",
                    "engine_update": "20220210"
                },
                "Yandex": {
                    "category": "undetected",
                    "engine_name": "Yandex",
                    "engine_version": "5.5.2.24",
                    "result": null,
                    "method": "blacklist",
                    "engine_update": "20220210"
                },
                "Ikarus": {
                    "category": "undetected",
                    "engine_name": "Ikarus",
                    "engine_version": "0.1.5.2",
                    "result": null,
                    "method": "blacklist",
                    "engine_update": "20220210"
                },
                "MaxSecure": {
                    "category": "malicious",
                    "engine_name": "MaxSecure",
                    "engine_version": "1.0.0.1",
                    "result": "Trojan.Trojan.AndroidOS.Boogr.gsh",
                    "method": "blacklist",
                    "engine_update": "20220208"
                },
                "Fortinet": {
                    "category": "undetected",
                    "engine_name": "Fortinet",
                    "engine_version": "6.2.142.0",
                    "result": null,
                    "method": "blacklist",
                    "engine_update": "20220210"
                },
                "BitDefenderTheta": {
                    "category": "undetected",
                    "engine_name": "BitDefenderTheta",
                    "engine_version": "7.2.37796.0",
                    "result": null,
                    "method": "blacklist",
                    "engine_update": "20220207"
                },
                "Cybereason": {
                    "category": "type-unsupported",
                    "engine_name": "Cybereason",
                    "engine_version": "1.2.449",
                    "result": null,
                    "method": "blacklist",
                    "engine_update": "20210330"
                },
                "Panda": {
                    "category": "undetected",
                    "engine_name": "Panda",
                    "engine_version": "4.6.4.2",
                    "result": null,
                    "method": "blacklist",
                    "engine_update": "20220210"
                },
                "CrowdStrike": {
                    "category": "type-unsupported",
                    "engine_name": "CrowdStrike",
                    "engine_version": "1.0",
                    "result": null,
                    "method": "blacklist",
                    "engine_update": "20210907"
                }
            },
            "sha256": "0009ebc127f7b211b4a0b90a95faf4406792a400d733bbe52c49482bd5e4f0db",
            "type_extension": "apk",
            "tags": [
                "apk",
                "android",
                "contains-elf"
            ],
            "last_analysis_date": 1644508888,
            "unique_sources": 3,
            "first_submission_date": 1427875644,
            "sha1": "47f1a56a42c1afb1f569a165ebf38f870705bd3c",
            "ssdeep": "49152:tbK8i6fUduXje0ULeAQD62FLh3PG/dGeD2UlUelX7zhv4IiXGuW5n:tbKl62udUSAQD62FLQFVWelXpAIiWn",
            "bundle_info": {
                "highest_datetime": "2015-03-12 08:54:40",
                "lowest_datetime": "2015-03-12 08:54:26",
                "num_children": 1066,
                "extensions": {
                    "xml": 385,
                    "MF": 1,
                    "RSA": 1,
                    "ttf": 1,
                    "gif": 1,
                    "so": 16,
                    "SF": 1,
                    "png": 593
                },
                "file_types": {
                    "XML": 385,
                    "unknown": 4,
                    "ELF": 16,
                    "GIF": 1,
                    "HTML": 1,
                    "PNG": 593
                },
                "type": "APK",
                "uncompressed_size": 2628821
            },
            "packers": {
                "F-PROT": "UTF-8"
            },
            "md5": "fb2797fd6101ebe46b1be234e7387817",
            "androguard": {
                "VTAndroidInfo": 2.0,
                "AndroidApplicationError": false,
                "MinSdkVersion": "8",
                "AndroguardVersion": "3.4.0a1",
                "Activities": [
                    "com.mumayi.market.ui.SplashActivity",
                    "com.mumayi.market.ui.eggsjob.QBAwardActivity",
                    "com.mumayi.market.ui.RunGameCenterActivity",
                    "com.mumayi.market.ui.MainFrameActivity",
                    "com.mumayi.market.ui.packageManger.unzip.InstallActivity",
                    "com.mumayi.market.ui.packageManger.LocalApkDeleteProgressActivity",
                    "com.mumayi.market.ui.packageManger.NewUnMpkActivity",
                    "com.mumayi.market.ui.eggs.EggUpdateUserInfoActivity",
                    "com.mumayi.market.ui.eggs.EggUpdateUserInfoItemActivity",
                    "com.mumayi.market.ui.eggs.EggLoginDialogActivity",
                    "com.mumayi.market.ui.eggs.EggExchagePriceActivity",
                    "com.mumayi.market.ui.eggs.EggMyGoldEggActivity",
                    "com.mumayi.market.ui.eggs.EggIntroduceGoldEggActivity",
                    "com.mumayi.market.ui.IntentFilterActivity",
                    "com.mumayi.market.ui.showapp.ShowAppActivity",
                    "com.mumayi.market.ui.eggsjob.JobActivity",
                    "com.mumayi.market.ui.showapp.ShowImageActivity",
                    "com.mumayi.market.ui.showapp.ShowQRCodeActivity",
                    "com.mumayi.market.ui.SettingActivity",
                    "com.mumayi.market.ui.NotificationActivity",
                    "com.mumayi.market.ui.DownLogActivity",
                    "com.mumayi.market.ui.MiniBrowserActivity",
                    "com.mumayi.market.ui.NotifyManager",
                    "com.mumayi.market.ui.NetworkErrorActivity",
                    "com.mumayi.market.ui.wxapi.WXEntryActivity",
                    "com.mumayi.market.ui.autodown.AutoDownActivity",
                    "com.mumayi.market.ui.qrcode.QrGiftListActivity",
                    "com.mumayi.market.ui.qrcode.QrGiftDetailsActivity",
                    "com.mumayi.market.ui.qrcode.QrResultActivity",
                    "com.mumayi.app.zxing.MipcaActivityCapture",
                    "com.mumayi.market.ui.detection.DetectionActivity",
                    "com.mumayi.market.ui.eggsjob.EggImgSubmitActivity",
                    "com.mumayi.market.ui.eggsjob.EggMsgSubmitActivity",
                    "com.mumayi.market.ui.eggsjob.EggShowImageActivity",
                    "com.umeng.fb.ConversationActivity",
                    "com.umeng.fb.ContactActivity"
                ],
                "certificate": {
                    "Subject": {
                        "DN": "C:CN, CN:yangbo, L:beijing, O:mumayi.com, ST:beijing, OU:mumayi.com",
                        "C": "CN",
                        "CN": "yangbo",
                        "L": "beijing",
                        "O": "mumayi.com",
                        "ST": "beijing",
                        "OU": "mumayi.com"
                    },
                    "validto": "2035-12-24 09:41:55",
                    "serialnumber": "4d1c53e3",
                    "thumbprint": "9183af08b5008885e64ce9414e3b06ec51e8f883",
                    "validfrom": "2010-12-30 09:41:55",
                    "Issuer": {
                        "DN": "C:CN, CN:yangbo, L:beijing, O:mumayi.com, ST:beijing, OU:mumayi.com",
                        "C": "CN",
                        "CN": "yangbo",
                        "L": "beijing",
                        "O": "mumayi.com",
                        "ST": "beijing",
                        "OU": "mumayi.com"
                    }
                },
                "AndroidApplication": 1,
                "RiskIndicator": {
                    "APK": {
                        "SHARED LIBRARIES": 16
                    },
                    "PERM": {
                        "DANGEROUS": 8,
                        "INTERNET": 1,
                        "NORMAL": 7,
                        "PRIVACY": 2
                    }
                },
                "Services": [
                    "com.mumayi.market.ui.autodown.service.AutoDownService",
                    "com.mumayi.down.service.DownService",
                    "com.mumayi.market.util.MMYEggGetService",
                    "com.mumayi.market.util.MMYEggReGetService",
                    "com.mumayi.market.bussiness.ebo.service.UpdateAppService"
                ],
                "AndroidVersionCode": "240",
                "main_activity": "com.mumayi.market.ui.SplashActivity",
                "Package": "com.mumayi.market.ui",
                "intent_filters": {
                    "Activities": {
                        "com.mumayi.market.ui.packageManger.NewUnMpkActivity": {
                            "action": [
                                "android.intent.action.MAIN",
                                "start.mumayi.mpk.module",
                                "android.intent.action.DEFAULT",
                                "android.intent.action.VIEW"
                            ],
                            "category": [
                                "android.intent.category.DEFAULT",
                                "android.intent.category.BROWSABLE"
                            ]
                        },
                        "com.mumayi.market.ui.autodown.AutoDownActivity": {
                            "action": [
                                "android.intent.action.VIEW"
                            ],
                            "category": [
                                "android.intent.category.DEFAULT",
                                "android.intent.category.BROWSABLE"
                            ]
                        },
                        "com.mumayi.market.ui.RunGameCenterActivity": {
                            "action": [
                                "android.intent.action.MAIN"
                            ]
                        },
                        "com.mumayi.market.ui.IntentFilterActivity": {
                            "action": [
                                "mumayi.market.intent"
                            ],
                            "category": [
                                "android.intent.category.DEFAULT"
                            ]
                        },
                        "com.mumayi.market.ui.MiniBrowserActivity": {
                            "action": [
                                "android.intent.action.MAIN"
                            ]
                        },
                        "com.mumayi.market.ui.MainFrameActivity": {
                            "action": [
                                "android.intent.action.MMY_MainFrameActivity"
                            ],
                            "category": [
                                "android.intent.category.DEFAULT",
                                "android.intent.category.BROWSABLE"
                            ]
                        },
                        "com.mumayi.market.ui.SplashActivity": {
                            "action": [
                                "android.intent.action.MAIN",
                                "android.intent.action.VIEW",
                                "com.mumayi.market.ui.restart"
                            ],
                            "category": [
                                "android.intent.category.LAUNCHER",
                                "android.intent.category.DEFAULT",
                                "android.intent.category.BROWSABLE"
                            ]
                        }
                    },
                    "Receivers": {
                        "com.mumayi.market.ui.util.receiver.CheckUpdateReceiver": {
                            "action": [
                                "android.intent.action.PACKAGE_ADDED",
                                "android.intent.action.PACKAGE_REMOVED",
                                "android.net.wifi.STATE_CHANGE"
                            ]
                        },
                        "com.mumayi.market.ui.util.receiver.OtherNeedDataReciver": {
                            "action": [
                                "com.mumayi.paycenter.needuser"
                            ]
                        },
                        "com.mumayi.market.bussiness.ebo.reveiver.AlarmServiceReveiver": {
                            "action": [
                                "com.android.alarmclock.ALARM_ALERT",
                                "android.intent.action.BOOT_COMPLETED",
                                "android.net.wifi.STATE_CHANGE"
                            ],
                            "category": [
                                "android.intent.category.HOME"
                            ]
                        }
                    }
                },
                "AndroidVersionName": "3.1",
                "TargetSdkVersion": "13",
                "AndroidApplicationInfo": "APK",
                "permission_details": {
                    "android.permission.CHANGE_NETWORK_STATE": {
                        "short_description": "change network connectivity",
                        "full_description": "Allows an application to change\n      the state of network connectivity.",
                        "permission_type": "dangerous"
                    },
                    "android.permission.BROADCAST_STICKY": {
                        "short_description": "send sticky broadcast",
                        "full_description": "Allows an application to send\n        sticky broadcasts, which remain after the broadcast ends.\n        Malicious applications can make the phone slow or unstable by causing it\n        to use too much memory.",
                        "permission_type": "normal"
                    },
                    "android.permission.INTERNET": {
                        "short_description": "full Internet access",
                        "full_description": "Allows an application to\n      create network sockets.",
                        "permission_type": "dangerous"
                    },
                    "com.android.launcher.permission.INSTALL_SHORTCUT": {
                        "short_description": "Unknown permission from android reference",
                        "full_description": "Unknown permission from android reference",
                        "permission_type": "normal"
                    },
                    "android.permission.READ_LOGS": {
                        "short_description": "read sensitive log data",
                        "full_description": "Allows an application to read from the\n        system's various log files.  This allows it to discover general\n        information about what you are doing with the phone, potentially\n        including personal or private information.",
                        "permission_type": "dangerous"
                    },
                    "android.permission.ACCESS_WIFI_STATE": {
                        "short_description": "view Wi-Fi state",
                        "full_description": "Allows an application to view\n      the information about the state of Wi-Fi.",
                        "permission_type": "normal"
                    },
                    "android.permission.ACCESS_NETWORK_STATE": {
                        "short_description": "view network state",
                        "full_description": "Allows an application to view\n      the state of all networks.",
                        "permission_type": "normal"
                    },
                    "android.permission.WAKE_LOCK": {
                        "short_description": "prevent phone from sleeping",
                        "full_description": "Allows an application to prevent\n        the phone from going to sleep.",
                        "permission_type": "dangerous"
                    },
                    "android.permission.GET_TASKS": {
                        "short_description": "retrieve running applications",
                        "full_description": "Allows application to retrieve\n        information about currently and recently running tasks. May allow\n        malicious applications to discover private information about other applications.",
                        "permission_type": "dangerous"
                    },
                    "android.permission.VIBRATE": {
                        "short_description": "control vibrator",
                        "full_description": "Allows the application to control\n        the vibrator.",
                        "permission_type": "normal"
                    },
                    "android.permission.CHANGE_WIFI_STATE": {
                        "short_description": "change Wi-Fi state",
                        "full_description": "Allows an application to connect\n      to and disconnect from Wi-Fi access points, and to make changes to\n      configured Wi-Fi networks.",
                        "permission_type": "dangerous"
                    },
                    "android.permission.CAMERA": {
                        "short_description": "take pictures and videos",
                        "full_description": "Allows application to take pictures and videos\n        with the camera. This allows the application at any time to collect\n        images the camera is seeing.",
                        "permission_type": "dangerous"
                    },
                    "android.permission.READ_PHONE_STATE": {
                        "short_description": "read phone state and identity",
                        "full_description": "Allows the application to access the phone\n        features of the device.  An application with this permission can determine the phone\n        number and serial number of this phone, whether a call is active, the number that call\n        is connected to and the like.",
                        "permission_type": "dangerous"
                    },
                    "android.permission.MOUNT_UNMOUNT_FILESYSTEMS": {
                        "short_description": "mount and unmount filesystems",
                        "full_description": "Allows the application to mount and\n        unmount filesystems for removable storage.",
                        "permission_type": "dangerous"
                    },
                    "android.permission.RESTART_PACKAGES": {
                        "short_description": "kill background processes",
                        "full_description": "Allows an application to\n        kill background processes of other applications, even if memory\n        isn't low.",
                        "permission_type": "normal"
                    },
                    "android.permission.WRITE_EXTERNAL_STORAGE": {
                        "short_description": "modify/delete SD card contents",
                        "full_description": "Allows an application to write to the SD card.",
                        "permission_type": "dangerous"
                    },
                    "android.permission.CHANGE_CONFIGURATION": {
                        "short_description": "change your UI settings",
                        "full_description": "Allows an application to\n        change the current configuration, such as the locale or overall font\n        size.",
                        "permission_type": "dangerous"
                    },
                    "android.permission.GET_PACKAGE_SIZE": {
                        "short_description": "measure application storage space",
                        "full_description": "Allows an application to retrieve\n        its code, data, and cache sizes",
                        "permission_type": "normal"
                    },
                    "android.permission.FLASHLIGHT": {
                        "short_description": "control flashlight",
                        "full_description": "Allows the application to control\n        the flashlight.",
                        "permission_type": "normal"
                    }
                },
                "Receivers": [
                    "com.mumayi.market.ui.util.receiver.CheckUpdateReceiver",
                    "com.mumayi.market.ui.util.receiver.OtherNeedDataReciver",
                    "com.mumayi.market.bussiness.ebo.reveiver.RestartServiceReveiver",
                    "com.mumayi.market.bussiness.ebo.reveiver.AlarmServiceReveiver"
                ],
                "StringsInformation": [
                    "http://(([a-zA-z0-9]|-){1,}\\.){1,}[a-zA-z0-9]{1,}-*",
                    "http://120.192.81.165",
                    "http://120.192.81.167",
                    "http://alog.umeng.co/app_logs",
                    "http://alog.umeng.com/app_logs",
                    "http://apk.mumayi.com",
                    "http://apka.mumayi.com",
                    "http://apkb.mumayi.com",
                    "http://apkc.mumayi.com",
                    "http://apkd.mumayi.com",
                    "http://apke.mumayi.com",
                    "http://apkegg.mumayi.com",
                    "http://apku.mumayi.com",
                    "http://apkuu.mumayi.com",
                    "http://bbs.mumayi.com/forum.php?mod=guide&view=hot&mobile=2&f=mumayimarket",
                    "http://down.mobile7.cn",
                    "http://down.mumayi.com",
                    "http://down.mumayi.com/1",
                    "http://eggserver.mumayi.com/v16/aboutegg.php",
                    "http://eggserver.mumayi.com/v16/buylist.php",
                    "http://eggserver.mumayi.com/v16/common/global.php",
                    "http://eggserver.mumayi.com/v16/common/mumayitoken.php",
                    "http://eggserver.mumayi.com/v16/egglog.php",
                    "http://eggserver.mumayi.com/v16/exchange.php",
                    "http://eggserver.mumayi.com/v16/memberapp.php",
                    "http://eggserver.mumayi.com/v16/myegg.php",
                    "http://eggserver.mumayi.com/v16/notice.php",
                    "http://eggserver.mumayi.com/v16/success.php",
                    "http://eggserver.mumayi.com/v16/userstatus.php",
                    "http://eggserver.mumayi.com/v19/",
                    "http://eggserver.mumayi.com/v19/JD.php",
                    "http://eggserver.mumayi.com/v19/checkedinfo.php",
                    "http://eggserver.mumayi.com/v19/common/eggapp.php",
                    "http://eggserver.mumayi.com/v19/common/eggtaskview.php",
                    "http://eggserver.mumayi.com/v19/getchecked.php",
                    "http://eggserver.mumayi.com/v19/prize.php",
                    "http://eggserver.mumayi.com/v19/save.php",
                    "http://eggserver.mumayi.com/v19/xlogin.php",
                    "http://feedback.umeng.com/feedback/feedbacks",
                    "http://feedback.umeng.com/feedback/reply",
                    "http://hao.mumayi.cn/?c=haoapi&a=transform&action=actInfo",
                    "http://hao.mumayi.cn/?c=haoapi&a=transform&action=delGift",
                    "http://hao.mumayi.cn/?c=haoapi&a=transform&action=getCode",
                    "http://hao.mumayi.cn/?c=haoapi&a=transform&action=getGiftcode",
                    "http://hao.mumayi.cn/?c=haoapi&a=transform&action=giftBox",
                    "http://m.mumayi.cn/?f=market2",
                    "http://m.mumayi.com/content.php?id=",
                    "http://m.mumayi.com/index.php?f=mumayimarket",
                    "http://mini.mumayi.com/#fast_market",
                    "http://mpka.mumayi.com",
                    "http://mpkb.mumayi.com",
                    "http://oc.umeng.co/check_config_update",
                    "http://oc.umeng.com/check_config_update",
                    "http://passport.mumayi.com/egg/market//index/userinfo/",
                    "http://passport.mumayi.com/egg/market/index/checkup",
                    "http://passport.mumayi.com/egg/market/index/forgetpassword",
                    "http://passport.mumayi.com/egg/market/index/getpass",
                    "http://passport.mumayi.com/egg/market/index/login",
                    "http://passport.mumayi.com/egg/market/index/loginout",
                    "http://passport.mumayi.com/egg/market/index/randreg",
                    "http://passport.mumayi.com/egg/market/index/reg",
                    "http://passport.mumayi.com/egg/market/person/manage",
                    "http://passport.mumayi.com/egg/market/person/manage?htype=view",
                    "http://passport.mumayi.com/egg/market/person/verification",
                    "http://passport.mumayi.com/egg/market/person/verifphone",
                    "http://schemas.android.com/apk/res/android",
                    "http://t.119.cc/",
                    "http://u.mumayi.com/m/?a=changeemail",
                    "http://u.mumayi.com/m/?a=changephone",
                    "http://u.mumayi.com/m/?a=retrievepass",
                    "http://union.mumayi.com",
                    "http://update.mumayi.com/update/",
                    "http://ww.mumayi.com/survey/unintall?rel=",
                    "http://www.baidu.com",
                    "http://www.baidu.comconnect.getResponseCode() = ",
                    "http://www.mumayi.com",
                    "http://www.mumayi.com/",
                    "http://www.mumayi.com/404/404.html?error=www.mumayi.com",
                    "http://www.mumayi.com/404/404.html?error=xml",
                    "http://www.mumayi.com/502/502.html",
                    "http://xml.mumayi.com/v18/category.php",
                    "http://xml.mumayi.com/v18/category.php?type=6",
                    "http://xml.mumayi.com/v18/checkuserinfo/checkitem.php",
                    "http://xml.mumayi.com/v18/comment.php?id=",
                    "http://xml.mumayi.com/v18/content.php?id=",
                    "http://xml.mumayi.com/v18/gamecenter/four.php",
                    "http://xml.mumayi.com/v18/gamecenter/hot.php",
                    "http://xml.mumayi.com/v18/gamecenter/one.php",
                    "http://xml.mumayi.com/v18/gamecenter/top.php",
                    "http://xml.mumayi.com/v18/gamefocus_newimgs.php",
                    "http://xml.mumayi.com/v18/index.php?page=",
                    "http://xml.mumayi.com/v18/indexfocus_newimgs.php",
                    "http://xml.mumayi.com/v18/iplist_for_hijacking.php",
                    "http://xml.mumayi.com/v18/list.php?cid=",
                    "http://xml.mumayi.com/v18/list.php?listtype=hotgame&page=",
                    "http://xml.mumayi.com/v18/list.php?listtype=hotsoft&page=",
                    "http://xml.mumayi.com/v18/list.php?listtype=new&page=",
                    "http://xml.mumayi.com/v18/list.php?listtype=newgame&page=",
                    "http://xml.mumayi.com/v18/list.php?listtype=newsoft&page=",
                    "http://xml.mumayi.com/v18/list.php?listtype=pushgame&page="
                ]
            },
            "magic": "Zip archive data, at least v2.0 to extract",
            "last_analysis_stats": {
                "harmless": 0,
                "type-unsupported": 8,
                "suspicious": 0,
                "confirmed-timeout": 0,
                "timeout": 2,
                "failure": 0,
                "malicious": 10,
                "undetected": 53
            },
            "meaningful_name": "014278",
            "reputation": 0,
            "first_seen_itw_date": 1400463401
        },
        "type": "file",
        "id": "0009ebc127f7b211b4a0b90a95faf4406792a400d733bbe52c49482bd5e4f0db",
        "links": {
            "self": "https://www.virustotal.com/api/v3/files/0009ebc127f7b211b4a0b90a95faf4406792a400d733bbe52c49482bd5e4f0db"
        }
    }
}