{
    "data": {
        "attributes": {
            "type_description": "Android",
            "tlsh": "T113451252B779E90FE137F03B8F2A42527625AC450292E22B2113F9181EBFFD08F59C95",
            "vhash": "b11b9f1c816d7bbf7671e1e0bf1b4278",
            "trid": [
                {
                    "file_type": "Android Package",
                    "probability": 57.0
                },
                {
                    "file_type": "Java Archive",
                    "probability": 20.0
                },
                {
                    "file_type": "Sweet Home 3D design (generic)",
                    "probability": 15.5
                },
                {
                    "file_type": "ZIP compressed archive",
                    "probability": 5.9
                },
                {
                    "file_type": "PrintFox/Pagefox bitmap (640x800)",
                    "probability": 1.4
                }
            ],
            "names": [
                "000AD6F9E6B457DD748BE4E739C035892B08C10D01D01768BA0DD5C9706E0A20.apk",
                "54e0733c806bd3d6fb9993ca425e7b2e.apk"
            ],
            "last_modification_date": 1641887151,
            "type_tag": "android",
            "times_submitted": 4,
            "total_votes": {
                "harmless": 0,
                "malicious": 0
            },
            "size": 1227038,
            "type_extension": "apk",
            "last_submission_date": 1631468716,
            "last_analysis_results": {
                "Bkav": {
                    "category": "timeout",
                    "engine_name": "Bkav",
                    "engine_version": "1.3.0.9899",
                    "result": null,
                    "method": "blacklist",
                    "engine_update": "20220110"
                },
                "Lionic": {
                    "category": "failure",
                    "engine_name": "Lionic",
                    "engine_version": "4.2",
                    "result": null,
                    "method": "blacklist",
                    "engine_update": "20220111"
                },
                "Elastic": {
                    "category": "undetected",
                    "engine_name": "Elastic",
                    "engine_version": "4.0.32",
                    "result": null,
                    "method": "blacklist",
                    "engine_update": "20211223"
                },
                "MicroWorld-eScan": {
                    "category": "undetected",
                    "engine_name": "MicroWorld-eScan",
                    "engine_version": "14.0.409.0",
                    "result": null,
                    "method": "blacklist",
                    "engine_update": "20220111"
                },
                "FireEye": {
                    "category": "undetected",
                    "engine_name": "FireEye",
                    "engine_version": "32.44.1.0",
                    "result": null,
                    "method": "blacklist",
                    "engine_update": "20220111"
                },
                "CAT-QuickHeal": {
                    "category": "undetected",
                    "engine_name": "CAT-QuickHeal",
                    "engine_version": "14.00",
                    "result": null,
                    "method": "blacklist",
                    "engine_update": "20220110"
                },
                "McAfee": {
                    "category": "timeout",
                    "engine_name": "McAfee",
                    "engine_version": "6.0.6.653",
                    "result": null,
                    "method": "blacklist",
                    "engine_update": "20220111"
                },
                "ALYac": {
                    "category": "undetected",
                    "engine_name": "ALYac",
                    "engine_version": "1.1.3.1",
                    "result": null,
                    "method": "blacklist",
                    "engine_update": "20220111"
                },
                "Malwarebytes": {
                    "category": "undetected",
                    "engine_name": "Malwarebytes",
                    "engine_version": "4.2.2.27",
                    "result": null,
                    "method": "blacklist",
                    "engine_update": "20220111"
                },
                "Zillya": {
                    "category": "undetected",
                    "engine_name": "Zillya",
                    "engine_version": "2.0.0.4542",
                    "result": null,
                    "method": "blacklist",
                    "engine_update": "20220109"
                },
                "Trustlook": {
                    "category": "undetected",
                    "engine_name": "Trustlook",
                    "engine_version": "1.0",
                    "result": null,
                    "method": "blacklist",
                    "engine_update": "20220111"
                },
                "BitDefender": {
                    "category": "timeout",
                    "engine_name": "BitDefender",
                    "engine_version": "7.2",
                    "result": null,
                    "method": "blacklist",
                    "engine_update": "20220111"
                },
                "K7GW": {
                    "category": "undetected",
                    "engine_name": "K7GW",
                    "engine_version": "11.241.40265",
                    "result": null,
                    "method": "blacklist",
                    "engine_update": "20220110"
                },
                "K7AntiVirus": {
                    "category": "undetected",
                    "engine_name": "K7AntiVirus",
                    "engine_version": "11.241.40275",
                    "result": null,
                    "method": "blacklist",
                    "engine_update": "20220111"
                },
                "Baidu": {
                    "category": "undetected",
                    "engine_name": "Baidu",
                    "engine_version": "1.0.0.2",
                    "result": null,
                    "method": "blacklist",
                    "engine_update": "20190318"
                },
                "VirIT": {
                    "category": "undetected",
                    "engine_name": "VirIT",
                    "engine_version": "9.5.108",
                    "result": null,
                    "method": "blacklist",
                    "engine_update": "20220110"
                },
                "Cyren": {
                    "category": "undetected",
                    "engine_name": "Cyren",
                    "engine_version": "6.5.1.2",
                    "result": null,
                    "method": "blacklist",
                    "engine_update": "20220111"
                },
                "SymantecMobileInsight": {
                    "category": "failure",
                    "engine_name": "SymantecMobileInsight",
                    "engine_version": "2.0",
                    "result": null,
                    "method": "blacklist",
                    "engine_update": "20211119"
                },
                "Symantec": {
                    "category": "undetected",
                    "engine_name": "Symantec",
                    "engine_version": "1.16.0.0",
                    "result": null,
                    "method": "blacklist",
                    "engine_update": "20220110"
                },
                "ESET-NOD32": {
                    "category": "timeout",
                    "engine_name": "ESET-NOD32",
                    "engine_version": "24599",
                    "result": null,
                    "method": "blacklist",
                    "engine_update": "20220111"
                },
                "APEX": {
                    "category": "type-unsupported",
                    "engine_name": "APEX",
                    "engine_version": "6.248",
                    "result": null,
                    "method": "blacklist",
                    "engine_update": "20220110"
                },
                "TrendMicro-HouseCall": {
                    "category": "undetected",
                    "engine_name": "TrendMicro-HouseCall",
                    "engine_version": "10.0.0.1040",
                    "result": null,
                    "method": "blacklist",
                    "engine_update": "20220110"
                },
                "Avast": {
                    "category": "timeout",
                    "engine_name": "Avast",
                    "engine_version": "21.1.5827.0",
                    "result": null,
                    "method": "blacklist",
                    "engine_update": "20220111"
                },
                "ClamAV": {
                    "category": "undetected",
                    "engine_name": "ClamAV",
                    "engine_version": "0.104.1.0",
                    "result": null,
                    "method": "blacklist",
                    "engine_update": "20220110"
                },
                "Kaspersky": {
                    "category": "timeout",
                    "engine_name": "Kaspersky",
                    "engine_version": "21.0.1.45",
                    "result": null,
                    "method": "blacklist",
                    "engine_update": "20220111"
                },
                "Alibaba": {
                    "category": "undetected",
                    "engine_name": "Alibaba",
                    "engine_version": "0.3.0.5",
                    "result": null,
                    "method": "blacklist",
                    "engine_update": "20190527"
                },
                "NANO-Antivirus": {
                    "category": "undetected",
                    "engine_name": "NANO-Antivirus",
                    "engine_version": "1.0.146.25520",
                    "result": null,
                    "method": "blacklist",
                    "engine_update": "20220111"
                },
                "SUPERAntiSpyware": {
                    "category": "undetected",
                    "engine_name": "SUPERAntiSpyware",
                    "engine_version": "5.6.0.1032",
                    "result": null,
                    "method": "blacklist",
                    "engine_update": "20220108"
                },
                "Tencent": {
                    "category": "undetected",
                    "engine_name": "Tencent",
                    "engine_version": "1.0.0.1",
                    "result": null,
                    "method": "blacklist",
                    "engine_update": "20220111"
                },
                "Ad-Aware": {
                    "category": "undetected",
                    "engine_name": "Ad-Aware",
                    "engine_version": "3.0.21.193",
                    "result": null,
                    "method": "blacklist",
                    "engine_update": "20220111"
                },
                "Emsisoft": {
                    "category": "undetected",
                    "engine_name": "Emsisoft",
                    "engine_version": "2021.5.0.7597",
                    "result": null,
                    "method": "blacklist",
                    "engine_update": "20220111"
                },
                "Comodo": {
                    "category": "undetected",
                    "engine_name": "Comodo",
                    "engine_version": "34252",
                    "result": null,
                    "method": "blacklist",
                    "engine_update": "20220110"
                },
                "F-Secure": {
                    "category": "undetected",
                    "engine_name": "F-Secure",
                    "engine_version": "12.0.86.52",
                    "result": null,
                    "method": "blacklist",
                    "engine_update": "20220111"
                },
                "DrWeb": {
                    "category": "undetected",
                    "engine_name": "DrWeb",
                    "engine_version": "7.0.52.8270",
                    "result": null,
                    "method": "blacklist",
                    "engine_update": "20220111"
                },
                "VIPRE": {
                    "category": "undetected",
                    "engine_name": "VIPRE",
                    "engine_version": "98290",
                    "result": null,
                    "method": "blacklist",
                    "engine_update": "20220111"
                },
                "McAfee-GW-Edition": {
                    "category": "timeout",
                    "engine_name": "McAfee-GW-Edition",
                    "engine_version": null,
                    "result": null,
                    "method": "blacklist",
                    "engine_update": "20220111"
                },
                "SentinelOne": {
                    "category": "type-unsupported",
                    "engine_name": "SentinelOne",
                    "engine_version": "7.0.0.7",
                    "result": null,
                    "method": "blacklist",
                    "engine_update": "20211129"
                },
                "CMC": {
                    "category": "undetected",
                    "engine_name": "CMC",
                    "engine_version": "2.10.2019.1",
                    "result": null,
                    "method": "blacklist",
                    "engine_update": "20211026"
                },
                "Sophos": {
                    "category": "undetected",
                    "engine_name": "Sophos",
                    "engine_version": "1.4.1.0",
                    "result": null,
                    "method": "blacklist",
                    "engine_update": "20220111"
                },
                "Paloalto": {
                    "category": "type-unsupported",
                    "engine_name": "Paloalto",
                    "engine_version": "1.0",
                    "result": null,
                    "method": "blacklist",
                    "engine_update": "20220111"
                },
                "GData": {
                    "category": "timeout",
                    "engine_name": "GData",
                    "engine_version": null,
                    "result": null,
                    "method": "blacklist",
                    "engine_update": "20220111"
                },
                "Jiangmin": {
                    "category": "undetected",
                    "engine_name": "Jiangmin",
                    "engine_version": "16.0.100",
                    "result": null,
                    "method": "blacklist",
                    "engine_update": "20220110"
                },
                "Webroot": {
                    "category": "failure",
                    "engine_name": "Webroot",
                    "engine_version": "1.0.0.403",
                    "result": null,
                    "method": "blacklist",
                    "engine_update": "20220111"
                },
                "Avira": {
                    "category": "undetected",
                    "engine_name": "Avira",
                    "engine_version": "8.3.3.12",
                    "result": null,
                    "method": "blacklist",
                    "engine_update": "20220111"
                },
                "eGambit": {
                    "category": "type-unsupported",
                    "engine_name": "eGambit",
                    "engine_version": null,
                    "result": null,
                    "method": "blacklist",
                    "engine_update": "20220111"
                },
                "MAX": {
                    "category": "undetected",
                    "engine_name": "MAX",
                    "engine_version": "2019.9.16.1",
                    "result": null,
                    "method": "blacklist",
                    "engine_update": "20220111"
                },
                "Antiy-AVL": {
                    "category": "undetected",
                    "engine_name": "Antiy-AVL",
                    "engine_version": "3.0.0.1",
                    "result": null,
                    "method": "blacklist",
                    "engine_update": "20220111"
                },
                "Kingsoft": {
                    "category": "undetected",
                    "engine_name": "Kingsoft",
                    "engine_version": "2017.9.26.565",
                    "result": null,
                    "method": "blacklist",
                    "engine_update": "20220111"
                },
                "Microsoft": {
                    "category": "timeout",
                    "engine_name": "Microsoft",
                    "engine_version": "1.1.18800.4",
                    "result": null,
                    "method": "blacklist",
                    "engine_update": "20220111"
                },
                "Gridinsoft": {
                    "category": "undetected",
                    "engine_name": "Gridinsoft",
                    "engine_version": "1.0.68.170",
                    "result": null,
                    "method": "blacklist",
                    "engine_update": "20220111"
                },
                "Arcabit": {
                    "category": "undetected",
                    "engine_name": "Arcabit",
                    "engine_version": "1.0.0.888",
                    "result": null,
                    "method": "blacklist",
                    "engine_update": "20220111"
                },
                "ViRobot": {
                    "category": "undetected",
                    "engine_name": "ViRobot",
                    "engine_version": "2014.3.20.0",
                    "result": null,
                    "method": "blacklist",
                    "engine_update": "20220111"
                },
                "Avast-Mobile": {
                    "category": "undetected",
                    "engine_name": "Avast-Mobile",
                    "engine_version": "220110-04",
                    "result": null,
                    "method": "blacklist",
                    "engine_update": "20220110"
                },
                "Cynet": {
                    "category": "undetected",
                    "engine_name": "Cynet",
                    "engine_version": "4.0.0.27",
                    "result": null,
                    "method": "blacklist",
                    "engine_update": "20220111"
                },
                "BitDefenderFalx": {
                    "category": "undetected",
                    "engine_name": "BitDefenderFalx",
                    "engine_version": "2.0.936",
                    "result": null,
                    "method": "blacklist",
                    "engine_update": "20220103"
                },
                "AhnLab-V3": {
                    "category": "undetected",
                    "engine_name": "AhnLab-V3",
                    "engine_version": "3.21.2.10258",
                    "result": null,
                    "method": "blacklist",
                    "engine_update": "20220110"
                },
                "Acronis": {
                    "category": "type-unsupported",
                    "engine_name": "Acronis",
                    "engine_version": "1.1.1.82",
                    "result": null,
                    "method": "blacklist",
                    "engine_update": "20210512"
                },
                "BitDefenderTheta": {
                    "category": "undetected",
                    "engine_name": "BitDefenderTheta",
                    "engine_version": "7.2.37796.0",
                    "result": null,
                    "method": "blacklist",
                    "engine_update": "20211223"
                },
                "TACHYON": {
                    "category": "undetected",
                    "engine_name": "TACHYON",
                    "engine_version": "2022-01-11.01",
                    "result": null,
                    "method": "blacklist",
                    "engine_update": "20220111"
                },
                "VBA32": {
                    "category": "undetected",
                    "engine_name": "VBA32",
                    "engine_version": "5.0.0",
                    "result": null,
                    "method": "blacklist",
                    "engine_update": "20220110"
                },
                "Cylance": {
                    "category": "timeout",
                    "engine_name": "Cylance",
                    "engine_version": "2.3.1.101",
                    "result": null,
                    "method": "blacklist",
                    "engine_update": "20220111"
                },
                "Zoner": {
                    "category": "undetected",
                    "engine_name": "Zoner",
                    "engine_version": "2.2.2.0",
                    "result": null,
                    "method": "blacklist",
                    "engine_update": "20220110"
                },
                "Rising": {
                    "category": "undetected",
                    "engine_name": "Rising",
                    "engine_version": "25.0.0.27",
                    "result": null,
                    "method": "blacklist",
                    "engine_update": "20220111"
                },
                "Yandex": {
                    "category": "undetected",
                    "engine_name": "Yandex",
                    "engine_version": "5.5.2.24",
                    "result": null,
                    "method": "blacklist",
                    "engine_update": "20220110"
                },
                "Ikarus": {
                    "category": "undetected",
                    "engine_name": "Ikarus",
                    "engine_version": "0.1.5.2",
                    "result": null,
                    "method": "blacklist",
                    "engine_update": "20220110"
                },
                "MaxSecure": {
                    "category": "undetected",
                    "engine_name": "MaxSecure",
                    "engine_version": "1.0.0.1",
                    "result": null,
                    "method": "blacklist",
                    "engine_update": "20220105"
                },
                "Fortinet": {
                    "category": "undetected",
                    "engine_name": "Fortinet",
                    "engine_version": "6.2.142.0",
                    "result": null,
                    "method": "blacklist",
                    "engine_update": "20220111"
                },
                "AVG": {
                    "category": "confirmed-timeout",
                    "engine_name": "AVG",
                    "engine_version": "21.1.5827.0",
                    "result": null,
                    "method": "blacklist",
                    "engine_update": "20220111"
                },
                "Cybereason": {
                    "category": "type-unsupported",
                    "engine_name": "Cybereason",
                    "engine_version": "1.2.449",
                    "result": null,
                    "method": "blacklist",
                    "engine_update": "20210330"
                },
                "Panda": {
                    "category": "timeout",
                    "engine_name": "Panda",
                    "engine_version": "4.6.4.2",
                    "result": null,
                    "method": "blacklist",
                    "engine_update": "20220110"
                },
                "CrowdStrike": {
                    "category": "type-unsupported",
                    "engine_name": "CrowdStrike",
                    "engine_version": "1.0",
                    "result": null,
                    "method": "blacklist",
                    "engine_update": "20210203"
                }
            },
            "sha256": "000ad6f9e6b457dd748be4e739c035892b08c10d01d01768ba0dd5c9706e0a20",
            "tags": [
                "checks-gps",
                "reflection",
                "apk",
                "runtime-modules",
                "contains-elf",
                "telephony",
                "android"
            ],
            "last_analysis_date": 1641877319,
            "unique_sources": 3,
            "first_submission_date": 1439929102,
            "sha1": "18a9d6d345d179b105a3a0930651a6fc9f49c855",
            "ssdeep": "24576:n7SCOaobfmt3tV6aiIrUEyzWi1k1wNdb95ePtjO0Lsex2GnxpZxj:n7nOaobfwtV6aiWU64v95e1/jnxpZF",
            "bundle_info": {
                "highest_datetime": "2013-12-19 17:39:56",
                "lowest_datetime": "2013-12-19 17:39:56",
                "num_children": 190,
                "extensions": {
                    "xml": 79,
                    "dex": 1,
                    "MF": 1,
                    "jar": 1,
                    "RSA": 1,
                    "gif": 1,
                    "so": 3,
                    "key": 1,
                    "SF": 1,
                    "png": 100
                },
                "file_types": {
                    "XML": 79,
                    "DEX": 1,
                    "ZIP": 1,
                    "unknown": 5,
                    "ELF": 3,
                    "GIF": 1,
                    "PNG": 100
                },
                "type": "APK",
                "uncompressed_size": 2641430
            },
            "md5": "54e0733c806bd3d6fb9993ca425e7b2e",
            "androguard": {
                "VTAndroidInfo": 2.0,
                "AndroidApplicationError": false,
                "MinSdkVersion": "8",
                "AndroguardVersion": "3.4.0a1",
                "Activities": [
                    "com.repai.kdyj.MainActivity",
                    "com.repai.kdyj.WelcomeActivity",
                    "com.repai.kdyj.Ac_found_detail",
                    "com.repai.kdyj.Ac_zt_detail",
                    "com.repai.kdyj.Ac_about_detail",
                    "com.repai.kdyj.GoodsDetailActivity",
                    "com.repai.kdyj.TaobaoActivity",
                    "com.repai.kdyj.Ac_guang_detail",
                    "com.umeng.fb.ConversationActivity",
                    "com.umeng.fb.ContactActivity"
                ],
                "certificate": {
                    "Subject": {
                        "DN": "CN:wsl",
                        "CN": "wsl"
                    },
                    "validto": "2113-11-25 08:39:57",
                    "serialnumber": "52b2b0dd",
                    "thumbprint": "5af83da96d571ddc8a0a30cbd6231d359679d818",
                    "validfrom": "2013-12-19 08:39:57",
                    "Issuer": {
                        "DN": "CN:wsl",
                        "CN": "wsl"
                    }
                },
                "AndroidApplication": 1,
                "RiskIndicator": {
                    "APK": {
                        "DEX": 1,
                        "SHARED LIBRARIES": 3,
                        "ZIP": 1
                    },
                    "PERM": {
                        "DANGEROUS": 6,
                        "GPS": 2,
                        "PRIVACY": 3,
                        "INTERNET": 1,
                        "NORMAL": 4
                    }
                },
                "Services": [
                    "com.baidu.android.pushservice.PushService"
                ],
                "AndroidVersionCode": "178",
                "main_activity": "com.repai.kdyj.MainActivity",
                "Package": "com.rp.zkzs",
                "intent_filters": {
                    "Activities": {
                        "com.repai.kdyj.Ac_zt_detail": {
                            "action": [
                                "android.intent.action.VIEW"
                            ],
                            "category": [
                                "android.intent.category.LAUNCHER"
                            ]
                        },
                        "com.repai.kdyj.Ac_about_detail": {
                            "action": [
                                "android.intent.action.VIEW"
                            ],
                            "category": [
                                "android.intent.category.LAUNCHER"
                            ]
                        },
                        "com.repai.kdyj.MainActivity": {
                            "action": [
                                "android.intent.action.MAIN"
                            ],
                            "category": [
                                "android.intent.category.LAUNCHER"
                            ]
                        },
                        "com.repai.kdyj.GoodsDetailActivity": {
                            "action": [
                                "android.intent.action.VIEW"
                            ]
                        },
                        "com.repai.kdyj.WelcomeActivity": {
                            "action": [
                                "android.intent.action.VIEW"
                            ],
                            "category": [
                                "android.intent.category.LAUNCHER"
                            ]
                        },
                        "com.repai.kdyj.Ac_found_detail": {
                            "action": [
                                "android.intent.action.VIEW"
                            ],
                            "category": [
                                "android.intent.category.LAUNCHER"
                            ]
                        },
                        "com.repai.kdyj.TaobaoActivity": {
                            "action": [
                                "android.intent.action.VIEW"
                            ]
                        },
                        "com.repai.kdyj.Ac_guang_detail": {
                            "action": [
                                "android.intent.action.VIEW"
                            ]
                        }
                    },
                    "Receivers": {
                        "com.baidu.android.pushservice.PushServiceReceiver": {
                            "action": [
                                "android.intent.action.BOOT_COMPLETED",
                                "android.net.conn.CONNECTIVITY_CHANGE",
                                "com.baidu.android.pushservice.action.notification.SHOW",
                                "com.baidu.android.pushservice.action.media.CLICK"
                            ]
                        },
                        "com.repai.kdyj.RpReceiver": {
                            "action": [
                                "com.baidu.android.pushservice.action.MESSAGE",
                                "com.baidu.android.pushservice.action.RECEIVE",
                                "com.baidu.android.pushservice.action.notification.CLICK"
                            ]
                        },
                        "com.baidu.android.pushservice.RegistrationReceiver": {
                            "action": [
                                "com.baidu.android.pushservice.action.METHOD",
                                "com.baidu.android.pushservice.action.BIND_SYNC",
                                "android.intent.action.PACKAGE_REMOVED"
                            ]
                        }
                    }
                },
                "AndroidVersionName": "1.7.8",
                "TargetSdkVersion": "15",
                "AndroidApplicationInfo": "APK",
                "permission_details": {
                    "android.permission.ACCESS_FINE_LOCATION": {
                        "short_description": "fine (GPS) location",
                        "full_description": "Access fine location sources such as the\n        Global Positioning System on the phone, where available.\n        Malicious applications can use this to determine where you are, and may\n        consume additional battery power.",
                        "permission_type": "dangerous"
                    },
                    "android.permission.VIBRATE": {
                        "short_description": "control vibrator",
                        "full_description": "Allows the application to control\n        the vibrator.",
                        "permission_type": "normal"
                    },
                    "android.permission.DISABLE_KEYGUARD": {
                        "short_description": "disable keylock",
                        "full_description": "Allows an application to disable\n      the keylock and any associated password security. A legitimate example of\n      this is the phone disabling the keylock when receiving an incoming phone call,\n      then re-enabling the keylock when the call is finished.",
                        "permission_type": "dangerous"
                    },
                    "android.permission.RECEIVE_BOOT_COMPLETED": {
                        "short_description": "automatically start at boot",
                        "full_description": "Allows an application to\n        have itself started as soon as the system has finished booting.\n        This can make it take longer to start the phone and allow the\n        application to slow down the overall phone by always running.",
                        "permission_type": "normal"
                    },
                    "android.permission.READ_PHONE_STATE": {
                        "short_description": "read phone state and identity",
                        "full_description": "Allows the application to access the phone\n        features of the device.  An application with this permission can determine the phone\n        number and serial number of this phone, whether a call is active, the number that call\n        is connected to and the like.",
                        "permission_type": "dangerous"
                    },
                    "android.permission.SYSTEM_ALERT_WINDOW": {
                        "short_description": "display system-level alerts",
                        "full_description": "Allows an application to\n        show system alert windows. Malicious applications can take over the\n        entire screen.",
                        "permission_type": "dangerous"
                    },
                    "android.permission.READ_LOGS": {
                        "short_description": "read sensitive log data",
                        "full_description": "Allows an application to read from the\n        system's various log files.  This allows it to discover general\n        information about what you are doing with the phone, potentially\n        including personal or private information.",
                        "permission_type": "dangerous"
                    },
                    "android.permission.ACCESS_NETWORK_STATE": {
                        "short_description": "view network state",
                        "full_description": "Allows an application to view\n      the state of all networks.",
                        "permission_type": "normal"
                    },
                    "android.permission.ACCESS_COARSE_LOCATION": {
                        "short_description": "coarse (network-based) location",
                        "full_description": "Access coarse location sources such as the cellular\n        network database to determine an approximate phone location, where available. Malicious\n        applications can use this to determine approximately where you are.",
                        "permission_type": "dangerous"
                    },
                    "android.permission.GET_TASKS": {
                        "short_description": "retrieve running applications",
                        "full_description": "Allows application to retrieve\n        information about currently and recently running tasks. May allow\n        malicious applications to discover private information about other applications.",
                        "permission_type": "dangerous"
                    },
                    "android.permission.WRITE_SETTINGS": {
                        "short_description": "modify global system settings",
                        "full_description": "Allows an application to modify the\n        system's settings data. Malicious applications can corrupt your system's\n        configuration.",
                        "permission_type": "dangerous"
                    },
                    "android.permission.ACCESS_WIFI_STATE": {
                        "short_description": "view Wi-Fi state",
                        "full_description": "Allows an application to view\n      the information about the state of Wi-Fi.",
                        "permission_type": "normal"
                    },
                    "android.permission.INTERNET": {
                        "short_description": "full Internet access",
                        "full_description": "Allows an application to\n      create network sockets.",
                        "permission_type": "dangerous"
                    },
                    "android.permission.ACCESS_DOWNLOAD_MANAGER": {
                        "short_description": "Unknown permission from android reference",
                        "full_description": "Unknown permission from android reference",
                        "permission_type": "normal"
                    },
                    "android.permission.WRITE_EXTERNAL_STORAGE": {
                        "short_description": "modify/delete SD card contents",
                        "full_description": "Allows an application to write to the SD card.",
                        "permission_type": "dangerous"
                    },
                    "android.permission.DOWNLOAD_WITHOUT_NOTIFICATION": {
                        "short_description": "Unknown permission from android reference",
                        "full_description": "Unknown permission from android reference",
                        "permission_type": "normal"
                    }
                },
                "Receivers": [
                    "com.repai.kdyj.RpReceiver",
                    "com.baidu.android.pushservice.PushServiceReceiver",
                    "com.baidu.android.pushservice.RegistrationReceiver"
                ],
                "StringsInformation": [
                    "http://alog.umeng.co/app_logs",
                    "http://alog.umeng.com/app_logs",
                    "http://app.api.repai.com/tb99/iphone/zhuanti.php",
                    "http://au.umeng.co/api/check_app_update",
                    "http://au.umeng.com/api/check_app_update",
                    "http://cloud.repai.com/goto/item.php?id=",
                    "http://cloud.repai.com/items/dbck.php?id=numid&type=1",
                    "http://cloud.repai.com/items/mainkey.php?id=numid&number=3",
                    "http://developer.android.com",
                    "http://ex.mobmore.com",
                    "http://ex.mobmore.com/api/q?",
                    "http://ex.mobmore.com/api/r?",
                    "http://ex.mobmore.com/api/wap?",
                    "http://ex.mobmore.com/api/wap?sdk_version=",
                    "http://ex.puata.info",
                    "http://ex.puata.info/api/q?",
                    "http://ex.puata.info/api/r?",
                    "http://ex.umengcloud.com",
                    "http://ex.umengcloud.com/api/q?",
                    "http://ex.umengcloud.com/api/r?",
                    "http://feedback.umeng.com/feedback",
                    "http://feedback.umeng.com/feedback/feedbacks",
                    "http://feedback.umeng.com/feedback/reply",
                    "http://h5.m.taobao.com/awp/base/cart.htm?ttid=400000_21517587@jkjby_iPhone_1.0#!/awp/base/cart.htm?ttid=400000_21517587@jkjby_iPhone_1.0",
                    "http://h5.m.taobao.com/fav/index.htm?ttid=400000_21517587@jkjby_iPhone_1.0#!goods/queryColGood-1",
                    "http://hmma.baidu.com/app.gif",
                    "http://jkjby.repai.com/jkjby/static/images/img_zhideguang/",
                    "http://jkjby.repai.com/jkjby/view/list_api.php?cid=",
                    "http://jkjby.repai.com/jkjby/view/tmzk19_9_api.php?cid=",
                    "http://jkjby.repai.com/jkjby/view/tmzk_api.php?cid=@cid&start=@start",
                    "http://jkjby.repai.com/jkjby/view/tmzk_api.php?keyword=@keyword&start=@start&sort=s&price=5,50",
                    "http://jkjby.repai.com/jkjby/view/tomorrow_api.php?",
                    "http://my.m.taobao.com/myTaobao.htm?target=push&ttid=400000_21517587@jkjby_iPhone_1.0",
                    "http://oc.umeng.co/check_config_update",
                    "http://oc.umeng.com/check_config_update",
                    "http://ssgou.me/wotaotao/web/lovecidlistadd_api.php?ids=&sex=",
                    "http://tipsdk.baidu.com",
                    "http://zhekou.repai.com/jkjby/view/tmzk_menu_api.php"
                ]
            },
            "magic": "Zip archive data, at least v2.0 to extract",
            "last_analysis_stats": {
                "harmless": 0,
                "type-unsupported": 7,
                "suspicious": 0,
                "confirmed-timeout": 1,
                "timeout": 11,
                "failure": 3,
                "malicious": 0,
                "undetected": 49
            },
            "meaningful_name": "000AD6F9E6B457DD748BE4E739C035892B08C10D01D01768BA0DD5C9706E0A20.apk",
            "reputation": 0
        },
        "type": "file",
        "id": "000ad6f9e6b457dd748be4e739c035892b08c10d01d01768ba0dd5c9706e0a20",
        "links": {
            "self": "https://www.virustotal.com/api/v3/files/000ad6f9e6b457dd748be4e739c035892b08c10d01d01768ba0dd5c9706e0a20"
        }
    }
}