{
    "data": {
        "attributes": {
            "type_description": "Android",
            "tlsh": "T141F53363D754AC5BC0B7D0369AAA513364049D54C809FA330B50F9B81BFBBD4A7C6ACE",
            "vhash": "a486a4fd87c21bd5c9fc701515d311e7",
            "trid": [
                {
                    "file_type": "Android Package",
                    "probability": 57.0
                },
                {
                    "file_type": "Java Archive",
                    "probability": 20.0
                },
                {
                    "file_type": "Sweet Home 3D design (generic)",
                    "probability": 15.5
                },
                {
                    "file_type": "ZIP compressed archive",
                    "probability": 5.9
                },
                {
                    "file_type": "PrintFox/Pagefox bitmap (640x800)",
                    "probability": 1.4
                }
            ],
            "names": [
                "0000C226F289400ED8E761C1C7A29E1801087543B791C3731E7D621A1DEAB917.apk",
                "osamePPFnmqAdN87RMvP0PNdmRG64Umz09t8hMouO",
                "70d8f7e9dd622b28806c89be7415b15a45b616e8.apk"
            ],
            "last_modification_date": 1648197114,
            "type_tag": "android",
            "times_submitted": 6,
            "total_votes": {
                "harmless": 0,
                "malicious": 0
            },
            "size": 3609778,
            "type_extension": "apk",
            "last_submission_date": 1648182546,
            "last_analysis_results": {
                "Bkav": {
                    "category": "undetected",
                    "engine_name": "Bkav",
                    "engine_version": "1.3.0.9899",
                    "result": null,
                    "method": "blacklist",
                    "engine_update": "20220324"
                },
                "Lionic": {
                    "category": "undetected",
                    "engine_name": "Lionic",
                    "engine_version": "7.5",
                    "result": null,
                    "method": "blacklist",
                    "engine_update": "20220325"
                },
                "Elastic": {
                    "category": "undetected",
                    "engine_name": "Elastic",
                    "engine_version": "4.0.35",
                    "result": null,
                    "method": "blacklist",
                    "engine_update": "20220302"
                },
                "DrWeb": {
                    "category": "undetected",
                    "engine_name": "DrWeb",
                    "engine_version": "7.0.54.3080",
                    "result": null,
                    "method": "blacklist",
                    "engine_update": "20220325"
                },
                "MicroWorld-eScan": {
                    "category": "undetected",
                    "engine_name": "MicroWorld-eScan",
                    "engine_version": "14.0.409.0",
                    "result": null,
                    "method": "blacklist",
                    "engine_update": "20220324"
                },
                "FireEye": {
                    "category": "undetected",
                    "engine_name": "FireEye",
                    "engine_version": "32.44.1.0",
                    "result": null,
                    "method": "blacklist",
                    "engine_update": "20220324"
                },
                "CAT-QuickHeal": {
                    "category": "undetected",
                    "engine_name": "CAT-QuickHeal",
                    "engine_version": "14.00",
                    "result": null,
                    "method": "blacklist",
                    "engine_update": "20220324"
                },
                "ALYac": {
                    "category": "undetected",
                    "engine_name": "ALYac",
                    "engine_version": "1.1.3.1",
                    "result": null,
                    "method": "blacklist",
                    "engine_update": "20220325"
                },
                "Malwarebytes": {
                    "category": "undetected",
                    "engine_name": "Malwarebytes",
                    "engine_version": "4.2.2.27",
                    "result": null,
                    "method": "blacklist",
                    "engine_update": "20220325"
                },
                "Sangfor": {
                    "category": "undetected",
                    "engine_name": "Sangfor",
                    "engine_version": "2.9.0.0",
                    "result": null,
                    "method": "blacklist",
                    "engine_update": "20211224"
                },
                "Trustlook": {
                    "category": "undetected",
                    "engine_name": "Trustlook",
                    "engine_version": "1.0",
                    "result": null,
                    "method": "blacklist",
                    "engine_update": "20220325"
                },
                "BitDefender": {
                    "category": "undetected",
                    "engine_name": "BitDefender",
                    "engine_version": "7.2",
                    "result": null,
                    "method": "blacklist",
                    "engine_update": "20220324"
                },
                "K7GW": {
                    "category": "undetected",
                    "engine_name": "K7GW",
                    "engine_version": "12.1.41470",
                    "result": null,
                    "method": "blacklist",
                    "engine_update": "20220325"
                },
                "K7AntiVirus": {
                    "category": "undetected",
                    "engine_name": "K7AntiVirus",
                    "engine_version": "12.1.41464",
                    "result": null,
                    "method": "blacklist",
                    "engine_update": "20220324"
                },
                "BitDefenderTheta": {
                    "category": "undetected",
                    "engine_name": "BitDefenderTheta",
                    "engine_version": "7.2.37796.0",
                    "result": null,
                    "method": "blacklist",
                    "engine_update": "20220318"
                },
                "VirIT": {
                    "category": "undetected",
                    "engine_name": "VirIT",
                    "engine_version": "9.5.161",
                    "result": null,
                    "method": "blacklist",
                    "engine_update": "20220324"
                },
                "Cyren": {
                    "category": "undetected",
                    "engine_name": "Cyren",
                    "engine_version": "6.5.1.2",
                    "result": null,
                    "method": "blacklist",
                    "engine_update": "20220325"
                },
                "SymantecMobileInsight": {
                    "category": "undetected",
                    "engine_name": "SymantecMobileInsight",
                    "engine_version": "2.0",
                    "result": null,
                    "method": "blacklist",
                    "engine_update": "20220208"
                },
                "tehtris": {
                    "category": "type-unsupported",
                    "engine_name": "tehtris",
                    "engine_version": "v0.0.7",
                    "result": null,
                    "method": "blacklist",
                    "engine_update": "20220325"
                },
                "ESET-NOD32": {
                    "category": "undetected",
                    "engine_name": "ESET-NOD32",
                    "engine_version": "24996",
                    "result": null,
                    "method": "blacklist",
                    "engine_update": "20220325"
                },
                "APEX": {
                    "category": "type-unsupported",
                    "engine_name": "APEX",
                    "engine_version": "6.273",
                    "result": null,
                    "method": "blacklist",
                    "engine_update": "20220322"
                },
                "TrendMicro-HouseCall": {
                    "category": "undetected",
                    "engine_name": "TrendMicro-HouseCall",
                    "engine_version": "10.0.0.1040",
                    "result": null,
                    "method": "blacklist",
                    "engine_update": "20220325"
                },
                "Avast": {
                    "category": "undetected",
                    "engine_name": "Avast",
                    "engine_version": "21.1.5827.0",
                    "result": null,
                    "method": "blacklist",
                    "engine_update": "20220325"
                },
                "ClamAV": {
                    "category": "undetected",
                    "engine_name": "ClamAV",
                    "engine_version": "0.104.2.0",
                    "result": null,
                    "method": "blacklist",
                    "engine_update": "20220324"
                },
                "Kaspersky": {
                    "category": "undetected",
                    "engine_name": "Kaspersky",
                    "engine_version": "21.0.1.45",
                    "result": null,
                    "method": "blacklist",
                    "engine_update": "20220325"
                },
                "Alibaba": {
                    "category": "undetected",
                    "engine_name": "Alibaba",
                    "engine_version": "0.3.0.5",
                    "result": null,
                    "method": "blacklist",
                    "engine_update": "20190527"
                },
                "NANO-Antivirus": {
                    "category": "undetected",
                    "engine_name": "NANO-Antivirus",
                    "engine_version": "1.0.146.25563",
                    "result": null,
                    "method": "blacklist",
                    "engine_update": "20220325"
                },
                "ViRobot": {
                    "category": "undetected",
                    "engine_name": "ViRobot",
                    "engine_version": "2014.3.20.0",
                    "result": null,
                    "method": "blacklist",
                    "engine_update": "20220324"
                },
                "Rising": {
                    "category": "undetected",
                    "engine_name": "Rising",
                    "engine_version": "25.0.0.27",
                    "result": null,
                    "method": "blacklist",
                    "engine_update": "20220325"
                },
                "Ad-Aware": {
                    "category": "undetected",
                    "engine_name": "Ad-Aware",
                    "engine_version": "3.0.21.193",
                    "result": null,
                    "method": "blacklist",
                    "engine_update": "20220325"
                },
                "TACHYON": {
                    "category": "undetected",
                    "engine_name": "TACHYON",
                    "engine_version": "2022-03-25.01",
                    "result": null,
                    "method": "blacklist",
                    "engine_update": "20220325"
                },
                "Emsisoft": {
                    "category": "undetected",
                    "engine_name": "Emsisoft",
                    "engine_version": "2021.5.0.7597",
                    "result": null,
                    "method": "blacklist",
                    "engine_update": "20220324"
                },
                "Comodo": {
                    "category": "undetected",
                    "engine_name": "Comodo",
                    "engine_version": "34468",
                    "result": null,
                    "method": "blacklist",
                    "engine_update": "20220324"
                },
                "F-Secure": {
                    "category": "undetected",
                    "engine_name": "F-Secure",
                    "engine_version": "12.0.86.52",
                    "result": null,
                    "method": "blacklist",
                    "engine_update": "20220325"
                },
                "Baidu": {
                    "category": "undetected",
                    "engine_name": "Baidu",
                    "engine_version": "1.0.0.2",
                    "result": null,
                    "method": "blacklist",
                    "engine_update": "20190318"
                },
                "Zillya": {
                    "category": "undetected",
                    "engine_name": "Zillya",
                    "engine_version": "2.0.0.4597",
                    "result": null,
                    "method": "blacklist",
                    "engine_update": "20220324"
                },
                "TrendMicro": {
                    "category": "undetected",
                    "engine_name": "TrendMicro",
                    "engine_version": "11.0.0.1006",
                    "result": null,
                    "method": "blacklist",
                    "engine_update": "20220325"
                },
                "McAfee-GW-Edition": {
                    "category": "undetected",
                    "engine_name": "McAfee-GW-Edition",
                    "engine_version": "v2019.1.2+3728",
                    "result": null,
                    "method": "blacklist",
                    "engine_update": "20220324"
                },
                "SentinelOne": {
                    "category": "type-unsupported",
                    "engine_name": "SentinelOne",
                    "engine_version": "7.2.0.1",
                    "result": null,
                    "method": "blacklist",
                    "engine_update": "20220201"
                },
                "Trapmine": {
                    "category": "type-unsupported",
                    "engine_name": "Trapmine",
                    "engine_version": "3.5.45.75",
                    "result": null,
                    "method": "blacklist",
                    "engine_update": "20220217"
                },
                "CMC": {
                    "category": "undetected",
                    "engine_name": "CMC",
                    "engine_version": "2.10.2019.1",
                    "result": null,
                    "method": "blacklist",
                    "engine_update": "20211026"
                },
                "Sophos": {
                    "category": "undetected",
                    "engine_name": "Sophos",
                    "engine_version": "1.4.1.0",
                    "result": null,
                    "method": "blacklist",
                    "engine_update": "20220325"
                },
                "Paloalto": {
                    "category": "type-unsupported",
                    "engine_name": "Paloalto",
                    "engine_version": "0.9.0.1003",
                    "result": null,
                    "method": "blacklist",
                    "engine_update": "20220325"
                },
                "GData": {
                    "category": "undetected",
                    "engine_name": "GData",
                    "engine_version": "A:25.32626B:27.26782",
                    "result": null,
                    "method": "blacklist",
                    "engine_update": "20220325"
                },
                "Jiangmin": {
                    "category": "undetected",
                    "engine_name": "Jiangmin",
                    "engine_version": "16.0.100",
                    "result": null,
                    "method": "blacklist",
                    "engine_update": "20220325"
                },
                "Webroot": {
                    "category": "type-unsupported",
                    "engine_name": "Webroot",
                    "engine_version": "1.0.0.403",
                    "result": null,
                    "method": "blacklist",
                    "engine_update": "20220325"
                },
                "Avira": {
                    "category": "undetected",
                    "engine_name": "Avira",
                    "engine_version": "8.3.3.14",
                    "result": null,
                    "method": "blacklist",
                    "engine_update": "20220324"
                },
                "Antiy-AVL": {
                    "category": "undetected",
                    "engine_name": "Antiy-AVL",
                    "engine_version": "3.0.0.1",
                    "result": null,
                    "method": "blacklist",
                    "engine_update": "20220325"
                },
                "Kingsoft": {
                    "category": "undetected",
                    "engine_name": "Kingsoft",
                    "engine_version": "2017.9.26.565",
                    "result": null,
                    "method": "blacklist",
                    "engine_update": "20220325"
                },
                "Microsoft": {
                    "category": "undetected",
                    "engine_name": "Microsoft",
                    "engine_version": "1.1.19000.8",
                    "result": null,
                    "method": "blacklist",
                    "engine_update": "20220325"
                },
                "Gridinsoft": {
                    "category": "undetected",
                    "engine_name": "Gridinsoft",
                    "engine_version": "1.0.74.174",
                    "result": null,
                    "method": "blacklist",
                    "engine_update": "20220325"
                },
                "Arcabit": {
                    "category": "undetected",
                    "engine_name": "Arcabit",
                    "engine_version": "1.0.0.889",
                    "result": null,
                    "method": "blacklist",
                    "engine_update": "20220324"
                },
                "SUPERAntiSpyware": {
                    "category": "undetected",
                    "engine_name": "SUPERAntiSpyware",
                    "engine_version": "5.6.0.1032",
                    "result": null,
                    "method": "blacklist",
                    "engine_update": "20220319"
                },
                "ZoneAlarm": {
                    "category": "undetected",
                    "engine_name": "ZoneAlarm",
                    "engine_version": "1.0",
                    "result": null,
                    "method": "blacklist",
                    "engine_update": "20220325"
                },
                "Avast-Mobile": {
                    "category": "undetected",
                    "engine_name": "Avast-Mobile",
                    "engine_version": "220324-00",
                    "result": null,
                    "method": "blacklist",
                    "engine_update": "20220324"
                },
                "Cynet": {
                    "category": "undetected",
                    "engine_name": "Cynet",
                    "engine_version": "4.0.0.27",
                    "result": null,
                    "method": "blacklist",
                    "engine_update": "20220325"
                },
                "BitDefenderFalx": {
                    "category": "undetected",
                    "engine_name": "BitDefenderFalx",
                    "engine_version": "2.0.936",
                    "result": null,
                    "method": "blacklist",
                    "engine_update": "20220103"
                },
                "AhnLab-V3": {
                    "category": "undetected",
                    "engine_name": "AhnLab-V3",
                    "engine_version": "3.21.3.10230",
                    "result": null,
                    "method": "blacklist",
                    "engine_update": "20220325"
                },
                "Acronis": {
                    "category": "type-unsupported",
                    "engine_name": "Acronis",
                    "engine_version": "1.1.1.82",
                    "result": null,
                    "method": "blacklist",
                    "engine_update": "20210512"
                },
                "McAfee": {
                    "category": "undetected",
                    "engine_name": "McAfee",
                    "engine_version": "6.0.6.653",
                    "result": null,
                    "method": "blacklist",
                    "engine_update": "20220325"
                },
                "MAX": {
                    "category": "undetected",
                    "engine_name": "MAX",
                    "engine_version": "2019.9.16.1",
                    "result": null,
                    "method": "blacklist",
                    "engine_update": "20220325"
                },
                "VBA32": {
                    "category": "undetected",
                    "engine_name": "VBA32",
                    "engine_version": "5.0.0",
                    "result": null,
                    "method": "blacklist",
                    "engine_update": "20220324"
                },
                "Cylance": {
                    "category": "type-unsupported",
                    "engine_name": "Cylance",
                    "engine_version": "2.3.1.101",
                    "result": null,
                    "method": "blacklist",
                    "engine_update": "20220325"
                },
                "Zoner": {
                    "category": "undetected",
                    "engine_name": "Zoner",
                    "engine_version": "2.2.2.0",
                    "result": null,
                    "method": "blacklist",
                    "engine_update": "20220324"
                },
                "Tencent": {
                    "category": "undetected",
                    "engine_name": "Tencent",
                    "engine_version": "1.0.0.1",
                    "result": null,
                    "method": "blacklist",
                    "engine_update": "20220325"
                },
                "Yandex": {
                    "category": "undetected",
                    "engine_name": "Yandex",
                    "engine_version": "5.5.2.24",
                    "result": null,
                    "method": "blacklist",
                    "engine_update": "20220324"
                },
                "Ikarus": {
                    "category": "undetected",
                    "engine_name": "Ikarus",
                    "engine_version": "6.0.11.0",
                    "result": null,
                    "method": "blacklist",
                    "engine_update": "20220324"
                },
                "MaxSecure": {
                    "category": "undetected",
                    "engine_name": "MaxSecure",
                    "engine_version": "1.0.0.1",
                    "result": null,
                    "method": "blacklist",
                    "engine_update": "20220324"
                },
                "Fortinet": {
                    "category": "undetected",
                    "engine_name": "Fortinet",
                    "engine_version": "6.2.142.0",
                    "result": null,
                    "method": "blacklist",
                    "engine_update": "20220325"
                },
                "Cybereason": {
                    "category": "type-unsupported",
                    "engine_name": "Cybereason",
                    "engine_version": "1.2.449",
                    "result": null,
                    "method": "blacklist",
                    "engine_update": "20210330"
                },
                "Panda": {
                    "category": "undetected",
                    "engine_name": "Panda",
                    "engine_version": "4.6.4.2",
                    "result": null,
                    "method": "blacklist",
                    "engine_update": "20220324"
                },
                "CrowdStrike": {
                    "category": "type-unsupported",
                    "engine_name": "CrowdStrike",
                    "engine_version": "1.0",
                    "result": null,
                    "method": "blacklist",
                    "engine_update": "20210907"
                }
            },
            "sha256": "0000c226f289400ed8e761c1c7a29e1801087543b791c3731e7d621a1deab917",
            "tags": [
                "apk",
                "android",
                "reflection",
                "contains-elf"
            ],
            "last_analysis_date": 1648182546,
            "unique_sources": 4,
            "first_submission_date": 1419897506,
            "sha1": "70d8f7e9dd622b28806c89be7415b15a45b616e8",
            "ssdeep": "49152:HpLcVQSmSKe0UOrCXZMHwA9gnydXuLzsdQQLQ77rghdJlD3QSEtWFUfcd24YSkfr:tohmfwulgn8csiQcQrBDUfI2LU/8",
            "bundle_info": {
                "highest_datetime": "2014-04-14 09:21:44",
                "lowest_datetime": "2014-04-10 16:38:48",
                "num_children": 198,
                "extensions": {
                    "xml": 97,
                    "dex": 1,
                    "MF": 1,
                    "cfg": 8,
                    "jar": 1,
                    "RSA": 1,
                    "SF": 1,
                    "dat": 3,
                    "so": 2,
                    "ogg": 1,
                    "txt": 2,
                    "sty": 6,
                    "png": 68
                },
                "file_types": {
                    "XML": 96,
                    "DEX": 1,
                    "ZIP": 1,
                    "unknown": 27,
                    "ELF": 2,
                    "JSON": 2,
                    "OGG": 1,
                    "PNG": 68
                },
                "type": "APK",
                "uncompressed_size": 6287668
            },
            "md5": "7910299ff866ea16a1f101714fb5e38e",
            "androguard": {
                "Activities": [
                    "com.yundu.app.LogoActivity",
                    "com.yundu.app.view.util.LoopPageViewDemo",
                    "com.yundu.app.view.product.ProductDetailActivity",
                    "com.yundu.app.view.MainActivity",
                    "com.yundu.app.view.TabMainActivity",
                    "com.yundu.app.view.more.MoreActivity",
                    "com.yundu.app.view.product.ProductActivity",
                    "com.yundu.app.view.product.LGProductMenu",
                    "com.yundu.app.view.TabHomeActivity",
                    "com.yundu.app.view.about.AboutActivity",
                    "com.yundu.app.view.TabManagerActivity",
                    "com.yundu.app.view.custom.CustomDetailActivity",
                    "com.yundu.app.view.exhibition.ExhibitionDetailActivity",
                    "com.yundu.app.view.shop.ShopDetailActivity",
                    "com.yundu.app.view.brand.BrandDetailActivity",
                    "com.yundu.app.view.news.NewsDetailActivity",
                    "com.yundu.app.view.search.ADFragmentManager",
                    "com.yundu.app.view.search.SearchResultActivity",
                    "com.app.adrian.util.calendar.CalendarView",
                    "com.yundu.app.view.user.ADLoginActivity",
                    "com.yundu.app.view.user.RegistrationActivity",
                    "com.yundu.app.view.user.ModifyUserPassActivity",
                    "com.yundu.app.view.cart.AddressActivity",
                    "com.yundu.app.view.cart.ModifyAddressActivity",
                    "com.yundu.app.view.order.MustBuyOneActivity",
                    "com.yundu.app.view.order.SubmitOrderActivity",
                    "com.yundu.app.view.order.OrderDetailActivity",
                    "com.yundu.app.view.order.OrderListActivity",
                    "com.yundu.app.view.more.ButilQRCodeActivity",
                    "com.yundu.app.util.baidumap.BaiduMapActivity",
                    "com.yundu.app.util.zxing.CaptureActivity",
                    "com.yundu.app.util.zxing.QRCodeGeneratorActivity",
                    "com.yundu.app.util.zxing.QRCodeScanActivity",
                    "com.yundu.app.view.util.ADWebView",
                    "com.alipay.android.app.sdk.WapPayActivity"
                ],
                "AndroidVersionCode": "1",
                "main_activity": "com.yundu.app.LogoActivity",
                "certificate": {
                    "Subject": {
                        "DN": "C:CN, CN:Chang Jiang Wang, L:FoShan, O:-, ST:Guangdong, OU:-",
                        "C": "CN",
                        "CN": "Chang Jiang Wang",
                        "L": "FoShan",
                        "O": "-",
                        "ST": "Guangdong",
                        "OU": "-"
                    },
                    "validto": "2044-01-11 07:03:04",
                    "serialnumber": "109e5c65",
                    "thumbprint": "e859316de31149bfe995b79fcae300ac92cf1c99",
                    "validfrom": "2014-01-18 07:03:04",
                    "Issuer": {
                        "DN": "C:CN, CN:Chang Jiang Wang, L:FoShan, O:-, ST:Guangdong, OU:-",
                        "C": "CN",
                        "CN": "Chang Jiang Wang",
                        "L": "FoShan",
                        "O": "-",
                        "ST": "Guangdong",
                        "OU": "-"
                    }
                },
                "VTAndroidInfo": 2.0,
                "Package": "com.benke.EnterpriseApplicationTabForcyy",
                "intent_filters": {
                    "Activities": {
                        "com.yundu.app.LogoActivity": {
                            "action": [
                                "android.intent.action.MAIN"
                            ],
                            "category": [
                                "android.intent.category.LAUNCHER"
                            ]
                        }
                    }
                },
                "permission_details": {
                    "android.permission.ACCESS_FINE_LOCATION": {
                        "short_description": "precise location (GPS and\n      network-based)",
                        "full_description": "Allows the app to get your\n      precise location using the Global Positioning System (GPS) or network\n      location sources such as cell towers and Wi-Fi. These location services\n      must be turned on and available to your device for the app to use them.\n      Apps may use this to determine where you are, and may consume additional\n      battery power.",
                        "permission_type": "dangerous"
                    },
                    "android.permission.VIBRATE": {
                        "short_description": "control vibration",
                        "full_description": "Allows the app to control the vibrator.",
                        "permission_type": "normal"
                    },
                    "android.permission.DISABLE_KEYGUARD": {
                        "short_description": "disable your screen lock",
                        "full_description": "Allows the app to disable the\n      keylock and any associated password security.  For example, the phone\n      disables the keylock when receiving an incoming phone call, then\n      re-enables the keylock when the call is finished.",
                        "permission_type": "dangerous"
                    },
                    "android.permission.READ_PHONE_STATE": {
                        "short_description": "read phone status and identity",
                        "full_description": "Allows the app to access the phone\n      features of the device.  This permission allows the app to determine the\n      phone number and device IDs, whether a call is active, and the remote number\n      connected by a call.",
                        "permission_type": "dangerous"
                    },
                    "android.permission.INTERNET": {
                        "short_description": "full network access",
                        "full_description": "Allows the app to create\n     network sockets and use custom network protocols. The browser and other\n     applications provide means to send data to the internet, so this\n     permission is not required to send data to the internet.",
                        "permission_type": "dangerous"
                    },
                    "android.permission.ACCESS_MOCK_LOCATION": {
                        "short_description": "mock location sources for testing",
                        "full_description": "Create mock location sources for\n      testing or install a new location provider.  This allows the app to\n      override the location and/or status returned by other location sources\n      such as GPS or location providers.",
                        "permission_type": "dangerous"
                    },
                    "android.permission.ACCESS_WIFI_STATE": {
                        "short_description": "view Wi-Fi connections",
                        "full_description": "Allows the app to view information\n      about Wi-Fi networking, such as whether Wi-Fi is enabled and name of\n      connected Wi-Fi devices.",
                        "permission_type": "normal"
                    },
                    "android.permission.ACCESS_COARSE_LOCATION": {
                        "short_description": "approximate location\n      (network-based)",
                        "full_description": "Allows the app to get your\n      approximate location. This location is derived by location services using\n      network location sources such as cell towers and Wi-Fi. These location\n      services must be turned on and available to your device for the app to\n      use them. Apps may use this to determine approximately where you\n      are.",
                        "permission_type": "dangerous"
                    },
                    "android.permission.CALL_PHONE": {
                        "short_description": "directly call phone numbers",
                        "full_description": "Allows the app to call phone numbers\n      without your intervention. This may result in unexpected charges or calls.\n      Note that this doesn't allow the app to call emergency numbers.\n      Malicious apps may cost you money by making calls without your\n      confirmation.",
                        "permission_type": "dangerous"
                    },
                    "android.permission.WRITE_SETTINGS": {
                        "short_description": "modify system settings",
                        "full_description": "Allows the app to modify the\n        system's settings data. Malicious apps may corrupt your system's\n        configuration.",
                        "permission_type": "normal"
                    },
                    "android.permission.CAMERA": {
                        "short_description": "take pictures and videos",
                        "full_description": "Allows the app to take pictures and videos\n      with the camera.  This permission allows the app to use the camera at any\n      time without your confirmation.",
                        "permission_type": "dangerous"
                    },
                    "android.permission.BAIDU_LOCATION_SERVICE": {
                        "short_description": "Unknown permission from android reference",
                        "full_description": "Unknown permission from android reference",
                        "permission_type": "normal"
                    },
                    "android.permission.ACCESS_NETWORK_STATE": {
                        "short_description": "view network connections",
                        "full_description": "Allows the app to view\n      information about network connections such as which networks exist and are\n      connected.",
                        "permission_type": "normal"
                    },
                    "android.permission.MOUNT_UNMOUNT_FILESYSTEMS": {
                        "short_description": "access SD Card filesystem",
                        "full_description": "Allows the app to mount and\n        unmount filesystems for removable storage.",
                        "permission_type": "system|signature"
                    },
                    "android.permission.CHANGE_CONFIGURATION": {
                        "short_description": "change system display settings",
                        "full_description": "Allows the app to\n        change the current configuration, such as the locale or overall font\n        size.",
                        "permission_type": "signature|system|development"
                    },
                    "android.permission.WRITE_EXTERNAL_STORAGE": {
                        "short_description": "modify or delete the contents of your SD card",
                        "full_description": "Allows the app to write to the SD card.",
                        "permission_type": "dangerous"
                    },
                    "android.permission.RESTART_PACKAGES": {
                        "short_description": "close other apps",
                        "full_description": "Allows the app to end\n      background processes of other apps.  This may cause other apps to stop\n      running.",
                        "permission_type": "normal"
                    },
                    "android.permission.ACCESS_GPS": {
                        "short_description": "Unknown permission from android reference",
                        "full_description": "Unknown permission from android reference",
                        "permission_type": "normal"
                    }
                },
                "AndroidApplication": 1,
                "StringsInformation": [
                    "http://amuse.nen.com.cn/imagelist/11/51/7nja3i774c04.jpg",
                    "http://api.map.baidu.com/geosearch/v2/bound",
                    "http://api.map.baidu.com/geosearch/v2/detail/",
                    "http://api.map.baidu.com/geosearch/v2/local",
                    "http://api.map.baidu.com/geosearch/v2/nearby",
                    "http://appdemo.com.benk.cn/alipay/notify_url.php",
                    "http://appdemo.com.benk.cn/uploadfiles",
                    "http://bbs.51mxd.com/attachment/Mon_1211/426_1_ca2c306f4468138.jpg",
                    "http://bbs.fengbao.com/data/attachment/forum/201212/16/22205457sql8nwheiqwzn7.jpg",
                    "http://bbs.heyix.com/data/attachment/forum/201212/16/120358ae4ue4esiytsfsff.jpg",
                    "http://bbsdown10.cnmo.com/attachments/201201/04/232744zy41222y1wglzyqz.jpg",
                    "http://bbsdown10.cnmo.com/attachments/201201/04/232752tttql2r9q99t9fyq.jpg",
                    "http://bbsdown10.cnmo.com/attachments/201201/04/232757xo009fhmhyux9jvx.jpg",
                    "http://bbshtml.shangdu.com/Editor/UserFiles/Image/673/61422673/1285654294501.jpg",
                    "http://bbsimg.qianlong.com/attachments/forum/day_100926/10092617181dabd318adab5e2b.jpg",
                    "http://d.3987.com/qcmnsjbz.120830/%E6%B8%85%E7%BA%AF%E7%BE%8E%E5%A5%B3%E5%A3%81%E7%BA%B8-009.jpg",
                    "http://d1.wpgo.cn/d12/act/20121213/16/69245712.jpg",
                    "http://d2.lotpen.com/dzzz3/filelist/20121216/16/ori/5018B7BBE5CD51866EB7F000.jpg",
                    "http://d3.lotpen.com/dzzz2/filelist/20121213/19/566/50C9BC11704C9495F3A10053.jpg",
                    "http://d4.lotpen.com/dzzz3/filelist/20121218/11/180/509723BDBE24A8249AC030CD.jpg",
                    "http://d9.lexun.cn/9xe101/act/20111102/16/57007185.jpg",
                    "http://data.pepo.cn/data/pepo/sxf/20080507/633457869258906250.jpg",
                    "http://data.pepo.cn/data/pepo/sxf/20080507/633457869261250000.jpg",
                    "http://f002.bai.com/data/uploads/2012/1018/18/14ff712fbaf4f0ad53883570b34a7e57_haibao.jpeg",
                    "http://f002.bai.com/data/uploads/2012/1018/18/5da03f5f8b4c93a1d4264b3ea628c595_haibao.jpeg",
                    "http://f11.topit.me/l/201009/16/12845672546160.jpg",
                    "http://f12.topit.me/l166/101665601956b260eb.jpg",
                    "http://files.gao7.com/Files/2012/12/19/20121219150006_7768.jpg",
                    "http://i1091.photobucket.com/albums/i387/rinalik86d/18p2p/rina/princess01/061.jpg",
                    "http://i6.topit.me/6/15/50/1147943393d6950156l.jpg",
                    "http://i99.ku6.com/200710/07/08/ED3b82fvz9cPG2cr/5.jpg",
                    "http://images.enet.com.cn/cimg/2010/0802/c_1280735645_3.jpg",
                    "http://images.enet.com.cn/cimg/2010/0802/c_1280735707_6.jpg",
                    "http://images.enet.com.cn/cimg/2010/0802/c_1280735820_3.jpg",
                    "http://images.enet.com.cn/cimg/2010/0802/c_1280735820_5.jpg",
                    "http://images.enet.com.cn/cimg/2010/0802/c_1280735820_6.jpg",
                    "http://img.6188.net:2564/upload_6188s/flashAll/20120601/1338530150cbLRK4.jpg",
                    "http://img.6188.net:2564/upload_6188s/flashAll/20121108/1352362574W498UL.jpg",
                    "http://img.edentao.com/wp-content/uploads/2010/10/28/T19zpOXoXDXXb1upjX.jpg",
                    "http://img.fashion.tom.com/00AWAAA4/1111/0414/4LFTXG3D.jpg",
                    "http://img.hqbpc.com/pic/2012/12/12025406421449.jpg",
                    "http://img.meinv555.com/2012/1213/20121213014108906.jpg",
                    "http://img.pconline.com.cn/images/upload/upc/tx/ladybbs6/1009/25/c0/5310493_1285401794899_1024x1024.jpg",
                    "http://img.ph.126.net/A1Kyew0REgVsytRza5biOA==/3266798579704329964.jpg",
                    "http://img017.photo.21cn.com/photos/forum/20100914/m/6FCAC700A67A6599811D6C72F782C1F2.jpg",
                    "http://img017.photo.21cn.com/photos/forum/20100914/m/C4BC4169B1540999714C457AB47DC56E.jpg",
                    "http://img1.27.cn/images/201108/10/1312962562_26965200.jpg",
                    "http://img1.27.cn/images/201201/11/1326273394_93568000.jpg",
                    "http://img1.qq.com/digi/pics/18244/18244241.jpg",
                    "http://img11.woyopic.com/2012/0210/075/3-e9a801093733269e8e6d1af846fd1363.jpg",
                    "http://imgsrc.baidu.com/forum/pic/item/0df3d7ca7bcb0a46cd7bba776b63f6246b60af26.jpg",
                    "http://imgsrc.baidu.com/forum/pic/item/42a98226cffc1e177792bd7f4a90f603738de94b.jpg",
                    "http://imgsrc.baidu.com/forum/pic/item/8326cffc1e178a8247034eeef603738da977e845.jpg",
                    "http://imgsrc.baidu.com/forum/pic/item/a8014c086e061d95167106767bf40ad162d9ca4c.jpg",
                    "http://imgsrc.baidu.com/forum/pic/item/c2cec3fdfc0392451c76d7418794a4c27c1e25b8.jpg",
                    "http://imgsrc.baidu.com/forum/pic/item/d6ca7bcb0a46f21ffe076f1df6246b600c33ae48.jpg",
                    "http://iphone.images.paojiao.cn/iphone/paper/20115/7/99666649/paojiao_54ae2156.jpg",
                    "http://loc.map.baidu.com/sdk.php",
                    "http://loc.map.baidu.com/sdk_ep.php",
                    "http://m.alipay.com",
                    "http://m.yunduapp.com/weixinurl-",
                    "http://map.baidu.com/fwmap/upload/place/icon/#replace#/25.png",
                    "http://mo.baidu.com/map/",
                    "http://pic.100wiki.com/332mm/uploads/userup/0902/21160U52015.jpg",
                    "http://pic.66163.com/up_files/2012-12/775ab9f53f.jpg",
                    "http://pic1.nipic.com/2009-02-18/200921892734507_2.jpg",
                    "http://pic1.nipic.com/20090311/267398_123741023_2.jpg",
                    "http://pic1.nipic.com/20090312/267398_081715043_2.jpg",
                    "http://pic1.nipic.com/20090312/267398_082759099_2.jpg",
                    "http://pic1.win4000.com/pic/8/c2/99e487644.jpg",
                    "http://pic1.win4000.com/pic/8/da/ec89238300.jpg",
                    "http://pic11.nipic.com/20101201/3997_082059055031_2.jpg",
                    "http://pic12.nipic.com/20110224/2531170_171635553209_2.jpg",
                    "http://pic14.nipic.com/20110604/7660683_140309454146_2.jpg",
                    "http://pic15.nipic.com/20110617/7343041_215015613169_2.jpg",
                    "http://pic16.nipic.com/20110910/5769559_085648551000_2.jpg",
                    "http://pic1a.nipic.com/2008-09-09/200899909752_2.jpg",
                    "http://pic4.nipic.com/20090807/3997_090935042_2.jpg",
                    "http://pic4.nipic.com/20090912/115060_101647051460_2.jpg",
                    "http://pic4.nipic.com/20091121/3576333_101040082179_2.jpg",
                    "http://pic5.nipic.com/20100202/795022_120222039311_2.jpg",
                    "http://picture.junzimen.com/UploadFiles_8785/201206/2012062913474451.jpg",
                    "http://postimg1.mop.com/2011/01/30/12963700367003993.jpg",
                    "http://postimg1.mop.com/2011/07/21/13112306682247900.jpg",
                    "http://t1.baidu.com/it/u=1680758880,2935488502&fm=11&gp=0.jpg",
                    "http://t1.baidu.com/it/u=2217414181,3889338720&fm=11&gp=0.jpg",
                    "http://t1.baidu.com/it/u=2633036358,2327752027&fm=15&gp=0.jpg",
                    "http://t1.baidu.com/it/u=3077545209,2210873602&fm=11&gp=0.jpg",
                    "http://t1.baidu.com/it/u=3337443715,4213523697&fm=11&gp=0.jpg",
                    "http://t1.baidu.com/it/u=3815290446,307998429&fm=11&gp=0.jpg",
                    "http://t1.baidu.com/it/u=4230562836,399823621&fm=11&gp=0.jpg",
                    "http://t1.baidu.com/it/u=656003012,3912870005&fm=11&gp=0.jpg",
                    "http://t2.baidu.com/it/u=3349802353,1664194021&fm=15&gp=0.jpg",
                    "http://t2.baidu.com/it/u=4185571722,3986303060&fm=11&gp=0.jpg",
                    "http://t2.baidu.com/it/u=468472805,3153764828&fm=11&gp=0.jpg",
                    "http://t3.baidu.com/it/u=1574630553,4095605949&fm=11&gp=0.jpg",
                    "http://t3.baidu.com/it/u=2269631036,3271006618&fm=11&gp=0.jpg",
                    "http://t3.baidu.com/it/u=2631381670,3551771159&fm=11&gp=0.jpg",
                    "http://t3.baidu.com/it/u=3282129,2677411319&fm=11&gp=0.jpg",
                    "http://t3.baidu.com/it/u=3829685625,1481674986&fm=11&gp=0.jpg"
                ],
                "AndroidApplicationError": false,
                "AndroidVersionName": "1.0",
                "RiskIndicator": {
                    "APK": {
                        "DEX": 1,
                        "SHARED LIBRARIES": 2,
                        "ZIP": 1
                    },
                    "PERM": {
                        "DEVELOPMENT": 1,
                        "PRIVACY": 4,
                        "DANGEROUS": 4,
                        "NORMAL": 5,
                        "SYSTEM": 2,
                        "SIGNATURE": 2,
                        "INTERNET": 1,
                        "GPS": 2
                    }
                },
                "MinSdkVersion": "8",
                "TargetSdkVersion": "19",
                "AndroguardVersion": "3.4.0a1",
                "AndroidApplicationInfo": "APK"
            },
            "magic": "Zip archive data, at least v2.0 to extract",
            "last_analysis_stats": {
                "harmless": 0,
                "type-unsupported": 10,
                "suspicious": 0,
                "confirmed-timeout": 0,
                "timeout": 0,
                "failure": 0,
                "malicious": 0,
                "undetected": 62
            },
            "meaningful_name": "0000C226F289400ED8E761C1C7A29E1801087543B791C3731E7D621A1DEAB917.apk",
            "reputation": 0
        },
        "type": "file",
        "id": "0000c226f289400ed8e761c1c7a29e1801087543b791c3731e7d621a1deab917",
        "links": {
            "self": "https://www.virustotal.com/api/v3/files/0000c226f289400ed8e761c1c7a29e1801087543b791c3731e7d621a1deab917"
        }
    }
}