{
    "data": {
        "attributes": {
            "type_description": "Android",
            "tlsh": "T165E52383F35CEC93D1F7E63556B78112D422AC856387A2E32E01B13B8EFBD801689D59",
            "vhash": "26e4ebd29f84bebe1c56d71a39fe14fe",
            "trid": [
                {
                    "file_type": "Android Package",
                    "probability": 59.2
                },
                {
                    "file_type": "Java Archive",
                    "probability": 20.7
                },
                {
                    "file_type": "Mozilla Firefox browser extension",
                    "probability": 12.3
                },
                {
                    "file_type": "ZIP compressed archive",
                    "probability": 6.1
                },
                {
                    "file_type": "PrintFox/Pagefox bitmap (640x800)",
                    "probability": 1.5
                }
            ],
            "names": [
                "09390",
                "VirusShare_52354a200ce30fb3090681a62757be30",
                "myfile.exe",
                "1_2_50191_606130902.apk",
                "aa",
                "ZThQSuS.inf"
            ],
            "last_modification_date": 1657341819,
            "type_tag": "android",
            "times_submitted": 6,
            "total_votes": {
                "harmless": 0,
                "malicious": 0
            },
            "size": 3298198,
            "popular_threat_classification": {
                "suggested_threat_label": "trojan.shedun/skymobi",
                "popular_threat_category": [
                    {
                        "count": 9,
                        "value": "trojan"
                    },
                    {
                        "count": 6,
                        "value": "dropper"
                    },
                    {
                        "count": 2,
                        "value": "pua"
                    }
                ],
                "popular_threat_name": [
                    {
                        "count": 5,
                        "value": "shedun"
                    },
                    {
                        "count": 3,
                        "value": "skymobi"
                    },
                    {
                        "count": 3,
                        "value": "wapnor"
                    }
                ]
            },
            "last_submission_date": 1643279868,
            "last_analysis_results": {
                "Bkav": {
                    "category": "undetected",
                    "engine_name": "Bkav",
                    "engine_version": "1.3.0.9899",
                    "result": null,
                    "method": "blacklist",
                    "engine_update": "20220127"
                },
                "Lionic": {
                    "category": "malicious",
                    "engine_name": "Lionic",
                    "engine_version": "4.2",
                    "result": "Trojan.AndroidOS.Wapnor.C!c",
                    "method": "blacklist",
                    "engine_update": "20220127"
                },
                "Elastic": {
                    "category": "undetected",
                    "engine_name": "Elastic",
                    "engine_version": "4.0.32",
                    "result": null,
                    "method": "blacklist",
                    "engine_update": "20211223"
                },
                "MicroWorld-eScan": {
                    "category": "undetected",
                    "engine_name": "MicroWorld-eScan",
                    "engine_version": "14.0.409.0",
                    "result": null,
                    "method": "blacklist",
                    "engine_update": "20220127"
                },
                "FireEye": {
                    "category": "undetected",
                    "engine_name": "FireEye",
                    "engine_version": "32.44.1.0",
                    "result": null,
                    "method": "blacklist",
                    "engine_update": "20220127"
                },
                "CAT-QuickHeal": {
                    "category": "malicious",
                    "engine_name": "CAT-QuickHeal",
                    "engine_version": "14.00",
                    "result": "Android.Skymobi.A (PUP)",
                    "method": "blacklist",
                    "engine_update": "20220127"
                },
                "McAfee": {
                    "category": "malicious",
                    "engine_name": "McAfee",
                    "engine_version": "6.0.6.653",
                    "result": "Artemis!52354A200CE3",
                    "method": "blacklist",
                    "engine_update": "20220127"
                },
                "Malwarebytes": {
                    "category": "undetected",
                    "engine_name": "Malwarebytes",
                    "engine_version": "4.2.2.27",
                    "result": null,
                    "method": "blacklist",
                    "engine_update": "20220127"
                },
                "Zillya": {
                    "category": "undetected",
                    "engine_name": "Zillya",
                    "engine_version": "2.0.0.4557",
                    "result": null,
                    "method": "blacklist",
                    "engine_update": "20220126"
                },
                "Paloalto": {
                    "category": "type-unsupported",
                    "engine_name": "Paloalto",
                    "engine_version": "1.0",
                    "result": null,
                    "method": "blacklist",
                    "engine_update": "20220127"
                },
                "Sangfor": {
                    "category": "malicious",
                    "engine_name": "Sangfor",
                    "engine_version": "2.9.0.0",
                    "result": "Malware.Android-Script.Save.4f1c9b3c",
                    "method": "blacklist",
                    "engine_update": "20211224"
                },
                "Trustlook": {
                    "category": "malicious",
                    "engine_name": "Trustlook",
                    "engine_version": "1.0",
                    "result": "Android.PUA.General",
                    "method": "blacklist",
                    "engine_update": "20220127"
                },
                "Alibaba": {
                    "category": "malicious",
                    "engine_name": "Alibaba",
                    "engine_version": "0.3.0.5",
                    "result": "TrojanDropper:Android/Wapnor.3be2b6cf",
                    "method": "blacklist",
                    "engine_update": "20190527"
                },
                "K7GW": {
                    "category": "malicious",
                    "engine_name": "K7GW",
                    "engine_version": "11.243.40536",
                    "result": "Trojan ( 0050a94d1 )",
                    "method": "blacklist",
                    "engine_update": "20220127"
                },
                "K7AntiVirus": {
                    "category": "undetected",
                    "engine_name": "K7AntiVirus",
                    "engine_version": "11.243.40537",
                    "result": null,
                    "method": "blacklist",
                    "engine_update": "20220127"
                },
                "BitDefenderTheta": {
                    "category": "undetected",
                    "engine_name": "BitDefenderTheta",
                    "engine_version": "7.2.37796.0",
                    "result": null,
                    "method": "blacklist",
                    "engine_update": "20220125"
                },
                "VirIT": {
                    "category": "undetected",
                    "engine_name": "VirIT",
                    "engine_version": "9.5.120",
                    "result": null,
                    "method": "blacklist",
                    "engine_update": "20220126"
                },
                "Cyren": {
                    "category": "malicious",
                    "engine_name": "Cyren",
                    "engine_version": "6.5.1.2",
                    "result": "AndroidOS/Trojan.VLSX-6",
                    "method": "blacklist",
                    "engine_update": "20220127"
                },
                "SymantecMobileInsight": {
                    "category": "failure",
                    "engine_name": "SymantecMobileInsight",
                    "engine_version": "2.0",
                    "result": null,
                    "method": "blacklist",
                    "engine_update": "20211119"
                },
                "Symantec": {
                    "category": "malicious",
                    "engine_name": "Symantec",
                    "engine_version": "1.16.0.0",
                    "result": "Trojan.Gen.2",
                    "method": "blacklist",
                    "engine_update": "20220127"
                },
                "ESET-NOD32": {
                    "category": "malicious",
                    "engine_name": "ESET-NOD32",
                    "engine_version": "24688",
                    "result": "a variant of Android/TrojanDropper.Shedun.V",
                    "method": "blacklist",
                    "engine_update": "20220127"
                },
                "Baidu": {
                    "category": "undetected",
                    "engine_name": "Baidu",
                    "engine_version": "1.0.0.2",
                    "result": null,
                    "method": "blacklist",
                    "engine_update": "20190318"
                },
                "TrendMicro-HouseCall": {
                    "category": "undetected",
                    "engine_name": "TrendMicro-HouseCall",
                    "engine_version": "10.0.0.1040",
                    "result": null,
                    "method": "blacklist",
                    "engine_update": "20220127"
                },
                "Avast": {
                    "category": "malicious",
                    "engine_name": "Avast",
                    "engine_version": "21.1.5827.0",
                    "result": "Android:Revo-OU [Trj]",
                    "method": "blacklist",
                    "engine_update": "20220127"
                },
                "ClamAV": {
                    "category": "malicious",
                    "engine_name": "ClamAV",
                    "engine_version": "0.104.2.0",
                    "result": "Andr.Malware.Agent-5798260-0",
                    "method": "blacklist",
                    "engine_update": "20220126"
                },
                "Kaspersky": {
                    "category": "malicious",
                    "engine_name": "Kaspersky",
                    "engine_version": "21.0.1.45",
                    "result": "HEUR:Trojan-Dropper.AndroidOS.Wapnor.a",
                    "method": "blacklist",
                    "engine_update": "20220127"
                },
                "BitDefender": {
                    "category": "undetected",
                    "engine_name": "BitDefender",
                    "engine_version": "7.2",
                    "result": null,
                    "method": "blacklist",
                    "engine_update": "20220127"
                },
                "NANO-Antivirus": {
                    "category": "malicious",
                    "engine_name": "NANO-Antivirus",
                    "engine_version": "1.0.146.25561",
                    "result": "Trojan.Android.MLW.ebzlbe",
                    "method": "blacklist",
                    "engine_update": "20220127"
                },
                "SUPERAntiSpyware": {
                    "category": "undetected",
                    "engine_name": "SUPERAntiSpyware",
                    "engine_version": "5.6.0.1032",
                    "result": null,
                    "method": "blacklist",
                    "engine_update": "20220122"
                },
                "Rising": {
                    "category": "malicious",
                    "engine_name": "Rising",
                    "engine_version": "25.0.0.27",
                    "result": "Malware.Undefined!8.C (CLOUD)",
                    "method": "blacklist",
                    "engine_update": "20220127"
                },
                "Ad-Aware": {
                    "category": "undetected",
                    "engine_name": "Ad-Aware",
                    "engine_version": "3.0.21.193",
                    "result": null,
                    "method": "blacklist",
                    "engine_update": "20220127"
                },
                "TACHYON": {
                    "category": "undetected",
                    "engine_name": "TACHYON",
                    "engine_version": "2022-01-27.02",
                    "result": null,
                    "method": "blacklist",
                    "engine_update": "20220127"
                },
                "Emsisoft": {
                    "category": "undetected",
                    "engine_name": "Emsisoft",
                    "engine_version": "2021.5.0.7597",
                    "result": null,
                    "method": "blacklist",
                    "engine_update": "20220127"
                },
                "Comodo": {
                    "category": "undetected",
                    "engine_name": "Comodo",
                    "engine_version": "34299",
                    "result": null,
                    "method": "blacklist",
                    "engine_update": "20220127"
                },
                "F-Secure": {
                    "category": "undetected",
                    "engine_name": "F-Secure",
                    "engine_version": "12.0.86.52",
                    "result": null,
                    "method": "blacklist",
                    "engine_update": "20220127"
                },
                "DrWeb": {
                    "category": "malicious",
                    "engine_name": "DrWeb",
                    "engine_version": "7.0.52.8270",
                    "result": "Android.DownLoader.329.origin",
                    "method": "blacklist",
                    "engine_update": "20220127"
                },
                "VIPRE": {
                    "category": "undetected",
                    "engine_name": "VIPRE",
                    "engine_version": "98492",
                    "result": null,
                    "method": "blacklist",
                    "engine_update": "20220119"
                },
                "TrendMicro": {
                    "category": "undetected",
                    "engine_name": "TrendMicro",
                    "engine_version": "11.0.0.1006",
                    "result": null,
                    "method": "blacklist",
                    "engine_update": "20220127"
                },
                "McAfee-GW-Edition": {
                    "category": "malicious",
                    "engine_name": "McAfee-GW-Edition",
                    "engine_version": "v2019.1.2+3728",
                    "result": "RDN/Generic.gjk",
                    "method": "blacklist",
                    "engine_update": "20220127"
                },
                "CMC": {
                    "category": "undetected",
                    "engine_name": "CMC",
                    "engine_version": "2.10.2019.1",
                    "result": null,
                    "method": "blacklist",
                    "engine_update": "20211026"
                },
                "Sophos": {
                    "category": "malicious",
                    "engine_name": "Sophos",
                    "engine_version": "1.4.1.0",
                    "result": "Andr/PornClk-AY",
                    "method": "blacklist",
                    "engine_update": "20220127"
                },
                "SentinelOne": {
                    "category": "undetected",
                    "engine_name": "SentinelOne",
                    "engine_version": "7.0.0.7",
                    "result": null,
                    "method": "blacklist",
                    "engine_update": "20211129"
                },
                "Avast-Mobile": {
                    "category": "malicious",
                    "engine_name": "Avast-Mobile",
                    "engine_version": "220126-02",
                    "result": "Android:Evo-gen [Trj]",
                    "method": "blacklist",
                    "engine_update": "20220126"
                },
                "Jiangmin": {
                    "category": "malicious",
                    "engine_name": "Jiangmin",
                    "engine_version": "16.0.100",
                    "result": "RiskTool.AndroidOS.afbe",
                    "method": "blacklist",
                    "engine_update": "20220126"
                },
                "Webroot": {
                    "category": "type-unsupported",
                    "engine_name": "Webroot",
                    "engine_version": "1.0.0.403",
                    "result": null,
                    "method": "blacklist",
                    "engine_update": "20220127"
                },
                "Avira": {
                    "category": "malicious",
                    "engine_name": "Avira",
                    "engine_version": "8.3.3.12",
                    "result": "ANDROID/Dropper.Shedun.AZ.Gen",
                    "method": "blacklist",
                    "engine_update": "20220127"
                },
                "eGambit": {
                    "category": "type-unsupported",
                    "engine_name": "eGambit",
                    "engine_version": null,
                    "result": null,
                    "method": "blacklist",
                    "engine_update": "20220127"
                },
                "Antiy-AVL": {
                    "category": "malicious",
                    "engine_name": "Antiy-AVL",
                    "engine_version": "3.0.0.1",
                    "result": "Trojan/Generic.ASMalwAD.5FB",
                    "method": "blacklist",
                    "engine_update": "20220127"
                },
                "Kingsoft": {
                    "category": "undetected",
                    "engine_name": "Kingsoft",
                    "engine_version": "2017.9.26.565",
                    "result": null,
                    "method": "blacklist",
                    "engine_update": "20220127"
                },
                "Microsoft": {
                    "category": "malicious",
                    "engine_name": "Microsoft",
                    "engine_version": "1.1.18800.4",
                    "result": "TrojanDropper:AndroidOS/Shedun.A!MTB",
                    "method": "blacklist",
                    "engine_update": "20220127"
                },
                "Gridinsoft": {
                    "category": "undetected",
                    "engine_name": "Gridinsoft",
                    "engine_version": "1.0.70.172",
                    "result": null,
                    "method": "blacklist",
                    "engine_update": "20220127"
                },
                "Arcabit": {
                    "category": "undetected",
                    "engine_name": "Arcabit",
                    "engine_version": "1.0.0.889",
                    "result": null,
                    "method": "blacklist",
                    "engine_update": "20220127"
                },
                "ViRobot": {
                    "category": "undetected",
                    "engine_name": "ViRobot",
                    "engine_version": "2014.3.20.0",
                    "result": null,
                    "method": "blacklist",
                    "engine_update": "20220127"
                },
                "APEX": {
                    "category": "type-unsupported",
                    "engine_name": "APEX",
                    "engine_version": "6.253",
                    "result": null,
                    "method": "blacklist",
                    "engine_update": "20220125"
                },
                "GData": {
                    "category": "undetected",
                    "engine_name": "GData",
                    "engine_version": "A:25.32151B:27.26123",
                    "result": null,
                    "method": "blacklist",
                    "engine_update": "20220127"
                },
                "Cynet": {
                    "category": "malicious",
                    "engine_name": "Cynet",
                    "engine_version": "4.0.0.27",
                    "result": "Malicious (score: 99)",
                    "method": "blacklist",
                    "engine_update": "20220127"
                },
                "BitDefenderFalx": {
                    "category": "malicious",
                    "engine_name": "BitDefenderFalx",
                    "engine_version": "2.0.936",
                    "result": "Android.Riskware.SmsPay.K",
                    "method": "blacklist",
                    "engine_update": "20220103"
                },
                "AhnLab-V3": {
                    "category": "malicious",
                    "engine_name": "AhnLab-V3",
                    "engine_version": "3.21.2.10258",
                    "result": "PUP/Android.Skymobi.143945",
                    "method": "blacklist",
                    "engine_update": "20220127"
                },
                "Acronis": {
                    "category": "type-unsupported",
                    "engine_name": "Acronis",
                    "engine_version": "1.1.1.82",
                    "result": null,
                    "method": "blacklist",
                    "engine_update": "20210512"
                },
                "VBA32": {
                    "category": "undetected",
                    "engine_name": "VBA32",
                    "engine_version": "5.0.0",
                    "result": null,
                    "method": "blacklist",
                    "engine_update": "20220127"
                },
                "ALYac": {
                    "category": "failure",
                    "engine_name": "ALYac",
                    "engine_version": "1.1.3.1",
                    "result": null,
                    "method": "blacklist",
                    "engine_update": "20220127"
                },
                "MAX": {
                    "category": "malicious",
                    "engine_name": "MAX",
                    "engine_version": "2019.9.16.1",
                    "result": "malware (ai score=97)",
                    "method": "blacklist",
                    "engine_update": "20220127"
                },
                "Cylance": {
                    "category": "type-unsupported",
                    "engine_name": "Cylance",
                    "engine_version": "2.3.1.101",
                    "result": null,
                    "method": "blacklist",
                    "engine_update": "20220127"
                },
                "Zoner": {
                    "category": "undetected",
                    "engine_name": "Zoner",
                    "engine_version": "2.2.2.0",
                    "result": null,
                    "method": "blacklist",
                    "engine_update": "20220126"
                },
                "Tencent": {
                    "category": "malicious",
                    "engine_name": "Tencent",
                    "engine_version": "1.0.0.1",
                    "result": "Trojan.Android.Skymobi.ata",
                    "method": "blacklist",
                    "engine_update": "20220127"
                },
                "Yandex": {
                    "category": "undetected",
                    "engine_name": "Yandex",
                    "engine_version": "5.5.2.24",
                    "result": null,
                    "method": "blacklist",
                    "engine_update": "20220127"
                },
                "Ikarus": {
                    "category": "malicious",
                    "engine_name": "Ikarus",
                    "engine_version": "0.1.5.2",
                    "result": "Trojan-Dropper.AndroidOS.Shedun",
                    "method": "blacklist",
                    "engine_update": "20220127"
                },
                "MaxSecure": {
                    "category": "undetected",
                    "engine_name": "MaxSecure",
                    "engine_version": "1.0.0.1",
                    "result": null,
                    "method": "blacklist",
                    "engine_update": "20220125"
                },
                "Fortinet": {
                    "category": "malicious",
                    "engine_name": "Fortinet",
                    "engine_version": "6.2.142.0",
                    "result": "Android/Shedun.AC!tr",
                    "method": "blacklist",
                    "engine_update": "20220127"
                },
                "AVG": {
                    "category": "malicious",
                    "engine_name": "AVG",
                    "engine_version": "21.1.5827.0",
                    "result": "Android:Revo-OU [Trj]",
                    "method": "blacklist",
                    "engine_update": "20220127"
                },
                "Cybereason": {
                    "category": "type-unsupported",
                    "engine_name": "Cybereason",
                    "engine_version": "1.2.449",
                    "result": null,
                    "method": "blacklist",
                    "engine_update": "20210330"
                },
                "Panda": {
                    "category": "undetected",
                    "engine_name": "Panda",
                    "engine_version": "4.6.4.2",
                    "result": null,
                    "method": "blacklist",
                    "engine_update": "20220126"
                },
                "CrowdStrike": {
                    "category": "type-unsupported",
                    "engine_name": "CrowdStrike",
                    "engine_version": "1.0",
                    "result": null,
                    "method": "blacklist",
                    "engine_update": "20210907"
                }
            },
            "sha256": "0002604f9aa167ee58757e61d3cbbd1052c71e57d5258ed1f315f540a2feb3b5",
            "type_extension": "apk",
            "tags": [
                "contains-elf",
                "telephony",
                "android",
                "runtime-modules",
                "apk",
                "reflection",
                "checks-gps"
            ],
            "last_analysis_date": 1643279868,
            "unique_sources": 6,
            "first_submission_date": 1472401015,
            "sha1": "14c32b32947f5cb5ecaca09b7fb73fd45cb7274e",
            "ssdeep": "98304:FWOhK2Th2h1bhWR2SandOODS8Bmmci6KT:p9u1bhbtTDzvEQ",
            "bundle_info": {
                "highest_datetime": "2016-08-29 00:15:08",
                "lowest_datetime": "2016-08-29 00:10:04",
                "num_children": 264,
                "extensions": {
                    "xml": 108,
                    "dex": 1,
                    "MF": 1,
                    "cfg": 1,
                    "jar": 6,
                    "RSA": 1,
                    "jpg": 3,
                    "ttf": 1,
                    "dat": 2,
                    "so": 5,
                    "png": 120,
                    "SF": 1,
                    "pl": 3
                },
                "file_types": {
                    "XML": 108,
                    "DEX": 1,
                    "ZIP": 5,
                    "unknown": 17,
                    "ELF": 10,
                    "JPG": 3,
                    "PNG": 120
                },
                "type": "APK",
                "uncompressed_size": 3599583
            },
            "packers": {
                "F-PROT": "appended"
            },
            "md5": "52354a200ce30fb3090681a62757be30",
            "androguard": {
                "VTAndroidInfo": 2.0,
                "Libraries": [
                    "org.simalliance.openmobileapi"
                ],
                "AndroidApplicationError": false,
                "MinSdkVersion": "9",
                "AndroguardVersion": "3.4.0a1",
                "Activities": [
                    "com.kkygj.kcdpo.LoadActivity",
                    "com.kkygj.kcdpo.ScrollableTabHost",
                    "com.kkygj.kcdpo.SelectActivity",
                    "com.kkygj.kcdpo.PlayVideoActivity",
                    "com.kkygj.kcdpo.HejuActivity",
                    "com.ehoo.tasks.other.PayResultActivity",
                    "com.skymobi.pay.sdk.normal.zimon.EpsActivity",
                    "com.unicom.wostore.unipay.paysecurity.SecurityActivity",
                    "com.alipay.sdk.app.H5PayActivity",
                    "com.ipaynow.plugin.inner_plugin.prepay_plugin.activity.PrePayActivity",
                    "com.ipaynow.plugin.inner_plugin.prepay_plugin.activity.NotifyActivity",
                    "com.unionpay.uppay.PayActivityEx",
                    "com.alipay.sdk.auth.AuthActivity",
                    "com.unionpay.uppay.PayActivity",
                    "com.switfpass.pay.activity.QQWapPayWebView",
                    "com.xhoy.znhw.afrfuw.a.a.c.a",
                    "com.iapppay.pay.channel.weixinpay.WeixinWapPayActivity",
                    "com.iapppay.ui.activity.ServiceCenterActivity",
                    "com.iapppay.ui.activity.normalpay.PayHubActivity",
                    "com.iapppay.pay.channel.gamepay.GamepayActivity",
                    "com.iapppay.pay.channel.unionpay.UpPayResultActivity",
                    "com.unionpay.uppay.PayActivity",
                    "com.unionpay.UPPayWapActivity",
                    "com.iapppay.pay.channel.tenpay.wap.TenpayWapPayActivity",
                    "com.iapppay.pay.channel.tenpay.wap.WebActivity",
                    "com.longyou.haitunpay.HaiTunPayActivity",
                    "com.longyou.haitunpay.HaiTunWebPayActivity"
                ],
                "certificate": {
                    "Subject": {
                        "DN": "C:CN, CN:Unknown, L:Unknown, O:Unknown, ST:Unknown, OU:Unknown",
                        "C": "CN",
                        "CN": "Unknown",
                        "L": "Unknown",
                        "O": "Unknown",
                        "ST": "Unknown",
                        "OU": "Unknown"
                    },
                    "validto": "2509-06-25 16:15:08",
                    "serialnumber": "2e1f8f2",
                    "thumbprint": "6ffd4538455495a4a2508229b69678654f48d616",
                    "validfrom": "2016-08-28 16:15:08",
                    "Issuer": {
                        "DN": "C:CN, CN:Unknown, L:Unknown, O:Unknown, ST:Unknown, OU:Unknown",
                        "C": "CN",
                        "CN": "Unknown",
                        "L": "Unknown",
                        "O": "Unknown",
                        "ST": "Unknown",
                        "OU": "Unknown"
                    }
                },
                "AndroidApplication": 1,
                "RiskIndicator": {
                    "APK": {
                        "DEX": 1,
                        "APK": 4,
                        "SHARED LIBRARIES": 10,
                        "ZIP": 1
                    },
                    "PERM": {
                        "DEVELOPMENT": 2,
                        "PRIVACY": 7,
                        "DANGEROUS": 9,
                        "NORMAL": 10,
                        "SMS": 4,
                        "SYSTEM": 5,
                        "MONEY": 2,
                        "SIGNATURE": 5,
                        "INTERNET": 1,
                        "GPS": 2
                    }
                },
                "Services": [
                    "com.sdky.lyr.srvi.DrdSrvi",
                    "com.skpay.dk.TpService",
                    "com.kkygj.kcdpo.SpService",
                    "com.ehoo.sms.receiver.SMSReceiveService",
                    "com.skymobi.pay.sdk.normal.zimon.EpsService",
                    "com.skymobi.pay.sdk.normal.zimon.sms.PayCtrlService",
                    "com.skymobi.pay.sdk.normal.zimon.sms.SkyPayRemoteService",
                    "com.unicom.wostore.unipay.paysecurity.SecurityServiceFramework",
                    "com.xhoy.znhw.afrfuw.a.a.c.c"
                ],
                "AndroidVersionCode": "139",
                "main_activity": "com.kkygj.kcdpo.LoadActivity",
                "Package": "uUcYa.MRSx.YaGiNfF",
                "intent_filters": {
                    "Services": {
                        "com.xhoy.znhw.afrfuw.a.a.c.c": {
                            "action": [
                                "com_xhoy_znhw.service"
                            ],
                            "category": [
                                "android.intent.category.DEFAULT"
                            ]
                        }
                    },
                    "Activities": {
                        "com.kkygj.kcdpo.SelectActivity": {
                            "action": [
                                "android.intent.action.Select"
                            ],
                            "category": [
                                "android.intent.category.DEFAULT"
                            ]
                        },
                        "com.kkygj.kcdpo.LoadActivity": {
                            "action": [
                                "android.intent.action.MAIN"
                            ],
                            "category": [
                                "android.intent.category.LAUNCHER"
                            ]
                        },
                        "com.xhoy.znhw.afrfuw.a.a.c.a": {
                            "action": [
                                "com_xhoy_znhw.activity"
                            ],
                            "category": [
                                "android.intent.category.DEFAULT"
                            ]
                        },
                        "com.kkygj.kcdpo.ScrollableTabHost": {
                            "action": [
                                "android.intent.action.Xbkgactivity"
                            ],
                            "category": [
                                "android.intent.category.DEFAULT"
                            ]
                        }
                    },
                    "Receivers": {
                        "com.xhoy.znhw.afrfuw.a.a.c.b": {
                            "action": [
                                "android.intent.action.BOOT_COMPLETED",
                                "android.intent.action.USER_PRESENT",
                                "android.net.conn.CONNECTIVITY_CHANGE"
                            ],
                            "category": [
                                "android.intent.category.DEFAULT"
                            ]
                        },
                        "com.android.sdk.t3.MsgReceiver": {
                            "action": [
                                "android.provider.Telephony.SMS_RECEIVED"
                            ]
                        },
                        "com.skymobi.pay.sdk.normal.zimon.EpsReceiver": {
                            "action": [
                                "com.skymobi.pay.plugin.advert",
                                "com.skymobi.pay.plugin.recordupload",
                                "com.skymobi.pay.plugin.push",
                                "com.skymobi.pay.action.plugin",
                                "android.net.conn.CONNECTIVITY_CHANGE",
                                "android.intent.action.USER_PRESENT",
                                "android.intent.action.BOOT_COMPLETED",
                                "android.intent.action.PACKAGE_ADDED"
                            ]
                        },
                        "com.ehoo.sms.receiver.BootReceiver": {
                            "action": [
                                "com.silib.basic",
                                "android.intent.action.DOWNLOAD_COMPLETE",
                                "android.net.wifi.WIFI_STATE_CHANGED",
                                "android.net.wifi.STATE_CHANGE",
                                "android.intent.action.SIM_STATE_CHANGED",
                                "android.net.conn.CONNECTIVITY_CHANGE",
                                "android.intent.action.ANY_DATA_STATE",
                                "android.intent.action.ACTION_POWER_CONNECTED",
                                "android.intent.action.ACTION_POWER_DISCONNECTED",
                                "android.intent.action.USER_PRESENT",
                                "android.intent.action.PHONE_STATE",
                                "android.intent.action.DATE_CHANGED",
                                "android.intent.action.TIMEZONE_CHANGED",
                                "android.intent.action.MAIN",
                                "com.ehoo.action.SEND"
                            ]
                        }
                    }
                },
                "AndroidVersionName": "1.3.39",
                "TargetSdkVersion": "21",
                "AndroidApplicationInfo": "APK",
                "permission_details": {
                    "android.permission.CHANGE_NETWORK_STATE": {
                        "short_description": "change network connectivity",
                        "full_description": "Allows the app to change the state of network connectivity.",
                        "permission_type": "normal"
                    },
                    "com.huawei.android.launcher.permission.WRITE_SETTINGS": {
                        "short_description": "Unknown permission from android reference",
                        "full_description": "Unknown permission from android reference",
                        "permission_type": "normal"
                    },
                    "com.huawei.launcher3.permission.READ_SETTINGS": {
                        "short_description": "Unknown permission from android reference",
                        "full_description": "Unknown permission from android reference",
                        "permission_type": "normal"
                    },
                    "com.huawei.launcher2.permission.WRITE_SETTINGS": {
                        "short_description": "Unknown permission from android reference",
                        "full_description": "Unknown permission from android reference",
                        "permission_type": "normal"
                    },
                    "android.permission.RECEIVE_WAP_PUSH": {
                        "short_description": "receive text messages (WAP)",
                        "full_description": "Allows the app to receive and process\n     WAP messages.  This permission includes the ability to monitor or delete\n     messages sent to you without showing them to you.",
                        "permission_type": "dangerous"
                    },
                    "com.qihoo360.launcher.permission.WRITE_SETTINGS": {
                        "short_description": "Unknown permission from android reference",
                        "full_description": "Unknown permission from android reference",
                        "permission_type": "normal"
                    },
                    "android.permission.READ_LOGS": {
                        "short_description": "read sensitive log data",
                        "full_description": "Allows the app to read from the\n        system's various log files.  This allows it to discover general\n        information about what you are doing with the phone, potentially\n        including personal or private information.",
                        "permission_type": "signature|system|development"
                    },
                    "org.adw.launcher_donut.permission.READ_SETTINGS": {
                        "short_description": "Unknown permission from android reference",
                        "full_description": "Unknown permission from android reference",
                        "permission_type": "normal"
                    },
                    "com.sec.android.app.twlauncher.settings.READ_SETTINGS": {
                        "short_description": "Unknown permission from android reference",
                        "full_description": "Unknown permission from android reference",
                        "permission_type": "normal"
                    },
                    "com.lenovo.launcher.permission.WRITE_SETTINGS": {
                        "short_description": "Unknown permission from android reference",
                        "full_description": "Unknown permission from android reference",
                        "permission_type": "normal"
                    },
                    "net.qihoo.launcher.permission.READ_SETTINGS": {
                        "short_description": "Unknown permission from android reference",
                        "full_description": "Unknown permission from android reference",
                        "permission_type": "normal"
                    },
                    "android.permission.BLUETOOTH": {
                        "short_description": "pair with Bluetooth devices",
                        "full_description": "Allows the app to view the\n      configuration of the Bluetooth on the phone, and to make and accept\n      connections with paired devices.",
                        "permission_type": "dangerous"
                    },
                    "com.ebproductions.android.launcher.permission.READ_SETTINGS": {
                        "short_description": "Unknown permission from android reference",
                        "full_description": "Unknown permission from android reference",
                        "permission_type": "normal"
                    },
                    "android.permission.INTERNET": {
                        "short_description": "full network access",
                        "full_description": "Allows the app to create\n     network sockets and use custom network protocols. The browser and other\n     applications provide means to send data to the internet, so this\n     permission is not required to send data to the internet.",
                        "permission_type": "dangerous"
                    },
                    "android.permission.MOUNT_UNMOUNT_FILESYSTEMS": {
                        "short_description": "access SD Card filesystem",
                        "full_description": "Allows the app to mount and\n        unmount filesystems for removable storage.",
                        "permission_type": "system|signature"
                    },
                    "com.huawei.launcher2.permission.READ_SETTINGS": {
                        "short_description": "Unknown permission from android reference",
                        "full_description": "Unknown permission from android reference",
                        "permission_type": "normal"
                    },
                    "android.permission.CHANGE_CONFIGURATION": {
                        "short_description": "change system display settings",
                        "full_description": "Allows the app to\n        change the current configuration, such as the locale or overall font\n        size.",
                        "permission_type": "signature|system|development"
                    },
                    "com.qihoo360.launcher.permission.READ_SETTINGS": {
                        "short_description": "Unknown permission from android reference",
                        "full_description": "Unknown permission from android reference",
                        "permission_type": "normal"
                    },
                    "com.oppo.launcher.permission.READ_SETTINGS": {
                        "short_description": "Unknown permission from android reference",
                        "full_description": "Unknown permission from android reference",
                        "permission_type": "normal"
                    },
                    "android.permission.ACCESS_FINE_LOCATION": {
                        "short_description": "precise location (GPS and\n      network-based)",
                        "full_description": "Allows the app to get your\n      precise location using the Global Positioning System (GPS) or network\n      location sources such as cell towers and Wi-Fi. These location services\n      must be turned on and available to your device for the app to use them.\n      Apps may use this to determine where you are, and may consume additional\n      battery power.",
                        "permission_type": "dangerous"
                    },
                    "android.permission.SEND_SMS": {
                        "short_description": "send SMS messages",
                        "full_description": "Allows the app to send SMS messages.\n     This may result in unexpected charges. Malicious apps may cost you money by\n     sending messages without your confirmation.",
                        "permission_type": "dangerous"
                    },
                    "android.permission.REQUEST_INSTALL_PACKAGES": {
                        "short_description": "Unknown permission from android reference",
                        "full_description": "Unknown permission from android reference",
                        "permission_type": "normal"
                    },
                    "android.permission.UPDATE_APP_OPS_STATS": {
                        "short_description": "modify app ops statistics",
                        "full_description": "Allows the app to modify\n        collected application operation statistics. Not for use by normal apps.",
                        "permission_type": "signature|system"
                    },
                    "org.adwfreak.launcher.permission.WRITE_SETTINGS": {
                        "short_description": "Unknown permission from android reference",
                        "full_description": "Unknown permission from android reference",
                        "permission_type": "normal"
                    },
                    "com.android.launcher.permission.WRITE_SETTINGS": {
                        "short_description": "Unknown permission from android reference",
                        "full_description": "Unknown permission from android reference",
                        "permission_type": "normal"
                    },
                    "com.android.mylauncher.permission.READ_SETTINGS": {
                        "short_description": "Unknown permission from android reference",
                        "full_description": "Unknown permission from android reference",
                        "permission_type": "normal"
                    },
                    "com.android.launcher.permission.INSTALL_SHORTCUT": {
                        "short_description": "install shortcuts",
                        "full_description": "Allows an application to add\n        Homescreen shortcuts without user intervention.",
                        "permission_type": "dangerous"
                    },
                    "telecom.mdesk.permission.READ_SETTINGS": {
                        "short_description": "Unknown permission from android reference",
                        "full_description": "Unknown permission from android reference",
                        "permission_type": "normal"
                    },
                    "com.android.launcher3.permission.READ_SETTINGS": {
                        "short_description": "Unknown permission from android reference",
                        "full_description": "Unknown permission from android reference",
                        "permission_type": "normal"
                    },
                    "android.permission.WRITE_SMS": {
                        "short_description": "edit your text messages (SMS or MMS)",
                        "full_description": "Allows the app to write\n      to SMS messages stored on your phone or SIM card. Malicious apps\n      may delete your messages.",
                        "permission_type": "dangerous"
                    },
                    "android.permission.ACCESS_NETWORK_STATE": {
                        "short_description": "view network connections",
                        "full_description": "Allows the app to view\n      information about network connections such as which networks exist and are\n      connected.",
                        "permission_type": "normal"
                    },
                    "android.permission.GET_TASKS": {
                        "short_description": "retrieve running apps",
                        "full_description": "Allows the app to retrieve information\n       about currently and recently running tasks.  This may allow the app to\n       discover information about which applications are used on the device.",
                        "permission_type": "normal"
                    },
                    "android.permission.READ_CALL_LOG": {
                        "short_description": "read call log",
                        "full_description": "Allows the app to read\n      your phone's call log, including data about incoming and outgoing calls.\n      This permission allows apps to save your call log data, and malicious apps\n      may share call log data without your knowledge.",
                        "permission_type": "dangerous"
                    },
                    "com.lenovo.launcher.permission.READ_SETTINGS": {
                        "short_description": "Unknown permission from android reference",
                        "full_description": "Unknown permission from android reference",
                        "permission_type": "normal"
                    },
                    "com.fede.launcher.permission.WRITE_SETTINGS": {
                        "short_description": "Unknown permission from android reference",
                        "full_description": "Unknown permission from android reference",
                        "permission_type": "normal"
                    },
                    "com.htc.launcher.permission.READ_SETTINGS": {
                        "short_description": "Unknown permission from android reference",
                        "full_description": "Unknown permission from android reference",
                        "permission_type": "normal"
                    },
                    "com.tencent.qqlauncher.permission.WRITE_SETTINGS": {
                        "short_description": "Unknown permission from android reference",
                        "full_description": "Unknown permission from android reference",
                        "permission_type": "normal"
                    },
                    "com.android.mylauncher.permission.WRITE_SETTINGS": {
                        "short_description": "Unknown permission from android reference",
                        "full_description": "Unknown permission from android reference",
                        "permission_type": "normal"
                    },
                    "com.htc.launcher.permission.WRITE_SETTINGS": {
                        "short_description": "Unknown permission from android reference",
                        "full_description": "Unknown permission from android reference",
                        "permission_type": "normal"
                    },
                    "android.permission.RECEIVE_SMS": {
                        "short_description": "receive text messages (SMS)",
                        "full_description": "Allows the app to receive and process SMS\n      messages. This means the app could monitor or delete messages sent to your\n      device without showing them to you.",
                        "permission_type": "dangerous"
                    },
                    "android.webkit.permission.PLUGIN": {
                        "short_description": "Unknown permission from android reference",
                        "full_description": "Unknown permission from android reference",
                        "permission_type": "normal"
                    },
                    "android.permission.READ_EXTERNAL_STORAGE": {
                        "short_description": "read the contents of your SD card",
                        "full_description": "Allows the app to read the contents of your SD card.",
                        "permission_type": "normal"
                    },
                    "android.permission.RECEIVE_BOOT_COMPLETED": {
                        "short_description": "run at startup",
                        "full_description": "Allows the app to\n        have itself started as soon as the system has finished booting.\n        This can make it take longer to start the phone and allow the\n        app to slow down the overall phone by always running.",
                        "permission_type": "normal"
                    },
                    "dianxin.permission.ACCESS_LAUNCHER_DATA": {
                        "short_description": "Unknown permission from android reference",
                        "full_description": "Unknown permission from android reference",
                        "permission_type": "normal"
                    },
                    "com.android.launcher.permission.READ_SETTINGS": {
                        "short_description": "Unknown permission from android reference",
                        "full_description": "Unknown permission from android reference",
                        "permission_type": "normal"
                    },
                    "com.lge.launcher.permission.WRITE_SETTINGS": {
                        "short_description": "Unknown permission from android reference",
                        "full_description": "Unknown permission from android reference",
                        "permission_type": "normal"
                    },
                    "android.permission.DISABLE_KEYGUARD": {
                        "short_description": "disable your screen lock",
                        "full_description": "Allows the app to disable the\n      keylock and any associated password security.  For example, the phone\n      disables the keylock when receiving an incoming phone call, then\n      re-enables the keylock when the call is finished.",
                        "permission_type": "dangerous"
                    },
                    "org.adw.launcher_donut.permission.WRITE_SETTINGS": {
                        "short_description": "Unknown permission from android reference",
                        "full_description": "Unknown permission from android reference",
                        "permission_type": "normal"
                    },
                    "net.qihoo.launcher.permission.WRITE_SETTINGS": {
                        "short_description": "Unknown permission from android reference",
                        "full_description": "Unknown permission from android reference",
                        "permission_type": "normal"
                    },
                    "org.adw.launcher.permission.READ_SETTINGS": {
                        "short_description": "Unknown permission from android reference",
                        "full_description": "Unknown permission from android reference",
                        "permission_type": "normal"
                    },
                    "android.permission.CALL_PHONE": {
                        "short_description": "directly call phone numbers",
                        "full_description": "Allows the app to call phone numbers\n      without your intervention. This may result in unexpected charges or calls.\n      Note that this doesn't allow the app to call emergency numbers.\n      Malicious apps may cost you money by making calls without your\n      confirmation.",
                        "permission_type": "dangerous"
                    },
                    "com.anddoes.launcher.permission.READ_SETTINGS": {
                        "short_description": "Unknown permission from android reference",
                        "full_description": "Unknown permission from android reference",
                        "permission_type": "normal"
                    },
                    "android.permission.WRITE_SETTINGS": {
                        "short_description": "modify system settings",
                        "full_description": "Allows the app to modify the\n        system's settings data. Malicious apps may corrupt your system's\n        configuration.",
                        "permission_type": "normal"
                    },
                    "android.permission.READ_PHONE_STATE": {
                        "short_description": "read phone status and identity",
                        "full_description": "Allows the app to access the phone\n      features of the device.  This permission allows the app to determine the\n      phone number and device IDs, whether a call is active, and the remote number\n      connected by a call.",
                        "permission_type": "dangerous"
                    },
                    "com.android.launcher2.permission.READ_SETTINGS": {
                        "short_description": "Unknown permission from android reference",
                        "full_description": "Unknown permission from android reference",
                        "permission_type": "normal"
                    },
                    "com.oppo.launcher.permission.WRITE_SETTINGS": {
                        "short_description": "Unknown permission from android reference",
                        "full_description": "Unknown permission from android reference",
                        "permission_type": "normal"
                    },
                    "android.permission.ACCESS_COARSE_LOCATION": {
                        "short_description": "approximate location\n      (network-based)",
                        "full_description": "Allows the app to get your\n      approximate location. This location is derived by location services using\n      network location sources such as cell towers and Wi-Fi. These location\n      services must be turned on and available to your device for the app to\n      use them. Apps may use this to determine approximately where you\n      are.",
                        "permission_type": "dangerous"
                    },
                    "android.permission.RESTART_PACKAGES": {
                        "short_description": "close other apps",
                        "full_description": "Allows the app to end\n      background processes of other apps.  This may cause other apps to stop\n      running.",
                        "permission_type": "normal"
                    },
                    "android.permission.READ_SMS": {
                        "short_description": "read your text messages (SMS or MMS)",
                        "full_description": "Allows the app to read SMS\n      messages stored on your phone or SIM card. This allows the app to read all\n      SMS messages, regardless of content or confidentiality.",
                        "permission_type": "dangerous"
                    },
                    "android.permission.VIBRATE": {
                        "short_description": "control vibration",
                        "full_description": "Allows the app to control the vibrator.",
                        "permission_type": "normal"
                    },
                    "com.sec.android.app.twlauncher.settings.WRITE_SETTINGS": {
                        "short_description": "Unknown permission from android reference",
                        "full_description": "Unknown permission from android reference",
                        "permission_type": "normal"
                    },
                    "com.anddoes.launcher.permission.WRITE_SETTINGS": {
                        "short_description": "Unknown permission from android reference",
                        "full_description": "Unknown permission from android reference",
                        "permission_type": "normal"
                    },
                    "android.permission.SYSTEM_ALERT_WINDOW": {
                        "short_description": "draw over other apps",
                        "full_description": "Allows the app to draw on top of other\n        applications or parts of the user interface.  They may interfere with your\n        use of the interface in any application, or change what you think you are\n        seeing in other applications.",
                        "permission_type": "dangerous"
                    },
                    "com.huawei.android.launcher.permission.READ_SETTINGS": {
                        "short_description": "Unknown permission from android reference",
                        "full_description": "Unknown permission from android reference",
                        "permission_type": "normal"
                    },
                    "android.permission.WRITE_EXTERNAL_STORAGE": {
                        "short_description": "modify or delete the contents of your SD card",
                        "full_description": "Allows the app to write to the SD card.",
                        "permission_type": "dangerous"
                    },
                    "com.huawei.launcher3.permission.WRITE_SETTINGS": {
                        "short_description": "Unknown permission from android reference",
                        "full_description": "Unknown permission from android reference",
                        "permission_type": "normal"
                    },
                    "com.tencent.qqlauncher.permission.READ_SETTINGS": {
                        "short_description": "Unknown permission from android reference",
                        "full_description": "Unknown permission from android reference",
                        "permission_type": "normal"
                    },
                    "android.permission.ACCESS_WIFI_STATE": {
                        "short_description": "view Wi-Fi connections",
                        "full_description": "Allows the app to view information\n      about Wi-Fi networking, such as whether Wi-Fi is enabled and name of\n      connected Wi-Fi devices.",
                        "permission_type": "normal"
                    },
                    "com.lge.launcher.permission.READ_SETTINGS": {
                        "short_description": "Unknown permission from android reference",
                        "full_description": "Unknown permission from android reference",
                        "permission_type": "normal"
                    },
                    "android.permission.WAKE_LOCK": {
                        "short_description": "prevent phone from sleeping",
                        "full_description": "Allows the app to prevent the phone from going to sleep.",
                        "permission_type": "normal"
                    },
                    "com.fede.launcher.permission.READ_SETTINGS": {
                        "short_description": "Unknown permission from android reference",
                        "full_description": "Unknown permission from android reference",
                        "permission_type": "normal"
                    },
                    "org.adw.launcher.permission.WRITE_SETTINGS": {
                        "short_description": "Unknown permission from android reference",
                        "full_description": "Unknown permission from android reference",
                        "permission_type": "normal"
                    },
                    "com.android.launcher2.permission.WRITE_SETTINGS": {
                        "short_description": "Unknown permission from android reference",
                        "full_description": "Unknown permission from android reference",
                        "permission_type": "normal"
                    },
                    "android.permission.CHANGE_WIFI_STATE": {
                        "short_description": "connect and disconnect from Wi-Fi",
                        "full_description": "Allows the app to connect to and\n      disconnect from Wi-Fi access points and to make changes to device\n      configuration for Wi-Fi networks.",
                        "permission_type": "dangerous"
                    },
                    "com.ebproductions.android.launcher.permission.WRITE_SETTINGS": {
                        "short_description": "Unknown permission from android reference",
                        "full_description": "Unknown permission from android reference",
                        "permission_type": "normal"
                    },
                    "android.permission.READ_CONTACTS": {
                        "short_description": "read your contacts",
                        "full_description": "Allows the app to\n      read data about your contacts stored on your phone, including the\n      frequency with which you've called, emailed, or communicated in other ways\n      with specific individuals. This permission allows apps to save your\n      contact data, and malicious apps may share contact data without your\n      knowledge.",
                        "permission_type": "dangerous"
                    },
                    "telecom.mdesk.permission.WRITE_SETTINGS": {
                        "short_description": "Unknown permission from android reference",
                        "full_description": "Unknown permission from android reference",
                        "permission_type": "normal"
                    },
                    "android.permission.RUN_INSTRUMENTATION": {
                        "short_description": "Unknown permission from android reference",
                        "full_description": "Unknown permission from android reference",
                        "permission_type": "normal"
                    },
                    "android.permission.WRITE_APN_SETTINGS": {
                        "short_description": "change/intercept network settings and traffic",
                        "full_description": "Allows the app to change network settings and to intercept and inspect all network traffic,\n      for example to change the proxy and port of any APN. Malicious apps may monitor, redirect, or modify network\n      packets without your knowledge.",
                        "permission_type": "signature|system"
                    },
                    "android.permission.DOWNLOAD_WITHOUT_NOTIFICATION": {
                        "short_description": "Unknown permission from android reference",
                        "full_description": "Unknown permission from android reference",
                        "permission_type": "normal"
                    },
                    "org.adwfreak.launcher.permission.READ_SETTINGS": {
                        "short_description": "Unknown permission from android reference",
                        "full_description": "Unknown permission from android reference",
                        "permission_type": "normal"
                    },
                    "com.android.launcher3.permission.WRITE_SETTINGS": {
                        "short_description": "Unknown permission from android reference",
                        "full_description": "Unknown permission from android reference",
                        "permission_type": "normal"
                    },
                    "android.permission.GET_ACCOUNTS": {
                        "short_description": "find accounts on the device",
                        "full_description": "Allows the app to get\n      the list of accounts known by the phone.  This may include any accounts\n      created by applications you have installed.",
                        "permission_type": "normal"
                    }
                },
                "Receivers": [
                    "com.ehoo.sms.receiver.BootReceiver",
                    "com.skymobi.pay.sdk.normal.zimon.EpsReceiver",
                    "com.android.sdk.t3.MsgReceiver",
                    "com.xhoy.znhw.afrfuw.a.a.c.b"
                ]
            },
            "magic": "Zip archive data, at least v2.0 to extract",
            "last_analysis_stats": {
                "harmless": 0,
                "type-unsupported": 8,
                "suspicious": 0,
                "confirmed-timeout": 0,
                "timeout": 0,
                "failure": 2,
                "malicious": 31,
                "undetected": 32
            },
            "meaningful_name": "09390",
            "reputation": 0
        },
        "type": "file",
        "id": "0002604f9aa167ee58757e61d3cbbd1052c71e57d5258ed1f315f540a2feb3b5",
        "links": {
            "self": "https://www.virustotal.com/api/v3/files/0002604f9aa167ee58757e61d3cbbd1052c71e57d5258ed1f315f540a2feb3b5"
        }
    }
}