{
    "data": {
        "attributes": {
            "type_description": "Android",
            "vhash": "2d55ba61d20664e178da2bcefeed7e84",
            "trid": [
                {
                    "file_type": "Android Package",
                    "probability": 57.0
                },
                {
                    "file_type": "Java Archive",
                    "probability": 20.0
                },
                {
                    "file_type": "Sweet Home 3D design (generic)",
                    "probability": 15.5
                },
                {
                    "file_type": "ZIP compressed archive",
                    "probability": 5.9
                },
                {
                    "file_type": "PrintFox/Pagefox bitmap (var. P)",
                    "probability": 1.4
                }
            ],
            "names": [
                "000328119cd7b5163660f2dc627119b9f154b8ac41f7a566ef3f0c3a22394a84.apk"
            ],
            "last_modification_date": 1605941085,
            "type_tag": "android",
            "times_submitted": 2,
            "total_votes": {
                "harmless": 0,
                "malicious": 0
            },
            "size": 3123184,
            "type_extension": "apk",
            "last_submission_date": 1541359374,
            "last_analysis_results": {
                "Bkav": {
                    "category": "undetected",
                    "engine_name": "Bkav",
                    "engine_version": "1.3.0.9899",
                    "result": null,
                    "method": "blacklist",
                    "engine_update": "20200601"
                },
                "Lionic": {
                    "category": "undetected",
                    "engine_name": "AegisLab",
                    "engine_version": "4.2",
                    "result": null,
                    "method": "blacklist",
                    "engine_update": "20200602"
                },
                "MicroWorld-eScan": {
                    "category": "undetected",
                    "engine_name": "MicroWorld-eScan",
                    "engine_version": "14.0.409.0",
                    "result": null,
                    "method": "blacklist",
                    "engine_update": "20200602"
                },
                "FireEye": {
                    "category": "undetected",
                    "engine_name": "FireEye",
                    "engine_version": "32.31.0.0",
                    "result": null,
                    "method": "blacklist",
                    "engine_update": "20200602"
                },
                "CAT-QuickHeal": {
                    "category": "undetected",
                    "engine_name": "CAT-QuickHeal",
                    "engine_version": "14.00",
                    "result": null,
                    "method": "blacklist",
                    "engine_update": "20200601"
                },
                "McAfee": {
                    "category": "undetected",
                    "engine_name": "McAfee",
                    "engine_version": "6.0.6.653",
                    "result": null,
                    "method": "blacklist",
                    "engine_update": "20200602"
                },
                "Malwarebytes": {
                    "category": "undetected",
                    "engine_name": "Malwarebytes",
                    "engine_version": "3.6.4.335",
                    "result": null,
                    "method": "blacklist",
                    "engine_update": "20200602"
                },
                "Zillya": {
                    "category": "undetected",
                    "engine_name": "Zillya",
                    "engine_version": "2.0.0.4101",
                    "result": null,
                    "method": "blacklist",
                    "engine_update": "20200601"
                },
                "Paloalto": {
                    "category": "type-unsupported",
                    "engine_name": "Paloalto",
                    "engine_version": "1.0",
                    "result": null,
                    "method": "blacklist",
                    "engine_update": "20200602"
                },
                "Sangfor": {
                    "category": "undetected",
                    "engine_name": "Sangfor",
                    "engine_version": "1.0",
                    "result": null,
                    "method": "blacklist",
                    "engine_update": "20200423"
                },
                "Trustlook": {
                    "category": "malicious",
                    "engine_name": "Trustlook",
                    "engine_version": "1.0",
                    "result": "Android.Malware.General (score:6)",
                    "method": "blacklist",
                    "engine_update": "20200602"
                },
                "Alibaba": {
                    "category": "undetected",
                    "engine_name": "Alibaba",
                    "engine_version": "0.3.0.5",
                    "result": null,
                    "method": "blacklist",
                    "engine_update": "20190527"
                },
                "K7GW": {
                    "category": "undetected",
                    "engine_name": "K7GW",
                    "engine_version": "11.113.34271",
                    "result": null,
                    "method": "blacklist",
                    "engine_update": "20200601"
                },
                "K7AntiVirus": {
                    "category": "undetected",
                    "engine_name": "K7AntiVirus",
                    "engine_version": "11.113.34271",
                    "result": null,
                    "method": "blacklist",
                    "engine_update": "20200601"
                },
                "Invincea": {
                    "category": "type-unsupported",
                    "engine_name": "Invincea",
                    "engine_version": "6.3.6.26157",
                    "result": null,
                    "method": "blacklist",
                    "engine_update": "20200502"
                },
                "BitDefenderTheta": {
                    "category": "undetected",
                    "engine_name": "BitDefenderTheta",
                    "engine_version": "7.2.37796.0",
                    "result": null,
                    "method": "blacklist",
                    "engine_update": "20200521"
                },
                "Cyren": {
                    "category": "undetected",
                    "engine_name": "Cyren",
                    "engine_version": "6.3.0.2",
                    "result": null,
                    "method": "blacklist",
                    "engine_update": "20200602"
                },
                "SymantecMobileInsight": {
                    "category": "malicious",
                    "engine_name": "SymantecMobileInsight",
                    "engine_version": "2.0",
                    "result": "AdLibrary:Generisk",
                    "method": "blacklist",
                    "engine_update": "20200527"
                },
                "Symantec": {
                    "category": "undetected",
                    "engine_name": "Symantec",
                    "engine_version": "1.11.0.0",
                    "result": null,
                    "method": "blacklist",
                    "engine_update": "20200601"
                },
                "TotalDefense": {
                    "category": "undetected",
                    "engine_name": "TotalDefense",
                    "engine_version": "37.1.62.1",
                    "result": null,
                    "method": "blacklist",
                    "engine_update": "20200601"
                },
                "Baidu": {
                    "category": "undetected",
                    "engine_name": "Baidu",
                    "engine_version": "1.0.0.2",
                    "result": null,
                    "method": "blacklist",
                    "engine_update": "20190318"
                },
                "TrendMicro-HouseCall": {
                    "category": "undetected",
                    "engine_name": "TrendMicro-HouseCall",
                    "engine_version": "10.0.0.1040",
                    "result": null,
                    "method": "blacklist",
                    "engine_update": "20200602"
                },
                "Avast": {
                    "category": "undetected",
                    "engine_name": "Avast",
                    "engine_version": "18.4.3895.0",
                    "result": null,
                    "method": "blacklist",
                    "engine_update": "20200602"
                },
                "ClamAV": {
                    "category": "undetected",
                    "engine_name": "ClamAV",
                    "engine_version": "0.102.3.0",
                    "result": null,
                    "method": "blacklist",
                    "engine_update": "20200601"
                },
                "Kaspersky": {
                    "category": "undetected",
                    "engine_name": "Kaspersky",
                    "engine_version": "15.0.1.13",
                    "result": null,
                    "method": "blacklist",
                    "engine_update": "20200602"
                },
                "BitDefender": {
                    "category": "undetected",
                    "engine_name": "BitDefender",
                    "engine_version": "7.2",
                    "result": null,
                    "method": "blacklist",
                    "engine_update": "20200602"
                },
                "NANO-Antivirus": {
                    "category": "undetected",
                    "engine_name": "NANO-Antivirus",
                    "engine_version": "1.0.134.25112",
                    "result": null,
                    "method": "blacklist",
                    "engine_update": "20200602"
                },
                "SUPERAntiSpyware": {
                    "category": "undetected",
                    "engine_name": "SUPERAntiSpyware",
                    "engine_version": "5.6.0.1032",
                    "result": null,
                    "method": "blacklist",
                    "engine_update": "20200530"
                },
                "APEX": {
                    "category": "type-unsupported",
                    "engine_name": "APEX",
                    "engine_version": "6.29",
                    "result": null,
                    "method": "blacklist",
                    "engine_update": "20200601"
                },
                "Tencent": {
                    "category": "undetected",
                    "engine_name": "Tencent",
                    "engine_version": "1.0.0.1",
                    "result": null,
                    "method": "blacklist",
                    "engine_update": "20200602"
                },
                "Ad-Aware": {
                    "category": "undetected",
                    "engine_name": "Ad-Aware",
                    "engine_version": "3.0.5.370",
                    "result": null,
                    "method": "blacklist",
                    "engine_update": "20200602"
                },
                "Emsisoft": {
                    "category": "undetected",
                    "engine_name": "Emsisoft",
                    "engine_version": "2018.12.0.1641",
                    "result": null,
                    "method": "blacklist",
                    "engine_update": "20200602"
                },
                "Comodo": {
                    "category": "undetected",
                    "engine_name": "Comodo",
                    "engine_version": "32497",
                    "result": null,
                    "method": "blacklist",
                    "engine_update": "20200602"
                },
                "F-Secure": {
                    "category": "undetected",
                    "engine_name": "F-Secure",
                    "engine_version": "12.0.86.52",
                    "result": null,
                    "method": "blacklist",
                    "engine_update": "20200601"
                },
                "DrWeb": {
                    "category": "undetected",
                    "engine_name": "DrWeb",
                    "engine_version": "7.0.46.3050",
                    "result": null,
                    "method": "blacklist",
                    "engine_update": "20200602"
                },
                "VIPRE": {
                    "category": "undetected",
                    "engine_name": "VIPRE",
                    "engine_version": "84162",
                    "result": null,
                    "method": "blacklist",
                    "engine_update": "20200602"
                },
                "TrendMicro": {
                    "category": "undetected",
                    "engine_name": "TrendMicro",
                    "engine_version": "11.0.0.1006",
                    "result": null,
                    "method": "blacklist",
                    "engine_update": "20200602"
                },
                "McAfee-GW-Edition": {
                    "category": "undetected",
                    "engine_name": "McAfee-GW-Edition",
                    "engine_version": "v2017.3010",
                    "result": null,
                    "method": "blacklist",
                    "engine_update": "20200601"
                },
                "Fortinet": {
                    "category": "undetected",
                    "engine_name": "Fortinet",
                    "engine_version": "6.2.142.0",
                    "result": null,
                    "method": "blacklist",
                    "engine_update": "20200602"
                },
                "Trapmine": {
                    "category": "type-unsupported",
                    "engine_name": "Trapmine",
                    "engine_version": "3.2.25.947",
                    "result": null,
                    "method": "blacklist",
                    "engine_update": "20200505"
                },
                "CMC": {
                    "category": "undetected",
                    "engine_name": "CMC",
                    "engine_version": "1.1.0.977",
                    "result": null,
                    "method": "blacklist",
                    "engine_update": "20190321"
                },
                "Sophos": {
                    "category": "undetected",
                    "engine_name": "Sophos",
                    "engine_version": "4.98.0",
                    "result": null,
                    "method": "blacklist",
                    "engine_update": "20200601"
                },
                "Ikarus": {
                    "category": "malicious",
                    "engine_name": "Ikarus",
                    "engine_version": "0.1.5.2",
                    "result": "PUA.AndroidOS.Secapk",
                    "method": "blacklist",
                    "engine_update": "20200601"
                },
                "F-Prot": {
                    "category": "undetected",
                    "engine_name": "F-Prot",
                    "engine_version": "4.7.1.166",
                    "result": null,
                    "method": "blacklist",
                    "engine_update": "20200602"
                },
                "Jiangmin": {
                    "category": "undetected",
                    "engine_name": "Jiangmin",
                    "engine_version": "16.0.100",
                    "result": null,
                    "method": "blacklist",
                    "engine_update": "20200601"
                },
                "Webroot": {
                    "category": "type-unsupported",
                    "engine_name": "Webroot",
                    "engine_version": "1.0.0.403",
                    "result": null,
                    "method": "blacklist",
                    "engine_update": "20200602"
                },
                "Avira": {
                    "category": "undetected",
                    "engine_name": "Avira",
                    "engine_version": "8.3.3.8",
                    "result": null,
                    "method": "blacklist",
                    "engine_update": "20200602"
                },
                "eGambit": {
                    "category": "type-unsupported",
                    "engine_name": "eGambit",
                    "engine_version": null,
                    "result": null,
                    "method": "blacklist",
                    "engine_update": "20200602"
                },
                "MAX": {
                    "category": "undetected",
                    "engine_name": "MAX",
                    "engine_version": "2019.9.16.1",
                    "result": null,
                    "method": "blacklist",
                    "engine_update": "20200602"
                },
                "Antiy-AVL": {
                    "category": "undetected",
                    "engine_name": "Antiy-AVL",
                    "engine_version": "3.0.0.1",
                    "result": null,
                    "method": "blacklist",
                    "engine_update": "20200602"
                },
                "Kingsoft": {
                    "category": "undetected",
                    "engine_name": "Kingsoft",
                    "engine_version": "2013.8.14.323",
                    "result": null,
                    "method": "blacklist",
                    "engine_update": "20200602"
                },
                "Endgame": {
                    "category": "type-unsupported",
                    "engine_name": "Endgame",
                    "engine_version": "4.0.4",
                    "result": null,
                    "method": "blacklist",
                    "engine_update": "20200530"
                },
                "Arcabit": {
                    "category": "undetected",
                    "engine_name": "Arcabit",
                    "engine_version": "1.0.0.875",
                    "result": null,
                    "method": "blacklist",
                    "engine_update": "20200601"
                },
                "ViRobot": {
                    "category": "undetected",
                    "engine_name": "ViRobot",
                    "engine_version": "2014.3.20.0",
                    "result": null,
                    "method": "blacklist",
                    "engine_update": "20200601"
                },
                "ZoneAlarm": {
                    "category": "undetected",
                    "engine_name": "ZoneAlarm",
                    "engine_version": "1.0",
                    "result": null,
                    "method": "blacklist",
                    "engine_update": "20200602"
                },
                "Avast-Mobile": {
                    "category": "undetected",
                    "engine_name": "Avast-Mobile",
                    "engine_version": "200601-00",
                    "result": null,
                    "method": "blacklist",
                    "engine_update": "20200601"
                },
                "Microsoft": {
                    "category": "undetected",
                    "engine_name": "Microsoft",
                    "engine_version": "1.1.17100.2",
                    "result": null,
                    "method": "blacklist",
                    "engine_update": "20200602"
                },
                "AhnLab-V3": {
                    "category": "malicious",
                    "engine_name": "AhnLab-V3",
                    "engine_version": "3.17.6.27456",
                    "result": "PUP/Android.Malct.558172",
                    "method": "blacklist",
                    "engine_update": "20200601"
                },
                "Acronis": {
                    "category": "type-unsupported",
                    "engine_name": "Acronis",
                    "engine_version": "1.1.1.76",
                    "result": null,
                    "method": "blacklist",
                    "engine_update": "20200529"
                },
                "VBA32": {
                    "category": "undetected",
                    "engine_name": "VBA32",
                    "engine_version": "4.4.1",
                    "result": null,
                    "method": "blacklist",
                    "engine_update": "20200601"
                },
                "ALYac": {
                    "category": "undetected",
                    "engine_name": "ALYac",
                    "engine_version": "1.1.1.5",
                    "result": null,
                    "method": "blacklist",
                    "engine_update": "20200601"
                },
                "TACHYON": {
                    "category": "undetected",
                    "engine_name": "TACHYON",
                    "engine_version": "2020-06-02.01",
                    "result": null,
                    "method": "blacklist",
                    "engine_update": "20200602"
                },
                "Cylance": {
                    "category": "type-unsupported",
                    "engine_name": "Cylance",
                    "engine_version": "2.3.1.101",
                    "result": null,
                    "method": "blacklist",
                    "engine_update": "20200602"
                },
                "Zoner": {
                    "category": "undetected",
                    "engine_name": "Zoner",
                    "engine_version": "0.0.0.0",
                    "result": null,
                    "method": "blacklist",
                    "engine_update": "20200601"
                },
                "ESET-NOD32": {
                    "category": "undetected",
                    "engine_name": "ESET-NOD32",
                    "engine_version": "21425",
                    "result": null,
                    "method": "blacklist",
                    "engine_update": "20200602"
                },
                "Rising": {
                    "category": "undetected",
                    "engine_name": "Rising",
                    "engine_version": "25.0.0.25",
                    "result": null,
                    "method": "blacklist",
                    "engine_update": "20200602"
                },
                "Yandex": {
                    "category": "undetected",
                    "engine_name": "Yandex",
                    "engine_version": "5.5.2.24",
                    "result": null,
                    "method": "blacklist",
                    "engine_update": "20200601"
                },
                "SentinelOne": {
                    "category": "undetected",
                    "engine_name": "SentinelOne",
                    "engine_version": "4.3.0.105",
                    "result": null,
                    "method": "blacklist",
                    "engine_update": "20200601"
                },
                "MaxSecure": {
                    "category": "undetected",
                    "engine_name": "MaxSecure",
                    "engine_version": "1.0.0.1",
                    "result": null,
                    "method": "blacklist",
                    "engine_update": "20200529"
                },
                "GData": {
                    "category": "undetected",
                    "engine_name": "GData",
                    "engine_version": "A:25.25808B:26.18944",
                    "result": null,
                    "method": "blacklist",
                    "engine_update": "20200602"
                },
                "AVG": {
                    "category": "undetected",
                    "engine_name": "AVG",
                    "engine_version": "18.4.3895.0",
                    "result": null,
                    "method": "blacklist",
                    "engine_update": "20200602"
                },
                "Cybereason": {
                    "category": "type-unsupported",
                    "engine_name": "Cybereason",
                    "engine_version": "1.2.449",
                    "result": null,
                    "method": "blacklist",
                    "engine_update": "20190616"
                },
                "Panda": {
                    "category": "undetected",
                    "engine_name": "Panda",
                    "engine_version": "4.6.4.2",
                    "result": null,
                    "method": "blacklist",
                    "engine_update": "20200601"
                },
                "CrowdStrike": {
                    "category": "type-unsupported",
                    "engine_name": "CrowdStrike",
                    "engine_version": "1.0",
                    "result": null,
                    "method": "blacklist",
                    "engine_update": "20190702"
                },
                "Qihoo-360": {
                    "category": "undetected",
                    "engine_name": "Qihoo-360",
                    "engine_version": "1.0.0.1120",
                    "result": null,
                    "method": "blacklist",
                    "engine_update": "20200602"
                }
            },
            "sha256": "000328119cd7b5163660f2dc627119b9f154b8ac41f7a566ef3f0c3a22394a84",
            "tags": [
                "apk",
                "android",
                "contains-elf"
            ],
            "last_analysis_date": 1591064502,
            "unique_sources": 2,
            "first_submission_date": 1539069791,
            "sha1": "0e356ee641598f87517e665906f011c346ff6712",
            "ssdeep": "49152:b/fFVcjsJGXiYGVVaGbegj3c3fhnqINOiuC/NKQDvsKatU5d/aminVlqK52C:b/fPcjh0j3cvhnRKC/NKQzsPDVx5P",
            "bundle_info": {
                "highest_datetime": "2016-01-08 10:18:42",
                "lowest_datetime": "2015-12-02 10:27:16",
                "num_children": 573,
                "extensions": {
                    "xml": 232,
                    "bin": 1,
                    "MF": 1,
                    "jar": 1,
                    "db": 3,
                    "RSA": 1,
                    "jpg": 8,
                    "dex": 1,
                    "so": 1,
                    "cer": 2,
                    "txt": 3,
                    "SF": 1,
                    "png": 310
                },
                "file_types": {
                    "XML": 232,
                    "DEX": 1,
                    "ZIP": 1,
                    "unknown": 11,
                    "ELF": 5,
                    "JPG": 8,
                    "JSON": 5,
                    "PNG": 310
                },
                "type": "APK",
                "uncompressed_size": 5223477
            },
            "packers": {
                "F-PROT": "appended, packed"
            },
            "md5": "c0e6016b65504b20d2f8a2121a7ea9ce",
            "androguard": {
                "Activities": [
                    "com.umeng.update.UpdateDialogActivity",
                    "com.honsend.chemistry.activity.WelcomeActivity",
                    "com.honsend.chemistry.activity.HomeMainActivity",
                    "com.honsend.chemistry.activity.FeedBackActivity",
                    "com.honsend.chemistry.activity.UserMainActivity",
                    "com.honsend.chemistry.activity.SettingsMainActivity",
                    "com.honsend.chemistry.activity.EnterpriseInfoActivity",
                    "com.honsend.chemistry.activity.PurchaseDetailActicity",
                    "com.honsend.chemistry.activity.SupplyDetailActivity",
                    "com.honsend.chemistry.activity.ReleaseOrderAcitivity",
                    "com.honsend.chemistry.activity.ReleaseSupplyAcitivity",
                    "com.honsend.chemistry.activity.SearchMainActivity",
                    "com.honsend.chemistry.activity.MyOrdersActivity",
                    "com.honsend.chemistry.activity.TradeOrderSubActivity",
                    "com.honsend.chemistry.activity.UserInfoActivity",
                    "com.honsend.chemistry.activity.AddressSelectActivity",
                    "com.honsend.chemistry.activity.FocusInfoActivity",
                    "com.honsend.chemistry.activity.WebActivity",
                    "com.honsend.chemistry.activity.AppIntroductionActivity",
                    "com.honsend.chemistry.activity.WebDemoActivity",
                    "com.tencent.tauth.AuthActivity",
                    "com.tencent.connect.common.AssistActivity",
                    "com.honsend.chemistry.WBShareActivity",
                    "com.sina.weibo.sdk.component.WeiboSdkBrowser"
                ],
                "AndroidVersionCode": "1",
                "main_activity": "com.honsend.chemistry.activity.WelcomeActivity",
                "certificate": {
                    "Subject": {
                        "DN": "C:CN, CN:lol, L:sz, O:zxh, ST:sz, OU:zxh",
                        "C": "CN",
                        "CN": "lol",
                        "L": "sz",
                        "O": "zxh",
                        "ST": "sz",
                        "OU": "zxh"
                    },
                    "validto": "2113-12-21 03:53:26",
                    "serialnumber": "66294574",
                    "thumbprint": "6ec48bb8f1a0213fb77c6b3d463186d21f268677",
                    "validfrom": "2014-01-14 03:53:26",
                    "Issuer": {
                        "DN": "C:CN, CN:lol, L:sz, O:zxh, ST:sz, OU:zxh",
                        "C": "CN",
                        "CN": "lol",
                        "L": "sz",
                        "O": "zxh",
                        "ST": "sz",
                        "OU": "zxh"
                    }
                },
                "VTAndroidInfo": 1.41,
                "Package": "com.honsend.chemistry",
                "intent_filters": {
                    "Services": {},
                    "Activities": {
                        "com.honsend.chemistry.WBShareActivity": {
                            "action": [
                                "com.sina.weibo.sdk.action.ACTION_SDK_REQ_ACTIVITY"
                            ],
                            "category": [
                                "android.intent.category.DEFAULT"
                            ]
                        },
                        "com.honsend.chemistry.activity.WelcomeActivity": {
                            "action": [
                                "android.intent.action.MAIN"
                            ],
                            "category": [
                                "android.intent.category.LAUNCHER"
                            ]
                        },
                        "com.tencent.tauth.AuthActivity": {
                            "action": [
                                "android.intent.action.VIEW"
                            ],
                            "category": [
                                "android.intent.category.DEFAULT",
                                "android.intent.category.BROWSABLE"
                            ]
                        }
                    },
                    "Receivers": {}
                },
                "permission_details": {
                    "android.permission.ACCESS_FINE_LOCATION": {
                        "short_description": "fine (GPS) location",
                        "full_description": "Access fine location sources, such as the Global Positioning System on the phone, where available. Malicious applications can use this to determine where you are and may consume additional battery power.",
                        "permission_type": "dangerous"
                    },
                    "android.permission.READ_EXTERNAL_STORAGE": {
                        "short_description": "read from external storage",
                        "full_description": "Allows an application to read from external storage",
                        "permission_type": "normal"
                    },
                    "android.permission.WRITE_SETTINGS": {
                        "short_description": "modify global system settings",
                        "full_description": "Allows an application to modify the system's settings data. Malicious applications can corrupt your system's configuration.",
                        "permission_type": "normal"
                    },
                    "android.permission.INTERNET": {
                        "short_description": "full Internet access",
                        "full_description": "Allows an application to create network sockets.",
                        "permission_type": "dangerous"
                    },
                    "com.android.launcher.permission.READ_SETTINGS": {
                        "short_description": "Unknown permission from android reference",
                        "full_description": "Unknown permission from android reference",
                        "permission_type": "normal"
                    },
                    "android.permission.READ_LOGS": {
                        "short_description": "read sensitive log data",
                        "full_description": "Allows an application to read from the system's various log files. This allows it to discover general information about what you are doing with the phone, potentially including personal or private information.",
                        "permission_type": "signatureOrSystemOrDevelopment"
                    },
                    "android.permission.CAMERA": {
                        "short_description": "take pictures and videos",
                        "full_description": "Allows application to take pictures and videos with the camera. This allows the application to collect images that the camera is seeing at any time.",
                        "permission_type": "dangerous"
                    },
                    "android.permission.ACCESS_COARSE_LOCATION": {
                        "short_description": "coarse (network-based) location",
                        "full_description": "Access coarse location sources, such as the mobile network database, to determine an approximate phone location, where available. Malicious applications can use this to determine approximately where you are.",
                        "permission_type": "dangerous"
                    },
                    "android.permission.WAKE_LOCK": {
                        "short_description": "prevent phone from sleeping",
                        "full_description": "Allows an application to prevent the phone from going to sleep.",
                        "permission_type": "normal"
                    },
                    "android.permission.GET_TASKS": {
                        "short_description": "retrieve running applications",
                        "full_description": "Allows application to retrieve information about currently and recently running tasks. May allow malicious applications to discover private information about other applications.",
                        "permission_type": "dangerous"
                    },
                    "android.permission.CALL_PHONE": {
                        "short_description": "directly call phone numbers",
                        "full_description": "Allows an application to initiate a phone call without going through the Dialer user interface for the user to confirm the call being placed. ",
                        "permission_type": "dangerous"
                    },
                    "android.permission.CHANGE_WIFI_STATE": {
                        "short_description": "change Wi-Fi status",
                        "full_description": "Allows an application to connect to and disconnect from Wi-Fi access points and to make changes to configured Wi-Fi networks.",
                        "permission_type": "dangerous"
                    },
                    "android.permission.ACCESS_WIFI_STATE": {
                        "short_description": "view Wi-Fi status",
                        "full_description": "Allows an application to view the information about the status of Wi-Fi.",
                        "permission_type": "normal"
                    },
                    "android.permission.READ_PHONE_STATE": {
                        "short_description": "read phone state and identity",
                        "full_description": "Allows the application to access the phone features of the device. An application with this permission can determine the phone number and serial number of this phone, whether a call is active, the number that call is connected to and so on.",
                        "permission_type": "dangerous"
                    },
                    "android.permission.ACCESS_NETWORK_STATE": {
                        "short_description": "view network status",
                        "full_description": "Allows an application to view the status of all networks.",
                        "permission_type": "normal"
                    },
                    "android.permission.MOUNT_UNMOUNT_FILESYSTEMS": {
                        "short_description": "mount and unmount file systems",
                        "full_description": "Allows the application to mount and unmount file systems for removable storage.",
                        "permission_type": "signatureOrSystem"
                    },
                    "android.permission.WRITE_EXTERNAL_STORAGE": {
                        "short_description": "modify/delete SD card contents",
                        "full_description": "Allows an application to write to the SD card.",
                        "permission_type": "dangerous"
                    }
                },
                "AndroidApplication": 1,
                "StringsInformation": [
                    "http://",
                    "http://alog.umeng.co/app_logs",
                    "http://alog.umeng.com/app_logs",
                    "http://api.lianhuanet.com",
                    "http://api.lianhuanet.com/about_us.html",
                    "http://api.lianhuanet.com/activity_center.html",
                    "http://api.lianhuanet.com/user_protocol.html",
                    "http://api.lianhuanet.com/v1",
                    "http://api.lianhuanet.com/v1/advert/getInfo",
                    "http://api.lianhuanet.com/v1/common/feedback",
                    "http://api.lianhuanet.com/v1/common/getEnumType",
                    "http://api.lianhuanet.com/v1/common/getProductType",
                    "http://api.lianhuanet.com/v1/company/getInfo",
                    "http://api.lianhuanet.com/v1/company/save",
                    "http://api.lianhuanet.com/v1/customer/getCaptcha",
                    "http://api.lianhuanet.com/v1/customer/getInfo",
                    "http://api.lianhuanet.com/v1/customer/login",
                    "http://api.lianhuanet.com/v1/customer/loginByToken",
                    "http://api.lianhuanet.com/v1/customer/modifyInfo",
                    "http://api.lianhuanet.com/v1/customer/modifyPassword",
                    "http://api.lianhuanet.com/v1/customer/register",
                    "http://api.lianhuanet.com/v1/customer/resetPassword",
                    "http://api.lianhuanet.com/v1/customer/uploadImg",
                    "http://api.lianhuanet.com/v1/focus/getInfo",
                    "http://api.lianhuanet.com/v1/focus/trendPhone?id=",
                    "http://api.lianhuanet.com/v1/member/getNewOrdersSign",
                    "http://api.lianhuanet.com/v1/member/getOrderAmountSurplus",
                    "http://api.lianhuanet.com/v1/member/publishOrders",
                    "http://api.lianhuanet.com/v1/member/publishOrdersSub",
                    "http://api.lianhuanet.com/v1/member/queryOrders",
                    "http://api.lianhuanet.com/v1/member/queryOrdersSub",
                    "http://api.lianhuanet.com/v1/orders/getRecommend",
                    "http://api.lianhuanet.com/v1/orders/query",
                    "http://api.lianhuanet.com/v1/system/checkVersion",
                    "http://api.lianhuanet.com/v1/system/splashActivity",
                    "http://api.lianhuanet.com/v1/upload/uploadImg",
                    "http://api.weibo.cn/2/client/common_config",
                    "http://api.weibo.com/oauth2/sms_authorize/send",
                    "http://api.weibo.com/oauth2/sms_authorize/submit",
                    "http://app.sina.cn/appdetail.php?appID=84560",
                    "http://appsupport.qq.com/cgi-bin/appstage/mstats_batch_report",
                    "http://appsupport.qq.com/cgi-bin/qzapps/mapp_addapp.cgi",
                    "http://au.umeng.co/api/check_app_update",
                    "http://au.umeng.com/api/check_app_update",
                    "http://c.isdspeed.qq.com/code.cgi",
                    "http://cgi.connect.qq.com/qqconnectopen/openapi/policy_conf",
                    "http://cgi.qplus.com/report/report",
                    "http://fusion.qq.com",
                    "http://fusion.qq.com/cgi-bin",
                    "http://fusion.qq.com/cgi-bin/prize_sharing/exchange_prize.cgi",
                    "http://fusion.qq.com/cgi-bin/prize_sharing/get_activity_state.cgi",
                    "http://fusion.qq.com/cgi-bin/prize_sharing/make_share_url.cgi",
                    "http://fusion.qq.com/cgi-bin/prize_sharing/query_unexchange_prize.cgi",
                    "http://fusion.qq.com/cgi-bin/qzapps/mapp_getappinfo.cgi",
                    "http://fusion.qq.com/cgi-bin/qzapps/unified_jump?appid=%1$s&from=%2$s&isOpenAppID=1",
                    "http://log.umsns.com/",
                    "http://log.umsns.com/share/api/",
                    "http://m.weibo.cn/reg/privacyagreement?from=h5&wm=3349",
                    "http://m.weibo.cn/reg/privacyagreement?from=h5&wm=3349&lang=",
                    "http://openmobile.qq.com/oauth2.0/m_authorize?",
                    "http://openmobile.qq.com/oauth2.0/m_jump_by_version?",
                    "http://pingma.qq.com:80/mstat/report",
                    "http://qzs.qq.com",
                    "http://qzs.qq.com/open/mobile/brag/sdk_brag.html?",
                    "http://qzs.qq.com/open/mobile/invite/sdk_invite.html?",
                    "http://qzs.qq.com/open/mobile/login/qzsjump.html?",
                    "http://qzs.qq.com/open/mobile/not_support.html?",
                    "http://qzs.qq.com/open/mobile/reactive/sdk_reactive.html?",
                    "http://qzs.qq.com/open/mobile/request/sdk_request.html?",
                    "http://qzs.qq.com/open/mobile/sdk_common/down_qq.htm?",
                    "http://qzs.qq.com/open/mobile/sendstory/sdk_sendstory_v1.3.html?",
                    "http://service.weibo.com/share/mobilesdk.php",
                    "http://service.weibo.com/share/mobilesdk_uppic.php",
                    "http://sns.whalecloud.com",
                    "http://weibo.cn/dpool/ttt/h5/regagreement.php?from=h5",
                    "http://weibo.cn/dpool/ttt/h5/regagreement.php?from=h5&lang=",
                    "http://weibo.cn/dpool/ttt/maps.php?xy=%s,%s&amp;size=320x320&amp;offset=%s",
                    "http://widget.weibo.com/distribution/socail_comments_sdk.php",
                    "http://widget.weibo.com/invitation/app.php?",
                    "http://widget.weibo.com/invitation/appinfo.php?",
                    "http://widget.weibo.com/relationship/followsdk.php",
                    "http://wspeed.qq.com/w.cgi",
                    "http://www.lianhuanet.com/cashSale/index?orderId=",
                    "http://www.lianhuanet.com/procurement/index?orderId=",
                    "http://www.pgyer.com/EWpa",
                    "http://www.umeng.com/social",
                    "https://",
                    "https://api.weibo.com/2/friendships/show.json",
                    "https://api.weibo.com/2/proxy/darwin/graph/game/",
                    "https://api.weibo.com/2/statuses/repost.json",
                    "https://api.weibo.com/2/statuses/update.json",
                    "https://api.weibo.com/2/statuses/upload.json",
                    "https://api.weibo.com/oauth2/access_token",
                    "https://api.weibo.com/oauth2/getaid.json",
                    "https://open.weibo.cn/oauth2/authorize?",
                    "https://openmobile.qq.com/",
                    "https://openmobile.qq.com/user/user_login_statis",
                    "https://openmobile.qq.com/v3/user/get_info"
                ],
                "AndroidApplicationError": false,
                "AndroidVersionName": "1.0.0",
                "RiskIndicator": {
                    "APK": {},
                    "PERM": {
                        "PRIVACY": 4,
                        "DANGEROUS": 4,
                        "NORMAL": 5,
                        "SIGNATUREORSYSTEM": 1,
                        "INTERNET": 1,
                        "SIGNATUREORSYSTEMORDEVELOPMENT": 1,
                        "GPS": 2
                    }
                },
                "Services": [
                    "com.umeng.update.net.DownloadingService",
                    "com.sina.weibo.sdk.net.DownloadService"
                ],
                "MinSdkVersion": "8",
                "TargetSdkVersion": "8",
                "AndroguardVersion": "3.0-dev",
                "AndroidApplicationInfo": "APK"
            },
            "magic": "Zip archive data, at least v2.0 to extract",
            "last_analysis_stats": {
                "harmless": 0,
                "type-unsupported": 11,
                "suspicious": 0,
                "confirmed-timeout": 0,
                "timeout": 0,
                "failure": 0,
                "malicious": 4,
                "undetected": 60
            },
            "meaningful_name": "000328119cd7b5163660f2dc627119b9f154b8ac41f7a566ef3f0c3a22394a84.apk",
            "reputation": 0
        },
        "type": "file",
        "id": "000328119cd7b5163660f2dc627119b9f154b8ac41f7a566ef3f0c3a22394a84",
        "links": {
            "self": "https://www.virustotal.com/api/v3/files/000328119cd7b5163660f2dc627119b9f154b8ac41f7a566ef3f0c3a22394a84"
        }
    }
}