{
    "data": {
        "attributes": {
            "type_description": "Android",
            "vhash": "d27b119c363c28d4cd39c8804a196600",
            "trid": [
                {
                    "file_type": "Android Package",
                    "probability": 63.6
                },
                {
                    "file_type": "Java Archive",
                    "probability": 17.5
                },
                {
                    "file_type": "Sweet Home 3D design (generic)",
                    "probability": 12.7
                },
                {
                    "file_type": "ZIP compressed archive",
                    "probability": 4.8
                },
                {
                    "file_type": "PrintFox/Pagefox bitmap (var. P)",
                    "probability": 1.2
                }
            ],
            "names": [
                "lolfasatine.zifaf-1.apk",
                "file"
            ],
            "last_modification_date": 1558728762,
            "type_tag": "android",
            "times_submitted": 2,
            "total_votes": {
                "harmless": 0,
                "malicious": 0
            },
            "size": 1938105,
            "popular_threat_classification": {
                "suggested_threat_label": "adware.revmob/andr",
                "popular_threat_category": [
                    {
                        "count": 4,
                        "value": "adware"
                    }
                ],
                "popular_threat_name": [
                    {
                        "count": 6,
                        "value": "revmob"
                    },
                    {
                        "count": 2,
                        "value": "andr"
                    }
                ]
            },
            "last_submission_date": 1516189491,
            "last_analysis_results": {
                "Bkav": {
                    "category": "undetected",
                    "engine_name": "Bkav",
                    "engine_version": "1.3.0.10239",
                    "result": null,
                    "method": "blacklist",
                    "engine_update": "20190523"
                },
                "Lionic": {
                    "category": "undetected",
                    "engine_name": "AegisLab",
                    "engine_version": "4.2",
                    "result": null,
                    "method": "blacklist",
                    "engine_update": "20190524"
                },
                "MicroWorld-eScan": {
                    "category": "undetected",
                    "engine_name": "MicroWorld-eScan",
                    "engine_version": "14.0.297.0",
                    "result": null,
                    "method": "blacklist",
                    "engine_update": "20190524"
                },
                "FireEye": {
                    "category": "undetected",
                    "engine_name": "FireEye",
                    "engine_version": "29.7.0.0",
                    "result": null,
                    "method": "blacklist",
                    "engine_update": "20190524"
                },
                "CAT-QuickHeal": {
                    "category": "malicious",
                    "engine_name": "CAT-QuickHeal",
                    "engine_version": "14.00",
                    "result": "Android.Agent.GEN23333 (PUP)",
                    "method": "blacklist",
                    "engine_update": "20190522"
                },
                "McAfee": {
                    "category": "undetected",
                    "engine_name": "McAfee",
                    "engine_version": "6.0.6.653",
                    "result": null,
                    "method": "blacklist",
                    "engine_update": "20190524"
                },
                "Malwarebytes": {
                    "category": "undetected",
                    "engine_name": "Malwarebytes",
                    "engine_version": "2.1.1.1115",
                    "result": null,
                    "method": "blacklist",
                    "engine_update": "20190524"
                },
                "Paloalto": {
                    "category": "type-unsupported",
                    "engine_name": "Paloalto",
                    "engine_version": "1.0",
                    "result": null,
                    "method": "blacklist",
                    "engine_update": "20190524"
                },
                "TheHacker": {
                    "category": "undetected",
                    "engine_name": "TheHacker",
                    "engine_version": "6.8.0.5.4232",
                    "result": null,
                    "method": "blacklist",
                    "engine_update": "20190522"
                },
                "BitDefender": {
                    "category": "undetected",
                    "engine_name": "BitDefender",
                    "engine_version": "7.2",
                    "result": null,
                    "method": "blacklist",
                    "engine_update": "20190524"
                },
                "K7GW": {
                    "category": "undetected",
                    "engine_name": "K7GW",
                    "engine_version": "11.45.31006",
                    "result": null,
                    "method": "blacklist",
                    "engine_update": "20190524"
                },
                "K7AntiVirus": {
                    "category": "undetected",
                    "engine_name": "K7AntiVirus",
                    "engine_version": "11.45.31006",
                    "result": null,
                    "method": "blacklist",
                    "engine_update": "20190524"
                },
                "Invincea": {
                    "category": "type-unsupported",
                    "engine_name": "Invincea",
                    "engine_version": "6.3.6.26157",
                    "result": null,
                    "method": "blacklist",
                    "engine_update": "20190313"
                },
                "Baidu": {
                    "category": "undetected",
                    "engine_name": "Baidu",
                    "engine_version": "1.0.0.2",
                    "result": null,
                    "method": "blacklist",
                    "engine_update": "20190318"
                },
                "Babable": {
                    "category": "undetected",
                    "engine_name": "Babable",
                    "engine_version": "9107201",
                    "result": null,
                    "method": "blacklist",
                    "engine_update": "20190424"
                },
                "F-Prot": {
                    "category": "undetected",
                    "engine_name": "F-Prot",
                    "engine_version": "4.7.1.166",
                    "result": null,
                    "method": "blacklist",
                    "engine_update": "20190524"
                },
                "SymantecMobileInsight": {
                    "category": "undetected",
                    "engine_name": "SymantecMobileInsight",
                    "engine_version": "2.0",
                    "result": null,
                    "method": "blacklist",
                    "engine_update": "20190523"
                },
                "Symantec": {
                    "category": "undetected",
                    "engine_name": "Symantec",
                    "engine_version": "1.9.0.0",
                    "result": null,
                    "method": "blacklist",
                    "engine_update": "20190524"
                },
                "ESET-NOD32": {
                    "category": "malicious",
                    "engine_name": "ESET-NOD32",
                    "engine_version": "19408",
                    "result": "a variant of Android/AdDisplay.RevMob.A potentially unwanted",
                    "method": "blacklist",
                    "engine_update": "20190524"
                },
                "APEX": {
                    "category": "type-unsupported",
                    "engine_name": "APEX",
                    "engine_version": "5.20",
                    "result": null,
                    "method": "blacklist",
                    "engine_update": "20190522"
                },
                "TrendMicro-HouseCall": {
                    "category": "undetected",
                    "engine_name": "TrendMicro-HouseCall",
                    "engine_version": "10.0.0.1040",
                    "result": null,
                    "method": "blacklist",
                    "engine_update": "20190524"
                },
                "Avast": {
                    "category": "undetected",
                    "engine_name": "Avast",
                    "engine_version": "18.4.3895.0",
                    "result": null,
                    "method": "blacklist",
                    "engine_update": "20190524"
                },
                "ClamAV": {
                    "category": "undetected",
                    "engine_name": "ClamAV",
                    "engine_version": "0.101.2.0",
                    "result": null,
                    "method": "blacklist",
                    "engine_update": "20190524"
                },
                "GData": {
                    "category": "undetected",
                    "engine_name": "GData",
                    "engine_version": "A:25.22085B:25.15154",
                    "result": null,
                    "method": "blacklist",
                    "engine_update": "20190524"
                },
                "Kaspersky": {
                    "category": "undetected",
                    "engine_name": "Kaspersky",
                    "engine_version": "15.0.1.13",
                    "result": null,
                    "method": "blacklist",
                    "engine_update": "20190524"
                },
                "Alibaba": {
                    "category": "undetected",
                    "engine_name": "Alibaba",
                    "engine_version": "0.3.0.4",
                    "result": null,
                    "method": "blacklist",
                    "engine_update": "20190513"
                },
                "NANO-Antivirus": {
                    "category": "malicious",
                    "engine_name": "NANO-Antivirus",
                    "engine_version": "1.0.134.24826",
                    "result": "Riskware.Android.Revmob.dyzsji",
                    "method": "blacklist",
                    "engine_update": "20190521"
                },
                "ViRobot": {
                    "category": "undetected",
                    "engine_name": "ViRobot",
                    "engine_version": "2014.3.20.0",
                    "result": null,
                    "method": "blacklist",
                    "engine_update": "20190524"
                },
                "Rising": {
                    "category": "undetected",
                    "engine_name": "Rising",
                    "engine_version": "25.0.0.24",
                    "result": null,
                    "method": "blacklist",
                    "engine_update": "20190524"
                },
                "Ad-Aware": {
                    "category": "undetected",
                    "engine_name": "Ad-Aware",
                    "engine_version": "3.0.5.370",
                    "result": null,
                    "method": "blacklist",
                    "engine_update": "20190524"
                },
                "Trustlook": {
                    "category": "malicious",
                    "engine_name": "Trustlook",
                    "engine_version": "1.0",
                    "result": "Android.Malware.General (score:9)",
                    "method": "blacklist",
                    "engine_update": "20190524"
                },
                "Sophos": {
                    "category": "undetected",
                    "engine_name": "Sophos",
                    "engine_version": "4.98.0",
                    "result": null,
                    "method": "blacklist",
                    "engine_update": "20190524"
                },
                "Comodo": {
                    "category": "undetected",
                    "engine_name": "Comodo",
                    "engine_version": "30913",
                    "result": null,
                    "method": "blacklist",
                    "engine_update": "20190524"
                },
                "F-Secure": {
                    "category": "malicious",
                    "engine_name": "F-Secure",
                    "engine_version": "12.0.86.52",
                    "result": "Adware.ADWARE/ANDR.RevMob",
                    "method": "blacklist",
                    "engine_update": "20190524"
                },
                "DrWeb": {
                    "category": "undetected",
                    "engine_name": "DrWeb",
                    "engine_version": "7.0.34.11020",
                    "result": null,
                    "method": "blacklist",
                    "engine_update": "20190524"
                },
                "Zillya": {
                    "category": "undetected",
                    "engine_name": "Zillya",
                    "engine_version": "2.0.0.3816",
                    "result": null,
                    "method": "blacklist",
                    "engine_update": "20190523"
                },
                "TrendMicro": {
                    "category": "undetected",
                    "engine_name": "TrendMicro",
                    "engine_version": "10.0.0.1040",
                    "result": null,
                    "method": "blacklist",
                    "engine_update": "20190524"
                },
                "McAfee-GW-Edition": {
                    "category": "undetected",
                    "engine_name": "McAfee-GW-Edition",
                    "engine_version": "v2017.3010",
                    "result": null,
                    "method": "blacklist",
                    "engine_update": "20190524"
                },
                "Trapmine": {
                    "category": "type-unsupported",
                    "engine_name": "Trapmine",
                    "engine_version": "3.1.62.789",
                    "result": null,
                    "method": "blacklist",
                    "engine_update": "20190522"
                },
                "CMC": {
                    "category": "undetected",
                    "engine_name": "CMC",
                    "engine_version": "1.1.0.977",
                    "result": null,
                    "method": "blacklist",
                    "engine_update": "20190321"
                },
                "Emsisoft": {
                    "category": "undetected",
                    "engine_name": "Emsisoft",
                    "engine_version": "2018.4.0.1029",
                    "result": null,
                    "method": "blacklist",
                    "engine_update": "20190524"
                },
                "Ikarus": {
                    "category": "malicious",
                    "engine_name": "Ikarus",
                    "engine_version": "0.1.5.2",
                    "result": "PUA.AndroidOS.RevMob",
                    "method": "blacklist",
                    "engine_update": "20190524"
                },
                "Cyren": {
                    "category": "undetected",
                    "engine_name": "Cyren",
                    "engine_version": "6.2.0.1",
                    "result": null,
                    "method": "blacklist",
                    "engine_update": "20190524"
                },
                "Jiangmin": {
                    "category": "undetected",
                    "engine_name": "Jiangmin",
                    "engine_version": "16.0.100",
                    "result": null,
                    "method": "blacklist",
                    "engine_update": "20190524"
                },
                "Webroot": {
                    "category": "type-unsupported",
                    "engine_name": "Webroot",
                    "engine_version": "1.0.0.403",
                    "result": null,
                    "method": "blacklist",
                    "engine_update": "20190524"
                },
                "Avira": {
                    "category": "malicious",
                    "engine_name": "Avira",
                    "engine_version": "8.3.3.8",
                    "result": "ADWARE/ANDR.RevMob.A.Gen",
                    "method": "blacklist",
                    "engine_update": "20190524"
                },
                "Antiy-AVL": {
                    "category": "undetected",
                    "engine_name": "Antiy-AVL",
                    "engine_version": "3.0.0.1",
                    "result": null,
                    "method": "blacklist",
                    "engine_update": "20190524"
                },
                "Kingsoft": {
                    "category": "undetected",
                    "engine_name": "Kingsoft",
                    "engine_version": "2013.8.14.323",
                    "result": null,
                    "method": "blacklist",
                    "engine_update": "20190524"
                },
                "Microsoft": {
                    "category": "undetected",
                    "engine_name": "Microsoft",
                    "engine_version": "1.1.15900.4",
                    "result": null,
                    "method": "blacklist",
                    "engine_update": "20190524"
                },
                "Endgame": {
                    "category": "type-unsupported",
                    "engine_name": "Endgame",
                    "engine_version": "3.0.12",
                    "result": null,
                    "method": "blacklist",
                    "engine_update": "20190522"
                },
                "Arcabit": {
                    "category": "undetected",
                    "engine_name": "Arcabit",
                    "engine_version": "1.0.0.846",
                    "result": null,
                    "method": "blacklist",
                    "engine_update": "20190524"
                },
                "SUPERAntiSpyware": {
                    "category": "undetected",
                    "engine_name": "SUPERAntiSpyware",
                    "engine_version": "5.6.0.1032",
                    "result": null,
                    "method": "blacklist",
                    "engine_update": "20190521"
                },
                "AhnLab-V3": {
                    "category": "undetected",
                    "engine_name": "AhnLab-V3",
                    "engine_version": "3.15.2.24252",
                    "result": null,
                    "method": "blacklist",
                    "engine_update": "20190524"
                },
                "ZoneAlarm": {
                    "category": "undetected",
                    "engine_name": "ZoneAlarm",
                    "engine_version": "1.0",
                    "result": null,
                    "method": "blacklist",
                    "engine_update": "20190524"
                },
                "Avast-Mobile": {
                    "category": "undetected",
                    "engine_name": "Avast-Mobile",
                    "engine_version": "190524-00",
                    "result": null,
                    "method": "blacklist",
                    "engine_update": "20190524"
                },
                "SentinelOne": {
                    "category": "type-unsupported",
                    "engine_name": "SentinelOne",
                    "engine_version": "1.0.26.329",
                    "result": null,
                    "method": "blacklist",
                    "engine_update": "20190511"
                },
                "TotalDefense": {
                    "category": "undetected",
                    "engine_name": "TotalDefense",
                    "engine_version": "37.1.62.1",
                    "result": null,
                    "method": "blacklist",
                    "engine_update": "20190524"
                },
                "Acronis": {
                    "category": "type-unsupported",
                    "engine_name": "Acronis",
                    "engine_version": "1.0.1.48",
                    "result": null,
                    "method": "blacklist",
                    "engine_update": "20190522"
                },
                "VBA32": {
                    "category": "undetected",
                    "engine_name": "VBA32",
                    "engine_version": "4.0.0",
                    "result": null,
                    "method": "blacklist",
                    "engine_update": "20190523"
                },
                "TACHYON": {
                    "category": "undetected",
                    "engine_name": "TACHYON",
                    "engine_version": "2019-05-24.02",
                    "result": null,
                    "method": "blacklist",
                    "engine_update": "20190524"
                },
                "Cylance": {
                    "category": "type-unsupported",
                    "engine_name": "Cylance",
                    "engine_version": "2.3.1.101",
                    "result": null,
                    "method": "blacklist",
                    "engine_update": "20190524"
                },
                "Zoner": {
                    "category": "undetected",
                    "engine_name": "Zoner",
                    "engine_version": "1.0",
                    "result": null,
                    "method": "blacklist",
                    "engine_update": "20190524"
                },
                "Tencent": {
                    "category": "undetected",
                    "engine_name": "Tencent",
                    "engine_version": "1.0.0.1",
                    "result": null,
                    "method": "blacklist",
                    "engine_update": "20190524"
                },
                "MAX": {
                    "category": "undetected",
                    "engine_name": "MAX",
                    "engine_version": "2018.9.12.1",
                    "result": null,
                    "method": "blacklist",
                    "engine_update": "20190524"
                },
                "eGambit": {
                    "category": "type-unsupported",
                    "engine_name": "eGambit",
                    "engine_version": "v4.3.6",
                    "result": null,
                    "method": "blacklist",
                    "engine_update": "20190524"
                },
                "Fortinet": {
                    "category": "malicious",
                    "engine_name": "Fortinet",
                    "engine_version": "5.4.247.0",
                    "result": "Adware/RevMob!Android",
                    "method": "blacklist",
                    "engine_update": "20190524"
                },
                "AVG": {
                    "category": "undetected",
                    "engine_name": "AVG",
                    "engine_version": "18.4.3895.0",
                    "result": null,
                    "method": "blacklist",
                    "engine_update": "20190524"
                },
                "Cybereason": {
                    "category": "type-unsupported",
                    "engine_name": "Cybereason",
                    "engine_version": "1.2.449",
                    "result": null,
                    "method": "blacklist",
                    "engine_update": "20190417"
                },
                "Panda": {
                    "category": "undetected",
                    "engine_name": "Panda",
                    "engine_version": "4.6.4.2",
                    "result": null,
                    "method": "blacklist",
                    "engine_update": "20190523"
                },
                "CrowdStrike": {
                    "category": "type-unsupported",
                    "engine_name": "CrowdStrike",
                    "engine_version": "1.0",
                    "result": null,
                    "method": "blacklist",
                    "engine_update": "20190212"
                },
                "Qihoo-360": {
                    "category": "undetected",
                    "engine_name": "Qihoo-360",
                    "engine_version": "1.0.0.1120",
                    "result": null,
                    "method": "blacklist",
                    "engine_update": "20190524"
                }
            },
            "sha256": "00077e2eedeae60133ae1f2cef1115b9ae199d4236a8ec4ca768ee5bd7bfc050",
            "type_extension": "apk",
            "tags": [
                "apk",
                "android",
                "dyn-class"
            ],
            "last_analysis_date": 1558685555,
            "unique_sources": 2,
            "first_submission_date": 1441113466,
            "sha1": "5e115a0e4c17161170e6d60c37d3ff8285a44729",
            "ssdeep": "49152:paFATjWVypV82rtOM0nHWPEVvTYfzMXwuxmWSnAqDI:IcWV+1rtOMa2sdYLvuxmWSAWI",
            "bundle_info": {
                "highest_datetime": "2014-09-08 01:42:18",
                "lowest_datetime": "2014-09-08 00:42:20",
                "num_children": 142,
                "extensions": {
                    "xml": 12,
                    "dex": 1,
                    "MF": 1,
                    "RSA": 1,
                    "txt": 1,
                    "SF": 1,
                    "png": 123
                },
                "file_types": {
                    "XML": 12,
                    "unknown": 6,
                    "DEX": 1,
                    "PNG": 123
                },
                "type": "APK",
                "uncompressed_size": 4435628
            },
            "md5": "b58529e986a1f85c774587c4e5554960",
            "androguard": {
                "VTAndroidInfo": 1.41,
                "AndroidApplicationError": false,
                "MinSdkVersion": "8",
                "AndroguardVersion": "3.0-dev",
                "Activities": [
                    "com.google.android.gms.ads.AdActivity",
                    "com.revmob.ads.fullscreen.FullscreenActivity",
                    "com.pskpartha.droidwebview.SplashActivity",
                    "com.pskpartha.droidwebview.DroidWebViewActivity",
                    "com.appbrain.AppBrainActivity"
                ],
                "certificate": {
                    "Subject": {
                        "DN": "C:02, CN:lola love, L:Cairo, O:RES, ST:Egypt, OU:love droid",
                        "C": "02",
                        "CN": "lola love",
                        "L": "Cairo",
                        "O": "RES",
                        "ST": "Egypt",
                        "OU": "love droid"
                    },
                    "validto": "04:53 AM 11/22/3013",
                    "serialnumber": "7758716e",
                    "thumbprint": "205d3cab2ce20439f3bb000bd92caa2a23c92ec9",
                    "validfrom": "04:53 AM 07/22/2014",
                    "Issuer": {
                        "DN": "C:02, CN:lola love, L:Cairo, O:RES, ST:Egypt, OU:love droid",
                        "C": "02",
                        "CN": "lola love",
                        "L": "Cairo",
                        "O": "RES",
                        "ST": "Egypt",
                        "OU": "love droid"
                    }
                },
                "AndroidApplication": 1,
                "RiskIndicator": {
                    "APK": {
                        "DEX": 1
                    },
                    "PERM": {
                        "DANGEROUS": 2,
                        "NORMAL": 1,
                        "PRIVACY": 1,
                        "INTERNET": 1
                    }
                },
                "Services": [
                    "com.appbrain.AppBrainService"
                ],
                "AndroidVersionCode": "1",
                "main_activity": "com.pskpartha.droidwebview.SplashActivity",
                "Package": "lolfasatine.zifaf",
                "intent_filters": {
                    "Services": {},
                    "Activities": {
                        "com.pskpartha.droidwebview.SplashActivity": {
                            "action": [
                                "android.intent.action.MAIN"
                            ],
                            "category": [
                                "android.intent.category.LAUNCHER"
                            ]
                        }
                    },
                    "Receivers": {
                        "com.appbrain.ReferrerReceiver": {
                            "action": [
                                "com.android.vending.INSTALL_REFERRER"
                            ]
                        }
                    }
                },
                "AndroidVersionName": "1.0",
                "TargetSdkVersion": "8",
                "AndroidApplicationInfo": "APK",
                "permission_details": {
                    "android.permission.CALL_PHONE": {
                        "short_description": "directly call phone numbers",
                        "full_description": "Allows an application to initiate a phone call without going through the Dialer user interface for the user to confirm the call being placed. ",
                        "permission_type": "dangerous"
                    },
                    "android.permission.WRITE_EXTERNAL_STORAGE": {
                        "short_description": "modify/delete SD card contents",
                        "full_description": "Allows an application to write to the SD card.",
                        "permission_type": "dangerous"
                    },
                    "android.permission.READ_PHONE_STATE": {
                        "short_description": "read phone state and identity",
                        "full_description": "Allows the application to access the phone features of the device. An application with this permission can determine the phone number and serial number of this phone, whether a call is active, the number that call is connected to and so on.",
                        "permission_type": "dangerous"
                    },
                    "android.permission.INTERNET": {
                        "short_description": "full Internet access",
                        "full_description": "Allows an application to create network sockets.",
                        "permission_type": "dangerous"
                    },
                    "android.permission.ACCESS_NETWORK_STATE": {
                        "short_description": "view network status",
                        "full_description": "Allows an application to view the status of all networks.",
                        "permission_type": "normal"
                    }
                },
                "Receivers": [
                    "com.appbrain.ReferrerReceiver"
                ],
                "StringsInformation": [
                    "http://",
                    "http://applift-a.apptornado.com",
                    "http://applift-a.apptornado.com,http://applift-b.apptornado.com",
                    "http://googleads.g.doubleclick.net/mads/static/mad/sdk/native/sdk-core-v40.html",
                    "http://googleads.g.doubleclick.net/mads/static/sdk/native/sdk-core-v40.html",
                    "http://hostname/?",
                    "http://media.admob.com/mraid/v1/mraid_app_banner.js",
                    "http://media.admob.com/mraid/v1/mraid_app_expanded_banner.js",
                    "http://media.admob.com/mraid/v1/mraid_app_interstitial.js",
                    "http://play.google.com",
                    "http://plus.google.com/",
                    "http://schemas.android.com/apk/lib/com.appbrain",
                    "http://schemas.android.com/apk/lib/com.google.android.gms.plus",
                    "http://sdk.appbrain.com,http://sdk-b.apptornado.com",
                    "http://www.google-analytics.com/collect",
                    "http://www.google.com",
                    "http://www.loloapps.net/",
                    "http://www.loloapps.net/?cat=87",
                    "http://www.purpleapps.info/",
                    "http://www.vikkyapps.net/",
                    "https://",
                    "https://android.revmob.com",
                    "https://play.google.com",
                    "https://play.google.com/store/apps/details?id=",
                    "https://ssl.google-analytics.com/collect",
                    "https://www.googleapis.com/auth/appstate",
                    "https://www.googleapis.com/auth/datastoremobile",
                    "https://www.googleapis.com/auth/drive",
                    "https://www.googleapis.com/auth/drive.appdata",
                    "https://www.googleapis.com/auth/drive.apps",
                    "https://www.googleapis.com/auth/drive.file",
                    "https://www.googleapis.com/auth/games",
                    "https://www.googleapis.com/auth/games.firstparty",
                    "https://www.googleapis.com/auth/plus.login",
                    "https://www.googleapis.com/auth/plus.me",
                    "https://www.googletagmanager.com"
                ]
            },
            "magic": "Zip archive data, at least v2.0 to extract",
            "last_analysis_stats": {
                "harmless": 0,
                "type-unsupported": 12,
                "suspicious": 0,
                "confirmed-timeout": 0,
                "timeout": 0,
                "failure": 0,
                "malicious": 8,
                "undetected": 51
            },
            "meaningful_name": "lolfasatine.zifaf-1.apk",
            "reputation": 0
        },
        "type": "file",
        "id": "00077e2eedeae60133ae1f2cef1115b9ae199d4236a8ec4ca768ee5bd7bfc050",
        "links": {
            "self": "https://www.virustotal.com/api/v3/files/00077e2eedeae60133ae1f2cef1115b9ae199d4236a8ec4ca768ee5bd7bfc050"
        }
    }
}