{
    "data": {
        "attributes": {
            "type_description": "Android",
            "tlsh": "T1DE873342F748942BC8FBB5738EA7527365251E458641BB933A10F22C79B3BC49B2DEC4",
            "vhash": "6dea4fac428dbe14959bc7933af0bf1a",
            "trid": [
                {
                    "file_type": "Java Archive",
                    "probability": 46.5
                },
                {
                    "file_type": "Sweet Home 3D design (generic)",
                    "probability": 36.2
                },
                {
                    "file_type": "ZIP compressed archive",
                    "probability": 13.7
                },
                {
                    "file_type": "PrintFox/Pagefox bitmap (640x800)",
                    "probability": 3.4
                }
            ],
            "names": [
                "776B5DC0FC0505A07B3DA76F5993C052"
            ],
            "last_modification_date": 1637106542,
            "type_tag": "android",
            "times_submitted": 1,
            "total_votes": {
                "harmless": 0,
                "malicious": 0
            },
            "size": 37960921,
            "type_extension": "apk",
            "last_submission_date": 1599211953,
            "reputation": 0,
            "sha256": "00005f01433a4abb605cdf1088d8c2fd5d7b342368c3a5cb6bd682a7975e23d8",
            "tags": [
                "apk",
                "android",
                "runtime-modules",
                "reflection"
            ],
            "last_analysis_date": 1637099254,
            "unique_sources": 1,
            "first_submission_date": 1599211953,
            "sha1": "6d302968a97d1efc1c6be5e11b974d7f1d844021",
            "ssdeep": "786432:C9yXCwrzHlr5ud2ynhi/jQSSAq2icEZPJSd3HCvLnwZJtWlgznIc+QXPdgV7:ijalnPjsAqxZPSKsDtlz3RXFC7",
            "bundle_info": {
                "highest_datetime": "1980-00-00 00:00:00",
                "lowest_datetime": "1980-00-00 00:00:00",
                "num_children": 2541,
                "extensions": {
                    "xml": 329,
                    "dex": 3,
                    "crt": 1,
                    "gz": 1,
                    "otf": 2,
                    "gif": 1,
                    "bks": 1,
                    "txt": 16,
                    "ttf": 11,
                    "png": 230
                },
                "file_types": {
                    "XML": 329,
                    "unknown": 437,
                    "DEX": 3,
                    "PNG": 230,
                    "GIF": 1
                },
                "type": "APK",
                "uncompressed_size": 39377258
            },
            "md5": "776b5dc0fc0505a07b3da76f5993c052",
            "androguard": {
                "VTAndroidInfo": 2.0,
                "AndroidApplicationError": false,
                "MinSdkVersion": "16",
                "AndroguardVersion": "3.4.0a1",
                "Activities": [
                    "com.thehealthymummy.ui.splash.SplashActivity",
                    "com.thehealthymummy.ui.FullScreenVideo.FullScreenVideoJoinNowActivity",
                    "com.thehealthymummy.ui.onboarding.onboardingProfile.OnBoardingProfileActivity",
                    "com.thehealthymummy.ZxingScanner.CustomScannerActivity",
                    "com.journeyapps.barcodescanner.CaptureActivity",
                    "com.thehealthymummy.inappPurchase.InAppMain",
                    "com.thehealthymummy.inappPurchase.MembershipInApp",
                    "com.thehealthymummy.inappPurchase.InAppRestore",
                    "com.thehealthymummy.inappPurchase.InAppBackground",
                    "com.thehealthymummy.ui.healthKit.SyncHealthKitActivity",
                    "com.thehealthymummy.ui.home.HomeActivity",
                    "com.thehealthymummy.ui.loginRegister.LoginRegisterActivity",
                    "com.thehealthymummy.ui.fitness.programDetails.FitnessProgramDetailsActivity",
                    "com.thehealthymummy.ui.loginRegister.landingPage.LandingActivity",
                    "com.thehealthymummy.ui.loginRegister.register.RegisterActivity",
                    "com.thehealthymummy.ui.swapExercise.SwapExerciseActivity",
                    "com.thehealthymummy.ui.realMomWorkout.RealMomWorkoutActivity",
                    "com.thehealthymummy.ui.hiitLibrary.HIITActivity",
                    "com.thehealthymummy.ui.hiitLibrary.HIITVideoListActivity",
                    "com.thehealthymummy.ui.fitnessTest.FitnessTestActivity",
                    "com.thehealthymummy.ui.fitnessTest.AddFitnessTestActivity",
                    "com.thehealthymummy.ui.fitness.changeProgram.ChangeProgramActivity",
                    "com.thehealthymummy.ui.fitnessTest.PlankToolTipActivity",
                    "com.thehealthymummy.ui.exerciseDetail.ExerciseDetailActivity",
                    "com.thehealthymummy.ui.mumDetail.MumDetailActivity",
                    "com.thehealthymummy.ui.mumFreeDetail.MumFreeDetailActivity",
                    "com.thehealthymummy.ui.tutorial.TutorialActivity",
                    "com.thehealthymummy.ui.tutorial.HealthkitTutorialActivity",
                    "com.thehealthymummy.ui.notification.NotificationActivity",
                    "com.thehealthymummy.ui.me.MeActivity",
                    "com.thehealthymummy.ui.cart.CartActivity",
                    "com.thehealthymummy.ui.myActivityLog.MyActivityLogActivity",
                    "com.thehealthymummy.ui.myTargetCalories.MyTargetCaloriesActivity",
                    "com.thehealthymummy.ui.myTargetCalories.productList.AddProductsActivity",
                    "com.thehealthymummy.ui.myTargetCalories.MyCustomFoodActivity",
                    "com.thehealthymummy.ui.shippingDetail.ShipmentActivity",
                    "com.thehealthymummy.ui.mealDetail.MealDetailActivity",
                    "com.thehealthymummy.ui.mealDetailEatOut.EatOutMealDetailActivity",
                    "com.thehealthymummy.ui.sortAndFilter.SortFilterActivity",
                    "com.thehealthymummy.ui.swapMeal.SwapMealActivity",
                    "com.thehealthymummy.ui.profile.ProfileActivity",
                    "com.thehealthymummy.ui.setting.SettingActivity",
                    "com.thehealthymummy.ui.setting.NotificationSettingActivity",
                    "com.thehealthymummy.ui.support.SupportActivity",
                    "com.thehealthymummy.ui.myCoach.MyCoachActivity",
                    "com.thehealthymummy.ui.SubscriptionHistory.SubscriptionHistoryActivity",
                    "com.thehealthymummy.ui.contactUs.ContactUsActivity",
                    "com.thehealthymummy.ui.myFavourite.MyFavouriteActivity",
                    "com.thehealthymummy.ui.orderHistory.OrderHistoryActivity",
                    "com.thehealthymummy.ui.bmrCalculation.BMRCalcActivity",
                    "com.thehealthymummy.ui.detail.ProductDetailActivity",
                    "com.thehealthymummy.ui.changePassword.ChangePasswordActivity",
                    "com.thehealthymummy.ui.FreeGift.ShareFreeGiftActivity",
                    "com.thehealthymummy.ui.storyDetail.StoryDetailActivity",
                    "com.thehealthymummy.ui.ratingDetails.RatingDetailActivity",
                    "com.thehealthymummy.ui.createPost.CreatePostActivity",
                    "com.thehealthymummy.ui.upgradeProgress.UpgradeProgressActivity",
                    "com.thehealthymummy.ui.changeRound.ChangeRoundActivity",
                    "com.thehealthymummy.ui.shoppingList.CategoryList.ShoppingCategoryListActivity",
                    "com.thehealthymummy.ui.shoppingListNew.categoryListNew.ShoppingCategoryListActivityNew",
                    "com.thehealthymummy.ui.webView.WebViewActivity",
                    "com.thehealthymummy.ui.mindPower.mindPowerWeb.MindPowerWebViewActivity",
                    "com.thehealthymummy.ui.webView.LinkWebViewActivity",
                    "com.thehealthymummy.ui.webView.ShopAttributesWebViewActivity",
                    "com.thehealthymummy.ui.webView.FitbitWebViewActivity",
                    "com.thehealthymummy.ui.webView.SignupWebViewActivity",
                    "com.thehealthymummy.ui.myRecordings.MyRecordingsActivity",
                    "com.thehealthymummy.ui.myBasket.MyBasketActivity",
                    "com.thehealthymummy.ui.bulkSwap.BulkSwapActivity",
                    "com.thehealthymummy.ui.comment.CommentActivity",
                    "com.thehealthymummy.ui.mindPower.mindPowerWeb.MindPowerTaskActivity",
                    "com.thehealthymummy.ui.FullScreenVideo.FullScreenVideoActivity",
                    "com.thehealthymummy.ui.webView.HintWebViewActivity",
                    "com.thehealthymummy.ui.trackProgress.TrackProgressActivity",
                    "com.thehealthymummy.ui.viewVideo.ViewVideoActivity",
                    "com.thehealthymummy.ui.shoppingList.detail.ShoppingListDetailActivity",
                    "com.thehealthymummy.ui.uploadProgressPhoto.UploadProgressPhotoActivity",
                    "com.thehealthymummy.ui.webView.ExerciseWebViewActivity",
                    "com.thehealthymummy.ui.calorieKing.CalorieKingActivity",
                    "com.thehealthymummy.ui.onboarding.AllDoneActivity",
                    "com.thehealthymummy.ui.calorieKing.BarcodeDetailsActivity",
                    "com.thehealthymummy.ui.findRecipe.FindRecipeActivity",
                    "com.thehealthymummy.ui.progressPhotos.ProgressPhotosActivity",
                    "com.thehealthymummy.ui.onboarding.NewOnboardingActivity",
                    "com.marketo.MarketoActivity",
                    "com.thehealthymummy.ui.reminders.AddRemindersActivity",
                    "com.thehealthymummy.ui.progressPhotos.ImageViewActivity",
                    "com.thehealthymummy.ui.fitnessTest.AddFitnessTestNewActivity",
                    "com.thehealthymummy.ui.homeNonScaleVictories.LogNonScaleVictoriesActivity",
                    "com.thehealthymummy.ui.changeRound.MyFavouriteMealPlanActivity",
                    "com.thehealthymummy.chromeCast.ExpandedControlsActivity",
                    "com.facebook.FacebookActivity",
                    "com.facebook.CustomTabMainActivity",
                    "com.facebook.CustomTabActivity",
                    "com.twitter.sdk.android.tweetui.PlayerActivity",
                    "com.twitter.sdk.android.tweetui.GalleryActivity",
                    "com.google.firebase.auth.internal.FederatedSignInActivity",
                    "com.google.android.gms.auth.api.signin.internal.SignInHubActivity",
                    "com.google.android.gms.common.api.GoogleApiActivity",
                    "com.twitter.sdk.android.core.identity.OAuthActivity"
                ],
                "certificate": {
                    "Subject": {
                        "DN": "C:US, CN:Android, L:Mountain View, O:Google Inc., ST:California, OU:Android",
                        "C": "US",
                        "CN": "Android",
                        "L": "Mountain View",
                        "O": "Google Inc.",
                        "ST": "California",
                        "OU": "Android"
                    },
                    "validto": "2048-08-03 07:11:00",
                    "serialnumber": "c8f4623594ccadb1d3104b8ed4ac83443b839c35",
                    "thumbprint": "0d0e207880ae5511f94a30779f5f89ea7254660f",
                    "validfrom": "2018-08-03 07:11:00",
                    "Issuer": {
                        "DN": "C:US, CN:Android, L:Mountain View, O:Google Inc., ST:California, OU:Android",
                        "C": "US",
                        "CN": "Android",
                        "L": "Mountain View",
                        "O": "Google Inc.",
                        "ST": "California",
                        "OU": "Android"
                    }
                },
                "AndroidApplication": 1,
                "RiskIndicator": {
                    "APK": {
                        "DEX": 3
                    },
                    "PERM": {
                        "DANGEROUS": 2,
                        "PRIVACY": 1,
                        "INSTANT": 3,
                        "INTERNET": 1,
                        "NORMAL": 3
                    }
                },
                "Services": [
                    "com.thehealthymummy.firebase.MyFirebaseMessagingService",
                    "com.amazonaws.mobileconnectors.s3.transferutility.TransferService",
                    "com.thehealthymummy.ui.reminders.AddReminderService",
                    "com.google.android.gms.analytics.AnalyticsService",
                    "com.google.android.gms.cast.framework.media.MediaNotificationService",
                    "com.google.android.gms.cast.framework.ReconnectionService",
                    "com.google.firebase.components.ComponentDiscoveryService",
                    "com.google.android.gms.auth.api.signin.RevocationBoundService",
                    "com.google.android.gms.analytics.AnalyticsJobService",
                    "com.google.firebase.messaging.FirebaseMessagingService",
                    "com.google.android.gms.measurement.AppMeasurementService",
                    "com.google.android.gms.measurement.AppMeasurementJobService",
                    "com.google.android.datatransport.runtime.backends.TransportBackendDiscovery",
                    "com.google.android.datatransport.runtime.scheduling.jobscheduling.JobInfoSchedulerService"
                ],
                "AndroidVersionCode": "127",
                "main_activity": "com.thehealthymummy.ui.splash.SplashActivity",
                "Package": "com.thehealthymummy",
                "intent_filters": {
                    "Services": {
                        "com.google.firebase.messaging.FirebaseMessagingService": {
                            "action": [
                                "com.google.firebase.MESSAGING_EVENT"
                            ]
                        },
                        "com.thehealthymummy.firebase.MyFirebaseMessagingService": {
                            "action": [
                                "com.google.firebase.MESSAGING_EVENT",
                                "com.google.firebase.INSTANCE_ID_EVENT"
                            ]
                        }
                    },
                    "Activities": {
                        "com.thehealthymummy.ui.splash.SplashActivity": {
                            "action": [
                                "android.intent.action.MAIN",
                                "android.intent.action.VIEW"
                            ],
                            "category": [
                                "android.intent.category.LAUNCHER",
                                "android.intent.category.DEFAULT",
                                "android.intent.category.BROWSABLE"
                            ]
                        },
                        "com.thehealthymummy.chromeCast.ExpandedControlsActivity": {
                            "action": [
                                "android.intent.action.MAIN"
                            ]
                        },
                        "com.marketo.MarketoActivity": {
                            "action": [
                                "android.intent.action.VIEW"
                            ],
                            "category": [
                                "android.intent.category.DEFAULT",
                                "android.intent.category.BROWSABLE"
                            ]
                        }
                    },
                    "Receivers": {
                        "com.facebook.CampaignTrackingReceiver": {
                            "action": [
                                "com.android.vending.INSTALL_REFERRER"
                            ]
                        },
                        "com.google.firebase.iid.FirebaseInstanceIdReceiver": {
                            "action": [
                                "com.google.android.c2dm.intent.RECEIVE"
                            ]
                        },
                        "com.google.android.gms.analytics.CampaignTrackingReceiver": {
                            "action": [
                                "com.android.vending.INSTALL_REFERRER"
                            ]
                        },
                        "com.facebook.CurrentAccessTokenExpirationBroadcastReceiver": {
                            "action": [
                                "com.facebook.sdk.ACTION_CURRENT_ACCESS_TOKEN_CHANGED"
                            ]
                        },
                        "com.google.android.gms.measurement.AppMeasurementInstallReferrerReceiver": {
                            "action": [
                                "com.android.vending.INSTALL_REFERRER"
                            ]
                        },
                        "com.adjust.sdk.AdjustReferrerReceiver": {
                            "action": [
                                "com.android.vending.INSTALL_REFERRER"
                            ]
                        },
                        "com.google.android.gms.analytics.AnalyticsReceiver": {
                            "action": [
                                "com.google.android.gms.analytics.ANALYTICS_DISPATCH"
                            ]
                        }
                    }
                },
                "AndroidVersionName": "2.5.2",
                "TargetSdkVersion": "29",
                "AndroidApplicationInfo": "APK",
                "Providers": [
                    "androidx.core.content.FileProvider",
                    "com.google.firebase.provider.FirebaseInitProvider",
                    "com.facebook.internal.FacebookInitProvider",
                    "androidx.lifecycle.ProcessLifecycleOwnerInitializer",
                    "com.iceteck.silicompressorr.provider.GenericFileProvider",
                    "com.crashlytics.android.CrashlyticsInitProvider"
                ],
                "permission_details": {
                    "android.permission.READ_EXTERNAL_STORAGE": {
                        "short_description": "read the contents of your shared storage",
                        "full_description": "Allows the app to read the contents of your shared storage.",
                        "permission_type": "dangerous"
                    },
                    "com.google.android.c2dm.permission.RECEIVE": {
                        "short_description": "Unknown permission from android reference",
                        "full_description": "Unknown permission from android reference",
                        "permission_type": "normal"
                    },
                    "android.permission.CAMERA": {
                        "short_description": "take pictures and videos",
                        "full_description": "This app can take pictures and record videos using the camera at any time.",
                        "permission_type": "dangerous|instant"
                    },
                    "android.permission.WAKE_LOCK": {
                        "short_description": "prevent phone from sleeping",
                        "full_description": "Allows the app to prevent the phone from going to sleep.",
                        "permission_type": "normal|instant"
                    },
                    "android.permission.FOREGROUND_SERVICE": {
                        "short_description": "run foreground service",
                        "full_description": "Allows the app to make use of foreground services.",
                        "permission_type": "normal|instant"
                    },
                    "android.permission.ACCESS_NETWORK_STATE": {
                        "short_description": "view network connections",
                        "full_description": "Allows the app to view\n      information about network connections such as which networks exist and are\n      connected.",
                        "permission_type": "normal|instant"
                    },
                    "android.permission.INTERNET": {
                        "short_description": "have full network access",
                        "full_description": "Allows the app to create\n     network sockets and use custom network protocols. The browser and other\n     applications provide means to send data to the internet, so this\n     permission is not required to send data to the internet.",
                        "permission_type": "normal|instant"
                    },
                    "com.google.android.finsky.permission.BIND_GET_INSTALL_REFERRER_SERVICE": {
                        "short_description": "Unknown permission from android reference",
                        "full_description": "Unknown permission from android reference",
                        "permission_type": "normal"
                    },
                    "android.permission.WRITE_EXTERNAL_STORAGE": {
                        "short_description": "modify or delete the contents of your shared storage",
                        "full_description": "Allows the app to write the contents of your shared storage.",
                        "permission_type": "dangerous"
                    },
                    "com.android.vending.BILLING": {
                        "short_description": "Unknown permission from android reference",
                        "full_description": "Unknown permission from android reference",
                        "permission_type": "normal"
                    }
                },
                "Receivers": [
                    "com.thehealthymummy.ui.reminders.ReminderAlarmReciever",
                    "com.google.android.gms.analytics.CampaignTrackingReceiver",
                    "com.google.android.gms.analytics.AnalyticsReceiver",
                    "com.adjust.sdk.AdjustReferrerReceiver",
                    "com.google.android.gms.cast.framework.media.MediaIntentReceiver",
                    "com.google.firebase.iid.FirebaseInstanceIdReceiver",
                    "com.google.android.gms.measurement.AppMeasurementReceiver",
                    "com.google.android.gms.measurement.AppMeasurementInstallReferrerReceiver",
                    "com.facebook.CurrentAccessTokenExpirationBroadcastReceiver",
                    "com.facebook.CampaignTrackingReceiver",
                    "com.google.android.datatransport.runtime.scheduling.jobscheduling.AlarmManagerSchedulerBroadcastReceiver"
                ],
                "StringsInformation": [
                    "http://acs.amazonaws.com/groups/global/AllUsers",
                    "http://acs.amazonaws.com/groups/global/AuthenticatedUsers",
                    "http://acs.amazonaws.com/groups/s3/LogDelivery",
                    "http://localhost/",
                    "http://play.google.com/store/apps/details?id=com.facebook.orca",
                    "http://s3.amazonaws.com/doc/2006-03-01/",
                    "http://schemas.android.com/apk/res/android",
                    "http://www.w3.org/2001/XMLSchema-instance",
                    "https://%s.mktomma.com",
                    "https://.facebook.com",
                    "https://app.adjust.com",
                    "https://facebook.com",
                    "https://facebook.com/device?user_code=%1$s&qr=1",
                    "https://gdpr.adjust.com",
                    "https://graph-video.%s",
                    "https://graph.%s",
                    "https://s3-us-west-1.amazonaws.com",
                    "https://www.example.com"
                ]
            },
            "magic": "Zip archive data",
            "last_analysis_stats": {
                "harmless": 0,
                "type-unsupported": 10,
                "suspicious": 0,
                "confirmed-timeout": 0,
                "timeout": 2,
                "failure": 0,
                "malicious": 0,
                "undetected": 59
            },
            "last_analysis_results": {
                "Bkav": {
                    "category": "undetected",
                    "engine_name": "Bkav",
                    "engine_version": "1.3.0.9899",
                    "result": null,
                    "method": "blacklist",
                    "engine_update": "20211116"
                },
                "Lionic": {
                    "category": "undetected",
                    "engine_name": "Lionic",
                    "engine_version": "4.2",
                    "result": null,
                    "method": "blacklist",
                    "engine_update": "20211116"
                },
                "Elastic": {
                    "category": "type-unsupported",
                    "engine_name": "Elastic",
                    "engine_version": "4.0.29",
                    "result": null,
                    "method": "blacklist",
                    "engine_update": "20211005"
                },
                "MicroWorld-eScan": {
                    "category": "undetected",
                    "engine_name": "MicroWorld-eScan",
                    "engine_version": "14.0.409.0",
                    "result": null,
                    "method": "blacklist",
                    "engine_update": "20211116"
                },
                "FireEye": {
                    "category": "undetected",
                    "engine_name": "FireEye",
                    "engine_version": "32.44.1.0",
                    "result": null,
                    "method": "blacklist",
                    "engine_update": "20211116"
                },
                "CAT-QuickHeal": {
                    "category": "undetected",
                    "engine_name": "CAT-QuickHeal",
                    "engine_version": "14.00",
                    "result": null,
                    "method": "blacklist",
                    "engine_update": "20211116"
                },
                "ALYac": {
                    "category": "undetected",
                    "engine_name": "ALYac",
                    "engine_version": "1.1.3.1",
                    "result": null,
                    "method": "blacklist",
                    "engine_update": "20211116"
                },
                "Malwarebytes": {
                    "category": "undetected",
                    "engine_name": "Malwarebytes",
                    "engine_version": "4.2.2.27",
                    "result": null,
                    "method": "blacklist",
                    "engine_update": "20211116"
                },
                "Zillya": {
                    "category": "undetected",
                    "engine_name": "Zillya",
                    "engine_version": "2.0.0.4498",
                    "result": null,
                    "method": "blacklist",
                    "engine_update": "20211116"
                },
                "Paloalto": {
                    "category": "type-unsupported",
                    "engine_name": "Paloalto",
                    "engine_version": "1.0",
                    "result": null,
                    "method": "blacklist",
                    "engine_update": "20211116"
                },
                "Sangfor": {
                    "category": "timeout",
                    "engine_name": "Sangfor",
                    "engine_version": "2.9.0.0",
                    "result": null,
                    "method": "blacklist",
                    "engine_update": "20211103"
                },
                "Trustlook": {
                    "category": "undetected",
                    "engine_name": "Trustlook",
                    "engine_version": "1.0",
                    "result": null,
                    "method": "blacklist",
                    "engine_update": "20211116"
                },
                "Alibaba": {
                    "category": "undetected",
                    "engine_name": "Alibaba",
                    "engine_version": "0.3.0.5",
                    "result": null,
                    "method": "blacklist",
                    "engine_update": "20190527"
                },
                "K7GW": {
                    "category": "undetected",
                    "engine_name": "K7GW",
                    "engine_version": "11.228.39333",
                    "result": null,
                    "method": "blacklist",
                    "engine_update": "20211116"
                },
                "K7AntiVirus": {
                    "category": "undetected",
                    "engine_name": "K7AntiVirus",
                    "engine_version": "11.228.39333",
                    "result": null,
                    "method": "blacklist",
                    "engine_update": "20211116"
                },
                "BitDefenderTheta": {
                    "category": "undetected",
                    "engine_name": "BitDefenderTheta",
                    "engine_version": "7.2.37796.0",
                    "result": null,
                    "method": "blacklist",
                    "engine_update": "20211104"
                },
                "Cyren": {
                    "category": "undetected",
                    "engine_name": "Cyren",
                    "engine_version": "6.3.0.2",
                    "result": null,
                    "method": "blacklist",
                    "engine_update": "20211116"
                },
                "SymantecMobileInsight": {
                    "category": "undetected",
                    "engine_name": "SymantecMobileInsight",
                    "engine_version": "2.0",
                    "result": null,
                    "method": "blacklist",
                    "engine_update": "20210126"
                },
                "Symantec": {
                    "category": "undetected",
                    "engine_name": "Symantec",
                    "engine_version": "1.16.0.0",
                    "result": null,
                    "method": "blacklist",
                    "engine_update": "20211116"
                },
                "ESET-NOD32": {
                    "category": "undetected",
                    "engine_name": "ESET-NOD32",
                    "engine_version": "24303",
                    "result": null,
                    "method": "blacklist",
                    "engine_update": "20211116"
                },
                "Baidu": {
                    "category": "undetected",
                    "engine_name": "Baidu",
                    "engine_version": "1.0.0.2",
                    "result": null,
                    "method": "blacklist",
                    "engine_update": "20190318"
                },
                "TrendMicro-HouseCall": {
                    "category": "undetected",
                    "engine_name": "TrendMicro-HouseCall",
                    "engine_version": "10.0.0.1040",
                    "result": null,
                    "method": "blacklist",
                    "engine_update": "20211116"
                },
                "Avast": {
                    "category": "undetected",
                    "engine_name": "Avast",
                    "engine_version": "21.1.5827.0",
                    "result": null,
                    "method": "blacklist",
                    "engine_update": "20211116"
                },
                "ClamAV": {
                    "category": "undetected",
                    "engine_name": "ClamAV",
                    "engine_version": "0.104.1.0",
                    "result": null,
                    "method": "blacklist",
                    "engine_update": "20211116"
                },
                "Kaspersky": {
                    "category": "undetected",
                    "engine_name": "Kaspersky",
                    "engine_version": "21.0.1.45",
                    "result": null,
                    "method": "blacklist",
                    "engine_update": "20211116"
                },
                "BitDefender": {
                    "category": "undetected",
                    "engine_name": "BitDefender",
                    "engine_version": "7.2",
                    "result": null,
                    "method": "blacklist",
                    "engine_update": "20211116"
                },
                "NANO-Antivirus": {
                    "category": "undetected",
                    "engine_name": "NANO-Antivirus",
                    "engine_version": "1.0.146.25409",
                    "result": null,
                    "method": "blacklist",
                    "engine_update": "20211116"
                },
                "Cynet": {
                    "category": "type-unsupported",
                    "engine_name": "Cynet",
                    "engine_version": "4.0.0.27",
                    "result": null,
                    "method": "blacklist",
                    "engine_update": "20211116"
                },
                "SUPERAntiSpyware": {
                    "category": "undetected",
                    "engine_name": "SUPERAntiSpyware",
                    "engine_version": "5.6.0.1032",
                    "result": null,
                    "method": "blacklist",
                    "engine_update": "20211113"
                },
                "Tencent": {
                    "category": "undetected",
                    "engine_name": "Tencent",
                    "engine_version": "1.0.0.1",
                    "result": null,
                    "method": "blacklist",
                    "engine_update": "20211116"
                },
                "Ad-Aware": {
                    "category": "undetected",
                    "engine_name": "Ad-Aware",
                    "engine_version": "3.0.21.193",
                    "result": null,
                    "method": "blacklist",
                    "engine_update": "20211116"
                },
                "Emsisoft": {
                    "category": "undetected",
                    "engine_name": "Emsisoft",
                    "engine_version": "2021.5.0.7597",
                    "result": null,
                    "method": "blacklist",
                    "engine_update": "20211116"
                },
                "Comodo": {
                    "category": "undetected",
                    "engine_name": "Comodo",
                    "engine_version": "34044",
                    "result": null,
                    "method": "blacklist",
                    "engine_update": "20211102"
                },
                "F-Secure": {
                    "category": "undetected",
                    "engine_name": "F-Secure",
                    "engine_version": "12.0.86.52",
                    "result": null,
                    "method": "blacklist",
                    "engine_update": "20211116"
                },
                "DrWeb": {
                    "category": "undetected",
                    "engine_name": "DrWeb",
                    "engine_version": "7.0.52.8270",
                    "result": null,
                    "method": "blacklist",
                    "engine_update": "20211116"
                },
                "VIPRE": {
                    "category": "undetected",
                    "engine_name": "VIPRE",
                    "engine_version": "97006",
                    "result": null,
                    "method": "blacklist",
                    "engine_update": "20211116"
                },
                "TrendMicro": {
                    "category": "undetected",
                    "engine_name": "TrendMicro",
                    "engine_version": "11.0.0.1006",
                    "result": null,
                    "method": "blacklist",
                    "engine_update": "20211116"
                },
                "McAfee-GW-Edition": {
                    "category": "undetected",
                    "engine_name": "McAfee-GW-Edition",
                    "engine_version": "v2019.1.2+3728",
                    "result": null,
                    "method": "blacklist",
                    "engine_update": "20211116"
                },
                "SentinelOne": {
                    "category": "type-unsupported",
                    "engine_name": "SentinelOne",
                    "engine_version": "6.3.0.2",
                    "result": null,
                    "method": "blacklist",
                    "engine_update": "20211028"
                },
                "CMC": {
                    "category": "undetected",
                    "engine_name": "CMC",
                    "engine_version": "2.10.2019.1",
                    "result": null,
                    "method": "blacklist",
                    "engine_update": "20211026"
                },
                "Sophos": {
                    "category": "undetected",
                    "engine_name": "Sophos",
                    "engine_version": "1.4.1.0",
                    "result": null,
                    "method": "blacklist",
                    "engine_update": "20211116"
                },
                "APEX": {
                    "category": "type-unsupported",
                    "engine_name": "APEX",
                    "engine_version": "6.230",
                    "result": null,
                    "method": "blacklist",
                    "engine_update": "20211116"
                },
                "Avast-Mobile": {
                    "category": "undetected",
                    "engine_name": "Avast-Mobile",
                    "engine_version": "211116-14",
                    "result": null,
                    "method": "blacklist",
                    "engine_update": "20211116"
                },
                "Jiangmin": {
                    "category": "undetected",
                    "engine_name": "Jiangmin",
                    "engine_version": "16.0.100",
                    "result": null,
                    "method": "blacklist",
                    "engine_update": "20211115"
                },
                "Webroot": {
                    "category": "type-unsupported",
                    "engine_name": "Webroot",
                    "engine_version": "1.0.0.403",
                    "result": null,
                    "method": "blacklist",
                    "engine_update": "20211116"
                },
                "Avira": {
                    "category": "undetected",
                    "engine_name": "Avira",
                    "engine_version": "8.3.3.12",
                    "result": null,
                    "method": "blacklist",
                    "engine_update": "20211116"
                },
                "eGambit": {
                    "category": "type-unsupported",
                    "engine_name": "eGambit",
                    "engine_version": null,
                    "result": null,
                    "method": "blacklist",
                    "engine_update": "20211116"
                },
                "Antiy-AVL": {
                    "category": "undetected",
                    "engine_name": "Antiy-AVL",
                    "engine_version": "3.0.0.1",
                    "result": null,
                    "method": "blacklist",
                    "engine_update": "20211116"
                },
                "Kingsoft": {
                    "category": "undetected",
                    "engine_name": "Kingsoft",
                    "engine_version": "2017.9.26.565",
                    "result": null,
                    "method": "blacklist",
                    "engine_update": "20211116"
                },
                "Microsoft": {
                    "category": "undetected",
                    "engine_name": "Microsoft",
                    "engine_version": "1.1.18700.4",
                    "result": null,
                    "method": "blacklist",
                    "engine_update": "20211116"
                },
                "Gridinsoft": {
                    "category": "undetected",
                    "engine_name": "Gridinsoft",
                    "engine_version": "1.0.63.162",
                    "result": null,
                    "method": "blacklist",
                    "engine_update": "20211116"
                },
                "Arcabit": {
                    "category": "undetected",
                    "engine_name": "Arcabit",
                    "engine_version": "1.0.0.888",
                    "result": null,
                    "method": "blacklist",
                    "engine_update": "20211116"
                },
                "ViRobot": {
                    "category": "undetected",
                    "engine_name": "ViRobot",
                    "engine_version": "2014.3.20.0",
                    "result": null,
                    "method": "blacklist",
                    "engine_update": "20211116"
                },
                "GData": {
                    "category": "undetected",
                    "engine_name": "GData",
                    "engine_version": "A:25.31360B:27.25174",
                    "result": null,
                    "method": "blacklist",
                    "engine_update": "20211116"
                },
                "TACHYON": {
                    "category": "undetected",
                    "engine_name": "TACHYON",
                    "engine_version": "2021-11-16.02",
                    "result": null,
                    "method": "blacklist",
                    "engine_update": "20211116"
                },
                "BitDefenderFalx": {
                    "category": "undetected",
                    "engine_name": "BitDefenderFalx",
                    "engine_version": "2.0.936",
                    "result": null,
                    "method": "blacklist",
                    "engine_update": "20210610"
                },
                "AhnLab-V3": {
                    "category": "undetected",
                    "engine_name": "AhnLab-V3",
                    "engine_version": "3.21.1.10219",
                    "result": null,
                    "method": "blacklist",
                    "engine_update": "20211116"
                },
                "Acronis": {
                    "category": "type-unsupported",
                    "engine_name": "Acronis",
                    "engine_version": "1.1.1.82",
                    "result": null,
                    "method": "blacklist",
                    "engine_update": "20210512"
                },
                "McAfee": {
                    "category": "undetected",
                    "engine_name": "McAfee",
                    "engine_version": "6.0.6.653",
                    "result": null,
                    "method": "blacklist",
                    "engine_update": "20211116"
                },
                "MAX": {
                    "category": "undetected",
                    "engine_name": "MAX",
                    "engine_version": "2019.9.16.1",
                    "result": null,
                    "method": "blacklist",
                    "engine_update": "20211116"
                },
                "VBA32": {
                    "category": "undetected",
                    "engine_name": "VBA32",
                    "engine_version": "5.0.0",
                    "result": null,
                    "method": "blacklist",
                    "engine_update": "20211116"
                },
                "Cylance": {
                    "category": "timeout",
                    "engine_name": "Cylance",
                    "engine_version": "2.3.1.101",
                    "result": null,
                    "method": "blacklist",
                    "engine_update": "20211116"
                },
                "Zoner": {
                    "category": "undetected",
                    "engine_name": "Zoner",
                    "engine_version": "2.2.2.0",
                    "result": null,
                    "method": "blacklist",
                    "engine_update": "20211115"
                },
                "Rising": {
                    "category": "undetected",
                    "engine_name": "Rising",
                    "engine_version": "25.0.0.26",
                    "result": null,
                    "method": "blacklist",
                    "engine_update": "20211116"
                },
                "Yandex": {
                    "category": "undetected",
                    "engine_name": "Yandex",
                    "engine_version": "5.5.2.24",
                    "result": null,
                    "method": "blacklist",
                    "engine_update": "20211116"
                },
                "Ikarus": {
                    "category": "undetected",
                    "engine_name": "Ikarus",
                    "engine_version": "0.1.5.2",
                    "result": null,
                    "method": "blacklist",
                    "engine_update": "20211116"
                },
                "MaxSecure": {
                    "category": "undetected",
                    "engine_name": "MaxSecure",
                    "engine_version": "1.0.0.1",
                    "result": null,
                    "method": "blacklist",
                    "engine_update": "20211116"
                },
                "Fortinet": {
                    "category": "undetected",
                    "engine_name": "Fortinet",
                    "engine_version": "6.2.142.0",
                    "result": null,
                    "method": "blacklist",
                    "engine_update": "20211116"
                },
                "Cybereason": {
                    "category": "type-unsupported",
                    "engine_name": "Cybereason",
                    "engine_version": "1.2.449",
                    "result": null,
                    "method": "blacklist",
                    "engine_update": "20210330"
                },
                "Panda": {
                    "category": "undetected",
                    "engine_name": "Panda",
                    "engine_version": "4.6.4.2",
                    "result": null,
                    "method": "blacklist",
                    "engine_update": "20211116"
                },
                "CrowdStrike": {
                    "category": "type-unsupported",
                    "engine_name": "CrowdStrike",
                    "engine_version": "1.0",
                    "result": null,
                    "method": "blacklist",
                    "engine_update": "20210203"
                }
            }
        },
        "type": "file",
        "id": "00005f01433a4abb605cdf1088d8c2fd5d7b342368c3a5cb6bd682a7975e23d8",
        "links": {
            "self": "https://www.virustotal.com/api/v3/files/00005f01433a4abb605cdf1088d8c2fd5d7b342368c3a5cb6bd682a7975e23d8"
        }
    }
}