{
    "data": {
        "attributes": {
            "type_description": "Android",
            "tlsh": "T1C6472397FB88F81AD473C03782A1523765990C48B741EE22154DF22C9AF7ED486D9ECE",
            "vhash": "d42418445c108a90f22550db13d85fb7",
            "trid": [
                {
                    "file_type": "Android Package",
                    "probability": 43.2
                },
                {
                    "file_type": "OpenOffice Extension",
                    "probability": 24.1
                },
                {
                    "file_type": "Java Archive",
                    "probability": 15.1
                },
                {
                    "file_type": "Sweet Home 3D design (generic)",
                    "probability": 11.7
                },
                {
                    "file_type": "ZIP compressed archive",
                    "probability": 4.4
                }
            ],
            "names": [
                "00005CE360664A0E9D0F32EE10A8F8D76DFD2233E35C3976DC98D39E7E8922D1.apk",
                "22CF1EB9D4473623101C7663C0259B17",
                "802.apk"
            ],
            "last_modification_date": 1650267552,
            "type_tag": "android",
            "times_submitted": 8,
            "total_votes": {
                "harmless": 0,
                "malicious": 0
            },
            "size": 26178657,
            "type_extension": "apk",
            "last_submission_date": 1648150476,
            "last_analysis_results": {
                "Bkav": {
                    "category": "undetected",
                    "engine_name": "Bkav",
                    "engine_version": "1.3.0.9899",
                    "result": null,
                    "method": "blacklist",
                    "engine_update": "20220416"
                },
                "Lionic": {
                    "category": "undetected",
                    "engine_name": "Lionic",
                    "engine_version": "7.5",
                    "result": null,
                    "method": "blacklist",
                    "engine_update": "20220418"
                },
                "Elastic": {
                    "category": "undetected",
                    "engine_name": "Elastic",
                    "engine_version": "4.0.35",
                    "result": null,
                    "method": "blacklist",
                    "engine_update": "20220302"
                },
                "MicroWorld-eScan": {
                    "category": "undetected",
                    "engine_name": "MicroWorld-eScan",
                    "engine_version": "14.0.409.0",
                    "result": null,
                    "method": "blacklist",
                    "engine_update": "20220418"
                },
                "FireEye": {
                    "category": "undetected",
                    "engine_name": "FireEye",
                    "engine_version": "32.44.1.0",
                    "result": null,
                    "method": "blacklist",
                    "engine_update": "20220418"
                },
                "CAT-QuickHeal": {
                    "category": "undetected",
                    "engine_name": "CAT-QuickHeal",
                    "engine_version": "14.00",
                    "result": null,
                    "method": "blacklist",
                    "engine_update": "20220417"
                },
                "McAfee": {
                    "category": "undetected",
                    "engine_name": "McAfee",
                    "engine_version": "6.0.6.653",
                    "result": null,
                    "method": "blacklist",
                    "engine_update": "20220418"
                },
                "Malwarebytes": {
                    "category": "undetected",
                    "engine_name": "Malwarebytes",
                    "engine_version": "4.2.2.27",
                    "result": null,
                    "method": "blacklist",
                    "engine_update": "20220418"
                },
                "Paloalto": {
                    "category": "type-unsupported",
                    "engine_name": "Paloalto",
                    "engine_version": "0.9.0.1003",
                    "result": null,
                    "method": "blacklist",
                    "engine_update": "20220418"
                },
                "Sangfor": {
                    "category": "undetected",
                    "engine_name": "Sangfor",
                    "engine_version": "2.14.0.0",
                    "result": null,
                    "method": "blacklist",
                    "engine_update": "20220415"
                },
                "Trustlook": {
                    "category": "undetected",
                    "engine_name": "Trustlook",
                    "engine_version": "1.0",
                    "result": null,
                    "method": "blacklist",
                    "engine_update": "20220418"
                },
                "Alibaba": {
                    "category": "undetected",
                    "engine_name": "Alibaba",
                    "engine_version": "0.3.0.5",
                    "result": null,
                    "method": "blacklist",
                    "engine_update": "20190527"
                },
                "K7GW": {
                    "category": "undetected",
                    "engine_name": "K7GW",
                    "engine_version": "12.6.41898",
                    "result": null,
                    "method": "blacklist",
                    "engine_update": "20220418"
                },
                "K7AntiVirus": {
                    "category": "undetected",
                    "engine_name": "K7AntiVirus",
                    "engine_version": "12.6.41891",
                    "result": null,
                    "method": "blacklist",
                    "engine_update": "20220417"
                },
                "Arcabit": {
                    "category": "undetected",
                    "engine_name": "Arcabit",
                    "engine_version": "1.0.0.889",
                    "result": null,
                    "method": "blacklist",
                    "engine_update": "20220418"
                },
                "BitDefenderTheta": {
                    "category": "undetected",
                    "engine_name": "BitDefenderTheta",
                    "engine_version": "7.2.37796.0",
                    "result": null,
                    "method": "blacklist",
                    "engine_update": "20220412"
                },
                "VirIT": {
                    "category": "undetected",
                    "engine_name": "VirIT",
                    "engine_version": "9.5.177",
                    "result": null,
                    "method": "blacklist",
                    "engine_update": "20220415"
                },
                "Cyren": {
                    "category": "undetected",
                    "engine_name": "Cyren",
                    "engine_version": "6.5.1.2",
                    "result": null,
                    "method": "blacklist",
                    "engine_update": "20220418"
                },
                "SymantecMobileInsight": {
                    "category": "undetected",
                    "engine_name": "SymantecMobileInsight",
                    "engine_version": "2.0",
                    "result": null,
                    "method": "blacklist",
                    "engine_update": "20220208"
                },
                "Symantec": {
                    "category": "undetected",
                    "engine_name": "Symantec",
                    "engine_version": "1.17.0.0",
                    "result": null,
                    "method": "blacklist",
                    "engine_update": "20220417"
                },
                "tehtris": {
                    "category": "type-unsupported",
                    "engine_name": "tehtris",
                    "engine_version": "v0.0.7",
                    "result": null,
                    "method": "blacklist",
                    "engine_update": "20220418"
                },
                "ESET-NOD32": {
                    "category": "undetected",
                    "engine_name": "ESET-NOD32",
                    "engine_version": "25124",
                    "result": null,
                    "method": "blacklist",
                    "engine_update": "20220418"
                },
                "Baidu": {
                    "category": "undetected",
                    "engine_name": "Baidu",
                    "engine_version": "1.0.0.2",
                    "result": null,
                    "method": "blacklist",
                    "engine_update": "20190318"
                },
                "TrendMicro-HouseCall": {
                    "category": "undetected",
                    "engine_name": "TrendMicro-HouseCall",
                    "engine_version": "10.0.0.1040",
                    "result": null,
                    "method": "blacklist",
                    "engine_update": "20220418"
                },
                "Avast": {
                    "category": "undetected",
                    "engine_name": "Avast",
                    "engine_version": "21.1.5827.0",
                    "result": null,
                    "method": "blacklist",
                    "engine_update": "20220418"
                },
                "ClamAV": {
                    "category": "undetected",
                    "engine_name": "ClamAV",
                    "engine_version": "0.104.2.0",
                    "result": null,
                    "method": "blacklist",
                    "engine_update": "20220417"
                },
                "Kaspersky": {
                    "category": "undetected",
                    "engine_name": "Kaspersky",
                    "engine_version": "21.0.1.45",
                    "result": null,
                    "method": "blacklist",
                    "engine_update": "20220418"
                },
                "BitDefender": {
                    "category": "undetected",
                    "engine_name": "BitDefender",
                    "engine_version": "7.2",
                    "result": null,
                    "method": "blacklist",
                    "engine_update": "20220418"
                },
                "NANO-Antivirus": {
                    "category": "undetected",
                    "engine_name": "NANO-Antivirus",
                    "engine_version": "1.0.146.25576",
                    "result": null,
                    "method": "blacklist",
                    "engine_update": "20220418"
                },
                "Cynet": {
                    "category": "type-unsupported",
                    "engine_name": "Cynet",
                    "engine_version": "4.0.0.27",
                    "result": null,
                    "method": "blacklist",
                    "engine_update": "20220418"
                },
                "SUPERAntiSpyware": {
                    "category": "undetected",
                    "engine_name": "SUPERAntiSpyware",
                    "engine_version": "5.6.0.1032",
                    "result": null,
                    "method": "blacklist",
                    "engine_update": "20220416"
                },
                "Tencent": {
                    "category": "undetected",
                    "engine_name": "Tencent",
                    "engine_version": "1.0.0.1",
                    "result": null,
                    "method": "blacklist",
                    "engine_update": "20220418"
                },
                "Ad-Aware": {
                    "category": "undetected",
                    "engine_name": "Ad-Aware",
                    "engine_version": "3.0.21.193",
                    "result": null,
                    "method": "blacklist",
                    "engine_update": "20220418"
                },
                "Emsisoft": {
                    "category": "undetected",
                    "engine_name": "Emsisoft",
                    "engine_version": "2021.5.0.7597",
                    "result": null,
                    "method": "blacklist",
                    "engine_update": "20220418"
                },
                "Comodo": {
                    "category": "undetected",
                    "engine_name": "Comodo",
                    "engine_version": "34540",
                    "result": null,
                    "method": "blacklist",
                    "engine_update": "20220417"
                },
                "F-Secure": {
                    "category": "undetected",
                    "engine_name": "F-Secure",
                    "engine_version": "12.0.86.52",
                    "result": null,
                    "method": "blacklist",
                    "engine_update": "20220416"
                },
                "DrWeb": {
                    "category": "undetected",
                    "engine_name": "DrWeb",
                    "engine_version": "7.0.54.3080",
                    "result": null,
                    "method": "blacklist",
                    "engine_update": "20220418"
                },
                "Zillya": {
                    "category": "failure",
                    "engine_name": "Zillya",
                    "engine_version": "2.0.0.4613",
                    "result": null,
                    "method": "blacklist",
                    "engine_update": "20220415"
                },
                "TrendMicro": {
                    "category": "undetected",
                    "engine_name": "TrendMicro",
                    "engine_version": "11.0.0.1006",
                    "result": null,
                    "method": "blacklist",
                    "engine_update": "20220418"
                },
                "McAfee-GW-Edition": {
                    "category": "undetected",
                    "engine_name": "McAfee-GW-Edition",
                    "engine_version": "v2019.1.2+3728",
                    "result": null,
                    "method": "blacklist",
                    "engine_update": "20220417"
                },
                "SentinelOne": {
                    "category": "type-unsupported",
                    "engine_name": "SentinelOne",
                    "engine_version": "22.2.1.2",
                    "result": null,
                    "method": "blacklist",
                    "engine_update": "20220330"
                },
                "Trapmine": {
                    "category": "type-unsupported",
                    "engine_name": "Trapmine",
                    "engine_version": "3.5.45.75",
                    "result": null,
                    "method": "blacklist",
                    "engine_update": "20220217"
                },
                "CMC": {
                    "category": "undetected",
                    "engine_name": "CMC",
                    "engine_version": "2.10.2019.1",
                    "result": null,
                    "method": "blacklist",
                    "engine_update": "20211026"
                },
                "Sophos": {
                    "category": "undetected",
                    "engine_name": "Sophos",
                    "engine_version": "1.4.1.0",
                    "result": null,
                    "method": "blacklist",
                    "engine_update": "20220417"
                },
                "APEX": {
                    "category": "type-unsupported",
                    "engine_name": "APEX",
                    "engine_version": "6.282",
                    "result": null,
                    "method": "blacklist",
                    "engine_update": "20220416"
                },
                "Avast-Mobile": {
                    "category": "undetected",
                    "engine_name": "Avast-Mobile",
                    "engine_version": "220417-02",
                    "result": null,
                    "method": "blacklist",
                    "engine_update": "20220417"
                },
                "Jiangmin": {
                    "category": "undetected",
                    "engine_name": "Jiangmin",
                    "engine_version": "16.0.100",
                    "result": null,
                    "method": "blacklist",
                    "engine_update": "20220417"
                },
                "Webroot": {
                    "category": "type-unsupported",
                    "engine_name": "Webroot",
                    "engine_version": "1.0.0.403",
                    "result": null,
                    "method": "blacklist",
                    "engine_update": "20220418"
                },
                "Avira": {
                    "category": "undetected",
                    "engine_name": "Avira",
                    "engine_version": "8.3.3.14",
                    "result": null,
                    "method": "blacklist",
                    "engine_update": "20220418"
                },
                "Antiy-AVL": {
                    "category": "undetected",
                    "engine_name": "Antiy-AVL",
                    "engine_version": "3.0.0.1",
                    "result": null,
                    "method": "blacklist",
                    "engine_update": "20220417"
                },
                "Kingsoft": {
                    "category": "undetected",
                    "engine_name": "Kingsoft",
                    "engine_version": "2017.9.26.565",
                    "result": null,
                    "method": "blacklist",
                    "engine_update": "20220418"
                },
                "Gridinsoft": {
                    "category": "undetected",
                    "engine_name": "Gridinsoft",
                    "engine_version": "1.0.75.174",
                    "result": null,
                    "method": "blacklist",
                    "engine_update": "20220418"
                },
                "Microsoft": {
                    "category": "undetected",
                    "engine_name": "Microsoft",
                    "engine_version": "1.1.19100.5",
                    "result": null,
                    "method": "blacklist",
                    "engine_update": "20220418"
                },
                "ViRobot": {
                    "category": "undetected",
                    "engine_name": "ViRobot",
                    "engine_version": "2014.3.20.0",
                    "result": null,
                    "method": "blacklist",
                    "engine_update": "20220418"
                },
                "ZoneAlarm": {
                    "category": "undetected",
                    "engine_name": "ZoneAlarm",
                    "engine_version": "1.0",
                    "result": null,
                    "method": "blacklist",
                    "engine_update": "20220418"
                },
                "GData": {
                    "category": "undetected",
                    "engine_name": "GData",
                    "engine_version": "A:25.32831B:27.27064",
                    "result": null,
                    "method": "blacklist",
                    "engine_update": "20220418"
                },
                "TACHYON": {
                    "category": "undetected",
                    "engine_name": "TACHYON",
                    "engine_version": "2022-04-18.01",
                    "result": null,
                    "method": "blacklist",
                    "engine_update": "20220418"
                },
                "BitDefenderFalx": {
                    "category": "undetected",
                    "engine_name": "BitDefenderFalx",
                    "engine_version": "2.0.936",
                    "result": null,
                    "method": "blacklist",
                    "engine_update": "20220103"
                },
                "AhnLab-V3": {
                    "category": "undetected",
                    "engine_name": "AhnLab-V3",
                    "engine_version": "3.21.3.10230",
                    "result": null,
                    "method": "blacklist",
                    "engine_update": "20220418"
                },
                "Acronis": {
                    "category": "undetected",
                    "engine_name": "Acronis",
                    "engine_version": "1.2.0.107",
                    "result": null,
                    "method": "blacklist",
                    "engine_update": "20220414"
                },
                "VBA32": {
                    "category": "undetected",
                    "engine_name": "VBA32",
                    "engine_version": "5.0.0",
                    "result": null,
                    "method": "blacklist",
                    "engine_update": "20220415"
                },
                "ALYac": {
                    "category": "undetected",
                    "engine_name": "ALYac",
                    "engine_version": "1.1.3.1",
                    "result": null,
                    "method": "blacklist",
                    "engine_update": "20220418"
                },
                "MAX": {
                    "category": "undetected",
                    "engine_name": "MAX",
                    "engine_version": "2019.9.16.1",
                    "result": null,
                    "method": "blacklist",
                    "engine_update": "20220418"
                },
                "Cylance": {
                    "category": "type-unsupported",
                    "engine_name": "Cylance",
                    "engine_version": "2.3.1.101",
                    "result": null,
                    "method": "blacklist",
                    "engine_update": "20220418"
                },
                "Zoner": {
                    "category": "undetected",
                    "engine_name": "Zoner",
                    "engine_version": "2.2.2.0",
                    "result": null,
                    "method": "blacklist",
                    "engine_update": "20220417"
                },
                "Rising": {
                    "category": "undetected",
                    "engine_name": "Rising",
                    "engine_version": "25.0.0.27",
                    "result": null,
                    "method": "blacklist",
                    "engine_update": "20220418"
                },
                "Yandex": {
                    "category": "undetected",
                    "engine_name": "Yandex",
                    "engine_version": "5.5.2.24",
                    "result": null,
                    "method": "blacklist",
                    "engine_update": "20220417"
                },
                "Ikarus": {
                    "category": "undetected",
                    "engine_name": "Ikarus",
                    "engine_version": "6.0.23.0",
                    "result": null,
                    "method": "blacklist",
                    "engine_update": "20220417"
                },
                "MaxSecure": {
                    "category": "undetected",
                    "engine_name": "MaxSecure",
                    "engine_version": "1.0.0.1",
                    "result": null,
                    "method": "blacklist",
                    "engine_update": "20220416"
                },
                "Fortinet": {
                    "category": "undetected",
                    "engine_name": "Fortinet",
                    "engine_version": "6.2.142.0",
                    "result": null,
                    "method": "blacklist",
                    "engine_update": "20220418"
                },
                "Cybereason": {
                    "category": "type-unsupported",
                    "engine_name": "Cybereason",
                    "engine_version": "1.2.449",
                    "result": null,
                    "method": "blacklist",
                    "engine_update": "20210330"
                },
                "Panda": {
                    "category": "undetected",
                    "engine_name": "Panda",
                    "engine_version": "4.6.4.2",
                    "result": null,
                    "method": "blacklist",
                    "engine_update": "20220417"
                },
                "CrowdStrike": {
                    "category": "type-unsupported",
                    "engine_name": "CrowdStrike",
                    "engine_version": "1.0",
                    "result": null,
                    "method": "blacklist",
                    "engine_update": "20210907"
                }
            },
            "sha256": "00005ce360664a0e9d0f32ee10a8f8d76dfd2233e35c3976dc98d39e7e8922d1",
            "tags": [
                "apk",
                "android",
                "runtime-modules",
                "reflection",
                "telephony"
            ],
            "last_analysis_date": 1650258132,
            "unique_sources": 4,
            "first_submission_date": 1486298417,
            "sha1": "dbca30a48be6f1e3e6a2e3d820939c8075fff59c",
            "ssdeep": "786432:tw9QqefgUirKEWWP4hHeRVvB5hssUcfBjel+PEH:fBWJvVLfBe0c",
            "bundle_info": {
                "highest_datetime": "2016-08-21 04:55:54",
                "lowest_datetime": "2016-08-21 04:52:02",
                "num_children": 2339,
                "extensions": {
                    "xml": 87,
                    "png": 912
                },
                "file_types": {
                    "XML": 87,
                    "unknown": 1,
                    "PNG": 912
                },
                "type": "APK",
                "uncompressed_size": 1516661
            },
            "packers": {
                "F-PROT": "appended"
            },
            "md5": "22cf1eb9d4473623101c7663c0259b17",
            "androguard": {
                "VTAndroidInfo": 2.0,
                "AndroidApplicationError": false,
                "MinSdkVersion": "16",
                "AndroguardVersion": "3.4.0a1",
                "Activities": [
                    "com.netpulse.mobile.start.ui.LaunchActivity",
                    "com.netpulse.mobile.start.ui.StartActivity",
                    "com.netpulse.mobile.branch.ui.BranchEntryActivity",
                    "com.netpulse.mobile.login.ui.AutoLoginActivity",
                    "com.netpulse.mobile.dashboard.ui.DashboardActivity",
                    "com.netpulse.mobile.app_tour.InAppTourActivity",
                    "com.netpulse.mobile.support.ui.SupportActivity",
                    "com.netpulse.mobile.training.ui.TrainingActivity",
                    "com.netpulse.mobile.about.ui.AboutActivity",
                    "com.netpulse.mobile.settings.ui.BasePreferencesActivity",
                    "com.netpulse.mobile.account_linking.ui.AccountLinkingActivity",
                    "com.netpulse.mobile.findaclass.MyIClubPaymentActivity",
                    "com.netpulse.mobile.workouts.ui.RecordWorkoutActivity",
                    "com.netpulse.mobile.workouts.ui.WorkoutsActivity",
                    "com.netpulse.mobile.workouts.ui.EditWorkoutActivity",
                    "com.netpulse.mobile.workouts.ui.WorkoutDetailsActivity",
                    "com.netpulse.mobile.challenges.ui.ChallengeListActivity",
                    "com.netpulse.mobile.challenges.ui.ChallengeInfoActivity",
                    "com.netpulse.mobile.goalcenter.ui.GoalCenterActivity",
                    "com.netpulse.mobile.goalcenter.ui.GoalWizardActivity",
                    "com.netpulse.mobile.social.ui.SocialFeedActivity",
                    "com.netpulse.mobile.social.ui.SocialFeedCommentsActivity",
                    "com.netpulse.mobile.social.ui.EditSocialCommentActivity",
                    "com.netpulse.mobile.social.ui.ApplauderActivity",
                    "com.netpulse.mobile.locate_user.ui.LocateByEmailActivity",
                    "com.netpulse.mobile.locate_user.ui.LocateByBarcodeActivity",
                    "com.netpulse.mobile.locate_user.ui.ConfirmEmailActivity",
                    "com.netpulse.mobile.change_email.ChangeEmailActivity",
                    "com.netpulse.mobile.login.ui.LoginActivity",
                    "com.netpulse.mobile.web_login.WebLoginActivity",
                    "com.netpulse.mobile.migration.club_migration.ClubMigrationActivity",
                    "com.netpulse.mobile.register.RegisterActivityMVP",
                    "com.netpulse.mobile.register.CompleteProfileActivity",
                    "com.netpulse.mobile.forgot_pass.ui.ForgotPasscodeActivity",
                    "com.netpulse.mobile.workouts.ui.SnapActivity",
                    "com.netpulse.mobile.social.ui.BlockedUsersActivity",
                    "com.netpulse.mobile.social.ui.OtherUserProfileActivity",
                    "com.netpulse.mobile.findaclass.HomeClubActivity",
                    "com.netpulse.mobile.findaclass.FavoriteClubsActivity",
                    "com.netpulse.mobile.findaclass.GroupExTourActivity",
                    "com.netpulse.mobile.groupx.GroupXClassDetailsActivity",
                    "com.netpulse.mobile.findaclass.MyIClubAuthActivity",
                    "com.netpulse.mobile.findaclass.TimelineDetailsActivity",
                    "com.netpulse.mobile.findaclass.CompanyListActivity",
                    "com.netpulse.mobile.findaclass.ClubActivity",
                    "com.netpulse.mobile.rewards.ui.RewardsActivity",
                    "com.netpulse.mobile.refer_friend.ReferFriendSwitchActivity",
                    "com.netpulse.mobile.refer_friend.ReferFriendErrorActivity",
                    "com.netpulse.mobile.refer_friend.ReferFriendWebViewActivity",
                    "com.netpulse.mobile.refer_friend.ReferFriendActivity",
                    "com.netpulse.mobile.advanced_referrals.ui.tabbed.ReferFriendAdvancedActivity",
                    "com.netpulse.mobile.refer_friend.ReferFriendExtActivity",
                    "com.netpulse.mobile.club_finder.ClubFinderActivity",
                    "com.netpulse.mobile.register.ui.HomeClubFinderActivity",
                    "com.netpulse.mobile.register.ui.GuestPassHomeClubFinderActivity",
                    "com.netpulse.mobile.legacy.ui.ForgotHomeClubActivity",
                    "com.netpulse.mobile.register.MigrateToABCActivity",
                    "com.netpulse.mobile.deals.ui.DealsListsActivity",
                    "com.netpulse.mobile.deals.ui.DealDetailsActivity",
                    "com.netpulse.mobile.notificationcenter.NotificationCenterActivity",
                    "com.netpulse.mobile.myaccount.ui.MyAccountActivity",
                    "com.netpulse.mobile.myaccount.ui.MyScheduleActivity",
                    "com.netpulse.mobile.contacts.ContactsInfoActivity",
                    "com.netpulse.mobile.chekin.ui.ClubCheckinActivity",
                    "com.netpulse.mobile.chekin.ui.ScanBarcodeActivity",
                    "com.netpulse.mobile.chekin.ui.EditBarcodeActivity",
                    "com.netpulse.mobile.trialpass.TrialPassActivity",
                    "com.netpulse.mobile.personal_training.PersonalTrainingWebViewActivity",
                    "com.netpulse.mobile.contacts.ContactsClubFinderActivity",
                    "com.netpulse.mobile.book_appointment.ui.BookAppointmentActivity",
                    "com.netpulse.mobile.gymInfo.GroupExWithLocationActivity",
                    "com.netpulse.mobile.gymInfo.GymInfoExternalUrlActivity",
                    "com.netpulse.mobile.gymInfo.GroupExClubListActivity",
                    "com.netpulse.mobile.club_news.ui.ClubNewsActivity",
                    "com.netpulse.mobile.club_news.ui.ClubNewsWebActivity",
                    "com.netpulse.mobile.social_media.ui.SocialMediaActivity",
                    "com.netpulse.mobile.about.ui.CopyrightingPolicyActivity",
                    "com.netpulse.mobile.about.ui.PrivacyPolicyActivity",
                    "com.netpulse.mobile.guest_pass.ui.LiabilityTermsActivity",
                    "com.netpulse.mobile.about.ui.TermsUseActivity",
                    "com.netpulse.mobile.about.ui.IdentityProviderTermsUseActivity",
                    "com.netpulse.mobile.start.ui.InterstitialActivity",
                    "com.netpulse.mobile.trialpass_webview.TrialPassWebViewActivity",
                    "com.netpulse.mobile.gymInfo.GymCustomSectionActivity",
                    "com.netpulse.mobile.integration.mye.ui.MYEDialogActivity",
                    "com.netpulse.mobile.dynamic_tile.DynamicWebTileActivity",
                    "com.netpulse.mobile.lfcodes.ui.ScanQrLfActivity",
                    "com.netpulse.mobile.guest_pass.signup.GuestPassSignUpActivity",
                    "com.netpulse.mobile.guest_pass.GuestPassActivity",
                    "com.facebook.FacebookActivity",
                    "com.netpulse.mobile.guest_mode.ui.LockedFeaturesActivity",
                    "com.netpulse.mobile.guest_mode.JoinNowWebViewActivity",
                    "com.netpulse.mobile.register.JoinNowUpgradeSuccessActivity",
                    "com.netpulse.mobile.groupx.PurchaseActivity",
                    "com.netpulse.mobile.rewards_ext.ui.activity.RewardsImprovedActivity",
                    "com.netpulse.mobile.rewards_ext.ui.activity.RewardsWelcomeActivity",
                    "com.netpulse.mobile.rewards_ext.ui.activity.RewardsTermAndConditionsActivity",
                    "com.netpulse.mobile.rewards_ext.ui.activity.RewardClaimActivity",
                    "com.netpulse.mobile.rewards_ext.ui.activity.RewardRedeemActivity",
                    "com.netpulse.mobile.rewards_ext.ui.activity.RewardsHistoryActivity"
                ],
                "certificate": {
                    "Subject": {
                        "DN": "C:US, O:Netpulse Inc",
                        "C": "US",
                        "O": "Netpulse Inc"
                    },
                    "validto": "2043-10-31 18:00:51",
                    "serialnumber": "1eaf7095",
                    "thumbprint": "5bf10210fe115c4ed769fbddccb15a57de3c6b22",
                    "validfrom": "2016-06-14 18:00:51",
                    "Issuer": {
                        "DN": "C:US, O:Netpulse Inc",
                        "C": "US",
                        "O": "Netpulse Inc"
                    }
                },
                "AndroidApplication": 1,
                "RiskIndicator": {
                    "PERM": {
                        "DANGEROUS": 3,
                        "GPS": 2,
                        "PRIVACY": 8,
                        "INTERNET": 1,
                        "NORMAL": 4
                    }
                },
                "Services": [
                    "com.netpulse.mobile.legacy.task.TasksService",
                    "com.exacttarget.etpushsdk.ETPushService",
                    "com.netpulse.mobile.gcm.GcmIntentService",
                    "com.netpulse.mobile.core.stats.SendNetpulseStatsIntentService",
                    "com.netpulse.mobile.core.util.GetUserLocationAndShowGeoPushIntentService",
                    "com.lf.api.WorkoutManager",
                    "com.google.android.gms.measurement.AppMeasurementService",
                    "com.digits.sdk.android.ContactsUploadService",
                    "com.exacttarget.etpushsdk.ETInstanceIdListenerService",
                    "com.exacttarget.etpushsdk.ETLocationService"
                ],
                "AndroidVersionCode": "106",
                "main_activity": "com.netpulse.mobile.start.ui.LaunchActivity",
                "Package": "com.netpulse.mobile.creekbridgefitness",
                "intent_filters": {
                    "Services": {
                        "com.exacttarget.etpushsdk.ETInstanceIdListenerService": {
                            "action": [
                                "com.google.android.gms.iid.InstanceID"
                            ]
                        },
                        "com.exacttarget.etpushsdk.ETPushService": {
                            "action": [
                                "com.google.android.c2dm.intent.RECEIVE"
                            ]
                        }
                    },
                    "Activities": {
                        "com.netpulse.mobile.start.ui.LaunchActivity": {
                            "action": [
                                "android.intent.action.MAIN"
                            ],
                            "category": [
                                "android.intent.category.LAUNCHER"
                            ]
                        },
                        "com.netpulse.mobile.web_login.WebLoginActivity": {
                            "action": [
                                "android.intent.action.VIEW"
                            ]
                        },
                        "com.netpulse.mobile.lfcodes.ui.ScanNfcLfActivity": {
                            "action": [
                                "android.nfc.action.NDEF_DISCOVERED"
                            ],
                            "category": [
                                "android.intent.category.DEFAULT"
                            ]
                        },
                        "com.netpulse.mobile.account_linking.ui.AccountLinkingActivity": {
                            "action": [
                                "android.intent.action.VIEW"
                            ],
                            "category": [
                                "android.intent.category.DEFAULT",
                                "android.intent.category.BROWSABLE"
                            ]
                        },
                        "com.netpulse.mobile.challenges.ui.ChallengeInfoActivity": {
                            "action": [
                                "android.intent.action.VIEW"
                            ],
                            "category": [
                                "android.intent.category.DEFAULT"
                            ]
                        },
                        "com.netpulse.mobile.login.ui.LoginActivity": {
                            "action": [
                                "android.intent.action.VIEW"
                            ]
                        },
                        "com.netpulse.mobile.login.ui.AutoLoginActivity": {
                            "action": [
                                "android.intent.action.VIEW"
                            ],
                            "category": [
                                "android.intent.category.DEFAULT",
                                "android.intent.category.BROWSABLE"
                            ]
                        },
                        "com.netpulse.mobile.branch.ui.BranchEntryActivity": {
                            "action": [
                                "android.intent.action.VIEW"
                            ],
                            "category": [
                                "android.intent.category.DEFAULT",
                                "android.intent.category.BROWSABLE"
                            ]
                        }
                    },
                    "Receivers": {
                        "com.google.android.gms.measurement.AppMeasurementReceiver": {
                            "action": [
                                "com.google.android.gms.measurement.UPLOAD"
                            ]
                        },
                        "com.exacttarget.etpushsdk.ETPushReceiver": {
                            "action": [
                                "com.netpulse.mobile.creekbridgefitness.MESSAGE_OPENED",
                                "com.exacttarget.etpushsdk.SEND_REGISTRATION",
                                "com.google.android.c2dm.intent.RECEIVE",
                                "com.google.android.c2dm.intent.REGISTRATION",
                                "android.intent.action.ACTION_SHUTDOWN",
                                "android.intent.action.AIRPLANE_MODE",
                                "android.intent.action.BOOT_COMPLETED",
                                "android.intent.action.BATTERY_LOW",
                                "android.intent.action.BATTERY_OKAY",
                                "android.intent.action.PACKAGE_REPLACED"
                            ],
                            "category": [
                                "com.netpulse.mobile.creekbridgefitness"
                            ]
                        },
                        "com.netpulse.mobile.gcm.GcmBroadcastReceiver": {
                            "action": [
                                "com.google.android.c2dm.intent.RECEIVE",
                                "com.google.android.c2dm.intent.REGISTRATION",
                                "com.exacttarget.etpushsdk.SEND_REGISTRATION"
                            ],
                            "category": [
                                "com.netpulse.mobile.creekbridgefitness"
                            ]
                        }
                    }
                },
                "AndroidVersionName": "1.3",
                "TargetSdkVersion": "23",
                "AndroidApplicationInfo": "APK",
                "Providers": [
                    "com.netpulse.mobile.core.storage.StorageProvider",
                    "com.google.android.gms.measurement.AppMeasurementContentProvider"
                ],
                "permission_details": {
                    "android.permission.ACCESS_FINE_LOCATION": {
                        "short_description": "precise location (GPS and\n      network-based)",
                        "full_description": "Allows the app to get your\n      precise location using the Global Positioning System (GPS) or network\n      location sources such as cell towers and Wi-Fi. These location services\n      must be turned on and available to your device for the app to use them.\n      Apps may use this to determine where you are, and may consume additional\n      battery power.",
                        "permission_type": "dangerous"
                    },
                    "android.permission.READ_EXTERNAL_STORAGE": {
                        "short_description": "read the contents of your SD card",
                        "full_description": "Allows the app to read the contents of your SD card.",
                        "permission_type": "dangerous"
                    },
                    "android.permission.RECEIVE_BOOT_COMPLETED": {
                        "short_description": "run at startup",
                        "full_description": "Allows the app to\n        have itself started as soon as the system has finished booting.\n        This can make it take longer to start the phone and allow the\n        app to slow down the overall phone by always running.",
                        "permission_type": "normal"
                    },
                    "android.permission.INTERNET": {
                        "short_description": "full network access",
                        "full_description": "Allows the app to create\n     network sockets and use custom network protocols. The browser and other\n     applications provide means to send data to the internet, so this\n     permission is not required to send data to the internet.",
                        "permission_type": "normal"
                    },
                    "android.permission.READ_CALENDAR": {
                        "short_description": "read calendar events plus confidential information",
                        "full_description": "Allows the app to\n       read all calendar events stored on your phone, including those of friends\n       or co-workers. This may allow the app to share or save your calendar data,\n       regardless of confidentiality or sensitivity.",
                        "permission_type": "dangerous"
                    },
                    "com.netpulse.mobile.creekbridgefitness.permission.C2D_MESSAGE": {
                        "short_description": "Unknown permission from android reference",
                        "full_description": "Unknown permission from android reference",
                        "permission_type": "normal"
                    },
                    "android.permission.CAMERA": {
                        "short_description": "take pictures and videos",
                        "full_description": "Allows the app to take pictures and videos\n      with the camera.  This permission allows the app to use the camera at any\n      time without your confirmation.",
                        "permission_type": "dangerous"
                    },
                    "com.google.android.c2dm.permission.RECEIVE": {
                        "short_description": "Unknown permission from android reference",
                        "full_description": "Unknown permission from android reference",
                        "permission_type": "normal"
                    },
                    "android.permission.WAKE_LOCK": {
                        "short_description": "prevent phone from sleeping",
                        "full_description": "Allows the app to prevent the phone from going to sleep.",
                        "permission_type": "normal"
                    },
                    "android.permission.CALL_PHONE": {
                        "short_description": "directly call phone numbers",
                        "full_description": "Allows the app to call phone numbers\n      without your intervention. This may result in unexpected charges or calls.\n      Note that this doesn't allow the app to call emergency numbers.\n      Malicious apps may cost you money by making calls without your\n      confirmation.",
                        "permission_type": "dangerous"
                    },
                    "android.permission.ACCESS_WIFI_STATE": {
                        "short_description": "view Wi-Fi connections",
                        "full_description": "Allows the app to view information\n      about Wi-Fi networking, such as whether Wi-Fi is enabled and name of\n      connected Wi-Fi devices.",
                        "permission_type": "normal"
                    },
                    "android.permission.READ_PHONE_STATE": {
                        "short_description": "read phone status and identity",
                        "full_description": "Allows the app to access the phone\n      features of the device.  This permission allows the app to determine the\n      phone number and device IDs, whether a call is active, and the remote number\n      connected by a call.",
                        "permission_type": "dangerous"
                    },
                    "android.permission.ACCESS_NETWORK_STATE": {
                        "short_description": "view network connections",
                        "full_description": "Allows the app to view\n      information about network connections such as which networks exist and are\n      connected.",
                        "permission_type": "normal"
                    },
                    "android.permission.ACCESS_COARSE_LOCATION": {
                        "short_description": "approximate location\n      (network-based)",
                        "full_description": "Allows the app to get your\n      approximate location. This location is derived by location services using\n      network location sources such as cell towers and Wi-Fi. These location\n      services must be turned on and available to your device for the app to\n      use them. Apps may use this to determine approximately where you\n      are.",
                        "permission_type": "dangerous"
                    },
                    "android.permission.WRITE_EXTERNAL_STORAGE": {
                        "short_description": "modify or delete the contents of your SD card",
                        "full_description": "Allows the app to write to the SD card.",
                        "permission_type": "dangerous"
                    },
                    "android.permission.READ_CONTACTS": {
                        "short_description": "read your contacts",
                        "full_description": "Allows the app to\n      read data about your contacts stored on your phone, including the\n      frequency with which you've called, emailed, or communicated in other ways\n      with specific individuals. This permission allows apps to save your\n      contact data, and malicious apps may share contact data without your\n      knowledge.",
                        "permission_type": "dangerous"
                    },
                    "android.permission.GET_ACCOUNTS": {
                        "short_description": "find accounts on the device",
                        "full_description": "Allows the app to get\n      the list of accounts known by the phone.  This may include any accounts\n      created by applications you have installed.",
                        "permission_type": "dangerous"
                    },
                    "android.permission.WRITE_CALENDAR": {
                        "short_description": "add or modify calendar events and send email to guests without owners' knowledge",
                        "full_description": "Allows the app to\n        add, remove, change events that you can modify on your phone, including\n        those of friends or co-workers. This may allow the app to send messages\n        that appear to come from calendar owners, or modify events without the\n        owners' knowledge.",
                        "permission_type": "dangerous"
                    }
                },
                "Receivers": [
                    "com.netpulse.mobile.gcm.GcmBroadcastReceiver",
                    "com.exacttarget.etpushsdk.ETPushReceiver",
                    "com.google.android.gms.measurement.AppMeasurementReceiver",
                    "com.exacttarget.etpushsdk.ETLocationReceiver"
                ],
                "StringsInformation": [
                    "http://api.clubcom.com",
                    "http://hostname/?",
                    "http://maps.google.com/maps?daddr=",
                    "http://plus.google.com/",
                    "http://schemas.android.com/apk/res/android",
                    "http://www.google-analytics.com",
                    "https://%s.recs.igodigital.com/a/v2/%s/%s/recommend.json",
                    "https://.facebook.com",
                    "https://api",
                    "https://api.digits.com",
                    "https://api.netpulse.com",
                    "https://api.twitter.com",
                    "https://app-measurement.com/a",
                    "https://app.igodigital.com/api/v1/collect/process_batch",
                    "https://consumer.exacttargetapis.com/device/v1/event/analytic",
                    "https://consumer.exacttargetapis.com/device/v1/location/{et_app_id}/fence/?latitude={latitude}&longitude={longitude}&deviceid={device_id}",
                    "https://consumer.exacttargetapis.com/device/v1/location/{et_app_id}/proximity/?latitude={latitude}&longitude={longitude}&deviceid={device_id}",
                    "https://consumer.exacttargetapis.com/device/v1/registration",
                    "https://consumer.exacttargetapis.com/device/v1/{et_app_id}/message/?deviceid={device_id}&messagetype={messagetype}&contenttype={contenttype}",
                    "https://facebook.com",
                    "https://graph-video.%s",
                    "https://graph.%s",
                    "https://play.google.com/store/apps/details?id=",
                    "https://play.google.com/store/apps/details?id=%s",
                    "https://ssl.google-analytics.com",
                    "https://stage.app.igodigital.com/api/v1/collect/qa/s1qa1/process_batch",
                    "https://stage.app.igodigital.com/api/v1/collect/qa/s1qa3/process_batch",
                    "https://syndication.twitter.com",
                    "https://twitter.com/?",
                    "https://twitter.com/tos",
                    "https://www.digits.com",
                    "https://www.lfconnect.com/web/tos.jsp",
                    "https://www.myiclubonline.com/clubapps/index.php?club=%1$s&eventDate=%2$s&eventItemId=%3$s#enroll"
                ]
            },
            "magic": "Zip archive data, at least v2.0 to extract",
            "last_analysis_stats": {
                "harmless": 0,
                "type-unsupported": 10,
                "suspicious": 0,
                "confirmed-timeout": 0,
                "timeout": 0,
                "failure": 1,
                "malicious": 0,
                "undetected": 62
            },
            "meaningful_name": "00005CE360664A0E9D0F32EE10A8F8D76DFD2233E35C3976DC98D39E7E8922D1.apk",
            "reputation": 0
        },
        "type": "file",
        "id": "00005ce360664a0e9d0f32ee10a8f8d76dfd2233e35c3976dc98d39e7e8922d1",
        "links": {
            "self": "https://www.virustotal.com/api/v3/files/00005ce360664a0e9d0f32ee10a8f8d76dfd2233e35c3976dc98d39e7e8922d1"
        }
    }
}