{
    "data": {
        "attributes": {
            "type_description": "Android",
            "tlsh": "T152B61243E2D5BB9ECD73493262E407460249DC168231DE974BB7772FECFA9812A46D8C",
            "vhash": "355b4e00531bdeb8694f4ab935e1da1d",
            "trid": [
                {
                    "file_type": "Android Package",
                    "probability": 57.0
                },
                {
                    "file_type": "Java Archive",
                    "probability": 20.0
                },
                {
                    "file_type": "Sweet Home 3D design (generic)",
                    "probability": 15.5
                },
                {
                    "file_type": "ZIP compressed archive",
                    "probability": 5.9
                },
                {
                    "file_type": "PrintFox/Pagefox bitmap (640x800)",
                    "probability": 1.4
                }
            ],
            "names": [
                "0000120C5998A69C7907706CA1BDBBF98CCD884891D68CDE4D87BB530AEAF015.apk"
            ],
            "last_modification_date": 1648092974,
            "type_tag": "android",
            "times_submitted": 5,
            "total_votes": {
                "harmless": 0,
                "malicious": 0
            },
            "size": 10936955,
            "type_extension": "apk",
            "last_submission_date": 1648085665,
            "last_analysis_results": {
                "Bkav": {
                    "category": "undetected",
                    "engine_name": "Bkav",
                    "engine_version": "1.3.0.9899",
                    "result": null,
                    "method": "blacklist",
                    "engine_update": "20220322"
                },
                "Lionic": {
                    "category": "undetected",
                    "engine_name": "Lionic",
                    "engine_version": "7.5",
                    "result": null,
                    "method": "blacklist",
                    "engine_update": "20220323"
                },
                "Elastic": {
                    "category": "type-unsupported",
                    "engine_name": "Elastic",
                    "engine_version": "4.0.35",
                    "result": null,
                    "method": "blacklist",
                    "engine_update": "20220302"
                },
                "MicroWorld-eScan": {
                    "category": "undetected",
                    "engine_name": "MicroWorld-eScan",
                    "engine_version": "14.0.409.0",
                    "result": null,
                    "method": "blacklist",
                    "engine_update": "20220324"
                },
                "FireEye": {
                    "category": "undetected",
                    "engine_name": "FireEye",
                    "engine_version": "32.44.1.0",
                    "result": null,
                    "method": "blacklist",
                    "engine_update": "20220324"
                },
                "CAT-QuickHeal": {
                    "category": "undetected",
                    "engine_name": "CAT-QuickHeal",
                    "engine_version": "14.00",
                    "result": null,
                    "method": "blacklist",
                    "engine_update": "20220323"
                },
                "McAfee": {
                    "category": "undetected",
                    "engine_name": "McAfee",
                    "engine_version": "6.0.6.653",
                    "result": null,
                    "method": "blacklist",
                    "engine_update": "20220323"
                },
                "Malwarebytes": {
                    "category": "undetected",
                    "engine_name": "Malwarebytes",
                    "engine_version": "4.2.2.27",
                    "result": null,
                    "method": "blacklist",
                    "engine_update": "20220323"
                },
                "Paloalto": {
                    "category": "type-unsupported",
                    "engine_name": "Paloalto",
                    "engine_version": "0.9.0.1003",
                    "result": null,
                    "method": "blacklist",
                    "engine_update": "20220324"
                },
                "Sangfor": {
                    "category": "undetected",
                    "engine_name": "Sangfor",
                    "engine_version": "2.9.0.0",
                    "result": null,
                    "method": "blacklist",
                    "engine_update": "20211224"
                },
                "Trustlook": {
                    "category": "undetected",
                    "engine_name": "Trustlook",
                    "engine_version": "1.0",
                    "result": null,
                    "method": "blacklist",
                    "engine_update": "20220324"
                },
                "Alibaba": {
                    "category": "undetected",
                    "engine_name": "Alibaba",
                    "engine_version": "0.3.0.5",
                    "result": null,
                    "method": "blacklist",
                    "engine_update": "20190527"
                },
                "K7GW": {
                    "category": "undetected",
                    "engine_name": "K7GW",
                    "engine_version": "11.255.41448",
                    "result": null,
                    "method": "blacklist",
                    "engine_update": "20220323"
                },
                "K7AntiVirus": {
                    "category": "undetected",
                    "engine_name": "K7AntiVirus",
                    "engine_version": "11.255.41445",
                    "result": null,
                    "method": "blacklist",
                    "engine_update": "20220323"
                },
                "Arcabit": {
                    "category": "undetected",
                    "engine_name": "Arcabit",
                    "engine_version": "1.0.0.889",
                    "result": null,
                    "method": "blacklist",
                    "engine_update": "20220323"
                },
                "BitDefenderTheta": {
                    "category": "undetected",
                    "engine_name": "BitDefenderTheta",
                    "engine_version": "7.2.37796.0",
                    "result": null,
                    "method": "blacklist",
                    "engine_update": "20220318"
                },
                "VirIT": {
                    "category": "undetected",
                    "engine_name": "VirIT",
                    "engine_version": "9.5.160",
                    "result": null,
                    "method": "blacklist",
                    "engine_update": "20220323"
                },
                "Cyren": {
                    "category": "undetected",
                    "engine_name": "Cyren",
                    "engine_version": "6.5.1.2",
                    "result": null,
                    "method": "blacklist",
                    "engine_update": "20220323"
                },
                "SymantecMobileInsight": {
                    "category": "undetected",
                    "engine_name": "SymantecMobileInsight",
                    "engine_version": "2.0",
                    "result": null,
                    "method": "blacklist",
                    "engine_update": "20220208"
                },
                "tehtris": {
                    "category": "type-unsupported",
                    "engine_name": "tehtris",
                    "engine_version": "v0.0.7",
                    "result": null,
                    "method": "blacklist",
                    "engine_update": "20220324"
                },
                "ESET-NOD32": {
                    "category": "undetected",
                    "engine_name": "ESET-NOD32",
                    "engine_version": "24989",
                    "result": null,
                    "method": "blacklist",
                    "engine_update": "20220323"
                },
                "Baidu": {
                    "category": "undetected",
                    "engine_name": "Baidu",
                    "engine_version": "1.0.0.2",
                    "result": null,
                    "method": "blacklist",
                    "engine_update": "20190318"
                },
                "TrendMicro-HouseCall": {
                    "category": "undetected",
                    "engine_name": "TrendMicro-HouseCall",
                    "engine_version": "10.0.0.1040",
                    "result": null,
                    "method": "blacklist",
                    "engine_update": "20220323"
                },
                "Avast": {
                    "category": "undetected",
                    "engine_name": "Avast",
                    "engine_version": "21.1.5827.0",
                    "result": null,
                    "method": "blacklist",
                    "engine_update": "20220324"
                },
                "ClamAV": {
                    "category": "undetected",
                    "engine_name": "ClamAV",
                    "engine_version": "0.104.2.0",
                    "result": null,
                    "method": "blacklist",
                    "engine_update": "20220323"
                },
                "Kaspersky": {
                    "category": "undetected",
                    "engine_name": "Kaspersky",
                    "engine_version": "21.0.1.45",
                    "result": null,
                    "method": "blacklist",
                    "engine_update": "20220323"
                },
                "BitDefender": {
                    "category": "undetected",
                    "engine_name": "BitDefender",
                    "engine_version": "7.2",
                    "result": null,
                    "method": "blacklist",
                    "engine_update": "20220323"
                },
                "NANO-Antivirus": {
                    "category": "undetected",
                    "engine_name": "NANO-Antivirus",
                    "engine_version": "1.0.146.25563",
                    "result": null,
                    "method": "blacklist",
                    "engine_update": "20220323"
                },
                "SUPERAntiSpyware": {
                    "category": "undetected",
                    "engine_name": "SUPERAntiSpyware",
                    "engine_version": "5.6.0.1032",
                    "result": null,
                    "method": "blacklist",
                    "engine_update": "20220319"
                },
                "APEX": {
                    "category": "type-unsupported",
                    "engine_name": "APEX",
                    "engine_version": "6.273",
                    "result": null,
                    "method": "blacklist",
                    "engine_update": "20220322"
                },
                "Tencent": {
                    "category": "malicious",
                    "engine_name": "Tencent",
                    "engine_version": "1.0.0.1",
                    "result": "a.gray.inventor.a",
                    "method": "blacklist",
                    "engine_update": "20220324"
                },
                "Ad-Aware": {
                    "category": "undetected",
                    "engine_name": "Ad-Aware",
                    "engine_version": "3.0.21.193",
                    "result": null,
                    "method": "blacklist",
                    "engine_update": "20220323"
                },
                "Sophos": {
                    "category": "undetected",
                    "engine_name": "Sophos",
                    "engine_version": "1.4.1.0",
                    "result": null,
                    "method": "blacklist",
                    "engine_update": "20220323"
                },
                "Comodo": {
                    "category": "undetected",
                    "engine_name": "Comodo",
                    "engine_version": "34465",
                    "result": null,
                    "method": "blacklist",
                    "engine_update": "20220323"
                },
                "F-Secure": {
                    "category": "undetected",
                    "engine_name": "F-Secure",
                    "engine_version": "12.0.86.52",
                    "result": null,
                    "method": "blacklist",
                    "engine_update": "20220323"
                },
                "DrWeb": {
                    "category": "undetected",
                    "engine_name": "DrWeb",
                    "engine_version": "7.0.54.3080",
                    "result": null,
                    "method": "blacklist",
                    "engine_update": "20220324"
                },
                "Zillya": {
                    "category": "undetected",
                    "engine_name": "Zillya",
                    "engine_version": "2.0.0.4595",
                    "result": null,
                    "method": "blacklist",
                    "engine_update": "20220323"
                },
                "TrendMicro": {
                    "category": "undetected",
                    "engine_name": "TrendMicro",
                    "engine_version": "11.0.0.1006",
                    "result": null,
                    "method": "blacklist",
                    "engine_update": "20220324"
                },
                "McAfee-GW-Edition": {
                    "category": "undetected",
                    "engine_name": "McAfee-GW-Edition",
                    "engine_version": "v2019.1.2+3728",
                    "result": null,
                    "method": "blacklist",
                    "engine_update": "20220323"
                },
                "SentinelOne": {
                    "category": "type-unsupported",
                    "engine_name": "SentinelOne",
                    "engine_version": "7.2.0.1",
                    "result": null,
                    "method": "blacklist",
                    "engine_update": "20220201"
                },
                "Trapmine": {
                    "category": "type-unsupported",
                    "engine_name": "Trapmine",
                    "engine_version": "3.5.45.75",
                    "result": null,
                    "method": "blacklist",
                    "engine_update": "20220217"
                },
                "CMC": {
                    "category": "undetected",
                    "engine_name": "CMC",
                    "engine_version": "2.10.2019.1",
                    "result": null,
                    "method": "blacklist",
                    "engine_update": "20211026"
                },
                "Emsisoft": {
                    "category": "undetected",
                    "engine_name": "Emsisoft",
                    "engine_version": "2021.5.0.7597",
                    "result": null,
                    "method": "blacklist",
                    "engine_update": "20220323"
                },
                "Ikarus": {
                    "category": "failure",
                    "engine_name": "Ikarus",
                    "engine_version": "6.0.11.0",
                    "result": null,
                    "method": "blacklist",
                    "engine_update": "20220323"
                },
                "Avast-Mobile": {
                    "category": "undetected",
                    "engine_name": "Avast-Mobile",
                    "engine_version": "220323-00",
                    "result": null,
                    "method": "blacklist",
                    "engine_update": "20220323"
                },
                "Jiangmin": {
                    "category": "undetected",
                    "engine_name": "Jiangmin",
                    "engine_version": "16.0.100",
                    "result": null,
                    "method": "blacklist",
                    "engine_update": "20220323"
                },
                "Webroot": {
                    "category": "type-unsupported",
                    "engine_name": "Webroot",
                    "engine_version": "1.0.0.403",
                    "result": null,
                    "method": "blacklist",
                    "engine_update": "20220324"
                },
                "Avira": {
                    "category": "undetected",
                    "engine_name": "Avira",
                    "engine_version": "8.3.3.14",
                    "result": null,
                    "method": "blacklist",
                    "engine_update": "20220323"
                },
                "Antiy-AVL": {
                    "category": "undetected",
                    "engine_name": "Antiy-AVL",
                    "engine_version": "3.0.0.1",
                    "result": null,
                    "method": "blacklist",
                    "engine_update": "20220323"
                },
                "Kingsoft": {
                    "category": "undetected",
                    "engine_name": "Kingsoft",
                    "engine_version": "2017.9.26.565",
                    "result": null,
                    "method": "blacklist",
                    "engine_update": "20220324"
                },
                "Gridinsoft": {
                    "category": "undetected",
                    "engine_name": "Gridinsoft",
                    "engine_version": "1.0.74.174",
                    "result": null,
                    "method": "blacklist",
                    "engine_update": "20220323"
                },
                "Microsoft": {
                    "category": "undetected",
                    "engine_name": "Microsoft",
                    "engine_version": "1.1.19000.8",
                    "result": null,
                    "method": "blacklist",
                    "engine_update": "20220323"
                },
                "ViRobot": {
                    "category": "undetected",
                    "engine_name": "ViRobot",
                    "engine_version": "2014.3.20.0",
                    "result": null,
                    "method": "blacklist",
                    "engine_update": "20220323"
                },
                "ZoneAlarm": {
                    "category": "undetected",
                    "engine_name": "ZoneAlarm",
                    "engine_version": "1.0",
                    "result": null,
                    "method": "blacklist",
                    "engine_update": "20220323"
                },
                "GData": {
                    "category": "undetected",
                    "engine_name": "GData",
                    "engine_version": "A:25.32620B:27.26769",
                    "result": null,
                    "method": "blacklist",
                    "engine_update": "20220324"
                },
                "Cynet": {
                    "category": "failure",
                    "engine_name": "Cynet",
                    "engine_version": "4.0.0.27",
                    "result": null,
                    "method": "blacklist",
                    "engine_update": "20220323"
                },
                "BitDefenderFalx": {
                    "category": "undetected",
                    "engine_name": "BitDefenderFalx",
                    "engine_version": "2.0.936",
                    "result": null,
                    "method": "blacklist",
                    "engine_update": "20220103"
                },
                "AhnLab-V3": {
                    "category": "undetected",
                    "engine_name": "AhnLab-V3",
                    "engine_version": "3.21.3.10230",
                    "result": null,
                    "method": "blacklist",
                    "engine_update": "20220323"
                },
                "Acronis": {
                    "category": "type-unsupported",
                    "engine_name": "Acronis",
                    "engine_version": "1.1.1.82",
                    "result": null,
                    "method": "blacklist",
                    "engine_update": "20210512"
                },
                "VBA32": {
                    "category": "undetected",
                    "engine_name": "VBA32",
                    "engine_version": "5.0.0",
                    "result": null,
                    "method": "blacklist",
                    "engine_update": "20220323"
                },
                "ALYac": {
                    "category": "undetected",
                    "engine_name": "ALYac",
                    "engine_version": "1.1.3.1",
                    "result": null,
                    "method": "blacklist",
                    "engine_update": "20220324"
                },
                "MAX": {
                    "category": "undetected",
                    "engine_name": "MAX",
                    "engine_version": "2019.9.16.1",
                    "result": null,
                    "method": "blacklist",
                    "engine_update": "20220324"
                },
                "Cylance": {
                    "category": "type-unsupported",
                    "engine_name": "Cylance",
                    "engine_version": "2.3.1.101",
                    "result": null,
                    "method": "blacklist",
                    "engine_update": "20220324"
                },
                "Zoner": {
                    "category": "undetected",
                    "engine_name": "Zoner",
                    "engine_version": "2.2.2.0",
                    "result": null,
                    "method": "blacklist",
                    "engine_update": "20220323"
                },
                "Rising": {
                    "category": "undetected",
                    "engine_name": "Rising",
                    "engine_version": "25.0.0.27",
                    "result": null,
                    "method": "blacklist",
                    "engine_update": "20220323"
                },
                "Yandex": {
                    "category": "undetected",
                    "engine_name": "Yandex",
                    "engine_version": "5.5.2.24",
                    "result": null,
                    "method": "blacklist",
                    "engine_update": "20220323"
                },
                "TACHYON": {
                    "category": "undetected",
                    "engine_name": "TACHYON",
                    "engine_version": "2022-03-23.02",
                    "result": null,
                    "method": "blacklist",
                    "engine_update": "20220323"
                },
                "MaxSecure": {
                    "category": "undetected",
                    "engine_name": "MaxSecure",
                    "engine_version": "1.0.0.1",
                    "result": null,
                    "method": "blacklist",
                    "engine_update": "20220323"
                },
                "Fortinet": {
                    "category": "undetected",
                    "engine_name": "Fortinet",
                    "engine_version": "6.2.142.0",
                    "result": null,
                    "method": "blacklist",
                    "engine_update": "20220323"
                },
                "Cybereason": {
                    "category": "type-unsupported",
                    "engine_name": "Cybereason",
                    "engine_version": "1.2.449",
                    "result": null,
                    "method": "blacklist",
                    "engine_update": "20210330"
                },
                "Panda": {
                    "category": "undetected",
                    "engine_name": "Panda",
                    "engine_version": "4.6.4.2",
                    "result": null,
                    "method": "blacklist",
                    "engine_update": "20220323"
                },
                "CrowdStrike": {
                    "category": "type-unsupported",
                    "engine_name": "CrowdStrike",
                    "engine_version": "1.0",
                    "result": null,
                    "method": "blacklist",
                    "engine_update": "20210907"
                }
            },
            "sha256": "0000120c5998a69c7907706ca1bdbbf98ccd884891d68cde4d87bb530aeaf015",
            "tags": [
                "obfuscated",
                "reflection",
                "apk",
                "runtime-modules",
                "crypto",
                "telephony",
                "android"
            ],
            "last_analysis_date": 1648085665,
            "unique_sources": 2,
            "first_submission_date": 1615886254,
            "sha1": "9db718a09ce7deeffaa2192a6a19a428d917cfdb",
            "ssdeep": "196608:ABfPWxidtH0KjnVFCIbmy9qmbn5x+9LQlGNKu7tpL:GXntH0KjnV3bJ9G9LIGNn7tx",
            "bundle_info": {
                "highest_datetime": "2021-02-08 13:59:48",
                "lowest_datetime": "1980-01-01 00:00:00",
                "num_children": 575,
                "extensions": {
                    "xml": 276,
                    "dex": 4,
                    "MF": 1,
                    "RSA": 1,
                    "jpg": 1,
                    "SF": 1,
                    "ttf": 7,
                    "png": 283
                },
                "file_types": {
                    "XML": 276,
                    "unknown": 11,
                    "DEX": 4,
                    "JPG": 1,
                    "PNG": 283
                },
                "type": "APK",
                "uncompressed_size": 22613013
            },
            "md5": "1190c2067e50ef869d9179ac18834e8b",
            "androguard": {
                "VTAndroidInfo": 2.0,
                "Libraries": [
                    "org.apache.http.legacy"
                ],
                "AndroidApplicationError": false,
                "MinSdkVersion": "19",
                "AndroguardVersion": "3.4.0a1",
                "Activities": [
                    "io.kodular.n7174432.PlaczPakistan.Screen1",
                    "io.kodular.n7174432.PlaczPakistan.Teams",
                    "io.kodular.n7174432.PlaczPakistan.Screen2",
                    "io.kodular.n7174432.PlaczPakistan.ODI",
                    "io.kodular.n7174432.PlaczPakistan.TEST",
                    "io.kodular.n7174432.PlaczPakistan.T20",
                    "com.google.android.gms.ads.AdActivity",
                    "com.adcolony.sdk.AdColonyInterstitialActivity",
                    "com.unity3d.services.ads.adunit.AdUnitActivity",
                    "com.unity3d.services.ads.adunit.AdUnitTransparentActivity",
                    "com.unity3d.services.ads.adunit.AdUnitTransparentSoftwareActivity",
                    "com.unity3d.services.ads.adunit.AdUnitSoftwareActivity",
                    "com.applovin.adview.AppLovinInterstitialActivity",
                    "com.applovin.adview.AppLovinConfirmationActivity",
                    "com.startapp.android.publish.ads.list3d.List3DActivity",
                    "com.startapp.android.publish.adsCommon.activities.OverlayActivity",
                    "com.startapp.android.publish.adsCommon.activities.FullScreenActivity"
                ],
                "certificate": {
                    "Subject": {
                        "DN": "C:US, CN:Android, L:Mountain View, O:Google Inc., ST:California, OU:Android",
                        "C": "US",
                        "CN": "Android",
                        "L": "Mountain View",
                        "O": "Google Inc.",
                        "ST": "California",
                        "OU": "Android"
                    },
                    "validto": "2050-12-03 11:12:56",
                    "serialnumber": "ae56be8ab067c72fd8b338a4ad24a980daa4a702",
                    "thumbprint": "bbe313f790291058f89c6e8c3e495cb2af968e6f",
                    "validfrom": "2020-12-03 11:12:56",
                    "Issuer": {
                        "DN": "C:US, CN:Android, L:Mountain View, O:Google Inc., ST:California, OU:Android",
                        "C": "US",
                        "CN": "Android",
                        "L": "Mountain View",
                        "O": "Google Inc.",
                        "ST": "California",
                        "OU": "Android"
                    }
                },
                "AndroidApplication": 1,
                "RiskIndicator": {
                    "APK": {
                        "DEX": 4
                    },
                    "PERM": {
                        "INSTANT": 1,
                        "NORMAL": 2,
                        "DANGEROUS": 1,
                        "PRIVACY": 2,
                        "INTERNET": 1,
                        "GPS": 2
                    }
                },
                "Services": [
                    "com.startapp.android.publish.common.metaData.PeriodicMetaDataService",
                    "com.startapp.android.publish.common.metaData.InfoEventService",
                    "com.startapp.android.publish.common.metaData.PeriodicJobService"
                ],
                "AndroidVersionCode": "2",
                "main_activity": "io.kodular.n7174432.PlaczPakistan.Screen1",
                "Package": "com.placz.cricketpakistan",
                "intent_filters": {
                    "Activities": {
                        "io.kodular.n7174432.PlaczPakistan.Teams": {
                            "action": [
                                "android.intent.action.MAIN"
                            ]
                        },
                        "io.kodular.n7174432.PlaczPakistan.Screen1": {
                            "action": [
                                "android.intent.action.MAIN"
                            ],
                            "category": [
                                "android.intent.category.LAUNCHER"
                            ]
                        },
                        "io.kodular.n7174432.PlaczPakistan.Screen2": {
                            "action": [
                                "android.intent.action.MAIN"
                            ]
                        },
                        "io.kodular.n7174432.PlaczPakistan.TEST": {
                            "action": [
                                "android.intent.action.MAIN"
                            ]
                        },
                        "io.kodular.n7174432.PlaczPakistan.T20": {
                            "action": [
                                "android.intent.action.MAIN"
                            ]
                        },
                        "io.kodular.n7174432.PlaczPakistan.ODI": {
                            "action": [
                                "android.intent.action.MAIN"
                            ]
                        }
                    },
                    "Receivers": {
                        "com.startapp.android.publish.common.metaData.BootCompleteListener": {
                            "action": [
                                "android.intent.action.BOOT_COMPLETED"
                            ]
                        }
                    }
                },
                "AndroidVersionName": "1.2",
                "TargetSdkVersion": "29",
                "AndroidApplicationInfo": "APK",
                "Providers": [
                    "android.support.v4.content.FileProvider"
                ],
                "permission_details": {
                    "android.permission.ACCESS_FINE_LOCATION": {
                        "short_description": "access precise location only in the foreground",
                        "full_description": "This app can get your exact location only when it is in the foreground. These location services must be turned on and available on your phone for the app to be able to use them. This may increase battery consumption.",
                        "permission_type": "dangerous|instant"
                    },
                    "android.permission.READ_EXTERNAL_STORAGE": {
                        "short_description": "read the contents of your shared storage",
                        "full_description": "Allows the app to read the contents of your shared storage.",
                        "permission_type": "dangerous"
                    },
                    "android.permission.ACCESS_NETWORK_STATE": {
                        "short_description": "view network connections",
                        "full_description": "Allows the app to view\n      information about network connections such as which networks exist and are\n      connected.",
                        "permission_type": "normal|instant"
                    },
                    "android.permission.ACCESS_COARSE_LOCATION": {
                        "short_description": "access approximate location (network-based) only in the foreground",
                        "full_description": "This app can get your location based on network sources such as cell towers and Wi-Fi networks, but only when the app is in the foreground. These location services must be turned on and available on your phone for the app to be able to use them.",
                        "permission_type": "dangerous|instant"
                    },
                    "android.permission.ACCESS_WIFI_STATE": {
                        "short_description": "view Wi-Fi connections",
                        "full_description": "Allows the app to view information\n      about Wi-Fi networking, such as whether Wi-Fi is enabled and name of\n      connected Wi-Fi devices.",
                        "permission_type": "normal"
                    },
                    "android.permission.INTERNET": {
                        "short_description": "have full network access",
                        "full_description": "Allows the app to create\n     network sockets and use custom network protocols. The browser and other\n     applications provide means to send data to the internet, so this\n     permission is not required to send data to the internet.",
                        "permission_type": "normal|instant"
                    }
                },
                "Receivers": [
                    "com.startapp.android.publish.common.metaData.BootCompleteListener"
                ],
                "StringsInformation": [
                    "http://2.bp.blogspot.com/-3C9EzBNi9rA/UiS93S6uqoI/AAAAAAAAEjM/fATWa50u0BY/w1200-h630-p-k-nu/Hello+world+android+app.jpg",
                    "http://api.qrserver.com/v1/create-qr-code/?data=",
                    "http://gnu.org/kawa/cached-collections",
                    "http://kawa.gnu.org/",
                    "http://kawa.gnu.org/unit",
                    "http://kawa.gnu.org/unknown-namespace/",
                    "http://my.image.server/images/%d/%d/%d.png",
                    "http://qexo.gnu.org/",
                    "http://schemas.android.com/apk/res-auto",
                    "http://schemas.android.com/apk/res/android",
                    "http://tinywebdb.builder.makeroid.io",
                    "http://tinywebdb.builder.makeroid.io/",
                    "http://www.example.com",
                    "http://www.google.com/fusiontables/v2/query",
                    "http://www.w3.org/1999/XSL/Transform",
                    "http://www.w3.org/1999/xhtml",
                    "http://www.w3.org/2000/xmlns/",
                    "http://www.w3.org/2001/XMLSchema",
                    "http://www.w3.org/2001/XMLSchema-instance",
                    "http://www.w3.org/2005/xpath-functions",
                    "http://www.w3.org/2005/xpath-functions/collation/codepoint",
                    "http://www.w3.org/2005/xqt-errors",
                    "http://www.w3.org/2005/xquery-local-functions",
                    "http://www.w3.org/XML/1998/namespace",
                    "https://account.kodular.io/api/startapp",
                    "https://api.airtable.com/v0/",
                    "https://api.creator.kodular.io/ads/",
                    "https://api.creator.kodular.io/billing/v1?p=branding&i=",
                    "https://api.creator.kodular.io/billing/v1?p=commission&i=",
                    "https://api.creator.kodular.io/pollfish/v1?appid=",
                    "https://api.ocr.space/parse/image",
                    "https://api.ocr.space/parse/imageurl?apikey=",
                    "https://api.openrouteservice.org/v2/directions/",
                    "https://dashboard.instantaccess.io/api/partner/authorize?client_id=",
                    "https://dashboard.instantaccess.io/api/partner/status?client_id=",
                    "https://docs.kodular.io/components/connectivity/wifi/",
                    "https://docs.kodular.io/components/drawing-and-animation/animation-util/",
                    "https://docs.kodular.io/components/dynamic/dynamic-textbox/",
                    "https://docs.kodular.io/components/google/firebase-database/",
                    "https://docs.kodular.io/components/google/google-maps/",
                    "https://docs.kodular.io/components/layout/space/",
                    "https://docs.kodular.io/components/layout/surface-view/",
                    "https://docs.kodular.io/components/monetization/adcolony-interstitial/",
                    "https://docs.kodular.io/components/monetization/admob-interstitial/",
                    "https://docs.kodular.io/components/monetization/amazon-banner/",
                    "https://docs.kodular.io/components/monetization/amazon-interstitial/",
                    "https://docs.kodular.io/components/monetization/app-lovin/",
                    "https://docs.kodular.io/components/monetization/donate/",
                    "https://docs.kodular.io/components/monetization/facebook-banner/",
                    "https://docs.kodular.io/components/monetization/facebook-interstitial/",
                    "https://docs.kodular.io/components/monetization/facebook-rewarded/",
                    "https://docs.kodular.io/components/monetization/in-app-billing/",
                    "https://docs.kodular.io/components/monetization/in-app-update/",
                    "https://docs.kodular.io/components/monetization/leadbolt/",
                    "https://docs.kodular.io/components/monetization/unity-ads_ads/",
                    "https://docs.kodular.io/components/monetization/unity-banner/",
                    "https://docs.kodular.io/components/monetization/whitemobi/",
                    "https://docs.kodular.io/components/sensors/accelerometer/",
                    "https://docs.kodular.io/components/sensors/fingerprint/",
                    "https://docs.kodular.io/components/storage/cryptography/",
                    "https://docs.kodular.io/components/storage/sqlite/",
                    "https://docs.kodular.io/components/user-interface/checkbox/",
                    "https://docs.kodular.io/components/user-interface/floating-action-button/",
                    "https://docs.kodular.io/components/user-interface/list-view-image-and-text/",
                    "https://docs.kodular.io/components/user-interface/radio-button/",
                    "https://docs.kodular.io/components/user-interface/rating-bar/",
                    "https://docs.kodular.io/components/user-interface/switch/",
                    "https://docs.kodular.io/components/user-interface/textbox/",
                    "https://img.youtube.com/vi/",
                    "https://my.kodular.io/",
                    "https://onesignal.com/api/v1/notifications",
                    "https://play.google.com/store/apps/details?id=io.makeroid.companion",
                    "https://status.ocr.space",
                    "https://translate.yandex.net/api/v1.5/tr.json/translate?key=",
                    "https://www.example.com",
                    "https://www.google.com/voice/b/0/redirection/voice",
                    "https://www.google.com/voice/b/0/sms/send/",
                    "https://www.googleapis.com/auth/fusiontables",
                    "https://www.googleapis.com/fusiontables/v2/tables",
                    "https://www.googleapis.com/fusiontables/v2/tables?key=",
                    "https://www.googleapis.com/urlshortener/v1/url",
                    "https://www.googleapis.com/urlshortener/v1/url?key=",
                    "https://www.youtube.com/watch?v=",
                    "https://youtu.be/_mXPZf48uaI"
                ]
            },
            "magic": "Zip archive data, at least v2.0 to extract",
            "last_analysis_stats": {
                "harmless": 0,
                "type-unsupported": 11,
                "suspicious": 0,
                "confirmed-timeout": 0,
                "timeout": 0,
                "failure": 2,
                "malicious": 1,
                "undetected": 58
            },
            "meaningful_name": "0000120C5998A69C7907706CA1BDBBF98CCD884891D68CDE4D87BB530AEAF015.apk",
            "reputation": 0
        },
        "type": "file",
        "id": "0000120c5998a69c7907706ca1bdbbf98ccd884891d68cde4d87bb530aeaf015",
        "links": {
            "self": "https://www.virustotal.com/api/v3/files/0000120c5998a69c7907706ca1bdbbf98ccd884891d68cde4d87bb530aeaf015"
        }
    }
}