{
    "data": {
        "attributes": {
            "type_description": "Android",
            "tlsh": "T1D51723A3F73C582EDCBA64728C6A4631546A8E144642770F344CBA287EB37E4DF49BD4",
            "vhash": "7ee4d7ae02dd70e453eeb3809840dc60",
            "trid": [
                {
                    "file_type": "Android Package",
                    "probability": 35.0
                },
                {
                    "file_type": "SPSS Extension",
                    "probability": 27.2
                },
                {
                    "file_type": "Java Archive",
                    "probability": 12.2
                },
                {
                    "file_type": "VYM Mind Map",
                    "probability": 11.3
                },
                {
                    "file_type": "Sweet Home 3D design (generic)",
                    "probability": 9.5
                }
            ],
            "names": [],
            "last_modification_date": 1648988166,
            "type_tag": "android",
            "times_submitted": 1,
            "total_votes": {
                "harmless": 0,
                "malicious": 0
            },
            "size": 19960147,
            "type_extension": "apk",
            "last_submission_date": 1648972946,
            "reputation": 0,
            "crowdsourced_ids_stats": {
                "info": 1,
                "high": 0,
                "medium": 0,
                "low": 0
            },
            "sha256": "00003cd98df2ec5a0887152dee9c741cd94c514505be20159e8cbb2f39144083",
            "tags": [
                "apk",
                "android",
                "reflection"
            ],
            "crowdsourced_ids_results": [
                {
                    "rule_category": "policy-violation",
                    "alert_severity": "info",
                    "rule_msg": "OS-MOBILE Android User-Agent detected",
                    "rule_raw": "alert tcp $HOME_NET any -> $EXTERNAL_NET $HTTP_PORTS ( msg:\"OS-MOBILE Android User-Agent detected\"; flow:established,to_server; http_header; content:\"User-Agent|3A|\"; content:\"android\",distance 0,fast_pattern,nocase; pcre:\"/^User-Agent\\x3a[^\\r\\n]*android/i\"; metadata:policy max-detect-ips drop,ruleset community; service:http; classtype:policy-violation; sid:25521; rev:4; )",
                    "alert_context": [
                        {
                            "dest_ip": "104.18.13.139",
                            "dest_port": 80
                        }
                    ],
                    "rule_url": "https://www.snort.org/downloads/#rule-downloads",
                    "rule_source": "Snort registered user ruleset",
                    "rule_id": "1:25521"
                }
            ],
            "last_analysis_date": 1648972946,
            "unique_sources": 1,
            "first_submission_date": 1648972946,
            "sha1": "bbcbabff2d31c7a001d7a431a8975f2e8d21290d",
            "ssdeep": "393216:acA4eiJokGQ+fwfG5o9J5/klI5b2P1pgMARUCVkJptJzq7LdvCOCZIR:aJW2k/JqW6P1/ATMM7ZK7IR",
            "bundle_info": {
                "highest_datetime": "1981-01-01 01:01:02",
                "lowest_datetime": "1981-01-01 01:01:02",
                "num_children": 2895,
                "extensions": {
                    "xml": 749,
                    "bin": 1,
                    "e": 1,
                    "h": 6,
                    "gz": 1,
                    "dex": 4,
                    "lst": 1,
                    "mp3": 2,
                    "txt": 1,
                    "ttf": 1,
                    "png": 19
                },
                "file_types": {
                    "XML": 749,
                    "DEX": 4,
                    "unknown": 224,
                    "Java Bytecode": 1,
                    "JSON": 1,
                    "MP3": 2,
                    "PNG": 19
                },
                "type": "APK",
                "uncompressed_size": 35521035
            },
            "md5": "0361759557b1e2b5763549f9ffc8f5c1",
            "androguard": {
                "VTAndroidInfo": 2.0,
                "AndroidApplicationError": false,
                "MinSdkVersion": "21",
                "AndroguardVersion": "3.4.0a1",
                "Activities": [
                    "com.echo.voice.design.ui.activity.SplashActivity",
                    "com.echo.voice.design.ui.activity.MainActivity",
                    "com.echo.voice.design.ui.activity.login.LoginHomeActivity",
                    "com.echo.voice.design.ui.activity.login.PhoneLoginOrSignUpActivity",
                    "com.echo.voice.design.ui.activity.login.PhoneLoginActivity",
                    "com.echo.voice.design.ui.activity.login.GetVerificationCodeActivity",
                    "com.echo.voice.design.ui.activity.login.InputVerificationCodeActivity",
                    "com.echo.voice.design.ui.activity.login.SetPwdActivity",
                    "com.echo.voice.design.ui.activity.login.SelectCountryActivity",
                    "com.echo.voice.design.ui.activity.SearchActivity",
                    "com.echo.voice.design.ui.activity.message.SystemMessageActivity",
                    "com.echo.voice.design.ui.activity.message.MomentsNotificationActivity",
                    "com.echo.voice.design.ui.activity.webview.CommonWebViewActivity",
                    "com.echo.voice.design.ui.activity.webview.LudoWebViewActivity",
                    "com.echo.voice.design.ui.activity.live.LiveRoomActivity",
                    "com.echo.voice.design.ui.activity.live.LiveRoomGiftActivity",
                    "com.echo.voice.design.ui.activity.live.BlackListActivity",
                    "com.echo.voice.design.ui.activity.profile.ClipPhotoActivity",
                    "com.echo.voice.design.ui.activity.profile.AvatarPreviewActivity",
                    "com.echo.voice.design.ui.activity.live.CreateRoomActivity",
                    "com.echo.voice.design.ui.activity.me.SettingActivity",
                    "com.echo.voice.design.ui.activity.me.BlockedListActivity",
                    "com.echo.voice.design.ui.activity.me.PrivacyActivity",
                    "com.echo.voice.design.ui.activity.me.AboutActivity",
                    "com.echo.voice.design.ui.activity.me.LanguageActivity",
                    "com.echo.voice.design.ui.activity.me.WalletActivity",
                    "com.echo.voice.design.ui.activity.me.VisitorActivity",
                    "com.echo.voice.design.ui.activity.me.FollowersActivity",
                    "com.echo.voice.design.ui.activity.me.FollowingActivity",
                    "com.echo.voice.design.ui.activity.me.FeedbackActivity",
                    "com.echo.voice.design.ui.activity.me.MyFeedbackDetailActivity",
                    "com.echo.voice.design.ui.activity.me.ProfileEditActivity",
                    "com.echo.voice.design.ui.activity.me.HomepageActivity",
                    "com.echo.voice.design.ui.activity.me.AlbumLikeListActivity",
                    "com.echo.voice.design.ui.activity.PreviewPhotosActivity",
                    "com.echo.voice.design.ui.activity.live.LiveRoomMessageActivity",
                    "com.echo.voice.design.ui.activity.live.LiveRoomGameActivity",
                    "com.echo.voice.design.ui.activity.live.RoomActActivity",
                    "com.echo.voice.design.ui.activity.TransparentWebViewActivity",
                    "com.echo.voice.design.ui.activity.live.LiveRoomContributionActivity",
                    "com.echo.voice.design.ui.activity.store.SendGiftActivity",
                    "com.echo.voice.design.ui.activity.rank.RankActivity",
                    "com.echo.voice.design.ui.activity.live.LiveRoomInviteActivity",
                    "com.echo.voice.design.ui.activity.ludo.LudoListActivity",
                    "com.echo.voice.design.ui.activity.live.RoomDialogActivity",
                    "com.echo.voice.design.ui.activity.me.MyProfileActivity",
                    "com.echo.voice.design.ui.activity.me.NicknameEditActivity",
                    "com.echo.voice.design.ui.activity.me.BioEditActivity",
                    "com.echo.voice.design.ui.activity.me.ProfileAlbumEditActivity",
                    "com.echo.voice.design.ui.activity.guide.SetUserInfoActivity",
                    "com.echo.voice.design.ui.activity.message.NewFollowersActivity",
                    "com.echo.voice.design.ui.activity.message.LikedActivity",
                    "com.echo.voice.design.ui.activity.gift.GiftCollectorActivity",
                    "com.echo.voice.design.ui.activity.gift.MiniCardGiftCollectorActivity",
                    "com.echo.voice.design.ui.activity.live.LiveRoomBannerActivity",
                    "com.echo.voice.design.ui.activity.moment.PostMomentActivity",
                    "com.echo.voice.design.ui.activity.moment.MomentDetailActivity",
                    "com.echo.voice.design.ui.activity.me.TasksActivity",
                    "com.snapchat.kit.sdk.SnapKitActivity",
                    "com.lib.im.activity.ConversationActivity",
                    "io.rong.imkit.tools.RongWebviewActivity",
                    "io.rong.imkit.tools.CombineWebViewActivity",
                    "com.paymentgateway.paysdk.pay.mvp.web.WebActivity",
                    "com.paymentgateway.paysdk.pay.mvp.kyc.KYCActivity",
                    "com.paymentgateway.paysdk.pay.mvp.web.WebPayActivity",
                    "com.paymentgateway.paysdk.pay.mvp.simple.SimplePayActivity",
                    "com.paymentgateway.paysdk.pay.mvp.card.option.CardOptionActivity",
                    "com.paymentgateway.paysdk.pay.mvp.card.CardActivity",
                    "com.paymentgateway.paysdk.pay.mvp.wallets.WalletsActivity",
                    "com.paymentgateway.paysdk.pay.mvp.netbanking.NetBankingActivity",
                    "com.paymentgateway.paysdk.pay.mvp.upi.UpiClientActivity",
                    "com.paymentgateway.paysdk.pay.mvp.main.PayNativeActivity",
                    "com.paymentgateway.paysdk.permission.AppSettingsDialogHolderActivity",
                    "com.twitter.sdk.android.core.identity.OAuthActivity",
                    "com.rompermission.activity.PermissionRequestActivity",
                    "com.facebook.FacebookActivity",
                    "com.facebook.CustomTabMainActivity",
                    "com.facebook.CustomTabActivity",
                    "io.rong.imkit.plugin.location.AMapLocationActivity",
                    "io.rong.imkit.plugin.location.AMapLocationActivity2D",
                    "io.rong.imkit.plugin.location.AMapPreviewActivity",
                    "io.rong.imkit.plugin.location.AMapPreviewActivity2D",
                    "io.rong.imkit.plugin.location.AMapRealTimeActivity",
                    "io.rong.imkit.plugin.location.AMapRealTimeActivity2D",
                    "io.rong.imkit.plugin.location.SearchLocationActivity",
                    "io.rong.imkit.widget.provider.TakingPicturesActivity",
                    "io.rong.imkit.activity.PicturePagerActivity",
                    "io.rong.imkit.activity.CombinePicturePagerActivity",
                    "io.rong.imkit.mention.MemberMentionedActivity",
                    "io.rong.imkit.activity.FileManagerActivity",
                    "io.rong.imkit.activity.FileListActivity",
                    "io.rong.imkit.activity.FilePreviewActivity",
                    "io.rong.imkit.activity.WebFilePreviewActivity",
                    "io.rong.imkit.activity.CSLeaveMessageActivity",
                    "io.rong.imkit.activity.GIFPreviewActivity",
                    "io.rong.imkit.activity.SelectConversationActivity",
                    "io.rong.imkit.picture.PictureSelectorActivity",
                    "io.rong.imkit.picture.PictureSelectorCameraEmptyActivity",
                    "io.rong.imkit.picture.PicturePreviewActivity",
                    "io.rong.imkit.picture.PictureVideoPlayActivity"
                ],
                "certificate": {
                    "Subject": {
                        "DN": "O:Echo",
                        "O": "Echo"
                    },
                    "validto": "2046-12-20 03:05:21",
                    "serialnumber": "674bf27e",
                    "thumbprint": "7af9f193862c8fe28c7ef442f8a8114d82ced5b5",
                    "validfrom": "2021-12-26 03:05:21",
                    "Issuer": {
                        "DN": "O:Echo",
                        "O": "Echo"
                    }
                },
                "AndroidApplication": 1,
                "RiskIndicator": {
                    "APK": {
                        "DEX": 4
                    },
                    "PERM": {
                        "DEVELOPMENT": 1,
                        "INSTANT": 4,
                        "PRIVACY": 2,
                        "DANGEROUS": 2,
                        "PRE23": 2,
                        "SIGNATURE": 4,
                        "SYSTEM": 1,
                        "PREINSTALLED": 2,
                        "APPOP": 3,
                        "INTERNET": 1,
                        "NORMAL": 10
                    }
                },
                "Services": [
                    "com.echo.voice.service.MainProcessService",
                    "com.echo.voice.service.AssistProcessService",
                    "com.echo.voice.service.live.NetDelayService",
                    "com.lib.im.fcm.FirebaseMessageService",
                    "com.google.firebase.components.ComponentDiscoveryService",
                    "com.google.android.gms.auth.api.signin.RevocationBoundService",
                    "androidx.work.impl.background.systemalarm.SystemAlarmService",
                    "androidx.work.impl.background.systemjob.SystemJobService",
                    "androidx.work.impl.foreground.SystemForegroundService",
                    "androidx.room.MultiInstanceInvalidationService",
                    "io.rong.imlib.ipc.RongService",
                    "io.rong.push.rongpush.PushService",
                    "com.google.android.gms.measurement.AppMeasurementService",
                    "com.google.android.gms.measurement.AppMeasurementJobService",
                    "com.google.firebase.messaging.FirebaseMessagingService",
                    "com.google.android.datatransport.runtime.backends.TransportBackendDiscovery",
                    "com.google.android.datatransport.runtime.scheduling.jobscheduling.JobInfoSchedulerService"
                ],
                "AndroidVersionCode": "10101001",
                "main_activity": "com.echo.voice.design.ui.activity.SplashActivity",
                "Package": "com.echo.voice",
                "intent_filters": {
                    "Services": {
                        "com.google.firebase.messaging.FirebaseMessagingService": {
                            "action": [
                                "com.google.firebase.MESSAGING_EVENT"
                            ]
                        },
                        "com.lib.im.fcm.FirebaseMessageService": {
                            "action": [
                                "com.google.firebase.MESSAGING_EVENT"
                            ]
                        }
                    },
                    "Activities": {
                        "com.snapchat.kit.sdk.SnapKitActivity": {
                            "action": [
                                "android.intent.action.VIEW"
                            ],
                            "category": [
                                "android.intent.category.DEFAULT",
                                "android.intent.category.BROWSABLE"
                            ]
                        },
                        "io.rong.imkit.activity.WebFilePreviewActivity": {
                            "action": [
                                "io.rong.imkit.intent.action.openwebfile"
                            ],
                            "category": [
                                "android.intent.category.DEFAULT"
                            ]
                        },
                        "io.rong.imkit.activity.GIFPreviewActivity": {
                            "action": [
                                "io.rong.imkit.intent.action.gifrview"
                            ],
                            "category": [
                                "android.intent.category.DEFAULT"
                            ]
                        },
                        "com.echo.voice.design.ui.activity.SplashActivity": {
                            "action": [
                                "android.intent.action.MAIN",
                                "android.intent.action.VIEW"
                            ],
                            "category": [
                                "android.intent.category.LAUNCHER",
                                "android.intent.category.DEFAULT",
                                "android.intent.category.BROWSABLE"
                            ]
                        },
                        "io.rong.imkit.activity.PicturePagerActivity": {
                            "action": [
                                "io.rong.imkit.intent.action.picturepagerview"
                            ],
                            "category": [
                                "android.intent.category.DEFAULT"
                            ]
                        },
                        "io.rong.imkit.tools.RongWebviewActivity": {
                            "action": [
                                "io.rong.imkit.intent.action.webview"
                            ],
                            "category": [
                                "android.intent.category.DEFAULT"
                            ]
                        },
                        "io.rong.imkit.tools.CombineWebViewActivity": {
                            "action": [
                                "io.rong.imkit.intent.action.combinewebview"
                            ],
                            "category": [
                                "android.intent.category.DEFAULT"
                            ]
                        },
                        "io.rong.imkit.activity.CombinePicturePagerActivity": {
                            "category": [
                                "android.intent.category.DEFAULT"
                            ]
                        },
                        "io.rong.imkit.activity.FilePreviewActivity": {
                            "action": [
                                "io.rong.imkit.intent.action.openfile"
                            ],
                            "category": [
                                "android.intent.category.DEFAULT"
                            ]
                        },
                        "com.facebook.CustomTabActivity": {
                            "action": [
                                "android.intent.action.VIEW"
                            ],
                            "category": [
                                "android.intent.category.DEFAULT",
                                "android.intent.category.BROWSABLE"
                            ]
                        },
                        "com.lib.im.activity.ConversationActivity": {
                            "action": [
                                "android.intent.action.VIEW"
                            ],
                            "category": [
                                "android.intent.category.DEFAULT"
                            ]
                        }
                    },
                    "Receivers": {
                        "androidx.work.impl.background.systemalarm.ConstraintProxy$BatteryNotLowProxy": {
                            "action": [
                                "android.intent.action.BATTERY_OKAY",
                                "android.intent.action.BATTERY_LOW"
                            ]
                        },
                        "com.lib.im.receiver.CustomPushMessageReceiver": {
                            "action": [
                                "io.rong.push.intent.MESSAGE_ARRIVED",
                                "io.rong.push.intent.MESSAGE_CLICKED",
                                "io.rong.push.intent.THIRD_PARTY_PUSH_STATE"
                            ]
                        },
                        "com.echo.feature.channel.receiver.GpReferrerBroadcastReceiver": {
                            "action": [
                                "com.android.vending.INSTALL_REFERRER"
                            ]
                        },
                        "androidx.work.impl.background.systemalarm.ConstraintProxy$StorageNotLowProxy": {
                            "action": [
                                "android.intent.action.DEVICE_STORAGE_LOW",
                                "android.intent.action.DEVICE_STORAGE_OK"
                            ]
                        },
                        "com.google.firebase.iid.FirebaseInstanceIdReceiver": {
                            "action": [
                                "com.google.android.c2dm.intent.RECEIVE"
                            ]
                        },
                        "com.facebook.CurrentAccessTokenExpirationBroadcastReceiver": {
                            "action": [
                                "com.facebook.sdk.ACTION_CURRENT_ACCESS_TOKEN_CHANGED"
                            ]
                        },
                        "androidx.work.impl.background.systemalarm.ConstraintProxy$NetworkStateProxy": {
                            "action": [
                                "android.net.conn.CONNECTIVITY_CHANGE"
                            ]
                        },
                        "io.rong.push.rongpush.PushReceiver": {
                            "action": [
                                "io.rong.push.intent.action.HEART_BEAT",
                                "android.net.conn.CONNECTIVITY_CHANGE",
                                "android.intent.action.USER_PRESENT",
                                "android.intent.action.ACTION_POWER_CONNECTED",
                                "android.intent.action.ACTION_POWER_DISCONNECTED"
                            ]
                        },
                        "androidx.work.impl.background.systemalarm.ConstraintProxyUpdateReceiver": {
                            "action": [
                                "androidx.work.impl.background.systemalarm.UpdateProxies"
                            ]
                        },
                        "androidx.work.impl.background.systemalarm.ConstraintProxy$BatteryChargingProxy": {
                            "action": [
                                "android.intent.action.ACTION_POWER_CONNECTED",
                                "android.intent.action.ACTION_POWER_DISCONNECTED"
                            ]
                        },
                        "androidx.work.impl.background.systemalarm.RescheduleReceiver": {
                            "action": [
                                "android.intent.action.BOOT_COMPLETED",
                                "android.intent.action.TIME_SET",
                                "android.intent.action.TIMEZONE_CHANGED"
                            ]
                        },
                        "com.kochava.base.ReferralReceiver": {
                            "action": [
                                "com.android.vending.INSTALL_REFERRER"
                            ]
                        }
                    }
                },
                "AndroidVersionName": "1.01.01",
                "TargetSdkVersion": "30",
                "AndroidApplicationInfo": "APK",
                "Providers": [
                    "com.facebook.FacebookContentProvider",
                    "androidx.core.content.FileProvider",
                    "androidx.startup.InitializationProvider",
                    "com.echo.feature.statistics.inside.StatisticsProvider",
                    "com.echo.feature.remoteconfig.ipc.RemoteConfigProvider",
                    "com.echo.library.preferences.impl.SimplePreferencesProvider",
                    "io.rong.imkit.picture.PictureFileProvider",
                    "com.facebook.internal.FacebookInitProvider",
                    "androidx.work.impl.WorkManagerInitializer",
                    "com.google.firebase.provider.FirebaseInitProvider",
                    "io.sentry.android.core.SentryInitProvider",
                    "androidx.lifecycle.ProcessLifecycleOwnerInitializer",
                    "com.just.agentweb.AgentWebFileProvider"
                ],
                "permission_details": {
                    "android.permission.CHANGE_NETWORK_STATE": {
                        "short_description": "change network connectivity",
                        "full_description": "Allows the app to change the state of network connectivity.",
                        "permission_type": "normal"
                    },
                    "android.permission.CAMERA": {
                        "short_description": "take pictures and videos",
                        "full_description": "This app can take pictures and record videos using the camera at any time.",
                        "permission_type": "dangerous|instant"
                    },
                    "android.permission.INTERNET": {
                        "short_description": "have full network access",
                        "full_description": "Allows the app to create\n     network sockets and use custom network protocols. The browser and other\n     applications provide means to send data to the internet, so this\n     permission is not required to send data to the internet.",
                        "permission_type": "normal|instant"
                    },
                    "com.android.vending.BILLING": {
                        "short_description": "Unknown permission from android reference",
                        "full_description": "Unknown permission from android reference",
                        "permission_type": "normal"
                    },
                    "android.permission.REQUEST_INSTALL_PACKAGES": {
                        "short_description": "request install packages",
                        "full_description": "Allows an application to request installation of packages.",
                        "permission_type": "signature|appop"
                    },
                    "android.permission.READ_PRIVILEGED_PHONE_STATE": {
                        "short_description": "",
                        "full_description": "",
                        "permission_type": "signature|system"
                    },
                    "com.google.android.c2dm.permission.RECEIVE": {
                        "short_description": "Unknown permission from android reference",
                        "full_description": "Unknown permission from android reference",
                        "permission_type": "normal"
                    },
                    "android.permission.ACCESS_NETWORK_STATE": {
                        "short_description": "view network connections",
                        "full_description": "Allows the app to view\n      information about network connections such as which networks exist and are\n      connected.",
                        "permission_type": "normal|instant"
                    },
                    "android.permission.GET_TASKS": {
                        "short_description": "retrieve running apps",
                        "full_description": "Allows the app to retrieve information\n       about currently and recently running tasks.  This may allow the app to\n       discover information about which applications are used on the device.",
                        "permission_type": "normal"
                    },
                    "android.permission.WRITE_EXTERNAL_STORAGE": {
                        "short_description": "modify or delete the contents of your shared storage",
                        "full_description": "Allows the app to write the contents of your shared storage.",
                        "permission_type": "dangerous"
                    },
                    "android.permission.READ_EXTERNAL_STORAGE": {
                        "short_description": "read the contents of your shared storage",
                        "full_description": "Allows the app to read the contents of your shared storage.",
                        "permission_type": "dangerous"
                    },
                    "android.permission.RECEIVE_BOOT_COMPLETED": {
                        "short_description": "run at startup",
                        "full_description": "Allows the app to\n        have itself started as soon as the system has finished booting.\n        This can make it take longer to start the phone and allow the\n        app to slow down the overall phone by always running.",
                        "permission_type": "normal"
                    },
                    "android.permission.WRITE_SETTINGS": {
                        "short_description": "modify system settings",
                        "full_description": "Allows the app to modify the\n        system's settings data. Malicious apps may corrupt your system's\n        configuration.",
                        "permission_type": "signature|preinstalled|appop|pre23"
                    },
                    "android.permission.FOREGROUND_SERVICE": {
                        "short_description": "run foreground service",
                        "full_description": "Allows the app to make use of foreground services.",
                        "permission_type": "normal|instant"
                    },
                    "android.permission.VIBRATE": {
                        "short_description": "control vibration",
                        "full_description": "Allows the app to control the vibrator.",
                        "permission_type": "normal|instant"
                    },
                    "com.echo.voice.permission.RONG_ACCESS_RECEIVER": {
                        "short_description": "Unknown permission from android reference",
                        "full_description": "Unknown permission from android reference",
                        "permission_type": "normal"
                    },
                    "android.permission.SYSTEM_OVERLAY_WINDOW": {
                        "short_description": "Unknown permission from android reference",
                        "full_description": "Unknown permission from android reference",
                        "permission_type": "normal"
                    },
                    "android.permission.SYSTEM_ALERT_WINDOW": {
                        "short_description": "This app can appear on top of other apps",
                        "full_description": "This app can appear on top of other apps or other parts of the screen. This may interfere with normal app usage and change the way that other apps appear.",
                        "permission_type": "signature|preinstalled|appop|pre23|development"
                    },
                    "android.permission.ACCESS_WIFI_STATE": {
                        "short_description": "view Wi-Fi connections",
                        "full_description": "Allows the app to view information\n      about Wi-Fi networking, such as whether Wi-Fi is enabled and name of\n      connected Wi-Fi devices.",
                        "permission_type": "normal"
                    },
                    "android.permission.WAKE_LOCK": {
                        "short_description": "prevent phone from sleeping",
                        "full_description": "Allows the app to prevent the phone from going to sleep.",
                        "permission_type": "normal|instant"
                    },
                    "android.permission.CHANGE_WIFI_STATE": {
                        "short_description": "connect and disconnect from Wi-Fi",
                        "full_description": "Allows the app to connect to and\n      disconnect from Wi-Fi access points and to make changes to device\n      configuration for Wi-Fi networks.",
                        "permission_type": "normal"
                    },
                    "android.permission.RECORD_AUDIO": {
                        "short_description": "record audio",
                        "full_description": "This app can record audio using the microphone at any time.",
                        "permission_type": "dangerous|instant"
                    },
                    "com.google.android.finsky.permission.BIND_GET_INSTALL_REFERRER_SERVICE": {
                        "short_description": "Unknown permission from android reference",
                        "full_description": "Unknown permission from android reference",
                        "permission_type": "normal"
                    },
                    "android.permission.MODIFY_AUDIO_SETTINGS": {
                        "short_description": "change your audio settings",
                        "full_description": "Allows the app to modify global audio settings such as volume and which speaker is used for output.",
                        "permission_type": "normal"
                    }
                },
                "Receivers": [
                    "com.lib.im.receiver.CustomPushMessageReceiver",
                    "com.echo.feature.channel.receiver.GpReferrerBroadcastReceiver",
                    "com.facebook.CurrentAccessTokenExpirationBroadcastReceiver",
                    "androidx.work.impl.utils.ForceStopRunnable$BroadcastReceiver",
                    "androidx.work.impl.background.systemalarm.ConstraintProxy$BatteryChargingProxy",
                    "androidx.work.impl.background.systemalarm.ConstraintProxy$BatteryNotLowProxy",
                    "androidx.work.impl.background.systemalarm.ConstraintProxy$StorageNotLowProxy",
                    "androidx.work.impl.background.systemalarm.ConstraintProxy$NetworkStateProxy",
                    "androidx.work.impl.background.systemalarm.RescheduleReceiver",
                    "androidx.work.impl.background.systemalarm.ConstraintProxyUpdateReceiver",
                    "io.rong.imlib.ConnectChangeReceiver",
                    "io.rong.imlib.HeartbeatReceiver",
                    "io.rong.push.rongpush.PushReceiver",
                    "com.google.android.gms.measurement.AppMeasurementReceiver",
                    "com.google.firebase.iid.FirebaseInstanceIdReceiver",
                    "com.google.android.datatransport.runtime.scheduling.jobscheduling.AlarmManagerSchedulerBroadcastReceiver",
                    "com.kochava.base.ReferralReceiver"
                ],
                "StringsInformation": [
                    "http://3.120.206.117:8010/auth/aristocracy",
                    "http://3.120.206.117:8010/auth/family/model",
                    "http://3.120.206.117:8010/auth/family/square",
                    "http://3.120.206.117:8010/auth/family/{id}?t=1&x=2",
                    "http://3.120.206.117:8010/auth/repository",
                    "http://3.120.206.117:8010/auth/store",
                    "http://3.120.206.117:8010/auth/store?type=theme",
                    "http://3.120.206.117:8010/auth/wallet/transactions",
                    "http://3.120.206.117:8010/faq",
                    "http://3.120.206.117:8010/rules/cp-bff",
                    "http://3.120.206.117:8010/rules/popular-value",
                    "http://3.120.206.117:8010/terms-of-service",
                    "http://3.120.206.117:8015/rules/lucky-wheel",
                    "http://47.106.194.167:8883/",
                    "http://47.74.180.115:8009",
                    "http://ns.adobe.com/xap/1.0/",
                    "http://schemas.android.com/apk/res/android",
                    "http://ti.echochat.live:3003/",
                    "http://www.sina.com/ds/cn/kkp.php?abce",
                    "https://activity.echochat.live/rules/lucky-wheel",
                    "https://business.echochat.live/auth/aristocracy",
                    "https://business.echochat.live/auth/family/model",
                    "https://business.echochat.live/auth/family/square",
                    "https://business.echochat.live/auth/family/{id}?t=1&x=2",
                    "https://business.echochat.live/auth/repository",
                    "https://business.echochat.live/auth/store",
                    "https://business.echochat.live/auth/store?type=theme",
                    "https://business.echochat.live/auth/wallet/transactions",
                    "https://business.echochat.live/faq",
                    "https://business.echochat.live/privacy-policy",
                    "https://business.echochat.live/rules/cp-bff",
                    "https://business.echochat.live/rules/popular-value",
                    "https://play.google.com/store/apps/details?id=",
                    "https://www.example.com"
                ]
            },
            "magic": "Zip archive data",
            "last_analysis_stats": {
                "harmless": 0,
                "type-unsupported": 12,
                "suspicious": 0,
                "confirmed-timeout": 0,
                "timeout": 1,
                "failure": 0,
                "malicious": 0,
                "undetected": 60
            },
            "last_analysis_results": {
                "Bkav": {
                    "category": "undetected",
                    "engine_name": "Bkav",
                    "engine_version": "1.3.0.9899",
                    "result": null,
                    "method": "blacklist",
                    "engine_update": "20220403"
                },
                "Lionic": {
                    "category": "undetected",
                    "engine_name": "Lionic",
                    "engine_version": "7.5",
                    "result": null,
                    "method": "blacklist",
                    "engine_update": "20220403"
                },
                "tehtris": {
                    "category": "type-unsupported",
                    "engine_name": "tehtris",
                    "engine_version": "v0.0.7",
                    "result": null,
                    "method": "blacklist",
                    "engine_update": "20220403"
                },
                "DrWeb": {
                    "category": "undetected",
                    "engine_name": "DrWeb",
                    "engine_version": "7.0.54.3080",
                    "result": null,
                    "method": "blacklist",
                    "engine_update": "20220403"
                },
                "MicroWorld-eScan": {
                    "category": "undetected",
                    "engine_name": "MicroWorld-eScan",
                    "engine_version": "14.0.409.0",
                    "result": null,
                    "method": "blacklist",
                    "engine_update": "20220403"
                },
                "FireEye": {
                    "category": "undetected",
                    "engine_name": "FireEye",
                    "engine_version": "32.44.1.0",
                    "result": null,
                    "method": "blacklist",
                    "engine_update": "20220403"
                },
                "CAT-QuickHeal": {
                    "category": "undetected",
                    "engine_name": "CAT-QuickHeal",
                    "engine_version": "14.00",
                    "result": null,
                    "method": "blacklist",
                    "engine_update": "20220403"
                },
                "McAfee": {
                    "category": "undetected",
                    "engine_name": "McAfee",
                    "engine_version": "6.0.6.653",
                    "result": null,
                    "method": "blacklist",
                    "engine_update": "20220403"
                },
                "Malwarebytes": {
                    "category": "timeout",
                    "engine_name": "Malwarebytes",
                    "engine_version": "4.2.2.27",
                    "result": null,
                    "method": "blacklist",
                    "engine_update": "20220402"
                },
                "Sangfor": {
                    "category": "undetected",
                    "engine_name": "Sangfor",
                    "engine_version": "2.9.0.0",
                    "result": null,
                    "method": "blacklist",
                    "engine_update": "20220401"
                },
                "Trustlook": {
                    "category": "undetected",
                    "engine_name": "Trustlook",
                    "engine_version": "1.0",
                    "result": null,
                    "method": "blacklist",
                    "engine_update": "20220403"
                },
                "Alibaba": {
                    "category": "undetected",
                    "engine_name": "Alibaba",
                    "engine_version": "0.3.0.5",
                    "result": null,
                    "method": "blacklist",
                    "engine_update": "20190527"
                },
                "K7GW": {
                    "category": "undetected",
                    "engine_name": "K7GW",
                    "engine_version": "12.3.41631",
                    "result": null,
                    "method": "blacklist",
                    "engine_update": "20220403"
                },
                "K7AntiVirus": {
                    "category": "undetected",
                    "engine_name": "K7AntiVirus",
                    "engine_version": "12.3.41631",
                    "result": null,
                    "method": "blacklist",
                    "engine_update": "20220403"
                },
                "Arcabit": {
                    "category": "undetected",
                    "engine_name": "Arcabit",
                    "engine_version": "1.0.0.889",
                    "result": null,
                    "method": "blacklist",
                    "engine_update": "20220403"
                },
                "BitDefenderTheta": {
                    "category": "undetected",
                    "engine_name": "BitDefenderTheta",
                    "engine_version": "7.2.37796.0",
                    "result": null,
                    "method": "blacklist",
                    "engine_update": "20220318"
                },
                "VirIT": {
                    "category": "undetected",
                    "engine_name": "VirIT",
                    "engine_version": "9.5.167",
                    "result": null,
                    "method": "blacklist",
                    "engine_update": "20220401"
                },
                "Cyren": {
                    "category": "undetected",
                    "engine_name": "Cyren",
                    "engine_version": "6.5.1.2",
                    "result": null,
                    "method": "blacklist",
                    "engine_update": "20220403"
                },
                "SymantecMobileInsight": {
                    "category": "undetected",
                    "engine_name": "SymantecMobileInsight",
                    "engine_version": "2.0",
                    "result": null,
                    "method": "blacklist",
                    "engine_update": "20220208"
                },
                "Symantec": {
                    "category": "undetected",
                    "engine_name": "Symantec",
                    "engine_version": "1.17.0.0",
                    "result": null,
                    "method": "blacklist",
                    "engine_update": "20220402"
                },
                "Elastic": {
                    "category": "type-unsupported",
                    "engine_name": "Elastic",
                    "engine_version": "4.0.35",
                    "result": null,
                    "method": "blacklist",
                    "engine_update": "20220302"
                },
                "ESET-NOD32": {
                    "category": "undetected",
                    "engine_name": "ESET-NOD32",
                    "engine_version": "25044",
                    "result": null,
                    "method": "blacklist",
                    "engine_update": "20220402"
                },
                "APEX": {
                    "category": "type-unsupported",
                    "engine_name": "APEX",
                    "engine_version": "6.277",
                    "result": null,
                    "method": "blacklist",
                    "engine_update": "20220401"
                },
                "TrendMicro-HouseCall": {
                    "category": "undetected",
                    "engine_name": "TrendMicro-HouseCall",
                    "engine_version": "10.0.0.1040",
                    "result": null,
                    "method": "blacklist",
                    "engine_update": "20220403"
                },
                "Avast": {
                    "category": "undetected",
                    "engine_name": "Avast",
                    "engine_version": "21.1.5827.0",
                    "result": null,
                    "method": "blacklist",
                    "engine_update": "20220403"
                },
                "ClamAV": {
                    "category": "undetected",
                    "engine_name": "ClamAV",
                    "engine_version": "0.104.2.0",
                    "result": null,
                    "method": "blacklist",
                    "engine_update": "20220402"
                },
                "Kaspersky": {
                    "category": "undetected",
                    "engine_name": "Kaspersky",
                    "engine_version": "21.0.1.45",
                    "result": null,
                    "method": "blacklist",
                    "engine_update": "20220403"
                },
                "BitDefender": {
                    "category": "undetected",
                    "engine_name": "BitDefender",
                    "engine_version": "7.2",
                    "result": null,
                    "method": "blacklist",
                    "engine_update": "20220403"
                },
                "NANO-Antivirus": {
                    "category": "undetected",
                    "engine_name": "NANO-Antivirus",
                    "engine_version": "1.0.146.25576",
                    "result": null,
                    "method": "blacklist",
                    "engine_update": "20220403"
                },
                "Cynet": {
                    "category": "type-unsupported",
                    "engine_name": "Cynet",
                    "engine_version": "4.0.0.27",
                    "result": null,
                    "method": "blacklist",
                    "engine_update": "20220402"
                },
                "SUPERAntiSpyware": {
                    "category": "undetected",
                    "engine_name": "SUPERAntiSpyware",
                    "engine_version": "5.6.0.1032",
                    "result": null,
                    "method": "blacklist",
                    "engine_update": "20220402"
                },
                "Tencent": {
                    "category": "undetected",
                    "engine_name": "Tencent",
                    "engine_version": "1.0.0.1",
                    "result": null,
                    "method": "blacklist",
                    "engine_update": "20220403"
                },
                "Ad-Aware": {
                    "category": "undetected",
                    "engine_name": "Ad-Aware",
                    "engine_version": "3.0.21.193",
                    "result": null,
                    "method": "blacklist",
                    "engine_update": "20220403"
                },
                "Sophos": {
                    "category": "undetected",
                    "engine_name": "Sophos",
                    "engine_version": "1.4.1.0",
                    "result": null,
                    "method": "blacklist",
                    "engine_update": "20220402"
                },
                "Comodo": {
                    "category": "undetected",
                    "engine_name": "Comodo",
                    "engine_version": "34496",
                    "result": null,
                    "method": "blacklist",
                    "engine_update": "20220403"
                },
                "F-Secure": {
                    "category": "undetected",
                    "engine_name": "F-Secure",
                    "engine_version": "12.0.86.52",
                    "result": null,
                    "method": "blacklist",
                    "engine_update": "20220403"
                },
                "Baidu": {
                    "category": "undetected",
                    "engine_name": "Baidu",
                    "engine_version": "1.0.0.2",
                    "result": null,
                    "method": "blacklist",
                    "engine_update": "20190318"
                },
                "Zillya": {
                    "category": "undetected",
                    "engine_name": "Zillya",
                    "engine_version": "2.0.0.4603",
                    "result": null,
                    "method": "blacklist",
                    "engine_update": "20220401"
                },
                "TrendMicro": {
                    "category": "undetected",
                    "engine_name": "TrendMicro",
                    "engine_version": "11.0.0.1006",
                    "result": null,
                    "method": "blacklist",
                    "engine_update": "20220403"
                },
                "McAfee-GW-Edition": {
                    "category": "undetected",
                    "engine_name": "McAfee-GW-Edition",
                    "engine_version": "v2019.1.2+3728",
                    "result": null,
                    "method": "blacklist",
                    "engine_update": "20220403"
                },
                "SentinelOne": {
                    "category": "type-unsupported",
                    "engine_name": "SentinelOne",
                    "engine_version": "22.2.1.2",
                    "result": null,
                    "method": "blacklist",
                    "engine_update": "20220330"
                },
                "Trapmine": {
                    "category": "type-unsupported",
                    "engine_name": "Trapmine",
                    "engine_version": "3.5.45.75",
                    "result": null,
                    "method": "blacklist",
                    "engine_update": "20220217"
                },
                "CMC": {
                    "category": "undetected",
                    "engine_name": "CMC",
                    "engine_version": "2.10.2019.1",
                    "result": null,
                    "method": "blacklist",
                    "engine_update": "20211026"
                },
                "Emsisoft": {
                    "category": "undetected",
                    "engine_name": "Emsisoft",
                    "engine_version": "2021.5.0.7597",
                    "result": null,
                    "method": "blacklist",
                    "engine_update": "20220402"
                },
                "Paloalto": {
                    "category": "type-unsupported",
                    "engine_name": "Paloalto",
                    "engine_version": "0.9.0.1003",
                    "result": null,
                    "method": "blacklist",
                    "engine_update": "20220403"
                },
                "Avast-Mobile": {
                    "category": "undetected",
                    "engine_name": "Avast-Mobile",
                    "engine_version": "220402-00",
                    "result": null,
                    "method": "blacklist",
                    "engine_update": "20220402"
                },
                "Jiangmin": {
                    "category": "undetected",
                    "engine_name": "Jiangmin",
                    "engine_version": "16.0.100",
                    "result": null,
                    "method": "blacklist",
                    "engine_update": "20220402"
                },
                "Webroot": {
                    "category": "type-unsupported",
                    "engine_name": "Webroot",
                    "engine_version": "1.0.0.403",
                    "result": null,
                    "method": "blacklist",
                    "engine_update": "20220403"
                },
                "Avira": {
                    "category": "undetected",
                    "engine_name": "Avira",
                    "engine_version": "8.3.3.14",
                    "result": null,
                    "method": "blacklist",
                    "engine_update": "20220403"
                },
                "Antiy-AVL": {
                    "category": "undetected",
                    "engine_name": "Antiy-AVL",
                    "engine_version": "3.0.0.1",
                    "result": null,
                    "method": "blacklist",
                    "engine_update": "20220403"
                },
                "Kingsoft": {
                    "category": "undetected",
                    "engine_name": "Kingsoft",
                    "engine_version": "2017.9.26.565",
                    "result": null,
                    "method": "blacklist",
                    "engine_update": "20220403"
                },
                "Gridinsoft": {
                    "category": "undetected",
                    "engine_name": "Gridinsoft",
                    "engine_version": "1.0.74.174",
                    "result": null,
                    "method": "blacklist",
                    "engine_update": "20220403"
                },
                "Microsoft": {
                    "category": "undetected",
                    "engine_name": "Microsoft",
                    "engine_version": "1.1.19000.8",
                    "result": null,
                    "method": "blacklist",
                    "engine_update": "20220403"
                },
                "ViRobot": {
                    "category": "undetected",
                    "engine_name": "ViRobot",
                    "engine_version": "2014.3.20.0",
                    "result": null,
                    "method": "blacklist",
                    "engine_update": "20220402"
                },
                "ZoneAlarm": {
                    "category": "undetected",
                    "engine_name": "ZoneAlarm",
                    "engine_version": "1.0",
                    "result": null,
                    "method": "blacklist",
                    "engine_update": "20220403"
                },
                "GData": {
                    "category": "undetected",
                    "engine_name": "GData",
                    "engine_version": "A:25.32702B:27.26891",
                    "result": null,
                    "method": "blacklist",
                    "engine_update": "20220403"
                },
                "TACHYON": {
                    "category": "undetected",
                    "engine_name": "TACHYON",
                    "engine_version": "2022-04-03.02",
                    "result": null,
                    "method": "blacklist",
                    "engine_update": "20220403"
                },
                "BitDefenderFalx": {
                    "category": "undetected",
                    "engine_name": "BitDefenderFalx",
                    "engine_version": "2.0.936",
                    "result": null,
                    "method": "blacklist",
                    "engine_update": "20220103"
                },
                "AhnLab-V3": {
                    "category": "undetected",
                    "engine_name": "AhnLab-V3",
                    "engine_version": "3.21.3.10230",
                    "result": null,
                    "method": "blacklist",
                    "engine_update": "20220403"
                },
                "Acronis": {
                    "category": "type-unsupported",
                    "engine_name": "Acronis",
                    "engine_version": "1.1.1.82",
                    "result": null,
                    "method": "blacklist",
                    "engine_update": "20210512"
                },
                "VBA32": {
                    "category": "undetected",
                    "engine_name": "VBA32",
                    "engine_version": "5.0.0",
                    "result": null,
                    "method": "blacklist",
                    "engine_update": "20220401"
                },
                "ALYac": {
                    "category": "undetected",
                    "engine_name": "ALYac",
                    "engine_version": "1.1.3.1",
                    "result": null,
                    "method": "blacklist",
                    "engine_update": "20220403"
                },
                "MAX": {
                    "category": "undetected",
                    "engine_name": "MAX",
                    "engine_version": "2019.9.16.1",
                    "result": null,
                    "method": "blacklist",
                    "engine_update": "20220403"
                },
                "Cylance": {
                    "category": "type-unsupported",
                    "engine_name": "Cylance",
                    "engine_version": "2.3.1.101",
                    "result": null,
                    "method": "blacklist",
                    "engine_update": "20220403"
                },
                "Zoner": {
                    "category": "undetected",
                    "engine_name": "Zoner",
                    "engine_version": "2.2.2.0",
                    "result": null,
                    "method": "blacklist",
                    "engine_update": "20220402"
                },
                "Rising": {
                    "category": "undetected",
                    "engine_name": "Rising",
                    "engine_version": "25.0.0.27",
                    "result": null,
                    "method": "blacklist",
                    "engine_update": "20220403"
                },
                "Yandex": {
                    "category": "undetected",
                    "engine_name": "Yandex",
                    "engine_version": "5.5.2.24",
                    "result": null,
                    "method": "blacklist",
                    "engine_update": "20220403"
                },
                "Ikarus": {
                    "category": "undetected",
                    "engine_name": "Ikarus",
                    "engine_version": "6.0.15.0",
                    "result": null,
                    "method": "blacklist",
                    "engine_update": "20220402"
                },
                "MaxSecure": {
                    "category": "undetected",
                    "engine_name": "MaxSecure",
                    "engine_version": "1.0.0.1",
                    "result": null,
                    "method": "blacklist",
                    "engine_update": "20220402"
                },
                "Fortinet": {
                    "category": "undetected",
                    "engine_name": "Fortinet",
                    "engine_version": "6.2.142.0",
                    "result": null,
                    "method": "blacklist",
                    "engine_update": "20220403"
                },
                "Cybereason": {
                    "category": "type-unsupported",
                    "engine_name": "Cybereason",
                    "engine_version": "1.2.449",
                    "result": null,
                    "method": "blacklist",
                    "engine_update": "20210330"
                },
                "Panda": {
                    "category": "undetected",
                    "engine_name": "Panda",
                    "engine_version": "4.6.4.2",
                    "result": null,
                    "method": "blacklist",
                    "engine_update": "20220402"
                },
                "CrowdStrike": {
                    "category": "type-unsupported",
                    "engine_name": "CrowdStrike",
                    "engine_version": "1.0",
                    "result": null,
                    "method": "blacklist",
                    "engine_update": "20210907"
                }
            }
        },
        "type": "file",
        "id": "00003cd98df2ec5a0887152dee9c741cd94c514505be20159e8cbb2f39144083",
        "links": {
            "self": "https://www.virustotal.com/api/v3/files/00003cd98df2ec5a0887152dee9c741cd94c514505be20159e8cbb2f39144083"
        }
    }
}