{
    "data": {
        "attributes": {
            "type_description": "Android",
            "vhash": "65b100cd0ef344b84f59cf3942cc83cc",
            "trid": [
                {
                    "file_type": "Android Package",
                    "probability": 50.9
                },
                {
                    "file_type": "Java Archive",
                    "probability": 19.2
                },
                {
                    "file_type": "Sweet Home 3D design (generic)",
                    "probability": 13.9
                },
                {
                    "file_type": "Mozilla Archive Format (gen)",
                    "probability": 9.2
                },
                {
                    "file_type": "ZIP compressed archive",
                    "probability": 5.2
                }
            ],
            "names": [],
            "last_modification_date": 1573488707,
            "type_tag": "android",
            "times_submitted": 1,
            "total_votes": {
                "harmless": 0,
                "malicious": 0
            },
            "size": 56955211,
            "type_extension": "apk",
            "last_submission_date": 1534178056,
            "reputation": 0,
            "sha256": "000042d8ec830fd5f2daf1c4d6b35e302395a85f3f1a63a09d5c4ce914296293",
            "tags": [
                "apk",
                "android"
            ],
            "last_analysis_date": 1573445209,
            "unique_sources": 1,
            "first_submission_date": 1534178056,
            "sha1": "69e8233c89f6f0e5ac9f0dae7585c648f54f52e0",
            "ssdeep": "786432:3HH3ZtRrNTMc3bBGLjUmy2z7EIdd3XHAZ4ujcRiroS7qFcbNmCF9fO5lsl:3n3Z9Tf3bBGLQlpRq+nscsCF9O2",
            "bundle_info": {
                "highest_datetime": "2018-08-10 11:12:08",
                "lowest_datetime": "2018-08-10 11:10:52",
                "num_children": 3372,
                "extensions": {
                    "dex": 1,
                    "xml": 286,
                    "MF": 1,
                    "RSA": 1,
                    "gif": 1,
                    "SF": 1,
                    "png": 708
                },
                "file_types": {
                    "DEX": 1,
                    "unknown": 4,
                    "XML": 286,
                    "PNG": 708,
                    "GIF": 1
                },
                "type": "APK",
                "uncompressed_size": 15196959
            },
            "packers": {
                "F-PROT": "appended"
            },
            "md5": "cf2b903206826bbbfa4d3595d8da6bed",
            "androguard": {
                "VTAndroidInfo": 1.41,
                "SourceFile": "r:\\sav6\\work_channel0_8\\79009629",
                "AndroidApplicationError": false,
                "MinSdkVersion": "17",
                "AndroguardVersion": "3.0-dev",
                "Activities": [
                    "com.kbcard.kat.liivmate.activity.IntroActivity",
                    "com.kbcard.kat.liivmate.activity.AuthActivity",
                    "com.kbcard.kat.liivmate.activity.TutorialActivity",
                    "com.kbcard.kat.liivmate.activity.messenger.MessengerTalkUserActivity",
                    "com.kbcard.kat.liivmate.activity.messenger.MessengerTalkLiivmateMeActivity",
                    "com.kbcard.kat.liivmate.activity.messenger.MessengerPictureViewerActivity",
                    "com.kbcard.kat.liivmate.activity.MainActivity",
                    "com.kbcard.kat.liivmate.activity.MainDummyActivity",
                    "com.kbcard.kat.liivmate.activity.SampleActivity",
                    "com.kbcard.kat.liivmate.activity.CalendarActivity",
                    "com.kbcard.kat.liivmate.activity.PaymentQRCodeActivity",
                    "com.kbcard.kat.liivmate.activity.CameraPermissionActivity",
                    "com.kbcard.kat.liivmate.activity.PaymentBarCodeActivity",
                    "com.kbcard.kat.liivmate.activity.SampleFragmentActivity",
                    "com.kbcard.kat.liivmate.activity.SamplePagerAdapterActivity",
                    "com.kbcard.kat.liivmate.activity.AddressActivity",
                    "com.kbcard.kat.liivmate.security.keypad.PSKeyboardActivity",
                    "com.kbcard.kat.liivmate.activity.paymanager.PayMngPayListActivity",
                    "com.kbcard.kat.liivmate.activity.paymanager.PayMngPayDetailActivity",
                    "com.kbcard.kat.liivmate.activity.paymanager.PayMngRemainInstallmentListActivity",
                    "com.kbcard.kat.liivmate.activity.paymanager.PayMngDepositWithdrawalListActivity",
                    "com.kbcard.kat.liivmate.activity.paymanager.PayMngSavingPurposeActivity",
                    "com.kbcard.kat.liivmate.activity.paymanager.PayMngDailyUsedAmountActivity",
                    "com.kbcard.kat.liivmate.activity.paymanager.PayMngSettingActivity",
                    "com.buzzvil.buzzad.sdk.OfferWallActivity",
                    "com.kbcard.kat.liivmate.activity.coop.CoopActivity",
                    "com.diotek.demo.recognizer.creditcard.CaptureActivity",
                    "com.kbcard.kat.liivmate.activity.InterruptorDialogActivity",
                    "com.kbcard.kat.liivmate.activity.AppLauncherActivity",
                    "com.kbcard.kat.liivmate.activity.LaunchControlActivity",
                    "com.kbcard.kat.liivmate.activity.fleamarketp2pqr.FleaMarketRecognizeQRActivity",
                    "com.kbcard.kat.liivmate.activity.simplepay.SimplePayRecognizeActivity",
                    "com.kbcard.kat.liivmate.security.fido.MainActivity",
                    "com.kbcard.kat.liivmate.security.fido.fingerprint.FingerprintLegacyActivity",
                    "com.kbcard.kat.liivmate.security.fido.fingerprint.FingerprintGoogleActivity",
                    "com.kbcard.kat.liivmate.security.AuthPortalActivity",
                    "com.kbcard.kat.liivmate.activity.appauth.AppAuthActivity",
                    "com.kbcard.kat.liivmate.activity.TutorialMediaActivity",
                    "kr.co.touchdown.AdViewActivity",
                    "com.feelingk.nzonesoft.pushagent.popup.WakeUpActivity",
                    "com.google.android.gms.ads.AdActivity",
                    "com.google.android.gms.ads.purchase.InAppPurchaseActivity",
                    "com.google.android.gms.common.api.GoogleApiActivity"
                ],
                "certificate": {
                    "Subject": {
                        "DN": "C:kr, O:KB Kookmin Card",
                        "C": "kr",
                        "O": "KB Kookmin Card"
                    },
                    "validto": "08:26 AM 10/03/2116",
                    "serialnumber": "1ac60c1e",
                    "thumbprint": "8e91f018b7f0092840672d175e02e7ae0b9af80b",
                    "validfrom": "08:26 AM 10/27/2016",
                    "Issuer": {
                        "DN": "C:kr, O:KB Kookmin Card",
                        "C": "kr",
                        "O": "KB Kookmin Card"
                    }
                },
                "AndroidApplication": 1,
                "RiskIndicator": {
                    "APK": {
                        "DEX": 1
                    },
                    "PERM": {
                        "PRIVACY": 9,
                        "NORMAL": 8,
                        "DANGEROUS": 5,
                        "INTERNET": 1,
                        "SMS": 3,
                        "SIGNATURE": 1,
                        "GPS": 2
                    }
                },
                "Services": [
                    "com.kbcard.kat.liivmate.service.SignalAlertService",
                    "com.kbcard.kat.liivmate.sendbird.gcm.MyGcmListenerService",
                    "com.kbcard.kat.liivmate.sendbird.gcm.RegistrationIntentService",
                    "com.kbcard.kat.liivmate.sendbird.gcm.MyInstanceIDListenerService",
                    "com.kbcard.kat.liivmate.service.AppPushPopupWindow",
                    "kr.co.touchdown.service.TouchDownExService",
                    "com.feelingk.nzonesoft.pushagent.service.PushAgentService",
                    "com.buzzvil.buzzscreen.bridge.MessengerService",
                    "com.ahnlab.enginesdk.ReportService",
                    "co.habitfactory.signalfinance.service.SignalInitService",
                    "co.habitfactory.signalfinance.service.SmsPopupService",
                    "co.habitfactory.signalfinance.service.SmsSimplePopupService",
                    "co.habitfactory.signalfinance.service.GetOldTextMessageService",
                    "co.habitfactory.signalfinance.service.GetMissedTextMessageService",
                    "co.habitfactory.signalfinance.service.GetSaveModeSmsService",
                    "co.habitfactory.signalfinance.service.GetSaveModePushService",
                    "co.habitfactory.signalfinance.service.SendSaveModeSmsService",
                    "co.habitfactory.signalfinance.service.SendMissedMessageService",
                    "co.habitfactory.signalfinance.service.SendOldMessageService",
                    "co.habitfactory.signalfinance.service.SendFailedMessageService",
                    "co.habitfactory.signalfinance.service.FusedSmsLocationService",
                    "co.habitfactory.signalfinance.service.FusedPushLocationService",
                    "co.habitfactory.signalfinance.service.FusedAccountLocationService",
                    "co.habitfactory.signalfinance.service.FusedCashLocationService",
                    "co.habitfactory.signalfinance.service.SmsReceiveNumberService",
                    "co.habitfactory.signalfinance.service.SyncCompleteCheckMessageService",
                    "co.habitfactory.signalfinance.service.PushPopupService",
                    "co.habitfactory.signalfinance.service.PushSimplePopupService",
                    "co.habitfactory.signalfinance.service.NotificationService",
                    "co.habitfactory.signalfinance.service.GetUserApplicationListService",
                    "co.habitfactory.signalfinance.service.InitializeUserDataService",
                    "co.habitfactory.signalfinance.service.GetCurrentTimeService",
                    "com.goggles.ServiceForCheckRooting",
                    "com.goggles.ProcessRunningWatcherService"
                ],
                "AndroidVersionCode": "14401",
                "main_activity": "com.kbcard.kat.liivmate.activity.IntroActivity",
                "Package": "com.kbcard.kat.liivmate",
                "intent_filters": {
                    "Services": {
                        "com.kbcard.kat.liivmate.sendbird.gcm.MyInstanceIDListenerService": {
                            "action": [
                                "com.google.android.gms.iid.InstanceID"
                            ]
                        },
                        "com.kbcard.kat.liivmate.service.SignalAlertService": {
                            "action": [
                                "com.kbcard.kat.liivmate.SIGNAL_CALENDAR_ALERT_SERVICE_START_ACTION",
                                "com.kbcard.kat.liivmate.SIGNAL_CALENDAR_ALERT_ALARM_ACTION"
                            ]
                        },
                        "com.ahnlab.enginesdk.ReportService": {
                            "action": [
                                "com.ahnlab.enginesdk.REPORT"
                            ]
                        },
                        "co.habitfactory.signalfinance.service.NotificationService": {
                            "action": [
                                "android.service.notification.NotificationListenerService"
                            ]
                        },
                        "kr.co.touchdown.service.TouchDownExService": {
                            "action": [
                                "kr.co.touchdown.service"
                            ],
                            "category": [
                                "android.intent.category.DEFAULT"
                            ]
                        },
                        "com.kbcard.kat.liivmate.sendbird.gcm.MyGcmListenerService": {
                            "action": [
                                "com.google.android.c2dm.intent.RECEIVE"
                            ]
                        }
                    },
                    "Activities": {
                        "com.kbcard.kat.liivmate.activity.LaunchControlActivity": {
                            "action": [
                                "android.nfc.action.TECH_DISCOVERED",
                                "android.nfc.action.NDEF_DISCOVERED"
                            ],
                            "category": [
                                "android.intent.category.DEFAULT"
                            ]
                        },
                        "kr.co.touchdown.AdViewActivity": {
                            "action": [
                                "android.intent.action.VIEW"
                            ],
                            "category": [
                                "android.intent.category.DEFAULT",
                                "android.intent.category.BROWSABLE"
                            ]
                        },
                        "com.kbcard.kat.liivmate.activity.AppLauncherActivity": {
                            "action": [
                                "android.intent.action.VIEW"
                            ],
                            "category": [
                                "android.intent.category.DEFAULT",
                                "android.intent.category.BROWSABLE"
                            ]
                        },
                        "com.kbcard.kat.liivmate.activity.IntroActivity": {
                            "action": [
                                "android.intent.action.MAIN",
                                "android.intent.action.VIEW"
                            ],
                            "category": [
                                "android.intent.category.LAUNCHER",
                                "android.intent.category.DEFAULT",
                                "android.intent.category.BROWSABLE"
                            ]
                        }
                    },
                    "Receivers": {
                        "kr.co.touchdown.flkpush.FLKPushAgentReceiver": {
                            "action": [
                                "com.feelingk.nzonesoft.pushagent.RECEIVED_APP_REG_ID",
                                "com.feelingk.nzonesoft.pushagent.RECEIVED_APP_MSG_INFO",
                                "com.feelingk.nzonesoft.pushagent.RECEIVED_REG_PARAM_ERROR",
                                "com.feelingk.nzonesoft.pushagent.RECEIVED_REG_RESULT_ERROR",
                                "com.feelingk.nzonesoft.pushagent.RECEIVED_APP_READ_MSG_ACK",
                                "com.feelingk.nzonesoft.pushagent.REQUEST_READY_FOR_AGENT"
                            ],
                            "category": [
                                "android.intent.category.DEFAULT"
                            ]
                        },
                        "com.feelingk.nzonesoft.pushagent.service.PushAgentAlarmManager": {
                            "action": [
                                "com.feelingk.nzonesoft.pushagent.action.checkprocess",
                                "com.feelingk.nzonesoft.pushagent.action.delayprocess",
                                "com.feelingk.nzonesoft.pushagent.action.repeatprocess",
                                "com.feelingk.nzonesoft.pushagent.action.force",
                                "com.feelingk.nzonesoft.pushagent.action.socket"
                            ]
                        },
                        "co.habitfactory.signalfinance.receiver.MissingDataCheckAlarmReceive": {
                            "action": [
                                "co.habitfactory.signalkbMissingDataAlarm"
                            ]
                        },
                        "com.kbcard.kat.liivmate.receiver.SignalPermissionCheckReceiver": {
                            "action": [
                                "co.habitfactory.signalfinance.PERMISSION_CHECK_RECEIVED"
                            ]
                        },
                        "com.feelingk.nzonesoft.pushagent.service.PushAgentServiceManager": {
                            "action": [
                                "android.intent.action.BOOT_COMPLETED",
                                "com.feelingk.nzonesoft.pushagent.APP_REGISTRATION",
                                "com.feelingk.nzonesoft.pushagent.RESPONSE_READ_MSG",
                                "com.feelingk.nzonesoft.pushagent.SERVICE_START",
                                "com.feelingk.nzonesoft.pushagent.AGENT_PAUSE"
                            ],
                            "category": [
                                "kr.co.touchdown",
                                "android.intent.category.DEFAULT"
                            ]
                        },
                        "co.habitfactory.signalfinance.receiver.AppslistAlarmReceive": {
                            "action": [
                                "co.habitfactory.signalkbAppslistAlarm"
                            ]
                        },
                        "com.google.android.gms.gcm.GcmReceiver": {
                            "action": [
                                "com.google.android.c2dm.intent.RECEIVE",
                                "com.google.android.c2dm.intent.REGISTRATION"
                            ],
                            "category": [
                                "com.kbcard.kat.liivmate"
                            ]
                        },
                        "com.feelingk.nzonesoft.pushagent.service.NetworkStateMonitor": {
                            "action": [
                                "android.net.conn.CONNECTIVITY_CHANGE"
                            ]
                        },
                        "com.kbcard.kat.liivmate.receiver.SignalMmsReceiver": {
                            "action": [
                                "android.provider.Telephony.WAP_PUSH_RECEIVED"
                            ]
                        },
                        "co.habitfactory.signalfinance.receiver.BootingReceiver": {
                            "action": [
                                "co.habitfactory.signalkbRestartAlarm",
                                "android.intent.action.BOOT_COMPLETED"
                            ]
                        },
                        "com.kbcard.kat.liivmate.receiver.SignalSmsReceiver": {
                            "action": [
                                "android.provider.Telephony.SMS_RECEIVED"
                            ]
                        },
                        "com.feelingk.nzonesoft.pushagent.service.PushAgentServiceAlarmManager": {
                            "action": [
                                "com.feelingk.nzonesoft.pushagent.service.postdelayed"
                            ]
                        },
                        "com.kbcard.kat.liivmate.receiver.InstalledReceiver": {
                            "action": [
                                "com.android.vending.INSTALL_REFERRER"
                            ]
                        },
                        "com.buzzvil.buzzscreen.bridge.DataStorage$DataStorageReceiver": {
                            "action": [
                                "android.intent.action.PACKAGE_DATA_CLEARED",
                                "android.intent.action.PACKAGE_FULLY_REMOVED"
                            ]
                        }
                    }
                },
                "AndroidVersionName": "1.4.4",
                "TargetSdkVersion": "23",
                "AndroidApplicationInfo": "APK",
                "Providers": [
                    "com.buzzvil.buzzscreen.bridge.DataProvider"
                ],
                "permission_details": {
                    "com.huawei.android.launcher.permission.WRITE_SETTINGS": {
                        "short_description": "modify global system settings",
                        "full_description": "Allows an application to modify the system's settings data. Malicious applications can corrupt your system's configuration.",
                        "permission_type": "normal"
                    },
                    "android.permission.USE_CREDENTIALS": {
                        "short_description": "use the authentication credentials of an account",
                        "full_description": "Allows an application to request authentication tokens.",
                        "permission_type": "dangerous"
                    },
                    "android.permission.ACCESS_COARSE_LOCATION": {
                        "short_description": "coarse (network-based) location",
                        "full_description": "Access coarse location sources, such as the mobile network database, to determine an approximate phone location, where available. Malicious applications can use this to determine approximately where you are.",
                        "permission_type": "dangerous"
                    },
                    "android.permission.RECEIVE_BOOT_COMPLETED": {
                        "short_description": "automatically start at boot",
                        "full_description": "Allows an application to start itself as soon as the system has finished booting. This can make it take longer to start the phone and allow the application to slow down the overall phone by always running.",
                        "permission_type": "normal"
                    },
                    "android.permission.ACCESS_WIFI_STATE": {
                        "short_description": "view Wi-Fi status",
                        "full_description": "Allows an application to view the information about the status of Wi-Fi.",
                        "permission_type": "normal"
                    },
                    "android.permission.INTERNET": {
                        "short_description": "full Internet access",
                        "full_description": "Allows an application to create network sockets.",
                        "permission_type": "dangerous"
                    },
                    "android.permission.ACCESS_BACKGROUND_SERVICE": {
                        "short_description": "Unknown permission from android reference",
                        "full_description": "Unknown permission from android reference",
                        "permission_type": "normal"
                    },
                    "com.sec.android.provider.badge.permission.WRITE": {
                        "short_description": "Unknown permission from android reference",
                        "full_description": "Unknown permission from android reference",
                        "permission_type": "normal"
                    },
                    "android.permission.ACCESS_FINE_LOCATION": {
                        "short_description": "fine (GPS) location",
                        "full_description": "Access fine location sources, such as the Global Positioning System on the phone, where available. Malicious applications can use this to determine where you are and may consume additional battery power.",
                        "permission_type": "dangerous"
                    },
                    "android.permission.BOOT_COMPLETED": {
                        "short_description": "Unknown permission from android reference",
                        "full_description": "Unknown permission from android reference",
                        "permission_type": "normal"
                    },
                    "android.permission.USE_FINGERPRINT": {
                        "short_description": "Unknown permission from android reference",
                        "full_description": "Unknown permission from android reference",
                        "permission_type": "normal"
                    },
                    "com.pantech.fingerprint.security": {
                        "short_description": "Unknown permission from android reference",
                        "full_description": "Unknown permission from android reference",
                        "permission_type": "normal"
                    },
                    "com.oppo.launcher.permission.READ_SETTINGS": {
                        "short_description": "Unknown permission from android reference",
                        "full_description": "Unknown permission from android reference",
                        "permission_type": "normal"
                    },
                    "com.majeur.launcher.permission.UPDATE_BADGE": {
                        "short_description": "Unknown permission from android reference",
                        "full_description": "Unknown permission from android reference",
                        "permission_type": "normal"
                    },
                    "com.google.android.c2dm.permission.RECEIVE": {
                        "short_description": "Unknown permission from android reference",
                        "full_description": "Unknown permission from android reference",
                        "permission_type": "normal"
                    },
                    "android.permission.ACCESS_NETWORK_STATE": {
                        "short_description": "view network status",
                        "full_description": "Allows an application to view the status of all networks.",
                        "permission_type": "normal"
                    },
                    "android.permission.GET_TASKS": {
                        "short_description": "retrieve running applications",
                        "full_description": "Allows application to retrieve information about currently and recently running tasks. May allow malicious applications to discover private information about other applications.",
                        "permission_type": "dangerous"
                    },
                    "me.everything.badger.permission.BADGE_COUNT_READ": {
                        "short_description": "Unknown permission from android reference",
                        "full_description": "Unknown permission from android reference",
                        "permission_type": "normal"
                    },
                    "com.htc.launcher.permission.UPDATE_SHORTCUT": {
                        "short_description": "Unknown permission from android reference",
                        "full_description": "Unknown permission from android reference",
                        "permission_type": "normal"
                    },
                    "com.htc.launcher.permission.READ_SETTINGS": {
                        "short_description": "Unknown permission from android reference",
                        "full_description": "Unknown permission from android reference",
                        "permission_type": "normal"
                    },
                    "me.everything.badger.permission.BADGE_COUNT_WRITE": {
                        "short_description": "Unknown permission from android reference",
                        "full_description": "Unknown permission from android reference",
                        "permission_type": "normal"
                    },
                    "android.permission.WRITE_EXTERNAL_STORAGE": {
                        "short_description": "modify/delete SD card contents",
                        "full_description": "Allows an application to write to the SD card.",
                        "permission_type": "dangerous"
                    },
                    "android.permission.READ_EXTERNAL_STORAGE": {
                        "short_description": "read from external storage",
                        "full_description": "Allows an application to read from external storage",
                        "permission_type": "normal"
                    },
                    "org.fidoalliance.uaf.permissions.FIDO_CLIENT": {
                        "short_description": "Unknown permission from android reference",
                        "full_description": "Unknown permission from android reference",
                        "permission_type": "normal"
                    },
                    "com.anddoes.launcher.permission.UPDATE_COUNT": {
                        "short_description": "Unknown permission from android reference",
                        "full_description": "Unknown permission from android reference",
                        "permission_type": "normal"
                    },
                    "com.kbcard.kat.liivmate.permission.C2D_MESSAGE": {
                        "short_description": "C2DM permission.",
                        "full_description": "C2DM permission.",
                        "permission_type": "signature"
                    },
                    "com.sonymobile.home.permission.PROVIDER_INSERT_BADGE": {
                        "short_description": "Unknown permission from android reference",
                        "full_description": "Unknown permission from android reference",
                        "permission_type": "normal"
                    },
                    "android.permission.READ_PHONE_STATE": {
                        "short_description": "read phone state and identity",
                        "full_description": "Allows the application to access the phone features of the device. An application with this permission can determine the phone number and serial number of this phone, whether a call is active, the number that call is connected to and so on.",
                        "permission_type": "dangerous"
                    },
                    "com.oppo.launcher.permission.WRITE_SETTINGS": {
                        "short_description": "modify global system settings",
                        "full_description": "Allows an application to modify the system's settings data. Malicious applications can corrupt your system's configuration.",
                        "permission_type": "normal"
                    },
                    "android.permission.READ_SMS": {
                        "short_description": "read SMS or MMS",
                        "full_description": "Allows application to read SMS messages stored on your phone or SIM card. Malicious applications may read your confidential messages.",
                        "permission_type": "dangerous"
                    },
                    "android.permission.VIBRATE": {
                        "short_description": "control vibrator",
                        "full_description": "Allows the application to control the vibrator.",
                        "permission_type": "normal"
                    },
                    "android.permission.SYSTEM_ALERT_WINDOW": {
                        "short_description": "display system-level alerts",
                        "full_description": "Allows an application to show system-alert windows. Malicious applications can take over the entire screen of the phone.",
                        "permission_type": "dangerous"
                    },
                    "com.samsung.android.providers.context.permission.WRITE_USE_APP_FEATURE_SURVEY": {
                        "short_description": "Unknown permission from android reference",
                        "full_description": "Unknown permission from android reference",
                        "permission_type": "normal"
                    },
                    "com.buzzvil.buzzscreen.permission.USE_BRIDGE479287856771881.MAIN": {
                        "short_description": "Unknown permission from android reference",
                        "full_description": "Unknown permission from android reference",
                        "permission_type": "normal"
                    },
                    "android.permission.CAMERA": {
                        "short_description": "take pictures and videos",
                        "full_description": "Allows application to take pictures and videos with the camera. This allows the application to collect images that the camera is seeing at any time.",
                        "permission_type": "dangerous"
                    },
                    "android.permission.RECEIVE_MMS": {
                        "short_description": "receive MMS",
                        "full_description": "Allows application to receive and process MMS messages. Malicious applications may monitor your messages or delete them without showing them to you.",
                        "permission_type": "dangerous"
                    },
                    "android.permission.WAKE_LOCK": {
                        "short_description": "prevent phone from sleeping",
                        "full_description": "Allows an application to prevent the phone from going to sleep.",
                        "permission_type": "normal"
                    },
                    "com.huawei.android.launcher.permission.READ_SETTINGS": {
                        "short_description": "Unknown permission from android reference",
                        "full_description": "Unknown permission from android reference",
                        "permission_type": "normal"
                    },
                    "com.huawei.android.launcher.permission.CHANGE_BADGE": {
                        "short_description": "Unknown permission from android reference",
                        "full_description": "Unknown permission from android reference",
                        "permission_type": "normal"
                    },
                    "android.permission.CHANGE_WIFI_STATE": {
                        "short_description": "change Wi-Fi status",
                        "full_description": "Allows an application to connect to and disconnect from Wi-Fi access points and to make changes to configured Wi-Fi networks.",
                        "permission_type": "dangerous"
                    },
                    "android.permission.RECEIVE_SMS": {
                        "short_description": "receive SMS",
                        "full_description": "Allows application to receive and process SMS messages. Malicious applications may monitor your messages or delete them without showing them to you.",
                        "permission_type": "dangerous"
                    },
                    "android.permission.READ_CONTACTS": {
                        "short_description": "read contact data",
                        "full_description": "Allows an application to read all of the contact (address) data stored on your phone. Malicious applications can use this to send your data to other people.",
                        "permission_type": "dangerous"
                    },
                    "com.kbcard.kat.liivmate.permission.SIGNAL_ALERTSERVICE": {
                        "short_description": "Unknown permission from android reference",
                        "full_description": "Unknown permission from android reference",
                        "permission_type": "normal"
                    },
                    "com.sonyericsson.home.permission.BROADCAST_BADGE": {
                        "short_description": "Unknown permission from android reference",
                        "full_description": "Unknown permission from android reference",
                        "permission_type": "normal"
                    },
                    "com.sec.android.provider.badge.permission.READ": {
                        "short_description": "Unknown permission from android reference",
                        "full_description": "Unknown permission from android reference",
                        "permission_type": "normal"
                    },
                    "android.permission.GET_ACCOUNTS": {
                        "short_description": "discover known accounts",
                        "full_description": "Allows an application to access the list of accounts known by the phone.",
                        "permission_type": "normal"
                    },
                    "android.permission.READ_APP_BADGE": {
                        "short_description": "Unknown permission from android reference",
                        "full_description": "Unknown permission from android reference",
                        "permission_type": "normal"
                    }
                },
                "Receivers": [
                    "com.kbcard.kat.liivmate.receiver.SignalSmsReceiver",
                    "com.kbcard.kat.liivmate.receiver.SignalMmsReceiver",
                    "com.kbcard.kat.liivmate.receiver.SignalPermissionCheckReceiver",
                    "com.google.android.gms.gcm.GcmReceiver",
                    "com.feelingk.nzonesoft.pushagent.service.PushAgentServiceManager",
                    "com.feelingk.nzonesoft.pushagent.service.NetworkStateMonitor",
                    "com.feelingk.nzonesoft.pushagent.service.PushAgentAlarmManager",
                    "com.feelingk.nzonesoft.pushagent.service.PushAgentServiceAlarmManager",
                    "kr.co.touchdown.flkpush.FLKPushAgentReceiver",
                    "com.kbcard.kat.liivmate.receiver.InstalledReceiver",
                    "com.buzzvil.buzzscreen.bridge.EventReceiver",
                    "com.ahnlab.enginesdk.ConnectivityChangeReceiver",
                    "com.buzzvil.buzzscreen.bridge.DataStorage$DataStorageReceiver",
                    "co.habitfactory.signalfinance.receiver.MissingDataCheckAlarmReceive",
                    "co.habitfactory.signalfinance.receiver.AppslistAlarmReceive",
                    "co.habitfactory.signalfinance.receiver.BootingReceiver"
                ],
                "StringsInformation": [
                    "http://ahope-lab.iptime.org:65046/pure_app_web/pureApp.jsp",
                    "http://static.adbrix.igaworks.com/adbrix_res/sdk_res/play_bt_circle.png",
                    "http://static.adbrix.igaworks.com/adbrix_res/sdk_res/popup_close_bt.png",
                    "http://static.adbrix.igaworks.com/adbrix_res/sdk_res/mission_check_off.png",
                    "http://static.adbrix.igaworks.com/adbrix_res/sdk_res/mission_check_on.png",
                    "http://static.adbrix.igaworks.com/adbrix_res/sdk_res/bg_pt.png",
                    "http://static.adbrix.igaworks.com/adbrix_res/sdk_res/app_select_arrow.png",
                    "http://static.adbrix.igaworks.com/adbrix_res/sdk_res/img_slide_left.png",
                    "http://static.adbrix.igaworks.com/adbrix_res/sdk_res/img_slide_right.png",
                    "http://static.adbrix.igaworks.com/adbrix_res/sdk_res/play_bt_square.png",
                    "http://static.adbrix.igaworks.com/adbrix_res/sdk_res/step_arrow.png",
                    "http://10.0.2.2:9800/api",
                    "http://10.0.2.2:9800/api/routing/%s",
                    "http://api-intoz.sendbird.com:9800",
                    "http://api-intoz.sendbird.com:9800/routing/%s",
                    "http://hostname/?",
                    "http://referrer.ad-brix.com?",
                    "http://igaworks.com",
                    "http://igaworks.com?dump=0",
                    "http://webclinic.ahnlab.com/v3mobileplus/BldInfo.ini",
                    "https://www.googleapis.com/auth/plus.me",
                    "https://www.googleapis.com/auth/games",
                    "http://tsto.re/0000306997",
                    "https://config.ad-brix.com/",
                    "http://adbrix-commerce-web-dev.ap-northeast-1.elasticbeanstalk.com/v1/",
                    "https://campaign.ad-brix.com/v1/",
                    "https://igawcrashlytics.ad-brix.com/api/v1.0/",
                    "https://cvr.ad-brix.com/v1/",
                    "https://apiab4c.ad-brix.com/v1/",
                    "https://ref.ad-brix.com/v1/",
                    "https://tracking.ad-brix.com/v1/",
                    "https://",
                    "https://www.googleapis.com/auth/appstate",
                    "https://www.googleapis.com/auth/datastoremobile",
                    "https://www.googleapis.com/auth/drive.appdata",
                    "https://www.googleapis.com/auth/drive.file",
                    "https://www.googleapis.com/auth/fitness.activity.read",
                    "https://www.googleapis.com/auth/fitness.activity.write",
                    "https://www.googleapis.com/auth/fitness.body.read",
                    "https://www.googleapis.com/auth/fitness.body.write",
                    "https://www.googleapis.com/auth/fitness.location.read",
                    "https://www.googleapis.com/auth/fitness.location.write",
                    "https://www.googleapis.com/auth/fitness.nutrition.read",
                    "https://www.googleapis.com/auth/fitness.nutrition.write",
                    "https://www.googleapis.com/auth/plus.login",
                    "https://www.googleapis.com/auth/plus.moments.write",
                    "http://plus.google.com/",
                    "http://google.com/books?id=",
                    "http://",
                    "https://pagead2.googlesyndication.com/pagead/gen_204",
                    "http://www.google.com",
                    "http://www.google-analytics.com",
                    "https://ssl.google-analytics.com",
                    "http://maps.google.",
                    "http://www.google.",
                    "https://www.googletagmanager.com",
                    "http://www.example.com",
                    "http://www.",
                    "https://www.",
                    "https://googleads.g.doubleclick.net/mads/static/mad/sdk/native/sdk-core-v40.html",
                    "https://googleads.g.doubleclick.net/mads/static/mad/sdk/native/mraid/v2/mraid_app_banner.js",
                    "https://googleads.g.doubleclick.net/mads/static/mad/sdk/native/mraid/v2/mraid_app_expanded_banner.js",
                    "https://googleads.g.doubleclick.net/mads/static/mad/sdk/native/mraid/v2/mraid_app_interstitial.js",
                    "https://csi.gstatic.com/csi",
                    "https://sb-ssl.google.com/safebrowsing/clientreport/malware"
                ]
            },
            "magic": "Zip archive data, at least v2.0 to extract",
            "last_analysis_stats": {
                "harmless": 0,
                "type-unsupported": 11,
                "suspicious": 0,
                "confirmed-timeout": 0,
                "timeout": 2,
                "failure": 0,
                "malicious": 0,
                "undetected": 59
            },
            "last_analysis_results": {
                "Bkav": {
                    "category": "undetected",
                    "engine_name": "Bkav",
                    "engine_version": "1.3.0.9899",
                    "result": null,
                    "method": "blacklist",
                    "engine_update": "20191109"
                },
                "Lionic": {
                    "category": "undetected",
                    "engine_name": "AegisLab",
                    "engine_version": "4.2",
                    "result": null,
                    "method": "blacklist",
                    "engine_update": "20191111"
                },
                "DrWeb": {
                    "category": "undetected",
                    "engine_name": "DrWeb",
                    "engine_version": "7.0.41.7240",
                    "result": null,
                    "method": "blacklist",
                    "engine_update": "20191111"
                },
                "MicroWorld-eScan": {
                    "category": "undetected",
                    "engine_name": "MicroWorld-eScan",
                    "engine_version": "14.0.297.0",
                    "result": null,
                    "method": "blacklist",
                    "engine_update": "20191111"
                },
                "FireEye": {
                    "category": "undetected",
                    "engine_name": "FireEye",
                    "engine_version": "29.7.0.0",
                    "result": null,
                    "method": "blacklist",
                    "engine_update": "20191111"
                },
                "CAT-QuickHeal": {
                    "category": "undetected",
                    "engine_name": "CAT-QuickHeal",
                    "engine_version": "14.00",
                    "result": null,
                    "method": "blacklist",
                    "engine_update": "20191110"
                },
                "McAfee": {
                    "category": "undetected",
                    "engine_name": "McAfee",
                    "engine_version": "6.0.6.653",
                    "result": null,
                    "method": "blacklist",
                    "engine_update": "20191111"
                },
                "Malwarebytes": {
                    "category": "undetected",
                    "engine_name": "Malwarebytes",
                    "engine_version": "2.1.1.1115",
                    "result": null,
                    "method": "blacklist",
                    "engine_update": "20191111"
                },
                "Zillya": {
                    "category": "undetected",
                    "engine_name": "Zillya",
                    "engine_version": "2.0.0.3946",
                    "result": null,
                    "method": "blacklist",
                    "engine_update": "20191108"
                },
                "K7AntiVirus": {
                    "category": "undetected",
                    "engine_name": "K7AntiVirus",
                    "engine_version": "11.76.32508",
                    "result": null,
                    "method": "blacklist",
                    "engine_update": "20191111"
                },
                "Alibaba": {
                    "category": "undetected",
                    "engine_name": "Alibaba",
                    "engine_version": "0.3.0.5",
                    "result": null,
                    "method": "blacklist",
                    "engine_update": "20190527"
                },
                "K7GW": {
                    "category": "undetected",
                    "engine_name": "K7GW",
                    "engine_version": "11.76.32508",
                    "result": null,
                    "method": "blacklist",
                    "engine_update": "20191111"
                },
                "Trustlook": {
                    "category": "timeout",
                    "engine_name": "Trustlook",
                    "engine_version": "1.0",
                    "result": null,
                    "method": "blacklist",
                    "engine_update": "20191111"
                },
                "Invincea": {
                    "category": "type-unsupported",
                    "engine_name": "Invincea",
                    "engine_version": "6.3.6.26157",
                    "result": null,
                    "method": "blacklist",
                    "engine_update": "20190904"
                },
                "BitDefenderTheta": {
                    "category": "undetected",
                    "engine_name": "BitDefenderTheta",
                    "engine_version": "7.2.37796.0",
                    "result": null,
                    "method": "blacklist",
                    "engine_update": "20191108"
                },
                "Cyren": {
                    "category": "undetected",
                    "engine_name": "Cyren",
                    "engine_version": "6.2.2.2",
                    "result": null,
                    "method": "blacklist",
                    "engine_update": "20191111"
                },
                "SymantecMobileInsight": {
                    "category": "undetected",
                    "engine_name": "SymantecMobileInsight",
                    "engine_version": "2.0",
                    "result": null,
                    "method": "blacklist",
                    "engine_update": "20191030"
                },
                "Symantec": {
                    "category": "undetected",
                    "engine_name": "Symantec",
                    "engine_version": "1.11.0.0",
                    "result": null,
                    "method": "blacklist",
                    "engine_update": "20191110"
                },
                "TotalDefense": {
                    "category": "undetected",
                    "engine_name": "TotalDefense",
                    "engine_version": "37.1.62.1",
                    "result": null,
                    "method": "blacklist",
                    "engine_update": "20191110"
                },
                "APEX": {
                    "category": "type-unsupported",
                    "engine_name": "APEX",
                    "engine_version": "5.84",
                    "result": null,
                    "method": "blacklist",
                    "engine_update": "20191110"
                },
                "TrendMicro-HouseCall": {
                    "category": "undetected",
                    "engine_name": "TrendMicro-HouseCall",
                    "engine_version": "10.0.0.1040",
                    "result": null,
                    "method": "blacklist",
                    "engine_update": "20191111"
                },
                "Avast": {
                    "category": "undetected",
                    "engine_name": "Avast",
                    "engine_version": "18.4.3895.0",
                    "result": null,
                    "method": "blacklist",
                    "engine_update": "20191111"
                },
                "ClamAV": {
                    "category": "undetected",
                    "engine_name": "ClamAV",
                    "engine_version": "0.102.0.0",
                    "result": null,
                    "method": "blacklist",
                    "engine_update": "20191110"
                },
                "Kaspersky": {
                    "category": "undetected",
                    "engine_name": "Kaspersky",
                    "engine_version": "15.0.1.13",
                    "result": null,
                    "method": "blacklist",
                    "engine_update": "20191111"
                },
                "BitDefender": {
                    "category": "undetected",
                    "engine_name": "BitDefender",
                    "engine_version": "7.2",
                    "result": null,
                    "method": "blacklist",
                    "engine_update": "20191111"
                },
                "NANO-Antivirus": {
                    "category": "undetected",
                    "engine_name": "NANO-Antivirus",
                    "engine_version": "1.0.134.24859",
                    "result": null,
                    "method": "blacklist",
                    "engine_update": "20191111"
                },
                "SUPERAntiSpyware": {
                    "category": "undetected",
                    "engine_name": "SUPERAntiSpyware",
                    "engine_version": "5.6.0.1032",
                    "result": null,
                    "method": "blacklist",
                    "engine_update": "20191108"
                },
                "Tencent": {
                    "category": "undetected",
                    "engine_name": "Tencent",
                    "engine_version": "1.0.0.1",
                    "result": null,
                    "method": "blacklist",
                    "engine_update": "20191111"
                },
                "Ad-Aware": {
                    "category": "undetected",
                    "engine_name": "Ad-Aware",
                    "engine_version": "3.0.5.370",
                    "result": null,
                    "method": "blacklist",
                    "engine_update": "20191111"
                },
                "Emsisoft": {
                    "category": "undetected",
                    "engine_name": "Emsisoft",
                    "engine_version": "2018.12.0.1641",
                    "result": null,
                    "method": "blacklist",
                    "engine_update": "20191031"
                },
                "Comodo": {
                    "category": "undetected",
                    "engine_name": "Comodo",
                    "engine_version": "31705",
                    "result": null,
                    "method": "blacklist",
                    "engine_update": "20191110"
                },
                "F-Secure": {
                    "category": "undetected",
                    "engine_name": "F-Secure",
                    "engine_version": "12.0.86.52",
                    "result": null,
                    "method": "blacklist",
                    "engine_update": "20191111"
                },
                "Baidu": {
                    "category": "undetected",
                    "engine_name": "Baidu",
                    "engine_version": "1.0.0.2",
                    "result": null,
                    "method": "blacklist",
                    "engine_update": "20190318"
                },
                "VIPRE": {
                    "category": "undetected",
                    "engine_name": "VIPRE",
                    "engine_version": "79240",
                    "result": null,
                    "method": "blacklist",
                    "engine_update": "20191111"
                },
                "TrendMicro": {
                    "category": "undetected",
                    "engine_name": "TrendMicro",
                    "engine_version": "11.0.0.1006",
                    "result": null,
                    "method": "blacklist",
                    "engine_update": "20191111"
                },
                "McAfee-GW-Edition": {
                    "category": "undetected",
                    "engine_name": "McAfee-GW-Edition",
                    "engine_version": "v2017.3010",
                    "result": null,
                    "method": "blacklist",
                    "engine_update": "20191110"
                },
                "SentinelOne": {
                    "category": "type-unsupported",
                    "engine_name": "SentinelOne",
                    "engine_version": "1.0.31.22",
                    "result": null,
                    "method": "blacklist",
                    "engine_update": "20190807"
                },
                "CMC": {
                    "category": "undetected",
                    "engine_name": "CMC",
                    "engine_version": "1.1.0.977",
                    "result": null,
                    "method": "blacklist",
                    "engine_update": "20190321"
                },
                "Sophos": {
                    "category": "undetected",
                    "engine_name": "Sophos",
                    "engine_version": "4.98.0",
                    "result": null,
                    "method": "blacklist",
                    "engine_update": "20191111"
                },
                "Paloalto": {
                    "category": "type-unsupported",
                    "engine_name": "Paloalto",
                    "engine_version": "1.0",
                    "result": null,
                    "method": "blacklist",
                    "engine_update": "20191111"
                },
                "F-Prot": {
                    "category": "undetected",
                    "engine_name": "F-Prot",
                    "engine_version": "4.7.1.166",
                    "result": null,
                    "method": "blacklist",
                    "engine_update": "20191111"
                },
                "Jiangmin": {
                    "category": "undetected",
                    "engine_name": "Jiangmin",
                    "engine_version": "16.0.100",
                    "result": null,
                    "method": "blacklist",
                    "engine_update": "20191111"
                },
                "Webroot": {
                    "category": "type-unsupported",
                    "engine_name": "Webroot",
                    "engine_version": "1.0.0.403",
                    "result": null,
                    "method": "blacklist",
                    "engine_update": "20191111"
                },
                "Avira": {
                    "category": "undetected",
                    "engine_name": "Avira",
                    "engine_version": "8.3.3.8",
                    "result": null,
                    "method": "blacklist",
                    "engine_update": "20191111"
                },
                "Fortinet": {
                    "category": "timeout",
                    "engine_name": "Fortinet",
                    "engine_version": "5.4.247.0",
                    "result": null,
                    "method": "blacklist",
                    "engine_update": "20191111"
                },
                "Antiy-AVL": {
                    "category": "undetected",
                    "engine_name": "Antiy-AVL",
                    "engine_version": "3.0.0.1",
                    "result": null,
                    "method": "blacklist",
                    "engine_update": "20191111"
                },
                "Kingsoft": {
                    "category": "undetected",
                    "engine_name": "Kingsoft",
                    "engine_version": "2013.8.14.323",
                    "result": null,
                    "method": "blacklist",
                    "engine_update": "20191111"
                },
                "Endgame": {
                    "category": "type-unsupported",
                    "engine_name": "Endgame",
                    "engine_version": "3.0.15",
                    "result": null,
                    "method": "blacklist",
                    "engine_update": "20190918"
                },
                "Arcabit": {
                    "category": "undetected",
                    "engine_name": "Arcabit",
                    "engine_version": "1.0.0.861",
                    "result": null,
                    "method": "blacklist",
                    "engine_update": "20191111"
                },
                "ViRobot": {
                    "category": "undetected",
                    "engine_name": "ViRobot",
                    "engine_version": "2014.3.20.0",
                    "result": null,
                    "method": "blacklist",
                    "engine_update": "20191111"
                },
                "ZoneAlarm": {
                    "category": "undetected",
                    "engine_name": "ZoneAlarm",
                    "engine_version": "1.0",
                    "result": null,
                    "method": "blacklist",
                    "engine_update": "20191111"
                },
                "Avast-Mobile": {
                    "category": "undetected",
                    "engine_name": "Avast-Mobile",
                    "engine_version": "191108-00",
                    "result": null,
                    "method": "blacklist",
                    "engine_update": "20191108"
                },
                "Microsoft": {
                    "category": "undetected",
                    "engine_name": "Microsoft",
                    "engine_version": "1.1.16500.1",
                    "result": null,
                    "method": "blacklist",
                    "engine_update": "20191111"
                },
                "TACHYON": {
                    "category": "undetected",
                    "engine_name": "TACHYON",
                    "engine_version": "2019-11-11.01",
                    "result": null,
                    "method": "blacklist",
                    "engine_update": "20191111"
                },
                "AhnLab-V3": {
                    "category": "undetected",
                    "engine_name": "AhnLab-V3",
                    "engine_version": "3.16.4.25692",
                    "result": null,
                    "method": "blacklist",
                    "engine_update": "20191111"
                },
                "Acronis": {
                    "category": "type-unsupported",
                    "engine_name": "Acronis",
                    "engine_version": "1.1.1.58",
                    "result": null,
                    "method": "blacklist",
                    "engine_update": "20191018"
                },
                "VBA32": {
                    "category": "undetected",
                    "engine_name": "VBA32",
                    "engine_version": "4.2.0",
                    "result": null,
                    "method": "blacklist",
                    "engine_update": "20191106"
                },
                "ALYac": {
                    "category": "undetected",
                    "engine_name": "ALYac",
                    "engine_version": "1.1.1.5",
                    "result": null,
                    "method": "blacklist",
                    "engine_update": "20191111"
                },
                "MAX": {
                    "category": "undetected",
                    "engine_name": "MAX",
                    "engine_version": "2019.9.16.1",
                    "result": null,
                    "method": "blacklist",
                    "engine_update": "20191111"
                },
                "Cylance": {
                    "category": "type-unsupported",
                    "engine_name": "Cylance",
                    "engine_version": "2.3.1.101",
                    "result": null,
                    "method": "blacklist",
                    "engine_update": "20191111"
                },
                "Zoner": {
                    "category": "undetected",
                    "engine_name": "Zoner",
                    "engine_version": "1.0.0.1",
                    "result": null,
                    "method": "blacklist",
                    "engine_update": "20191111"
                },
                "ESET-NOD32": {
                    "category": "undetected",
                    "engine_name": "ESET-NOD32",
                    "engine_version": "20326",
                    "result": null,
                    "method": "blacklist",
                    "engine_update": "20191111"
                },
                "Rising": {
                    "category": "undetected",
                    "engine_name": "Rising",
                    "engine_version": "25.0.0.24",
                    "result": null,
                    "method": "blacklist",
                    "engine_update": "20191111"
                },
                "Yandex": {
                    "category": "undetected",
                    "engine_name": "Yandex",
                    "engine_version": "5.5.2.24",
                    "result": null,
                    "method": "blacklist",
                    "engine_update": "20191108"
                },
                "Ikarus": {
                    "category": "undetected",
                    "engine_name": "Ikarus",
                    "engine_version": "0.1.5.2",
                    "result": null,
                    "method": "blacklist",
                    "engine_update": "20191110"
                },
                "eGambit": {
                    "category": "type-unsupported",
                    "engine_name": "eGambit",
                    "engine_version": "v5.0.6",
                    "result": null,
                    "method": "blacklist",
                    "engine_update": "20191111"
                },
                "GData": {
                    "category": "undetected",
                    "engine_name": "GData",
                    "engine_version": "A:25.23934B:26.16609",
                    "result": null,
                    "method": "blacklist",
                    "engine_update": "20191111"
                },
                "AVG": {
                    "category": "undetected",
                    "engine_name": "AVG",
                    "engine_version": "18.4.3895.0",
                    "result": null,
                    "method": "blacklist",
                    "engine_update": "20191111"
                },
                "Cybereason": {
                    "category": "type-unsupported",
                    "engine_name": "Cybereason",
                    "engine_version": "1.2.449",
                    "result": null,
                    "method": "blacklist",
                    "engine_update": "20190616"
                },
                "Panda": {
                    "category": "undetected",
                    "engine_name": "Panda",
                    "engine_version": "4.6.4.2",
                    "result": null,
                    "method": "blacklist",
                    "engine_update": "20191110"
                },
                "CrowdStrike": {
                    "category": "type-unsupported",
                    "engine_name": "CrowdStrike",
                    "engine_version": "1.0",
                    "result": null,
                    "method": "blacklist",
                    "engine_update": "20190702"
                },
                "Qihoo-360": {
                    "category": "undetected",
                    "engine_name": "Qihoo-360",
                    "engine_version": "1.0.0.1120",
                    "result": null,
                    "method": "blacklist",
                    "engine_update": "20191111"
                }
            }
        },
        "type": "file",
        "id": "000042d8ec830fd5f2daf1c4d6b35e302395a85f3f1a63a09d5c4ce914296293",
        "links": {
            "self": "https://www.virustotal.com/api/v3/files/000042d8ec830fd5f2daf1c4d6b35e302395a85f3f1a63a09d5c4ce914296293"
        }
    }
}