{
    "data": {
        "attributes": {
            "type_description": "Android",
            "tlsh": "T130C63303F3A3BA0ED836D17261851631609B6D38AB07D5CA154AB7AE38F3DD00F95BE5",
            "vhash": "0eefb8210e6735f4ba85789f053de585",
            "trid": [
                {
                    "file_type": "Android Package",
                    "probability": 67.5
                },
                {
                    "file_type": "Java Archive",
                    "probability": 23.6
                },
                {
                    "file_type": "ZIP compressed archive",
                    "probability": 7.0
                },
                {
                    "file_type": "PrintFox/Pagefox bitmap (640x800)",
                    "probability": 1.7
                }
            ],
            "names": [
                "000037AB1E46B386AB98D565CC6E9EDE71F5FD775EE7D1521E47434390C0E42C.apk"
            ],
            "last_modification_date": 1648148362,
            "type_tag": "android",
            "times_submitted": 5,
            "total_votes": {
                "harmless": 0,
                "malicious": 0
            },
            "size": 12235505,
            "type_extension": "apk",
            "last_submission_date": 1648140999,
            "last_analysis_results": {
                "Bkav": {
                    "category": "undetected",
                    "engine_name": "Bkav",
                    "engine_version": "1.3.0.9899",
                    "result": null,
                    "method": "blacklist",
                    "engine_update": "20220324"
                },
                "Lionic": {
                    "category": "undetected",
                    "engine_name": "Lionic",
                    "engine_version": "7.5",
                    "result": null,
                    "method": "blacklist",
                    "engine_update": "20220324"
                },
                "Elastic": {
                    "category": "type-unsupported",
                    "engine_name": "Elastic",
                    "engine_version": "4.0.35",
                    "result": null,
                    "method": "blacklist",
                    "engine_update": "20220302"
                },
                "DrWeb": {
                    "category": "undetected",
                    "engine_name": "DrWeb",
                    "engine_version": "7.0.54.3080",
                    "result": null,
                    "method": "blacklist",
                    "engine_update": "20220324"
                },
                "MicroWorld-eScan": {
                    "category": "undetected",
                    "engine_name": "MicroWorld-eScan",
                    "engine_version": "14.0.409.0",
                    "result": null,
                    "method": "blacklist",
                    "engine_update": "20220324"
                },
                "CMC": {
                    "category": "undetected",
                    "engine_name": "CMC",
                    "engine_version": "2.10.2019.1",
                    "result": null,
                    "method": "blacklist",
                    "engine_update": "20211026"
                },
                "CAT-QuickHeal": {
                    "category": "undetected",
                    "engine_name": "CAT-QuickHeal",
                    "engine_version": "14.00",
                    "result": null,
                    "method": "blacklist",
                    "engine_update": "20220324"
                },
                "ALYac": {
                    "category": "undetected",
                    "engine_name": "ALYac",
                    "engine_version": "1.1.3.1",
                    "result": null,
                    "method": "blacklist",
                    "engine_update": "20220324"
                },
                "Malwarebytes": {
                    "category": "undetected",
                    "engine_name": "Malwarebytes",
                    "engine_version": "4.2.2.27",
                    "result": null,
                    "method": "blacklist",
                    "engine_update": "20220324"
                },
                "Sangfor": {
                    "category": "undetected",
                    "engine_name": "Sangfor",
                    "engine_version": "2.9.0.0",
                    "result": null,
                    "method": "blacklist",
                    "engine_update": "20211224"
                },
                "Trustlook": {
                    "category": "undetected",
                    "engine_name": "Trustlook",
                    "engine_version": "1.0",
                    "result": null,
                    "method": "blacklist",
                    "engine_update": "20220324"
                },
                "Alibaba": {
                    "category": "undetected",
                    "engine_name": "Alibaba",
                    "engine_version": "0.3.0.5",
                    "result": null,
                    "method": "blacklist",
                    "engine_update": "20190527"
                },
                "K7GW": {
                    "category": "undetected",
                    "engine_name": "K7GW",
                    "engine_version": "12.1.41461",
                    "result": null,
                    "method": "blacklist",
                    "engine_update": "20220324"
                },
                "K7AntiVirus": {
                    "category": "undetected",
                    "engine_name": "K7AntiVirus",
                    "engine_version": "12.1.41458",
                    "result": null,
                    "method": "blacklist",
                    "engine_update": "20220324"
                },
                "Arcabit": {
                    "category": "undetected",
                    "engine_name": "Arcabit",
                    "engine_version": "1.0.0.889",
                    "result": null,
                    "method": "blacklist",
                    "engine_update": "20220324"
                },
                "BitDefenderTheta": {
                    "category": "undetected",
                    "engine_name": "BitDefenderTheta",
                    "engine_version": "7.2.37796.0",
                    "result": null,
                    "method": "blacklist",
                    "engine_update": "20220318"
                },
                "VirIT": {
                    "category": "undetected",
                    "engine_name": "VirIT",
                    "engine_version": "9.5.161",
                    "result": null,
                    "method": "blacklist",
                    "engine_update": "20220324"
                },
                "Cyren": {
                    "category": "undetected",
                    "engine_name": "Cyren",
                    "engine_version": "6.5.1.2",
                    "result": null,
                    "method": "blacklist",
                    "engine_update": "20220324"
                },
                "SymantecMobileInsight": {
                    "category": "undetected",
                    "engine_name": "SymantecMobileInsight",
                    "engine_version": "2.0",
                    "result": null,
                    "method": "blacklist",
                    "engine_update": "20220208"
                },
                "tehtris": {
                    "category": "type-unsupported",
                    "engine_name": "tehtris",
                    "engine_version": "v0.0.7",
                    "result": null,
                    "method": "blacklist",
                    "engine_update": "20220324"
                },
                "ESET-NOD32": {
                    "category": "undetected",
                    "engine_name": "ESET-NOD32",
                    "engine_version": "24993",
                    "result": null,
                    "method": "blacklist",
                    "engine_update": "20220324"
                },
                "APEX": {
                    "category": "type-unsupported",
                    "engine_name": "APEX",
                    "engine_version": "6.273",
                    "result": null,
                    "method": "blacklist",
                    "engine_update": "20220322"
                },
                "TrendMicro-HouseCall": {
                    "category": "undetected",
                    "engine_name": "TrendMicro-HouseCall",
                    "engine_version": "10.0.0.1040",
                    "result": null,
                    "method": "blacklist",
                    "engine_update": "20220324"
                },
                "Avast": {
                    "category": "undetected",
                    "engine_name": "Avast",
                    "engine_version": "21.1.5827.0",
                    "result": null,
                    "method": "blacklist",
                    "engine_update": "20220324"
                },
                "ClamAV": {
                    "category": "undetected",
                    "engine_name": "ClamAV",
                    "engine_version": "0.104.2.0",
                    "result": null,
                    "method": "blacklist",
                    "engine_update": "20220324"
                },
                "Kaspersky": {
                    "category": "undetected",
                    "engine_name": "Kaspersky",
                    "engine_version": "21.0.1.45",
                    "result": null,
                    "method": "blacklist",
                    "engine_update": "20220324"
                },
                "BitDefender": {
                    "category": "undetected",
                    "engine_name": "BitDefender",
                    "engine_version": "7.2",
                    "result": null,
                    "method": "blacklist",
                    "engine_update": "20220324"
                },
                "NANO-Antivirus": {
                    "category": "undetected",
                    "engine_name": "NANO-Antivirus",
                    "engine_version": "1.0.146.25563",
                    "result": null,
                    "method": "blacklist",
                    "engine_update": "20220324"
                },
                "SUPERAntiSpyware": {
                    "category": "undetected",
                    "engine_name": "SUPERAntiSpyware",
                    "engine_version": "5.6.0.1032",
                    "result": null,
                    "method": "blacklist",
                    "engine_update": "20220319"
                },
                "Tencent": {
                    "category": "undetected",
                    "engine_name": "Tencent",
                    "engine_version": "1.0.0.1",
                    "result": null,
                    "method": "blacklist",
                    "engine_update": "20220324"
                },
                "Ad-Aware": {
                    "category": "undetected",
                    "engine_name": "Ad-Aware",
                    "engine_version": "3.0.21.193",
                    "result": null,
                    "method": "blacklist",
                    "engine_update": "20220324"
                },
                "TACHYON": {
                    "category": "undetected",
                    "engine_name": "TACHYON",
                    "engine_version": "2022-03-24.02",
                    "result": null,
                    "method": "blacklist",
                    "engine_update": "20220324"
                },
                "Sophos": {
                    "category": "undetected",
                    "engine_name": "Sophos",
                    "engine_version": "1.4.1.0",
                    "result": null,
                    "method": "blacklist",
                    "engine_update": "20220324"
                },
                "Comodo": {
                    "category": "undetected",
                    "engine_name": "Comodo",
                    "engine_version": "34467",
                    "result": null,
                    "method": "blacklist",
                    "engine_update": "20220324"
                },
                "F-Secure": {
                    "category": "undetected",
                    "engine_name": "F-Secure",
                    "engine_version": "12.0.86.52",
                    "result": null,
                    "method": "blacklist",
                    "engine_update": "20220324"
                },
                "Baidu": {
                    "category": "undetected",
                    "engine_name": "Baidu",
                    "engine_version": "1.0.0.2",
                    "result": null,
                    "method": "blacklist",
                    "engine_update": "20190318"
                },
                "Zillya": {
                    "category": "undetected",
                    "engine_name": "Zillya",
                    "engine_version": "2.0.0.4596",
                    "result": null,
                    "method": "blacklist",
                    "engine_update": "20220324"
                },
                "TrendMicro": {
                    "category": "undetected",
                    "engine_name": "TrendMicro",
                    "engine_version": "11.0.0.1006",
                    "result": null,
                    "method": "blacklist",
                    "engine_update": "20220324"
                },
                "McAfee-GW-Edition": {
                    "category": "undetected",
                    "engine_name": "McAfee-GW-Edition",
                    "engine_version": "v2019.1.2+3728",
                    "result": null,
                    "method": "blacklist",
                    "engine_update": "20220324"
                },
                "SentinelOne": {
                    "category": "type-unsupported",
                    "engine_name": "SentinelOne",
                    "engine_version": "7.2.0.1",
                    "result": null,
                    "method": "blacklist",
                    "engine_update": "20220201"
                },
                "Trapmine": {
                    "category": "type-unsupported",
                    "engine_name": "Trapmine",
                    "engine_version": "3.5.45.75",
                    "result": null,
                    "method": "blacklist",
                    "engine_update": "20220217"
                },
                "FireEye": {
                    "category": "undetected",
                    "engine_name": "FireEye",
                    "engine_version": "32.44.1.0",
                    "result": null,
                    "method": "blacklist",
                    "engine_update": "20220324"
                },
                "Emsisoft": {
                    "category": "undetected",
                    "engine_name": "Emsisoft",
                    "engine_version": "2021.5.0.7597",
                    "result": null,
                    "method": "blacklist",
                    "engine_update": "20220324"
                },
                "Paloalto": {
                    "category": "type-unsupported",
                    "engine_name": "Paloalto",
                    "engine_version": "0.9.0.1003",
                    "result": null,
                    "method": "blacklist",
                    "engine_update": "20220324"
                },
                "Avast-Mobile": {
                    "category": "undetected",
                    "engine_name": "Avast-Mobile",
                    "engine_version": "220324-00",
                    "result": null,
                    "method": "blacklist",
                    "engine_update": "20220324"
                },
                "Jiangmin": {
                    "category": "undetected",
                    "engine_name": "Jiangmin",
                    "engine_version": "16.0.100",
                    "result": null,
                    "method": "blacklist",
                    "engine_update": "20220323"
                },
                "Webroot": {
                    "category": "type-unsupported",
                    "engine_name": "Webroot",
                    "engine_version": "1.0.0.403",
                    "result": null,
                    "method": "blacklist",
                    "engine_update": "20220324"
                },
                "Avira": {
                    "category": "undetected",
                    "engine_name": "Avira",
                    "engine_version": "8.3.3.14",
                    "result": null,
                    "method": "blacklist",
                    "engine_update": "20220324"
                },
                "Antiy-AVL": {
                    "category": "undetected",
                    "engine_name": "Antiy-AVL",
                    "engine_version": "3.0.0.1",
                    "result": null,
                    "method": "blacklist",
                    "engine_update": "20220324"
                },
                "Kingsoft": {
                    "category": "undetected",
                    "engine_name": "Kingsoft",
                    "engine_version": "2017.9.26.565",
                    "result": null,
                    "method": "blacklist",
                    "engine_update": "20220324"
                },
                "Gridinsoft": {
                    "category": "undetected",
                    "engine_name": "Gridinsoft",
                    "engine_version": "1.0.74.174",
                    "result": null,
                    "method": "blacklist",
                    "engine_update": "20220324"
                },
                "Microsoft": {
                    "category": "undetected",
                    "engine_name": "Microsoft",
                    "engine_version": "1.1.19000.8",
                    "result": null,
                    "method": "blacklist",
                    "engine_update": "20220324"
                },
                "ViRobot": {
                    "category": "undetected",
                    "engine_name": "ViRobot",
                    "engine_version": "2014.3.20.0",
                    "result": null,
                    "method": "blacklist",
                    "engine_update": "20220324"
                },
                "ZoneAlarm": {
                    "category": "undetected",
                    "engine_name": "ZoneAlarm",
                    "engine_version": "1.0",
                    "result": null,
                    "method": "blacklist",
                    "engine_update": "20220324"
                },
                "GData": {
                    "category": "undetected",
                    "engine_name": "GData",
                    "engine_version": "A:25.32623B:27.26775",
                    "result": null,
                    "method": "blacklist",
                    "engine_update": "20220324"
                },
                "Cynet": {
                    "category": "undetected",
                    "engine_name": "Cynet",
                    "engine_version": "4.0.0.27",
                    "result": null,
                    "method": "blacklist",
                    "engine_update": "20220324"
                },
                "BitDefenderFalx": {
                    "category": "undetected",
                    "engine_name": "BitDefenderFalx",
                    "engine_version": "2.0.936",
                    "result": null,
                    "method": "blacklist",
                    "engine_update": "20220103"
                },
                "AhnLab-V3": {
                    "category": "undetected",
                    "engine_name": "AhnLab-V3",
                    "engine_version": "3.21.3.10230",
                    "result": null,
                    "method": "blacklist",
                    "engine_update": "20220324"
                },
                "Acronis": {
                    "category": "type-unsupported",
                    "engine_name": "Acronis",
                    "engine_version": "1.1.1.82",
                    "result": null,
                    "method": "blacklist",
                    "engine_update": "20210512"
                },
                "McAfee": {
                    "category": "undetected",
                    "engine_name": "McAfee",
                    "engine_version": "6.0.6.653",
                    "result": null,
                    "method": "blacklist",
                    "engine_update": "20220324"
                },
                "MAX": {
                    "category": "undetected",
                    "engine_name": "MAX",
                    "engine_version": "2019.9.16.1",
                    "result": null,
                    "method": "blacklist",
                    "engine_update": "20220324"
                },
                "VBA32": {
                    "category": "undetected",
                    "engine_name": "VBA32",
                    "engine_version": "5.0.0",
                    "result": null,
                    "method": "blacklist",
                    "engine_update": "20220324"
                },
                "Cylance": {
                    "category": "type-unsupported",
                    "engine_name": "Cylance",
                    "engine_version": "2.3.1.101",
                    "result": null,
                    "method": "blacklist",
                    "engine_update": "20220324"
                },
                "Zoner": {
                    "category": "undetected",
                    "engine_name": "Zoner",
                    "engine_version": "2.2.2.0",
                    "result": null,
                    "method": "blacklist",
                    "engine_update": "20220323"
                },
                "Rising": {
                    "category": "undetected",
                    "engine_name": "Rising",
                    "engine_version": "25.0.0.27",
                    "result": null,
                    "method": "blacklist",
                    "engine_update": "20220324"
                },
                "Yandex": {
                    "category": "undetected",
                    "engine_name": "Yandex",
                    "engine_version": "5.5.2.24",
                    "result": null,
                    "method": "blacklist",
                    "engine_update": "20220324"
                },
                "Ikarus": {
                    "category": "undetected",
                    "engine_name": "Ikarus",
                    "engine_version": "6.0.11.0",
                    "result": null,
                    "method": "blacklist",
                    "engine_update": "20220324"
                },
                "MaxSecure": {
                    "category": "undetected",
                    "engine_name": "MaxSecure",
                    "engine_version": "1.0.0.1",
                    "result": null,
                    "method": "blacklist",
                    "engine_update": "20220324"
                },
                "Fortinet": {
                    "category": "undetected",
                    "engine_name": "Fortinet",
                    "engine_version": "6.2.142.0",
                    "result": null,
                    "method": "blacklist",
                    "engine_update": "20220324"
                },
                "Cybereason": {
                    "category": "type-unsupported",
                    "engine_name": "Cybereason",
                    "engine_version": "1.2.449",
                    "result": null,
                    "method": "blacklist",
                    "engine_update": "20210330"
                },
                "Panda": {
                    "category": "undetected",
                    "engine_name": "Panda",
                    "engine_version": "4.6.4.2",
                    "result": null,
                    "method": "blacklist",
                    "engine_update": "20220324"
                },
                "CrowdStrike": {
                    "category": "type-unsupported",
                    "engine_name": "CrowdStrike",
                    "engine_version": "1.0",
                    "result": null,
                    "method": "blacklist",
                    "engine_update": "20210907"
                }
            },
            "sha256": "000037ab1e46b386ab98d565cc6e9ede71f5fd775ee7d1521e47434390c0e42c",
            "tags": [
                "apk",
                "android",
                "runtime-modules",
                "reflection",
                "telephony"
            ],
            "last_analysis_date": 1648140999,
            "unique_sources": 2,
            "first_submission_date": 1549000323,
            "sha1": "0c613603237d77dfc1ddf651c5bf0f2cd69ea12e",
            "ssdeep": "196608:5GKpj3Z+/0qW/nxJebWq8/y8I5OJMz5kujNL4w1FAnHHTONMfV5bqCo56vs892:gKpj360qUk8K8I5W25rywInHHTIMfV5M",
            "bundle_info": {
                "highest_datetime": "2018-11-04 15:17:44",
                "lowest_datetime": "1980-00-00 00:00:00",
                "num_children": 59,
                "extensions": {
                    "xml": 19,
                    "dex": 1,
                    "MF": 1,
                    "db": 1,
                    "RSA": 1,
                    "mp3": 2,
                    "SF": 1,
                    "png": 32
                },
                "file_types": {
                    "XML": 19,
                    "unknown": 5,
                    "DEX": 1,
                    "MP3": 2,
                    "PNG": 32
                },
                "type": "APK",
                "uncompressed_size": 21301667
            },
            "md5": "24dbcdec16d68ef839bf83284ec04050",
            "androguard": {
                "Activities": [
                    "net.findword.sherword.android.wordssearching.intro.IntroActivity",
                    "net.findword.sherword.android.wordssearching.game.GameActivity",
                    "net.findword.sherword.android.wordssearching.prefs.SettingsActivity",
                    "net.findword.sherword.android.wordssearching.info.InfoActivity",
                    "com.google.android.gms.ads.AdActivity",
                    "com.google.android.gms.ads.purchase.InAppPurchaseActivity"
                ],
                "AndroidVersionCode": "1",
                "main_activity": "net.findword.sherword.android.wordssearching.intro.IntroActivity",
                "certificate": {
                    "Subject": {
                        "DN": "C:US, CN:Android, L:Mountain View, O:Google Inc., ST:California, OU:Android",
                        "C": "US",
                        "CN": "Android",
                        "L": "Mountain View",
                        "O": "Google Inc.",
                        "ST": "California",
                        "OU": "Android"
                    },
                    "validto": "2048-11-04 23:09:35",
                    "serialnumber": "17a2ee5881ba1a6737d518d289bc0bb57f010ded",
                    "thumbprint": "b7f5b0ae8200afcbd6db69ee0a0bd4176ffb32e5",
                    "validfrom": "2018-11-04 23:09:35",
                    "Issuer": {
                        "DN": "C:US, CN:Android, L:Mountain View, O:Google Inc., ST:California, OU:Android",
                        "C": "US",
                        "CN": "Android",
                        "L": "Mountain View",
                        "O": "Google Inc.",
                        "ST": "California",
                        "OU": "Android"
                    }
                },
                "VTAndroidInfo": 2.0,
                "Package": "net.findword.sherword.android.wordssearching",
                "intent_filters": {
                    "Activities": {
                        "net.findword.sherword.android.wordssearching.intro.IntroActivity": {
                            "action": [
                                "android.intent.action.MAIN"
                            ],
                            "category": [
                                "android.intent.category.LAUNCHER"
                            ]
                        }
                    }
                },
                "permission_details": {
                    "android.permission.INTERNET": {
                        "short_description": "have full network access",
                        "full_description": "Allows the app to create\n     network sockets and use custom network protocols. The browser and other\n     applications provide means to send data to the internet, so this\n     permission is not required to send data to the internet.",
                        "permission_type": "normal|instant"
                    },
                    "android.permission.ACCESS_NETWORK_STATE": {
                        "short_description": "view network connections",
                        "full_description": "Allows the app to view\n      information about network connections such as which networks exist and are\n      connected.",
                        "permission_type": "normal|instant"
                    }
                },
                "AndroidApplication": 1,
                "StringsInformation": [
                    "http://plus.google.com/",
                    "http://schema.org/ActivateAction",
                    "http://schema.org/ActiveActionStatus",
                    "http://schema.org/AddAction",
                    "http://schema.org/BookmarkAction",
                    "http://schema.org/CommunicateAction",
                    "http://schema.org/CompletedActionStatus",
                    "http://schema.org/FailedActionStatus",
                    "http://schema.org/FilmAction",
                    "http://schema.org/LikeAction",
                    "http://schema.org/ListenAction",
                    "http://schema.org/PhotographAction",
                    "http://schema.org/ReserveAction",
                    "http://schema.org/SearchAction",
                    "http://schema.org/ViewAction",
                    "http://schema.org/WantAction",
                    "http://schema.org/WatchAction",
                    "http://www.google.com",
                    "https://accounts.google.com",
                    "https://csi.gstatic.com/csi",
                    "https://googleads.g.doubleclick.net/mads/static/mad/sdk/native/mraid/v2/mraid_app_banner.js",
                    "https://googleads.g.doubleclick.net/mads/static/mad/sdk/native/mraid/v2/mraid_app_expanded_banner.js",
                    "https://googleads.g.doubleclick.net/mads/static/mad/sdk/native/mraid/v2/mraid_app_interstitial.js",
                    "https://googleads.g.doubleclick.net/mads/static/mad/sdk/native/sdk-core-v40.html",
                    "https://login.live.com",
                    "https://login.yahoo.com",
                    "https://play.google.com/store/apps/details?id=",
                    "https://twitter.com",
                    "https://www.facebook.com",
                    "https://www.googleapis.com/auth/appstate",
                    "https://www.googleapis.com/auth/datastoremobile",
                    "https://www.googleapis.com/auth/drive.appdata",
                    "https://www.googleapis.com/auth/drive.file",
                    "https://www.googleapis.com/auth/fitness.activity.read",
                    "https://www.googleapis.com/auth/fitness.activity.write",
                    "https://www.googleapis.com/auth/fitness.body.read",
                    "https://www.googleapis.com/auth/fitness.body.write",
                    "https://www.googleapis.com/auth/fitness.location.read",
                    "https://www.googleapis.com/auth/fitness.location.write",
                    "https://www.googleapis.com/auth/fitness.nutrition.read",
                    "https://www.googleapis.com/auth/fitness.nutrition.write",
                    "https://www.googleapis.com/auth/games",
                    "https://www.googleapis.com/auth/plus.login",
                    "https://www.googleapis.com/auth/plus.me",
                    "https://www.googleapis.com/auth/plus.moments.write",
                    "https://www.linkedin.com",
                    "https://www.paypal.com"
                ],
                "AndroidApplicationError": false,
                "AndroidVersionName": "1.0",
                "RiskIndicator": {
                    "APK": {
                        "DEX": 1
                    },
                    "PERM": {
                        "INTERNET": 1,
                        "INSTANT": 1,
                        "NORMAL": 1
                    }
                },
                "MinSdkVersion": "19",
                "TargetSdkVersion": "28",
                "AndroguardVersion": "3.4.0a1",
                "AndroidApplicationInfo": "APK"
            },
            "magic": "Zip archive data, at least v2.0 to extract",
            "last_analysis_stats": {
                "harmless": 0,
                "type-unsupported": 11,
                "suspicious": 0,
                "confirmed-timeout": 0,
                "timeout": 0,
                "failure": 0,
                "malicious": 0,
                "undetected": 61
            },
            "meaningful_name": "000037AB1E46B386AB98D565CC6E9EDE71F5FD775EE7D1521E47434390C0E42C.apk",
            "reputation": 0
        },
        "type": "file",
        "id": "000037ab1e46b386ab98d565cc6e9ede71f5fd775ee7d1521e47434390c0e42c",
        "links": {
            "self": "https://www.virustotal.com/api/v3/files/000037ab1e46b386ab98d565cc6e9ede71f5fd775ee7d1521e47434390c0e42c"
        }
    }
}