{
    "data": {
        "attributes": {
            "type_description": "Android",
            "tlsh": "T14718336287C8CF53C07A503689FE27B6E9508D841A93D69F8A15B73A39F7AC40E45FD0",
            "vhash": "cc2e6227ddba75c874face1a527ff7ae",
            "trid": [
                {
                    "file_type": "Android Package",
                    "probability": 50.9
                },
                {
                    "file_type": "Java Archive",
                    "probability": 17.8
                },
                {
                    "file_type": "Sweet Home 3D design (generic)",
                    "probability": 13.9
                },
                {
                    "file_type": "foobar2000 component",
                    "probability": 10.5
                },
                {
                    "file_type": "ZIP compressed archive",
                    "probability": 5.2
                }
            ],
            "names": [
                "com.i4joy.armyofallies.apk",
                "000027526CC0BE7B6565389DFEC90FFBF90E61ADDD4CBB4BD41938CFEC2FED82.apk"
            ],
            "last_modification_date": 1652240745,
            "type_tag": "android",
            "times_submitted": 2,
            "total_votes": {
                "harmless": 0,
                "malicious": 0
            },
            "size": 85082078,
            "type_extension": "apk",
            "last_submission_date": 1602355481,
            "last_analysis_results": {
                "Bkav": {
                    "category": "undetected",
                    "engine_name": "Bkav",
                    "engine_version": "1.3.0.9899",
                    "result": null,
                    "method": "blacklist",
                    "engine_update": "20220510"
                },
                "Lionic": {
                    "category": "undetected",
                    "engine_name": "Lionic",
                    "engine_version": "7.5",
                    "result": null,
                    "method": "blacklist",
                    "engine_update": "20220510"
                },
                "Elastic": {
                    "category": "undetected",
                    "engine_name": "Elastic",
                    "engine_version": "4.0.36",
                    "result": null,
                    "method": "blacklist",
                    "engine_update": "20220503"
                },
                "MicroWorld-eScan": {
                    "category": "undetected",
                    "engine_name": "MicroWorld-eScan",
                    "engine_version": "14.0.409.0",
                    "result": null,
                    "method": "blacklist",
                    "engine_update": "20220510"
                },
                "CMC": {
                    "category": "undetected",
                    "engine_name": "CMC",
                    "engine_version": "2.10.2019.1",
                    "result": null,
                    "method": "blacklist",
                    "engine_update": "20211026"
                },
                "CAT-QuickHeal": {
                    "category": "undetected",
                    "engine_name": "CAT-QuickHeal",
                    "engine_version": "14.00",
                    "result": null,
                    "method": "blacklist",
                    "engine_update": "20220510"
                },
                "ALYac": {
                    "category": "undetected",
                    "engine_name": "ALYac",
                    "engine_version": "1.1.3.1",
                    "result": null,
                    "method": "blacklist",
                    "engine_update": "20220510"
                },
                "Malwarebytes": {
                    "category": "undetected",
                    "engine_name": "Malwarebytes",
                    "engine_version": "4.2.2.27",
                    "result": null,
                    "method": "blacklist",
                    "engine_update": "20220510"
                },
                "Paloalto": {
                    "category": "type-unsupported",
                    "engine_name": "Paloalto",
                    "engine_version": "0.9.0.1003",
                    "result": null,
                    "method": "blacklist",
                    "engine_update": "20220511"
                },
                "Sangfor": {
                    "category": "undetected",
                    "engine_name": "Sangfor",
                    "engine_version": "2.14.0.0",
                    "result": null,
                    "method": "blacklist",
                    "engine_update": "20220507"
                },
                "Trustlook": {
                    "category": "undetected",
                    "engine_name": "Trustlook",
                    "engine_version": "1.0",
                    "result": null,
                    "method": "blacklist",
                    "engine_update": "20220511"
                },
                "BitDefender": {
                    "category": "undetected",
                    "engine_name": "BitDefender",
                    "engine_version": "7.2",
                    "result": null,
                    "method": "blacklist",
                    "engine_update": "20220510"
                },
                "K7GW": {
                    "category": "undetected",
                    "engine_name": "K7GW",
                    "engine_version": "12.12.42290",
                    "result": null,
                    "method": "blacklist",
                    "engine_update": "20220510"
                },
                "K7AntiVirus": {
                    "category": "undetected",
                    "engine_name": "K7AntiVirus",
                    "engine_version": "12.12.42286",
                    "result": null,
                    "method": "blacklist",
                    "engine_update": "20220510"
                },
                "Baidu": {
                    "category": "undetected",
                    "engine_name": "Baidu",
                    "engine_version": "1.0.0.2",
                    "result": null,
                    "method": "blacklist",
                    "engine_update": "20190318"
                },
                "VirIT": {
                    "category": "undetected",
                    "engine_name": "VirIT",
                    "engine_version": "9.5.192",
                    "result": null,
                    "method": "blacklist",
                    "engine_update": "20220510"
                },
                "Cyren": {
                    "category": "undetected",
                    "engine_name": "Cyren",
                    "engine_version": "6.5.1.2",
                    "result": null,
                    "method": "blacklist",
                    "engine_update": "20220510"
                },
                "SymantecMobileInsight": {
                    "category": "undetected",
                    "engine_name": "SymantecMobileInsight",
                    "engine_version": "2.0",
                    "result": null,
                    "method": "blacklist",
                    "engine_update": "20220208"
                },
                "Symantec": {
                    "category": "undetected",
                    "engine_name": "Symantec",
                    "engine_version": "1.17.0.0",
                    "result": null,
                    "method": "blacklist",
                    "engine_update": "20220510"
                },
                "tehtris": {
                    "category": "type-unsupported",
                    "engine_name": "tehtris",
                    "engine_version": null,
                    "result": null,
                    "method": "blacklist",
                    "engine_update": "20220511"
                },
                "ESET-NOD32": {
                    "category": "undetected",
                    "engine_name": "ESET-NOD32",
                    "engine_version": "25248",
                    "result": null,
                    "method": "blacklist",
                    "engine_update": "20220510"
                },
                "APEX": {
                    "category": "type-unsupported",
                    "engine_name": "APEX",
                    "engine_version": "6.290",
                    "result": null,
                    "method": "blacklist",
                    "engine_update": "20220510"
                },
                "TrendMicro-HouseCall": {
                    "category": "undetected",
                    "engine_name": "TrendMicro-HouseCall",
                    "engine_version": "10.0.0.1040",
                    "result": null,
                    "method": "blacklist",
                    "engine_update": "20220510"
                },
                "Avast": {
                    "category": "undetected",
                    "engine_name": "Avast",
                    "engine_version": "21.1.5827.0",
                    "result": null,
                    "method": "blacklist",
                    "engine_update": "20220510"
                },
                "ClamAV": {
                    "category": "undetected",
                    "engine_name": "ClamAV",
                    "engine_version": "0.105.0.0",
                    "result": null,
                    "method": "blacklist",
                    "engine_update": "20220510"
                },
                "Kaspersky": {
                    "category": "undetected",
                    "engine_name": "Kaspersky",
                    "engine_version": "21.0.1.45",
                    "result": null,
                    "method": "blacklist",
                    "engine_update": "20220510"
                },
                "Alibaba": {
                    "category": "undetected",
                    "engine_name": "Alibaba",
                    "engine_version": "0.3.0.5",
                    "result": null,
                    "method": "blacklist",
                    "engine_update": "20190527"
                },
                "NANO-Antivirus": {
                    "category": "undetected",
                    "engine_name": "NANO-Antivirus",
                    "engine_version": "1.0.146.25588",
                    "result": null,
                    "method": "blacklist",
                    "engine_update": "20220510"
                },
                "ViRobot": {
                    "category": "undetected",
                    "engine_name": "ViRobot",
                    "engine_version": "2014.3.20.0",
                    "result": null,
                    "method": "blacklist",
                    "engine_update": "20220510"
                },
                "Rising": {
                    "category": "undetected",
                    "engine_name": "Rising",
                    "engine_version": "25.0.0.27",
                    "result": null,
                    "method": "blacklist",
                    "engine_update": "20220510"
                },
                "Ad-Aware": {
                    "category": "undetected",
                    "engine_name": "Ad-Aware",
                    "engine_version": "3.0.21.193",
                    "result": null,
                    "method": "blacklist",
                    "engine_update": "20220510"
                },
                "Sophos": {
                    "category": "undetected",
                    "engine_name": "Sophos",
                    "engine_version": "1.4.1.0",
                    "result": null,
                    "method": "blacklist",
                    "engine_update": "20220510"
                },
                "Comodo": {
                    "category": "undetected",
                    "engine_name": "Comodo",
                    "engine_version": "34609",
                    "result": null,
                    "method": "blacklist",
                    "engine_update": "20220510"
                },
                "F-Secure": {
                    "category": "undetected",
                    "engine_name": "F-Secure",
                    "engine_version": "18.10.978.51",
                    "result": null,
                    "method": "blacklist",
                    "engine_update": "20220510"
                },
                "DrWeb": {
                    "category": "undetected",
                    "engine_name": "DrWeb",
                    "engine_version": "7.0.56.4040",
                    "result": null,
                    "method": "blacklist",
                    "engine_update": "20220510"
                },
                "Zillya": {
                    "category": "undetected",
                    "engine_name": "Zillya",
                    "engine_version": "2.0.0.4628",
                    "result": null,
                    "method": "blacklist",
                    "engine_update": "20220510"
                },
                "TrendMicro": {
                    "category": "undetected",
                    "engine_name": "TrendMicro",
                    "engine_version": "11.0.0.1006",
                    "result": null,
                    "method": "blacklist",
                    "engine_update": "20220510"
                },
                "McAfee-GW-Edition": {
                    "category": "undetected",
                    "engine_name": "McAfee-GW-Edition",
                    "engine_version": "v2019.1.2+3728",
                    "result": null,
                    "method": "blacklist",
                    "engine_update": "20220510"
                },
                "SentinelOne": {
                    "category": "type-unsupported",
                    "engine_name": "SentinelOne",
                    "engine_version": "22.2.1.2",
                    "result": null,
                    "method": "blacklist",
                    "engine_update": "20220330"
                },
                "Trapmine": {
                    "category": "type-unsupported",
                    "engine_name": "Trapmine",
                    "engine_version": "3.5.48.1",
                    "result": null,
                    "method": "blacklist",
                    "engine_update": "20220419"
                },
                "FireEye": {
                    "category": "undetected",
                    "engine_name": "FireEye",
                    "engine_version": "35.24.1.0",
                    "result": null,
                    "method": "blacklist",
                    "engine_update": "20220510"
                },
                "Emsisoft": {
                    "category": "undetected",
                    "engine_name": "Emsisoft",
                    "engine_version": "2021.5.0.7597",
                    "result": null,
                    "method": "blacklist",
                    "engine_update": "20220510"
                },
                "Ikarus": {
                    "category": "failure",
                    "engine_name": "Ikarus",
                    "engine_version": "6.0.24.0",
                    "result": null,
                    "method": "blacklist",
                    "engine_update": "20220510"
                },
                "Avast-Mobile": {
                    "category": "undetected",
                    "engine_name": "Avast-Mobile",
                    "engine_version": "220510-00",
                    "result": null,
                    "method": "blacklist",
                    "engine_update": "20220510"
                },
                "Jiangmin": {
                    "category": "undetected",
                    "engine_name": "Jiangmin",
                    "engine_version": "16.0.100",
                    "result": null,
                    "method": "blacklist",
                    "engine_update": "20220510"
                },
                "Webroot": {
                    "category": "type-unsupported",
                    "engine_name": "Webroot",
                    "engine_version": "1.0.0.403",
                    "result": null,
                    "method": "blacklist",
                    "engine_update": "20220511"
                },
                "Avira": {
                    "category": "undetected",
                    "engine_name": "Avira",
                    "engine_version": "8.3.3.14",
                    "result": null,
                    "method": "blacklist",
                    "engine_update": "20220510"
                },
                "Antiy-AVL": {
                    "category": "undetected",
                    "engine_name": "Antiy-AVL",
                    "engine_version": "3.0",
                    "result": null,
                    "method": "blacklist",
                    "engine_update": "20220510"
                },
                "Kingsoft": {
                    "category": "undetected",
                    "engine_name": "Kingsoft",
                    "engine_version": "2017.9.26.565",
                    "result": null,
                    "method": "blacklist",
                    "engine_update": "20220511"
                },
                "Microsoft": {
                    "category": "undetected",
                    "engine_name": "Microsoft",
                    "engine_version": "1.1.19200.5",
                    "result": null,
                    "method": "blacklist",
                    "engine_update": "20220510"
                },
                "Gridinsoft": {
                    "category": "undetected",
                    "engine_name": "Gridinsoft",
                    "engine_version": "1.0.78.174",
                    "result": null,
                    "method": "blacklist",
                    "engine_update": "20220510"
                },
                "Arcabit": {
                    "category": "undetected",
                    "engine_name": "Arcabit",
                    "engine_version": "1.0.0.889",
                    "result": null,
                    "method": "blacklist",
                    "engine_update": "20220510"
                },
                "SUPERAntiSpyware": {
                    "category": "undetected",
                    "engine_name": "SUPERAntiSpyware",
                    "engine_version": "5.6.0.1032",
                    "result": null,
                    "method": "blacklist",
                    "engine_update": "20220507"
                },
                "ZoneAlarm": {
                    "category": "undetected",
                    "engine_name": "ZoneAlarm",
                    "engine_version": "1.0",
                    "result": null,
                    "method": "blacklist",
                    "engine_update": "20220510"
                },
                "GData": {
                    "category": "undetected",
                    "engine_name": "GData",
                    "engine_version": "A:25.33006B:27.27308",
                    "result": null,
                    "method": "blacklist",
                    "engine_update": "20220510"
                },
                "Cynet": {
                    "category": "type-unsupported",
                    "engine_name": "Cynet",
                    "engine_version": "4.0.0.27",
                    "result": null,
                    "method": "blacklist",
                    "engine_update": "20220510"
                },
                "BitDefenderFalx": {
                    "category": "undetected",
                    "engine_name": "BitDefenderFalx",
                    "engine_version": "2.0.936",
                    "result": null,
                    "method": "blacklist",
                    "engine_update": "20220103"
                },
                "AhnLab-V3": {
                    "category": "undetected",
                    "engine_name": "AhnLab-V3",
                    "engine_version": "3.21.3.10230",
                    "result": null,
                    "method": "blacklist",
                    "engine_update": "20220511"
                },
                "Acronis": {
                    "category": "undetected",
                    "engine_name": "Acronis",
                    "engine_version": "1.2.0.108",
                    "result": null,
                    "method": "blacklist",
                    "engine_update": "20220426"
                },
                "McAfee": {
                    "category": "undetected",
                    "engine_name": "McAfee",
                    "engine_version": "6.0.6.653",
                    "result": null,
                    "method": "blacklist",
                    "engine_update": "20220510"
                },
                "MAX": {
                    "category": "undetected",
                    "engine_name": "MAX",
                    "engine_version": "2019.9.16.1",
                    "result": null,
                    "method": "blacklist",
                    "engine_update": "20220511"
                },
                "VBA32": {
                    "category": "undetected",
                    "engine_name": "VBA32",
                    "engine_version": "5.0.0",
                    "result": null,
                    "method": "blacklist",
                    "engine_update": "20220510"
                },
                "Cylance": {
                    "category": "type-unsupported",
                    "engine_name": "Cylance",
                    "engine_version": "2.3.1.101",
                    "result": null,
                    "method": "blacklist",
                    "engine_update": "20220511"
                },
                "Zoner": {
                    "category": "undetected",
                    "engine_name": "Zoner",
                    "engine_version": "2.2.2.0",
                    "result": null,
                    "method": "blacklist",
                    "engine_update": "20220510"
                },
                "Tencent": {
                    "category": "undetected",
                    "engine_name": "Tencent",
                    "engine_version": "1.0.0.1",
                    "result": null,
                    "method": "blacklist",
                    "engine_update": "20220511"
                },
                "Yandex": {
                    "category": "undetected",
                    "engine_name": "Yandex",
                    "engine_version": "5.5.2.24",
                    "result": null,
                    "method": "blacklist",
                    "engine_update": "20220428"
                },
                "TACHYON": {
                    "category": "undetected",
                    "engine_name": "TACHYON",
                    "engine_version": "2022-05-10.02",
                    "result": null,
                    "method": "blacklist",
                    "engine_update": "20220510"
                },
                "MaxSecure": {
                    "category": "undetected",
                    "engine_name": "MaxSecure",
                    "engine_version": "1.0.0.1",
                    "result": null,
                    "method": "blacklist",
                    "engine_update": "20220510"
                },
                "Fortinet": {
                    "category": "undetected",
                    "engine_name": "Fortinet",
                    "engine_version": "6.2.142.0",
                    "result": null,
                    "method": "blacklist",
                    "engine_update": "20220510"
                },
                "BitDefenderTheta": {
                    "category": "undetected",
                    "engine_name": "BitDefenderTheta",
                    "engine_version": "7.2.37796.0",
                    "result": null,
                    "method": "blacklist",
                    "engine_update": "20220428"
                },
                "Cybereason": {
                    "category": "type-unsupported",
                    "engine_name": "Cybereason",
                    "engine_version": "1.2.449",
                    "result": null,
                    "method": "blacklist",
                    "engine_update": "20210330"
                },
                "Panda": {
                    "category": "undetected",
                    "engine_name": "Panda",
                    "engine_version": "4.6.4.2",
                    "result": null,
                    "method": "blacklist",
                    "engine_update": "20220510"
                },
                "CrowdStrike": {
                    "category": "type-unsupported",
                    "engine_name": "CrowdStrike",
                    "engine_version": "1.0",
                    "result": null,
                    "method": "blacklist",
                    "engine_update": null
                }
            },
            "crowdsourced_ids_stats": {
                "info": 2,
                "high": 0,
                "medium": 0,
                "low": 0
            },
            "sha256": "000027526cc0be7b6565389dfec90ffbf90e61addd4cbb4bd41938cfec2fed82",
            "tags": [
                "apk",
                "android",
                "runtime-modules",
                "obfuscated",
                "reflection"
            ],
            "crowdsourced_ids_results": [
                {
                    "rule_category": "policy-violation",
                    "alert_severity": "info",
                    "rule_msg": "OS-MOBILE Android User-Agent detected",
                    "rule_raw": "alert tcp $HOME_NET any -> $EXTERNAL_NET $HTTP_PORTS ( msg:\"OS-MOBILE Android User-Agent detected\"; flow:established,to_server; http_header; content:\"User-Agent|3A|\"; content:\"android\",distance 0,fast_pattern,nocase; pcre:\"/^User-Agent\\x3a[^\\r\\n]*android/i\"; metadata:policy max-detect-ips drop,ruleset community; service:http; classtype:policy-violation; sid:25521; rev:4; )",
                    "alert_context": [
                        {
                            "dest_port": 80,
                            "dest_ip": "129.226.103.12"
                        }
                    ],
                    "rule_url": "https://www.snort.org/downloads/#rule-downloads",
                    "rule_source": "Snort registered user ruleset",
                    "rule_id": "1:25521"
                },
                {
                    "rule_category": "policy-violation",
                    "alert_severity": "info",
                    "rule_msg": "POLICY-OTHER HTTP request by IPv4 address attempt",
                    "rule_raw": "alert tcp any any -> any $HTTP_PORTS ( msg:\"POLICY-OTHER HTTP request by IPv4 address attempt\"; flow:to_server,established; http_header; content:\"Host:\",fast_pattern,nocase; pcre:\"/^Host\\x3a\\s*(?:(?:25[0-5]|2[0-4][0-9]|[01]?[0-9]?[0-9])\\.){3}(?:25[0-5]|2[0-4][0-9]|[01]?[0-9]?[0-9])\\s*:?\\s*\\d*\\s*$/smi\"; service:http; reference:url,www.w3.org/Protocols/rfc2616/rfc2616-sec15.html; classtype:policy-violation; sid:50447; rev:1; )",
                    "rule_url": "https://www.snort.org/downloads/#rule-downloads",
                    "alert_context": [
                        {
                            "dest_port": 80,
                            "dest_ip": "49.51.66.57"
                        }
                    ],
                    "rule_references": [
                        "https://www.w3.org/Protocols/rfc2616/rfc2616-sec15.html"
                    ],
                    "rule_source": "Snort registered user ruleset",
                    "rule_id": "1:50447"
                }
            ],
            "last_analysis_date": 1652229254,
            "unique_sources": 2,
            "first_submission_date": 1549000513,
            "sha1": "f5912ea71fd8e1e5a2dcef62b32f317a518ab15f",
            "ssdeep": "1572864:chpV52adc4Lq2z7KW/FF3id3YS13OKf8RhKdLusSG1lz3S2bz/E/0FK:sVgaW422zmWD3WVpf8R+tZ1k6/EoK",
            "bundle_info": {
                "highest_datetime": "2018-08-26 19:02:24",
                "lowest_datetime": "1980-00-00 00:00:00",
                "num_children": 2469,
                "extensions": {
                    "xml": 1
                },
                "file_types": {
                    "XML": 1,
                    "unknown": 998,
                    "JSON": 1
                },
                "type": "APK",
                "uncompressed_size": 40662020
            },
            "packers": {
                "F-PROT": "appended"
            },
            "md5": "7bca7b3d74a917e76b733f9d2e4604ac",
            "androguard": {
                "VTAndroidInfo": 2.0,
                "AndroidApplicationError": false,
                "MinSdkVersion": "17",
                "AndroguardVersion": "3.4.0a1",
                "Activities": [
                    "com.i4joy.main.GoogleActivity",
                    "com.astricstore.imagevideocontactpicker.AndroidPickerActivity",
                    "com.i4joy.myunitylib",
                    "com.onevcat.uniwebview.UniWebViewFileChooserActivity",
                    "com.facebook.unity.FBUnityLoginActivity",
                    "com.facebook.unity.FBUnityDialogsActivity",
                    "com.facebook.unity.FBUnityAppLinkActivity",
                    "com.facebook.unity.FBUnityDeepLinkingActivity",
                    "com.facebook.unity.FBUnityGameRequestActivity",
                    "com.facebook.unity.FBUnityCreateGameGroupActivity",
                    "com.facebook.unity.FBUnityJoinGameGroupActivity",
                    "com.facebook.unity.AppInviteDialogActivity",
                    "pub.devrel.easypermissions.AppSettingsDialogHolderActivity",
                    "com.facebook.FacebookActivity",
                    "com.facebook.CustomTabMainActivity",
                    "com.helpshift.support.activities.ParentActivity",
                    "com.helpshift.support.HSReview",
                    "com.helpshift.supportCampaigns.activities.UnityDelegateActivity",
                    "com.helpshift.campaigns.activities.ParentActivity",
                    "com.helpshift.campaigns.activities.NotificationActivity",
                    "com.google.android.gms.auth.api.signin.internal.SignInHubActivity",
                    "com.google.android.gms.common.api.GoogleApiActivity"
                ],
                "certificate": {
                    "Subject": {
                        "DN": "C:US, CN:Android, L:Mountain View, O:Google Inc., ST:California, OU:Android",
                        "C": "US",
                        "CN": "Android",
                        "L": "Mountain View",
                        "O": "Google Inc.",
                        "ST": "California",
                        "OU": "Android"
                    },
                    "validto": "2048-02-12 05:46:20",
                    "serialnumber": "c7d07f974f66cf28eb27c02dc48b36d142358710",
                    "thumbprint": "52c27244f8e79a6847f83200aa3ae74893b34f52",
                    "validfrom": "2018-02-12 05:46:20",
                    "Issuer": {
                        "DN": "C:US, CN:Android, L:Mountain View, O:Google Inc., ST:California, OU:Android",
                        "C": "US",
                        "CN": "Android",
                        "L": "Mountain View",
                        "O": "Google Inc.",
                        "ST": "California",
                        "OU": "Android"
                    }
                },
                "AndroidApplication": 1,
                "RiskIndicator": {
                    "PERM": {
                        "DANGEROUS": 2,
                        "INTERNET": 1,
                        "EPHEMERAL": 2,
                        "NORMAL": 5
                    }
                },
                "Services": [
                    "com.i4joy.Google.FCMService",
                    "com.i4joy.Google.TokenRefreshService",
                    "com.i4joy.Google.MyJobService",
                    "com.google.firebase.iid.FirebaseInstanceIdService",
                    "com.google.firebase.messaging.cpp.ListenerService",
                    "com.google.firebase.messaging.cpp.FcmInstanceIDListenerService",
                    "com.google.firebase.messaging.cpp.RegistrationIntentService",
                    "com.google.firebase.messaging.FirebaseMessagingService",
                    "com.helpshift.campaigns.services.NotificationService",
                    "com.google.android.gms.auth.api.signin.RevocationBoundService"
                ],
                "AndroidVersionCode": "19028",
                "main_activity": "com.i4joy.main.GoogleActivity",
                "Package": "com.i4joy.armyofallies",
                "intent_filters": {
                    "Services": {
                        "com.i4joy.Google.MyJobService": {
                            "action": [
                                "com.firebase.jobdispatcher.ACTION_EXECUTE"
                            ]
                        },
                        "com.google.firebase.messaging.cpp.FcmInstanceIDListenerService": {
                            "action": [
                                "com.google.firebase.INSTANCE_ID_EVENT"
                            ]
                        },
                        "com.google.firebase.messaging.FirebaseMessagingService": {
                            "action": [
                                "com.google.firebase.MESSAGING_EVENT"
                            ]
                        },
                        "com.i4joy.Google.TokenRefreshService": {
                            "action": [
                                "com.google.firebase.INSTANCE_ID_EVENT"
                            ]
                        },
                        "com.google.firebase.iid.FirebaseInstanceIdService": {
                            "action": [
                                "com.google.firebase.INSTANCE_ID_EVENT"
                            ]
                        },
                        "com.google.firebase.messaging.cpp.ListenerService": {
                            "action": [
                                "com.google.firebase.MESSAGING_EVENT"
                            ]
                        },
                        "com.i4joy.Google.FCMService": {
                            "action": [
                                "com.google.firebase.MESSAGING_EVENT"
                            ]
                        }
                    },
                    "Activities": {
                        "com.i4joy.main.GoogleActivity": {
                            "action": [
                                "android.intent.action.MAIN"
                            ],
                            "category": [
                                "android.intent.category.LAUNCHER",
                                "android.intent.category.LEANBACK_LAUNCHER"
                            ]
                        }
                    },
                    "Receivers": {
                        "com.appsflyer.MultipleInstallBroadcastReceiver": {
                            "action": [
                                "com.android.vending.INSTALL_REFERRER"
                            ]
                        },
                        "com.facebook.CurrentAccessTokenExpirationBroadcastReceiver": {
                            "action": [
                                "com.facebook.sdk.ACTION_CURRENT_ACCESS_TOKEN_CHANGED"
                            ]
                        },
                        "com.google.firebase.iid.FirebaseInstanceIdReceiver": {
                            "action": [
                                "com.google.android.c2dm.intent.RECEIVE"
                            ],
                            "category": [
                                "com.i4joy.modern"
                            ]
                        }
                    }
                },
                "AndroidVersionName": "1.6.3",
                "TargetSdkVersion": "26",
                "AndroidApplicationInfo": "APK",
                "Providers": [
                    "com.facebook.FacebookContentProvider",
                    "com.google.firebase.provider.FirebaseInitProvider",
                    "com.facebook.internal.FacebookInitProvider",
                    "com.helpshift.support.providers.HSPluginFileProvider"
                ],
                "permission_details": {
                    "com.i4joy.modern.permission.C2D_MESSAGE": {
                        "short_description": "Unknown permission from android reference",
                        "full_description": "Unknown permission from android reference",
                        "permission_type": "normal"
                    },
                    "android.permission.READ_EXTERNAL_STORAGE": {
                        "short_description": "read the contents of your SD card",
                        "full_description": "Allows the app to read the contents of your SD card.",
                        "permission_type": "dangerous"
                    },
                    "com.google.android.c2dm.permission.RECEIVE": {
                        "short_description": "Unknown permission from android reference",
                        "full_description": "Unknown permission from android reference",
                        "permission_type": "normal"
                    },
                    "android.permission.ACCESS_WIFI_STATE": {
                        "short_description": "view Wi-Fi connections",
                        "full_description": "Allows the app to view information\n      about Wi-Fi networking, such as whether Wi-Fi is enabled and name of\n      connected Wi-Fi devices.",
                        "permission_type": "normal"
                    },
                    "android.permission.WAKE_LOCK": {
                        "short_description": "prevent phone from sleeping",
                        "full_description": "Allows the app to prevent the phone from going to sleep.",
                        "permission_type": "normal|ephemeral"
                    },
                    "android.permission.BLUETOOTH": {
                        "short_description": "pair with Bluetooth devices",
                        "full_description": "Allows the app to view the\n      configuration of the Bluetooth on the phone, and to make and accept\n      connections with paired devices.",
                        "permission_type": "normal"
                    },
                    "android.permission.ACCESS_NETWORK_STATE": {
                        "short_description": "view network connections",
                        "full_description": "Allows the app to view\n      information about network connections such as which networks exist and are\n      connected.",
                        "permission_type": "normal|ephemeral"
                    },
                    "android.permission.INTERNET": {
                        "short_description": "have full network access",
                        "full_description": "Allows the app to create\n     network sockets and use custom network protocols. The browser and other\n     applications provide means to send data to the internet, so this\n     permission is not required to send data to the internet.",
                        "permission_type": "normal|ephemeral"
                    },
                    "com.google.android.finsky.permission.BIND_GET_INSTALL_REFERRER_SERVICE": {
                        "short_description": "Unknown permission from android reference",
                        "full_description": "Unknown permission from android reference",
                        "permission_type": "normal"
                    },
                    "android.permission.WRITE_EXTERNAL_STORAGE": {
                        "short_description": "modify or delete the contents of your SD card",
                        "full_description": "Allows the app to write to the SD card.",
                        "permission_type": "dangerous"
                    },
                    "com.android.vending.BILLING": {
                        "short_description": "Unknown permission from android reference",
                        "full_description": "Unknown permission from android reference",
                        "permission_type": "normal"
                    },
                    "android.permission.BLUETOOTH_ADMIN": {
                        "short_description": "access Bluetooth settings",
                        "full_description": "Allows the app to configure\n      the local Bluetooth phone, and to discover and pair with remote devices.",
                        "permission_type": "normal"
                    }
                },
                "Receivers": [
                    "com.appsflyer.MultipleInstallBroadcastReceiver",
                    "net.agasper.unitynotification.UnityNotificationManager",
                    "net.agasper.unitynotification.UnityNotificationActionHandler",
                    "com.google.firebase.iid.FirebaseInstanceIdReceiver",
                    "com.google.firebase.iid.FirebaseInstanceIdInternalReceiver",
                    "com.facebook.CurrentAccessTokenExpirationBroadcastReceiver"
                ],
                "StringsInformation": [
                    "http://android.bugly.qq.com/rqd/async",
                    "http://hostname/?",
                    "http://play.google.com/store/apps/details?id=com.facebook.orca",
                    "http://rqd.uu.qq.com/rqd/sync",
                    "http://schemas.android.com/apk/res/android",
                    "http://www.google-analytics.com",
                    "https://%s/%s",
                    "https://.facebook.com",
                    "https://accounts.google.com",
                    "https://api.%s/install_data/v3/",
                    "https://app.%s",
                    "https://attr.%s/api/v",
                    "https://events.%s/api/v",
                    "https://facebook.com",
                    "https://facebook.com/device?user_code=%1$s&qr=1",
                    "https://graph-video.%s",
                    "https://graph.%s",
                    "https://impression.%s",
                    "https://login.live.com",
                    "https://login.yahoo.com",
                    "https://monitorsdk.%s/remote-debug?app_id=",
                    "https://onelink.%s/shortlink-sdk/v1",
                    "https://pagead2.googlesyndication.com/pagead/gen_204?id=gmob-apps",
                    "https://plus.google.com/",
                    "https://register.%s/api/v",
                    "https://sdk-services.%s/validate-android-signature",
                    "https://ssl.google-analytics.com",
                    "https://stats.%s/stats",
                    "https://t.%s/api/v",
                    "https://twitter.com",
                    "https://validate.%s/api/v",
                    "https://www.facebook.com",
                    "https://www.googleapis.com/auth/appstate",
                    "https://www.googleapis.com/auth/datastoremobile",
                    "https://www.googleapis.com/auth/drive.appdata",
                    "https://www.googleapis.com/auth/drive.file",
                    "https://www.googleapis.com/auth/fitness.activity.read",
                    "https://www.googleapis.com/auth/fitness.activity.write",
                    "https://www.googleapis.com/auth/fitness.body.read",
                    "https://www.googleapis.com/auth/fitness.body.write",
                    "https://www.googleapis.com/auth/fitness.location.read",
                    "https://www.googleapis.com/auth/fitness.location.write",
                    "https://www.googleapis.com/auth/fitness.nutrition.read",
                    "https://www.googleapis.com/auth/fitness.nutrition.write",
                    "https://www.googleapis.com/auth/games",
                    "https://www.googleapis.com/auth/games.firstparty",
                    "https://www.googleapis.com/auth/games_lite",
                    "https://www.googleapis.com/auth/plus.login",
                    "https://www.googleapis.com/auth/plus.me",
                    "https://www.googletagmanager.com",
                    "https://www.linkedin.com",
                    "https://www.paypal.com"
                ]
            },
            "magic": "Zip archive data, at least v2.0 to extract",
            "last_analysis_stats": {
                "harmless": 0,
                "type-unsupported": 10,
                "suspicious": 0,
                "confirmed-timeout": 0,
                "timeout": 0,
                "failure": 1,
                "malicious": 0,
                "undetected": 62
            },
            "meaningful_name": "com.i4joy.armyofallies.apk",
            "reputation": 0
        },
        "type": "file",
        "id": "000027526cc0be7b6565389dfec90ffbf90e61addd4cbb4bd41938cfec2fed82",
        "links": {
            "self": "https://www.virustotal.com/api/v3/files/000027526cc0be7b6565389dfec90ffbf90e61addd4cbb4bd41938cfec2fed82"
        }
    }
}