{
    "data": {
        "attributes": {
            "type_description": "Android",
            "tlsh": "T149C6028AF344EA16C473B0724DA7163656564C289A82D793281DBF1D38B7EF04B4EBDC",
            "vhash": "3170535386ff49139851627975fb99ca",
            "trid": [
                {
                    "file_type": "Android Package",
                    "probability": 31.1
                },
                {
                    "file_type": "SPSS Extension",
                    "probability": 24.2
                },
                {
                    "file_type": "Java Archive",
                    "probability": 10.9
                },
                {
                    "file_type": "BlueEyes Animation",
                    "probability": 10.9
                },
                {
                    "file_type": "VYM Mind Map",
                    "probability": 10.1
                }
            ],
            "crowdsourced_yara_results": [
                {
                    "description": "This signature identifies Adobe Extensible Metadata Platform (XMP) identifiers embedded within files. Defined as a standard for mapping graphical asset relationships, XMP allows for tracking of both parent-child relationships and individual revisions. There are three categories of identifiers: original document, document, and instance. Generally, XMP data is stored in XML format, updated on save/copy, and embedded within the graphical asset. These identifiers can be used to track both malicious and benign graphics within common Microsoft and Adobe document lures.",
                    "source": "https://github.com/InQuest/yara-rules-vt",
                    "author": "InQuest Labs",
                    "ruleset_name": "Adobe_XMP_Identifier",
                    "rule_name": "Adobe_XMP_Identifier",
                    "ruleset_id": "0121ae37cc"
                }
            ],
            "names": [
                "0000D4B02FBDC0D732092774A7658CBC7C01ADDFEDB01D352246AD4717AFF1FD.apk"
            ],
            "last_modification_date": 1658820605,
            "type_tag": "android",
            "times_submitted": 5,
            "total_votes": {
                "harmless": 0,
                "malicious": 0
            },
            "size": 12284883,
            "type_extension": "apk",
            "last_submission_date": 1650646702,
            "last_analysis_results": {
                "Bkav": {
                    "category": "undetected",
                    "engine_name": "Bkav",
                    "engine_version": "1.3.0.9899",
                    "result": null,
                    "method": "blacklist",
                    "engine_update": "20220726"
                },
                "Lionic": {
                    "category": "undetected",
                    "engine_name": "Lionic",
                    "engine_version": "7.5",
                    "result": null,
                    "method": "blacklist",
                    "engine_update": "20220726"
                },
                "tehtris": {
                    "category": "type-unsupported",
                    "engine_name": "tehtris",
                    "engine_version": "v0.1.4",
                    "result": null,
                    "method": "blacklist",
                    "engine_update": "20220726"
                },
                "Cynet": {
                    "category": "undetected",
                    "engine_name": "Cynet",
                    "engine_version": "4.0.0.27",
                    "result": null,
                    "method": "blacklist",
                    "engine_update": "20220725"
                },
                "FireEye": {
                    "category": "undetected",
                    "engine_name": "FireEye",
                    "engine_version": "35.24.1.0",
                    "result": null,
                    "method": "blacklist",
                    "engine_update": "20220726"
                },
                "CAT-QuickHeal": {
                    "category": "undetected",
                    "engine_name": "CAT-QuickHeal",
                    "engine_version": "14.00",
                    "result": null,
                    "method": "blacklist",
                    "engine_update": "20220725"
                },
                "ALYac": {
                    "category": "undetected",
                    "engine_name": "ALYac",
                    "engine_version": "1.1.3.1",
                    "result": null,
                    "method": "blacklist",
                    "engine_update": "20220726"
                },
                "Malwarebytes": {
                    "category": "undetected",
                    "engine_name": "Malwarebytes",
                    "engine_version": "4.3.3.37",
                    "result": null,
                    "method": "blacklist",
                    "engine_update": "20220726"
                },
                "Zillya": {
                    "category": "undetected",
                    "engine_name": "Zillya",
                    "engine_version": "2.0.0.4677",
                    "result": null,
                    "method": "blacklist",
                    "engine_update": "20220725"
                },
                "Paloalto": {
                    "category": "type-unsupported",
                    "engine_name": "Paloalto",
                    "engine_version": "0.9.0.1003",
                    "result": null,
                    "method": "blacklist",
                    "engine_update": "20220726"
                },
                "Sangfor": {
                    "category": "undetected",
                    "engine_name": "Sangfor",
                    "engine_version": "2.14.0.0",
                    "result": null,
                    "method": "blacklist",
                    "engine_update": "20220722"
                },
                "Trustlook": {
                    "category": "undetected",
                    "engine_name": "Trustlook",
                    "engine_version": "1.0",
                    "result": null,
                    "method": "blacklist",
                    "engine_update": "20220726"
                },
                "Alibaba": {
                    "category": "undetected",
                    "engine_name": "Alibaba",
                    "engine_version": "0.3.0.5",
                    "result": null,
                    "method": "blacklist",
                    "engine_update": "20190527"
                },
                "K7GW": {
                    "category": "undetected",
                    "engine_name": "K7GW",
                    "engine_version": "12.27.43514",
                    "result": null,
                    "method": "blacklist",
                    "engine_update": "20220726"
                },
                "K7AntiVirus": {
                    "category": "undetected",
                    "engine_name": "K7AntiVirus",
                    "engine_version": "12.27.43516",
                    "result": null,
                    "method": "blacklist",
                    "engine_update": "20220726"
                },
                "BitDefenderTheta": {
                    "category": "undetected",
                    "engine_name": "BitDefenderTheta",
                    "engine_version": "7.2.37796.0",
                    "result": null,
                    "method": "blacklist",
                    "engine_update": "20220718"
                },
                "VirIT": {
                    "category": "undetected",
                    "engine_name": "VirIT",
                    "engine_version": "9.5.245",
                    "result": null,
                    "method": "blacklist",
                    "engine_update": "20220725"
                },
                "Cyren": {
                    "category": "undetected",
                    "engine_name": "Cyren",
                    "engine_version": "6.5.1.2",
                    "result": null,
                    "method": "blacklist",
                    "engine_update": "20220726"
                },
                "SymantecMobileInsight": {
                    "category": "undetected",
                    "engine_name": "SymantecMobileInsight",
                    "engine_version": "2.0",
                    "result": null,
                    "method": "blacklist",
                    "engine_update": "20220208"
                },
                "Symantec": {
                    "category": "undetected",
                    "engine_name": "Symantec",
                    "engine_version": "1.18.0.0",
                    "result": null,
                    "method": "blacklist",
                    "engine_update": "20220725"
                },
                "Elastic": {
                    "category": "type-unsupported",
                    "engine_name": "Elastic",
                    "engine_version": "4.0.40",
                    "result": null,
                    "method": "blacklist",
                    "engine_update": "20220623"
                },
                "ESET-NOD32": {
                    "category": "undetected",
                    "engine_name": "ESET-NOD32",
                    "engine_version": "25651",
                    "result": null,
                    "method": "blacklist",
                    "engine_update": "20220726"
                },
                "Baidu": {
                    "category": "undetected",
                    "engine_name": "Baidu",
                    "engine_version": "1.0.0.2",
                    "result": null,
                    "method": "blacklist",
                    "engine_update": "20190318"
                },
                "TrendMicro-HouseCall": {
                    "category": "undetected",
                    "engine_name": "TrendMicro-HouseCall",
                    "engine_version": "10.0.0.1040",
                    "result": null,
                    "method": "blacklist",
                    "engine_update": "20220726"
                },
                "Avast": {
                    "category": "undetected",
                    "engine_name": "Avast",
                    "engine_version": "21.1.5827.0",
                    "result": null,
                    "method": "blacklist",
                    "engine_update": "20220726"
                },
                "ClamAV": {
                    "category": "undetected",
                    "engine_name": "ClamAV",
                    "engine_version": "0.105.0.0",
                    "result": null,
                    "method": "blacklist",
                    "engine_update": "20220725"
                },
                "Kaspersky": {
                    "category": "undetected",
                    "engine_name": "Kaspersky",
                    "engine_version": "21.0.1.45",
                    "result": null,
                    "method": "blacklist",
                    "engine_update": "20220726"
                },
                "BitDefender": {
                    "category": "undetected",
                    "engine_name": "BitDefender",
                    "engine_version": "7.2",
                    "result": null,
                    "method": "blacklist",
                    "engine_update": "20220726"
                },
                "NANO-Antivirus": {
                    "category": "undetected",
                    "engine_name": "NANO-Antivirus",
                    "engine_version": "1.0.146.25618",
                    "result": null,
                    "method": "blacklist",
                    "engine_update": "20220726"
                },
                "SUPERAntiSpyware": {
                    "category": "undetected",
                    "engine_name": "SUPERAntiSpyware",
                    "engine_version": "5.6.0.1032",
                    "result": null,
                    "method": "blacklist",
                    "engine_update": "20220723"
                },
                "MicroWorld-eScan": {
                    "category": "undetected",
                    "engine_name": "MicroWorld-eScan",
                    "engine_version": "14.0.409.0",
                    "result": null,
                    "method": "blacklist",
                    "engine_update": "20220726"
                },
                "Tencent": {
                    "category": "undetected",
                    "engine_name": "Tencent",
                    "engine_version": "1.0.0.1",
                    "result": null,
                    "method": "blacklist",
                    "engine_update": "20220726"
                },
                "Ad-Aware": {
                    "category": "undetected",
                    "engine_name": "Ad-Aware",
                    "engine_version": "3.0.21.193",
                    "result": null,
                    "method": "blacklist",
                    "engine_update": "20220725"
                },
                "Sophos": {
                    "category": "undetected",
                    "engine_name": "Sophos",
                    "engine_version": "1.4.1.0",
                    "result": null,
                    "method": "blacklist",
                    "engine_update": "20220725"
                },
                "Comodo": {
                    "category": "undetected",
                    "engine_name": "Comodo",
                    "engine_version": "34839",
                    "result": null,
                    "method": "blacklist",
                    "engine_update": "20220726"
                },
                "F-Secure": {
                    "category": "undetected",
                    "engine_name": "F-Secure",
                    "engine_version": "18.10.978.51",
                    "result": null,
                    "method": "blacklist",
                    "engine_update": "20220725"
                },
                "DrWeb": {
                    "category": "undetected",
                    "engine_name": "DrWeb",
                    "engine_version": "7.0.56.4040",
                    "result": null,
                    "method": "blacklist",
                    "engine_update": "20220726"
                },
                "VIPRE": {
                    "category": "undetected",
                    "engine_name": "VIPRE",
                    "engine_version": "6.0.0.35",
                    "result": null,
                    "method": "blacklist",
                    "engine_update": "20220725"
                },
                "McAfee-GW-Edition": {
                    "category": "undetected",
                    "engine_name": "McAfee-GW-Edition",
                    "engine_version": "v2019.1.2+3728",
                    "result": null,
                    "method": "blacklist",
                    "engine_update": "20220726"
                },
                "SentinelOne": {
                    "category": "type-unsupported",
                    "engine_name": "SentinelOne",
                    "engine_version": "22.2.1.2",
                    "result": null,
                    "method": "blacklist",
                    "engine_update": "20220330"
                },
                "Trapmine": {
                    "category": "type-unsupported",
                    "engine_name": "Trapmine",
                    "engine_version": "3.5.48.101",
                    "result": null,
                    "method": "blacklist",
                    "engine_update": "20220707"
                },
                "CMC": {
                    "category": "undetected",
                    "engine_name": "CMC",
                    "engine_version": "2.10.2019.1",
                    "result": null,
                    "method": "blacklist",
                    "engine_update": "20220623"
                },
                "Emsisoft": {
                    "category": "undetected",
                    "engine_name": "Emsisoft",
                    "engine_version": "2021.5.0.7597",
                    "result": null,
                    "method": "blacklist",
                    "engine_update": "20220726"
                },
                "APEX": {
                    "category": "type-unsupported",
                    "engine_name": "APEX",
                    "engine_version": "6.316",
                    "result": null,
                    "method": "blacklist",
                    "engine_update": "20220725"
                },
                "Avast-Mobile": {
                    "category": "undetected",
                    "engine_name": "Avast-Mobile",
                    "engine_version": "220725-00",
                    "result": null,
                    "method": "blacklist",
                    "engine_update": "20220725"
                },
                "Jiangmin": {
                    "category": "undetected",
                    "engine_name": "Jiangmin",
                    "engine_version": "16.0.100",
                    "result": null,
                    "method": "blacklist",
                    "engine_update": "20220725"
                },
                "Webroot": {
                    "category": "type-unsupported",
                    "engine_name": "Webroot",
                    "engine_version": "1.0.0.403",
                    "result": null,
                    "method": "blacklist",
                    "engine_update": "20220726"
                },
                "Avira": {
                    "category": "undetected",
                    "engine_name": "Avira",
                    "engine_version": "8.3.3.16",
                    "result": null,
                    "method": "blacklist",
                    "engine_update": "20220726"
                },
                "Antiy-AVL": {
                    "category": "undetected",
                    "engine_name": "Antiy-AVL",
                    "engine_version": "3.0",
                    "result": null,
                    "method": "blacklist",
                    "engine_update": "20220726"
                },
                "Kingsoft": {
                    "category": "undetected",
                    "engine_name": "Kingsoft",
                    "engine_version": "2017.9.26.565",
                    "result": null,
                    "method": "blacklist",
                    "engine_update": "20220726"
                },
                "Gridinsoft": {
                    "category": "undetected",
                    "engine_name": "Gridinsoft",
                    "engine_version": "1.0.86.174",
                    "result": null,
                    "method": "blacklist",
                    "engine_update": "20220726"
                },
                "Arcabit": {
                    "category": "undetected",
                    "engine_name": "Arcabit",
                    "engine_version": "1.0.0.889",
                    "result": null,
                    "method": "blacklist",
                    "engine_update": "20220726"
                },
                "ViRobot": {
                    "category": "undetected",
                    "engine_name": "ViRobot",
                    "engine_version": "2014.3.20.0",
                    "result": null,
                    "method": "blacklist",
                    "engine_update": "20220726"
                },
                "ZoneAlarm": {
                    "category": "undetected",
                    "engine_name": "ZoneAlarm",
                    "engine_version": "1.0",
                    "result": null,
                    "method": "blacklist",
                    "engine_update": "20220726"
                },
                "GData": {
                    "category": "undetected",
                    "engine_name": "GData",
                    "engine_version": "A:25.33595B:27.28211",
                    "result": null,
                    "method": "blacklist",
                    "engine_update": "20220726"
                },
                "TACHYON": {
                    "category": "undetected",
                    "engine_name": "TACHYON",
                    "engine_version": "2022-07-26.01",
                    "result": null,
                    "method": "blacklist",
                    "engine_update": "20220726"
                },
                "BitDefenderFalx": {
                    "category": "undetected",
                    "engine_name": "BitDefenderFalx",
                    "engine_version": "2.0.936",
                    "result": null,
                    "method": "blacklist",
                    "engine_update": "20220103"
                },
                "AhnLab-V3": {
                    "category": "undetected",
                    "engine_name": "AhnLab-V3",
                    "engine_version": "3.22.1.10283",
                    "result": null,
                    "method": "blacklist",
                    "engine_update": "20220726"
                },
                "Acronis": {
                    "category": "undetected",
                    "engine_name": "Acronis",
                    "engine_version": "1.2.0.108",
                    "result": null,
                    "method": "blacklist",
                    "engine_update": "20220426"
                },
                "McAfee": {
                    "category": "undetected",
                    "engine_name": "McAfee",
                    "engine_version": "6.0.6.653",
                    "result": null,
                    "method": "blacklist",
                    "engine_update": "20220726"
                },
                "MAX": {
                    "category": "undetected",
                    "engine_name": "MAX",
                    "engine_version": "2019.9.16.1",
                    "result": null,
                    "method": "blacklist",
                    "engine_update": "20220726"
                },
                "VBA32": {
                    "category": "undetected",
                    "engine_name": "VBA32",
                    "engine_version": "5.0.0",
                    "result": null,
                    "method": "blacklist",
                    "engine_update": "20220725"
                },
                "Zoner": {
                    "category": "undetected",
                    "engine_name": "Zoner",
                    "engine_version": "2.2.2.0",
                    "result": null,
                    "method": "blacklist",
                    "engine_update": "20220725"
                },
                "Rising": {
                    "category": "undetected",
                    "engine_name": "Rising",
                    "engine_version": "25.0.0.27",
                    "result": null,
                    "method": "blacklist",
                    "engine_update": "20220726"
                },
                "Yandex": {
                    "category": "undetected",
                    "engine_name": "Yandex",
                    "engine_version": "5.5.2.24",
                    "result": null,
                    "method": "blacklist",
                    "engine_update": "20220725"
                },
                "Ikarus": {
                    "category": "undetected",
                    "engine_name": "Ikarus",
                    "engine_version": "6.0.24.0",
                    "result": null,
                    "method": "blacklist",
                    "engine_update": "20220725"
                },
                "MaxSecure": {
                    "category": "undetected",
                    "engine_name": "MaxSecure",
                    "engine_version": "1.0.0.1",
                    "result": null,
                    "method": "blacklist",
                    "engine_update": "20220726"
                },
                "Fortinet": {
                    "category": "undetected",
                    "engine_name": "Fortinet",
                    "engine_version": "6.4.258.0",
                    "result": null,
                    "method": "blacklist",
                    "engine_update": "20220726"
                },
                "Cybereason": {
                    "category": "type-unsupported",
                    "engine_name": "Cybereason",
                    "engine_version": "1.2.449",
                    "result": null,
                    "method": "blacklist",
                    "engine_update": "20210330"
                },
                "Panda": {
                    "category": "undetected",
                    "engine_name": "Panda",
                    "engine_version": "4.6.4.2",
                    "result": null,
                    "method": "blacklist",
                    "engine_update": "20220725"
                },
                "CrowdStrike": {
                    "category": "type-unsupported",
                    "engine_name": "CrowdStrike",
                    "engine_version": "1.0",
                    "result": null,
                    "method": "blacklist",
                    "engine_update": "20220418"
                }
            },
            "sha256": "0000d4b02fbdc0d732092774a7658cbc7c01addfedb01d352246ad4717aff1fd",
            "tags": [
                "obfuscated",
                "reflection",
                "apk",
                "runtime-modules",
                "telephony",
                "android"
            ],
            "last_analysis_date": 1658812362,
            "unique_sources": 3,
            "first_submission_date": 1617090984,
            "sha1": "63f73321bff61d47c7ef7bb13347131fad5a9e34",
            "ssdeep": "196608:g9NYVzHpfl7n4X9f/528MjUh2kM9PB/ovZVg6D6s4hlK:tzBl7n4J/2Yh2koRovHg6D6Rm",
            "bundle_info": {
                "highest_datetime": "1980-00-00 00:00:00",
                "lowest_datetime": "1980-00-00 00:00:00",
                "num_children": 1666,
                "extensions": {
                    "xml": 270,
                    "dex": 2,
                    "r0": 1,
                    "zip": 2,
                    "db": 1,
                    "gz": 1,
                    "jpg": 20,
                    "v0": 1,
                    "lst": 1,
                    "n0": 1,
                    "txt": 1,
                    "png": 591
                },
                "file_types": {
                    "XML": 270,
                    "DEX": 2,
                    "ZIP": 2,
                    "unknown": 112,
                    "JPG": 20,
                    "HTML": 3,
                    "PNG": 591
                },
                "type": "APK",
                "uncompressed_size": 15891636
            },
            "md5": "0e11daa85d88803746301cb85d420f37",
            "androguard": {
                "VTAndroidInfo": 2.0,
                "AndroidApplicationError": false,
                "MinSdkVersion": "16",
                "AndroguardVersion": "3.4.0a1",
                "Activities": [
                    "cc.eduven.com.chefchili.activity.Splash",
                    "cc.eduven.com.chefchili.activity.Home",
                    "cc.eduven.com.chefchili.activity.RecipeDetailActivityNew",
                    "cc.eduven.com.chefchili.activity.RecipeListActivity",
                    "cc.eduven.com.chefchili.activity.MenuPlanner",
                    "cc.eduven.com.chefchili.activity.TipsActivity",
                    "cc.eduven.com.chefchili.activity.UserReviewsActivity",
                    "cc.eduven.com.chefchili.activity.NutritionValuesActivity",
                    "cc.eduven.com.chefchili.activity.HtmlOpener",
                    "cc.eduven.com.chefchili.activity.PremiumActivity",
                    "cc.eduven.com.chefchili.activity.Search",
                    "cc.eduven.com.chefchili.activity.CookWith",
                    "cc.eduven.com.chefchili.activity.FilterActivity",
                    "cc.eduven.com.chefchili.activity.BenefitsActivity",
                    "cc.eduven.com.chefchili.activity.PreferenceActivity",
                    "cc.eduven.com.chefchili.activity.Settings",
                    "cc.eduven.com.chefchili.activity.RestartDownloadActivity",
                    "cc.eduven.com.chefchili.activity.MenuPlannerListActivity",
                    "cc.eduven.com.chefchili.activity.ContributeActivity",
                    "cc.eduven.com.chefchili.activity.PersonalizeActivity",
                    "cc.eduven.com.chefchili.activity.CourseList",
                    "cc.eduven.com.chefchili.activity.BMICalculator",
                    "cc.eduven.com.chefchili.activity.AppliancesList",
                    "cc.eduven.com.chefchili.activity.FullScreenViewActivity",
                    "cc.eduven.com.chefchili.activity.FullScreenViewActivityBitmap",
                    "cc.eduven.com.chefchili.activity.FullScreenViewActivityUri",
                    "cc.eduven.com.chefchili.activity.RecipeReviewsActivity",
                    "cc.eduven.com.chefchili.activity.RecipePhotoVideoActivity",
                    "cc.eduven.com.chefchili.activity.AppExitActivity",
                    "cc.eduven.com.chefchili.activity.LanguageLoader",
                    "cc.eduven.com.chefchili.activity.ShoppingListActivity",
                    "cc.eduven.com.chefchili.activity.AnonymousLinkMigrateActivity",
                    "cc.eduven.com.chefchili.activity.VideoPlayer",
                    "cc.eduven.com.chefchili.activity.LumenPromoDialog",
                    "com.firebase.ui.auth.KickoffActivity",
                    "com.firebase.ui.auth.ui.idp.SingleSignInActivity",
                    "com.firebase.ui.auth.ui.credentials.CredentialSaveActivity",
                    "com.firebase.ui.auth.ui.email.RecoverPasswordActivity",
                    "com.firebase.ui.auth.ui.email.EmailActivity",
                    "com.firebase.ui.auth.ui.phone.PhoneActivity",
                    "com.firebase.ui.auth.ui.idp.WelcomeBackIdpPrompt",
                    "com.firebase.ui.auth.ui.email.WelcomeBackPasswordPrompt",
                    "com.firebase.ui.auth.ui.email.WelcomeBackEmailLinkPrompt",
                    "com.firebase.ui.auth.ui.email.EmailLinkCatcherActivity",
                    "com.firebase.ui.auth.ui.email.EmailLinkErrorRecoveryActivity",
                    "com.firebase.ui.auth.ui.idp.AuthMethodPickerActivity",
                    "com.facebook.FacebookActivity",
                    "com.facebook.CustomTabActivity",
                    "com.android.billingclient.api.ProxyBillingActivity",
                    "com.google.android.gms.ads.AdActivity",
                    "com.google.android.play.core.missingsplits.PlayCoreMissingSplitsActivity",
                    "com.google.android.play.core.common.PlayCoreDialogWrapperActivity",
                    "com.google.firebase.auth.internal.GenericIdpActivity",
                    "com.google.firebase.auth.internal.RecaptchaActivity",
                    "com.google.android.gms.auth.api.signin.internal.SignInHubActivity",
                    "com.google.android.gms.common.api.GoogleApiActivity"
                ],
                "certificate": {
                    "Subject": {
                        "DN": "C:US, CN:MediaAgility LLC., L:New York, O:MediaAgility, ST:New York, OU:MediaAgility-Android",
                        "C": "US",
                        "CN": "MediaAgility LLC.",
                        "L": "New York",
                        "O": "MediaAgility",
                        "ST": "New York",
                        "OU": "MediaAgility-Android"
                    },
                    "validto": "2038-10-03 11:49:01",
                    "serialnumber": "4dd3b22d",
                    "thumbprint": "6fced8ce3f913c5e103020835cafd9352629ddee",
                    "validfrom": "2011-05-18 11:49:01",
                    "Issuer": {
                        "DN": "C:US, CN:MediaAgility LLC., L:New York, O:MediaAgility, ST:New York, OU:MediaAgility-Android",
                        "C": "US",
                        "CN": "MediaAgility LLC.",
                        "L": "New York",
                        "O": "MediaAgility",
                        "ST": "New York",
                        "OU": "MediaAgility-Android"
                    }
                },
                "AndroidApplication": 1,
                "RiskIndicator": {
                    "APK": {
                        "DEX": 2,
                        "ZIP": 2
                    },
                    "PERM": {
                        "DANGEROUS": 2,
                        "PRIVACY": 4,
                        "INSTANT": 3,
                        "INTERNET": 1,
                        "NORMAL": 4
                    }
                },
                "Services": [
                    "cc.eduven.com.chefchili.services.UnzipService",
                    "cc.eduven.com.chefchili.services.RecipeOfTheDayJobService",
                    "cc.eduven.com.chefchili.services.ResetAlarmsService",
                    "cc.eduven.com.chefchili.services.SyncEdubankWithFirebaseService",
                    "cc.eduven.com.chefchili.services.SyncCrossAppFirebaseService",
                    "cc.eduven.com.chefchili.services.SaveContributionToFirebaseService",
                    "cc.eduven.com.chefchili.services.MigrateAnonymousUserDataToPrimary",
                    "cc.eduven.com.chefchili.services.CompressVideoService",
                    "cc.eduven.com.chefchili.pushNotification.FcmRegistrationIntentService",
                    "cc.eduven.com.chefchili.pushNotification.FcmIntentService",
                    "cc.eduven.com.chefchili.pushNotification.FcmUpdateDbIntentService",
                    "com.google.android.gms.ads.AdService",
                    "androidx.work.impl.background.systemalarm.SystemAlarmService",
                    "androidx.work.impl.background.systemjob.SystemJobService",
                    "androidx.room.MultiInstanceInvalidationService",
                    "com.google.android.play.core.assetpacks.AssetPackExtractionService",
                    "com.google.firebase.auth.api.fallback.service.FirebaseAuthFallbackService",
                    "com.google.firebase.components.ComponentDiscoveryService",
                    "com.google.android.gms.auth.api.signin.RevocationBoundService",
                    "com.google.firebase.messaging.FirebaseMessagingService",
                    "com.google.android.datatransport.runtime.backends.TransportBackendDiscovery",
                    "com.google.android.gms.measurement.AppMeasurementService",
                    "com.google.android.gms.measurement.AppMeasurementJobService",
                    "com.google.android.datatransport.runtime.scheduling.jobscheduling.JobInfoSchedulerService"
                ],
                "AndroidVersionCode": "24",
                "main_activity": "cc.eduven.com.chefchili.activity.Splash",
                "Package": "com.eduven.cc.spanish",
                "intent_filters": {
                    "Services": {
                        "com.google.firebase.auth.api.fallback.service.FirebaseAuthFallbackService": {
                            "action": [
                                "com.google.firebase.auth.api.gms.service.START"
                            ],
                            "category": [
                                "android.intent.category.DEFAULT"
                            ]
                        },
                        "cc.eduven.com.chefchili.pushNotification.FcmIntentService": {
                            "action": [
                                "com.google.firebase.MESSAGING_EVENT"
                            ]
                        },
                        "com.google.firebase.messaging.FirebaseMessagingService": {
                            "action": [
                                "com.google.firebase.MESSAGING_EVENT"
                            ]
                        }
                    },
                    "Activities": {
                        "com.google.firebase.auth.internal.RecaptchaActivity": {
                            "action": [
                                "android.intent.action.VIEW"
                            ],
                            "category": [
                                "android.intent.category.DEFAULT",
                                "android.intent.category.BROWSABLE"
                            ]
                        },
                        "cc.eduven.com.chefchili.activity.Home": {
                            "action": [
                                "android.intent.action.VIEW"
                            ]
                        },
                        "com.google.firebase.auth.internal.GenericIdpActivity": {
                            "action": [
                                "android.intent.action.VIEW"
                            ],
                            "category": [
                                "android.intent.category.DEFAULT",
                                "android.intent.category.BROWSABLE"
                            ]
                        },
                        "cc.eduven.com.chefchili.activity.Splash": {
                            "action": [
                                "android.intent.action.MAIN"
                            ],
                            "category": [
                                "android.intent.category.LAUNCHER"
                            ]
                        },
                        "com.facebook.CustomTabActivity": {
                            "action": [
                                "android.intent.action.VIEW"
                            ],
                            "category": [
                                "android.intent.category.DEFAULT",
                                "android.intent.category.BROWSABLE"
                            ]
                        }
                    },
                    "Receivers": {
                        "androidx.work.impl.background.systemalarm.ConstraintProxy$BatteryNotLowProxy": {
                            "action": [
                                "android.intent.action.BATTERY_OKAY",
                                "android.intent.action.BATTERY_LOW"
                            ]
                        },
                        "com.google.firebase.iid.FirebaseInstanceIdReceiver": {
                            "action": [
                                "com.google.android.c2dm.intent.RECEIVE"
                            ]
                        },
                        "androidx.work.impl.background.systemalarm.ConstraintProxy$StorageNotLowProxy": {
                            "action": [
                                "android.intent.action.DEVICE_STORAGE_LOW",
                                "android.intent.action.DEVICE_STORAGE_OK"
                            ]
                        },
                        "cc.eduven.com.chefchili.activity.StartEventBroadcastReceiver": {
                            "action": [
                                "FireEventActivityBrodCast"
                            ]
                        },
                        "cc.eduven.com.chefchili.services.GetBootEventBroadcastReceiver": {
                            "action": [
                                "android.intent.action.BOOT_COMPLETED"
                            ]
                        },
                        "cc.eduven.com.chefchili.services.LocaleChangeBroadcastReceiver": {
                            "action": [
                                "android.intent.action.LOCALE_CHANGED"
                            ]
                        },
                        "cc.eduven.com.chefchili.activity.DownLoadComplteBroadcastReciever": {
                            "action": [
                                "android.intent.action.DOWNLOAD_COMPLETE"
                            ]
                        },
                        "androidx.work.impl.background.systemalarm.ConstraintProxy$NetworkStateProxy": {
                            "action": [
                                "android.net.conn.CONNECTIVITY_CHANGE"
                            ]
                        },
                        "androidx.work.impl.background.systemalarm.ConstraintProxyUpdateReceiver": {
                            "action": [
                                "androidx.work.impl.background.systemalarm.UpdateProxies"
                            ]
                        },
                        "androidx.work.impl.background.systemalarm.ConstraintProxy$BatteryChargingProxy": {
                            "action": [
                                "android.intent.action.ACTION_POWER_CONNECTED",
                                "android.intent.action.ACTION_POWER_DISCONNECTED"
                            ]
                        },
                        "androidx.work.impl.background.systemalarm.RescheduleReceiver": {
                            "action": [
                                "android.intent.action.BOOT_COMPLETED",
                                "android.intent.action.TIME_SET",
                                "android.intent.action.TIMEZONE_CHANGED"
                            ]
                        }
                    }
                },
                "AndroidVersionName": "1.1.9",
                "TargetSdkVersion": "29",
                "AndroidApplicationInfo": "APK",
                "Providers": [
                    "androidx.core.content.FileProvider",
                    "com.firebase.ui.auth.data.client.AuthUiInitProvider",
                    "com.google.android.gms.ads.MobileAdsInitProvider",
                    "androidx.work.impl.WorkManagerInitializer",
                    "com.google.firebase.provider.FirebaseInitProvider",
                    "androidx.lifecycle.ProcessLifecycleOwnerInitializer"
                ],
                "permission_details": {
                    "android.permission.READ_EXTERNAL_STORAGE": {
                        "short_description": "read the contents of your shared storage",
                        "full_description": "Allows the app to read the contents of your shared storage.",
                        "permission_type": "dangerous"
                    },
                    "android.permission.RECEIVE_BOOT_COMPLETED": {
                        "short_description": "run at startup",
                        "full_description": "Allows the app to\n        have itself started as soon as the system has finished booting.\n        This can make it take longer to start the phone and allow the\n        app to slow down the overall phone by always running.",
                        "permission_type": "normal"
                    },
                    "android.permission.READ_CALENDAR": {
                        "short_description": "Read calendar events and details",
                        "full_description": "This app can read all calendar events stored on your phone and share or save your calendar data.",
                        "permission_type": "dangerous"
                    },
                    "com.google.android.c2dm.permission.RECEIVE": {
                        "short_description": "Unknown permission from android reference",
                        "full_description": "Unknown permission from android reference",
                        "permission_type": "normal"
                    },
                    "android.permission.CAMERA": {
                        "short_description": "take pictures and videos",
                        "full_description": "This app can take pictures and record videos using the camera at any time.",
                        "permission_type": "dangerous|instant"
                    },
                    "android.permission.ACCESS_NETWORK_STATE": {
                        "short_description": "view network connections",
                        "full_description": "Allows the app to view\n      information about network connections such as which networks exist and are\n      connected.",
                        "permission_type": "normal|instant"
                    },
                    "android.permission.WAKE_LOCK": {
                        "short_description": "prevent phone from sleeping",
                        "full_description": "Allows the app to prevent the phone from going to sleep.",
                        "permission_type": "normal|instant"
                    },
                    "android.permission.FOREGROUND_SERVICE": {
                        "short_description": "run foreground service",
                        "full_description": "Allows the app to make use of foreground services.",
                        "permission_type": "normal|instant"
                    },
                    "android.permission.WRITE_CALENDAR": {
                        "short_description": "add or modify calendar events and send email to guests without owners' knowledge",
                        "full_description": "This app can add, remove, or change calendar events on your phone. This app can send messages that may appear to come from calendar owners, or change events without notifying their owners.",
                        "permission_type": "dangerous"
                    },
                    "android.permission.INTERNET": {
                        "short_description": "have full network access",
                        "full_description": "Allows the app to create\n     network sockets and use custom network protocols. The browser and other\n     applications provide means to send data to the internet, so this\n     permission is not required to send data to the internet.",
                        "permission_type": "normal|instant"
                    },
                    "com.google.android.finsky.permission.BIND_GET_INSTALL_REFERRER_SERVICE": {
                        "short_description": "Unknown permission from android reference",
                        "full_description": "Unknown permission from android reference",
                        "permission_type": "normal"
                    },
                    "android.permission.WRITE_EXTERNAL_STORAGE": {
                        "short_description": "modify or delete the contents of your shared storage",
                        "full_description": "Allows the app to write the contents of your shared storage.",
                        "permission_type": "dangerous"
                    },
                    "com.android.vending.BILLING": {
                        "short_description": "Unknown permission from android reference",
                        "full_description": "Unknown permission from android reference",
                        "permission_type": "normal"
                    },
                    "android.permission.RECORD_AUDIO": {
                        "short_description": "record audio",
                        "full_description": "This app can record audio using the microphone at any time.",
                        "permission_type": "dangerous|instant"
                    }
                },
                "Receivers": [
                    "cc.eduven.com.chefchili.services.AlarmReceivedBroadcastReceiver",
                    "cc.eduven.com.chefchili.services.GetBootEventBroadcastReceiver",
                    "cc.eduven.com.chefchili.activity.DownLoadComplteBroadcastReciever",
                    "cc.eduven.com.chefchili.services.LocaleChangeBroadcastReceiver",
                    "cc.eduven.com.chefchili.activity.AlarmReceiver",
                    "cc.eduven.com.chefchili.activity.StartEventBroadcastReceiver",
                    "androidx.work.impl.utils.ForceStopRunnable$BroadcastReceiver",
                    "androidx.work.impl.background.systemalarm.ConstraintProxy$BatteryChargingProxy",
                    "androidx.work.impl.background.systemalarm.ConstraintProxy$BatteryNotLowProxy",
                    "androidx.work.impl.background.systemalarm.ConstraintProxy$StorageNotLowProxy",
                    "androidx.work.impl.background.systemalarm.ConstraintProxy$NetworkStateProxy",
                    "androidx.work.impl.background.systemalarm.RescheduleReceiver",
                    "androidx.work.impl.background.systemalarm.ConstraintProxyUpdateReceiver",
                    "com.google.firebase.iid.FirebaseInstanceIdReceiver",
                    "com.google.android.gms.measurement.AppMeasurementReceiver",
                    "com.google.android.datatransport.runtime.scheduling.jobscheduling.AlarmManagerSchedulerBroadcastReceiver"
                ],
                "StringsInformation": [
                    "http://2-dot-fast-kiln-120309.appspot.com/deviceRegistration?appid=313&appname=",
                    "http://[",
                    "http://localhost",
                    "http://schemas.android.com/apk/res/android",
                    "http://v2-dot-clear-router-106810.appspot.com/dataUploader",
                    "http://www.edutainmentventures.com/privacy.php",
                    "http://www.edutainmentventures.com/terms.php",
                    "http://www.example.com",
                    "http://www.google.com",
                    "https://accounts.google.com",
                    "https://accounts.google.com/o/oauth2/revoke?token=",
                    "https://adservice.google.com/getconfig/pubvendors",
                    "https://app-contribution.firebaseio.com",
                    "https://cross-apps-2v950.firebaseio.com",
                    "https://csi.gstatic.com/csi",
                    "https://edutainmentadventures.tumblr.com/",
                    "https://github.com",
                    "https://github.com/firebase/FirebaseUI-Android/releases/tag/6.2.0",
                    "https://googleads.g.doubleclick.net/mads/static/mad/sdk/native/native_ads.html",
                    "https://googleads.g.doubleclick.net/mads/static/mad/sdk/native/production/mraid/v3/mraid_app_banner.js",
                    "https://googleads.g.doubleclick.net/mads/static/mad/sdk/native/production/mraid/v3/mraid_app_expanded_banner.js",
                    "https://googleads.g.doubleclick.net/mads/static/mad/sdk/native/production/mraid/v3/mraid_app_interstitial.js",
                    "https://googleads.g.doubleclick.net/mads/static/mad/sdk/native/production/native_ads.js",
                    "https://googleads.g.doubleclick.net/mads/static/mad/sdk/native/production/sdk-core-v40-impl.html",
                    "https://googleads.g.doubleclick.net/mads/static/mad/sdk/native/production/sdk-core-v40-impl.js",
                    "https://googleads.g.doubleclick.net/mads/static/mad/sdk/native/sdk-core-v40-loader.html",
                    "https://imasdk.googleapis.com/admob/sdkloader/native_video.html",
                    "https://login.live.com",
                    "https://login.yahoo.com",
                    "https://pagead2.googlesyndication.com/pagead/gen_204?id=gmob-apps",
                    "https://phone.firebase",
                    "https://play.google.com/store/apps/details?id=",
                    "https://play.google.com/store/apps/dev?id=9017397922998813113",
                    "https://plus.google.com/",
                    "https://storage.googleapis.com/chefchili/set%20",
                    "https://storage.googleapis.com/edutainment_ventures/",
                    "https://storage.googleapis.com/edutainment_ventures/cc_spanish_recipe.zip",
                    "https://support.google.com/dfp_premium/answer/7160685#push",
                    "https://twitter.com",
                    "https://twitter.com/Edutainment_V",
                    "https://www.facebook.com",
                    "https://www.facebook.com/edutainmentventures/",
                    "https://www.google.com/dfp/debugSignals",
                    "https://www.google.com/dfp/inAppPreview",
                    "https://www.google.com/dfp/linkDevice",
                    "https://www.google.com/dfp/sendDebugData",
                    "https://www.googleapis.com/auth/appstate",
                    "https://www.googleapis.com/auth/datastoremobile",
                    "https://www.googleapis.com/auth/drive",
                    "https://www.googleapis.com/auth/drive.appdata",
                    "https://www.googleapis.com/auth/drive.apps",
                    "https://www.googleapis.com/auth/drive.file",
                    "https://www.googleapis.com/auth/fitness.activity.read",
                    "https://www.googleapis.com/auth/fitness.activity.write",
                    "https://www.googleapis.com/auth/fitness.blood_glucose.read",
                    "https://www.googleapis.com/auth/fitness.blood_glucose.write",
                    "https://www.googleapis.com/auth/fitness.blood_pressure.read",
                    "https://www.googleapis.com/auth/fitness.blood_pressure.write",
                    "https://www.googleapis.com/auth/fitness.body.read",
                    "https://www.googleapis.com/auth/fitness.body.write",
                    "https://www.googleapis.com/auth/fitness.body_temperature.read",
                    "https://www.googleapis.com/auth/fitness.body_temperature.write",
                    "https://www.googleapis.com/auth/fitness.location.read",
                    "https://www.googleapis.com/auth/fitness.location.write",
                    "https://www.googleapis.com/auth/fitness.nutrition.read",
                    "https://www.googleapis.com/auth/fitness.nutrition.write",
                    "https://www.googleapis.com/auth/fitness.oxygen_saturation.read",
                    "https://www.googleapis.com/auth/fitness.oxygen_saturation.write",
                    "https://www.googleapis.com/auth/fitness.reproductive_health.read",
                    "https://www.googleapis.com/auth/fitness.reproductive_health.write",
                    "https://www.googleapis.com/auth/games",
                    "https://www.googleapis.com/auth/games.firstparty",
                    "https://www.googleapis.com/auth/games_lite",
                    "https://www.googleapis.com/auth/plus.login",
                    "https://www.googleapis.com/auth/plus.me",
                    "https://www.instagram.com/edutainment_adventures/?hl=en",
                    "https://www.linkedin.com",
                    "https://www.lumen.me?fid=629",
                    "https://www.paypal.com"
                ]
            },
            "magic": "Zip archive data",
            "last_analysis_stats": {
                "harmless": 0,
                "type-unsupported": 9,
                "suspicious": 0,
                "confirmed-timeout": 0,
                "timeout": 0,
                "failure": 0,
                "malicious": 0,
                "undetected": 62
            },
            "meaningful_name": "0000D4B02FBDC0D732092774A7658CBC7C01ADDFEDB01D352246AD4717AFF1FD.apk",
            "reputation": 0
        },
        "type": "file",
        "id": "0000d4b02fbdc0d732092774a7658cbc7c01addfedb01d352246ad4717aff1fd",
        "links": {
            "self": "https://www.virustotal.com/api/v3/files/0000d4b02fbdc0d732092774a7658cbc7c01addfedb01d352246ad4717aff1fd"
        }
    }
}