{
    "data": {
        "attributes": {
            "type_description": "Android",
            "tlsh": "T19AF62392E348D41DD4BB503389E337A725245DB59681E9EB381CB518AEFB7EC4A0CBC4",
            "vhash": "d78b62e276aeab4a11d549873e992a7c",
            "trid": [
                {
                    "file_type": "Android Package",
                    "probability": 47.5
                },
                {
                    "file_type": "BlueEyes Animation",
                    "probability": 16.6
                },
                {
                    "file_type": "Java Archive",
                    "probability": 16.6
                },
                {
                    "file_type": "Sweet Home 3D design (generic)",
                    "probability": 12.9
                },
                {
                    "file_type": "ZIP compressed archive",
                    "probability": 4.9
                }
            ],
            "names": [
                "0001EF3DC57C9905FE7EAD593F2C3C092AAE46FA924116EAA704BE896106371D.apk"
            ],
            "last_modification_date": 1631563850,
            "type_tag": "android",
            "times_submitted": 3,
            "total_votes": {
                "harmless": 0,
                "malicious": 0
            },
            "size": 16144522,
            "popular_threat_classification": {
                "suggested_threat_label": "trojan.jiagu",
                "popular_threat_category": [
                    {
                        "count": 5,
                        "value": "trojan"
                    }
                ],
                "popular_threat_name": [
                    {
                        "count": 2,
                        "value": "jiagu"
                    }
                ]
            },
            "last_submission_date": 1631458540,
            "last_analysis_results": {
                "Bkav": {
                    "category": "undetected",
                    "engine_name": "Bkav",
                    "engine_version": "1.3.0.9899",
                    "result": null,
                    "method": "blacklist",
                    "engine_update": "20210911"
                },
                "Lionic": {
                    "category": "undetected",
                    "engine_name": "Lionic",
                    "engine_version": "4.2",
                    "result": null,
                    "method": "blacklist",
                    "engine_update": "20210912"
                },
                "Elastic": {
                    "category": "type-unsupported",
                    "engine_name": "Elastic",
                    "engine_version": "4.0.27",
                    "result": null,
                    "method": "blacklist",
                    "engine_update": "20210805"
                },
                "MicroWorld-eScan": {
                    "category": "undetected",
                    "engine_name": "MicroWorld-eScan",
                    "engine_version": "14.0.409.0",
                    "result": null,
                    "method": "blacklist",
                    "engine_update": "20210912"
                },
                "FireEye": {
                    "category": "undetected",
                    "engine_name": "FireEye",
                    "engine_version": "32.44.1.0",
                    "result": null,
                    "method": "blacklist",
                    "engine_update": "20210912"
                },
                "CAT-QuickHeal": {
                    "category": "undetected",
                    "engine_name": "CAT-QuickHeal",
                    "engine_version": "14.00",
                    "result": null,
                    "method": "blacklist",
                    "engine_update": "20210912"
                },
                "ALYac": {
                    "category": "undetected",
                    "engine_name": "ALYac",
                    "engine_version": "1.1.3.1",
                    "result": null,
                    "method": "blacklist",
                    "engine_update": "20210912"
                },
                "Malwarebytes": {
                    "category": "undetected",
                    "engine_name": "Malwarebytes",
                    "engine_version": "4.2.2.27",
                    "result": null,
                    "method": "blacklist",
                    "engine_update": "20210912"
                },
                "Zillya": {
                    "category": "malicious",
                    "engine_name": "Zillya",
                    "engine_version": "2.0.0.4445",
                    "result": "Trojan.102679.Linux.1",
                    "method": "blacklist",
                    "engine_update": "20210910"
                },
                "Paloalto": {
                    "category": "type-unsupported",
                    "engine_name": "Paloalto",
                    "engine_version": "1.0",
                    "result": null,
                    "method": "blacklist",
                    "engine_update": "20210912"
                },
                "Sangfor": {
                    "category": "undetected",
                    "engine_name": "Sangfor",
                    "engine_version": "2.9.0.0",
                    "result": null,
                    "method": "blacklist",
                    "engine_update": "20210831"
                },
                "Trustlook": {
                    "category": "malicious",
                    "engine_name": "Trustlook",
                    "engine_version": "1.0",
                    "result": "Android.PUA.General",
                    "method": "blacklist",
                    "engine_update": "20210912"
                },
                "Alibaba": {
                    "category": "undetected",
                    "engine_name": "Alibaba",
                    "engine_version": "0.3.0.5",
                    "result": null,
                    "method": "blacklist",
                    "engine_update": "20190527"
                },
                "K7GW": {
                    "category": "malicious",
                    "engine_name": "K7GW",
                    "engine_version": "11.212.38262",
                    "result": "Adware ( 005321b21 )",
                    "method": "blacklist",
                    "engine_update": "20210912"
                },
                "K7AntiVirus": {
                    "category": "undetected",
                    "engine_name": "K7AntiVirus",
                    "engine_version": "11.212.38262",
                    "result": null,
                    "method": "blacklist",
                    "engine_update": "20210912"
                },
                "BitDefenderTheta": {
                    "category": "undetected",
                    "engine_name": "BitDefenderTheta",
                    "engine_version": "7.2.37796.0",
                    "result": null,
                    "method": "blacklist",
                    "engine_update": "20210908"
                },
                "Cyren": {
                    "category": "malicious",
                    "engine_name": "Cyren",
                    "engine_version": "6.3.0.2",
                    "result": "E32/Trojan.WCLP-4",
                    "method": "blacklist",
                    "engine_update": "20210912"
                },
                "SymantecMobileInsight": {
                    "category": "malicious",
                    "engine_name": "SymantecMobileInsight",
                    "engine_version": "2.0",
                    "result": "AdLibrary:Generisk",
                    "method": "blacklist",
                    "engine_update": "20210126"
                },
                "Symantec": {
                    "category": "undetected",
                    "engine_name": "Symantec",
                    "engine_version": "1.15.0.0",
                    "result": null,
                    "method": "blacklist",
                    "engine_update": "20210912"
                },
                "ESET-NOD32": {
                    "category": "malicious",
                    "engine_name": "ESET-NOD32",
                    "engine_version": "23951",
                    "result": "a variant of Android/Packed.Jiagu.D potentially unsafe",
                    "method": "blacklist",
                    "engine_update": "20210912"
                },
                "Baidu": {
                    "category": "undetected",
                    "engine_name": "Baidu",
                    "engine_version": "1.0.0.2",
                    "result": null,
                    "method": "blacklist",
                    "engine_update": "20190318"
                },
                "TrendMicro-HouseCall": {
                    "category": "undetected",
                    "engine_name": "TrendMicro-HouseCall",
                    "engine_version": "10.0.0.1040",
                    "result": null,
                    "method": "blacklist",
                    "engine_update": "20210912"
                },
                "Avast": {
                    "category": "undetected",
                    "engine_name": "Avast",
                    "engine_version": "21.1.5827.0",
                    "result": null,
                    "method": "blacklist",
                    "engine_update": "20210912"
                },
                "ClamAV": {
                    "category": "undetected",
                    "engine_name": "ClamAV",
                    "engine_version": "0.104.0.0",
                    "result": null,
                    "method": "blacklist",
                    "engine_update": "20210912"
                },
                "Kaspersky": {
                    "category": "undetected",
                    "engine_name": "Kaspersky",
                    "engine_version": "21.0.1.45",
                    "result": null,
                    "method": "blacklist",
                    "engine_update": "20210912"
                },
                "BitDefender": {
                    "category": "undetected",
                    "engine_name": "BitDefender",
                    "engine_version": "7.2",
                    "result": null,
                    "method": "blacklist",
                    "engine_update": "20210912"
                },
                "NANO-Antivirus": {
                    "category": "undetected",
                    "engine_name": "NANO-Antivirus",
                    "engine_version": "1.0.146.25368",
                    "result": null,
                    "method": "blacklist",
                    "engine_update": "20210912"
                },
                "SUPERAntiSpyware": {
                    "category": "undetected",
                    "engine_name": "SUPERAntiSpyware",
                    "engine_version": "5.6.0.1032",
                    "result": null,
                    "method": "blacklist",
                    "engine_update": "20210911"
                },
                "APEX": {
                    "category": "type-unsupported",
                    "engine_name": "APEX",
                    "engine_version": "6.207",
                    "result": null,
                    "method": "blacklist",
                    "engine_update": "20210910"
                },
                "Tencent": {
                    "category": "undetected",
                    "engine_name": "Tencent",
                    "engine_version": "1.0.0.1",
                    "result": null,
                    "method": "blacklist",
                    "engine_update": "20210912"
                },
                "Ad-Aware": {
                    "category": "undetected",
                    "engine_name": "Ad-Aware",
                    "engine_version": "3.0.21.179",
                    "result": null,
                    "method": "blacklist",
                    "engine_update": "20210912"
                },
                "Emsisoft": {
                    "category": "undetected",
                    "engine_name": "Emsisoft",
                    "engine_version": "2021.5.0.7597",
                    "result": null,
                    "method": "blacklist",
                    "engine_update": "20210912"
                },
                "Comodo": {
                    "category": "undetected",
                    "engine_name": "Comodo",
                    "engine_version": "33892",
                    "result": null,
                    "method": "blacklist",
                    "engine_update": "20210912"
                },
                "F-Secure": {
                    "category": "undetected",
                    "engine_name": "F-Secure",
                    "engine_version": "12.0.86.52",
                    "result": null,
                    "method": "blacklist",
                    "engine_update": "20210912"
                },
                "DrWeb": {
                    "category": "undetected",
                    "engine_name": "DrWeb",
                    "engine_version": "7.0.49.9080",
                    "result": null,
                    "method": "blacklist",
                    "engine_update": "20210912"
                },
                "VIPRE": {
                    "category": "undetected",
                    "engine_name": "VIPRE",
                    "engine_version": "95444",
                    "result": null,
                    "method": "blacklist",
                    "engine_update": "20210912"
                },
                "TrendMicro": {
                    "category": "undetected",
                    "engine_name": "TrendMicro",
                    "engine_version": "11.0.0.1006",
                    "result": null,
                    "method": "blacklist",
                    "engine_update": "20210912"
                },
                "McAfee-GW-Edition": {
                    "category": "undetected",
                    "engine_name": "McAfee-GW-Edition",
                    "engine_version": "v2019.1.2+3728",
                    "result": null,
                    "method": "blacklist",
                    "engine_update": "20210912"
                },
                "SentinelOne": {
                    "category": "type-unsupported",
                    "engine_name": "SentinelOne",
                    "engine_version": "6.2.0.11",
                    "result": null,
                    "method": "blacklist",
                    "engine_update": "20210829"
                },
                "Trapmine": {
                    "category": "type-unsupported",
                    "engine_name": "Trapmine",
                    "engine_version": "3.5.0.1023",
                    "result": null,
                    "method": "blacklist",
                    "engine_update": "20200727"
                },
                "CMC": {
                    "category": "undetected",
                    "engine_name": "CMC",
                    "engine_version": "2.10.2019.1",
                    "result": null,
                    "method": "blacklist",
                    "engine_update": "20210816"
                },
                "Sophos": {
                    "category": "undetected",
                    "engine_name": "Sophos",
                    "engine_version": "1.3.0.0",
                    "result": null,
                    "method": "blacklist",
                    "engine_update": "20210912"
                },
                "Ikarus": {
                    "category": "malicious",
                    "engine_name": "Ikarus",
                    "engine_version": "0.1.5.2",
                    "result": "PUA.AndroidOS.Jiagu",
                    "method": "blacklist",
                    "engine_update": "20210912"
                },
                "Avast-Mobile": {
                    "category": "undetected",
                    "engine_name": "Avast-Mobile",
                    "engine_version": "210912-00",
                    "result": null,
                    "method": "blacklist",
                    "engine_update": "20210912"
                },
                "Jiangmin": {
                    "category": "malicious",
                    "engine_name": "Jiangmin",
                    "engine_version": "16.0.100",
                    "result": "Trojan.Generic.gwsvo",
                    "method": "blacklist",
                    "engine_update": "20210911"
                },
                "Webroot": {
                    "category": "type-unsupported",
                    "engine_name": "Webroot",
                    "engine_version": "1.0.0.403",
                    "result": null,
                    "method": "blacklist",
                    "engine_update": "20210912"
                },
                "Avira": {
                    "category": "undetected",
                    "engine_name": "Avira",
                    "engine_version": "8.3.3.12",
                    "result": null,
                    "method": "blacklist",
                    "engine_update": "20210912"
                },
                "eGambit": {
                    "category": "type-unsupported",
                    "engine_name": "eGambit",
                    "engine_version": null,
                    "result": null,
                    "method": "blacklist",
                    "engine_update": "20210912"
                },
                "Antiy-AVL": {
                    "category": "malicious",
                    "engine_name": "Antiy-AVL",
                    "engine_version": "3.0.0.1",
                    "result": "Trojan/Generic.ASMalwAD.382",
                    "method": "blacklist",
                    "engine_update": "20210912"
                },
                "Kingsoft": {
                    "category": "undetected",
                    "engine_name": "Kingsoft",
                    "engine_version": "2017.9.26.565",
                    "result": null,
                    "method": "blacklist",
                    "engine_update": "20210912"
                },
                "Microsoft": {
                    "category": "malicious",
                    "engine_name": "Microsoft",
                    "engine_version": "1.1.18500.10",
                    "result": "Program:AndroidOS/Multiverze",
                    "method": "blacklist",
                    "engine_update": "20210912"
                },
                "Gridinsoft": {
                    "category": "undetected",
                    "engine_name": "Gridinsoft",
                    "engine_version": "1.0.55.148",
                    "result": null,
                    "method": "blacklist",
                    "engine_update": "20210912"
                },
                "Arcabit": {
                    "category": "undetected",
                    "engine_name": "Arcabit",
                    "engine_version": "1.0.0.886",
                    "result": null,
                    "method": "blacklist",
                    "engine_update": "20210912"
                },
                "ViRobot": {
                    "category": "undetected",
                    "engine_name": "ViRobot",
                    "engine_version": "2014.3.20.0",
                    "result": null,
                    "method": "blacklist",
                    "engine_update": "20210912"
                },
                "ZoneAlarm": {
                    "category": "undetected",
                    "engine_name": "ZoneAlarm",
                    "engine_version": "1.0",
                    "result": null,
                    "method": "blacklist",
                    "engine_update": "20210912"
                },
                "GData": {
                    "category": "undetected",
                    "engine_name": "GData",
                    "engine_version": "A:25.30783B:27.24437",
                    "result": null,
                    "method": "blacklist",
                    "engine_update": "20210912"
                },
                "Cynet": {
                    "category": "undetected",
                    "engine_name": "Cynet",
                    "engine_version": "4.0.0.27",
                    "result": null,
                    "method": "blacklist",
                    "engine_update": "20210912"
                },
                "BitDefenderFalx": {
                    "category": "undetected",
                    "engine_name": "BitDefenderFalx",
                    "engine_version": "2.0.936",
                    "result": null,
                    "method": "blacklist",
                    "engine_update": "20210610"
                },
                "AhnLab-V3": {
                    "category": "undetected",
                    "engine_name": "AhnLab-V3",
                    "engine_version": "3.20.4.10148",
                    "result": null,
                    "method": "blacklist",
                    "engine_update": "20210912"
                },
                "Acronis": {
                    "category": "type-unsupported",
                    "engine_name": "Acronis",
                    "engine_version": "1.1.1.82",
                    "result": null,
                    "method": "blacklist",
                    "engine_update": "20210512"
                },
                "McAfee": {
                    "category": "undetected",
                    "engine_name": "McAfee",
                    "engine_version": "6.0.6.653",
                    "result": null,
                    "method": "blacklist",
                    "engine_update": "20210912"
                },
                "MAX": {
                    "category": "undetected",
                    "engine_name": "MAX",
                    "engine_version": "2019.9.16.1",
                    "result": null,
                    "method": "blacklist",
                    "engine_update": "20210912"
                },
                "VBA32": {
                    "category": "undetected",
                    "engine_name": "VBA32",
                    "engine_version": "5.0.0",
                    "result": null,
                    "method": "blacklist",
                    "engine_update": "20210910"
                },
                "Cylance": {
                    "category": "type-unsupported",
                    "engine_name": "Cylance",
                    "engine_version": "2.3.1.101",
                    "result": null,
                    "method": "blacklist",
                    "engine_update": "20210912"
                },
                "Zoner": {
                    "category": "undetected",
                    "engine_name": "Zoner",
                    "engine_version": "0.0.0.0",
                    "result": null,
                    "method": "blacklist",
                    "engine_update": "20210912"
                },
                "Rising": {
                    "category": "undetected",
                    "engine_name": "Rising",
                    "engine_version": "25.0.0.26",
                    "result": null,
                    "method": "blacklist",
                    "engine_update": "20210912"
                },
                "Yandex": {
                    "category": "malicious",
                    "engine_name": "Yandex",
                    "engine_version": "5.5.2.24",
                    "result": "Trojan.Etecer.bTWJCe.230",
                    "method": "blacklist",
                    "engine_update": "20210912"
                },
                "TACHYON": {
                    "category": "undetected",
                    "engine_name": "TACHYON",
                    "engine_version": "2021-09-12.02",
                    "result": null,
                    "method": "blacklist",
                    "engine_update": "20210912"
                },
                "MaxSecure": {
                    "category": "undetected",
                    "engine_name": "MaxSecure",
                    "engine_version": "1.0.0.1",
                    "result": null,
                    "method": "blacklist",
                    "engine_update": "20210911"
                },
                "Fortinet": {
                    "category": "malicious",
                    "engine_name": "Fortinet",
                    "engine_version": "6.2.142.0",
                    "result": "Riskware/PackagingUntrustworthyJiagu!Android",
                    "method": "blacklist",
                    "engine_update": "20210912"
                },
                "Cybereason": {
                    "category": "type-unsupported",
                    "engine_name": "Cybereason",
                    "engine_version": "1.2.449",
                    "result": null,
                    "method": "blacklist",
                    "engine_update": "20210330"
                },
                "Panda": {
                    "category": "undetected",
                    "engine_name": "Panda",
                    "engine_version": "4.6.4.2",
                    "result": null,
                    "method": "blacklist",
                    "engine_update": "20210912"
                },
                "CrowdStrike": {
                    "category": "type-unsupported",
                    "engine_name": "CrowdStrike",
                    "engine_version": "1.0",
                    "result": null,
                    "method": "blacklist",
                    "engine_update": "20210203"
                }
            },
            "sha256": "0001ef3dc57c9905fe7ead593f2c3c092aae46fa924116eaa704be896106371d",
            "type_extension": "apk",
            "tags": [
                "apk",
                "android",
                "contains-elf"
            ],
            "last_analysis_date": 1631488003,
            "unique_sources": 2,
            "first_submission_date": 1569980220,
            "sha1": "1cc167b1e42bcfb90133ab9ce2d0c327cae8e73e",
            "ssdeep": "196608:9hmDuRXvR6NmmN0FTcDEialDHKO0FSXcq+Xlyo8WPiiiiFnaZA9Gd17ZVGCeGT:/movwNDEtDHKOMSsb6uu17O6",
            "bundle_info": {
                "highest_datetime": "2019-08-21 10:16:02",
                "lowest_datetime": "1980-00-00 00:00:00",
                "num_children": 2126,
                "extensions": {
                    "xml": 287,
                    "dex": 1,
                    "crt": 2,
                    "gz": 1,
                    "js": 1,
                    "so": 15,
                    "txt": 3,
                    "png": 345
                },
                "file_types": {
                    "XML": 287,
                    "unknown": 348,
                    "DEX": 1,
                    "ELF": 19,
                    "PNG": 345
                },
                "type": "APK",
                "uncompressed_size": 11561372
            },
            "packers": {
                "F-PROT": "appended, UTF-8, packed"
            },
            "md5": "8b04ea59ba770379b0f94d38259eb4f5",
            "androguard": {
                "VTAndroidInfo": 1.41,
                "Libraries": [
                    "org.apache.http.legacy"
                ],
                "AndroidApplicationError": false,
                "MinSdkVersion": "16",
                "AndroguardVersion": "3.0-dev",
                "Activities": [
                    "com.diaoyanbang.activity.WelcomeOneActivity",
                    "com.diaoyanbang.activity.LoginActivity",
                    "com.diaoyanbang.activity.SelectLanguageActivity",
                    "com.diaoyanbang.activity.ThirdParty",
                    "com.diaoyanbang.activity.RegisterActivity",
                    "com.diaoyanbang.activity.NetworkActivity",
                    "com.diaoyanbang.activity.SystemMessageListActivity",
                    "com.diaoyanbang.activity.MyMessageChatActivity",
                    "com.diaoyanbang.activity.FriendNewActivity",
                    "com.diaoyanbang.activity.FriendNearbyActivity",
                    "com.diaoyanbang.activity.MyIntegrationActivity",
                    "com.diaoyanbang.activity.MyIntegrationDuiHuanActivity",
                    "com.diaoyanbang.activity.MyIntegrationDuiHuanUKActivity",
                    "com.diaoyanbang.fragment.ProjectFragment",
                    "com.diaoyanbang.fragment.FragmentMainActivity",
                    "com.diaoyanbang.activity.CastOffstateActivity",
                    "com.diaoyanbang.activity.CollectListActivity",
                    "com.diaoyanbang.activity.MentionListActivity",
                    "com.diaoyanbang.activity.CommentListActivity",
                    "com.diaoyanbang.activity.DingListActivity",
                    "com.diaoyanbang.activity.WeiboTextActivity",
                    "com.diaoyanbang.activity.MyInforMationActivity",
                    "com.diaoyanbang.activity.BasicInforMationActivity",
                    "com.diaoyanbang.activity.ChangeOneActivity",
                    "com.diaoyanbang.activity.ChangeTwoTwoActivity",
                    "com.diaoyanbang.activity.ChangeTwoOneActivity",
                    "com.diaoyanbang.activity.ChangeCheckBoxActivity",
                    "com.diaoyanbang.activity.DuiHuanRulesActivity",
                    "com.diaoyanbang.activity.TermsAgreementActivity",
                    "com.diaoyanbang.activity.ValueAddedInforMationActivity",
                    "com.diaoyanbang.activity.ValueAddedActivity",
                    "com.diaoyanbang.activity.CastVoteInfoActivity",
                    "com.diaoyanbang.activity.WriteCastVoteActivity",
                    "com.diaoyanbang.activity.WriteCastVotQuestioneActivity",
                    "com.diaoyanbang.activity.CastVoteViewActivity",
                    "com.diaoyanbang.activity.CastVoteParticipateActivity",
                    "com.diaoyanbang.activity.CastShareActivity",
                    "com.diaoyanbang.activity.MemberInfoActivity",
                    "com.diaoyanbang.activity.StateInfoActivity",
                    "com.diaoyanbang.activity.CreateStateActivity",
                    "com.diaoyanbang.activity.StateManyActivity",
                    "com.diaoyanbang.activity.SystemSetupActivity",
                    "com.diaoyanbang.activity.SystemSetupRemindActivity",
                    "com.diaoyanbang.activity.SystemSetupPrivacyActivity",
                    "com.diaoyanbang.activity.SystemSetupAboutActivity",
                    "com.diaoyanbang.activity.InviteEnterStateActivity",
                    "com.diaoyanbang.crop.CropImageActivity",
                    "com.diaoyanbang.activity.WeiboBroadCastActivity",
                    "com.diaoyanbang.activity.ForwardingCommentActivity",
                    "com.diaoyanbang.activity.ImageDetailsActivity",
                    "com.diaoyanbang.activity.StateDissolveSetupActivity",
                    "com.diaoyanbang.activity.ForgotPasswordActivity",
                    "com.diaoyanbang.activity.IntegerListActivity",
                    "com.diaoyanbang.activity.IntegerBanksListActivity",
                    "com.diaoyanbang.activity.CreateStateInviteEnterActivity",
                    "com.diaoyanbang.activity.VoteShareStateActivity",
                    "com.diaoyanbang.twodimensionalcode.CaptureActivity",
                    "com.diaoyanbang.twodimensionalcode.MyTwodcImageActivity",
                    "com.diaoyanbang.twodimensionalcode.PersonalBusinessCardActivity",
                    "com.diaoyanbang.twodimensionalcode.StateBusinessCardActivity",
                    "com.diaoyanbang.activity.SearchForActivity",
                    "com.diaoyanbang.activity.SearchForAllActivity",
                    "com.diaoyanbang.activity.BasicAccountActivity",
                    "com.diaoyanbang.activity.InforMationActivity",
                    "com.diaoyanbang.activity.LevelRulesActivity",
                    "com.diaoyanbang.activity.DeleteNumberActivity",
                    "com.diaoyanbang.activity.SelectSexActivity",
                    "com.diaoyanbang.activity.SelectAgeActivity",
                    "com.diaoyanbang.activity.SelectCityActivity",
                    "com.diaoyanbang.activity.BrowserWebViewActivity",
                    "com.diaoyanbang.activity.MailActivationActivity",
                    "com.diaoyanbang.activity.BasicAccountPassActivity",
                    "com.diaoyanbang.activity.RetrievePasswordActivity",
                    "com.diaoyanbang.activity.SubmitOpinionActivity",
                    "com.diaoyanbang.activity.ProjectWebViewActivity",
                    "com.diaoyanbang.activity.CheckMailboxActivity",
                    "com.diaoyanbang.activity.VerificationCodeActivity",
                    "com.diaoyanbang.activity.ChangeAliPayActivity",
                    "com.diaoyanbang.activity.StateSchoolSeachActivity",
                    "com.diaoyanbang.activity.MicroFriendSearchActivity",
                    "com.diaoyanbang.activity.RecommendedPrizeActivity",
                    "com.diaoyanbang.activity.MemberListActivity",
                    "com.diaoyanbang.activity.GroupListActivity",
                    "com.diaoyanbang.activity.GroupChatActivity",
                    "com.diaoyanbang.activity.AiteListActivity",
                    "com.diaoyanbang.activity.DeleteStateMenberActivity",
                    "com.diaoyanbang.activity.MiShuChatActivity",
                    "com.diaoyanbang.activity.CreateGroupActivity",
                    "com.diaoyanbang.activity.AliPayActivationActivity",
                    "com.diaoyanbang.activity.SystemMessageActivity",
                    "com.diaoyanbang.activity.DeleteReasonsActivity",
                    "com.diaoyanbang.activity.ProjectGroupActivity",
                    "com.diaoyanbang.activity.RegistrationTaskActivity",
                    "com.diaoyanbang.photopicker.PhotoPickerActivity",
                    "com.umeng.socialize.editorpage.ShareActivity",
                    "com.umeng.socialize.handler.TwitterWebActivity",
                    "cn.jpush.android.ui.PopWinActivity",
                    "cn.jpush.android.ui.PushActivity"
                ],
                "certificate": {
                    "Subject": {
                        "DN": "CN:viewfruit",
                        "CN": "viewfruit"
                    },
                    "validto": "2041-10-29 08:49:15",
                    "serialnumber": "563291d0",
                    "thumbprint": "f126938db80a7e45c1482340d1eacb3e74487521",
                    "validfrom": "2016-11-04 08:49:15",
                    "Issuer": {
                        "DN": "CN:viewfruit",
                        "CN": "viewfruit"
                    }
                },
                "AndroidApplication": 1,
                "RiskIndicator": {
                    "APK": {
                        "DEX": 1,
                        "SHARED LIBRARIES": 8
                    },
                    "PERM": {
                        "PRIVACY": 6,
                        "DANGEROUS": 4,
                        "NORMAL": 9,
                        "SIGNATUREORSYSTEM": 1,
                        "INTERNET": 1,
                        "SIGNATUREORSYSTEMORDEVELOPMENT": 1,
                        "GPS": 3
                    }
                },
                "Services": [
                    "com.baidu.location.f",
                    "cn.jpush.android.service.DownloadService",
                    "cn.jpush.android.service.PushService",
                    "cn.jpush.android.service.DaemonService"
                ],
                "AndroidVersionCode": "43",
                "main_activity": "com.diaoyanbang.activity.WelcomeOneActivity",
                "Package": "com.viewfruit.activity",
                "intent_filters": {
                    "Services": {
                        "cn.jpush.android.service.PushService": {
                            "action": [
                                "cn.jpush.android.intent.REGISTER",
                                "cn.jpush.android.intent.REPORT",
                                "cn.jpush.android.intent.PushService",
                                "cn.jpush.android.intent.PUSH_TIME"
                            ]
                        },
                        "cn.jpush.android.service.DaemonService": {
                            "action": [
                                "cn.jpush.android.intent.DaemonService"
                            ],
                            "category": [
                                "com.viewfruit.activity"
                            ]
                        },
                        "com.baidu.location.f": {
                            "action": [
                                "com.baidu.location.service_v2.2"
                            ]
                        }
                    },
                    "Activities": {
                        "com.diaoyanbang.activity.WelcomeOneActivity": {
                            "action": [
                                "android.intent.action.MAIN"
                            ],
                            "category": [
                                "android.intent.category.LAUNCHER"
                            ]
                        },
                        "cn.jpush.android.ui.PushActivity": {
                            "action": [
                                "cn.jpush.android.ui.PushActivity"
                            ],
                            "category": [
                                "android.intent.category.DEFAULT",
                                "com.viewfruit.activity"
                            ]
                        }
                    },
                    "Receivers": {
                        "cn.jpush.android.service.PushReceiver": {
                            "action": [
                                "cn.jpush.android.intent.NOTIFICATION_RECEIVED_PROXY",
                                "android.intent.action.USER_PRESENT",
                                "android.net.conn.CONNECTIVITY_CHANGE",
                                "android.intent.action.PACKAGE_ADDED",
                                "android.intent.action.PACKAGE_REMOVED"
                            ],
                            "category": [
                                "com.viewfruit.activity"
                            ]
                        },
                        "com.diaoyanbang.receive.JIGuangPushReceiver": {
                            "action": [
                                "cn.jpush.android.intent.REGISTRATION",
                                "cn.jpush.android.intent.MESSAGE_RECEIVED",
                                "cn.jpush.android.intent.NOTIFICATION_RECEIVED",
                                "cn.jpush.android.intent.NOTIFICATION_OPENED",
                                "cn.jpush.android.intent.ACTION_RICHPUSH_CALLBACK",
                                "cn.jpush.android.intent.CONNECTION"
                            ],
                            "category": [
                                "com.viewfruit.activity"
                            ]
                        },
                        "com.diaoyanbang.activity.BootReceiver": {
                            "action": [
                                "android.intent.action.BOOT_COMPLETED",
                                "android.intent.action.PACKAGE_ADDED",
                                "android.intent.action.PACKAGE_REMOVED",
                                "android.intent.action.PACKAGE_CHANGED",
                                "android.intent.action.PACKAGE_INSTALL",
                                "android.intent.action.PACKAGE_REPLACED",
                                "android.intent.action.PACKAGE_DATA_CLEARED",
                                "android.intent.action.PACKAGE_FIRST_LAUNCH",
                                "android.intent.action.PACKAGE_RESTARTED",
                                "android.intent.action.PACKAGE_VERIFIED"
                            ],
                            "category": [
                                "android.intent.category.LAUNCHER"
                            ]
                        }
                    }
                },
                "AndroidVersionName": "5.0.13",
                "TargetSdkVersion": "28",
                "AndroidApplicationInfo": "APK",
                "Providers": [
                    "androidx.core.content.FileProvider",
                    "me.jessyan.autosize.InitProvider"
                ],
                "permission_details": {
                    "android.permission.CHANGE_NETWORK_STATE": {
                        "short_description": "change network connectivity",
                        "full_description": "Allows an application to change the state of network connectivity.",
                        "permission_type": "normal"
                    },
                    "android.permission.DISABLE_KEYGUARD": {
                        "short_description": "disable key lock",
                        "full_description": "Allows an application to disable the key lock and any associated password security. A legitimate example of this is the phone disabling the key lock when receiving an incoming phone call, then re-enabling the key lock when the call is finished.",
                        "permission_type": "dangerous"
                    },
                    "android.permission.READ_LOGS": {
                        "short_description": "read sensitive log data",
                        "full_description": "Allows an application to read from the system's various log files. This allows it to discover general information about what you are doing with the phone, potentially including personal or private information.",
                        "permission_type": "signatureOrSystemOrDevelopment"
                    },
                    "android.permission.ACCESS_COARSE_LOCATION": {
                        "short_description": "coarse (network-based) location",
                        "full_description": "Access coarse location sources, such as the mobile network database, to determine an approximate phone location, where available. Malicious applications can use this to determine approximately where you are.",
                        "permission_type": "dangerous"
                    },
                    "android.permission.BLUETOOTH": {
                        "short_description": "create Bluetooth connections",
                        "full_description": "Allows an application to view configuration of the local Bluetooth phone and to make and accept connections with paired devices.",
                        "permission_type": "dangerous"
                    },
                    "android.permission.CAMERA": {
                        "short_description": "take pictures and videos",
                        "full_description": "Allows application to take pictures and videos with the camera. This allows the application to collect images that the camera is seeing at any time.",
                        "permission_type": "dangerous"
                    },
                    "android.permission.INTERNET": {
                        "short_description": "full Internet access",
                        "full_description": "Allows an application to create network sockets.",
                        "permission_type": "dangerous"
                    },
                    "android.permission.ACCESS_FINE_LOCATION": {
                        "short_description": "fine (GPS) location",
                        "full_description": "Access fine location sources, such as the Global Positioning System on the phone, where available. Malicious applications can use this to determine where you are and may consume additional battery power.",
                        "permission_type": "dangerous"
                    },
                    "android.permission.WAKE_LOCK": {
                        "short_description": "prevent phone from sleeping",
                        "full_description": "Allows an application to prevent the phone from going to sleep.",
                        "permission_type": "normal"
                    },
                    "android.permission.RECEIVE_USER_PRESENT": {
                        "short_description": "Unknown permission from android reference",
                        "full_description": "Unknown permission from android reference",
                        "permission_type": "normal"
                    },
                    "android.permission.ACCESS_NETWORK_STATE": {
                        "short_description": "view network status",
                        "full_description": "Allows an application to view the status of all networks.",
                        "permission_type": "normal"
                    },
                    "android.permission.WRITE_EXTERNAL_STORAGE": {
                        "short_description": "modify/delete SD card contents",
                        "full_description": "Allows an application to write to the SD card.",
                        "permission_type": "dangerous"
                    },
                    "android.permission.DOWNLOAD_WITHOUT_NOTIFICATION": {
                        "short_description": "Unknown permission from android reference",
                        "full_description": "Unknown permission from android reference",
                        "permission_type": "normal"
                    },
                    "android.permission.READ_EXTERNAL_STORAGE": {
                        "short_description": "read from external storage",
                        "full_description": "Allows an application to read from external storage",
                        "permission_type": "normal"
                    },
                    "android.permission.BROADCAST_STICKY": {
                        "short_description": "send sticky broadcast",
                        "full_description": "Allows an application to send sticky broadcasts, which remain after the broadcast ends. Malicious applications can make the phone slow or unstable by causing it to use too much memory.",
                        "permission_type": "normal"
                    },
                    "android.permission.WRITE_SETTINGS": {
                        "short_description": "modify global system settings",
                        "full_description": "Allows an application to modify the system's settings data. Malicious applications can corrupt your system's configuration.",
                        "permission_type": "normal"
                    },
                    "android.permission.FLASHLIGHT": {
                        "short_description": "control flashlight",
                        "full_description": "Allows the application to control the flashlight.",
                        "permission_type": "normal"
                    },
                    "android.permission.READ_PHONE_STATE": {
                        "short_description": "read phone state and identity",
                        "full_description": "Allows the application to access the phone features of the device. An application with this permission can determine the phone number and serial number of this phone, whether a call is active, the number that call is connected to and so on.",
                        "permission_type": "dangerous"
                    },
                    "com.viewfruit.activity.permission.JPUSH_MESSAGE": {
                        "short_description": "Unknown permission from android reference",
                        "full_description": "Unknown permission from android reference",
                        "permission_type": "normal"
                    },
                    "android.permission.VIBRATE": {
                        "short_description": "control vibrator",
                        "full_description": "Allows the application to control the vibrator.",
                        "permission_type": "normal"
                    },
                    "android.permission.ACCESS_LOCATION_EXTRA_COMMANDS": {
                        "short_description": "access extra location provider commands",
                        "full_description": "Access extra location provider commands. Malicious applications could use this to interfere with the operation of the GPS or other location sources.",
                        "permission_type": "normal"
                    },
                    "android.permission.ACCESS_WIFI_STATE": {
                        "short_description": "view Wi-Fi status",
                        "full_description": "Allows an application to view the information about the status of Wi-Fi.",
                        "permission_type": "normal"
                    },
                    "android.permission.REQUEST_INSTALL_PACKAGES": {
                        "short_description": "Unknown permission from android reference",
                        "full_description": "Unknown permission from android reference",
                        "permission_type": "normal"
                    },
                    "android.permission.ACCESS_DOWNLOAD_MANAGER": {
                        "short_description": "Unknown permission from android reference",
                        "full_description": "Unknown permission from android reference",
                        "permission_type": "normal"
                    },
                    "android.permission.CHANGE_WIFI_STATE": {
                        "short_description": "change Wi-Fi status",
                        "full_description": "Allows an application to connect to and disconnect from Wi-Fi access points and to make changes to configured Wi-Fi networks.",
                        "permission_type": "dangerous"
                    },
                    "android.permission.RECORD_AUDIO": {
                        "short_description": "record audio",
                        "full_description": "Allows application to access the audio record path.",
                        "permission_type": "dangerous"
                    },
                    "android.permission.MOUNT_UNMOUNT_FILESYSTEMS": {
                        "short_description": "mount and unmount file systems",
                        "full_description": "Allows the application to mount and unmount file systems for removable storage.",
                        "permission_type": "signatureOrSystem"
                    },
                    "android.permission.GET_ACCOUNTS": {
                        "short_description": "discover known accounts",
                        "full_description": "Allows an application to access the list of accounts known by the phone.",
                        "permission_type": "normal"
                    },
                    "com.diaoyanbang.activity.permission.JPUSH_MESSAGE": {
                        "short_description": "Unknown permission from android reference",
                        "full_description": "Unknown permission from android reference",
                        "permission_type": "normal"
                    }
                },
                "Receivers": [
                    "com.diaoyanbang.activity.BootReceiver",
                    "com.diaoyanbang.receive.JIGuangPushReceiver",
                    "cn.jpush.android.service.PushReceiver",
                    "cn.jpush.android.service.AlarmReceiver"
                ]
            },
            "magic": "Zip archive data, at least v1.0 to extract",
            "last_analysis_stats": {
                "harmless": 0,
                "type-unsupported": 11,
                "suspicious": 0,
                "confirmed-timeout": 0,
                "timeout": 0,
                "failure": 0,
                "malicious": 12,
                "undetected": 50
            },
            "meaningful_name": "0001EF3DC57C9905FE7EAD593F2C3C092AAE46FA924116EAA704BE896106371D.apk",
            "reputation": 0
        },
        "type": "file",
        "id": "0001ef3dc57c9905fe7ead593f2c3c092aae46fa924116eaa704be896106371d",
        "links": {
            "self": "https://www.virustotal.com/api/v3/files/0001ef3dc57c9905fe7ead593f2c3c092aae46fa924116eaa704be896106371d"
        }
    }
}