{
    "data": {
        "attributes": {
            "type_description": "Android",
            "tlsh": "T1139733A3E3A8E447DB52E27D8AB5430798E10D50C265E7BF2759F0BC9EFBA8450079C1",
            "vhash": "d11ce40789e0aa916c367e61d4ed9f73",
            "trid": [
                {
                    "file_type": "Android Package",
                    "probability": 40.9
                },
                {
                    "file_type": "SPSS Extension",
                    "probability": 31.9
                },
                {
                    "file_type": "Java Archive",
                    "probability": 14.3
                },
                {
                    "file_type": "Mozilla Archive Format (gen)",
                    "probability": 7.4
                },
                {
                    "file_type": "ZIP compressed archive",
                    "probability": 4.2
                }
            ],
            "names": [
                "0001D0EB4CA90A969E66626A1649D28342301244E46782FA8123E29C80ACB569.apk"
            ],
            "last_modification_date": 1639766994,
            "type_tag": "android",
            "times_submitted": 2,
            "total_votes": {
                "harmless": 0,
                "malicious": 0
            },
            "size": 41379816,
            "type_extension": "apk",
            "last_submission_date": 1639759055,
            "last_analysis_results": {
                "Bkav": {
                    "category": "undetected",
                    "engine_name": "Bkav",
                    "engine_version": "1.3.0.9899",
                    "result": null,
                    "method": "blacklist",
                    "engine_update": "20211217"
                },
                "Lionic": {
                    "category": "undetected",
                    "engine_name": "Lionic",
                    "engine_version": "4.2",
                    "result": null,
                    "method": "blacklist",
                    "engine_update": "20211217"
                },
                "Elastic": {
                    "category": "undetected",
                    "engine_name": "Elastic",
                    "engine_version": "4.0.31",
                    "result": null,
                    "method": "blacklist",
                    "engine_update": "20211118"
                },
                "MicroWorld-eScan": {
                    "category": "undetected",
                    "engine_name": "MicroWorld-eScan",
                    "engine_version": "14.0.409.0",
                    "result": null,
                    "method": "blacklist",
                    "engine_update": "20211217"
                },
                "FireEye": {
                    "category": "undetected",
                    "engine_name": "FireEye",
                    "engine_version": "32.44.1.0",
                    "result": null,
                    "method": "blacklist",
                    "engine_update": "20211217"
                },
                "CAT-QuickHeal": {
                    "category": "undetected",
                    "engine_name": "CAT-QuickHeal",
                    "engine_version": "14.00",
                    "result": null,
                    "method": "blacklist",
                    "engine_update": "20211217"
                },
                "McAfee": {
                    "category": "undetected",
                    "engine_name": "McAfee",
                    "engine_version": "6.0.6.653",
                    "result": null,
                    "method": "blacklist",
                    "engine_update": "20211217"
                },
                "Malwarebytes": {
                    "category": "undetected",
                    "engine_name": "Malwarebytes",
                    "engine_version": "4.2.2.27",
                    "result": null,
                    "method": "blacklist",
                    "engine_update": "20211217"
                },
                "Zillya": {
                    "category": "undetected",
                    "engine_name": "Zillya",
                    "engine_version": "2.0.0.4526",
                    "result": null,
                    "method": "blacklist",
                    "engine_update": "20211217"
                },
                "Paloalto": {
                    "category": "type-unsupported",
                    "engine_name": "Paloalto",
                    "engine_version": "1.0",
                    "result": null,
                    "method": "blacklist",
                    "engine_update": "20211217"
                },
                "Sangfor": {
                    "category": "undetected",
                    "engine_name": "Sangfor",
                    "engine_version": "2.9.0.0",
                    "result": null,
                    "method": "blacklist",
                    "engine_update": "20211210"
                },
                "Trustlook": {
                    "category": "undetected",
                    "engine_name": "Trustlook",
                    "engine_version": "1.0",
                    "result": null,
                    "method": "blacklist",
                    "engine_update": "20211217"
                },
                "Alibaba": {
                    "category": "undetected",
                    "engine_name": "Alibaba",
                    "engine_version": "0.3.0.5",
                    "result": null,
                    "method": "blacklist",
                    "engine_update": "20190527"
                },
                "K7GW": {
                    "category": "undetected",
                    "engine_name": "K7GW",
                    "engine_version": "11.235.39865",
                    "result": null,
                    "method": "blacklist",
                    "engine_update": "20211217"
                },
                "K7AntiVirus": {
                    "category": "undetected",
                    "engine_name": "K7AntiVirus",
                    "engine_version": "11.235.39864",
                    "result": null,
                    "method": "blacklist",
                    "engine_update": "20211217"
                },
                "Arcabit": {
                    "category": "undetected",
                    "engine_name": "Arcabit",
                    "engine_version": "1.0.0.888",
                    "result": null,
                    "method": "blacklist",
                    "engine_update": "20211217"
                },
                "BitDefenderTheta": {
                    "category": "undetected",
                    "engine_name": "BitDefenderTheta",
                    "engine_version": "7.2.37796.0",
                    "result": null,
                    "method": "blacklist",
                    "engine_update": "20211209"
                },
                "VirIT": {
                    "category": "undetected",
                    "engine_name": "VirIT",
                    "engine_version": "9.5.93",
                    "result": null,
                    "method": "blacklist",
                    "engine_update": "20211217"
                },
                "Cyren": {
                    "category": "malicious",
                    "engine_name": "Cyren",
                    "engine_version": "6.5.1.2",
                    "result": "AndroidOS/Trojan.OUOW-0",
                    "method": "blacklist",
                    "engine_update": "20211217"
                },
                "SymantecMobileInsight": {
                    "category": "undetected",
                    "engine_name": "SymantecMobileInsight",
                    "engine_version": "2.0",
                    "result": null,
                    "method": "blacklist",
                    "engine_update": "20211119"
                },
                "Symantec": {
                    "category": "undetected",
                    "engine_name": "Symantec",
                    "engine_version": "1.16.0.0",
                    "result": null,
                    "method": "blacklist",
                    "engine_update": "20211217"
                },
                "ESET-NOD32": {
                    "category": "undetected",
                    "engine_name": "ESET-NOD32",
                    "engine_version": "24471",
                    "result": null,
                    "method": "blacklist",
                    "engine_update": "20211217"
                },
                "Baidu": {
                    "category": "undetected",
                    "engine_name": "Baidu",
                    "engine_version": "1.0.0.2",
                    "result": null,
                    "method": "blacklist",
                    "engine_update": "20190318"
                },
                "TrendMicro-HouseCall": {
                    "category": "undetected",
                    "engine_name": "TrendMicro-HouseCall",
                    "engine_version": "10.0.0.1040",
                    "result": null,
                    "method": "blacklist",
                    "engine_update": "20211217"
                },
                "Avast": {
                    "category": "undetected",
                    "engine_name": "Avast",
                    "engine_version": "21.1.5827.0",
                    "result": null,
                    "method": "blacklist",
                    "engine_update": "20211217"
                },
                "ClamAV": {
                    "category": "undetected",
                    "engine_name": "ClamAV",
                    "engine_version": "0.104.1.0",
                    "result": null,
                    "method": "blacklist",
                    "engine_update": "20211217"
                },
                "Kaspersky": {
                    "category": "undetected",
                    "engine_name": "Kaspersky",
                    "engine_version": "21.0.1.45",
                    "result": null,
                    "method": "blacklist",
                    "engine_update": "20211217"
                },
                "BitDefender": {
                    "category": "undetected",
                    "engine_name": "BitDefender",
                    "engine_version": "7.2",
                    "result": null,
                    "method": "blacklist",
                    "engine_update": "20211217"
                },
                "NANO-Antivirus": {
                    "category": "undetected",
                    "engine_name": "NANO-Antivirus",
                    "engine_version": "1.0.146.25520",
                    "result": null,
                    "method": "blacklist",
                    "engine_update": "20211217"
                },
                "Cynet": {
                    "category": "type-unsupported",
                    "engine_name": "Cynet",
                    "engine_version": "4.0.0.27",
                    "result": null,
                    "method": "blacklist",
                    "engine_update": "20211217"
                },
                "SUPERAntiSpyware": {
                    "category": "undetected",
                    "engine_name": "SUPERAntiSpyware",
                    "engine_version": "5.6.0.1032",
                    "result": null,
                    "method": "blacklist",
                    "engine_update": "20211211"
                },
                "Rising": {
                    "category": "undetected",
                    "engine_name": "Rising",
                    "engine_version": "25.0.0.27",
                    "result": null,
                    "method": "blacklist",
                    "engine_update": "20211217"
                },
                "Ad-Aware": {
                    "category": "undetected",
                    "engine_name": "Ad-Aware",
                    "engine_version": "3.0.21.193",
                    "result": null,
                    "method": "blacklist",
                    "engine_update": "20211217"
                },
                "Emsisoft": {
                    "category": "undetected",
                    "engine_name": "Emsisoft",
                    "engine_version": "2021.5.0.7597",
                    "result": null,
                    "method": "blacklist",
                    "engine_update": "20211217"
                },
                "Comodo": {
                    "category": "undetected",
                    "engine_name": "Comodo",
                    "engine_version": "34044",
                    "result": null,
                    "method": "blacklist",
                    "engine_update": "20211102"
                },
                "F-Secure": {
                    "category": "undetected",
                    "engine_name": "F-Secure",
                    "engine_version": "12.0.86.52",
                    "result": null,
                    "method": "blacklist",
                    "engine_update": "20211217"
                },
                "DrWeb": {
                    "category": "undetected",
                    "engine_name": "DrWeb",
                    "engine_version": "7.0.52.8270",
                    "result": null,
                    "method": "blacklist",
                    "engine_update": "20211217"
                },
                "VIPRE": {
                    "category": "undetected",
                    "engine_name": "VIPRE",
                    "engine_version": "97716",
                    "result": null,
                    "method": "blacklist",
                    "engine_update": "20211217"
                },
                "TrendMicro": {
                    "category": "undetected",
                    "engine_name": "TrendMicro",
                    "engine_version": "11.0.0.1006",
                    "result": null,
                    "method": "blacklist",
                    "engine_update": "20211217"
                },
                "McAfee-GW-Edition": {
                    "category": "undetected",
                    "engine_name": "McAfee-GW-Edition",
                    "engine_version": "v2019.1.2+3728",
                    "result": null,
                    "method": "blacklist",
                    "engine_update": "20211217"
                },
                "SentinelOne": {
                    "category": "type-unsupported",
                    "engine_name": "SentinelOne",
                    "engine_version": "7.0.0.7",
                    "result": null,
                    "method": "blacklist",
                    "engine_update": "20211129"
                },
                "CMC": {
                    "category": "undetected",
                    "engine_name": "CMC",
                    "engine_version": "2.10.2019.1",
                    "result": null,
                    "method": "blacklist",
                    "engine_update": "20211026"
                },
                "Sophos": {
                    "category": "undetected",
                    "engine_name": "Sophos",
                    "engine_version": "1.4.1.0",
                    "result": null,
                    "method": "blacklist",
                    "engine_update": "20211217"
                },
                "APEX": {
                    "category": "type-unsupported",
                    "engine_name": "APEX",
                    "engine_version": "6.239",
                    "result": null,
                    "method": "blacklist",
                    "engine_update": "20211216"
                },
                "Avast-Mobile": {
                    "category": "undetected",
                    "engine_name": "Avast-Mobile",
                    "engine_version": "211217-02",
                    "result": null,
                    "method": "blacklist",
                    "engine_update": "20211217"
                },
                "Jiangmin": {
                    "category": "undetected",
                    "engine_name": "Jiangmin",
                    "engine_version": "16.0.100",
                    "result": null,
                    "method": "blacklist",
                    "engine_update": "20211216"
                },
                "Webroot": {
                    "category": "type-unsupported",
                    "engine_name": "Webroot",
                    "engine_version": "1.0.0.403",
                    "result": null,
                    "method": "blacklist",
                    "engine_update": "20211217"
                },
                "Avira": {
                    "category": "undetected",
                    "engine_name": "Avira",
                    "engine_version": "8.3.3.12",
                    "result": null,
                    "method": "blacklist",
                    "engine_update": "20211217"
                },
                "eGambit": {
                    "category": "type-unsupported",
                    "engine_name": "eGambit",
                    "engine_version": null,
                    "result": null,
                    "method": "blacklist",
                    "engine_update": "20211217"
                },
                "Antiy-AVL": {
                    "category": "undetected",
                    "engine_name": "Antiy-AVL",
                    "engine_version": "3.0.0.1",
                    "result": null,
                    "method": "blacklist",
                    "engine_update": "20211217"
                },
                "Kingsoft": {
                    "category": "undetected",
                    "engine_name": "Kingsoft",
                    "engine_version": "2017.9.26.565",
                    "result": null,
                    "method": "blacklist",
                    "engine_update": "20211217"
                },
                "Gridinsoft": {
                    "category": "undetected",
                    "engine_name": "Gridinsoft",
                    "engine_version": "1.0.66.165",
                    "result": null,
                    "method": "blacklist",
                    "engine_update": "20211217"
                },
                "Microsoft": {
                    "category": "undetected",
                    "engine_name": "Microsoft",
                    "engine_version": "1.1.18800.4",
                    "result": null,
                    "method": "blacklist",
                    "engine_update": "20211217"
                },
                "ViRobot": {
                    "category": "undetected",
                    "engine_name": "ViRobot",
                    "engine_version": "2014.3.20.0",
                    "result": null,
                    "method": "blacklist",
                    "engine_update": "20211217"
                },
                "GData": {
                    "category": "undetected",
                    "engine_name": "GData",
                    "engine_version": "A:25.31672B:27.25534",
                    "result": null,
                    "method": "blacklist",
                    "engine_update": "20211217"
                },
                "TACHYON": {
                    "category": "undetected",
                    "engine_name": "TACHYON",
                    "engine_version": "2021-12-14.02",
                    "result": null,
                    "method": "blacklist",
                    "engine_update": "20211214"
                },
                "BitDefenderFalx": {
                    "category": "timeout",
                    "engine_name": "BitDefenderFalx",
                    "engine_version": "2.0.936",
                    "result": null,
                    "method": "blacklist",
                    "engine_update": "20210610"
                },
                "AhnLab-V3": {
                    "category": "undetected",
                    "engine_name": "AhnLab-V3",
                    "engine_version": "3.21.2.10258",
                    "result": null,
                    "method": "blacklist",
                    "engine_update": "20211217"
                },
                "Acronis": {
                    "category": "type-unsupported",
                    "engine_name": "Acronis",
                    "engine_version": "1.1.1.82",
                    "result": null,
                    "method": "blacklist",
                    "engine_update": "20210512"
                },
                "VBA32": {
                    "category": "undetected",
                    "engine_name": "VBA32",
                    "engine_version": "5.0.0",
                    "result": null,
                    "method": "blacklist",
                    "engine_update": "20211217"
                },
                "ALYac": {
                    "category": "undetected",
                    "engine_name": "ALYac",
                    "engine_version": "1.1.3.1",
                    "result": null,
                    "method": "blacklist",
                    "engine_update": "20211217"
                },
                "MAX": {
                    "category": "undetected",
                    "engine_name": "MAX",
                    "engine_version": "2019.9.16.1",
                    "result": null,
                    "method": "blacklist",
                    "engine_update": "20211217"
                },
                "Cylance": {
                    "category": "type-unsupported",
                    "engine_name": "Cylance",
                    "engine_version": "2.3.1.101",
                    "result": null,
                    "method": "blacklist",
                    "engine_update": "20211217"
                },
                "Zoner": {
                    "category": "undetected",
                    "engine_name": "Zoner",
                    "engine_version": "2.2.2.0",
                    "result": null,
                    "method": "blacklist",
                    "engine_update": "20211216"
                },
                "Tencent": {
                    "category": "undetected",
                    "engine_name": "Tencent",
                    "engine_version": "1.0.0.1",
                    "result": null,
                    "method": "blacklist",
                    "engine_update": "20211217"
                },
                "Yandex": {
                    "category": "undetected",
                    "engine_name": "Yandex",
                    "engine_version": "5.5.2.24",
                    "result": null,
                    "method": "blacklist",
                    "engine_update": "20211217"
                },
                "Ikarus": {
                    "category": "malicious",
                    "engine_name": "Ikarus",
                    "engine_version": "0.1.5.2",
                    "result": "AdWare.AndroidOS.TencentProtect",
                    "method": "blacklist",
                    "engine_update": "20211217"
                },
                "MaxSecure": {
                    "category": "malicious",
                    "engine_name": "MaxSecure",
                    "engine_version": "1.0.0.1",
                    "result": "Android.smsthief.fh",
                    "method": "blacklist",
                    "engine_update": "20211216"
                },
                "Fortinet": {
                    "category": "malicious",
                    "engine_name": "Fortinet",
                    "engine_version": "6.2.142.0",
                    "result": "Riskware/PackedTencent!Android",
                    "method": "blacklist",
                    "engine_update": "20211217"
                },
                "Cybereason": {
                    "category": "type-unsupported",
                    "engine_name": "Cybereason",
                    "engine_version": "1.2.449",
                    "result": null,
                    "method": "blacklist",
                    "engine_update": "20210330"
                },
                "Panda": {
                    "category": "undetected",
                    "engine_name": "Panda",
                    "engine_version": "4.6.4.2",
                    "result": null,
                    "method": "blacklist",
                    "engine_update": "20211217"
                },
                "CrowdStrike": {
                    "category": "type-unsupported",
                    "engine_name": "CrowdStrike",
                    "engine_version": "1.0",
                    "result": null,
                    "method": "blacklist",
                    "engine_update": "20210203"
                }
            },
            "sha256": "0001d0eb4ca90a969e66626a1649d28342301244e46782fa8123e29c80acb569",
            "tags": [
                "apk",
                "android",
                "contains-elf"
            ],
            "last_analysis_date": 1639759055,
            "unique_sources": 2,
            "first_submission_date": 1620643360,
            "sha1": "178fec874e45f2dbac0ff73b358058f37ac0e3d7",
            "ssdeep": "786432:JksjMyJBvJ4kTz24PZn6qaNXWuBaUrKEUgXd7YeHQjbUkGhVDjNqsX8w:OsjMyJBuW24PZ6qa3azUdUwQ/Ux/0s8w",
            "bundle_info": {
                "highest_datetime": "2019-01-31 15:29:24",
                "lowest_datetime": "2019-01-31 15:29:24",
                "num_children": 2027,
                "extensions": {
                    "xml": 95,
                    "dex": 3,
                    "gz": 1,
                    "jpg": 31,
                    "dat": 1,
                    "so": 23,
                    "txt": 6,
                    "png": 750
                },
                "file_types": {
                    "XML": 95,
                    "DEX": 2,
                    "ZIP": 1,
                    "unknown": 98,
                    "ELF": 23,
                    "JPG": 25,
                    "PNG": 756
                },
                "type": "APK",
                "uncompressed_size": 69666822
            },
            "md5": "26b12ea60597b3850bce805f87211f6a",
            "androguard": {
                "VTAndroidInfo": 2.0,
                "Libraries": [
                    "org.apache.http.legacy"
                ],
                "AndroidApplicationError": false,
                "MinSdkVersion": "18",
                "AndroguardVersion": "3.4.0a1",
                "Activities": [
                    "com.dive.splash.SplashActivity",
                    "com.dive.login.LoginAndMoreActivity",
                    "com.dive.main.MainActivity",
                    "com.dive.me.myProfile.language.LanguageActivity",
                    "com.dive.me.myProfile.EditProfileActivty",
                    "com.dive.profile.other.OtherProfileActivity",
                    "com.dive.profile.follow.FollowActivity",
                    "com.dive.me.myProfile.mobile.MobileActivty",
                    "com.dive.me.myProfile.nickName.NicknameActivty",
                    "com.dive.me.myProfile.gender.GenderActivity",
                    "com.dive.me.myProfile.birthday.BirthdayActivty",
                    "com.dive.me.myProfile.country.CountryActivity",
                    "com.dive.me.myProfile.certificate.CertificateActivity",
                    "com.dive.me.myProfile.verify.VerifyActivity",
                    "com.dive.me.myProfile.verify.addVerifyCertificate.AddVerifyCertificateActivity",
                    "com.dive.me.myProfile.personalDiveRecords.PersonalDiveRecordsActivty",
                    "com.dive.community.comment.CommentActivity",
                    "com.dive.community.detail.DiveLogDetailActivity",
                    "com.dive.photoviewer.PhotoViewerActivity",
                    "com.dive.photoviewer.waterMask.SetWaterMaskActivity",
                    "com.dive.photoviewer.postConverted.ChooseConvertedToPostActivity",
                    "com.dive.community.editDiveLog.DiveLogEditActivity",
                    "com.dive.diving.DivingActivty",
                    "com.dive.diving.scanCode.ScanCodeActivty",
                    "com.dive.gallery.folder.GalleryFolderActivity",
                    "com.dive.gallery.photo.GalleryPhotoActivity",
                    "com.dive.me.feedback.FeedbackActivty",
                    "com.dive.me.notification.NotificationActivty",
                    "com.dive.engine.handleIntent.HandleIntentActivity",
                    "com.dive.community.postMoment.PostMomentActivity",
                    "com.lifeplus.diveplus.WXEntryActivity",
                    "com.dive.invite.input.InputInviteCodeActivity",
                    "com.dive.invite.verifyResult.success.VerifyInviteCodeSuccessActivity",
                    "com.dive.invite.verifyResult.fail.VerifyInviteCodeFailActivity",
                    "com.dive.invite.create.CreateInviteCodeActivity",
                    "com.dive.invite.details.InviteDetailsActivity",
                    "com.dive.setting.SettingActivty",
                    "com.dive.video.videoCorrection.VideoCorrectionActivity",
                    "com.dive.video.videoEdit.VideoEditActivity",
                    "com.dive.web.WebViewActivity",
                    "com.dive.community.list.CommunityListActivity",
                    "com.dive.community.list.SingleCommunityActivity",
                    "com.dive.functionChoose.FunctionChooseActivity",
                    "com.dive.gallery.photo.ChoosePhotoMethodActivity",
                    "com.dive.camera.take.TakePhotoActivity",
                    "com.dive.me.myProfile.verify.addVerifyCertificate.ChooseLevelActivity",
                    "com.dive.community.PostMoreActivity",
                    "com.dive.community.PostSharePlatformActivity",
                    "com.dive.search.SearchActivity",
                    "com.dive.search.searchOthers.SearchOthersActivity",
                    "com.dive.tag.oneTag.OneTagListActivity",
                    "com.dive.setting.unit.UnitActivity",
                    "com.dive.iap.vip.VipActivity",
                    "com.dive.iap.vipIntroduce.VipIntroduceActivity",
                    "com.dive.billingclient.api.ProxyBillingActivity",
                    "com.lifeplus.diveplus.wxapi.WXPayEntryActivity",
                    "com.dive.im.message.center.MessageCenterActivity",
                    "com.dive.im.message.p2p.P2PMessageActivity",
                    "com.dive.video.play.PlayVideoActivity",
                    "com.dive.tag.all.AllTagActivity",
                    "com.dive.test.account.TestAccountActivity",
                    "com.android.billingclient.api.ProxyBillingActivity",
                    "com.facebook.FacebookActivity",
                    "com.facebook.CustomTabMainActivity",
                    "com.jmolsmobile.landscapevideocapture.VideoCaptureActivity",
                    "com.uuzuche.lib_zxing.activity.CaptureActivity",
                    "com.yanzhenjie.permission.PermissionActivity",
                    "com.alipay.sdk.app.H5PayActivity",
                    "com.alipay.sdk.app.H5AuthActivity",
                    "com.alipay.sdk.app.PayResultActivity",
                    "com.google.android.gms.common.api.GoogleApiActivity",
                    "com.huawei.hms.activity.BridgeActivity"
                ],
                "certificate": {
                    "Subject": {
                        "DN": "CN:dive",
                        "CN": "dive"
                    },
                    "validto": "2042-10-12 02:14:40",
                    "serialnumber": "7082cbeb",
                    "thumbprint": "a4c109720fab979e316f738f48b75a27ecac4615",
                    "validfrom": "2017-10-18 02:14:40",
                    "Issuer": {
                        "DN": "CN:dive",
                        "CN": "dive"
                    }
                },
                "AndroidApplication": 1,
                "RiskIndicator": {
                    "APK": {
                        "DEX": 2,
                        "ZIP": 1,
                        "SHARED LIBRARIES": 23
                    },
                    "PERM": {
                        "DEVELOPMENT": 2,
                        "PRIVACY": 5,
                        "PRE23": 1,
                        "APPOP": 1,
                        "NORMAL": 9,
                        "EPHEMERAL": 3,
                        "SYSTEM": 2,
                        "PREINSTALLED": 1,
                        "DANGEROUS": 2,
                        "SIGNATURE": 4,
                        "INTERNET": 1,
                        "PRIVILEGED": 1,
                        "GPS": 2
                    }
                },
                "Services": [
                    "com.dive.photoviewer.imageCorrection.ImageCorrectionService",
                    "com.avos.avoscloud.PushService",
                    "com.dive.notification.CustomFirebaseMessagingService",
                    "com.avos.avoscloud.AVFirebaseInstanceIDService",
                    "com.netease.nimlib.service.NimService",
                    "com.netease.nimlib.service.NimService$Aux",
                    "com.netease.nimlib.job.NIMJobService",
                    "com.netease.nimlib.service.ResponseService",
                    "com.xiaomi.push.service.XMPushService",
                    "com.xiaomi.push.service.XMJobService",
                    "com.xiaomi.mipush.sdk.PushMessageHandler",
                    "com.xiaomi.mipush.sdk.MessageHandleService",
                    "com.google.firebase.messaging.FirebaseMessagingService",
                    "com.google.firebase.components.ComponentDiscoveryService",
                    "com.google.android.gms.measurement.AppMeasurementService",
                    "com.google.android.gms.measurement.AppMeasurementJobService",
                    "com.google.firebase.iid.FirebaseInstanceIdService",
                    "com.firebase.jobdispatcher.GooglePlayReceiver"
                ],
                "AndroidVersionCode": "40",
                "main_activity": "com.dive.splash.SplashActivity",
                "Package": "com.lifeplus.diveplus",
                "intent_filters": {
                    "Services": {
                        "com.google.firebase.messaging.FirebaseMessagingService": {
                            "action": [
                                "com.google.firebase.MESSAGING_EVENT"
                            ]
                        },
                        "com.firebase.jobdispatcher.GooglePlayReceiver": {
                            "action": [
                                "com.google.android.gms.gcm.ACTION_TASK_READY"
                            ]
                        },
                        "com.dive.notification.CustomFirebaseMessagingService": {
                            "action": [
                                "com.google.firebase.MESSAGING_EVENT"
                            ]
                        },
                        "com.google.firebase.iid.FirebaseInstanceIdService": {
                            "action": [
                                "com.google.firebase.INSTANCE_ID_EVENT"
                            ]
                        },
                        "com.avos.avoscloud.AVFirebaseInstanceIDService": {
                            "action": [
                                "com.google.firebase.INSTANCE_ID_EVENT"
                            ]
                        }
                    },
                    "Activities": {
                        "com.alipay.sdk.app.PayResultActivity": {
                            "category": [
                                "android.intent.category.DEFAULT"
                            ]
                        },
                        "com.dive.splash.SplashActivity": {
                            "action": [
                                "android.intent.action.MAIN"
                            ],
                            "category": [
                                "android.intent.category.LAUNCHER",
                                "android.intent.category.MULTIWINDOW_LAUNCHER"
                            ]
                        }
                    },
                    "Receivers": {
                        "com.huawei.hms.support.api.push.PushEventReceiver": {
                            "action": [
                                "com.huawei.intent.action.PUSH"
                            ]
                        },
                        "com.xiaomi.push.service.receivers.PingReceiver": {
                            "action": [
                                "com.xiaomi.push.PING_TIMER"
                            ]
                        },
                        "com.netease.nimlib.service.NimReceiver": {
                            "action": [
                                "android.intent.action.BOOT_COMPLETED",
                                "android.net.conn.CONNECTIVITY_CHANGE"
                            ]
                        },
                        "com.google.firebase.iid.FirebaseInstanceIdReceiver": {
                            "action": [
                                "com.google.android.c2dm.intent.RECEIVE"
                            ],
                            "category": [
                                "com.lifeplus.diveplus"
                            ]
                        },
                        "com.netease.nimlib.mixpush.mi.MiPushReceiver": {
                            "action": [
                                "com.xiaomi.mipush.RECEIVE_MESSAGE",
                                "com.xiaomi.mipush.MESSAGE_ARRIVED",
                                "com.xiaomi.mipush.ERROR"
                            ]
                        },
                        "com.dive.leanCloud.PushRecevier": {
                            "action": [
                                "android.intent.action.BOOT_COMPLETED",
                                "android.intent.action.USER_PRESENT",
                                "android.net.conn.CONNECTIVITY_CHANGE",
                                "com.dive.leanCloud.ZLL.PushRecevier"
                            ]
                        },
                        "com.google.android.gms.measurement.AppMeasurementInstallReferrerReceiver": {
                            "action": [
                                "com.android.vending.INSTALL_REFERRER"
                            ]
                        },
                        "com.xiaomi.push.service.receivers.NetworkStatusReceiver": {
                            "action": [
                                "android.net.conn.CONNECTIVITY_CHANGE"
                            ],
                            "category": [
                                "android.intent.category.DEFAULT"
                            ]
                        },
                        "com.netease.nimlib.mixpush.hw.HWPushReceiver": {
                            "action": [
                                "com.huawei.android.push.intent.REGISTRATION",
                                "com.huawei.android.push.intent.RECEIVE",
                                "com.huawei.android.push.intent.CLICK",
                                "com.huawei.intent.action.PUSH_STATE"
                            ]
                        },
                        "com.avos.avoscloud.AVBroadcastReceiver": {
                            "action": [
                                "android.intent.action.BOOT_COMPLETED",
                                "android.intent.action.USER_PRESENT",
                                "android.net.conn.CONNECTIVITY_CHANGE"
                            ]
                        }
                    }
                },
                "AndroidVersionName": "2.4.2",
                "TargetSdkVersion": "26",
                "AndroidApplicationInfo": "APK",
                "Providers": [
                    "com.facebook.FacebookContentProvider",
                    "com.tencent.mid.api.MidProvider",
                    "com.netease.nimlib.ipc.NIMContentProvider",
                    "com.huawei.hms.update.provider.UpdateProvider",
                    "com.facebook.internal.FacebookInitProvider",
                    "com.google.firebase.provider.FirebaseInitProvider"
                ],
                "permission_details": {
                    "com.huawei.android.launcher.permission.WRITE_SETTINGS": {
                        "short_description": "Unknown permission from android reference",
                        "full_description": "Unknown permission from android reference",
                        "permission_type": "normal"
                    },
                    "android.permission.READ_APP_BADGE": {
                        "short_description": "Unknown permission from android reference",
                        "full_description": "Unknown permission from android reference",
                        "permission_type": "normal"
                    },
                    "android.permission.READ_LOGS": {
                        "short_description": "read sensitive log data",
                        "full_description": "Allows the app to read from the\n        system's various log files.  This allows it to discover general\n        information about what you are doing with the phone, potentially\n        including personal or private information.",
                        "permission_type": "signature|system|development"
                    },
                    "android.permission.ACCESS_COARSE_LOCATION": {
                        "short_description": "access approximate location\n      (network-based)",
                        "full_description": "This app can get your location based on network sources such as cell towers and Wi-Fi networks. These location services must be turned on and available on your phone for the app to be able to use them.",
                        "permission_type": "dangerous|ephemeral"
                    },
                    "com.huawei.android.launcher.permission.CHANGE_BADGE": {
                        "short_description": "Unknown permission from android reference",
                        "full_description": "Unknown permission from android reference",
                        "permission_type": "normal"
                    },
                    "android.permission.BLUETOOTH": {
                        "short_description": "pair with Bluetooth devices",
                        "full_description": "Allows the app to view the\n      configuration of the Bluetooth on the phone, and to make and accept\n      connections with paired devices.",
                        "permission_type": "normal"
                    },
                    "android.permission.ACCESS_WIFI_STATE": {
                        "short_description": "view Wi-Fi connections",
                        "full_description": "Allows the app to view information\n      about Wi-Fi networking, such as whether Wi-Fi is enabled and name of\n      connected Wi-Fi devices.",
                        "permission_type": "normal"
                    },
                    "android.permission.INTERNET": {
                        "short_description": "have full network access",
                        "full_description": "Allows the app to create\n     network sockets and use custom network protocols. The browser and other\n     applications provide means to send data to the internet, so this\n     permission is not required to send data to the internet.",
                        "permission_type": "normal|ephemeral"
                    },
                    "android.permission.CHANGE_CONFIGURATION": {
                        "short_description": "change system display settings",
                        "full_description": "Allows the app to\n        change the current configuration, such as the locale or overall font\n        size.",
                        "permission_type": "signature|system|development"
                    },
                    "com.oppo.launcher.permission.READ_SETTINGS": {
                        "short_description": "Unknown permission from android reference",
                        "full_description": "Unknown permission from android reference",
                        "permission_type": "normal"
                    },
                    "com.android.vending.BILLING": {
                        "short_description": "Unknown permission from android reference",
                        "full_description": "Unknown permission from android reference",
                        "permission_type": "normal"
                    },
                    "android.permission.BLUETOOTH_ADMIN": {
                        "short_description": "access Bluetooth settings",
                        "full_description": "Allows the app to configure\n      the local Bluetooth phone, and to discover and pair with remote devices.",
                        "permission_type": "normal"
                    },
                    "android.permission.ACCESS_FINE_LOCATION": {
                        "short_description": "access precise location (GPS and\n      network-based)",
                        "full_description": "This app can get your location based on GPS or network location sources such as cell towers and Wi-Fi networks. These location services must be turned on and available on your phone for the app to be able to use them. This may increase battery consumption.",
                        "permission_type": "dangerous|ephemeral"
                    },
                    "android.permission.RECEIVE_USER_PRESENT": {
                        "short_description": "Unknown permission from android reference",
                        "full_description": "Unknown permission from android reference",
                        "permission_type": "normal"
                    },
                    "com.sec.android.provider.badge.permission.WRITE": {
                        "short_description": "Unknown permission from android reference",
                        "full_description": "Unknown permission from android reference",
                        "permission_type": "normal"
                    },
                    "com.majeur.launcher.permission.UPDATE_BADGE": {
                        "short_description": "Unknown permission from android reference",
                        "full_description": "Unknown permission from android reference",
                        "permission_type": "normal"
                    },
                    "com.lifeplus.diveplus.permission.C2D_MESSAGE": {
                        "short_description": "Unknown permission from android reference",
                        "full_description": "Unknown permission from android reference",
                        "permission_type": "normal"
                    },
                    "android.permission.ACCESS_NETWORK_STATE": {
                        "short_description": "view network connections",
                        "full_description": "Allows the app to view\n      information about network connections such as which networks exist and are\n      connected.",
                        "permission_type": "normal|ephemeral"
                    },
                    "android.permission.BLUETOOTH_PRIVILEGED": {
                        "short_description": "",
                        "full_description": "",
                        "permission_type": "signature|privileged"
                    },
                    "android.permission.GET_TASKS": {
                        "short_description": "retrieve running apps",
                        "full_description": "Allows the app to retrieve information\n       about currently and recently running tasks.  This may allow the app to\n       discover information about which applications are used on the device.",
                        "permission_type": "normal"
                    },
                    "me.everything.badger.permission.BADGE_COUNT_READ": {
                        "short_description": "Unknown permission from android reference",
                        "full_description": "Unknown permission from android reference",
                        "permission_type": "normal"
                    },
                    "com.htc.launcher.permission.UPDATE_SHORTCUT": {
                        "short_description": "Unknown permission from android reference",
                        "full_description": "Unknown permission from android reference",
                        "permission_type": "normal"
                    },
                    "com.lifeplus.diveplus.videoedit": {
                        "short_description": "Unknown permission from android reference",
                        "full_description": "Unknown permission from android reference",
                        "permission_type": "normal"
                    },
                    "com.htc.launcher.permission.READ_SETTINGS": {
                        "short_description": "Unknown permission from android reference",
                        "full_description": "Unknown permission from android reference",
                        "permission_type": "normal"
                    },
                    "me.everything.badger.permission.BADGE_COUNT_WRITE": {
                        "short_description": "Unknown permission from android reference",
                        "full_description": "Unknown permission from android reference",
                        "permission_type": "normal"
                    },
                    "android.permission.WRITE_EXTERNAL_STORAGE": {
                        "short_description": "modify or delete the contents of your SD card",
                        "full_description": "Allows the app to write to the SD card.",
                        "permission_type": "dangerous"
                    },
                    "android.permission.READ_EXTERNAL_STORAGE": {
                        "short_description": "read the contents of your SD card",
                        "full_description": "Allows the app to read the contents of your SD card.",
                        "permission_type": "dangerous"
                    },
                    "com.anddoes.launcher.permission.UPDATE_COUNT": {
                        "short_description": "Unknown permission from android reference",
                        "full_description": "Unknown permission from android reference",
                        "permission_type": "normal"
                    },
                    "com.sonymobile.home.permission.PROVIDER_INSERT_BADGE": {
                        "short_description": "Unknown permission from android reference",
                        "full_description": "Unknown permission from android reference",
                        "permission_type": "normal"
                    },
                    "android.permission.WRITE_SETTINGS": {
                        "short_description": "modify system settings",
                        "full_description": "Allows the app to modify the\n        system's settings data. Malicious apps may corrupt your system's\n        configuration.",
                        "permission_type": "signature|preinstalled|appop|pre23"
                    },
                    "android.permission.FLASHLIGHT": {
                        "short_description": "control flashlight",
                        "full_description": "Allows the app to control the flashlight.",
                        "permission_type": "normal"
                    },
                    "android.permission.READ_PHONE_STATE": {
                        "short_description": "read phone status and identity",
                        "full_description": "Allows the app to access the phone\n      features of the device.  This permission allows the app to determine the\n      phone number and device IDs, whether a call is active, and the remote number\n      connected by a call.",
                        "permission_type": "dangerous"
                    },
                    "com.oppo.launcher.permission.WRITE_SETTINGS": {
                        "short_description": "Unknown permission from android reference",
                        "full_description": "Unknown permission from android reference",
                        "permission_type": "normal"
                    },
                    "android.permission.VIBRATE": {
                        "short_description": "control vibration",
                        "full_description": "Allows the app to control the vibrator.",
                        "permission_type": "normal|ephemeral"
                    },
                    "com.lifeplus.diveplus.permission.RECEIVE_MSG": {
                        "short_description": "Unknown permission from android reference",
                        "full_description": "Unknown permission from android reference",
                        "permission_type": "normal"
                    },
                    "com.huawei.android.launcher.permission.READ_SETTINGS": {
                        "short_description": "Unknown permission from android reference",
                        "full_description": "Unknown permission from android reference",
                        "permission_type": "normal"
                    },
                    "com.lifeplus.diveplus.videocorrection": {
                        "short_description": "Unknown permission from android reference",
                        "full_description": "Unknown permission from android reference",
                        "permission_type": "normal"
                    },
                    "android.permission.CAMERA": {
                        "short_description": "take pictures and videos",
                        "full_description": "This app can take pictures and record videos using the camera at any time.",
                        "permission_type": "dangerous|ephemeral"
                    },
                    "com.lifeplus.diveplus.permission.MIPUSH_RECEIVE": {
                        "short_description": "Unknown permission from android reference",
                        "full_description": "Unknown permission from android reference",
                        "permission_type": "normal"
                    },
                    "android.permission.WAKE_LOCK": {
                        "short_description": "prevent phone from sleeping",
                        "full_description": "Allows the app to prevent the phone from going to sleep.",
                        "permission_type": "normal|ephemeral"
                    },
                    "android.permission.CHANGE_WIFI_STATE": {
                        "short_description": "connect and disconnect from Wi-Fi",
                        "full_description": "Allows the app to connect to and\n      disconnect from Wi-Fi access points and to make changes to device\n      configuration for Wi-Fi networks.",
                        "permission_type": "normal"
                    },
                    "android.permission.RECORD_AUDIO": {
                        "short_description": "record audio",
                        "full_description": "This app can record audio using the microphone at any time.",
                        "permission_type": "dangerous"
                    },
                    "com.google.android.finsky.permission.BIND_GET_INSTALL_REFERRER_SERVICE": {
                        "short_description": "Unknown permission from android reference",
                        "full_description": "Unknown permission from android reference",
                        "permission_type": "normal"
                    },
                    "com.google.android.c2dm.permission.RECEIVE": {
                        "short_description": "Unknown permission from android reference",
                        "full_description": "Unknown permission from android reference",
                        "permission_type": "normal"
                    },
                    "com.sonyericsson.home.permission.BROADCAST_BADGE": {
                        "short_description": "Unknown permission from android reference",
                        "full_description": "Unknown permission from android reference",
                        "permission_type": "normal"
                    },
                    "com.sec.android.provider.badge.permission.READ": {
                        "short_description": "Unknown permission from android reference",
                        "full_description": "Unknown permission from android reference",
                        "permission_type": "normal"
                    },
                    "com.lifeplus.diveplus.imagecorrection": {
                        "short_description": "Unknown permission from android reference",
                        "full_description": "Unknown permission from android reference",
                        "permission_type": "normal"
                    }
                },
                "Receivers": [
                    "com.avos.avoscloud.AVBroadcastReceiver",
                    "com.dive.leanCloud.PushRecevier",
                    "com.netease.nimlib.service.NimReceiver",
                    "com.netease.nimlib.service.ResponseReceiver",
                    "com.xiaomi.push.service.receivers.NetworkStatusReceiver",
                    "com.xiaomi.push.service.receivers.PingReceiver",
                    "com.netease.nimlib.mixpush.mi.MiPushReceiver",
                    "com.netease.nimlib.mixpush.hw.HWPushReceiver",
                    "com.huawei.hms.support.api.push.PushEventReceiver",
                    "com.google.android.gms.measurement.AppMeasurementReceiver",
                    "com.google.android.gms.measurement.AppMeasurementInstallReferrerReceiver",
                    "com.google.firebase.iid.FirebaseInstanceIdReceiver"
                ],
                "StringsInformation": [
                    "http://android.bugly.qq.com/rqd/async",
                    "http://rqd.uu.qq.com/rqd/sync"
                ]
            },
            "magic": "Zip archive data, at least v1.0 to extract",
            "last_analysis_stats": {
                "harmless": 0,
                "type-unsupported": 10,
                "suspicious": 0,
                "confirmed-timeout": 0,
                "timeout": 1,
                "failure": 0,
                "malicious": 4,
                "undetected": 57
            },
            "meaningful_name": "0001D0EB4CA90A969E66626A1649D28342301244E46782FA8123E29C80ACB569.apk",
            "reputation": 0
        },
        "type": "file",
        "id": "0001d0eb4ca90a969e66626a1649d28342301244e46782fa8123e29c80acb569",
        "links": {
            "self": "https://www.virustotal.com/api/v3/files/0001d0eb4ca90a969e66626a1649d28342301244e46782fa8123e29c80acb569"
        }
    }
}