{
    "data": {
        "attributes": {
            "type_description": "Android",
            "vhash": "b3b827ec955e812e8c09941c94e9b283",
            "trid": [
                {
                    "file_type": "Android Package",
                    "probability": 27.7
                },
                {
                    "file_type": "SPSS Extension",
                    "probability": 21.6
                },
                {
                    "file_type": "OpenOffice Extension",
                    "probability": 15.5
                },
                {
                    "file_type": "BlueEyes Animation",
                    "probability": 9.7
                },
                {
                    "file_type": "Java Archive",
                    "probability": 9.7
                }
            ],
            "names": [
                "xTsynTUKXZYQxMzmeuk620200726-49308-u8jrd1",
                "69E5D0B2E4E2BED687B990C0B55DC996"
            ],
            "last_modification_date": 1605652952,
            "type_tag": "android",
            "times_submitted": 2,
            "total_votes": {
                "harmless": 0,
                "malicious": 0
            },
            "size": 47860421,
            "type_extension": "apk",
            "last_submission_date": 1595801845,
            "last_analysis_results": {
                "Bkav": {
                    "category": "undetected",
                    "engine_name": "Bkav",
                    "engine_version": "1.3.0.9899",
                    "result": null,
                    "method": "blacklist",
                    "engine_update": "20200725"
                },
                "Lionic": {
                    "category": "undetected",
                    "engine_name": "AegisLab",
                    "engine_version": "4.2",
                    "result": null,
                    "method": "blacklist",
                    "engine_update": "20200726"
                },
                "DrWeb": {
                    "category": "undetected",
                    "engine_name": "DrWeb",
                    "engine_version": "7.0.46.3050",
                    "result": null,
                    "method": "blacklist",
                    "engine_update": "20200726"
                },
                "MicroWorld-eScan": {
                    "category": "undetected",
                    "engine_name": "MicroWorld-eScan",
                    "engine_version": "14.0.409.0",
                    "result": null,
                    "method": "blacklist",
                    "engine_update": "20200726"
                },
                "FireEye": {
                    "category": "undetected",
                    "engine_name": "FireEye",
                    "engine_version": "32.36.1.0",
                    "result": null,
                    "method": "blacklist",
                    "engine_update": "20200726"
                },
                "CAT-QuickHeal": {
                    "category": "undetected",
                    "engine_name": "CAT-QuickHeal",
                    "engine_version": "14.00",
                    "result": null,
                    "method": "blacklist",
                    "engine_update": "20200726"
                },
                "ALYac": {
                    "category": "undetected",
                    "engine_name": "ALYac",
                    "engine_version": "1.1.1.5",
                    "result": null,
                    "method": "blacklist",
                    "engine_update": "20200726"
                },
                "Malwarebytes": {
                    "category": "undetected",
                    "engine_name": "Malwarebytes",
                    "engine_version": "3.6.4.335",
                    "result": null,
                    "method": "blacklist",
                    "engine_update": "20200726"
                },
                "VIPRE": {
                    "category": "undetected",
                    "engine_name": "VIPRE",
                    "engine_version": "85488",
                    "result": null,
                    "method": "blacklist",
                    "engine_update": "20200726"
                },
                "Paloalto": {
                    "category": "type-unsupported",
                    "engine_name": "Paloalto",
                    "engine_version": "1.0",
                    "result": null,
                    "method": "blacklist",
                    "engine_update": "20200727"
                },
                "Sangfor": {
                    "category": "undetected",
                    "engine_name": "Sangfor",
                    "engine_version": "1.0",
                    "result": null,
                    "method": "blacklist",
                    "engine_update": "20200423"
                },
                "Trustlook": {
                    "category": "undetected",
                    "engine_name": "Trustlook",
                    "engine_version": "1.0",
                    "result": null,
                    "method": "blacklist",
                    "engine_update": "20200727"
                },
                "Alibaba": {
                    "category": "undetected",
                    "engine_name": "Alibaba",
                    "engine_version": "0.3.0.5",
                    "result": null,
                    "method": "blacklist",
                    "engine_update": "20190527"
                },
                "K7GW": {
                    "category": "undetected",
                    "engine_name": "K7GW",
                    "engine_version": "11.125.34814",
                    "result": null,
                    "method": "blacklist",
                    "engine_update": "20200726"
                },
                "K7AntiVirus": {
                    "category": "undetected",
                    "engine_name": "K7AntiVirus",
                    "engine_version": "11.125.34814",
                    "result": null,
                    "method": "blacklist",
                    "engine_update": "20200726"
                },
                "Invincea": {
                    "category": "type-unsupported",
                    "engine_name": "Invincea",
                    "engine_version": "6.3.6.26157",
                    "result": null,
                    "method": "blacklist",
                    "engine_update": "20200502"
                },
                "BitDefenderTheta": {
                    "category": "undetected",
                    "engine_name": "BitDefenderTheta",
                    "engine_version": "7.2.37796.0",
                    "result": null,
                    "method": "blacklist",
                    "engine_update": "20200722"
                },
                "F-Prot": {
                    "category": "undetected",
                    "engine_name": "F-Prot",
                    "engine_version": "4.7.1.166",
                    "result": null,
                    "method": "blacklist",
                    "engine_update": "20200726"
                },
                "SymantecMobileInsight": {
                    "category": "undetected",
                    "engine_name": "SymantecMobileInsight",
                    "engine_version": "2.0",
                    "result": null,
                    "method": "blacklist",
                    "engine_update": "20200701"
                },
                "Symantec": {
                    "category": "undetected",
                    "engine_name": "Symantec",
                    "engine_version": "1.11.0.0",
                    "result": null,
                    "method": "blacklist",
                    "engine_update": "20200726"
                },
                "ESET-NOD32": {
                    "category": "malicious",
                    "engine_name": "ESET-NOD32",
                    "engine_version": "21719",
                    "result": "a variant of Generik.MGEMDNQ",
                    "method": "blacklist",
                    "engine_update": "20200726"
                },
                "APEX": {
                    "category": "type-unsupported",
                    "engine_name": "APEX",
                    "engine_version": "6.51",
                    "result": null,
                    "method": "blacklist",
                    "engine_update": "20200723"
                },
                "TrendMicro-HouseCall": {
                    "category": "undetected",
                    "engine_name": "TrendMicro-HouseCall",
                    "engine_version": "10.0.0.1040",
                    "result": null,
                    "method": "blacklist",
                    "engine_update": "20200726"
                },
                "Avast": {
                    "category": "undetected",
                    "engine_name": "Avast",
                    "engine_version": "18.4.3895.0",
                    "result": null,
                    "method": "blacklist",
                    "engine_update": "20200727"
                },
                "ClamAV": {
                    "category": "undetected",
                    "engine_name": "ClamAV",
                    "engine_version": "0.102.4.0",
                    "result": null,
                    "method": "blacklist",
                    "engine_update": "20200726"
                },
                "Kaspersky": {
                    "category": "undetected",
                    "engine_name": "Kaspersky",
                    "engine_version": "15.0.1.13",
                    "result": null,
                    "method": "blacklist",
                    "engine_update": "20200726"
                },
                "BitDefender": {
                    "category": "undetected",
                    "engine_name": "BitDefender",
                    "engine_version": "7.2",
                    "result": null,
                    "method": "blacklist",
                    "engine_update": "20200726"
                },
                "NANO-Antivirus": {
                    "category": "undetected",
                    "engine_name": "NANO-Antivirus",
                    "engine_version": "1.0.134.25119",
                    "result": null,
                    "method": "blacklist",
                    "engine_update": "20200726"
                },
                "SUPERAntiSpyware": {
                    "category": "undetected",
                    "engine_name": "SUPERAntiSpyware",
                    "engine_version": "5.6.0.1032",
                    "result": null,
                    "method": "blacklist",
                    "engine_update": "20200724"
                },
                "Rising": {
                    "category": "undetected",
                    "engine_name": "Rising",
                    "engine_version": "25.0.0.26",
                    "result": null,
                    "method": "blacklist",
                    "engine_update": "20200726"
                },
                "Ad-Aware": {
                    "category": "undetected",
                    "engine_name": "Ad-Aware",
                    "engine_version": "3.0.5.370",
                    "result": null,
                    "method": "blacklist",
                    "engine_update": "20200726"
                },
                "Emsisoft": {
                    "category": "undetected",
                    "engine_name": "Emsisoft",
                    "engine_version": "2018.12.0.1641",
                    "result": null,
                    "method": "blacklist",
                    "engine_update": "20200726"
                },
                "Comodo": {
                    "category": "undetected",
                    "engine_name": "Comodo",
                    "engine_version": "32663",
                    "result": null,
                    "method": "blacklist",
                    "engine_update": "20200726"
                },
                "F-Secure": {
                    "category": "undetected",
                    "engine_name": "F-Secure",
                    "engine_version": "12.0.86.52",
                    "result": null,
                    "method": "blacklist",
                    "engine_update": "20200726"
                },
                "Baidu": {
                    "category": "undetected",
                    "engine_name": "Baidu",
                    "engine_version": "1.0.0.2",
                    "result": null,
                    "method": "blacklist",
                    "engine_update": "20190318"
                },
                "Zillya": {
                    "category": "undetected",
                    "engine_name": "Zillya",
                    "engine_version": "2.0.0.4137",
                    "result": null,
                    "method": "blacklist",
                    "engine_update": "20200724"
                },
                "TrendMicro": {
                    "category": "undetected",
                    "engine_name": "TrendMicro",
                    "engine_version": "11.0.0.1006",
                    "result": null,
                    "method": "blacklist",
                    "engine_update": "20200726"
                },
                "McAfee-GW-Edition": {
                    "category": "failure",
                    "engine_name": "McAfee-GW-Edition",
                    "engine_version": null,
                    "result": null,
                    "method": "blacklist",
                    "engine_update": "20200726"
                },
                "SentinelOne": {
                    "category": "type-unsupported",
                    "engine_name": "SentinelOne",
                    "engine_version": "4.4.0.0",
                    "result": null,
                    "method": "blacklist",
                    "engine_update": "20200725"
                },
                "Trapmine": {
                    "category": "type-unsupported",
                    "engine_name": "Trapmine",
                    "engine_version": "3.5.0.987",
                    "result": null,
                    "method": "blacklist",
                    "engine_update": "20200619"
                },
                "CMC": {
                    "category": "undetected",
                    "engine_name": "CMC",
                    "engine_version": "2.7.2019.1",
                    "result": null,
                    "method": "blacklist",
                    "engine_update": "20200726"
                },
                "Sophos": {
                    "category": "undetected",
                    "engine_name": "Sophos",
                    "engine_version": "4.98.0",
                    "result": null,
                    "method": "blacklist",
                    "engine_update": "20200726"
                },
                "Ikarus": {
                    "category": "undetected",
                    "engine_name": "Ikarus",
                    "engine_version": "0.1.5.2",
                    "result": null,
                    "method": "blacklist",
                    "engine_update": "20200726"
                },
                "Cyren": {
                    "category": "undetected",
                    "engine_name": "Cyren",
                    "engine_version": "6.3.0.2",
                    "result": null,
                    "method": "blacklist",
                    "engine_update": "20200726"
                },
                "Jiangmin": {
                    "category": "undetected",
                    "engine_name": "Jiangmin",
                    "engine_version": "16.0.100",
                    "result": null,
                    "method": "blacklist",
                    "engine_update": "20200726"
                },
                "Webroot": {
                    "category": "type-unsupported",
                    "engine_name": "Webroot",
                    "engine_version": "1.0.0.403",
                    "result": null,
                    "method": "blacklist",
                    "engine_update": "20200727"
                },
                "Avira": {
                    "category": "undetected",
                    "engine_name": "Avira",
                    "engine_version": "8.3.3.8",
                    "result": null,
                    "method": "blacklist",
                    "engine_update": "20200727"
                },
                "eGambit": {
                    "category": "type-unsupported",
                    "engine_name": "eGambit",
                    "engine_version": null,
                    "result": null,
                    "method": "blacklist",
                    "engine_update": "20200727"
                },
                "Fortinet": {
                    "category": "undetected",
                    "engine_name": "Fortinet",
                    "engine_version": "6.2.142.0",
                    "result": null,
                    "method": "blacklist",
                    "engine_update": "20200726"
                },
                "Antiy-AVL": {
                    "category": "undetected",
                    "engine_name": "Antiy-AVL",
                    "engine_version": "3.0.0.1",
                    "result": null,
                    "method": "blacklist",
                    "engine_update": "20200726"
                },
                "Kingsoft": {
                    "category": "undetected",
                    "engine_name": "Kingsoft",
                    "engine_version": "2013.8.14.323",
                    "result": null,
                    "method": "blacklist",
                    "engine_update": "20200727"
                },
                "Endgame": {
                    "category": "type-unsupported",
                    "engine_name": "Endgame",
                    "engine_version": "4.0.5",
                    "result": null,
                    "method": "blacklist",
                    "engine_update": "20200608"
                },
                "Arcabit": {
                    "category": "undetected",
                    "engine_name": "Arcabit",
                    "engine_version": "1.0.0.877",
                    "result": null,
                    "method": "blacklist",
                    "engine_update": "20200726"
                },
                "ViRobot": {
                    "category": "undetected",
                    "engine_name": "ViRobot",
                    "engine_version": "2014.3.20.0",
                    "result": null,
                    "method": "blacklist",
                    "engine_update": "20200726"
                },
                "AhnLab-V3": {
                    "category": "undetected",
                    "engine_name": "AhnLab-V3",
                    "engine_version": "3.18.1.10026",
                    "result": null,
                    "method": "blacklist",
                    "engine_update": "20200726"
                },
                "ZoneAlarm": {
                    "category": "undetected",
                    "engine_name": "ZoneAlarm",
                    "engine_version": "1.0",
                    "result": null,
                    "method": "blacklist",
                    "engine_update": "20200726"
                },
                "Avast-Mobile": {
                    "category": "undetected",
                    "engine_name": "Avast-Mobile",
                    "engine_version": "200726-00",
                    "result": null,
                    "method": "blacklist",
                    "engine_update": "20200726"
                },
                "Microsoft": {
                    "category": "undetected",
                    "engine_name": "Microsoft",
                    "engine_version": "1.1.17200.2",
                    "result": null,
                    "method": "blacklist",
                    "engine_update": "20200726"
                },
                "Cynet": {
                    "category": "type-unsupported",
                    "engine_name": "Cynet",
                    "engine_version": "4.0.0.24",
                    "result": null,
                    "method": "blacklist",
                    "engine_update": "20200721"
                },
                "TotalDefense": {
                    "category": "undetected",
                    "engine_name": "TotalDefense",
                    "engine_version": "37.1.62.1",
                    "result": null,
                    "method": "blacklist",
                    "engine_update": "20200726"
                },
                "Acronis": {
                    "category": "type-unsupported",
                    "engine_name": "Acronis",
                    "engine_version": "1.1.1.76",
                    "result": null,
                    "method": "blacklist",
                    "engine_update": "20200603"
                },
                "McAfee": {
                    "category": "undetected",
                    "engine_name": "McAfee",
                    "engine_version": "6.0.6.653",
                    "result": null,
                    "method": "blacklist",
                    "engine_update": "20200726"
                },
                "MAX": {
                    "category": "undetected",
                    "engine_name": "MAX",
                    "engine_version": "2019.9.16.1",
                    "result": null,
                    "method": "blacklist",
                    "engine_update": "20200727"
                },
                "VBA32": {
                    "category": "undetected",
                    "engine_name": "VBA32",
                    "engine_version": "4.4.1",
                    "result": null,
                    "method": "blacklist",
                    "engine_update": "20200724"
                },
                "Cylance": {
                    "category": "timeout",
                    "engine_name": "Cylance",
                    "engine_version": "2.3.1.101",
                    "result": null,
                    "method": "blacklist",
                    "engine_update": "20200727"
                },
                "Zoner": {
                    "category": "undetected",
                    "engine_name": "Zoner",
                    "engine_version": "0.0.0.0",
                    "result": null,
                    "method": "blacklist",
                    "engine_update": "20200726"
                },
                "Tencent": {
                    "category": "undetected",
                    "engine_name": "Tencent",
                    "engine_version": "1.0.0.1",
                    "result": null,
                    "method": "blacklist",
                    "engine_update": "20200727"
                },
                "Yandex": {
                    "category": "undetected",
                    "engine_name": "Yandex",
                    "engine_version": "5.5.2.24",
                    "result": null,
                    "method": "blacklist",
                    "engine_update": "20200707"
                },
                "TACHYON": {
                    "category": "undetected",
                    "engine_name": "TACHYON",
                    "engine_version": "2020-07-25.02",
                    "result": null,
                    "method": "blacklist",
                    "engine_update": "20200725"
                },
                "MaxSecure": {
                    "category": "failure",
                    "engine_name": "MaxSecure",
                    "engine_version": "1.0.0.1",
                    "result": null,
                    "method": "blacklist",
                    "engine_update": "20200622"
                },
                "GData": {
                    "category": "undetected",
                    "engine_name": "GData",
                    "engine_version": "A:25.26355B:27.19590",
                    "result": null,
                    "method": "blacklist",
                    "engine_update": "20200726"
                },
                "AVG": {
                    "category": "undetected",
                    "engine_name": "AVG",
                    "engine_version": "18.4.3895.0",
                    "result": null,
                    "method": "blacklist",
                    "engine_update": "20200727"
                },
                "Cybereason": {
                    "category": "type-unsupported",
                    "engine_name": "Cybereason",
                    "engine_version": "1.2.449",
                    "result": null,
                    "method": "blacklist",
                    "engine_update": "20190616"
                },
                "Panda": {
                    "category": "undetected",
                    "engine_name": "Panda",
                    "engine_version": "4.6.4.2",
                    "result": null,
                    "method": "blacklist",
                    "engine_update": "20200726"
                },
                "CrowdStrike": {
                    "category": "type-unsupported",
                    "engine_name": "CrowdStrike",
                    "engine_version": "1.0",
                    "result": null,
                    "method": "blacklist",
                    "engine_update": "20190702"
                },
                "Qihoo-360": {
                    "category": "undetected",
                    "engine_name": "Qihoo-360",
                    "engine_version": "1.0.0.1120",
                    "result": null,
                    "method": "blacklist",
                    "engine_update": "20200727"
                }
            },
            "sha256": "00018b288c37421c8ee397e9327feb4db8dc89a453ade69c1b22b9b9638c879a",
            "tags": [
                "apk",
                "android"
            ],
            "last_analysis_date": 1595801845,
            "unique_sources": 2,
            "first_submission_date": 1595632249,
            "sha1": "cbf914aa61a71e5cf5141eb645031416cbae537f",
            "ssdeep": "786432:rwQQqkxHI6muXcydIOcvOnyyNOTawOyt5TOZKgiuSqNFZIkmwCwU9rR2wR0lodSd:rkqkxHIHuXcydI01wOybOZKvUPVmTj4F",
            "bundle_info": {
                "highest_datetime": "1980-00-00 00:00:00",
                "lowest_datetime": "1980-00-00 00:00:00",
                "num_children": 3355,
                "extensions": {
                    "dex": 5,
                    "tfl": 2,
                    "txt": 131,
                    "ser": 1,
                    "crt": 2,
                    "xml": 297,
                    "htm": 2,
                    "gz": 1,
                    "jpg": 1,
                    "dtd": 8,
                    "pb": 2,
                    "gif": 2,
                    "emd": 4,
                    "cer": 1,
                    "pem": 1,
                    "js": 1,
                    "ttf": 7,
                    "png": 15
                },
                "file_types": {
                    "XML": 298,
                    "DEX": 5,
                    "unknown": 671,
                    "JPG": 1,
                    "GIF": 2,
                    "JSON": 5,
                    "HTML": 3,
                    "PNG": 15
                },
                "type": "APK",
                "uncompressed_size": 58458339
            },
            "packers": {
                "F-PROT": "appended, packed"
            },
            "md5": "69e5d0b2e4e2bed687b990c0b55dc996",
            "androguard": {
                "VTAndroidInfo": 1.41,
                "Libraries": [
                    "org.apache.http.legacy"
                ],
                "AndroidApplicationError": false,
                "MinSdkVersion": "21",
                "AndroguardVersion": "3.0-dev",
                "Activities": [
                    "it.telepass.prod.TelepassPyng.upselling.activity.UpsellingActivity",
                    "it.telepass.prod.TelepassPyng.LoginActivity",
                    "it.telepass.prod.TelepassPyng.MainActivity",
                    "it.telepass.prod.TelepassPyng.PyngGenericActivity",
                    "it.telepass.prod.TelepassPyng.WebActivity",
                    "it.telepass.prod.tpaylib.bollo.BolloTpayLibActivity",
                    "it.telepass.prod.tpaylib.fuel.FuelTpayLibActivity",
                    "it.telepass.prod.tpaylib.parking.ParkingTpayLibActivity",
                    "it.telepass.prod.tpaylib.parking.ParkingGenericTpayLibActivity",
                    "it.telepass.prod.tpaylib.transactions.TPayTransactionsActivity",
                    "it.telepass.prod.tpaylib.transactions.TPayTransactionDetailActivity",
                    "it.telepass.prod.tpaylib.TpayLibWebActivity",
                    "it.telepass.prod.tpaylib.carsharing.DrivingLicenseActivity",
                    "it.telepass.prod.tpaylib.atm.ATMBaseActivity",
                    "it.telepass.prod.tpaylib.sca.TPaySCAPinActivity",
                    "it.telepass.prod.tpaylib.support.onboarding.OnboardingActivity",
                    "it.telepass.prod.tpaylib.support.onboarding.TrenitaliaOnBoardingActivity",
                    "it.telepass.prod.tpaylib.sca.TPaySCATokenActivity",
                    "com.batsharing.android.mobilitysharing.MobilityMapRideActivity",
                    "com.batsharing.android.mobilitysharing.MobilityMapRideBookActivity",
                    "com.batsharing.android.mobilitysharing.MobilityWebActivity",
                    "com.batsharing.android.mobilitysharing.MobilitySearchActivity",
                    "com.batsharing.android.mobilitysharing.camera.BarcodeScanActivity",
                    "com.batsharing.android.mobilitysharing.camera.BarcodeScanShopActivity",
                    "com.batsharing.android.mobilitysharing.camera.ParkingPhotoActivity",
                    "com.batsharing.android.mobilitysharing.moby.MobyOnBoardingActivity",
                    "com.batsharing.android.mobilitysharing.moby.MobyActivity",
                    "com.batsharing.android.designsystem.DesignActivity",
                    "co.urbi.android.search.MobilitySearchActivitySdk",
                    "co.urbi.android.search.MobilitySearchPlaceActivitySdk",
                    "co.urbi.android.tripo.ui.TripoActivity",
                    "co.urbi.android.tripo.TripoWebActivity",
                    "com.telepass.onboarding.activities.CameraActivity",
                    "com.telepass.onboarding.activities.TpOnboardingActivity",
                    "com.telepass.onboarding.activities.TestActivity",
                    "com.telepass.arval.ui.activity.ArvalActivity",
                    "com.telepass.arval.ui.activity.TestIntesaActivity",
                    "com.telepass.washout.sdk.activities.TPWOMultiFloorParking",
                    "com.telepass.eatsready.sdk.booking.TPWOWebViewActivity",
                    "com.telepass.washout.sdk.activities.TPWOTestActivity",
                    "com.telepass.washout.sdk.activities.TPWOCarDataActivity",
                    "com.telepass.washout.sdk.activities.TPWONewCarActivity",
                    "com.telepass.washout.sdk.activities.TPWOCarBrandActivity",
                    "com.telepass.washout.sdk.activities.TPWOCarModelActivity",
                    "com.telepass.washout.sdk.activities.TPWOWashOptionsActivity",
                    "com.telepass.washout.sdk.activities.TPWODateTimeActivity",
                    "com.telepass.washout.sdk.activities.TPWOCarPositionActivity",
                    "com.telepass.washout.sdk.activities.TPWORecapActivity",
                    "com.telepass.washout.sdk.activities.TPWODetailsActivity",
                    "com.telepass.washout.sdk.activities.TPWOTrasparentActivity",
                    "com.telepass.washout.sdk.activities.TPWOTocActivity",
                    "com.telepass.washout.sdk.activities.TPWOTutorialActivity",
                    "com.telepass.washout.sdk.activities.TPWOAutocompleteActivity",
                    "com.telepass.washout.sdk.activities.TPWOInfoActivity",
                    "com.telepass.washout.sdk.activities.TPWOChangeCarsActivity",
                    "com.telepass.washout.sdk.activities.TPWOMultiFloorDateActivity",
                    "com.telepass.washout.sdk.activities.TPWOMultiFloorRecapActivity",
                    "co.urbi.android.urbiscan.camerax.CameraXPortraitActivity",
                    "co.urbi.android.urbiscan.camerax.CameraXMrzScanActivity",
                    "co.urbi.android.urbiscan.camera.FaceDetectionActivity",
                    "co.urbi.android.urbiscan.nfc.ScanNFCActivity",
                    "co.urbi.android.urbiscan.camera.ScanCameraActivity",
                    "com.telepass.intesa.presentation.activities.IntesaActivity",
                    "com.batsharing.android.ticketlib.QrCodeActivity",
                    "com.batsharing.android.ticketlib.PagedQrCodeActivity",
                    "com.batsharing.android.ticketlib.PagedQrCodeActivityWithNetCall",
                    "com.batsharing.android.ticketlib.UrbiRheinbahnActivity",
                    "com.stripe.android.view.AddPaymentMethodActivity",
                    "com.stripe.android.view.PaymentMethodsActivity",
                    "com.stripe.android.view.PaymentFlowActivity",
                    "com.stripe.android.view.PaymentAuthWebViewActivity",
                    "com.stripe.android.view.PaymentRelayActivity",
                    "com.stripe.android.view.Stripe3ds2CompletionActivity",
                    "com.stripe.android.stripe3ds2.views.ChallengeActivity",
                    "com.stripe.android.stripe3ds2.views.ChallengeProgressDialogActivity",
                    "com.telepass.skidata.sdk.rulesofuse.TPSDRulesOfUseActivityTPSD",
                    "com.telepass.skidata.sdk.home.TPSDHomeStepActivity",
                    "com.telepass.skidata.sdk.details.TPSDDetailsStepActivity",
                    "com.telepass.skidata.sdk.transitions.TPSDTransitionsActivity",
                    "com.telepass.skidata.sdk.activities.TPSDTransactionsActivity",
                    "com.telepass.skidata.sdk.collectionpoints.TPSDCollectActivity",
                    "com.telepass.skidata.sdk.registration.TPSDAvatarActivity",
                    "com.telepass.skidata.sdk.order.TPSDOrderShipmentStepActivity",
                    "com.telepass.skidata.sdk.order.TPSDNewAddressActivity",
                    "com.telepass.skidata.sdk.order.TPSDOrderQuantityStepActivity",
                    "com.telepass.skidata.sdk.order.TPSDOrderRecapStepActivity",
                    "com.telepass.skidata.sdk.order.TPSDOrderBoughtStepActivity",
                    "com.telepass.skidata.sdk.registration.TPSDRegistrationStartStepActivity",
                    "com.telepass.skidata.sdk.registration.TPSDRegistrationStartInfoActivity",
                    "com.telepass.skidata.sdk.registration.TPSDRegistrationActivationActivity",
                    "com.telepass.skidata.sdk.registration.TPSDRegistrationManualInsertActivity",
                    "com.telepass.skidata.sdk.registration.TPSDRegistrationAssociateActivity",
                    "com.telepass.skidata.sdk.registration.TPSDRegistrationRecapActivity",
                    "com.telepass.skidata.sdk.commons.utils.TestActivity",
                    "com.telepass.skidata.sdk.tutorial.TPSDTutorialActivity",
                    "com.telepass.skidata.sdk.home.TPSDCardsActivity",
                    "com.telepass.skidata.sdk.home.TPSDNewCardActivity",
                    "com.telepass.skidata.sdk.home.TPSDHomeNewCardActivity",
                    "com.telepass.skidata.sdk.home.TPSDCardsNewCardActivity",
                    "com.telepass.skidata.sdk.skiarea.TPSDSkiAreaActivity"
                ],
                "certificate": {
                    "Subject": {
                        "DN": "C:IT, CN:Telepass S.p.A., L:Roma, O:Telepass S.p.A., ST:RM, OU:Telepass S.p.A",
                        "C": "IT",
                        "CN": "Telepass S.p.A.",
                        "L": "Roma",
                        "O": "Telepass S.p.A.",
                        "ST": "RM",
                        "OU": "Telepass S.p.A"
                    },
                    "validto": "2097-01-21 08:35:50",
                    "serialnumber": "74e36ad3",
                    "thumbprint": "43e9061d829eb7475bdc1c7d832e1a52d4f40b45",
                    "validfrom": "2014-12-03 08:35:50",
                    "Issuer": {
                        "DN": "C:IT, CN:Telepass S.p.A., L:Roma, O:Telepass S.p.A., ST:RM, OU:Telepass S.p.A",
                        "C": "IT",
                        "CN": "Telepass S.p.A.",
                        "L": "Roma",
                        "O": "Telepass S.p.A.",
                        "ST": "RM",
                        "OU": "Telepass S.p.A"
                    }
                },
                "AndroidApplication": 1,
                "RiskIndicator": {
                    "APK": {
                        "DEX": 5
                    },
                    "PERM": {
                        "DANGEROUS": 3,
                        "GPS": 2,
                        "NORMAL": 6,
                        "INTERNET": 1,
                        "PRIVACY": 3
                    }
                },
                "Services": [
                    "it.telepass.prod.TelepassPyng.service.PyngFirebaseMessagingService",
                    "it.telepass.prod.TelepassPyng.service.PyngServiceIntentService",
                    "it.telepass.prod.tpaylib.parking.services.TPayIntentService",
                    "it.telepass.prod.tpaylib.parking.services.NotificationService",
                    "com.batsharing.android.mobilitysharing.services.MobilitySharingService",
                    "com.instabug.survey.network.service.InstabugSurveysSubmitterService",
                    "com.instabug.survey.announcements.network.InstabugAnnouncementSubmitterService",
                    "com.instabug.crash.network.InstabugCrashesUploaderService",
                    "com.instabug.bug.network.InstabugBugsUploaderService",
                    "com.instabug.bug.view.actionList.service.ReportCategoriesService",
                    "com.instabug.chat.network.InstabugMessageUploaderService",
                    "com.instabug.chat.network.InstabugPushNotificationTokenService",
                    "com.instabug.featuresrequest.network.service.FeaturesRequestVoteService",
                    "com.instabug.library.network.worker.uploader.InstabugSessionUploaderService",
                    "com.instabug.library.analytics.network.InstabugAnalyticsUploaderService",
                    "com.instabug.library.internal.video.ScreenRecordingService",
                    "com.salesforce.marketingcloud.MCService",
                    "com.salesforce.marketingcloud.NotificationOpenedService",
                    "com.salesforce.marketingcloud.messages.push.MCFirebaseMessagingService",
                    "com.google.firebase.messaging.FirebaseMessagingService",
                    "com.google.firebase.components.ComponentDiscoveryService",
                    "com.google.android.datatransport.runtime.backends.TransportBackendDiscovery",
                    "com.google.android.datatransport.runtime.scheduling.jobscheduling.JobInfoSchedulerService",
                    "com.google.android.gms.measurement.AppMeasurementService",
                    "com.google.android.gms.measurement.AppMeasurementJobService",
                    "com.google.android.gms.analytics.AnalyticsService",
                    "com.google.android.gms.analytics.AnalyticsJobService"
                ],
                "AndroidVersionCode": "240919",
                "main_activity": "it.telepass.prod.TelepassPyng.LoginActivity",
                "Package": "it.telepass.prod.TelepassPyng",
                "intent_filters": {
                    "Services": {
                        "com.google.firebase.messaging.FirebaseMessagingService": {
                            "action": [
                                "com.google.firebase.MESSAGING_EVENT"
                            ]
                        },
                        "it.telepass.prod.TelepassPyng.service.PyngFirebaseMessagingService": {
                            "action": [
                                "com.google.firebase.MESSAGING_EVENT"
                            ]
                        },
                        "com.salesforce.marketingcloud.messages.push.MCFirebaseMessagingService": {
                            "action": [
                                "com.google.firebase.MESSAGING_EVENT"
                            ]
                        }
                    },
                    "Activities": {
                        "it.telepass.prod.TelepassPyng.MainActivity": {
                            "action": [
                                "android.intent.action.VIEW"
                            ],
                            "category": [
                                "android.intent.category.DEFAULT",
                                "android.intent.category.BROWSABLE"
                            ]
                        },
                        "it.telepass.prod.TelepassPyng.LoginActivity": {
                            "action": [
                                "android.intent.action.MAIN",
                                "android.intent.action.VIEW"
                            ],
                            "category": [
                                "android.intent.category.LAUNCHER",
                                "android.intent.category.DEFAULT",
                                "android.intent.category.BROWSABLE"
                            ]
                        },
                        "com.instabug.bug.view.reporting.ReportingContainerActivity": {
                            "action": [
                                "android.intent.action.VIEW"
                            ],
                            "category": [
                                "android.intent.category.DEFAULT"
                            ]
                        },
                        "co.urbi.android.search.MobilitySearchActivitySdk": {
                            "action": [
                                "android.intent.action.SEARCH"
                            ]
                        }
                    },
                    "Receivers": {
                        "com.google.android.gms.measurement.AppMeasurementInstallReferrerReceiver": {
                            "action": [
                                "com.android.vending.INSTALL_REFERRER"
                            ]
                        },
                        "com.google.firebase.iid.FirebaseInstanceIdReceiver": {
                            "action": [
                                "com.google.android.c2dm.intent.RECEIVE"
                            ]
                        },
                        "com.salesforce.marketingcloud.MCReceiver": {
                            "action": [
                                "android.intent.action.BOOT_COMPLETED",
                                "android.intent.action.ACTION_SHUTDOWN",
                                "android.intent.action.MY_PACKAGE_REPLACED",
                                "android.intent.action.TIMEZONE_CHANGED",
                                "it.telepass.prod.TelepassPyng.com.salesforce.marketingcloud.WAKE_FOR_ALARM"
                            ]
                        },
                        "com.batsharing.android.model.utility.java.DownloadReceiver": {
                            "action": [
                                "android.intent.action.DOWNLOAD_COMPLETE"
                            ]
                        }
                    }
                },
                "AndroidVersionName": "3.9.4",
                "TargetSdkVersion": "29",
                "AndroidApplicationInfo": "APK",
                "Providers": [
                    "androidx.core.content.FileProvider",
                    "com.batsharing.android.model.utility.java.UrbiFileProvider",
                    "com.salesforce.marketingcloud.MCInitContentProvider",
                    "com.google.firebase.provider.FirebaseInitProvider",
                    "androidx.lifecycle.ProcessLifecycleOwnerInitializer"
                ],
                "permission_details": {
                    "android.permission.ACCESS_FINE_LOCATION": {
                        "short_description": "fine (GPS) location",
                        "full_description": "Access fine location sources, such as the Global Positioning System on the phone, where available. Malicious applications can use this to determine where you are and may consume additional battery power.",
                        "permission_type": "dangerous"
                    },
                    "android.permission.VIBRATE": {
                        "short_description": "control vibrator",
                        "full_description": "Allows the application to control the vibrator.",
                        "permission_type": "normal"
                    },
                    "android.permission.READ_EXTERNAL_STORAGE": {
                        "short_description": "read from external storage",
                        "full_description": "Allows an application to read from external storage",
                        "permission_type": "normal"
                    },
                    "android.permission.USE_FINGERPRINT": {
                        "short_description": "Unknown permission from android reference",
                        "full_description": "Unknown permission from android reference",
                        "permission_type": "normal"
                    },
                    "com.google.android.c2dm.permission.RECEIVE": {
                        "short_description": "Unknown permission from android reference",
                        "full_description": "Unknown permission from android reference",
                        "permission_type": "normal"
                    },
                    "android.permission.ACCESS_WIFI_STATE": {
                        "short_description": "view Wi-Fi status",
                        "full_description": "Allows an application to view the information about the status of Wi-Fi.",
                        "permission_type": "normal"
                    },
                    "android.permission.ACCESS_COARSE_LOCATION": {
                        "short_description": "coarse (network-based) location",
                        "full_description": "Access coarse location sources, such as the mobile network database, to determine an approximate phone location, where available. Malicious applications can use this to determine approximately where you are.",
                        "permission_type": "dangerous"
                    },
                    "android.permission.WAKE_LOCK": {
                        "short_description": "prevent phone from sleeping",
                        "full_description": "Allows an application to prevent the phone from going to sleep.",
                        "permission_type": "normal"
                    },
                    "com.google.android.finsky.permission.BIND_GET_INSTALL_REFERRER_SERVICE": {
                        "short_description": "Unknown permission from android reference",
                        "full_description": "Unknown permission from android reference",
                        "permission_type": "normal"
                    },
                    "android.permission.CALL_PHONE": {
                        "short_description": "directly call phone numbers",
                        "full_description": "Allows an application to initiate a phone call without going through the Dialer user interface for the user to confirm the call being placed. ",
                        "permission_type": "dangerous"
                    },
                    "android.permission.CAMERA": {
                        "short_description": "take pictures and videos",
                        "full_description": "Allows application to take pictures and videos with the camera. This allows the application to collect images that the camera is seeing at any time.",
                        "permission_type": "dangerous"
                    },
                    "android.permission.INTERNET": {
                        "short_description": "full Internet access",
                        "full_description": "Allows an application to create network sockets.",
                        "permission_type": "dangerous"
                    },
                    "android.permission.ACCESS_NETWORK_STATE": {
                        "short_description": "view network status",
                        "full_description": "Allows an application to view the status of all networks.",
                        "permission_type": "normal"
                    },
                    "android.permission.FOREGROUND_SERVICE": {
                        "short_description": "Unknown permission from android reference",
                        "full_description": "Unknown permission from android reference",
                        "permission_type": "normal"
                    },
                    "android.permission.USE_BIOMETRIC": {
                        "short_description": "Unknown permission from android reference",
                        "full_description": "Unknown permission from android reference",
                        "permission_type": "normal"
                    },
                    "android.permission.WRITE_EXTERNAL_STORAGE": {
                        "short_description": "modify/delete SD card contents",
                        "full_description": "Allows an application to write to the SD card.",
                        "permission_type": "dangerous"
                    },
                    "android.permission.NFC": {
                        "short_description": "control Near-Field Communication",
                        "full_description": "Allows an application to communicate with Near-Field Communication (NFC) tags, cards and readers.",
                        "permission_type": "dangerous"
                    },
                    "android.permission.FLASHLIGHT": {
                        "short_description": "control flashlight",
                        "full_description": "Allows the application to control the flashlight.",
                        "permission_type": "normal"
                    }
                },
                "Receivers": [
                    "it.telepass.prod.tpaylib.parking.receivers.NotificationReceiver",
                    "com.batsharing.android.model.utility.java.DownloadReceiver",
                    "com.salesforce.marketingcloud.location.LocationReceiver",
                    "com.salesforce.marketingcloud.MCReceiver",
                    "com.google.android.datatransport.runtime.scheduling.jobscheduling.AlarmManagerSchedulerBroadcastReceiver",
                    "com.google.firebase.iid.FirebaseInstanceIdReceiver",
                    "com.google.android.gms.measurement.AppMeasurementReceiver",
                    "com.google.android.gms.measurement.AppMeasurementInstallReferrerReceiver",
                    "com.google.android.gms.analytics.AnalyticsReceiver"
                ],
                "StringsInformation": [
                    "http://",
                    "http://demo2969508.mockable.io/",
                    "http://schemas.android.com/apk/res/android",
                    "http://www.bicincitta.com/frmRegistrazioneUtente.aspx",
                    "http://www.bicincitta.it/pdf/privacy.pdf",
                    "https://",
                    "https://9b2ty4gx6e.execute-api.eu-west-1.amazonaws.com/dev/urbi/",
                    "https://docs.google.com/gview?embedded=true&url=",
                    "https://emv3ds/challenge",
                    "https://itunes.apple.com/it/app/urbi-una-sola-app-per-tutti-i-carsharing/id804024567?mt=8",
                    "https://s3-eu-west-1.amazonaws.com/bicincitta/city/xx/index.html",
                    "https://storage.googleapis.com",
                    "https://urbitunnel.eu.ngrok.io",
                    "https://www.terravision.eu/italiano/terms_conditions.html",
                    "https://www.terravision.eu/italiano/terms_conditions.html#Citylink",
                    "https://www.trenitalia.com/content/tcom/it/html/trenitalia/Info_regionale.html",
                    "https://www.trenitalia.com/it/html/trenitalia/Info_Tariffe_it_LeFrecce.html#BASE",
                    "https://www.trenitalia.com/it/html/trenitalia/Informativa_sulla_privacy.html",
                    "https://www.trenitalia.com/it/informazioni/condizioni_generaliditrasporto.html",
                    "https://www.trenitalia.com/it/informazioni/la_guida_del_viaggiatore/l--opzione-scelta-del-posto.html"
                ]
            },
            "magic": "Zip archive data",
            "last_analysis_stats": {
                "harmless": 0,
                "type-unsupported": 12,
                "suspicious": 0,
                "confirmed-timeout": 0,
                "timeout": 1,
                "failure": 2,
                "malicious": 1,
                "undetected": 60
            },
            "meaningful_name": "xTsynTUKXZYQxMzmeuk620200726-49308-u8jrd1",
            "reputation": 0
        },
        "type": "file",
        "id": "00018b288c37421c8ee397e9327feb4db8dc89a453ade69c1b22b9b9638c879a",
        "links": {
            "self": "https://www.virustotal.com/api/v3/files/00018b288c37421c8ee397e9327feb4db8dc89a453ade69c1b22b9b9638c879a"
        }
    }
}