{
    "data": {
        "attributes": {
            "type_description": "Android",
            "tlsh": "T19CA72322F318E807D177D5318AE915A392AE1C808A51DA3A7F4DF91C4FB3EC46D89BC5",
            "vhash": "4212704e752fd9705b22ba946349c954",
            "trid": [
                {
                    "file_type": "Android Package",
                    "probability": 27.4
                },
                {
                    "file_type": "SPSS Extension",
                    "probability": 21.3
                },
                {
                    "file_type": "OpenOffice Extension",
                    "probability": 15.3
                },
                {
                    "file_type": "BlueEyes Animation",
                    "probability": 9.6
                },
                {
                    "file_type": "Java Archive",
                    "probability": 9.6
                }
            ],
            "names": [
                "0001FC6B6651096E65FE6B4A1AB9903E18BAC295D19A92E6F0B281B6AD6EF627.apk"
            ],
            "last_modification_date": 1631444171,
            "type_tag": "android",
            "times_submitted": 6,
            "total_votes": {
                "harmless": 0,
                "malicious": 0
            },
            "size": 47355913,
            "type_extension": "apk",
            "last_submission_date": 1631436774,
            "last_analysis_results": {
                "Bkav": {
                    "category": "undetected",
                    "engine_name": "Bkav",
                    "engine_version": "1.3.0.9899",
                    "result": null,
                    "method": "blacklist",
                    "engine_update": "20210911"
                },
                "Lionic": {
                    "category": "undetected",
                    "engine_name": "Lionic",
                    "engine_version": "4.2",
                    "result": null,
                    "method": "blacklist",
                    "engine_update": "20210912"
                },
                "Elastic": {
                    "category": "type-unsupported",
                    "engine_name": "Elastic",
                    "engine_version": "4.0.27",
                    "result": null,
                    "method": "blacklist",
                    "engine_update": "20210805"
                },
                "MicroWorld-eScan": {
                    "category": "undetected",
                    "engine_name": "MicroWorld-eScan",
                    "engine_version": "14.0.409.0",
                    "result": null,
                    "method": "blacklist",
                    "engine_update": "20210912"
                },
                "FireEye": {
                    "category": "undetected",
                    "engine_name": "FireEye",
                    "engine_version": "32.44.1.0",
                    "result": null,
                    "method": "blacklist",
                    "engine_update": "20210912"
                },
                "CAT-QuickHeal": {
                    "category": "undetected",
                    "engine_name": "CAT-QuickHeal",
                    "engine_version": "14.00",
                    "result": null,
                    "method": "blacklist",
                    "engine_update": "20210911"
                },
                "ALYac": {
                    "category": "undetected",
                    "engine_name": "ALYac",
                    "engine_version": "1.1.3.1",
                    "result": null,
                    "method": "blacklist",
                    "engine_update": "20210912"
                },
                "Malwarebytes": {
                    "category": "undetected",
                    "engine_name": "Malwarebytes",
                    "engine_version": "4.2.2.27",
                    "result": null,
                    "method": "blacklist",
                    "engine_update": "20210912"
                },
                "Zillya": {
                    "category": "undetected",
                    "engine_name": "Zillya",
                    "engine_version": "2.0.0.4445",
                    "result": null,
                    "method": "blacklist",
                    "engine_update": "20210910"
                },
                "Paloalto": {
                    "category": "type-unsupported",
                    "engine_name": "Paloalto",
                    "engine_version": "1.0",
                    "result": null,
                    "method": "blacklist",
                    "engine_update": "20210912"
                },
                "Sangfor": {
                    "category": "undetected",
                    "engine_name": "Sangfor",
                    "engine_version": "2.9.0.0",
                    "result": null,
                    "method": "blacklist",
                    "engine_update": "20210831"
                },
                "Trustlook": {
                    "category": "undetected",
                    "engine_name": "Trustlook",
                    "engine_version": "1.0",
                    "result": null,
                    "method": "blacklist",
                    "engine_update": "20210912"
                },
                "Alibaba": {
                    "category": "undetected",
                    "engine_name": "Alibaba",
                    "engine_version": "0.3.0.5",
                    "result": null,
                    "method": "blacklist",
                    "engine_update": "20190527"
                },
                "K7GW": {
                    "category": "undetected",
                    "engine_name": "K7GW",
                    "engine_version": "11.212.38253",
                    "result": null,
                    "method": "blacklist",
                    "engine_update": "20210912"
                },
                "K7AntiVirus": {
                    "category": "undetected",
                    "engine_name": "K7AntiVirus",
                    "engine_version": "11.212.38252",
                    "result": null,
                    "method": "blacklist",
                    "engine_update": "20210912"
                },
                "BitDefenderTheta": {
                    "category": "undetected",
                    "engine_name": "BitDefenderTheta",
                    "engine_version": "7.2.37796.0",
                    "result": null,
                    "method": "blacklist",
                    "engine_update": "20210908"
                },
                "Cyren": {
                    "category": "undetected",
                    "engine_name": "Cyren",
                    "engine_version": "6.3.0.2",
                    "result": null,
                    "method": "blacklist",
                    "engine_update": "20210912"
                },
                "SymantecMobileInsight": {
                    "category": "undetected",
                    "engine_name": "SymantecMobileInsight",
                    "engine_version": "2.0",
                    "result": null,
                    "method": "blacklist",
                    "engine_update": "20210126"
                },
                "Symantec": {
                    "category": "undetected",
                    "engine_name": "Symantec",
                    "engine_version": "1.15.0.0",
                    "result": null,
                    "method": "blacklist",
                    "engine_update": "20210911"
                },
                "ESET-NOD32": {
                    "category": "undetected",
                    "engine_name": "ESET-NOD32",
                    "engine_version": "23948",
                    "result": null,
                    "method": "blacklist",
                    "engine_update": "20210912"
                },
                "Baidu": {
                    "category": "undetected",
                    "engine_name": "Baidu",
                    "engine_version": "1.0.0.2",
                    "result": null,
                    "method": "blacklist",
                    "engine_update": "20190318"
                },
                "TrendMicro-HouseCall": {
                    "category": "undetected",
                    "engine_name": "TrendMicro-HouseCall",
                    "engine_version": "10.0.0.1040",
                    "result": null,
                    "method": "blacklist",
                    "engine_update": "20210911"
                },
                "Avast": {
                    "category": "timeout",
                    "engine_name": "Avast",
                    "engine_version": "21.1.5827.0",
                    "result": null,
                    "method": "blacklist",
                    "engine_update": "20210912"
                },
                "ClamAV": {
                    "category": "undetected",
                    "engine_name": "ClamAV",
                    "engine_version": "0.104.0.0",
                    "result": null,
                    "method": "blacklist",
                    "engine_update": "20210911"
                },
                "Kaspersky": {
                    "category": "undetected",
                    "engine_name": "Kaspersky",
                    "engine_version": "21.0.1.45",
                    "result": null,
                    "method": "blacklist",
                    "engine_update": "20210912"
                },
                "BitDefender": {
                    "category": "undetected",
                    "engine_name": "BitDefender",
                    "engine_version": "7.2",
                    "result": null,
                    "method": "blacklist",
                    "engine_update": "20210912"
                },
                "NANO-Antivirus": {
                    "category": "undetected",
                    "engine_name": "NANO-Antivirus",
                    "engine_version": "1.0.146.25368",
                    "result": null,
                    "method": "blacklist",
                    "engine_update": "20210912"
                },
                "SUPERAntiSpyware": {
                    "category": "undetected",
                    "engine_name": "SUPERAntiSpyware",
                    "engine_version": "5.6.0.1032",
                    "result": null,
                    "method": "blacklist",
                    "engine_update": "20210911"
                },
                "APEX": {
                    "category": "type-unsupported",
                    "engine_name": "APEX",
                    "engine_version": "6.207",
                    "result": null,
                    "method": "blacklist",
                    "engine_update": "20210910"
                },
                "Tencent": {
                    "category": "undetected",
                    "engine_name": "Tencent",
                    "engine_version": "1.0.0.1",
                    "result": null,
                    "method": "blacklist",
                    "engine_update": "20210912"
                },
                "Ad-Aware": {
                    "category": "undetected",
                    "engine_name": "Ad-Aware",
                    "engine_version": "3.0.21.179",
                    "result": null,
                    "method": "blacklist",
                    "engine_update": "20210912"
                },
                "Emsisoft": {
                    "category": "undetected",
                    "engine_name": "Emsisoft",
                    "engine_version": "2021.5.0.7597",
                    "result": null,
                    "method": "blacklist",
                    "engine_update": "20210912"
                },
                "Comodo": {
                    "category": "undetected",
                    "engine_name": "Comodo",
                    "engine_version": "33890",
                    "result": null,
                    "method": "blacklist",
                    "engine_update": "20210912"
                },
                "F-Secure": {
                    "category": "undetected",
                    "engine_name": "F-Secure",
                    "engine_version": "12.0.86.52",
                    "result": null,
                    "method": "blacklist",
                    "engine_update": "20210912"
                },
                "DrWeb": {
                    "category": "malicious",
                    "engine_name": "DrWeb",
                    "engine_version": "7.0.49.9080",
                    "result": "Adware.Gexin.2.origin",
                    "method": "blacklist",
                    "engine_update": "20210912"
                },
                "VIPRE": {
                    "category": "undetected",
                    "engine_name": "VIPRE",
                    "engine_version": "95428",
                    "result": null,
                    "method": "blacklist",
                    "engine_update": "20210912"
                },
                "TrendMicro": {
                    "category": "undetected",
                    "engine_name": "TrendMicro",
                    "engine_version": "11.0.0.1006",
                    "result": null,
                    "method": "blacklist",
                    "engine_update": "20210912"
                },
                "McAfee-GW-Edition": {
                    "category": "undetected",
                    "engine_name": "McAfee-GW-Edition",
                    "engine_version": "v2019.1.2+3728",
                    "result": null,
                    "method": "blacklist",
                    "engine_update": "20210911"
                },
                "SentinelOne": {
                    "category": "type-unsupported",
                    "engine_name": "SentinelOne",
                    "engine_version": "6.2.0.11",
                    "result": null,
                    "method": "blacklist",
                    "engine_update": "20210829"
                },
                "Trapmine": {
                    "category": "type-unsupported",
                    "engine_name": "Trapmine",
                    "engine_version": "3.5.0.1023",
                    "result": null,
                    "method": "blacklist",
                    "engine_update": "20200727"
                },
                "CMC": {
                    "category": "undetected",
                    "engine_name": "CMC",
                    "engine_version": "2.10.2019.1",
                    "result": null,
                    "method": "blacklist",
                    "engine_update": "20210816"
                },
                "Sophos": {
                    "category": "undetected",
                    "engine_name": "Sophos",
                    "engine_version": "1.3.0.0",
                    "result": null,
                    "method": "blacklist",
                    "engine_update": "20210912"
                },
                "Ikarus": {
                    "category": "undetected",
                    "engine_name": "Ikarus",
                    "engine_version": "0.1.5.2",
                    "result": null,
                    "method": "blacklist",
                    "engine_update": "20210911"
                },
                "Avast-Mobile": {
                    "category": "undetected",
                    "engine_name": "Avast-Mobile",
                    "engine_version": "210910-00",
                    "result": null,
                    "method": "blacklist",
                    "engine_update": "20210911"
                },
                "Jiangmin": {
                    "category": "undetected",
                    "engine_name": "Jiangmin",
                    "engine_version": "16.0.100",
                    "result": null,
                    "method": "blacklist",
                    "engine_update": "20210911"
                },
                "Webroot": {
                    "category": "type-unsupported",
                    "engine_name": "Webroot",
                    "engine_version": "1.0.0.403",
                    "result": null,
                    "method": "blacklist",
                    "engine_update": "20210912"
                },
                "Avira": {
                    "category": "undetected",
                    "engine_name": "Avira",
                    "engine_version": "8.3.3.12",
                    "result": null,
                    "method": "blacklist",
                    "engine_update": "20210912"
                },
                "eGambit": {
                    "category": "type-unsupported",
                    "engine_name": "eGambit",
                    "engine_version": null,
                    "result": null,
                    "method": "blacklist",
                    "engine_update": "20210912"
                },
                "Antiy-AVL": {
                    "category": "undetected",
                    "engine_name": "Antiy-AVL",
                    "engine_version": "3.0.0.1",
                    "result": null,
                    "method": "blacklist",
                    "engine_update": "20210912"
                },
                "Kingsoft": {
                    "category": "undetected",
                    "engine_name": "Kingsoft",
                    "engine_version": "2017.9.26.565",
                    "result": null,
                    "method": "blacklist",
                    "engine_update": "20210912"
                },
                "Microsoft": {
                    "category": "undetected",
                    "engine_name": "Microsoft",
                    "engine_version": "1.1.18500.10",
                    "result": null,
                    "method": "blacklist",
                    "engine_update": "20210912"
                },
                "Gridinsoft": {
                    "category": "undetected",
                    "engine_name": "Gridinsoft",
                    "engine_version": "1.0.55.148",
                    "result": null,
                    "method": "blacklist",
                    "engine_update": "20210912"
                },
                "Arcabit": {
                    "category": "undetected",
                    "engine_name": "Arcabit",
                    "engine_version": "1.0.0.886",
                    "result": null,
                    "method": "blacklist",
                    "engine_update": "20210912"
                },
                "ViRobot": {
                    "category": "undetected",
                    "engine_name": "ViRobot",
                    "engine_version": "2014.3.20.0",
                    "result": null,
                    "method": "blacklist",
                    "engine_update": "20210911"
                },
                "ZoneAlarm": {
                    "category": "undetected",
                    "engine_name": "ZoneAlarm",
                    "engine_version": "1.0",
                    "result": null,
                    "method": "blacklist",
                    "engine_update": "20210912"
                },
                "GData": {
                    "category": "undetected",
                    "engine_name": "GData",
                    "engine_version": "A:25.30779B:27.24430",
                    "result": null,
                    "method": "blacklist",
                    "engine_update": "20210912"
                },
                "Cynet": {
                    "category": "type-unsupported",
                    "engine_name": "Cynet",
                    "engine_version": "4.0.0.27",
                    "result": null,
                    "method": "blacklist",
                    "engine_update": "20210912"
                },
                "BitDefenderFalx": {
                    "category": "undetected",
                    "engine_name": "BitDefenderFalx",
                    "engine_version": "2.0.936",
                    "result": null,
                    "method": "blacklist",
                    "engine_update": "20210610"
                },
                "AhnLab-V3": {
                    "category": "undetected",
                    "engine_name": "AhnLab-V3",
                    "engine_version": "3.20.4.10148",
                    "result": null,
                    "method": "blacklist",
                    "engine_update": "20210912"
                },
                "Acronis": {
                    "category": "type-unsupported",
                    "engine_name": "Acronis",
                    "engine_version": "1.1.1.82",
                    "result": null,
                    "method": "blacklist",
                    "engine_update": "20210512"
                },
                "McAfee": {
                    "category": "undetected",
                    "engine_name": "McAfee",
                    "engine_version": "6.0.6.653",
                    "result": null,
                    "method": "blacklist",
                    "engine_update": "20210912"
                },
                "MAX": {
                    "category": "undetected",
                    "engine_name": "MAX",
                    "engine_version": "2019.9.16.1",
                    "result": null,
                    "method": "blacklist",
                    "engine_update": "20210912"
                },
                "VBA32": {
                    "category": "undetected",
                    "engine_name": "VBA32",
                    "engine_version": "5.0.0",
                    "result": null,
                    "method": "blacklist",
                    "engine_update": "20210910"
                },
                "Cylance": {
                    "category": "timeout",
                    "engine_name": "Cylance",
                    "engine_version": "2.3.1.101",
                    "result": null,
                    "method": "blacklist",
                    "engine_update": "20210912"
                },
                "Zoner": {
                    "category": "undetected",
                    "engine_name": "Zoner",
                    "engine_version": "0.0.0.0",
                    "result": null,
                    "method": "blacklist",
                    "engine_update": "20210911"
                },
                "Rising": {
                    "category": "undetected",
                    "engine_name": "Rising",
                    "engine_version": "25.0.0.26",
                    "result": null,
                    "method": "blacklist",
                    "engine_update": "20210912"
                },
                "Yandex": {
                    "category": "undetected",
                    "engine_name": "Yandex",
                    "engine_version": "5.5.2.24",
                    "result": null,
                    "method": "blacklist",
                    "engine_update": "20210911"
                },
                "TACHYON": {
                    "category": "undetected",
                    "engine_name": "TACHYON",
                    "engine_version": "2021-09-12.02",
                    "result": null,
                    "method": "blacklist",
                    "engine_update": "20210912"
                },
                "MaxSecure": {
                    "category": "undetected",
                    "engine_name": "MaxSecure",
                    "engine_version": "1.0.0.1",
                    "result": null,
                    "method": "blacklist",
                    "engine_update": "20210911"
                },
                "Fortinet": {
                    "category": "undetected",
                    "engine_name": "Fortinet",
                    "engine_version": "6.2.142.0",
                    "result": null,
                    "method": "blacklist",
                    "engine_update": "20210912"
                },
                "AVG": {
                    "category": "confirmed-timeout",
                    "engine_name": "AVG",
                    "engine_version": "21.1.5827.0",
                    "result": null,
                    "method": "blacklist",
                    "engine_update": "20210912"
                },
                "Cybereason": {
                    "category": "type-unsupported",
                    "engine_name": "Cybereason",
                    "engine_version": "1.2.449",
                    "result": null,
                    "method": "blacklist",
                    "engine_update": "20210330"
                },
                "Panda": {
                    "category": "undetected",
                    "engine_name": "Panda",
                    "engine_version": "4.6.4.2",
                    "result": null,
                    "method": "blacklist",
                    "engine_update": "20210912"
                },
                "CrowdStrike": {
                    "category": "type-unsupported",
                    "engine_name": "CrowdStrike",
                    "engine_version": "1.0",
                    "result": null,
                    "method": "blacklist",
                    "engine_update": "20210203"
                }
            },
            "sha256": "0001fc6b6651096e65fe6b4a1ab9903e18bac295d19a92e6f0b281b6ad6ef627",
            "tags": [
                "checks-gps",
                "reflection",
                "apk",
                "runtime-modules",
                "contains-elf",
                "telephony",
                "android"
            ],
            "last_analysis_date": 1631436774,
            "unique_sources": 2,
            "first_submission_date": 1549475573,
            "sha1": "ab5d2b2f16b85242ebcb1a0606f5e82a3959faea",
            "ssdeep": "786432:+axj0dm2oVOsgJqISf3JgsfMc2rPprjmpMeOl74BQBHHVyN3F5sI:+aV4sHPhgsfV2pEMD7eAY",
            "bundle_info": {
                "highest_datetime": "1980-00-00 00:00:00",
                "lowest_datetime": "1980-00-00 00:00:00",
                "num_children": 3669,
                "extensions": {
                    "bin": 2,
                    "dex": 4,
                    "MF": 2,
                    "xml": 216,
                    "cfg": 5,
                    "gz": 1,
                    "jpg": 1,
                    "RSA": 1,
                    "apk": 2,
                    "so": 32,
                    "cer": 1,
                    "css": 1,
                    "txt": 2,
                    "SF": 1,
                    "png": 606,
                    "ini": 1
                },
                "file_types": {
                    "XML": 211,
                    "DEX": 4,
                    "ZIP": 4,
                    "unknown": 105,
                    "ELF": 36,
                    "JPG": 1,
                    "JSON": 7,
                    "HTML": 3,
                    "PNG": 629
                },
                "type": "APK",
                "uncompressed_size": 57913649
            },
            "packers": {
                "F-PROT": "appended, UTF-8, packed"
            },
            "md5": "f3f749f941790834c7e5980e44722d97",
            "androguard": {
                "VTAndroidInfo": 1.41,
                "Libraries": [
                    "org.simalliance.openmobileapi"
                ],
                "AndroidApplicationError": false,
                "MinSdkVersion": "16",
                "AndroguardVersion": "3.0-dev",
                "Activities": [
                    "com.igexin.sdk.PushActivity",
                    "com.igexin.sdk.GActivity",
                    "com.tencent.tauth.AuthActivity",
                    "com.tencent.connect.common.AssistActivity",
                    "com.qingqing.student.ui.start.StartActivity",
                    "com.jdpaysdk.author.AuthorActivity",
                    "com.jdpaysdk.author.browser.BrowserActivity",
                    "com.qingqing.student.ui.start.FirstBaseOptionActivity",
                    "com.qingqing.student.ui.main.MemberCenterActivity",
                    "com.qingqing.student.ui.OpenAgreementActivity",
                    "com.qingqing.student.ui.course.FeedbackReplyActivity",
                    "com.qingqing.student.ui.im.ChatActivity",
                    "com.qingqing.student.ui.order.MyOrderActivity",
                    "com.qingqing.student.ui.course.coursedetail.CourseDetailActivityV2",
                    "com.qingqing.student.ui.course.CourseFeedbackListActivity",
                    "com.qingqing.student.ui.course.CourseFeedbackDetailActivity",
                    "com.qingqing.student.ui.order.StudentsComeActivity",
                    "com.qingqing.student.ui.me.MyProfilesActivity",
                    "com.qingqing.student.ui.me.SelectGradeActivity",
                    "com.qingqing.student.ui.me.FeedbackActivity",
                    "com.qingqing.student.ui.address.MyAddressActivity",
                    "com.qingqing.student.ui.news.SystemNewsListActivity",
                    "com.qingqing.student.ui.news.NewsActivity",
                    "com.qingqing.student.ui.address.EditAddressActivity",
                    "com.qingqing.student.ui.address.EditAddressInputActivity",
                    "com.qingqing.student.ui.me.wallet.MyWalletActivity",
                    "com.qingqing.student.ui.me.wallet.MyWalletWithdrawActivity",
                    "com.qingqing.student.ui.me.MyCouponActivity",
                    "com.qingqing.student.ui.search.SearchTeacherByPhoneActivity",
                    "com.qingqing.student.ui.me.HelpActivity",
                    "com.qingqing.student.ui.order.DispacheCouponOrPayActivity",
                    "com.qingqing.student.ui.me.MySetActivity",
                    "com.qingqing.student.ui.order.PayActivity",
                    "com.qingqing.student.ui.order.CmbActivity",
                    "com.qingqing.student.ui.StudentHtmlActivity",
                    "com.qingqing.student.ui.login.StudentChannelActivity",
                    "com.alipay.sdk.app.H5PayActivity",
                    "com.unionpay.uppay.PayActivity",
                    "com.unionpay.UPPayWapActivity",
                    "com.qingqing.student.ui.city.SelectCityActivity",
                    "com.qingqing.student.ui.me.TeacherDetailActivity",
                    "com.qingqing.student.ui.headline.InformationListActivity",
                    "com.qingqing.student.ui.order.SelectCouponActivity",
                    "com.qingqing.student.ui.login.LoginActivity",
                    "com.qingqing.student.ui.order.MyOrderDetailActivity",
                    "com.qingqing.student.ui.order.ChangeCourseApplyActivity",
                    "com.qingqing.student.ui.teacherhome.TeacherHomePageActivity",
                    "com.qingqing.student.ui.search.FindTeacherFilterActivity",
                    "com.qingqing.student.wxapi.WXPayEntryActivity",
                    "com.qingqing.student.wxapi.WXEntryActivity",
                    "com.qingqing.student.ui.MyAssitantActivity",
                    "com.qingqing.student.ui.im.ChatGroupSettingActivity",
                    "com.easemob.easeui.ui.EaseShowVideoActivity",
                    "com.qingqing.student.ui.test.TestActivity",
                    "com.qingqing.student.ui.course.CourseAppraiseActivity",
                    "com.qingqing.student.ui.course.DropCourseActivity",
                    "com.qingqing.student.ui.honor.GalleryAndHonorActivity",
                    "com.qingqing.student.ui.course.CourseCountActivity",
                    "com.qingqing.student.ui.course.TeacherExperienceAndSuccessCaseActivity",
                    "com.qingqing.student.ui.order.TeacherGraduateSchoolsActivity",
                    "com.qingqing.student.ui.course.NotFeedBackActivity",
                    "com.qingqing.student.ui.course.CourseCalenderActivity",
                    "com.qingqing.student.ui.search.SearchTeacherActivity",
                    "com.qingqing.student.ui.lecture.LectureDetailActivity",
                    "com.qingqing.student.ui.lecture.MyLectureListActivity",
                    "com.qingqing.student.ui.lecture.series.LectureSeriesDetailActivity",
                    "com.qingqing.student.ui.lecture.LectureHistoryActivity",
                    "com.qingqing.student.ui.lecture.ChatSettingsActivity",
                    "com.qingqing.student.ui.lecture.SetGagActivity",
                    "com.qingqing.student.ui.me.SetNickNameActivity",
                    "com.qingqing.student.ui.me.teachers.MyTeachersActivity",
                    "com.qingqing.student.ui.im.MyContactListActivity",
                    "com.qingqing.student.ui.livecloud.LiveCloudActivity",
                    "com.qingqing.student.ui.investigation.InvestigationActivity",
                    "com.qingqing.student.ui.appraise.MyAppraiseListActivity",
                    "com.qingqing.student.ui.appraise.AppraiseDetailActivity",
                    "com.qingqing.student.ui.order.MyGrouponOrderDetailActivity",
                    "com.qingqing.student.ui.order.GroupOrderSucActivity",
                    "com.qingqing.student.ui.order.CMBPayActivity",
                    "com.qingqing.student.ui.homework.StudentPreviewHomeworkDetailActivity",
                    "com.qingqing.student.ui.homework.StudentReviewHomeworkDetailActivity",
                    "com.qingqing.student.ui.homework.StudentHomeworkAnswerDetailActivity",
                    "com.qingqing.student.ui.homework.StudentSubmitHomeworkAnswerActivity",
                    "cmb.pb.ui.PBKeyboardActivity",
                    "com.qingqing.student.ui.neworder.CommitOrderActivity",
                    "com.qingqing.student.ui.neworder.LiveClassCommitActivity",
                    "com.qingqing.student.ui.neworder.RenewGroupOrderActivity",
                    "com.qingqing.student.ui.me.RechargeActivity",
                    "com.qingqing.student.ui.me.wallet.MyWalletWithdrawSuccessActivity",
                    "com.qingqing.student.ui.nim.ChatActivity",
                    "com.qingqing.student.ui.nim.LectureChatActivity",
                    "com.qingqing.student.ui.nim.LectureSettingActivity",
                    "com.qingqing.student.ui.order.GrouponRemarkEditActivity",
                    "com.qingqing.student.ui.teacher.CompareTeacherActivity",
                    "com.qingqing.student.ui.neworder.PayForOthersActivity",
                    "com.qingqing.student.ui.course.contentpack.CourseContentPackageDetailActivity",
                    "com.qingqing.student.ui.course.contentpack.CourseContentPackageOutlineActivity",
                    "com.qingqing.student.ui.course.contentpack.OfficialContentPackPlayActivity",
                    "com.qingqing.student.ui.course.LiveCourseDetailActivity",
                    "com.qingqing.student.ui.course.LiveCourseReplayDetailActivity"
                ],
                "certificate": {
                    "Subject": {
                        "DN": "C:86, CN:baomin, L:shanghai, O:Shanghai changing information and technology co. ltd, ST:china, OU:product",
                        "C": "86",
                        "CN": "baomin",
                        "L": "shanghai",
                        "O": "Shanghai changing information and technology co. ltd",
                        "ST": "china",
                        "OU": "product"
                    },
                    "validto": "3014-04-07 10:11:31",
                    "serialnumber": "44cc1845",
                    "thumbprint": "1aecaa316957138e25fddaedc846c5482ef861a5",
                    "validfrom": "2014-12-05 10:11:31",
                    "Issuer": {
                        "DN": "C:86, CN:baomin, L:shanghai, O:Shanghai changing information and technology co. ltd, ST:china, OU:product",
                        "C": "86",
                        "CN": "baomin",
                        "L": "shanghai",
                        "O": "Shanghai changing information and technology co. ltd",
                        "ST": "china",
                        "OU": "product"
                    }
                },
                "AndroidApplication": 1,
                "RiskIndicator": {
                    "APK": {
                        "DEX": 4,
                        "APK": 3,
                        "SHARED LIBRARIES": 36,
                        "ZIP": 1
                    },
                    "PERM": {
                        "NORMAL": 13,
                        "MONEY": 1,
                        "PRIVACY": 8,
                        "SIGNATUREORSYSTEM": 1,
                        "CALL": 1,
                        "DANGEROUS": 10,
                        "INTERNET": 1,
                        "SIGNATUREORSYSTEMORDEVELOPMENT": 1,
                        "GPS": 2
                    }
                },
                "Services": [
                    "com.easemob.chat.EMChatService",
                    "com.igexin.sdk.PushService",
                    "com.amap.api.location.APSService",
                    "com.igexin.download.DownloadService",
                    "com.qingqing.student.services.RemoteService",
                    "com.qingqing.student.services.MQService",
                    "cmb.pb.cmbsafe.CmbService",
                    "com.qingqing.student.services.TXPlayerService",
                    "com.baidu.wallet.remotepay.BDWalletAppPayService",
                    "com.tinkerpatch.sdk.tinker.service.TinkerServerResultService",
                    "com.tencent.tinker.lib.service.TinkerPatchService",
                    "com.tencent.tinker.lib.service.TinkerPatchService$InnerService",
                    "com.tencent.tinker.lib.service.DefaultTinkerResultService"
                ],
                "AndroidVersionCode": "608050",
                "main_activity": "com.qingqing.student.ui.start.StartActivity",
                "Package": "com.qingqing.student",
                "intent_filters": {
                    "Services": {
                        "com.qingqing.student.services.RemoteService": {
                            "action": [
                                "com.qingqing.student.action.REMOTE_SERVICE",
                                "com.qingqing.student.action.LOCATION"
                            ]
                        },
                        "com.qingqing.student.services.MQService": {
                            "action": [
                                "com.qingqing.student.action.MQ_SERVICE"
                            ]
                        },
                        "com.igexin.sdk.PushService": {
                            "action": [
                                "com.igexin.sdk.action.service.message"
                            ]
                        },
                        "com.baidu.wallet.remotepay.BDWalletAppPayService": {
                            "action": [
                                "com.baidu.wallet.remotepay.IBDWalletAppPay"
                            ]
                        }
                    },
                    "Activities": {
                        "com.tencent.tauth.AuthActivity": {
                            "action": [
                                "android.intent.action.VIEW"
                            ],
                            "category": [
                                "android.intent.category.DEFAULT",
                                "android.intent.category.BROWSABLE"
                            ]
                        },
                        "com.qingqing.student.ui.live.LockActivity": {
                            "category": [
                                "android.intent.category.HOME",
                                "android.intent.category.LAUNCHER"
                            ]
                        },
                        "com.sina.weibo.sdk.share.WbShareTransActivity": {
                            "action": [
                                "com.sina.weibo.sdk.action.ACTION_SDK_REQ_ACTIVITY"
                            ],
                            "category": [
                                "android.intent.category.DEFAULT"
                            ]
                        },
                        "com.baidu.wallet.remotepay.RemotePayEnterActivity": {
                            "action": [
                                "com.baidu.wallet.remotepay"
                            ]
                        },
                        "com.jdpaysdk.author.AuthorActivity": {
                            "action": [
                                "android.intent.action.VIEW"
                            ],
                            "category": [
                                "android.intent.category.DEFAULT",
                                "android.intent.category.BROWSABLE"
                            ]
                        },
                        "com.qingqing.student.ui.start.StartActivity": {
                            "action": [
                                "android.intent.action.MAIN",
                                "android.intent.action.VIEW"
                            ],
                            "category": [
                                "android.intent.category.LAUNCHER",
                                "android.intent.category.DEFAULT",
                                "android.intent.category.BROWSABLE"
                            ]
                        },
                        "com.sina.weibo.sdk.share.WbShareToStoryActivity": {
                            "action": [
                                "com.sina.weibo.sdk.action.ACTION_SDK_REQ_STORY"
                            ],
                            "category": [
                                "android.intent.category.DEFAULT"
                            ]
                        },
                        "com.qingqing.student.ui.main.MemberCenterActivity": {
                            "action": [
                                "com.qingqing.ACTION_IM_MESSAGE_com.qingqing.student"
                            ],
                            "category": [
                                "android.intent.category.DEFAULT"
                            ]
                        },
                        "com.baidu.wallet.scheme.WalletSchemeActivity": {
                            "action": [
                                "android.intent.action.VIEW"
                            ],
                            "category": [
                                "android.intent.category.DEFAULT",
                                "android.intent.category.BROWSABLE"
                            ]
                        }
                    },
                    "Receivers": {
                        "com.qingqing.student.core.msg.MsgEventReceiver": {
                            "action": [
                                "com.qingqing.student.msg_event.notify"
                            ]
                        },
                        "com.igexin.download.DownloadReceiver": {
                            "action": [
                                "android.net.conn.CONNECTIVITY_CHANGE"
                            ]
                        },
                        "com.qingqing.student.receivers.ThirdPushReceiver": {
                            "action": [
                                "com.igexin.sdk.action.NLFJaJZ1Ih7g58TII10JJ1"
                            ]
                        },
                        "com.qingqing.student.receivers.RestartReceiver": {
                            "action": [
                                "android.intent.action.USER_PRESENT",
                                "android.net.conn.CONNECTIVITY_CHANGE",
                                "android.intent.action.BOOT_COMPLETED",
                                "android.intent.action.ACTION_POWER_CONNECTED",
                                "android.intent.action.ACTION_POWER_DISCONNECTED",
                                "ce.restart_mq_service"
                            ]
                        },
                        "com.igexin.sdk.PushReceiver": {
                            "action": [
                                "android.intent.action.BOOT_COMPLETED",
                                "android.net.conn.CONNECTIVITY_CHANGE",
                                "android.intent.action.USER_PRESENT",
                                "com.igexin.sdk.action.refreshls",
                                "android.intent.action.MEDIA_MOUNTED",
                                "android.intent.action.ACTION_POWER_CONNECTED",
                                "android.intent.action.ACTION_POWER_DISCONNECTED"
                            ]
                        }
                    }
                },
                "AndroidVersionName": "6.8.5",
                "TargetSdkVersion": "22",
                "AndroidApplicationInfo": "APK",
                "Providers": [
                    "com.igexin.download.DownloadProvider"
                ],
                "permission_details": {
                    "android.permission.CHANGE_NETWORK_STATE": {
                        "short_description": "change network connectivity",
                        "full_description": "Allows an application to change the state of network connectivity.",
                        "permission_type": "normal"
                    },
                    "android.permission.DISABLE_KEYGUARD": {
                        "short_description": "disable key lock",
                        "full_description": "Allows an application to disable the key lock and any associated password security. A legitimate example of this is the phone disabling the key lock when receiving an incoming phone call, then re-enabling the key lock when the call is finished.",
                        "permission_type": "dangerous"
                    },
                    "android.permission.READ_CALENDAR": {
                        "short_description": "read calendar events",
                        "full_description": "Allows an application to read all of the calendar events stored on your phone. Malicious applications can use this to send your calendar events to other people.",
                        "permission_type": "dangerous"
                    },
                    "android.permission.PROCESS_OUTGOING_CALLS": {
                        "short_description": "intercept outgoing calls",
                        "full_description": "Allows application to process outgoing calls and change the number to be dialled. Malicious applications may monitor, redirect or prevent outgoing calls.",
                        "permission_type": "dangerous"
                    },
                    "android.permission.ACCESS_COARSE_LOCATION": {
                        "short_description": "coarse (network-based) location",
                        "full_description": "Access coarse location sources, such as the mobile network database, to determine an approximate phone location, where available. Malicious applications can use this to determine approximately where you are.",
                        "permission_type": "dangerous"
                    },
                    "com.huawei.android.launcher.permission.WRITE_SETTINGS": {
                        "short_description": "modify global system settings",
                        "full_description": "Allows an application to modify the system's settings data. Malicious applications can corrupt your system's configuration.",
                        "permission_type": "normal"
                    },
                    "android.permission.RECEIVE_BOOT_COMPLETED": {
                        "short_description": "automatically start at boot",
                        "full_description": "Allows an application to start itself as soon as the system has finished booting. This can make it take longer to start the phone and allow the application to slow down the overall phone by always running.",
                        "permission_type": "normal"
                    },
                    "android.permission.BLUETOOTH": {
                        "short_description": "create Bluetooth connections",
                        "full_description": "Allows an application to view configuration of the local Bluetooth phone and to make and accept connections with paired devices.",
                        "permission_type": "dangerous"
                    },
                    "android.permission.WRITE_CALENDAR": {
                        "short_description": "add or modify calendar events and send emails to guests",
                        "full_description": "Allows an application to add or change the events on your calendar, which may send emails to guests. Malicious applications can use this to erase or modify your calendar events or to send emails to guests.",
                        "permission_type": "dangerous"
                    },
                    "android.permission.INTERNET": {
                        "short_description": "full Internet access",
                        "full_description": "Allows an application to create network sockets.",
                        "permission_type": "dangerous"
                    },
                    "android.permission.CHANGE_CONFIGURATION": {
                        "short_description": "change your UI settings",
                        "full_description": "Allows an application to change the current configuration, such as the locale or overall font size.",
                        "permission_type": "signatureOrSystemOrDevelopment"
                    },
                    "com.oppo.launcher.permission.READ_SETTINGS": {
                        "short_description": "Unknown permission from android reference",
                        "full_description": "Unknown permission from android reference",
                        "permission_type": "normal"
                    },
                    "android.permission.BLUETOOTH_ADMIN": {
                        "short_description": "bluetooth administration",
                        "full_description": "Allows an application to configure the local Bluetooth phone and to discover and pair with remote devices.",
                        "permission_type": "dangerous"
                    },
                    "android.permission.NFC": {
                        "short_description": "control Near-Field Communication",
                        "full_description": "Allows an application to communicate with Near-Field Communication (NFC) tags, cards and readers.",
                        "permission_type": "dangerous"
                    },
                    "android.permission.ACCESS_FINE_LOCATION": {
                        "short_description": "fine (GPS) location",
                        "full_description": "Access fine location sources, such as the Global Positioning System on the phone, where available. Malicious applications can use this to determine where you are and may consume additional battery power.",
                        "permission_type": "dangerous"
                    },
                    "android.permission.USE_FINGERPRINT": {
                        "short_description": "Unknown permission from android reference",
                        "full_description": "Unknown permission from android reference",
                        "permission_type": "normal"
                    },
                    "android.permission.PERSISTENT_ACTIVITY": {
                        "short_description": "make application always run",
                        "full_description": "Allows an application to make parts of itself persistent, so that the system can't use it for other applications.",
                        "permission_type": "normal"
                    },
                    "getui.permission.GetuiService.com.qingqing.student": {
                        "short_description": "Unknown permission from android reference",
                        "full_description": "Unknown permission from android reference",
                        "permission_type": "normal"
                    },
                    "com.sec.android.provider.badge.permission.WRITE": {
                        "short_description": "Unknown permission from android reference",
                        "full_description": "Unknown permission from android reference",
                        "permission_type": "normal"
                    },
                    "com.majeur.launcher.permission.UPDATE_BADGE": {
                        "short_description": "Unknown permission from android reference",
                        "full_description": "Unknown permission from android reference",
                        "permission_type": "normal"
                    },
                    "android.permission.ACCESS_NETWORK_STATE": {
                        "short_description": "view network status",
                        "full_description": "Allows an application to view the status of all networks.",
                        "permission_type": "normal"
                    },
                    "android.permission.GET_TASKS": {
                        "short_description": "retrieve running applications",
                        "full_description": "Allows application to retrieve information about currently and recently running tasks. May allow malicious applications to discover private information about other applications.",
                        "permission_type": "dangerous"
                    },
                    "me.everything.badger.permission.BADGE_COUNT_READ": {
                        "short_description": "Unknown permission from android reference",
                        "full_description": "Unknown permission from android reference",
                        "permission_type": "normal"
                    },
                    "com.htc.launcher.permission.UPDATE_SHORTCUT": {
                        "short_description": "Unknown permission from android reference",
                        "full_description": "Unknown permission from android reference",
                        "permission_type": "normal"
                    },
                    "com.htc.launcher.permission.READ_SETTINGS": {
                        "short_description": "Unknown permission from android reference",
                        "full_description": "Unknown permission from android reference",
                        "permission_type": "normal"
                    },
                    "me.everything.badger.permission.BADGE_COUNT_WRITE": {
                        "short_description": "Unknown permission from android reference",
                        "full_description": "Unknown permission from android reference",
                        "permission_type": "normal"
                    },
                    "android.permission.WRITE_EXTERNAL_STORAGE": {
                        "short_description": "modify/delete SD card contents",
                        "full_description": "Allows an application to write to the SD card.",
                        "permission_type": "dangerous"
                    },
                    "android.permission.DOWNLOAD_WITHOUT_NOTIFICATION": {
                        "short_description": "Unknown permission from android reference",
                        "full_description": "Unknown permission from android reference",
                        "permission_type": "normal"
                    },
                    "android.permission.READ_EXTERNAL_STORAGE": {
                        "short_description": "read from external storage",
                        "full_description": "Allows an application to read from external storage",
                        "permission_type": "normal"
                    },
                    "org.fidoalliance.uaf.permissions.FIDO_CLIENT": {
                        "short_description": "Unknown permission from android reference",
                        "full_description": "Unknown permission from android reference",
                        "permission_type": "normal"
                    },
                    "com.anddoes.launcher.permission.UPDATE_COUNT": {
                        "short_description": "Unknown permission from android reference",
                        "full_description": "Unknown permission from android reference",
                        "permission_type": "normal"
                    },
                    "com.sec.feature.fingerprint_manager_service": {
                        "short_description": "Unknown permission from android reference",
                        "full_description": "Unknown permission from android reference",
                        "permission_type": "normal"
                    },
                    "org.simalliance.openmobileapi.SMARTCARD": {
                        "short_description": "Unknown permission from android reference",
                        "full_description": "Unknown permission from android reference",
                        "permission_type": "normal"
                    },
                    "android.permission.BROADCAST_STICKY": {
                        "short_description": "send sticky broadcast",
                        "full_description": "Allows an application to send sticky broadcasts, which remain after the broadcast ends. Malicious applications can make the phone slow or unstable by causing it to use too much memory.",
                        "permission_type": "normal"
                    },
                    "com.sonymobile.home.permission.PROVIDER_INSERT_BADGE": {
                        "short_description": "Unknown permission from android reference",
                        "full_description": "Unknown permission from android reference",
                        "permission_type": "normal"
                    },
                    "android.permission.CALL_PHONE": {
                        "short_description": "directly call phone numbers",
                        "full_description": "Allows an application to initiate a phone call without going through the Dialer user interface for the user to confirm the call being placed. ",
                        "permission_type": "dangerous"
                    },
                    "android.permission.WRITE_SETTINGS": {
                        "short_description": "modify global system settings",
                        "full_description": "Allows an application to modify the system's settings data. Malicious applications can corrupt your system's configuration.",
                        "permission_type": "normal"
                    },
                    "android.permission.READ_PHONE_STATE": {
                        "short_description": "read phone state and identity",
                        "full_description": "Allows the application to access the phone features of the device. An application with this permission can determine the phone number and serial number of this phone, whether a call is active, the number that call is connected to and so on.",
                        "permission_type": "dangerous"
                    },
                    "android.permission.MOUNT_UNMOUNT_FILESYSTEMS": {
                        "short_description": "mount and unmount file systems",
                        "full_description": "Allows the application to mount and unmount file systems for removable storage.",
                        "permission_type": "signatureOrSystem"
                    },
                    "com.oppo.launcher.permission.WRITE_SETTINGS": {
                        "short_description": "modify global system settings",
                        "full_description": "Allows an application to modify the system's settings data. Malicious applications can corrupt your system's configuration.",
                        "permission_type": "normal"
                    },
                    "com.fingerprints.service.ACCESS_FINGERPRINT_MANAGER": {
                        "short_description": "Unknown permission from android reference",
                        "full_description": "Unknown permission from android reference",
                        "permission_type": "normal"
                    },
                    "android.permission.VIBRATE": {
                        "short_description": "control vibrator",
                        "full_description": "Allows the application to control the vibrator.",
                        "permission_type": "normal"
                    },
                    "android.permission.BATTERY_STATS": {
                        "short_description": "modify battery statistics",
                        "full_description": "Allows the modification of collected battery statistics. Not for use by normal applications.",
                        "permission_type": "dangerous"
                    },
                    "android.permission.CAMERA": {
                        "short_description": "take pictures and videos",
                        "full_description": "Allows application to take pictures and videos with the camera. This allows the application to collect images that the camera is seeing at any time.",
                        "permission_type": "dangerous"
                    },
                    "android.permission.SYSTEM_ALERT_WINDOW": {
                        "short_description": "display system-level alerts",
                        "full_description": "Allows an application to show system-alert windows. Malicious applications can take over the entire screen of the phone.",
                        "permission_type": "dangerous"
                    },
                    "com.huawei.android.launcher.permission.READ_SETTINGS": {
                        "short_description": "Unknown permission from android reference",
                        "full_description": "Unknown permission from android reference",
                        "permission_type": "normal"
                    },
                    "android.permission.SET_PROCESS_FOREGROUND": {
                        "short_description": "Unknown permission from android reference",
                        "full_description": "Unknown permission from android reference",
                        "permission_type": "normal"
                    },
                    "android.permission.ACCESS_WIFI_STATE": {
                        "short_description": "view Wi-Fi status",
                        "full_description": "Allows an application to view the information about the status of Wi-Fi.",
                        "permission_type": "normal"
                    },
                    "android.permission.WAKE_LOCK": {
                        "short_description": "prevent phone from sleeping",
                        "full_description": "Allows an application to prevent the phone from going to sleep.",
                        "permission_type": "normal"
                    },
                    "com.huawei.android.launcher.permission.CHANGE_BADGE": {
                        "short_description": "Unknown permission from android reference",
                        "full_description": "Unknown permission from android reference",
                        "permission_type": "normal"
                    },
                    "android.permission.CHANGE_WIFI_STATE": {
                        "short_description": "change Wi-Fi status",
                        "full_description": "Allows an application to connect to and disconnect from Wi-Fi access points and to make changes to configured Wi-Fi networks.",
                        "permission_type": "dangerous"
                    },
                    "android.permission.RECORD_AUDIO": {
                        "short_description": "record audio",
                        "full_description": "Allows application to access the audio record path.",
                        "permission_type": "dangerous"
                    },
                    "android.permission.READ_CONTACTS": {
                        "short_description": "read contact data",
                        "full_description": "Allows an application to read all of the contact (address) data stored on your phone. Malicious applications can use this to send your data to other people.",
                        "permission_type": "dangerous"
                    },
                    "android.permission.MODIFY_AUDIO_SETTINGS": {
                        "short_description": "change your audio settings",
                        "full_description": "Allows application to modify global audio settings, such as volume and routing.",
                        "permission_type": "normal"
                    },
                    "com.sonyericsson.home.permission.BROADCAST_BADGE": {
                        "short_description": "Unknown permission from android reference",
                        "full_description": "Unknown permission from android reference",
                        "permission_type": "normal"
                    },
                    "com.sec.android.provider.badge.permission.READ": {
                        "short_description": "Unknown permission from android reference",
                        "full_description": "Unknown permission from android reference",
                        "permission_type": "normal"
                    },
                    "android.permission.READ_APP_BADGE": {
                        "short_description": "Unknown permission from android reference",
                        "full_description": "Unknown permission from android reference",
                        "permission_type": "normal"
                    }
                },
                "Receivers": [
                    "com.qingqing.student.receivers.ThirdPushReceiver",
                    "com.igexin.sdk.PushReceiver",
                    "com.igexin.download.DownloadReceiver",
                    "com.qingqing.student.core.msg.MsgEventReceiver",
                    "com.qingqing.student.receivers.RestartReceiver",
                    "com.tinkerpatch.sdk.server.utils.ReportBroadCast"
                ],
                "StringsInformation": [
                    "http://h5.m.taobao.com/trade/paySuccess.html?bizOrderId=$OrderId$&",
                    "http://140.206.112.228/SimulatedMerchant/getAccessToken.json",
                    "http://www.baidu.com",
                    "http://restapi.amap.com/v3",
                    "http://jabber.org/protocol/muc#user",
                    "https://www.baifubao.com/o2o/0/sdk_event_stat/0?",
                    "http://yf-wallet-rd-red-dc00.epc.baidu.com:8090/chanpin_stat",
                    "http://restapi.amap.com/v3/grasproad?",
                    "http://mobilegw.aaa.alipay.net/mgw.htm",
                    "https://gss0.bdstatic.com",
                    "http://www.android.com/",
                    "http://cmblife.cmbchina.com/cmblife/download/mchAppRedirect.html",
                    "http://wappass.rdtest.baidu.com",
                    "http://cmblife.cmbchina.com/cmblife/download/mchAppRedirect.html?protocol=",
                    "http://140.206.112.228/SimulatedMerchant/genPayProtocol.json",
                    "http://restapi.amap.com",
                    "https://api.weibo.com/oauth2/default.html",
                    "https://www.baifubao.com/heartbeat",
                    "http://mps.amap.com",
                    "http://wappass.qatest.baidu.com",
                    "http://mobilegw-1-64.test.alipay.net/mgw.htm",
                    "https://mobilegw.alipaydev.com/mgw.htm",
                    "http://jabber.org/protocol/disco#publish",
                    "http://m5.amap.com/ws/mapapi/shortaddress/transform",
                    "http://restapi.amap.com/v4",
                    "http://140.206.112.228/SimulatedMerchant/genApprovalProtocol.json",
                    "https://api.parse.com",
                    "https://www.baifubao.com/odp/wireless/sdk/heartbeat",
                    "https://qingjy.cn/Avpv8",
                    "https://passport.qatest.baidu.com",
                    "http://cmblife.cmbchina.com/cmblife/download/other1950.html?utm_source=zstg&utm_medium=tgqd&utm_campaign=N37APP10331311270#rd",
                    "http://apilocate.amap.com/mobile/binary",
                    "http://apiinit.amap.com/v3/log/init",
                    "http://m.amap.com/navi/?",
                    "http://schemas.android.com/apk/res/android",
                    "http://restapi.amap.com/v3/iasdkauth",
                    "http://m.alipay.com/?action=h5quit",
                    "http://mcgw.alipay.com/sdklog.do",
                    "http://wb.amap.com/?p=%s,%f,%f,%s,%s&sourceapplication=openapi/0",
                    "http://140.206.112.228",
                    "http://wb.amap.com/?n=%f,%f,%f,%f,%d&sourceapplication=openapi/0",
                    "http://140.206.112.228/SimulatedMerchant/payNotify.json",
                    "http://wprd0%d.is.autonavi.com/appmaptile?",
                    "http://CMBLS/",
                    "http://wappass.baidu.com",
                    "http://140.206.112.228/SimulatedMerchant/H5/testLogin.jsp",
                    "http://wap.amap.com/",
                    "https://voiceprint.baidu.com/echo.fcgi",
                    "https://nsclick.baidu.com/v.gif",
                    "https://m5.amap.com/ws/mapapi/shortaddress/transform",
                    "https://www.baifubao.com/odp/wireless/sdk/strategy",
                    "https://www.baifubao.com/chanpin_stat",
                    "http://wb.amap.com/?r=%f,%f,%s,%f,%f,%s,%d,%d,%d,%s,%s,%s&sourceapplication=openapi/0",
                    "https://open.weibo.cn/oauth2/authorize?",
                    "http://passport.rdtest.baidu.com",
                    "http://sdkss.shitu.baidu.com/cgi-bin/queryLicense.py",
                    "http://yuntuapi.amap.com",
                    "http://www.baidu.com?__wp-action=auth-widget",
                    "https://mobilegw.alipay.com/mgw.htm",
                    "https://restapi.amap.com/v3",
                    "https://passport.baidu.com",
                    "https://restapi.amap.com/v4",
                    "http://mobilegw.stable.alipay.net/mgw.htm",
                    "http://www.baidu.com?__wp-action=forget-pwd",
                    "http://jabber.org/protocol/disco#items",
                    "http://m5.amap.com",
                    "https://yuntuapi.amap.com",
                    "http://wb.amap.com/?q=%f,%f,%s&sourceapplication=openapi/0",
                    "https://jrws.baidu.com",
                    "http://www.baidu.com?__wp-action=modify-pwd",
                    "https://restapi.amap.com/v3/iasdkauth",
                    "http://jabber.org/protocol/disco#info",
                    "https://adiu.amap.com/ws/device/adius",
                    "http://dldir1.qq.com/qqmi/aphone_p2p/TencentVideo_V5.6.0.12032_848.apk",
                    "http://m5.amap.com/",
                    "http://180.76.76.112/",
                    "http://restapi.amap.com/v4/gridmap?",
                    "http://140.206.112.228/SimulatedMerchant/verifySignature.json",
                    "http://sdkss.shitu.baidu.com/cgi-bin/sdkstat.py",
                    "http://mobilegw.alipay.com/mgw.htm",
                    "https://www.baifubao.com/odp/wireless/config/common"
                ]
            },
            "magic": "Zip archive data, at least v2.0 to extract",
            "last_analysis_stats": {
                "harmless": 0,
                "type-unsupported": 11,
                "suspicious": 0,
                "confirmed-timeout": 1,
                "timeout": 2,
                "failure": 0,
                "malicious": 1,
                "undetected": 59
            },
            "meaningful_name": "0001FC6B6651096E65FE6B4A1AB9903E18BAC295D19A92E6F0B281B6AD6EF627.apk",
            "reputation": 0
        },
        "type": "file",
        "id": "0001fc6b6651096e65fe6b4a1ab9903e18bac295d19a92e6f0b281b6ad6ef627",
        "links": {
            "self": "https://www.virustotal.com/api/v3/files/0001fc6b6651096e65fe6b4a1ab9903e18bac295d19a92e6f0b281b6ad6ef627"
        }
    }
}