{
    "data": {
        "attributes": {
            "type_description": "Android",
            "vhash": "d2af5eb4bfec6e3fe8398969f411baaa",
            "trid": [
                {
                    "file_type": "Android Package",
                    "probability": 56.4
                },
                {
                    "file_type": "Java Archive",
                    "probability": 15.5
                },
                {
                    "file_type": "Opera Widget",
                    "probability": 15.0
                },
                {
                    "file_type": "Mozilla Archive Format (gen)",
                    "probability": 7.5
                },
                {
                    "file_type": "ZIP compressed archive",
                    "probability": 4.3
                }
            ],
            "names": [
                "wmcpDdGblNc12F8c35IAqG8RwRyNfTBY78UewMORiITrVjPzpex8S9ZbuuCdlL"
            ],
            "last_modification_date": 1567540095,
            "type_tag": "android",
            "times_submitted": 1,
            "total_votes": {
                "harmless": 0,
                "malicious": 0
            },
            "size": 15413865,
            "popular_threat_classification": {
                "suggested_threat_label": "trojan.jiagu",
                "popular_threat_category": [
                    {
                        "count": 2,
                        "value": "trojan"
                    }
                ],
                "popular_threat_name": [
                    {
                        "count": 2,
                        "value": "jiagu"
                    }
                ]
            },
            "last_submission_date": 1557023881,
            "last_analysis_results": {
                "Bkav": {
                    "category": "undetected",
                    "engine_name": "Bkav",
                    "engine_version": "1.3.0.10239",
                    "result": null,
                    "method": "blacklist",
                    "engine_update": "20190829"
                },
                "Lionic": {
                    "category": "undetected",
                    "engine_name": "AegisLab",
                    "engine_version": "4.2",
                    "result": null,
                    "method": "blacklist",
                    "engine_update": "20190903"
                },
                "TotalDefense": {
                    "category": "undetected",
                    "engine_name": "TotalDefense",
                    "engine_version": "37.1.62.1",
                    "result": null,
                    "method": "blacklist",
                    "engine_update": "20190902"
                },
                "MicroWorld-eScan": {
                    "category": "undetected",
                    "engine_name": "MicroWorld-eScan",
                    "engine_version": "14.0.297.0",
                    "result": null,
                    "method": "blacklist",
                    "engine_update": "20190902"
                },
                "CMC": {
                    "category": "undetected",
                    "engine_name": "CMC",
                    "engine_version": "1.1.0.977",
                    "result": null,
                    "method": "blacklist",
                    "engine_update": "20190321"
                },
                "CAT-QuickHeal": {
                    "category": "undetected",
                    "engine_name": "CAT-QuickHeal",
                    "engine_version": "14.00",
                    "result": null,
                    "method": "blacklist",
                    "engine_update": "20190901"
                },
                "McAfee": {
                    "category": "undetected",
                    "engine_name": "McAfee",
                    "engine_version": "6.0.6.653",
                    "result": null,
                    "method": "blacklist",
                    "engine_update": "20190902"
                },
                "Malwarebytes": {
                    "category": "undetected",
                    "engine_name": "Malwarebytes",
                    "engine_version": "2.1.1.1115",
                    "result": null,
                    "method": "blacklist",
                    "engine_update": "20190902"
                },
                "Zillya": {
                    "category": "undetected",
                    "engine_name": "Zillya",
                    "engine_version": "2.0.0.3889",
                    "result": null,
                    "method": "blacklist",
                    "engine_update": "20190830"
                },
                "Trustlook": {
                    "category": "malicious",
                    "engine_name": "Trustlook",
                    "engine_version": "1.0",
                    "result": "Android.Malware.General (score:9)",
                    "method": "blacklist",
                    "engine_update": "20190903"
                },
                "Alibaba": {
                    "category": "undetected",
                    "engine_name": "Alibaba",
                    "engine_version": "0.3.0.5",
                    "result": null,
                    "method": "blacklist",
                    "engine_update": "20190527"
                },
                "K7GW": {
                    "category": "malicious",
                    "engine_name": "K7GW",
                    "engine_version": "11.64.31878",
                    "result": "Trojan ( 0053576b1 )",
                    "method": "blacklist",
                    "engine_update": "20190902"
                },
                "K7AntiVirus": {
                    "category": "undetected",
                    "engine_name": "K7AntiVirus",
                    "engine_version": "11.64.31878",
                    "result": null,
                    "method": "blacklist",
                    "engine_update": "20190902"
                },
                "Arcabit": {
                    "category": "undetected",
                    "engine_name": "Arcabit",
                    "engine_version": "1.0.0.856",
                    "result": null,
                    "method": "blacklist",
                    "engine_update": "20190903"
                },
                "Invincea": {
                    "category": "type-unsupported",
                    "engine_name": "Invincea",
                    "engine_version": "6.3.6.26157",
                    "result": null,
                    "method": "blacklist",
                    "engine_update": "20190717"
                },
                "Baidu": {
                    "category": "timeout",
                    "engine_name": "Baidu",
                    "engine_version": "1.0.0.2",
                    "result": null,
                    "method": "blacklist",
                    "engine_update": "20190318"
                },
                "Cyren": {
                    "category": "malicious",
                    "engine_name": "Cyren",
                    "engine_version": "6.2.0.1",
                    "result": "AndroidOS/Trojan.CNST-5",
                    "method": "blacklist",
                    "engine_update": "20190903"
                },
                "SymantecMobileInsight": {
                    "category": "malicious",
                    "engine_name": "SymantecMobileInsight",
                    "engine_version": "2.0",
                    "result": "AppRisk:Generisk",
                    "method": "blacklist",
                    "engine_update": "20190724"
                },
                "Symantec": {
                    "category": "undetected",
                    "engine_name": "Symantec",
                    "engine_version": "1.10.0.0",
                    "result": null,
                    "method": "blacklist",
                    "engine_update": "20190901"
                },
                "ESET-NOD32": {
                    "category": "malicious",
                    "engine_name": "ESET-NOD32",
                    "engine_version": "19953",
                    "result": "a variant of Android/Packed.Jiagu.D potentially unsafe",
                    "method": "blacklist",
                    "engine_update": "20190902"
                },
                "APEX": {
                    "category": "type-unsupported",
                    "engine_name": "APEX",
                    "engine_version": "5.58",
                    "result": null,
                    "method": "blacklist",
                    "engine_update": "20190901"
                },
                "TrendMicro-HouseCall": {
                    "category": "undetected",
                    "engine_name": "TrendMicro-HouseCall",
                    "engine_version": "10.0.0.1040",
                    "result": null,
                    "method": "blacklist",
                    "engine_update": "20190902"
                },
                "Avast": {
                    "category": "undetected",
                    "engine_name": "Avast",
                    "engine_version": "18.4.3895.0",
                    "result": null,
                    "method": "blacklist",
                    "engine_update": "20190903"
                },
                "ClamAV": {
                    "category": "undetected",
                    "engine_name": "ClamAV",
                    "engine_version": "0.101.4.0",
                    "result": null,
                    "method": "blacklist",
                    "engine_update": "20190903"
                },
                "Kaspersky": {
                    "category": "undetected",
                    "engine_name": "Kaspersky",
                    "engine_version": "15.0.1.13",
                    "result": null,
                    "method": "blacklist",
                    "engine_update": "20190902"
                },
                "BitDefender": {
                    "category": "undetected",
                    "engine_name": "BitDefender",
                    "engine_version": "7.2",
                    "result": null,
                    "method": "blacklist",
                    "engine_update": "20190903"
                },
                "NANO-Antivirus": {
                    "category": "undetected",
                    "engine_name": "NANO-Antivirus",
                    "engine_version": "1.0.134.24859",
                    "result": null,
                    "method": "blacklist",
                    "engine_update": "20190902"
                },
                "SUPERAntiSpyware": {
                    "category": "undetected",
                    "engine_name": "SUPERAntiSpyware",
                    "engine_version": "5.6.0.1032",
                    "result": null,
                    "method": "blacklist",
                    "engine_update": "20190830"
                },
                "Rising": {
                    "category": "undetected",
                    "engine_name": "Rising",
                    "engine_version": "25.0.0.24",
                    "result": null,
                    "method": "blacklist",
                    "engine_update": "20190902"
                },
                "Ad-Aware": {
                    "category": "undetected",
                    "engine_name": "Ad-Aware",
                    "engine_version": "3.0.5.370",
                    "result": null,
                    "method": "blacklist",
                    "engine_update": "20190903"
                },
                "Emsisoft": {
                    "category": "undetected",
                    "engine_name": "Emsisoft",
                    "engine_version": "2018.12.0.1641",
                    "result": null,
                    "method": "blacklist",
                    "engine_update": "20190903"
                },
                "Comodo": {
                    "category": "undetected",
                    "engine_name": "Comodo",
                    "engine_version": "31417",
                    "result": null,
                    "method": "blacklist",
                    "engine_update": "20190903"
                },
                "F-Secure": {
                    "category": "undetected",
                    "engine_name": "F-Secure",
                    "engine_version": "12.0.86.52",
                    "result": null,
                    "method": "blacklist",
                    "engine_update": "20190902"
                },
                "DrWeb": {
                    "category": "undetected",
                    "engine_name": "DrWeb",
                    "engine_version": "7.0.41.7240",
                    "result": null,
                    "method": "blacklist",
                    "engine_update": "20190903"
                },
                "VIPRE": {
                    "category": "undetected",
                    "engine_name": "VIPRE",
                    "engine_version": "77586",
                    "result": null,
                    "method": "blacklist",
                    "engine_update": "20190902"
                },
                "TrendMicro": {
                    "category": "undetected",
                    "engine_name": "TrendMicro",
                    "engine_version": "11.0.0.1006",
                    "result": null,
                    "method": "blacklist",
                    "engine_update": "20190902"
                },
                "McAfee-GW-Edition": {
                    "category": "undetected",
                    "engine_name": "McAfee-GW-Edition",
                    "engine_version": "v2017.3010",
                    "result": null,
                    "method": "blacklist",
                    "engine_update": "20190902"
                },
                "SentinelOne": {
                    "category": "type-unsupported",
                    "engine_name": "SentinelOne",
                    "engine_version": "1.0.31.22",
                    "result": null,
                    "method": "blacklist",
                    "engine_update": "20190807"
                },
                "Trapmine": {
                    "category": "type-unsupported",
                    "engine_name": "Trapmine",
                    "engine_version": "3.1.81.800",
                    "result": null,
                    "method": "blacklist",
                    "engine_update": "20190826"
                },
                "FireEye": {
                    "category": "undetected",
                    "engine_name": "FireEye",
                    "engine_version": "29.7.0.0",
                    "result": null,
                    "method": "blacklist",
                    "engine_update": "20190903"
                },
                "Sophos": {
                    "category": "undetected",
                    "engine_name": "Sophos",
                    "engine_version": "4.98.0",
                    "result": null,
                    "method": "blacklist",
                    "engine_update": "20190902"
                },
                "Paloalto": {
                    "category": "type-unsupported",
                    "engine_name": "Paloalto",
                    "engine_version": "1.0",
                    "result": null,
                    "method": "blacklist",
                    "engine_update": "20190903"
                },
                "F-Prot": {
                    "category": "undetected",
                    "engine_name": "F-Prot",
                    "engine_version": "4.7.1.166",
                    "result": null,
                    "method": "blacklist",
                    "engine_update": "20190903"
                },
                "Jiangmin": {
                    "category": "undetected",
                    "engine_name": "Jiangmin",
                    "engine_version": "16.0.100",
                    "result": null,
                    "method": "blacklist",
                    "engine_update": "20190902"
                },
                "Webroot": {
                    "category": "type-unsupported",
                    "engine_name": "Webroot",
                    "engine_version": "1.0.0.403",
                    "result": null,
                    "method": "blacklist",
                    "engine_update": "20190903"
                },
                "Avira": {
                    "category": "undetected",
                    "engine_name": "Avira",
                    "engine_version": "8.3.3.8",
                    "result": null,
                    "method": "blacklist",
                    "engine_update": "20190903"
                },
                "eGambit": {
                    "category": "type-unsupported",
                    "engine_name": "eGambit",
                    "engine_version": "v5.0.5",
                    "result": null,
                    "method": "blacklist",
                    "engine_update": "20190903"
                },
                "Fortinet": {
                    "category": "malicious",
                    "engine_name": "Fortinet",
                    "engine_version": "5.4.247.0",
                    "result": "Riskware/Jiagu!Android",
                    "method": "blacklist",
                    "engine_update": "20190903"
                },
                "Antiy-AVL": {
                    "category": "undetected",
                    "engine_name": "Antiy-AVL",
                    "engine_version": "3.0.0.1",
                    "result": null,
                    "method": "blacklist",
                    "engine_update": "20190902"
                },
                "Kingsoft": {
                    "category": "undetected",
                    "engine_name": "Kingsoft",
                    "engine_version": "2013.8.14.323",
                    "result": null,
                    "method": "blacklist",
                    "engine_update": "20190903"
                },
                "Endgame": {
                    "category": "type-unsupported",
                    "engine_name": "Endgame",
                    "engine_version": "3.0.14",
                    "result": null,
                    "method": "blacklist",
                    "engine_update": "20190819"
                },
                "Microsoft": {
                    "category": "malicious",
                    "engine_name": "Microsoft",
                    "engine_version": "1.1.16300.1",
                    "result": "PUA:Win32/Presenoker",
                    "method": "blacklist",
                    "engine_update": "20190902"
                },
                "ViRobot": {
                    "category": "undetected",
                    "engine_name": "ViRobot",
                    "engine_version": "2014.3.20.0",
                    "result": null,
                    "method": "blacklist",
                    "engine_update": "20190902"
                },
                "ZoneAlarm": {
                    "category": "undetected",
                    "engine_name": "ZoneAlarm",
                    "engine_version": "1.0",
                    "result": null,
                    "method": "blacklist",
                    "engine_update": "20190902"
                },
                "Avast-Mobile": {
                    "category": "undetected",
                    "engine_name": "Avast-Mobile",
                    "engine_version": "190903-02",
                    "result": null,
                    "method": "blacklist",
                    "engine_update": "20190903"
                },
                "TACHYON": {
                    "category": "undetected",
                    "engine_name": "TACHYON",
                    "engine_version": "2019-09-02.02",
                    "result": null,
                    "method": "blacklist",
                    "engine_update": "20190902"
                },
                "AhnLab-V3": {
                    "category": "undetected",
                    "engine_name": "AhnLab-V3",
                    "engine_version": "3.16.1.25089",
                    "result": null,
                    "method": "blacklist",
                    "engine_update": "20190903"
                },
                "Acronis": {
                    "category": "type-unsupported",
                    "engine_name": "Acronis",
                    "engine_version": "1.0.1.51",
                    "result": null,
                    "method": "blacklist",
                    "engine_update": "20190829"
                },
                "VBA32": {
                    "category": "undetected",
                    "engine_name": "VBA32",
                    "engine_version": "4.0.0",
                    "result": null,
                    "method": "blacklist",
                    "engine_update": "20190902"
                },
                "ALYac": {
                    "category": "undetected",
                    "engine_name": "ALYac",
                    "engine_version": "1.1.1.5",
                    "result": null,
                    "method": "blacklist",
                    "engine_update": "20190903"
                },
                "MAX": {
                    "category": "undetected",
                    "engine_name": "MAX",
                    "engine_version": "2018.9.12.1",
                    "result": null,
                    "method": "blacklist",
                    "engine_update": "20190903"
                },
                "Cylance": {
                    "category": "type-unsupported",
                    "engine_name": "Cylance",
                    "engine_version": "2.3.1.101",
                    "result": null,
                    "method": "blacklist",
                    "engine_update": "20190903"
                },
                "Zoner": {
                    "category": "undetected",
                    "engine_name": "Zoner",
                    "engine_version": "1.0.0.1",
                    "result": null,
                    "method": "blacklist",
                    "engine_update": "20190902"
                },
                "Tencent": {
                    "category": "undetected",
                    "engine_name": "Tencent",
                    "engine_version": "1.0.0.1",
                    "result": null,
                    "method": "blacklist",
                    "engine_update": "20190903"
                },
                "Yandex": {
                    "category": "undetected",
                    "engine_name": "Yandex",
                    "engine_version": "5.5.2.24",
                    "result": null,
                    "method": "blacklist",
                    "engine_update": "20190822"
                },
                "Ikarus": {
                    "category": "malicious",
                    "engine_name": "Ikarus",
                    "engine_version": "0.1.5.2",
                    "result": "Packed.PUA.AndroidOS.Qihoo",
                    "method": "blacklist",
                    "engine_update": "20190902"
                },
                "MaxSecure": {
                    "category": "timeout",
                    "engine_name": "MaxSecure",
                    "engine_version": "1.0.0.1",
                    "result": null,
                    "method": "blacklist",
                    "engine_update": "20190831"
                },
                "GData": {
                    "category": "undetected",
                    "engine_name": "GData",
                    "engine_version": "A:25.23257B:26.15931",
                    "result": null,
                    "method": "blacklist",
                    "engine_update": "20190902"
                },
                "AVG": {
                    "category": "undetected",
                    "engine_name": "AVG",
                    "engine_version": "18.4.3895.0",
                    "result": null,
                    "method": "blacklist",
                    "engine_update": "20190903"
                },
                "Cybereason": {
                    "category": "type-unsupported",
                    "engine_name": "Cybereason",
                    "engine_version": "1.2.449",
                    "result": null,
                    "method": "blacklist",
                    "engine_update": "20190616"
                },
                "Panda": {
                    "category": "undetected",
                    "engine_name": "Panda",
                    "engine_version": "4.6.4.2",
                    "result": null,
                    "method": "blacklist",
                    "engine_update": "20190901"
                },
                "CrowdStrike": {
                    "category": "type-unsupported",
                    "engine_name": "CrowdStrike",
                    "engine_version": "1.0",
                    "result": null,
                    "method": "blacklist",
                    "engine_update": "20190702"
                },
                "Qihoo-360": {
                    "category": "undetected",
                    "engine_name": "Qihoo-360",
                    "engine_version": "1.0.0.1120",
                    "result": null,
                    "method": "blacklist",
                    "engine_update": "20190903"
                }
            },
            "sha256": "00018b522a51d6573a615153e7bfb33ac961bf5ef604ac7edb04072ce238b9af",
            "type_extension": "apk",
            "tags": [
                "apk",
                "android",
                "contains-elf"
            ],
            "last_analysis_date": 1567501498,
            "unique_sources": 1,
            "first_submission_date": 1557023881,
            "sha1": "3b011df824f7504d89268d11e92d2eeb27bd6bfa",
            "ssdeep": "393216:ME0u5UV3N6UgcKkryQRDoOCtdcnDTLvkIpL3b4j1do:MDidVkj3xnDXkCsLo",
            "bundle_info": {
                "highest_datetime": "2019-03-29 15:56:32",
                "lowest_datetime": "1980-01-01 00:00:00",
                "num_children": 221,
                "extensions": {
                    "xml": 25,
                    "dex": 1,
                    "MF": 1,
                    "zip": 1,
                    "RSA": 1,
                    "jpg": 2,
                    "js": 4,
                    "so": 14,
                    "png": 48,
                    "ogg": 1,
                    "txt": 1,
                    "SF": 1,
                    "css": 1
                },
                "file_types": {
                    "XML": 25,
                    "DEX": 1,
                    "ZIP": 1,
                    "unknown": 128,
                    "ELF": 14,
                    "JPG": 2,
                    "HTML": 1,
                    "OGG": 1,
                    "PNG": 48
                },
                "type": "APK",
                "uncompressed_size": 17947701
            },
            "packers": {
                "F-PROT": "UTF-8"
            },
            "md5": "79d77911bdce8c301bf5dafa5ec4542a",
            "androguard": {
                "VTAndroidInfo": 1.41,
                "AndroidApplicationError": false,
                "MinSdkVersion": "17",
                "AndroguardVersion": "3.0-dev",
                "Activities": [
                    "cn.com.ibarrel.hugs.MainActivity",
                    "cn.com.ibarrel.hugs.wxapi.WXEntryActivity",
                    "cn.com.ibarrel.hugs.wxapi.WXPayEntryActivity",
                    "cn.jpush.android.ui.PushActivity",
                    "cn.jpush.android.ui.PopWinActivity",
                    "com.google.zxing.client.android.CaptureActivity",
                    "com.google.zxing.client.android.encode.EncodeActivity",
                    "com.alipay.sdk.app.H5PayActivity",
                    "com.alipay.sdk.app.H5AuthActivity"
                ],
                "certificate": {
                    "Subject": {
                        "DN": "OU:ibarrel, ST:Shanghai, L:Shanghai, O:ibarrel, CN:family",
                        "CN": "family",
                        "L": "Shanghai",
                        "O": "ibarrel",
                        "ST": "Shanghai",
                        "OU": "ibarrel"
                    },
                    "validto": "08:36 AM 06/30/2041",
                    "serialnumber": "15e384b5",
                    "thumbprint": "4364b9bb18ca17df7dd2f977738ce2671209f1ea",
                    "validfrom": "08:36 AM 07/06/2016",
                    "Issuer": {
                        "DN": "OU:ibarrel, ST:Shanghai, L:Shanghai, O:ibarrel, CN:family",
                        "CN": "family",
                        "L": "Shanghai",
                        "O": "ibarrel",
                        "ST": "Shanghai",
                        "OU": "ibarrel"
                    }
                },
                "AndroidApplication": 1,
                "RiskIndicator": {
                    "APK": {
                        "DEX": 1,
                        "ZIP": 1,
                        "SHARED LIBRARIES": 14
                    },
                    "PERM": {
                        "NORMAL": 8,
                        "DANGEROUS": 6,
                        "PRIVACY": 8,
                        "SIGNATUREORSYSTEM": 1,
                        "INTERNET": 1,
                        "GPS": 2
                    }
                },
                "Services": [
                    "cn.jpush.android.service.DownloadService",
                    "cn.jpush.android.service.PushService",
                    "cn.jpush.android.service.DaemonService",
                    "io.fogcloud.fog_mqtt.service.MqttService"
                ],
                "AndroidVersionCode": "10084",
                "main_activity": "cn.com.ibarrel.hugs.MainActivity",
                "Package": "cn.com.ibarrel.hugs",
                "intent_filters": {
                    "Services": {
                        "cn.jpush.android.service.PushService": {
                            "action": [
                                "cn.jpush.android.intent.REGISTER",
                                "cn.jpush.android.intent.REPORT",
                                "cn.jpush.android.intent.PushService",
                                "cn.jpush.android.intent.PUSH_TIME"
                            ]
                        },
                        "cn.jpush.android.service.DaemonService": {
                            "action": [
                                "cn.jpush.android.intent.DaemonService"
                            ],
                            "category": [
                                "cn.com.ibarrel.hugs"
                            ]
                        }
                    },
                    "Activities": {
                        "cn.com.ibarrel.hugs.wxapi.WXEntryActivity": {
                            "action": [
                                "android.intent.action.VIEW"
                            ],
                            "category": [
                                "android.intent.category.DEFAULT"
                            ]
                        },
                        "cn.com.ibarrel.hugs.MainActivity": {
                            "action": [
                                "android.intent.action.MAIN",
                                "android.intent.action.VIEW"
                            ],
                            "category": [
                                "android.intent.category.LAUNCHER",
                                "android.intent.category.DEFAULT",
                                "android.intent.category.BROWSABLE"
                            ]
                        },
                        "cn.jpush.android.ui.PushActivity": {
                            "action": [
                                "cn.jpush.android.ui.PushActivity"
                            ],
                            "category": [
                                "android.intent.category.DEFAULT",
                                "cn.com.ibarrel.hugs"
                            ]
                        },
                        "cn.com.ibarrel.hugs.wxapi.WXPayEntryActivity": {
                            "action": [
                                "android.intent.action.VIEW"
                            ],
                            "category": [
                                "android.intent.category.DEFAULT"
                            ]
                        }
                    },
                    "Receivers": {
                        "cn.jpush.android.service.PushReceiver": {
                            "action": [
                                "cn.jpush.android.intent.NOTIFICATION_RECEIVED_PROXY",
                                "android.intent.action.USER_PRESENT",
                                "android.net.conn.CONNECTIVITY_CHANGE",
                                "android.intent.action.PACKAGE_ADDED",
                                "android.intent.action.PACKAGE_REMOVED"
                            ],
                            "category": [
                                "cn.com.ibarrel.hugs"
                            ]
                        },
                        "cn.jiguang.cordova.push.MyReceiver": {
                            "action": [
                                "cn.jpush.android.intent.NOTIFICATION_RECEIVED_PROXY",
                                "cn.jpush.android.intent.REGISTRATION",
                                "cn.jpush.android.intent.UNREGISTRATION",
                                "cn.jpush.android.intent.MESSAGE_RECEIVED",
                                "cn.jpush.android.intent.NOTIFICATION_RECEIVED",
                                "cn.jpush.android.intent.NOTIFICATION_OPENED",
                                "cn.jpush.android.intent.ACTION_RICHPUSH_CALLBACK"
                            ],
                            "category": [
                                "cn.com.ibarrel.hugs"
                            ]
                        }
                    }
                },
                "AndroidVersionName": "1.0.84",
                "TargetSdkVersion": "25",
                "AndroidApplicationInfo": "APK",
                "Providers": [
                    "android.support.v4.content.FileProvider"
                ],
                "permission_details": {
                    "android.permission.MOUNT_UNMOUNT_FILESYSTEMS": {
                        "short_description": "mount and unmount file systems",
                        "full_description": "Allows the application to mount and unmount file systems for removable storage.",
                        "permission_type": "signatureOrSystem"
                    },
                    "android.permission.ACCESS_COARSE_LOCATION": {
                        "short_description": "coarse (network-based) location",
                        "full_description": "Access coarse location sources, such as the mobile network database, to determine an approximate phone location, where available. Malicious applications can use this to determine approximately where you are.",
                        "permission_type": "dangerous"
                    },
                    "android.permission.BLUETOOTH": {
                        "short_description": "create Bluetooth connections",
                        "full_description": "Allows an application to view configuration of the local Bluetooth phone and to make and accept connections with paired devices.",
                        "permission_type": "dangerous"
                    },
                    "android.permission.CAMERA": {
                        "short_description": "take pictures and videos",
                        "full_description": "Allows application to take pictures and videos with the camera. This allows the application to collect images that the camera is seeing at any time.",
                        "permission_type": "dangerous"
                    },
                    "android.permission.INTERNET": {
                        "short_description": "full Internet access",
                        "full_description": "Allows an application to create network sockets.",
                        "permission_type": "dangerous"
                    },
                    "android.permission.BLUETOOTH_ADMIN": {
                        "short_description": "bluetooth administration",
                        "full_description": "Allows an application to configure the local Bluetooth phone and to discover and pair with remote devices.",
                        "permission_type": "dangerous"
                    },
                    "android.permission.ACCESS_FINE_LOCATION": {
                        "short_description": "fine (GPS) location",
                        "full_description": "Access fine location sources, such as the Global Positioning System on the phone, where available. Malicious applications can use this to determine where you are and may consume additional battery power.",
                        "permission_type": "dangerous"
                    },
                    "android.permission.RECEIVE_USER_PRESENT": {
                        "short_description": "Unknown permission from android reference",
                        "full_description": "Unknown permission from android reference",
                        "permission_type": "normal"
                    },
                    "android.permission.ACCESS_NETWORK_STATE": {
                        "short_description": "view network status",
                        "full_description": "Allows an application to view the status of all networks.",
                        "permission_type": "normal"
                    },
                    "android.permission.CHANGE_WIFI_MULTICAST_STATE": {
                        "short_description": "allow Wi-Fi Multicast reception",
                        "full_description": "Allows an application to receive packets not directly addressed to your device. This can be useful when discovering services offered nearby. It uses more power than the non-multicast mode.",
                        "permission_type": "dangerous"
                    },
                    "android.permission.WRITE_EXTERNAL_STORAGE": {
                        "short_description": "modify/delete SD card contents",
                        "full_description": "Allows an application to write to the SD card.",
                        "permission_type": "dangerous"
                    },
                    "android.permission.DOWNLOAD_WITHOUT_NOTIFICATION": {
                        "short_description": "Unknown permission from android reference",
                        "full_description": "Unknown permission from android reference",
                        "permission_type": "normal"
                    },
                    "android.permission.WRITE_CONTACTS": {
                        "short_description": "write contact data",
                        "full_description": "Allows an application to modify the contact (address) data stored on your phone. Malicious applications can use this to erase or modify your contact data.",
                        "permission_type": "dangerous"
                    },
                    "android.permission.READ_EXTERNAL_STORAGE": {
                        "short_description": "read from external storage",
                        "full_description": "Allows an application to read from external storage",
                        "permission_type": "normal"
                    },
                    "android.permission.ACCESS_WIF_WIFI_STATE": {
                        "short_description": "Unknown permission from android reference",
                        "full_description": "Unknown permission from android reference",
                        "permission_type": "normal"
                    },
                    "android.permission.WRITE_SETTINGS": {
                        "short_description": "modify global system settings",
                        "full_description": "Allows an application to modify the system's settings data. Malicious applications can corrupt your system's configuration.",
                        "permission_type": "normal"
                    },
                    "android.permission.FLASHLIGHT": {
                        "short_description": "control flashlight",
                        "full_description": "Allows the application to control the flashlight.",
                        "permission_type": "normal"
                    },
                    "android.permission.READ_PHONE_STATE": {
                        "short_description": "read phone state and identity",
                        "full_description": "Allows the application to access the phone features of the device. An application with this permission can determine the phone number and serial number of this phone, whether a call is active, the number that call is connected to and so on.",
                        "permission_type": "dangerous"
                    },
                    "cn.com.ibarrel.hugs.permission.JPUSH_MESSAGE": {
                        "short_description": "Unknown permission from android reference",
                        "full_description": "Unknown permission from android reference",
                        "permission_type": "normal"
                    },
                    "android.permission.VIBRATE": {
                        "short_description": "control vibrator",
                        "full_description": "Allows the application to control the vibrator.",
                        "permission_type": "normal"
                    },
                    "android.permission.SYSTEM_ALERT_WINDOW": {
                        "short_description": "display system-level alerts",
                        "full_description": "Allows an application to show system-alert windows. Malicious applications can take over the entire screen of the phone.",
                        "permission_type": "dangerous"
                    },
                    "android.permission.ACCESS_WIFI_STATE": {
                        "short_description": "view Wi-Fi status",
                        "full_description": "Allows an application to view the information about the status of Wi-Fi.",
                        "permission_type": "normal"
                    },
                    "android.permission.WAKE_LOCK": {
                        "short_description": "prevent phone from sleeping",
                        "full_description": "Allows an application to prevent the phone from going to sleep.",
                        "permission_type": "normal"
                    },
                    "android.permission.CHANGE_WIFI_STATE": {
                        "short_description": "change Wi-Fi status",
                        "full_description": "Allows an application to connect to and disconnect from Wi-Fi access points and to make changes to configured Wi-Fi networks.",
                        "permission_type": "dangerous"
                    },
                    "android.permission.RECORD_AUDIO": {
                        "short_description": "record audio",
                        "full_description": "Allows application to access the audio record path.",
                        "permission_type": "dangerous"
                    },
                    "android.permission.READ_CONTACTS": {
                        "short_description": "read contact data",
                        "full_description": "Allows an application to read all of the contact (address) data stored on your phone. Malicious applications can use this to send your data to other people.",
                        "permission_type": "dangerous"
                    },
                    "android.permission.MODIFY_AUDIO_SETTINGS": {
                        "short_description": "change your audio settings",
                        "full_description": "Allows application to modify global audio settings, such as volume and routing.",
                        "permission_type": "normal"
                    },
                    "android.permission.RECORD_VIDEO": {
                        "short_description": "Unknown permission from android reference",
                        "full_description": "Unknown permission from android reference",
                        "permission_type": "normal"
                    },
                    "android.permission.GET_ACCOUNTS": {
                        "short_description": "discover known accounts",
                        "full_description": "Allows an application to access the list of accounts known by the phone.",
                        "permission_type": "normal"
                    }
                },
                "Receivers": [
                    "cn.jpush.android.service.PushReceiver",
                    "cn.jiguang.cordova.push.MyReceiver",
                    "cn.jpush.android.service.AlarmReceiver"
                ]
            },
            "magic": "Zip archive data, at least v2.0 to extract",
            "last_analysis_stats": {
                "harmless": 0,
                "type-unsupported": 12,
                "suspicious": 0,
                "confirmed-timeout": 0,
                "timeout": 2,
                "failure": 0,
                "malicious": 8,
                "undetected": 51
            },
            "meaningful_name": "wmcpDdGblNc12F8c35IAqG8RwRyNfTBY78UewMORiITrVjPzpex8S9ZbuuCdlL",
            "reputation": 0
        },
        "type": "file",
        "id": "00018b522a51d6573a615153e7bfb33ac961bf5ef604ac7edb04072ce238b9af",
        "links": {
            "self": "https://www.virustotal.com/api/v3/files/00018b522a51d6573a615153e7bfb33ac961bf5ef604ac7edb04072ce238b9af"
        }
    }
}