{
    "data": {
        "attributes": {
            "type_description": "Android",
            "vhash": "9e8d98c9d182227a2092a38c117c01ec",
            "trid": [
                {
                    "file_type": "Android Package",
                    "probability": 82.6
                },
                {
                    "file_type": "Google Earth saved working session",
                    "probability": 9.4
                },
                {
                    "file_type": "ZIP compressed archive",
                    "probability": 6.2
                },
                {
                    "file_type": "PrintFox/Pagefox bitmap (var. P)",
                    "probability": 1.5
                }
            ],
            "names": [
                "0001205746481BB13B1F801E1F4DA8F5D5B107E88242A608F13C9FFA99AF1B63.apk"
            ],
            "last_modification_date": 1566874072,
            "type_tag": "android",
            "times_submitted": 1,
            "total_votes": {
                "harmless": 0,
                "malicious": 0
            },
            "size": 38015310,
            "popular_threat_classification": {
                "suggested_threat_label": "adware.kuguo",
                "popular_threat_category": [
                    {
                        "count": 5,
                        "value": "adware"
                    },
                    {
                        "count": 2,
                        "value": "virus"
                    },
                    {
                        "count": 2,
                        "value": "trojan"
                    }
                ],
                "popular_threat_name": [
                    {
                        "count": 6,
                        "value": "kuguo"
                    }
                ]
            },
            "last_submission_date": 1549441773,
            "last_analysis_results": {
                "Bkav": {
                    "category": "undetected",
                    "engine_name": "Bkav",
                    "engine_version": "1.3.0.10239",
                    "result": null,
                    "method": "blacklist",
                    "engine_update": "20190826"
                },
                "Lionic": {
                    "category": "undetected",
                    "engine_name": "AegisLab",
                    "engine_version": "4.2",
                    "result": null,
                    "method": "blacklist",
                    "engine_update": "20190826"
                },
                "TotalDefense": {
                    "category": "undetected",
                    "engine_name": "TotalDefense",
                    "engine_version": "37.1.62.1",
                    "result": null,
                    "method": "blacklist",
                    "engine_update": "20190826"
                },
                "MicroWorld-eScan": {
                    "category": "undetected",
                    "engine_name": "MicroWorld-eScan",
                    "engine_version": "14.0.297.0",
                    "result": null,
                    "method": "blacklist",
                    "engine_update": "20190826"
                },
                "FireEye": {
                    "category": "undetected",
                    "engine_name": "FireEye",
                    "engine_version": "29.7.0.0",
                    "result": null,
                    "method": "blacklist",
                    "engine_update": "20190826"
                },
                "CAT-QuickHeal": {
                    "category": "malicious",
                    "engine_name": "CAT-QuickHeal",
                    "engine_version": "14.00",
                    "result": "Android.Kuguo.K (AdWare)",
                    "method": "blacklist",
                    "engine_update": "20190826"
                },
                "McAfee": {
                    "category": "malicious",
                    "engine_name": "McAfee",
                    "engine_version": "6.0.6.653",
                    "result": "Artemis!19F07D2E3034",
                    "method": "blacklist",
                    "engine_update": "20190826"
                },
                "Malwarebytes": {
                    "category": "undetected",
                    "engine_name": "Malwarebytes",
                    "engine_version": "2.1.1.1115",
                    "result": null,
                    "method": "blacklist",
                    "engine_update": "20190826"
                },
                "Zillya": {
                    "category": "undetected",
                    "engine_name": "Zillya",
                    "engine_version": "2.0.0.3882",
                    "result": null,
                    "method": "blacklist",
                    "engine_update": "20190820"
                },
                "Paloalto": {
                    "category": "type-unsupported",
                    "engine_name": "Paloalto",
                    "engine_version": "1.0",
                    "result": null,
                    "method": "blacklist",
                    "engine_update": "20190826"
                },
                "Trustlook": {
                    "category": "undetected",
                    "engine_name": "Trustlook",
                    "engine_version": "1.0",
                    "result": null,
                    "method": "blacklist",
                    "engine_update": "20190826"
                },
                "BitDefender": {
                    "category": "undetected",
                    "engine_name": "BitDefender",
                    "engine_version": "7.2",
                    "result": null,
                    "method": "blacklist",
                    "engine_update": "20190826"
                },
                "K7GW": {
                    "category": "undetected",
                    "engine_name": "K7GW",
                    "engine_version": "11.63.31828",
                    "result": null,
                    "method": "blacklist",
                    "engine_update": "20190826"
                },
                "K7AntiVirus": {
                    "category": "undetected",
                    "engine_name": "K7AntiVirus",
                    "engine_version": "11.63.31828",
                    "result": null,
                    "method": "blacklist",
                    "engine_update": "20190826"
                },
                "Invincea": {
                    "category": "type-unsupported",
                    "engine_name": "Invincea",
                    "engine_version": "6.3.6.26157",
                    "result": null,
                    "method": "blacklist",
                    "engine_update": "20190717"
                },
                "Baidu": {
                    "category": "undetected",
                    "engine_name": "Baidu",
                    "engine_version": "1.0.0.2",
                    "result": null,
                    "method": "blacklist",
                    "engine_update": "20190318"
                },
                "F-Prot": {
                    "category": "undetected",
                    "engine_name": "F-Prot",
                    "engine_version": "4.7.1.166",
                    "result": null,
                    "method": "blacklist",
                    "engine_update": "20190826"
                },
                "SymantecMobileInsight": {
                    "category": "malicious",
                    "engine_name": "SymantecMobileInsight",
                    "engine_version": "2.0",
                    "result": "AppRisk:Generisk",
                    "method": "blacklist",
                    "engine_update": "20190724"
                },
                "Symantec": {
                    "category": "undetected",
                    "engine_name": "Symantec",
                    "engine_version": "1.10.0.0",
                    "result": null,
                    "method": "blacklist",
                    "engine_update": "20190826"
                },
                "ESET-NOD32": {
                    "category": "malicious",
                    "engine_name": "ESET-NOD32",
                    "engine_version": "19917",
                    "result": "a variant of Android/AdDisplay.Kuguo.AO potentially unwanted",
                    "method": "blacklist",
                    "engine_update": "20190826"
                },
                "APEX": {
                    "category": "type-unsupported",
                    "engine_name": "APEX",
                    "engine_version": "5.55",
                    "result": null,
                    "method": "blacklist",
                    "engine_update": "20190825"
                },
                "TrendMicro-HouseCall": {
                    "category": "timeout",
                    "engine_name": "TrendMicro-HouseCall",
                    "engine_version": "10.0.0.1040",
                    "result": null,
                    "method": "blacklist",
                    "engine_update": "20190826"
                },
                "Avast": {
                    "category": "undetected",
                    "engine_name": "Avast",
                    "engine_version": "18.4.3895.0",
                    "result": null,
                    "method": "blacklist",
                    "engine_update": "20190826"
                },
                "ClamAV": {
                    "category": "undetected",
                    "engine_name": "ClamAV",
                    "engine_version": "0.101.4.0",
                    "result": null,
                    "method": "blacklist",
                    "engine_update": "20190826"
                },
                "Kaspersky": {
                    "category": "malicious",
                    "engine_name": "Kaspersky",
                    "engine_version": "15.0.1.13",
                    "result": "not-a-virus:HEUR:AdWare.AndroidOS.Kuguo.h",
                    "method": "blacklist",
                    "engine_update": "20190826"
                },
                "Alibaba": {
                    "category": "malicious",
                    "engine_name": "Alibaba",
                    "engine_version": "0.3.0.5",
                    "result": "AdWare:Android/Kuguo.61664313",
                    "method": "blacklist",
                    "engine_update": "20190527"
                },
                "NANO-Antivirus": {
                    "category": "malicious",
                    "engine_name": "NANO-Antivirus",
                    "engine_version": "1.0.134.24859",
                    "result": "Trojan.Android.Kuguo.eenjwe",
                    "method": "blacklist",
                    "engine_update": "20190826"
                },
                "SUPERAntiSpyware": {
                    "category": "undetected",
                    "engine_name": "SUPERAntiSpyware",
                    "engine_version": "5.6.0.1032",
                    "result": null,
                    "method": "blacklist",
                    "engine_update": "20190823"
                },
                "Tencent": {
                    "category": "malicious",
                    "engine_name": "Tencent",
                    "engine_version": "1.0.0.1",
                    "result": "a.gray.floatgame",
                    "method": "blacklist",
                    "engine_update": "20190826"
                },
                "Endgame": {
                    "category": "undetected",
                    "engine_name": "Endgame",
                    "engine_version": "3.0.14",
                    "result": null,
                    "method": "blacklist",
                    "engine_update": "20190819"
                },
                "Emsisoft": {
                    "category": "undetected",
                    "engine_name": "Emsisoft",
                    "engine_version": "2018.12.0.1641",
                    "result": null,
                    "method": "blacklist",
                    "engine_update": "20190826"
                },
                "Comodo": {
                    "category": "undetected",
                    "engine_name": "Comodo",
                    "engine_version": "31379",
                    "result": null,
                    "method": "blacklist",
                    "engine_update": "20190826"
                },
                "F-Secure": {
                    "category": "undetected",
                    "engine_name": "F-Secure",
                    "engine_version": "12.0.86.52",
                    "result": null,
                    "method": "blacklist",
                    "engine_update": "20190826"
                },
                "DrWeb": {
                    "category": "undetected",
                    "engine_name": "DrWeb",
                    "engine_version": "7.0.41.7240",
                    "result": null,
                    "method": "blacklist",
                    "engine_update": "20190826"
                },
                "VIPRE": {
                    "category": "undetected",
                    "engine_name": "VIPRE",
                    "engine_version": "77420",
                    "result": null,
                    "method": "blacklist",
                    "engine_update": "20190826"
                },
                "TrendMicro": {
                    "category": "timeout",
                    "engine_name": "TrendMicro",
                    "engine_version": "11.0.0.1006",
                    "result": null,
                    "method": "blacklist",
                    "engine_update": "20190826"
                },
                "McAfee-GW-Edition": {
                    "category": "undetected",
                    "engine_name": "McAfee-GW-Edition",
                    "engine_version": "v2017.3010",
                    "result": null,
                    "method": "blacklist",
                    "engine_update": "20190826"
                },
                "Trapmine": {
                    "category": "type-unsupported",
                    "engine_name": "Trapmine",
                    "engine_version": "3.1.81.800",
                    "result": null,
                    "method": "blacklist",
                    "engine_update": "20190826"
                },
                "CMC": {
                    "category": "undetected",
                    "engine_name": "CMC",
                    "engine_version": "1.1.0.977",
                    "result": null,
                    "method": "blacklist",
                    "engine_update": "20190321"
                },
                "Sophos": {
                    "category": "undetected",
                    "engine_name": "Sophos",
                    "engine_version": "4.98.0",
                    "result": null,
                    "method": "blacklist",
                    "engine_update": "20190826"
                },
                "Ikarus": {
                    "category": "malicious",
                    "engine_name": "Ikarus",
                    "engine_version": "0.1.5.2",
                    "result": "Trojan.AndroidOS.Iop",
                    "method": "blacklist",
                    "engine_update": "20190826"
                },
                "Cyren": {
                    "category": "undetected",
                    "engine_name": "Cyren",
                    "engine_version": "6.2.0.1",
                    "result": null,
                    "method": "blacklist",
                    "engine_update": "20190826"
                },
                "Jiangmin": {
                    "category": "undetected",
                    "engine_name": "Jiangmin",
                    "engine_version": "16.0.100",
                    "result": null,
                    "method": "blacklist",
                    "engine_update": "20190826"
                },
                "Webroot": {
                    "category": "type-unsupported",
                    "engine_name": "Webroot",
                    "engine_version": "1.0.0.403",
                    "result": null,
                    "method": "blacklist",
                    "engine_update": "20190826"
                },
                "Avira": {
                    "category": "undetected",
                    "engine_name": "Avira",
                    "engine_version": "8.3.3.8",
                    "result": null,
                    "method": "blacklist",
                    "engine_update": "20190826"
                },
                "Fortinet": {
                    "category": "malicious",
                    "engine_name": "Fortinet",
                    "engine_version": "5.4.247.0",
                    "result": "Riskware/Generic.Z.8EF9D9!Android",
                    "method": "blacklist",
                    "engine_update": "20190826"
                },
                "Antiy-AVL": {
                    "category": "undetected",
                    "engine_name": "Antiy-AVL",
                    "engine_version": "3.0.0.1",
                    "result": null,
                    "method": "blacklist",
                    "engine_update": "20190826"
                },
                "Kingsoft": {
                    "category": "undetected",
                    "engine_name": "Kingsoft",
                    "engine_version": "2013.8.14.323",
                    "result": null,
                    "method": "blacklist",
                    "engine_update": "20190826"
                },
                "Arcabit": {
                    "category": "undetected",
                    "engine_name": "Arcabit",
                    "engine_version": "1.0.0.856",
                    "result": null,
                    "method": "blacklist",
                    "engine_update": "20190826"
                },
                "ViRobot": {
                    "category": "undetected",
                    "engine_name": "ViRobot",
                    "engine_version": "2014.3.20.0",
                    "result": null,
                    "method": "blacklist",
                    "engine_update": "20190826"
                },
                "ZoneAlarm": {
                    "category": "malicious",
                    "engine_name": "ZoneAlarm",
                    "engine_version": "1.0",
                    "result": "not-a-virus:HEUR:AdWare.AndroidOS.Kuguo.h",
                    "method": "blacklist",
                    "engine_update": "20190826"
                },
                "Avast-Mobile": {
                    "category": "malicious",
                    "engine_name": "Avast-Mobile",
                    "engine_version": "190826-00",
                    "result": "APK:RepSandbox [Trj]",
                    "method": "blacklist",
                    "engine_update": "20190826"
                },
                "Microsoft": {
                    "category": "malicious",
                    "engine_name": "Microsoft",
                    "engine_version": "1.1.16200.1",
                    "result": "PUA:Win32/Presenoker",
                    "method": "blacklist",
                    "engine_update": "20190826"
                },
                "SentinelOne": {
                    "category": "type-unsupported",
                    "engine_name": "SentinelOne",
                    "engine_version": "1.0.31.22",
                    "result": null,
                    "method": "blacklist",
                    "engine_update": "20190807"
                },
                "AhnLab-V3": {
                    "category": "undetected",
                    "engine_name": "AhnLab-V3",
                    "engine_version": "3.16.1.25089",
                    "result": null,
                    "method": "blacklist",
                    "engine_update": "20190826"
                },
                "Acronis": {
                    "category": "type-unsupported",
                    "engine_name": "Acronis",
                    "engine_version": "1.0.1.51",
                    "result": null,
                    "method": "blacklist",
                    "engine_update": "20190822"
                },
                "VBA32": {
                    "category": "undetected",
                    "engine_name": "VBA32",
                    "engine_version": "4.0.0",
                    "result": null,
                    "method": "blacklist",
                    "engine_update": "20190826"
                },
                "ALYac": {
                    "category": "undetected",
                    "engine_name": "ALYac",
                    "engine_version": "1.1.1.5",
                    "result": null,
                    "method": "blacklist",
                    "engine_update": "20190826"
                },
                "MAX": {
                    "category": "undetected",
                    "engine_name": "MAX",
                    "engine_version": "2018.9.12.1",
                    "result": null,
                    "method": "blacklist",
                    "engine_update": "20190826"
                },
                "Ad-Aware": {
                    "category": "undetected",
                    "engine_name": "Ad-Aware",
                    "engine_version": "3.0.5.370",
                    "result": null,
                    "method": "blacklist",
                    "engine_update": "20190826"
                },
                "Cylance": {
                    "category": "type-unsupported",
                    "engine_name": "Cylance",
                    "engine_version": "2.3.1.101",
                    "result": null,
                    "method": "blacklist",
                    "engine_update": "20190826"
                },
                "Zoner": {
                    "category": "undetected",
                    "engine_name": "Zoner",
                    "engine_version": "1.0.0.1",
                    "result": null,
                    "method": "blacklist",
                    "engine_update": "20190825"
                },
                "Rising": {
                    "category": "undetected",
                    "engine_name": "Rising",
                    "engine_version": "25.0.0.24",
                    "result": null,
                    "method": "blacklist",
                    "engine_update": "20190826"
                },
                "Yandex": {
                    "category": "undetected",
                    "engine_name": "Yandex",
                    "engine_version": "5.5.2.24",
                    "result": null,
                    "method": "blacklist",
                    "engine_update": "20190822"
                },
                "TACHYON": {
                    "category": "undetected",
                    "engine_name": "TACHYON",
                    "engine_version": "2019-08-26.03",
                    "result": null,
                    "method": "blacklist",
                    "engine_update": "20190826"
                },
                "eGambit": {
                    "category": "type-unsupported",
                    "engine_name": "eGambit",
                    "engine_version": "v4.3.6",
                    "result": null,
                    "method": "blacklist",
                    "engine_update": "20190826"
                },
                "GData": {
                    "category": "undetected",
                    "engine_name": "GData",
                    "engine_version": "A:25.23198B:26.15877",
                    "result": null,
                    "method": "blacklist",
                    "engine_update": "20190826"
                },
                "AVG": {
                    "category": "undetected",
                    "engine_name": "AVG",
                    "engine_version": "18.4.3895.0",
                    "result": null,
                    "method": "blacklist",
                    "engine_update": "20190826"
                },
                "Cybereason": {
                    "category": "type-unsupported",
                    "engine_name": "Cybereason",
                    "engine_version": "1.2.449",
                    "result": null,
                    "method": "blacklist",
                    "engine_update": "20190616"
                },
                "Panda": {
                    "category": "undetected",
                    "engine_name": "Panda",
                    "engine_version": "4.6.4.2",
                    "result": null,
                    "method": "blacklist",
                    "engine_update": "20190826"
                },
                "CrowdStrike": {
                    "category": "type-unsupported",
                    "engine_name": "CrowdStrike",
                    "engine_version": "1.0",
                    "result": null,
                    "method": "blacklist",
                    "engine_update": "20190212"
                },
                "Qihoo-360": {
                    "category": "malicious",
                    "engine_name": "Qihoo-360",
                    "engine_version": "1.0.0.1120",
                    "result": "Adware.Android.Gen",
                    "method": "blacklist",
                    "engine_update": "20190826"
                }
            },
            "sha256": "0001205746481bb13b1f801e1f4da8f5d5b107e88242a608f13c9ffa99af1b63",
            "type_extension": "apk",
            "tags": [
                "apk",
                "contains-pe",
                "android",
                "contains-elf"
            ],
            "last_analysis_date": 1566837985,
            "unique_sources": 1,
            "first_submission_date": 1549441773,
            "sha1": "fb692a1bc15c69f41473881531c901295ba922b0",
            "ssdeep": "786432:YsAdcHngsIYYMMx/v1eXawRdlu+nW+TWj0t9cV8ar5W6BKmGSEdC:YfdcHgsIYuLeLRdltnW+Tg0UV805xBFv",
            "bundle_info": {
                "highest_datetime": "2016-04-14 18:57:02",
                "lowest_datetime": "2016-04-14 18:56:12",
                "num_children": 287,
                "extensions": {
                    "xml": 27,
                    "dex": 1,
                    "MF": 1,
                    "RSA": 1,
                    "dll": 9,
                    "so": 3,
                    "SF": 1,
                    "png": 77
                },
                "file_types": {
                    "XML": 27,
                    "DEX": 1,
                    "Portable Executable": 9,
                    "ELF": 3,
                    "unknown": 170,
                    "PNG": 77
                },
                "type": "APK",
                "uncompressed_size": 78724728
            },
            "packers": {
                "F-PROT": "appended"
            },
            "md5": "85f94a2694e277a8bcac904dd0b42291",
            "androguard": {
                "VTAndroidInfo": 1.41,
                "AndroidApplicationError": false,
                "MinSdkVersion": "9",
                "AndroguardVersion": "3.0-dev",
                "Activities": [
                    "com.unity3d.player.UnityPlayerNativeActivity",
                    "com.facebook.unity.FBUnityLoginActivity",
                    "com.facebook.LoginActivity",
                    "com.facebook.unity.FBUnityDeepLinkingActivity",
                    "com.facebook.unity.FBUnityDialogsActivity",
                    "pk.vyvy.mmw.fm.hp.wqy"
                ],
                "certificate": {
                    "Subject": {
                        "DN": "C:Unknown, CN:gmJq26ZiURp1, L:Unknown, O:mI2Id6MI2AFhq, ST:Unknown, OU:7JsuDFIYbN7kS",
                        "C": "Unknown",
                        "CN": "gmJq26ZiURp1",
                        "L": "Unknown",
                        "O": "mI2Id6MI2AFhq",
                        "ST": "Unknown",
                        "OU": "7JsuDFIYbN7kS"
                    },
                    "validto": "01:26 AM 01/03/2071",
                    "serialnumber": "56fdce3f",
                    "thumbprint": "fc55f35c07056ed87be96b6b4cce67ddeee83935",
                    "validfrom": "01:26 AM 04/01/2016",
                    "Issuer": {
                        "DN": "C:Unknown, CN:gmJq26ZiURp1, L:Unknown, O:mI2Id6MI2AFhq, ST:Unknown, OU:7JsuDFIYbN7kS",
                        "C": "Unknown",
                        "CN": "gmJq26ZiURp1",
                        "L": "Unknown",
                        "O": "mI2Id6MI2AFhq",
                        "ST": "Unknown",
                        "OU": "7JsuDFIYbN7kS"
                    }
                },
                "AndroidApplication": 1,
                "RiskIndicator": {
                    "APK": {
                        "SHARED LIBRARIES": 3
                    },
                    "PERM": {
                        "DANGEROUS": 3,
                        "INTERNET": 1,
                        "PRIVACY": 1,
                        "NORMAL": 2
                    }
                },
                "Services": [
                    "pk.vyvy.mmw.fm.hp.eirxw"
                ],
                "AndroidVersionCode": "45623",
                "main_activity": "com.unity3d.player.UnityPlayerNativeActivity",
                "Package": "com.bigwavegamers.spongewsdlmkxnva2",
                "intent_filters": {
                    "Services": {},
                    "Activities": {
                        "com.unity3d.player.UnityPlayerNativeActivity": {
                            "action": [
                                "android.intent.action.MAIN"
                            ],
                            "category": [
                                "android.intent.category.LAUNCHER"
                            ]
                        }
                    },
                    "Receivers": {
                        "pk.vyvy.mmw.fm.hp.mxouk": {
                            "action": [
                                "android.intent.action.USER_PRESENT"
                            ]
                        }
                    }
                },
                "AndroidVersionName": "1.2",
                "TargetSdkVersion": "19",
                "AndroidApplicationInfo": "APK",
                "permission_details": {
                    "android.permission.READ_PHONE_STATE": {
                        "short_description": "read phone state and identity",
                        "full_description": "Allows the application to access the phone features of the device. An application with this permission can determine the phone number and serial number of this phone, whether a call is active, the number that call is connected to and so on.",
                        "permission_type": "dangerous"
                    },
                    "android.permission.SYSTEM_ALERT_WINDOW": {
                        "short_description": "display system-level alerts",
                        "full_description": "Allows an application to show system-alert windows. Malicious applications can take over the entire screen of the phone.",
                        "permission_type": "dangerous"
                    },
                    "com.android.launcher.permission.INSTALL_SHORTCUT": {
                        "short_description": "Unknown permission from android reference",
                        "full_description": "Unknown permission from android reference",
                        "permission_type": "normal"
                    },
                    "android.permission.ACCESS_WIFI_STATE": {
                        "short_description": "view Wi-Fi status",
                        "full_description": "Allows an application to view the information about the status of Wi-Fi.",
                        "permission_type": "normal"
                    },
                    "android.permission.GET_TASKS": {
                        "short_description": "retrieve running applications",
                        "full_description": "Allows application to retrieve information about currently and recently running tasks. May allow malicious applications to discover private information about other applications.",
                        "permission_type": "dangerous"
                    },
                    "android.permission.ACCESS_NETWORK_STATE": {
                        "short_description": "view network status",
                        "full_description": "Allows an application to view the status of all networks.",
                        "permission_type": "normal"
                    },
                    "android.permission.INTERNET": {
                        "short_description": "full Internet access",
                        "full_description": "Allows an application to create network sockets.",
                        "permission_type": "dangerous"
                    },
                    "android.permission.WRITE_EXTERNAL_STORAGE": {
                        "short_description": "modify/delete SD card contents",
                        "full_description": "Allows an application to write to the SD card.",
                        "permission_type": "dangerous"
                    }
                },
                "Receivers": [
                    "pk.vyvy.mmw.fm.hp.mxouk"
                ],
                "StringsInformation": [
                    "https://.facebook.com",
                    "https://api.facebook.com/restserver.php",
                    "https://facebook.com",
                    "https://graph-video.%s",
                    "https://graph.%s",
                    "https://graph.facebook.com/",
                    "https://graph.facebook.com/%s/picture",
                    "https://m.facebook.com/dialog/"
                ]
            },
            "magic": "Zip archive data, at least v2.0 to extract",
            "last_analysis_stats": {
                "harmless": 0,
                "type-unsupported": 11,
                "suspicious": 0,
                "confirmed-timeout": 0,
                "timeout": 2,
                "failure": 0,
                "malicious": 14,
                "undetected": 45
            },
            "meaningful_name": "0001205746481BB13B1F801E1F4DA8F5D5B107E88242A608F13C9FFA99AF1B63.apk",
            "reputation": 0
        },
        "type": "file",
        "id": "0001205746481bb13b1f801e1f4da8f5d5b107e88242a608f13c9ffa99af1b63",
        "links": {
            "self": "https://www.virustotal.com/api/v3/files/0001205746481bb13b1f801e1f4da8f5d5b107e88242a608f13c9ffa99af1b63"
        }
    }
}