{
    "data": {
        "attributes": {
            "type_description": "Android",
            "tlsh": "T133B612C2FF5AA822D47BA33652A987E396644C8C9590E707354FB3285FF3D405B4AEC4",
            "vhash": "860582abcf28e31c65d2799883242264",
            "trid": [
                {
                    "file_type": "Android Package",
                    "probability": 47.8
                },
                {
                    "file_type": "Java Archive",
                    "probability": 16.7
                },
                {
                    "file_type": "Sweet Home 3D design (generic)",
                    "probability": 13.0
                },
                {
                    "file_type": "Mozilla Archive Format (gen)",
                    "probability": 8.6
                },
                {
                    "file_type": "Google Earth saved working session",
                    "probability": 7.4
                }
            ],
            "names": [
                "2CCBC1ECA71A5B6927019A61F894E94E"
            ],
            "last_modification_date": 1655298602,
            "type_tag": "android",
            "times_submitted": 2,
            "total_votes": {
                "harmless": 0,
                "malicious": 0
            },
            "size": 10634639,
            "popular_threat_classification": {
                "suggested_threat_label": "trojan.jiagu",
                "popular_threat_category": [
                    {
                        "count": 2,
                        "value": "trojan"
                    }
                ],
                "popular_threat_name": [
                    {
                        "count": 2,
                        "value": "jiagu"
                    }
                ]
            },
            "last_submission_date": 1575183315,
            "reputation": 0,
            "sha256": "00022d057443ac60334e3dd676f30a3b4c2837de54c09a4cb85a28d950c4e2a9",
            "type_extension": "apk",
            "tags": [
                "apk",
                "android",
                "contains-elf",
                "reflection",
                "runtime-modules",
                "telephony"
            ],
            "last_analysis_date": 1655291356,
            "unique_sources": 2,
            "first_submission_date": 1559541636,
            "sha1": "a07b2b5554663c4a768038711b22f5ab2966968a",
            "ssdeep": "196608:koI3zmRF3pd1+fYGaphrjKbU5vwMY04srLjJOFtvlCr5tTpzO7thBO2pewpt:koIjwF3X3l/85MD4s/jJOFPCrnpi7thn",
            "bundle_info": {
                "highest_datetime": "2019-05-29 10:19:56",
                "lowest_datetime": "1980-01-01 00:00:00",
                "num_children": 2027,
                "extensions": {
                    "xml": 120,
                    "dex": 1,
                    "pro": 1,
                    "jar": 1,
                    "gz": 1,
                    "jpg": 1,
                    "so": 10,
                    "png": 373
                },
                "file_types": {
                    "XML": 120,
                    "DEX": 1,
                    "ZIP": 1,
                    "unknown": 490,
                    "ELF": 14,
                    "JPG": 1,
                    "PNG": 373
                },
                "type": "APK",
                "uncompressed_size": 10005039
            },
            "packers": {
                "F-PROT": "appended, packed"
            },
            "md5": "2ccbc1eca71a5b6927019a61f894e94e",
            "androguard": {
                "VTAndroidInfo": 2.0,
                "AndroidApplicationError": false,
                "MinSdkVersion": "16",
                "AndroguardVersion": "3.4.0a1",
                "Activities": [
                    "elfinapp.ui.activity.SplashGdtActivity",
                    "cn.jiguang.analytics.android.view.BuryWebActivity",
                    "elfinapp.ui.activity.MainActivity",
                    "elfinapp.ui.activity.QQSignNetTypeActivity",
                    "elfinapp.ui.activity.ImgPreviewActivity",
                    "home.ui.activity.ChooseOnlineHeadActivity",
                    "cn.nineton.whitewrap.WhiteWrapActivity",
                    "cn.nineton.whitewrap.WhiteWrapShareActivity",
                    "cn.nineton.bubble.ui.OnlineStickerActivity",
                    "cn.nineton.bubble.ui.StickerGroupDetailActivity",
                    "authcode.login.AuthLoginActivity",
                    "authcode.login.UpdateUserInfoActivity",
                    "home.ui.activity.EditNickNameActivity",
                    "home.ui.activity.RecordActivity",
                    "elfinapp.ui.activity.BuyIntegralActivity",
                    "com.xiaomi.applibrary.pay.ui.PayH5Activity",
                    "elfinapp.ui.activity.WebViewActivity",
                    "com.common.pay.activity.PayDeskActivity",
                    "com.tencent.tauth.AuthActivity",
                    "com.tencent.connect.avatar.ImageActivity",
                    "com.tencent.connect.common.AssistActivity",
                    "com.alipay.sdk.app.H5PayActivity",
                    "com.alipay.sdk.auth.AuthActivity",
                    "com.tencent.smtt.sdk.VideoActivity",
                    "home.ui.activity.HeadLabelsListActivity",
                    "cn.nineton.circleCommunity.ui.activity.DynamicDetailActivity",
                    "com.yalantis.ucrop.UCropActivity",
                    "elfinapp.ui.activity.CropActivity",
                    "cn.nineton.downtimer.v2.ucrop.UCropSpecialActivity",
                    "cn.nineton.circleCommunity.ui.activity.CircleImgPreviewActivity",
                    "elfinapp.ui.vipnew.BuyVipActivity",
                    "cn.nineton.bubble.ui.v2.activity.StickerIndexV2Activity",
                    "cn.nineton.bubble.ui.v2.activity.ChooseStickerActivity",
                    "cn.nineton.bubble.ui.v2.activity.ChooseBackgroundActivity",
                    "cn.nineton.bubble.ui.v2.activity.BubbleEditV2Activity",
                    "cn.nineton.jiantu.ui.JianTuV2Activity",
                    "cn.nineton.downtimer.v2.activity.DownTimerV2Activity",
                    "cn.nineton.downtimer.v2.activity.DownTimerEditV2Activity",
                    "home.ui.activity.AvatarWallpaperSellAllActivity",
                    "com.nineton.ui.NTSplashActivity",
                    "com.qq.e.ads.ADActivity",
                    "com.qq.e.ads.PortraitADActivity",
                    "com.qq.e.ads.LandscapeADActivity",
                    "nineton.ui.activity.GameCenterActivity",
                    "nineton.ui.activity.GameDetailActivity",
                    "com.nineton.weidgtdowntimer.ui.WidgetDowntimeListActivity",
                    "com.nineton.weidgtdowntimer.ui.EditWidgetDownTimeV3Activity",
                    "com.nineton.weidgtdowntimer.ui.WidgetDownTimeV3HelpActivity",
                    "cn.nineton.circleCommunity.ui.activity.TaoTuShowActivity",
                    "cn.nineton.search.ui.activity.SearchIndexActivity",
                    "cn.nineton.search.ui.activity.SearchResultActivity",
                    "com.nineton.find.activity.ChooseRecommendAvatarActivity",
                    "cn.nineton.cardbg.CardBgOnlineActivity",
                    "cn.nineton.circleCommunity.ui.activity.MapMakingPublishActivity",
                    "dlablo.lib.mediapicker.ui.activity.MediaPickerActivity",
                    "dlablo.lib.mediapicker.ui.activity.MediaPreviewActivity",
                    "dlablo.lib.permissify.PermissionActivity",
                    "com.nineton.ui.NTWebViewActivity",
                    "com.nineton.ui.NTScreenActivity",
                    "com.blankj.utilcode.util.PermissionUtils$PermissionActivity"
                ],
                "certificate": {
                    "Subject": {
                        "DN": "C:86, CN:xiaojingling, L:chongqing, O:nineton, ST:chognqing, OU:xiaojingling",
                        "C": "86",
                        "CN": "xiaojingling",
                        "L": "chongqing",
                        "O": "nineton",
                        "ST": "chognqing",
                        "OU": "xiaojingling"
                    },
                    "validto": "2116-07-28 10:21:27",
                    "serialnumber": "5b11a890",
                    "thumbprint": "9d3fa4da1f8274dfcbdf0925ca03a5a48a128b9f",
                    "validfrom": "2017-08-21 10:21:27",
                    "Issuer": {
                        "DN": "C:86, CN:xiaojingling, L:chongqing, O:nineton, ST:chognqing, OU:xiaojingling",
                        "C": "86",
                        "CN": "xiaojingling",
                        "L": "chongqing",
                        "O": "nineton",
                        "ST": "chognqing",
                        "OU": "xiaojingling"
                    }
                },
                "AndroidApplication": 1,
                "RiskIndicator": {
                    "APK": {
                        "DEX": 1,
                        "ZIP": 1,
                        "SHARED LIBRARIES": 14
                    },
                    "PERM": {
                        "DEVELOPMENT": 1,
                        "NORMAL": 13,
                        "DANGEROUS": 3,
                        "PRIVACY": 4,
                        "SIGNATURE": 4,
                        "SYSTEM": 1,
                        "PREINSTALLED": 2,
                        "APPOP": 2,
                        "PRE23": 2,
                        "INTERNET": 1,
                        "GPS": 3
                    }
                },
                "Services": [
                    "elfinapp.app.IniterService",
                    "elfinapp.app.TraceServiceImpl",
                    "cn.nineton.downtimer.v2.service.DownTimerLivePaperService",
                    "cn.nineton.downtimer.v2.service.DownTimerLivePaperService2",
                    "com.qq.e.comm.DownloadService",
                    "com.xdandroid.hellodaemon.AbsWorkService$WorkNotificationService",
                    "com.xdandroid.hellodaemon.JobSchedulerService",
                    "com.xdandroid.hellodaemon.WatchDogService",
                    "com.xdandroid.hellodaemon.WatchDogService$WatchDogNotificationService",
                    "com.liulishuo.filedownloader.services.FileDownloadService$SharedMainProcessService",
                    "com.liulishuo.filedownloader.services.FileDownloadService$SeparateProcessService"
                ],
                "AndroidVersionCode": "402",
                "main_activity": "elfinapp.ui.activity.SplashGdtActivity",
                "Package": "com.elfinapp.jxtxdq",
                "intent_filters": {
                    "Services": {
                        "cn.nineton.downtimer.v2.service.DownTimerLivePaperService2": {
                            "action": [
                                "android.service.wallpaper.WallpaperService"
                            ]
                        },
                        "cn.nineton.downtimer.v2.service.DownTimerLivePaperService": {
                            "action": [
                                "android.service.wallpaper.WallpaperService"
                            ]
                        }
                    },
                    "Activities": {
                        "elfinapp.ui.activity.WebViewActivity": {
                            "action": [
                                "android.intent.action.VIEW"
                            ],
                            "category": [
                                "android.intent.category.DEFAULT",
                                "android.intent.category.BROWSABLE",
                                "android.intent.category.APP_BROWSER"
                            ]
                        },
                        "com.tencent.tauth.AuthActivity": {
                            "action": [
                                "android.intent.action.VIEW"
                            ],
                            "category": [
                                "android.intent.category.DEFAULT",
                                "android.intent.category.BROWSABLE"
                            ]
                        },
                        "com.tencent.smtt.sdk.VideoActivity": {
                            "action": [
                                "com.tencent.smtt.tbs.video.PLAY"
                            ],
                            "category": [
                                "android.intent.category.DEFAULT"
                            ]
                        },
                        "elfinapp.ui.activity.SplashGdtActivity": {
                            "action": [
                                "android.intent.action.MAIN",
                                "android.intent.action.VIEW"
                            ],
                            "category": [
                                "android.intent.category.LAUNCHER",
                                "android.intent.category.DEFAULT",
                                "android.intent.category.BROWSABLE"
                            ]
                        }
                    },
                    "Receivers": {
                        "com.nineton.receive.DownloadReceiver": {
                            "action": [
                                "android.intent.action.DOWNLOAD_COMPLETE"
                            ]
                        },
                        "com.xdandroid.hellodaemon.WakeUpReceiver": {
                            "action": [
                                "android.intent.action.USER_PRESENT",
                                "android.intent.action.ACTION_POWER_CONNECTED",
                                "android.intent.action.ACTION_POWER_DISCONNECTED",
                                "com.xdandroid.hellodaemon.CANCEL_JOB_ALARM_SUB"
                            ]
                        },
                        "xiaoyaojing.downtimer.ui.ClockProvider": {
                            "action": [
                                "android.appwidget.action.APPWIDGET_UPDATE"
                            ]
                        },
                        "xiaoyaojing.downtimer.ui.Clock3Provider": {
                            "action": [
                                "android.appwidget.action.APPWIDGET_UPDATE"
                            ]
                        },
                        "xiaoyaojing.downtimer.ui.Clock2Provider": {
                            "action": [
                                "android.appwidget.action.APPWIDGET_UPDATE"
                            ]
                        },
                        "com.xdandroid.hellodaemon.WakeUpReceiver$WakeUpAutoStartReceiver": {
                            "action": [
                                "android.intent.action.BOOT_COMPLETED",
                                "android.net.conn.CONNECTIVITY_CHANGE",
                                "android.intent.action.PACKAGE_ADDED",
                                "android.intent.action.PACKAGE_REMOVED"
                            ]
                        }
                    }
                },
                "AndroidVersionName": "4.0.2",
                "TargetSdkVersion": "25",
                "AndroidApplicationInfo": "APK",
                "Providers": [
                    "android.support.v4.content.FileProvider",
                    "com.blankj.utilcode.util.Utils$FileProvider4UtilCode"
                ],
                "permission_details": {
                    "android.permission.CHANGE_NETWORK_STATE": {
                        "short_description": "change network connectivity",
                        "full_description": "Allows the app to change the state of network connectivity.",
                        "permission_type": "normal"
                    },
                    "android.permission.ACCESS_COARSE_LOCATION": {
                        "short_description": "access approximate location\n      (network-based)",
                        "full_description": "Allows the app to get your\n      approximate location. This location is derived by location services using\n      network location sources such as cell towers and Wi-Fi. These location\n      services must be turned on and available to your device for the app to\n      use them. Apps may use this to determine approximately where you\n      are.",
                        "permission_type": "dangerous"
                    },
                    "android.permission.INTERNET": {
                        "short_description": "have full network access",
                        "full_description": "Allows the app to create\n     network sockets and use custom network protocols. The browser and other\n     applications provide means to send data to the internet, so this\n     permission is not required to send data to the internet.",
                        "permission_type": "normal"
                    },
                    "android.permission.BIND_NOTIFICATION_LISTENER_SERVICE": {
                        "short_description": "",
                        "full_description": "",
                        "permission_type": "signature"
                    },
                    "com.elfinapp.jxtxdq.permission.MIPUSH_RECEIVE": {
                        "short_description": "Unknown permission from android reference",
                        "full_description": "Unknown permission from android reference",
                        "permission_type": "normal"
                    },
                    "android.permission.ACCESS_FINE_LOCATION": {
                        "short_description": "access precise location (GPS and\n      network-based)",
                        "full_description": "Allows the app to get your\n      precise location using the Global Positioning System (GPS) or network\n      location sources such as cell towers and Wi-Fi. These location services\n      must be turned on and available to your device for the app to use them.\n      Apps may use this to determine where you are, and may consume additional\n      battery power.",
                        "permission_type": "dangerous"
                    },
                    "android.permission.PACKAGE_USAGE_STATS": {
                        "short_description": "update component usage statistics",
                        "full_description": "Allows the app to modify collected component usage statistics. Not for use by normal apps.",
                        "permission_type": "signature|system"
                    },
                    "android.permission.RECEIVE_USER_PRESENT": {
                        "short_description": "Unknown permission from android reference",
                        "full_description": "Unknown permission from android reference",
                        "permission_type": "normal"
                    },
                    "android.permission.GET_TASKS": {
                        "short_description": "retrieve running apps",
                        "full_description": "Allows the app to retrieve information\n       about currently and recently running tasks.  This may allow the app to\n       discover information about which applications are used on the device.",
                        "permission_type": "normal"
                    },
                    "android.permission.REQUEST_INSTALL_PACKAGES": {
                        "short_description": "request install packages",
                        "full_description": "Allows an application to request installation of packages.",
                        "permission_type": "normal"
                    },
                    "android.permission.ACCESS_NETWORK_STATE": {
                        "short_description": "view network connections",
                        "full_description": "Allows the app to view\n      information about network connections such as which networks exist and are\n      connected.",
                        "permission_type": "normal"
                    },
                    "android.permission.SET_WALLPAPER": {
                        "short_description": "set wallpaper",
                        "full_description": "Allows the app to set the system wallpaper.",
                        "permission_type": "normal"
                    },
                    "android.permission.WRITE_EXTERNAL_STORAGE": {
                        "short_description": "modify or delete the contents of your SD card",
                        "full_description": "Allows the app to write to the SD card.",
                        "permission_type": "dangerous"
                    },
                    "android.permission.REQUEST_IGNORE_BATTERY_OPTIMIZATIONS": {
                        "short_description": "ask to ignore battery optimizations",
                        "full_description": "Allows an app to ask for permission to ignore battery optimizations for that app.",
                        "permission_type": "normal"
                    },
                    "android.permission.READ_EXTERNAL_STORAGE": {
                        "short_description": "read the contents of your SD card",
                        "full_description": "Allows the app to read the contents of your SD card.",
                        "permission_type": "dangerous"
                    },
                    "android.permission.RECEIVE_BOOT_COMPLETED": {
                        "short_description": "run at startup",
                        "full_description": "Allows the app to\n        have itself started as soon as the system has finished booting.\n        This can make it take longer to start the phone and allow the\n        app to slow down the overall phone by always running.",
                        "permission_type": "normal"
                    },
                    "android.permission.WRITE_SETTINGS": {
                        "short_description": "modify system settings",
                        "full_description": "Allows the app to modify the\n        system's settings data. Malicious apps may corrupt your system's\n        configuration.",
                        "permission_type": "signature|preinstalled|appop|pre23"
                    },
                    "android.permission.READ_PHONE_STATE": {
                        "short_description": "read phone status and identity",
                        "full_description": "Allows the app to access the phone\n      features of the device.  This permission allows the app to determine the\n      phone number and device IDs, whether a call is active, and the remote number\n      connected by a call.",
                        "permission_type": "dangerous"
                    },
                    "android.permission.FOREGROUND_SERVICE": {
                        "short_description": "Unknown permission from android reference",
                        "full_description": "Unknown permission from android reference",
                        "permission_type": "normal"
                    },
                    "android.permission.SYSTEM_OVERLAY_WINDOW": {
                        "short_description": "Unknown permission from android reference",
                        "full_description": "Unknown permission from android reference",
                        "permission_type": "normal"
                    },
                    "android.permission.VIBRATE": {
                        "short_description": "control vibration",
                        "full_description": "Allows the app to control the vibrator.",
                        "permission_type": "normal"
                    },
                    "android.permission.SYSTEM_ALERT_WINDOW": {
                        "short_description": "draw over other apps",
                        "full_description": "Allows the app to draw on top of other\n        applications or parts of the user interface.  They may interfere with your\n        use of the interface in any application, or change what you think you are\n        seeing in other applications.",
                        "permission_type": "signature|preinstalled|appop|pre23|development"
                    },
                    "android.permission.ACCESS_NOTIFICATION_POLICY": {
                        "short_description": "access Do Not Disturb",
                        "full_description": "Allows the app to read and write Do Not Disturb configuration.",
                        "permission_type": "normal"
                    },
                    "android.permission.ACCESS_LOCATION_EXTRA_COMMANDS": {
                        "short_description": "access extra location provider commands",
                        "full_description": "Allows the app to access\n        extra location provider commands.  This may allow the app to interfere\n        with the operation of the GPS or other location sources.",
                        "permission_type": "normal"
                    },
                    "android.permission.ACCESS_WIFI_STATE": {
                        "short_description": "view Wi-Fi connections",
                        "full_description": "Allows the app to view information\n      about Wi-Fi networking, such as whether Wi-Fi is enabled and name of\n      connected Wi-Fi devices.",
                        "permission_type": "normal"
                    },
                    "android.permission.WAKE_LOCK": {
                        "short_description": "prevent phone from sleeping",
                        "full_description": "Allows the app to prevent the phone from going to sleep.",
                        "permission_type": "normal"
                    },
                    "com.coloros.mcs.permission.RECIEVE_MCS_MESSAGE": {
                        "short_description": "Unknown permission from android reference",
                        "full_description": "Unknown permission from android reference",
                        "permission_type": "normal"
                    },
                    "android.permission.CHANGE_WIFI_STATE": {
                        "short_description": "connect and disconnect from Wi-Fi",
                        "full_description": "Allows the app to connect to and\n      disconnect from Wi-Fi access points and to make changes to device\n      configuration for Wi-Fi networks.",
                        "permission_type": "normal"
                    },
                    "android.permission.RECORD_AUDIO": {
                        "short_description": "record audio",
                        "full_description": "Allows the app to record audio with the\n      microphone.  This permission allows the app to record audio at any time\n      without your confirmation.",
                        "permission_type": "dangerous"
                    },
                    "android.permission.MOUNT_UNMOUNT_FILESYSTEMS": {
                        "short_description": "access SD Card filesystem",
                        "full_description": "Allows the app to mount and\n        unmount filesystems for removable storage.",
                        "permission_type": "dangerous"
                    },
                    "android.permission.RESTART_PACKAGES": {
                        "short_description": "close other apps",
                        "full_description": "Allows the app to end\n      background processes of other apps.  This may cause other apps to stop\n      running.",
                        "permission_type": "normal"
                    }
                },
                "Receivers": [
                    "xiaoyaojing.downtimer.ui.ClockProvider",
                    "xiaoyaojing.downtimer.ui.Clock2Provider",
                    "xiaoyaojing.downtimer.ui.Clock3Provider",
                    "com.xdandroid.hellodaemon.WakeUpReceiver",
                    "com.xdandroid.hellodaemon.WakeUpReceiver$WakeUpAutoStartReceiver",
                    "com.nineton.receive.DownloadReceiver"
                ]
            },
            "magic": "Zip archive data, at least v2.0 to extract",
            "last_analysis_stats": {
                "harmless": 0,
                "type-unsupported": 9,
                "suspicious": 0,
                "confirmed-timeout": 0,
                "timeout": 0,
                "failure": 0,
                "malicious": 9,
                "undetected": 53
            },
            "last_analysis_results": {
                "Bkav": {
                    "category": "undetected",
                    "engine_name": "Bkav",
                    "engine_version": "1.3.0.9899",
                    "result": null,
                    "method": "blacklist",
                    "engine_update": "20220615"
                },
                "Lionic": {
                    "category": "undetected",
                    "engine_name": "Lionic",
                    "engine_version": "7.5",
                    "result": null,
                    "method": "blacklist",
                    "engine_update": "20220615"
                },
                "Elastic": {
                    "category": "undetected",
                    "engine_name": "Elastic",
                    "engine_version": "4.0.39",
                    "result": null,
                    "method": "blacklist",
                    "engine_update": "20220614"
                },
                "MicroWorld-eScan": {
                    "category": "undetected",
                    "engine_name": "MicroWorld-eScan",
                    "engine_version": "14.0.409.0",
                    "result": null,
                    "method": "blacklist",
                    "engine_update": "20220615"
                },
                "CMC": {
                    "category": "undetected",
                    "engine_name": "CMC",
                    "engine_version": "2.10.2019.1",
                    "result": null,
                    "method": "blacklist",
                    "engine_update": "20211026"
                },
                "CAT-QuickHeal": {
                    "category": "undetected",
                    "engine_name": "CAT-QuickHeal",
                    "engine_version": "14.00",
                    "result": null,
                    "method": "blacklist",
                    "engine_update": "20220615"
                },
                "ALYac": {
                    "category": "undetected",
                    "engine_name": "ALYac",
                    "engine_version": "1.1.3.1",
                    "result": null,
                    "method": "blacklist",
                    "engine_update": "20220615"
                },
                "Malwarebytes": {
                    "category": "undetected",
                    "engine_name": "Malwarebytes",
                    "engine_version": "4.3.3.37",
                    "result": null,
                    "method": "blacklist",
                    "engine_update": "20220615"
                },
                "Paloalto": {
                    "category": "type-unsupported",
                    "engine_name": "Paloalto",
                    "engine_version": "0.9.0.1003",
                    "result": null,
                    "method": "blacklist",
                    "engine_update": "20220615"
                },
                "Sangfor": {
                    "category": "undetected",
                    "engine_name": "Sangfor",
                    "engine_version": "2.14.0.0",
                    "result": null,
                    "method": "blacklist",
                    "engine_update": "20220602"
                },
                "K7AntiVirus": {
                    "category": "undetected",
                    "engine_name": "K7AntiVirus",
                    "engine_version": "12.19.42850",
                    "result": null,
                    "method": "blacklist",
                    "engine_update": "20220615"
                },
                "BitDefender": {
                    "category": "undetected",
                    "engine_name": "BitDefender",
                    "engine_version": "7.2",
                    "result": null,
                    "method": "blacklist",
                    "engine_update": "20220615"
                },
                "K7GW": {
                    "category": "malicious",
                    "engine_name": "K7GW",
                    "engine_version": "12.19.42850",
                    "result": "Trojan ( 0053576b1 )",
                    "method": "blacklist",
                    "engine_update": "20220615"
                },
                "Trustlook": {
                    "category": "malicious",
                    "engine_name": "Trustlook",
                    "engine_version": "1.0",
                    "result": "Android.PUA.General",
                    "method": "blacklist",
                    "engine_update": "20220615"
                },
                "BitDefenderTheta": {
                    "category": "undetected",
                    "engine_name": "BitDefenderTheta",
                    "engine_version": "7.2.37796.0",
                    "result": null,
                    "method": "blacklist",
                    "engine_update": "20220614"
                },
                "VirIT": {
                    "category": "undetected",
                    "engine_name": "VirIT",
                    "engine_version": "9.5.216",
                    "result": null,
                    "method": "blacklist",
                    "engine_update": "20220614"
                },
                "Cyren": {
                    "category": "undetected",
                    "engine_name": "Cyren",
                    "engine_version": "6.5.1.2",
                    "result": null,
                    "method": "blacklist",
                    "engine_update": "20220615"
                },
                "SymantecMobileInsight": {
                    "category": "malicious",
                    "engine_name": "SymantecMobileInsight",
                    "engine_version": "2.0",
                    "result": "AppRisk:Generisk",
                    "method": "blacklist",
                    "engine_update": "20220208"
                },
                "tehtris": {
                    "category": "type-unsupported",
                    "engine_name": "tehtris",
                    "engine_version": null,
                    "result": null,
                    "method": "blacklist",
                    "engine_update": "20220615"
                },
                "ESET-NOD32": {
                    "category": "malicious",
                    "engine_name": "ESET-NOD32",
                    "engine_version": "25437",
                    "result": "a variant of Android/Packed.Jiagu.D potentially unsafe",
                    "method": "blacklist",
                    "engine_update": "20220615"
                },
                "Baidu": {
                    "category": "undetected",
                    "engine_name": "Baidu",
                    "engine_version": "1.0.0.2",
                    "result": null,
                    "method": "blacklist",
                    "engine_update": "20190318"
                },
                "TrendMicro-HouseCall": {
                    "category": "undetected",
                    "engine_name": "TrendMicro-HouseCall",
                    "engine_version": "10.0.0.1040",
                    "result": null,
                    "method": "blacklist",
                    "engine_update": "20220615"
                },
                "Avast": {
                    "category": "undetected",
                    "engine_name": "Avast",
                    "engine_version": "21.1.5827.0",
                    "result": null,
                    "method": "blacklist",
                    "engine_update": "20220615"
                },
                "ClamAV": {
                    "category": "undetected",
                    "engine_name": "ClamAV",
                    "engine_version": "0.105.0.0",
                    "result": null,
                    "method": "blacklist",
                    "engine_update": "20220615"
                },
                "Kaspersky": {
                    "category": "undetected",
                    "engine_name": "Kaspersky",
                    "engine_version": "21.0.1.45",
                    "result": null,
                    "method": "blacklist",
                    "engine_update": "20220615"
                },
                "Alibaba": {
                    "category": "undetected",
                    "engine_name": "Alibaba",
                    "engine_version": "0.3.0.5",
                    "result": null,
                    "method": "blacklist",
                    "engine_update": "20190527"
                },
                "NANO-Antivirus": {
                    "category": "undetected",
                    "engine_name": "NANO-Antivirus",
                    "engine_version": "1.0.146.25588",
                    "result": null,
                    "method": "blacklist",
                    "engine_update": "20220615"
                },
                "ViRobot": {
                    "category": "undetected",
                    "engine_name": "ViRobot",
                    "engine_version": "2014.3.20.0",
                    "result": null,
                    "method": "blacklist",
                    "engine_update": "20220615"
                },
                "APEX": {
                    "category": "type-unsupported",
                    "engine_name": "APEX",
                    "engine_version": "6.302",
                    "result": null,
                    "method": "blacklist",
                    "engine_update": "20220613"
                },
                "Rising": {
                    "category": "undetected",
                    "engine_name": "Rising",
                    "engine_version": "25.0.0.27",
                    "result": null,
                    "method": "blacklist",
                    "engine_update": "20220615"
                },
                "Ad-Aware": {
                    "category": "undetected",
                    "engine_name": "Ad-Aware",
                    "engine_version": "3.0.21.193",
                    "result": null,
                    "method": "blacklist",
                    "engine_update": "20220615"
                },
                "Emsisoft": {
                    "category": "undetected",
                    "engine_name": "Emsisoft",
                    "engine_version": "2021.5.0.7597",
                    "result": null,
                    "method": "blacklist",
                    "engine_update": "20220615"
                },
                "Comodo": {
                    "category": "undetected",
                    "engine_name": "Comodo",
                    "engine_version": "34716",
                    "result": null,
                    "method": "blacklist",
                    "engine_update": "20220615"
                },
                "F-Secure": {
                    "category": "undetected",
                    "engine_name": "F-Secure",
                    "engine_version": "18.10.978.51",
                    "result": null,
                    "method": "blacklist",
                    "engine_update": "20220615"
                },
                "DrWeb": {
                    "category": "undetected",
                    "engine_name": "DrWeb",
                    "engine_version": "7.0.56.4040",
                    "result": null,
                    "method": "blacklist",
                    "engine_update": "20220615"
                },
                "Zillya": {
                    "category": "malicious",
                    "engine_name": "Zillya",
                    "engine_version": "2.0.0.4651",
                    "result": "Trojan.Ewind.Android.84",
                    "method": "blacklist",
                    "engine_update": "20220613"
                },
                "TrendMicro": {
                    "category": "undetected",
                    "engine_name": "TrendMicro",
                    "engine_version": "11.0.0.1006",
                    "result": null,
                    "method": "blacklist",
                    "engine_update": "20220615"
                },
                "McAfee-GW-Edition": {
                    "category": "undetected",
                    "engine_name": "McAfee-GW-Edition",
                    "engine_version": "v2019.1.2+3728",
                    "result": null,
                    "method": "blacklist",
                    "engine_update": "20220614"
                },
                "SentinelOne": {
                    "category": "type-unsupported",
                    "engine_name": "SentinelOne",
                    "engine_version": "22.2.1.2",
                    "result": null,
                    "method": "blacklist",
                    "engine_update": "20220330"
                },
                "Trapmine": {
                    "category": "type-unsupported",
                    "engine_name": "Trapmine",
                    "engine_version": "3.5.50.94",
                    "result": null,
                    "method": "blacklist",
                    "engine_update": "20220526"
                },
                "FireEye": {
                    "category": "undetected",
                    "engine_name": "FireEye",
                    "engine_version": "35.24.1.0",
                    "result": null,
                    "method": "blacklist",
                    "engine_update": "20220615"
                },
                "Sophos": {
                    "category": "undetected",
                    "engine_name": "Sophos",
                    "engine_version": "1.4.1.0",
                    "result": null,
                    "method": "blacklist",
                    "engine_update": "20220614"
                },
                "Ikarus": {
                    "category": "malicious",
                    "engine_name": "Ikarus",
                    "engine_version": "6.0.24.0",
                    "result": "PUA.AndroidOS.Jiagu",
                    "method": "blacklist",
                    "engine_update": "20220615"
                },
                "GData": {
                    "category": "undetected",
                    "engine_name": "GData",
                    "engine_version": "A:25.33283B:27.27722",
                    "result": null,
                    "method": "blacklist",
                    "engine_update": "20220615"
                },
                "Jiangmin": {
                    "category": "undetected",
                    "engine_name": "Jiangmin",
                    "engine_version": "16.0.100",
                    "result": null,
                    "method": "blacklist",
                    "engine_update": "20220614"
                },
                "Webroot": {
                    "category": "type-unsupported",
                    "engine_name": "Webroot",
                    "engine_version": "1.0.0.403",
                    "result": null,
                    "method": "blacklist",
                    "engine_update": "20220615"
                },
                "Avira": {
                    "category": "undetected",
                    "engine_name": "Avira",
                    "engine_version": "8.3.3.14",
                    "result": null,
                    "method": "blacklist",
                    "engine_update": "20220615"
                },
                "Kingsoft": {
                    "category": "undetected",
                    "engine_name": "Kingsoft",
                    "engine_version": "2017.9.26.565",
                    "result": null,
                    "method": "blacklist",
                    "engine_update": "20220615"
                },
                "Microsoft": {
                    "category": "malicious",
                    "engine_name": "Microsoft",
                    "engine_version": "1.1.19200.6",
                    "result": "Program:AndroidOS/Multiverze",
                    "method": "blacklist",
                    "engine_update": "20220615"
                },
                "Gridinsoft": {
                    "category": "undetected",
                    "engine_name": "Gridinsoft",
                    "engine_version": "1.0.81.174",
                    "result": null,
                    "method": "blacklist",
                    "engine_update": "20220615"
                },
                "Arcabit": {
                    "category": "undetected",
                    "engine_name": "Arcabit",
                    "engine_version": "1.0.0.889",
                    "result": null,
                    "method": "blacklist",
                    "engine_update": "20220615"
                },
                "SUPERAntiSpyware": {
                    "category": "undetected",
                    "engine_name": "SUPERAntiSpyware",
                    "engine_version": "5.6.0.1032",
                    "result": null,
                    "method": "blacklist",
                    "engine_update": "20220611"
                },
                "ZoneAlarm": {
                    "category": "undetected",
                    "engine_name": "ZoneAlarm",
                    "engine_version": "1.0",
                    "result": null,
                    "method": "blacklist",
                    "engine_update": "20220615"
                },
                "Avast-Mobile": {
                    "category": "malicious",
                    "engine_name": "Avast-Mobile",
                    "engine_version": "220615-00",
                    "result": "APK:RepMalware [PUP]",
                    "method": "blacklist",
                    "engine_update": "20220615"
                },
                "Cynet": {
                    "category": "undetected",
                    "engine_name": "Cynet",
                    "engine_version": "4.0.0.27",
                    "result": null,
                    "method": "blacklist",
                    "engine_update": "20220615"
                },
                "BitDefenderFalx": {
                    "category": "undetected",
                    "engine_name": "BitDefenderFalx",
                    "engine_version": "2.0.936",
                    "result": null,
                    "method": "blacklist",
                    "engine_update": "20220103"
                },
                "AhnLab-V3": {
                    "category": "undetected",
                    "engine_name": "AhnLab-V3",
                    "engine_version": "3.22.0.10282",
                    "result": null,
                    "method": "blacklist",
                    "engine_update": "20220615"
                },
                "Acronis": {
                    "category": "undetected",
                    "engine_name": "Acronis",
                    "engine_version": "1.2.0.108",
                    "result": null,
                    "method": "blacklist",
                    "engine_update": "20220426"
                },
                "McAfee": {
                    "category": "undetected",
                    "engine_name": "McAfee",
                    "engine_version": "6.0.6.653",
                    "result": null,
                    "method": "blacklist",
                    "engine_update": "20220615"
                },
                "MAX": {
                    "category": "undetected",
                    "engine_name": "MAX",
                    "engine_version": "2019.9.16.1",
                    "result": null,
                    "method": "blacklist",
                    "engine_update": "20220615"
                },
                "VBA32": {
                    "category": "undetected",
                    "engine_name": "VBA32",
                    "engine_version": "5.0.0",
                    "result": null,
                    "method": "blacklist",
                    "engine_update": "20220615"
                },
                "Cylance": {
                    "category": "type-unsupported",
                    "engine_name": "Cylance",
                    "engine_version": "2.3.1.101",
                    "result": null,
                    "method": "blacklist",
                    "engine_update": "20220615"
                },
                "Zoner": {
                    "category": "undetected",
                    "engine_name": "Zoner",
                    "engine_version": "2.2.2.0",
                    "result": null,
                    "method": "blacklist",
                    "engine_update": "20220614"
                },
                "Tencent": {
                    "category": "undetected",
                    "engine_name": "Tencent",
                    "engine_version": "1.0.0.1",
                    "result": null,
                    "method": "blacklist",
                    "engine_update": "20220615"
                },
                "Yandex": {
                    "category": "undetected",
                    "engine_name": "Yandex",
                    "engine_version": "5.5.2.24",
                    "result": null,
                    "method": "blacklist",
                    "engine_update": "20220615"
                },
                "TACHYON": {
                    "category": "undetected",
                    "engine_name": "TACHYON",
                    "engine_version": "2022-06-15.02",
                    "result": null,
                    "method": "blacklist",
                    "engine_update": "20220615"
                },
                "MaxSecure": {
                    "category": "undetected",
                    "engine_name": "MaxSecure",
                    "engine_version": "1.0.0.1",
                    "result": null,
                    "method": "blacklist",
                    "engine_update": "20220615"
                },
                "Fortinet": {
                    "category": "malicious",
                    "engine_name": "Fortinet",
                    "engine_version": "6.2.142.0",
                    "result": "Riskware/PackagingUntrustworthyJiagu!Android",
                    "method": "blacklist",
                    "engine_update": "20220615"
                },
                "Cybereason": {
                    "category": "type-unsupported",
                    "engine_name": "Cybereason",
                    "engine_version": "1.2.449",
                    "result": null,
                    "method": "blacklist",
                    "engine_update": "20210330"
                },
                "Panda": {
                    "category": "undetected",
                    "engine_name": "Panda",
                    "engine_version": "4.6.4.2",
                    "result": null,
                    "method": "blacklist",
                    "engine_update": "20220614"
                },
                "CrowdStrike": {
                    "category": "type-unsupported",
                    "engine_name": "CrowdStrike",
                    "engine_version": "1.0",
                    "result": null,
                    "method": "blacklist",
                    "engine_update": null
                }
            }
        },
        "type": "file",
        "id": "00022d057443ac60334e3dd676f30a3b4c2837de54c09a4cb85a28d950c4e2a9",
        "links": {
            "self": "https://www.virustotal.com/api/v3/files/00022d057443ac60334e3dd676f30a3b4c2837de54c09a4cb85a28d950c4e2a9"
        }
    }
}