{
    "data": {
        "attributes": {
            "type_description": "Android",
            "tlsh": "T103270169E7551045E233C27AAFE11359FA184C238B0359AABB9473688FF3AD84751FCC",
            "vhash": "8649c2946a2dc6363773a6fa4eb2644d",
            "trid": [
                {
                    "file_type": "Android Package",
                    "probability": 32.4
                },
                {
                    "file_type": "SPSS Extension",
                    "probability": 25.3
                },
                {
                    "file_type": "Opera Widget",
                    "probability": 11.8
                },
                {
                    "file_type": "Java Archive",
                    "probability": 11.3
                },
                {
                    "file_type": "Sweet Home 3D design (generic)",
                    "probability": 8.8
                }
            ],
            "names": [
                "com.app.bookmytournow.apk"
            ],
            "last_modification_date": 1629646238,
            "type_tag": "android",
            "times_submitted": 2,
            "total_votes": {
                "harmless": 0,
                "malicious": 0
            },
            "size": 20630135,
            "type_extension": "apk",
            "last_submission_date": 1542866624,
            "last_analysis_results": {
                "Bkav": {
                    "category": "undetected",
                    "engine_name": "Bkav",
                    "engine_version": "1.3.0.9899",
                    "result": null,
                    "method": "blacklist",
                    "engine_update": "20210822"
                },
                "Lionic": {
                    "category": "undetected",
                    "engine_name": "Lionic",
                    "engine_version": "4.2",
                    "result": null,
                    "method": "blacklist",
                    "engine_update": "20210822"
                },
                "Elastic": {
                    "category": "type-unsupported",
                    "engine_name": "Elastic",
                    "engine_version": "4.0.27",
                    "result": null,
                    "method": "blacklist",
                    "engine_update": "20210805"
                },
                "MicroWorld-eScan": {
                    "category": "undetected",
                    "engine_name": "MicroWorld-eScan",
                    "engine_version": "14.0.409.0",
                    "result": null,
                    "method": "blacklist",
                    "engine_update": "20210822"
                },
                "FireEye": {
                    "category": "undetected",
                    "engine_name": "FireEye",
                    "engine_version": "32.44.1.0",
                    "result": null,
                    "method": "blacklist",
                    "engine_update": "20210822"
                },
                "CAT-QuickHeal": {
                    "category": "undetected",
                    "engine_name": "CAT-QuickHeal",
                    "engine_version": "14.00",
                    "result": null,
                    "method": "blacklist",
                    "engine_update": "20210822"
                },
                "ALYac": {
                    "category": "undetected",
                    "engine_name": "ALYac",
                    "engine_version": "1.1.3.1",
                    "result": null,
                    "method": "blacklist",
                    "engine_update": "20210822"
                },
                "Malwarebytes": {
                    "category": "undetected",
                    "engine_name": "Malwarebytes",
                    "engine_version": "4.2.2.27",
                    "result": null,
                    "method": "blacklist",
                    "engine_update": "20210822"
                },
                "Zillya": {
                    "category": "undetected",
                    "engine_name": "Zillya",
                    "engine_version": "2.0.0.4434",
                    "result": null,
                    "method": "blacklist",
                    "engine_update": "20210820"
                },
                "Paloalto": {
                    "category": "type-unsupported",
                    "engine_name": "Paloalto",
                    "engine_version": "1.0",
                    "result": null,
                    "method": "blacklist",
                    "engine_update": "20210822"
                },
                "Sangfor": {
                    "category": "undetected",
                    "engine_name": "Sangfor",
                    "engine_version": "2.9.0.0",
                    "result": null,
                    "method": "blacklist",
                    "engine_update": "20210625"
                },
                "Trustlook": {
                    "category": "undetected",
                    "engine_name": "Trustlook",
                    "engine_version": "1.0",
                    "result": null,
                    "method": "blacklist",
                    "engine_update": "20210822"
                },
                "Alibaba": {
                    "category": "undetected",
                    "engine_name": "Alibaba",
                    "engine_version": "0.3.0.5",
                    "result": null,
                    "method": "blacklist",
                    "engine_update": "20190527"
                },
                "K7GW": {
                    "category": "undetected",
                    "engine_name": "K7GW",
                    "engine_version": "11.206.38071",
                    "result": null,
                    "method": "blacklist",
                    "engine_update": "20210822"
                },
                "K7AntiVirus": {
                    "category": "undetected",
                    "engine_name": "K7AntiVirus",
                    "engine_version": "11.206.38071",
                    "result": null,
                    "method": "blacklist",
                    "engine_update": "20210822"
                },
                "Arcabit": {
                    "category": "undetected",
                    "engine_name": "Arcabit",
                    "engine_version": "1.0.0.886",
                    "result": null,
                    "method": "blacklist",
                    "engine_update": "20210822"
                },
                "BitDefenderTheta": {
                    "category": "undetected",
                    "engine_name": "BitDefenderTheta",
                    "engine_version": "7.2.37796.0",
                    "result": null,
                    "method": "blacklist",
                    "engine_update": "20210816"
                },
                "Cyren": {
                    "category": "undetected",
                    "engine_name": "Cyren",
                    "engine_version": "6.3.0.2",
                    "result": null,
                    "method": "blacklist",
                    "engine_update": "20210822"
                },
                "SymantecMobileInsight": {
                    "category": "undetected",
                    "engine_name": "SymantecMobileInsight",
                    "engine_version": "2.0",
                    "result": null,
                    "method": "blacklist",
                    "engine_update": "20210126"
                },
                "Symantec": {
                    "category": "undetected",
                    "engine_name": "Symantec",
                    "engine_version": "1.15.0.0",
                    "result": null,
                    "method": "blacklist",
                    "engine_update": "20210821"
                },
                "ESET-NOD32": {
                    "category": "undetected",
                    "engine_name": "ESET-NOD32",
                    "engine_version": "23835",
                    "result": null,
                    "method": "blacklist",
                    "engine_update": "20210822"
                },
                "Baidu": {
                    "category": "undetected",
                    "engine_name": "Baidu",
                    "engine_version": "1.0.0.2",
                    "result": null,
                    "method": "blacklist",
                    "engine_update": "20190318"
                },
                "TrendMicro-HouseCall": {
                    "category": "undetected",
                    "engine_name": "TrendMicro-HouseCall",
                    "engine_version": "10.0.0.1040",
                    "result": null,
                    "method": "blacklist",
                    "engine_update": "20210822"
                },
                "Avast": {
                    "category": "undetected",
                    "engine_name": "Avast",
                    "engine_version": "21.1.5827.0",
                    "result": null,
                    "method": "blacklist",
                    "engine_update": "20210822"
                },
                "ClamAV": {
                    "category": "undetected",
                    "engine_name": "ClamAV",
                    "engine_version": "0.103.3.0",
                    "result": null,
                    "method": "blacklist",
                    "engine_update": "20210822"
                },
                "Kaspersky": {
                    "category": "undetected",
                    "engine_name": "Kaspersky",
                    "engine_version": "21.0.1.45",
                    "result": null,
                    "method": "blacklist",
                    "engine_update": "20210822"
                },
                "BitDefender": {
                    "category": "undetected",
                    "engine_name": "BitDefender",
                    "engine_version": "7.2",
                    "result": null,
                    "method": "blacklist",
                    "engine_update": "20210822"
                },
                "NANO-Antivirus": {
                    "category": "undetected",
                    "engine_name": "NANO-Antivirus",
                    "engine_version": "1.0.146.25311",
                    "result": null,
                    "method": "blacklist",
                    "engine_update": "20210822"
                },
                "SUPERAntiSpyware": {
                    "category": "undetected",
                    "engine_name": "SUPERAntiSpyware",
                    "engine_version": "5.6.0.1032",
                    "result": null,
                    "method": "blacklist",
                    "engine_update": "20210821"
                },
                "APEX": {
                    "category": "type-unsupported",
                    "engine_name": "APEX",
                    "engine_version": "6.200",
                    "result": null,
                    "method": "blacklist",
                    "engine_update": "20210822"
                },
                "Rising": {
                    "category": "undetected",
                    "engine_name": "Rising",
                    "engine_version": "25.0.0.26",
                    "result": null,
                    "method": "blacklist",
                    "engine_update": "20210822"
                },
                "Ad-Aware": {
                    "category": "undetected",
                    "engine_name": "Ad-Aware",
                    "engine_version": "3.0.21.179",
                    "result": null,
                    "method": "blacklist",
                    "engine_update": "20210822"
                },
                "Emsisoft": {
                    "category": "undetected",
                    "engine_name": "Emsisoft",
                    "engine_version": "2021.4.0.5819",
                    "result": null,
                    "method": "blacklist",
                    "engine_update": "20210822"
                },
                "Comodo": {
                    "category": "undetected",
                    "engine_name": "Comodo",
                    "engine_version": "33826",
                    "result": null,
                    "method": "blacklist",
                    "engine_update": "20210822"
                },
                "F-Secure": {
                    "category": "undetected",
                    "engine_name": "F-Secure",
                    "engine_version": "12.0.86.52",
                    "result": null,
                    "method": "blacklist",
                    "engine_update": "20210822"
                },
                "DrWeb": {
                    "category": "undetected",
                    "engine_name": "DrWeb",
                    "engine_version": "7.0.49.9080",
                    "result": null,
                    "method": "blacklist",
                    "engine_update": "20210822"
                },
                "VIPRE": {
                    "category": "undetected",
                    "engine_name": "VIPRE",
                    "engine_version": "94934",
                    "result": null,
                    "method": "blacklist",
                    "engine_update": "20210822"
                },
                "TrendMicro": {
                    "category": "undetected",
                    "engine_name": "TrendMicro",
                    "engine_version": "11.0.0.1006",
                    "result": null,
                    "method": "blacklist",
                    "engine_update": "20210822"
                },
                "McAfee-GW-Edition": {
                    "category": "undetected",
                    "engine_name": "McAfee-GW-Edition",
                    "engine_version": "v2019.1.2+3728",
                    "result": null,
                    "method": "blacklist",
                    "engine_update": "20210821"
                },
                "SentinelOne": {
                    "category": "type-unsupported",
                    "engine_name": "SentinelOne",
                    "engine_version": "6.1.0.4",
                    "result": null,
                    "method": "blacklist",
                    "engine_update": "20210805"
                },
                "Trapmine": {
                    "category": "type-unsupported",
                    "engine_name": "Trapmine",
                    "engine_version": "3.5.0.1023",
                    "result": null,
                    "method": "blacklist",
                    "engine_update": "20200727"
                },
                "CMC": {
                    "category": "undetected",
                    "engine_name": "CMC",
                    "engine_version": "2.10.2019.1",
                    "result": null,
                    "method": "blacklist",
                    "engine_update": "20210816"
                },
                "Sophos": {
                    "category": "undetected",
                    "engine_name": "Sophos",
                    "engine_version": "1.3.0.0",
                    "result": null,
                    "method": "blacklist",
                    "engine_update": "20210822"
                },
                "Ikarus": {
                    "category": "undetected",
                    "engine_name": "Ikarus",
                    "engine_version": "0.1.5.2",
                    "result": null,
                    "method": "blacklist",
                    "engine_update": "20210822"
                },
                "Avast-Mobile": {
                    "category": "undetected",
                    "engine_name": "Avast-Mobile",
                    "engine_version": "210822-00",
                    "result": null,
                    "method": "blacklist",
                    "engine_update": "20210822"
                },
                "Jiangmin": {
                    "category": "undetected",
                    "engine_name": "Jiangmin",
                    "engine_version": "16.0.100",
                    "result": null,
                    "method": "blacklist",
                    "engine_update": "20210821"
                },
                "Webroot": {
                    "category": "type-unsupported",
                    "engine_name": "Webroot",
                    "engine_version": "1.0.0.403",
                    "result": null,
                    "method": "blacklist",
                    "engine_update": "20210822"
                },
                "Avira": {
                    "category": "undetected",
                    "engine_name": "Avira",
                    "engine_version": "8.3.3.12",
                    "result": null,
                    "method": "blacklist",
                    "engine_update": "20210822"
                },
                "eGambit": {
                    "category": "type-unsupported",
                    "engine_name": "eGambit",
                    "engine_version": null,
                    "result": null,
                    "method": "blacklist",
                    "engine_update": "20210822"
                },
                "Antiy-AVL": {
                    "category": "undetected",
                    "engine_name": "Antiy-AVL",
                    "engine_version": "3.0.0.1",
                    "result": null,
                    "method": "blacklist",
                    "engine_update": "20210822"
                },
                "Kingsoft": {
                    "category": "undetected",
                    "engine_name": "Kingsoft",
                    "engine_version": "2017.9.26.565",
                    "result": null,
                    "method": "blacklist",
                    "engine_update": "20210822"
                },
                "Gridinsoft": {
                    "category": "undetected",
                    "engine_name": "Gridinsoft",
                    "engine_version": "1.0.52.145",
                    "result": null,
                    "method": "blacklist",
                    "engine_update": "20210822"
                },
                "Microsoft": {
                    "category": "undetected",
                    "engine_name": "Microsoft",
                    "engine_version": "1.1.18500.9",
                    "result": null,
                    "method": "blacklist",
                    "engine_update": "20210822"
                },
                "ViRobot": {
                    "category": "undetected",
                    "engine_name": "ViRobot",
                    "engine_version": "2014.3.20.0",
                    "result": null,
                    "method": "blacklist",
                    "engine_update": "20210822"
                },
                "ZoneAlarm": {
                    "category": "undetected",
                    "engine_name": "ZoneAlarm",
                    "engine_version": "1.0",
                    "result": null,
                    "method": "blacklist",
                    "engine_update": "20210822"
                },
                "GData": {
                    "category": "undetected",
                    "engine_name": "GData",
                    "engine_version": "A:25.30633B:27.24182",
                    "result": null,
                    "method": "blacklist",
                    "engine_update": "20210822"
                },
                "Cynet": {
                    "category": "type-unsupported",
                    "engine_name": "Cynet",
                    "engine_version": "4.0.0.27",
                    "result": null,
                    "method": "blacklist",
                    "engine_update": "20210822"
                },
                "BitDefenderFalx": {
                    "category": "undetected",
                    "engine_name": "BitDefenderFalx",
                    "engine_version": "2.0.936",
                    "result": null,
                    "method": "blacklist",
                    "engine_update": "20210610"
                },
                "AhnLab-V3": {
                    "category": "undetected",
                    "engine_name": "AhnLab-V3",
                    "engine_version": "3.20.4.10148",
                    "result": null,
                    "method": "blacklist",
                    "engine_update": "20210822"
                },
                "Acronis": {
                    "category": "type-unsupported",
                    "engine_name": "Acronis",
                    "engine_version": "1.1.1.82",
                    "result": null,
                    "method": "blacklist",
                    "engine_update": "20210512"
                },
                "McAfee": {
                    "category": "undetected",
                    "engine_name": "McAfee",
                    "engine_version": "6.0.6.653",
                    "result": null,
                    "method": "blacklist",
                    "engine_update": "20210822"
                },
                "MAX": {
                    "category": "undetected",
                    "engine_name": "MAX",
                    "engine_version": "2019.9.16.1",
                    "result": null,
                    "method": "blacklist",
                    "engine_update": "20210822"
                },
                "VBA32": {
                    "category": "undetected",
                    "engine_name": "VBA32",
                    "engine_version": "5.0.0",
                    "result": null,
                    "method": "blacklist",
                    "engine_update": "20210820"
                },
                "Cylance": {
                    "category": "type-unsupported",
                    "engine_name": "Cylance",
                    "engine_version": "2.3.1.101",
                    "result": null,
                    "method": "blacklist",
                    "engine_update": "20210822"
                },
                "Zoner": {
                    "category": "undetected",
                    "engine_name": "Zoner",
                    "engine_version": "0.0.0.0",
                    "result": null,
                    "method": "blacklist",
                    "engine_update": "20210821"
                },
                "Tencent": {
                    "category": "undetected",
                    "engine_name": "Tencent",
                    "engine_version": "1.0.0.1",
                    "result": null,
                    "method": "blacklist",
                    "engine_update": "20210822"
                },
                "Yandex": {
                    "category": "undetected",
                    "engine_name": "Yandex",
                    "engine_version": "5.5.2.24",
                    "result": null,
                    "method": "blacklist",
                    "engine_update": "20210820"
                },
                "TACHYON": {
                    "category": "undetected",
                    "engine_name": "TACHYON",
                    "engine_version": "2021-08-22.02",
                    "result": null,
                    "method": "blacklist",
                    "engine_update": "20210822"
                },
                "MaxSecure": {
                    "category": "undetected",
                    "engine_name": "MaxSecure",
                    "engine_version": "1.0.0.1",
                    "result": null,
                    "method": "blacklist",
                    "engine_update": "20210821"
                },
                "Fortinet": {
                    "category": "undetected",
                    "engine_name": "Fortinet",
                    "engine_version": "6.2.142.0",
                    "result": null,
                    "method": "blacklist",
                    "engine_update": "20210822"
                },
                "Cybereason": {
                    "category": "type-unsupported",
                    "engine_name": "Cybereason",
                    "engine_version": "1.2.449",
                    "result": null,
                    "method": "blacklist",
                    "engine_update": "20210330"
                },
                "Panda": {
                    "category": "undetected",
                    "engine_name": "Panda",
                    "engine_version": "4.6.4.2",
                    "result": null,
                    "method": "blacklist",
                    "engine_update": "20210822"
                },
                "CrowdStrike": {
                    "category": "type-unsupported",
                    "engine_name": "CrowdStrike",
                    "engine_version": "1.0",
                    "result": null,
                    "method": "blacklist",
                    "engine_update": "20210203"
                }
            },
            "sha256": "00025f6448ce0b1ae22a18f7f33f20ccac5f2ab9d49c3ce95ab850e6fbbb7433",
            "tags": [
                "apk",
                "android",
                "contains-elf",
                "reflection",
                "runtime-modules",
                "checks-gps",
                "telephony"
            ],
            "last_analysis_date": 1629638807,
            "unique_sources": 2,
            "first_submission_date": 1540339524,
            "sha1": "41081da33c1eaac6c4d0f8aef850a50144f06588",
            "ssdeep": "393216:2V6Se6C1f39MkkAuiE/CN36TEsec2Wy2zxyWyZBywy792XmUswN:2V6vN1foAD88seccaAZmvHqN",
            "bundle_info": {
                "highest_datetime": "2018-09-30 17:44:52",
                "lowest_datetime": "2018-09-30 17:44:46",
                "num_children": 2532,
                "extensions": {
                    "xml": 256,
                    "dex": 2,
                    "MF": 1,
                    "RSA": 1,
                    "jpg": 4,
                    "so": 7,
                    "SF": 1,
                    "png": 722
                },
                "file_types": {
                    "XML": 256,
                    "DEX": 2,
                    "unknown": 9,
                    "ELF": 7,
                    "JPG": 4,
                    "PNG": 722
                },
                "type": "APK",
                "uncompressed_size": 21314301
            },
            "packers": {
                "F-PROT": "appended, UTF-8"
            },
            "md5": "2c623f274047f116a714f32acbdd3733",
            "androguard": {
                "VTAndroidInfo": 1.41,
                "AndroidApplicationError": false,
                "MinSdkVersion": "19",
                "AndroguardVersion": "3.0-dev",
                "Activities": [
                    "com.appypie.snappy.HomeActivity",
                    "com.appypie.snappy.SplashActivity",
                    "com.appypie.snappy.WebviewActivity",
                    "com.appypie.snappy.TempMainActivity",
                    "com.appypie.snappy.videoStream.YouTubeActivity",
                    "com.appypie.snappy.radioStream.RadioPlayerActivity",
                    "com.appypie.snappy.radioStream.AudioPlayerActivity",
                    "com.appypie.snappy.radioStream.PlayListActivity",
                    "com.appypie.snappy.geofences.GeofencesActivity",
                    "com.appypie.snappy.pocketTools.CameraActivity",
                    "com.appypie.snappy.pocketTools.BarcodeScannerActivity",
                    "com.appypie.snappy.pocketTools.audioRecorder.AudioListActivity",
                    "com.appypie.snappy.pocketTools.audioRecorder.AudioPlayActivity",
                    "com.appypie.snappy.pocketTools.audioRecorder.AudioRecordingActivity",
                    "com.appypie.snappy.pocketTools.videoRecorder.VideoRecorderActivity",
                    "com.appypie.snappy.pocketTools.videoRecorder.VideoListActivity",
                    "com.appypie.snappy.pocketTools.videoRecorder.VideoPlayActivity",
                    "com.appypie.snappy.pocketTools.pedometer.PedometerActivity",
                    "com.appypie.snappy.pocketTools.pedometer.PedometerSettingActivity",
                    "com.appypie.snappy.pocketTools.pedometer.PedometerReportActivity",
                    "com.appypie.snappy.pocketTools.TorchActivity",
                    "com.appypie.snappy.exoplayer.ExoVideoPlayerActivity",
                    "com.appypie.snappy.exoplayer.ExoAudioPlayerActivity",
                    "com.appypie.snappy.exoplayer.ExoDemoActivity",
                    "com.appypie.snappy.eReader.EPUBViewActivity",
                    "com.appypie.snappy.imageviewer.ImageGalleryActivity",
                    "com.appypie.snappy.WebsiteViewActivity",
                    "com.appypie.snappy.DirectoryMapMarkerActivity",
                    "com.facebook.FacebookActivity",
                    "com.appypie.snappy.payment.PaypalActivity",
                    "com.appypie.snappy.payment.AppypiePayUActivity",
                    "com.google.android.gms.ads.AdActivity",
                    "com.appypie.snappy.advertisement.appyjump.AdsActivity",
                    "com.appypie.snappy.synconset.MultiImageChooserActivity",
                    "com.appypie.snappy.CRMWebviewActivity",
                    "com.appypie.snappy.customView.NotificationForeground",
                    "com.appypie.snappy.radioStream.NotificationBuilder",
                    "org.apache.cordova.streamingmedia.SimpleAudioStream",
                    "org.apache.cordova.streamingmedia.SimpleVideoStream",
                    "com.appypie.snappy.alarm.UpdateFirst",
                    "com.appypie.snappy.alarm.RecordList",
                    "com.appypie.snappy.fingerprintLogin.FingerprintActivity",
                    "com.appypie.snappy.payment.PayFastActivity",
                    "com.appypie.snappy.restaurant.ResturantDeliveryBoyTrack",
                    "com.appypie.snappy.restaurant.FetcherMapActivity",
                    "com.appypie.snappy.FlipkartWebViewActivity",
                    "com.appypie.snappy.PDFViewActivity",
                    "com.stripe.android.view.AddSourceActivity",
                    "com.stripe.android.view.PaymentMethodsActivity",
                    "com.stripe.android.view.PaymentFlowActivity",
                    "com.twitter.sdk.android.tweetui.PlayerActivity",
                    "com.twitter.sdk.android.tweetui.GalleryActivity",
                    "com.google.android.gms.common.api.GoogleApiActivity",
                    "com.google.zxing.client.android.CaptureActivity",
                    "com.google.zxing.client.android.PreferencesActivity",
                    "com.google.zxing.client.android.encode.EncodeActivity",
                    "com.google.zxing.client.android.book.SearchBookContentsActivity",
                    "com.google.zxing.client.android.share.ShareActivity",
                    "com.google.zxing.client.android.history.HistoryActivity",
                    "com.google.zxing.client.android.share.BookmarkPickerActivity",
                    "com.google.zxing.client.android.share.AppPickerActivity",
                    "com.google.zxing.client.android.HelpActivity",
                    "com.twitter.sdk.android.tweetcomposer.ComposerActivity",
                    "com.twitter.sdk.android.core.identity.OAuthActivity",
                    "com.twitter.sdk.android.core.identity.ShareEmailActivity"
                ],
                "certificate": {
                    "Subject": {
                        "DN": "CN:AppyPie",
                        "CN": "AppyPie"
                    },
                    "validto": "2062-11-30 14:17:32",
                    "serialnumber": "7bf6c297",
                    "thumbprint": "55a48e1a17a067c7fb22efb3639558eac0fc313f",
                    "validfrom": "2012-12-12 14:17:32",
                    "Issuer": {
                        "DN": "CN:AppyPie",
                        "CN": "AppyPie"
                    }
                },
                "AndroidApplication": 1,
                "RiskIndicator": {
                    "APK": {
                        "DEX": 2,
                        "SHARED LIBRARIES": 7
                    },
                    "PERM": {
                        "PRIVACY": 7,
                        "DANGEROUS": 4,
                        "INTERNET": 1,
                        "SMS": 1,
                        "MONEY": 1,
                        "NORMAL": 7,
                        "GPS": 2
                    }
                },
                "Services": [
                    "com.appypie.snappy.radioStream.AudioSignal",
                    "com.appypie.snappy.geofences.GeofenceService",
                    "com.appypie.snappy.pocketTools.pedometer.StepService",
                    "com.appypie.snappy.pushNotification.GCMPushReceiverService",
                    "com.radiusnetworks.ibeacon.service.IBeaconService",
                    "com.radiusnetworks.ibeacon.IBeaconIntentProcessor",
                    "com.appypie.snappy.alarm.MyAlarmService",
                    "com.appypie.snappy.geofences.GeofenceJobIntentService",
                    "com.appypie.snappy.countDown.CountDownService",
                    "com.appypie.snappy.countDown.CountDownJobScheduler",
                    "com.radiusnetworks.ibeacon.BeaconBgService",
                    "es.voghdev.pdfviewpager.library.service.CopyAssetService",
                    "com.google.android.gms.analytics.AnalyticsService",
                    "com.google.android.gms.analytics.AnalyticsJobService",
                    "com.twitter.sdk.android.tweetcomposer.TweetUploadService"
                ],
                "AndroidVersionCode": "4",
                "main_activity": "com.appypie.snappy.HomeActivity",
                "Package": "com.app.bookmytournow",
                "intent_filters": {
                    "Services": {
                        "com.appypie.snappy.pushNotification.GCMPushReceiverService": {
                            "action": [
                                "com.google.android.c2dm.intent.RECEIVE"
                            ]
                        },
                        "com.radiusnetworks.ibeacon.BeaconBgService": {
                            "action": [
                                "com.firebase.jobdispatcher.ACTION_EXECUTE"
                            ]
                        }
                    },
                    "Activities": {
                        "com.google.zxing.client.android.share.ShareActivity": {
                            "action": [
                                "com.google.zxing.client.android.SHARE"
                            ],
                            "category": [
                                "android.intent.category.DEFAULT"
                            ]
                        },
                        "com.google.zxing.client.android.share.BookmarkPickerActivity": {
                            "action": [
                                "android.intent.action.PICK"
                            ],
                            "category": [
                                "android.intent.category.DEFAULT"
                            ]
                        },
                        "com.google.zxing.client.android.share.AppPickerActivity": {
                            "action": [
                                "android.intent.action.PICK"
                            ],
                            "category": [
                                "android.intent.category.DEFAULT"
                            ]
                        },
                        "com.appypie.snappy.HomeActivity": {
                            "action": [
                                "android.intent.action.MAIN"
                            ],
                            "category": [
                                "android.intent.category.DEFAULT",
                                "android.intent.category.LAUNCHER"
                            ]
                        },
                        "com.google.zxing.client.android.encode.EncodeActivity": {
                            "action": [
                                "com.google.zxing.client.android.ENCODE",
                                "android.intent.action.SEND"
                            ],
                            "category": [
                                "android.intent.category.DEFAULT"
                            ]
                        },
                        "com.google.zxing.client.android.CaptureActivity": {
                            "action": [
                                "com.google.zxing.client.android.SCAN",
                                "android.intent.action.VIEW"
                            ],
                            "category": [
                                "android.intent.category.DEFAULT",
                                "android.intent.category.BROWSABLE"
                            ]
                        },
                        "com.google.zxing.client.android.book.SearchBookContentsActivity": {
                            "action": [
                                "com.google.zxing.client.android.SEARCH_BOOK_CONTENTS"
                            ],
                            "category": [
                                "android.intent.category.DEFAULT"
                            ]
                        },
                        "com.google.zxing.client.android.history.HistoryActivity": {
                            "action": [
                                "android.intent.action.VIEW"
                            ],
                            "category": [
                                "android.intent.category.DEFAULT"
                            ]
                        },
                        "com.google.zxing.client.android.HelpActivity": {
                            "action": [
                                "android.intent.action.VIEW"
                            ],
                            "category": [
                                "android.intent.category.DEFAULT"
                            ]
                        }
                    },
                    "Receivers": {
                        "com.appypie.snappy.countDown.CountDownReciever": {
                            "action": [
                                "android.intent.action.BOOT_COMPLETED"
                            ]
                        },
                        "com.appypie.snappy.alarm.MyReceiver": {
                            "action": [
                                "android.intent.action.BOOT_COMPLETED"
                            ]
                        },
                        "com.google.android.gms.gcm.GcmReceiver": {
                            "action": [
                                "com.google.android.c2dm.intent.RECEIVE"
                            ],
                            "category": [
                                "com.appypie.snappy"
                            ]
                        },
                        "com.appypie.snappy.pocketTools.pedometer.DateChangedBroadcast": {
                            "action": [
                                "com.newpedometer.alarmreciever"
                            ]
                        },
                        "com.tune.TuneTracker": {
                            "action": [
                                "com.android.vending.INSTALL_REFERRER"
                            ]
                        },
                        "com.appypie.snappy.radioStream.RemoteControlReciever": {
                            "action": [
                                "Download_Cancelled",
                                "Download_Play",
                                "Download_Pause",
                                "android.intent.action.MEDIA_BUTTON"
                            ]
                        }
                    }
                },
                "AndroidVersionName": "1.0",
                "TargetSdkVersion": "26",
                "AndroidApplicationInfo": "APK",
                "Providers": [
                    "android.support.v4.content.FileProvider",
                    "com.google.firebase.provider.FirebaseInitProvider"
                ],
                "permission_details": {
                    "com.huawei.android.launcher.permission.WRITE_SETTINGS": {
                        "short_description": "modify global system settings",
                        "full_description": "Allows an application to modify the system's settings data. Malicious applications can corrupt your system's configuration.",
                        "permission_type": "normal"
                    },
                    "com.google.android.providers.gsf.permission.READ_GSERVICES": {
                        "short_description": "Unknown permission from android reference",
                        "full_description": "Unknown permission from android reference",
                        "permission_type": "normal"
                    },
                    "android.permission.ACTION_HEADSET_PLUG": {
                        "short_description": "Unknown permission from android reference",
                        "full_description": "Unknown permission from android reference",
                        "permission_type": "normal"
                    },
                    "android.permission.ACCESS_COARSE_LOCATION": {
                        "short_description": "coarse (network-based) location",
                        "full_description": "Access coarse location sources, such as the mobile network database, to determine an approximate phone location, where available. Malicious applications can use this to determine approximately where you are.",
                        "permission_type": "dangerous"
                    },
                    "com.huawei.android.launcher.permission.CHANGE_BADGE": {
                        "short_description": "Unknown permission from android reference",
                        "full_description": "Unknown permission from android reference",
                        "permission_type": "normal"
                    },
                    "android.permission.BLUETOOTH": {
                        "short_description": "create Bluetooth connections",
                        "full_description": "Allows an application to view configuration of the local Bluetooth phone and to make and accept connections with paired devices.",
                        "permission_type": "dangerous"
                    },
                    "android.permission.ACCESS_WIFI_STATE": {
                        "short_description": "view Wi-Fi status",
                        "full_description": "Allows an application to view the information about the status of Wi-Fi.",
                        "permission_type": "normal"
                    },
                    "android.permission.INTERNET": {
                        "short_description": "full Internet access",
                        "full_description": "Allows an application to create network sockets.",
                        "permission_type": "dangerous"
                    },
                    "com.oppo.launcher.permission.READ_SETTINGS": {
                        "short_description": "Unknown permission from android reference",
                        "full_description": "Unknown permission from android reference",
                        "permission_type": "normal"
                    },
                    "android.permission.BLUETOOTH_ADMIN": {
                        "short_description": "bluetooth administration",
                        "full_description": "Allows an application to configure the local Bluetooth phone and to discover and pair with remote devices.",
                        "permission_type": "dangerous"
                    },
                    "android.permission.ACCESS_FINE_LOCATION": {
                        "short_description": "fine (GPS) location",
                        "full_description": "Access fine location sources, such as the Global Positioning System on the phone, where available. Malicious applications can use this to determine where you are and may consume additional battery power.",
                        "permission_type": "dangerous"
                    },
                    "android.permission.SEND_SMS": {
                        "short_description": "send SMS messages",
                        "full_description": "Allows application to send SMS messages. Malicious applications may cost you money by sending messages without your confirmation.",
                        "permission_type": "dangerous"
                    },
                    "android.permission.USE_FINGERPRINT": {
                        "short_description": "Unknown permission from android reference",
                        "full_description": "Unknown permission from android reference",
                        "permission_type": "normal"
                    },
                    "com.sec.android.provider.badge.permission.WRITE": {
                        "short_description": "Unknown permission from android reference",
                        "full_description": "Unknown permission from android reference",
                        "permission_type": "normal"
                    },
                    "com.majeur.launcher.permission.UPDATE_BADGE": {
                        "short_description": "Unknown permission from android reference",
                        "full_description": "Unknown permission from android reference",
                        "permission_type": "normal"
                    },
                    "com.google.android.c2dm.permission.RECEIVE": {
                        "short_description": "Unknown permission from android reference",
                        "full_description": "Unknown permission from android reference",
                        "permission_type": "normal"
                    },
                    "android.permission.ACCESS_NETWORK_STATE": {
                        "short_description": "view network status",
                        "full_description": "Allows an application to view the status of all networks.",
                        "permission_type": "normal"
                    },
                    "me.everything.badger.permission.BADGE_COUNT_READ": {
                        "short_description": "Unknown permission from android reference",
                        "full_description": "Unknown permission from android reference",
                        "permission_type": "normal"
                    },
                    "com.htc.launcher.permission.UPDATE_SHORTCUT": {
                        "short_description": "Unknown permission from android reference",
                        "full_description": "Unknown permission from android reference",
                        "permission_type": "normal"
                    },
                    "com.htc.launcher.permission.READ_SETTINGS": {
                        "short_description": "Unknown permission from android reference",
                        "full_description": "Unknown permission from android reference",
                        "permission_type": "normal"
                    },
                    "me.everything.badger.permission.BADGE_COUNT_WRITE": {
                        "short_description": "Unknown permission from android reference",
                        "full_description": "Unknown permission from android reference",
                        "permission_type": "normal"
                    },
                    "android.permission.WRITE_EXTERNAL_STORAGE": {
                        "short_description": "modify/delete SD card contents",
                        "full_description": "Allows an application to write to the SD card.",
                        "permission_type": "dangerous"
                    },
                    "android.permission.WRITE_CONTACTS": {
                        "short_description": "write contact data",
                        "full_description": "Allows an application to modify the contact (address) data stored on your phone. Malicious applications can use this to erase or modify your contact data.",
                        "permission_type": "dangerous"
                    },
                    "android.permission.READ_EXTERNAL_STORAGE": {
                        "short_description": "read from external storage",
                        "full_description": "Allows an application to read from external storage",
                        "permission_type": "normal"
                    },
                    "com.anddoes.launcher.permission.UPDATE_COUNT": {
                        "short_description": "Unknown permission from android reference",
                        "full_description": "Unknown permission from android reference",
                        "permission_type": "normal"
                    },
                    "com.sonymobile.home.permission.PROVIDER_INSERT_BADGE": {
                        "short_description": "Unknown permission from android reference",
                        "full_description": "Unknown permission from android reference",
                        "permission_type": "normal"
                    },
                    "android.permission.CALL_PHONE": {
                        "short_description": "directly call phone numbers",
                        "full_description": "Allows an application to initiate a phone call without going through the Dialer user interface for the user to confirm the call being placed. ",
                        "permission_type": "dangerous"
                    },
                    "android.permission.WRITE_SETTINGS": {
                        "short_description": "modify global system settings",
                        "full_description": "Allows an application to modify the system's settings data. Malicious applications can corrupt your system's configuration.",
                        "permission_type": "normal"
                    },
                    "android.permission.READ_PHONE_STATE": {
                        "short_description": "read phone state and identity",
                        "full_description": "Allows the application to access the phone features of the device. An application with this permission can determine the phone number and serial number of this phone, whether a call is active, the number that call is connected to and so on.",
                        "permission_type": "dangerous"
                    },
                    "com.oppo.launcher.permission.WRITE_SETTINGS": {
                        "short_description": "modify global system settings",
                        "full_description": "Allows an application to modify the system's settings data. Malicious applications can corrupt your system's configuration.",
                        "permission_type": "normal"
                    },
                    "com.huawei.android.launcher.permission.READ_SETTINGS": {
                        "short_description": "Unknown permission from android reference",
                        "full_description": "Unknown permission from android reference",
                        "permission_type": "normal"
                    },
                    "android.permission.CAMERA": {
                        "short_description": "take pictures and videos",
                        "full_description": "Allows application to take pictures and videos with the camera. This allows the application to collect images that the camera is seeing at any time.",
                        "permission_type": "dangerous"
                    },
                    "android.permission.WAKE_LOCK": {
                        "short_description": "prevent phone from sleeping",
                        "full_description": "Allows an application to prevent the phone from going to sleep.",
                        "permission_type": "normal"
                    },
                    "android.permission.RECORD_AUDIO": {
                        "short_description": "record audio",
                        "full_description": "Allows application to access the audio record path.",
                        "permission_type": "dangerous"
                    },
                    "android.permission.READ_CONTACTS": {
                        "short_description": "read contact data",
                        "full_description": "Allows an application to read all of the contact (address) data stored on your phone. Malicious applications can use this to send your data to other people.",
                        "permission_type": "dangerous"
                    },
                    "com.sonyericsson.home.permission.BROADCAST_BADGE": {
                        "short_description": "Unknown permission from android reference",
                        "full_description": "Unknown permission from android reference",
                        "permission_type": "normal"
                    },
                    "com.sec.android.provider.badge.permission.READ": {
                        "short_description": "Unknown permission from android reference",
                        "full_description": "Unknown permission from android reference",
                        "permission_type": "normal"
                    },
                    "android.permission.READ_APP_BADGE": {
                        "short_description": "Unknown permission from android reference",
                        "full_description": "Unknown permission from android reference",
                        "permission_type": "normal"
                    }
                },
                "Receivers": [
                    "com.appypie.snappy.pocketTools.pedometer.DateChangedBroadcast",
                    "com.google.android.gms.gcm.GcmReceiver",
                    "com.appypie.snappy.radioStream.RemoteControlReciever",
                    "com.appypie.snappy.alarm.MyReceiver",
                    "com.tune.TuneTracker",
                    "com.appypie.snappy.geofences.GeofenceReceiver",
                    "com.appypie.snappy.countDown.CountDownReciever",
                    "com.google.android.gms.analytics.AnalyticsReceiver"
                ],
                "StringsInformation": [
                    "https://www.googleapis.com/auth/paymentssandbox.make_payments",
                    "http://maps.google.com/maps?q=0.0,0.0&t=m&z=16",
                    "http://197.234.144.42:3000",
                    "http://snappy.appypie.com/webservices/Appypie.php",
                    "https://www.googleapis.com/auth/plus.applications.manage",
                    "http://plus.codes",
                    "https://www.googleapis.com/auth/display_ads",
                    "https://api.linkedin.com/v1/people/~/shares",
                    "https://www.googleapis.com/auth/drive",
                    "https://www.google.com/dfp/inAppPreview",
                    "https://www.googleapis.com/auth/fitness.activity.read",
                    "http://schema.org/ActivateAction",
                    "http://schema.org/CompletedActionStatus",
                    "http://schema.org/ActiveActionStatus",
                    "http://post.audioscrobbler.com/",
                    "https://www.googleapis.com/auth/plus.pages.manage",
                    "https://play.google.com/store/apps/details",
                    "https://gauravpaypal.com/",
                    "https://login.salesforce.com/services/oauth2/authorize?response_type=code&client_id=",
                    "http://www.appyjump.com/api/v2/request.php?device_type=android&reftag=",
                    "https://googleads.g.doubleclick.net/mads/static/mad/sdk/native/production/sdk-core-v40-impl.js",
                    "http://bit.ly/",
                    "https://pagead2.googlesyndication.com/pagead/gen_204?id=gmob-apps",
                    "http://www.w3.org/ns/ttml#parameter",
                    "http://schema.org/FailedActionStatus",
                    "https://googleads.g.doubleclick.net/mads/static/mad/sdk/native/native_ads.html",
                    "http://schema.org/ListenAction",
                    "https://www.googleapis.com/auth/drive.appdata",
                    "https://www.googleapis.com/auth/games.firstparty",
                    "https://plus.google.com/%s/about",
                    "http://schema.org/WantAction",
                    "http://m.facebook.com",
                    "http://192.240.102.131:9930",
                    "https://plus.codes",
                    "https://www.google.com/dfp/debugSignals",
                    "https://www.googleapis.com/auth/plus.media.upload",
                    "https://graph.%s",
                    "https://klickjam.com",
                    "https://maps.googleapis.com/maps/api/directions/",
                    "http://ws.audioscrobbler.com/2.0/",
                    "http://192.240.102.131:9930/jobeez",
                    "https://www.googleapis.com/auth/plus.stream.read",
                    "http://accounts.google.com",
                    "http://schema.org/AddAction",
                    "https://support.google.com/dfp_premium/answer/7160685#push",
                    "http://www.appyjump.com/api/v2/request.php",
                    "https://googleads.g.doubleclick.net/mads/static/mad/sdk/native/mraid/v2/mraid_app_expanded_banner.js",
                    "https://googleads.g.doubleclick.net/mads/static/mad/sdk/native/mraid/v2/mraid_app_interstitial.js",
                    "http://play.google.com/store/apps/details?id=com.whatsapp",
                    "http://hostname/?",
                    "https://maps.google.com/maps?q=",
                    "https://www.googleapis.com/auth/plus.profiles.read",
                    "http://schema.org/SearchAction",
                    "http://snappy.appypie.com/gamebuilders/",
                    "https://www.googleapis.com/auth/plus.peopleapi.readwrite",
                    "https://m.facebook.com",
                    "https://www.googleapis.com/auth/datastoremobile",
                    "https://www.googleapis.com/auth/fitness.body_temperature.write",
                    "https://www.facebook.com/ttdize",
                    "https://www.googleapis.com/auth/plus.circles.write",
                    "https://www.googleapis.com/auth/fitness.oxygen_saturation.write",
                    "https://www.googleapis.com/auth/plus.stream.write",
                    "https://m.facebook.com/v",
                    "https://www.googleapis.com/auth/plus.login",
                    "https://www.googleapis.com/auth/plus.settings",
                    "https://www.cashdorado.de",
                    "https://www.googleapis.com/auth/fitness.activity.write",
                    "http://[ENTER-YOUR-URL-HERE]",
                    "https://itunes.apple.com/search?term='",
                    "https://play.google.com/store/apps/details?id=",
                    "http://fkrt.it",
                    "https://www.googleapis.com/auth/myphonenumbers",
                    "https://www.googleapis.com/auth/fitness.blood_glucose.read",
                    "https://www.cashdorado.de/track/",
                    "https://www.googleapis.com/auth/fitness.reproductive_health.write",
                    "http://play.google.com/store/apps/details?id=com.facebook.orca",
                    "https://www.googleapis.com/auth/connections.read",
                    "http://google.com",
                    "https://play.google.com/store/apps/details?id=%1$s&rdid=%1$s&rdot=%2$d",
                    "https://www.googleapis.com/auth/games",
                    "http://schema.org/PhotographAction",
                    "https://www.googleapis.com/auth/drive.file",
                    "https://drive.google.com/",
                    "http://www.example.com",
                    "https://www.googleapis.com/auth/plus.me",
                    "http://angularml.pbodev.info/webservices/Restaurant.php",
                    "https://www.googleapis.com/auth/youtube",
                    "https://secure.payu.in/indus_response",
                    "http://petradiamonds-bids.com/login/authAjax",
                    "https://www.googleapis.com/auth/plus.profiles.write",
                    "https://www.google.com/dfp/sendDebugData",
                    "https://www.googleapis.com/auth/fitness.blood_pressure.read",
                    "http://schema.org/BookmarkAction",
                    "https://www.googleapis.com/auth/fitness.body.read",
                    "https://fcm.googleapis.com/fcm/send",
                    "http://maps.google.com/maps?q=",
                    "https://www.googleapis.com/auth/games_lite",
                    "https://cdncloudfront.com/webservices/ClientDetails.php",
                    "https://csi.gstatic.com/csi",
                    "https://.facebook.com"
                ]
            },
            "magic": "Zip archive data, at least v2.0 to extract",
            "last_analysis_stats": {
                "harmless": 0,
                "type-unsupported": 12,
                "suspicious": 0,
                "confirmed-timeout": 0,
                "timeout": 0,
                "failure": 0,
                "malicious": 0,
                "undetected": 61
            },
            "meaningful_name": "com.app.bookmytournow.apk",
            "reputation": 0
        },
        "type": "file",
        "id": "00025f6448ce0b1ae22a18f7f33f20ccac5f2ab9d49c3ce95ab850e6fbbb7433",
        "links": {
            "self": "https://www.virustotal.com/api/v3/files/00025f6448ce0b1ae22a18f7f33f20ccac5f2ab9d49c3ce95ab850e6fbbb7433"
        }
    }
}