{
    "data": {
        "attributes": {
            "type_description": "Android",
            "tlsh": "T1AC7733429B40D12DF1A75B79A2274B61F3629E085E01DBEAF06CFB2943FFA143B11794",
            "vhash": "f2a4b0f0ad9a6ac3ac6228ae85463abe",
            "trid": [
                {
                    "file_type": "Android Package",
                    "probability": 67.5
                },
                {
                    "file_type": "Java Archive",
                    "probability": 23.6
                },
                {
                    "file_type": "ZIP compressed archive",
                    "probability": 7.0
                },
                {
                    "file_type": "PrintFox/Pagefox bitmap (640x800)",
                    "probability": 1.7
                }
            ],
            "names": [
                "f7692410fe653fd52fdf02e101dd3e7f.virus"
            ],
            "last_modification_date": 1634598654,
            "type_tag": "android",
            "times_submitted": 1,
            "total_votes": {
                "harmless": 0,
                "malicious": 0
            },
            "size": 33947677,
            "popular_threat_classification": {
                "suggested_threat_label": "trojan.",
                "popular_threat_category": [
                    {
                        "count": 2,
                        "value": "trojan"
                    }
                ]
            },
            "last_submission_date": 1555993303,
            "last_analysis_results": {
                "Bkav": {
                    "category": "undetected",
                    "engine_name": "Bkav",
                    "engine_version": "1.3.0.9899",
                    "result": null,
                    "method": "blacklist",
                    "engine_update": "20211016"
                },
                "Lionic": {
                    "category": "undetected",
                    "engine_name": "Lionic",
                    "engine_version": "4.2",
                    "result": null,
                    "method": "blacklist",
                    "engine_update": "20211017"
                },
                "Elastic": {
                    "category": "undetected",
                    "engine_name": "Elastic",
                    "engine_version": "4.0.29",
                    "result": null,
                    "method": "blacklist",
                    "engine_update": "20211005"
                },
                "DrWeb": {
                    "category": "undetected",
                    "engine_name": "DrWeb",
                    "engine_version": "7.0.52.8270",
                    "result": null,
                    "method": "blacklist",
                    "engine_update": "20211017"
                },
                "MicroWorld-eScan": {
                    "category": "undetected",
                    "engine_name": "MicroWorld-eScan",
                    "engine_version": "14.0.409.0",
                    "result": null,
                    "method": "blacklist",
                    "engine_update": "20211017"
                },
                "FireEye": {
                    "category": "undetected",
                    "engine_name": "FireEye",
                    "engine_version": "32.44.1.0",
                    "result": null,
                    "method": "blacklist",
                    "engine_update": "20211017"
                },
                "CAT-QuickHeal": {
                    "category": "undetected",
                    "engine_name": "CAT-QuickHeal",
                    "engine_version": "14.00",
                    "result": null,
                    "method": "blacklist",
                    "engine_update": "20211017"
                },
                "McAfee": {
                    "category": "undetected",
                    "engine_name": "McAfee",
                    "engine_version": "6.0.6.653",
                    "result": null,
                    "method": "blacklist",
                    "engine_update": "20211017"
                },
                "Malwarebytes": {
                    "category": "undetected",
                    "engine_name": "Malwarebytes",
                    "engine_version": "4.2.2.27",
                    "result": null,
                    "method": "blacklist",
                    "engine_update": "20211017"
                },
                "Zillya": {
                    "category": "undetected",
                    "engine_name": "Zillya",
                    "engine_version": "2.0.0.4473",
                    "result": null,
                    "method": "blacklist",
                    "engine_update": "20211013"
                },
                "Paloalto": {
                    "category": "type-unsupported",
                    "engine_name": "Paloalto",
                    "engine_version": "1.0",
                    "result": null,
                    "method": "blacklist",
                    "engine_update": "20211017"
                },
                "Sangfor": {
                    "category": "undetected",
                    "engine_name": "Sangfor",
                    "engine_version": "2.9.0.0",
                    "result": null,
                    "method": "blacklist",
                    "engine_update": "20210930"
                },
                "Trustlook": {
                    "category": "undetected",
                    "engine_name": "Trustlook",
                    "engine_version": "1.0",
                    "result": null,
                    "method": "blacklist",
                    "engine_update": "20211017"
                },
                "Alibaba": {
                    "category": "undetected",
                    "engine_name": "Alibaba",
                    "engine_version": "0.3.0.5",
                    "result": null,
                    "method": "blacklist",
                    "engine_update": "20190527"
                },
                "K7GW": {
                    "category": "malicious",
                    "engine_name": "K7GW",
                    "engine_version": "11.221.38833",
                    "result": "Trojan ( 005514751 )",
                    "method": "blacklist",
                    "engine_update": "20211017"
                },
                "K7AntiVirus": {
                    "category": "undetected",
                    "engine_name": "K7AntiVirus",
                    "engine_version": "11.221.38833",
                    "result": null,
                    "method": "blacklist",
                    "engine_update": "20211017"
                },
                "BitDefenderTheta": {
                    "category": "undetected",
                    "engine_name": "BitDefenderTheta",
                    "engine_version": "7.2.37796.0",
                    "result": null,
                    "method": "blacklist",
                    "engine_update": "20211014"
                },
                "Cyren": {
                    "category": "undetected",
                    "engine_name": "Cyren",
                    "engine_version": "6.3.0.2",
                    "result": null,
                    "method": "blacklist",
                    "engine_update": "20211017"
                },
                "SymantecMobileInsight": {
                    "category": "undetected",
                    "engine_name": "SymantecMobileInsight",
                    "engine_version": "2.0",
                    "result": null,
                    "method": "blacklist",
                    "engine_update": "20210126"
                },
                "ESET-NOD32": {
                    "category": "undetected",
                    "engine_name": "ESET-NOD32",
                    "engine_version": "24140",
                    "result": null,
                    "method": "blacklist",
                    "engine_update": "20211017"
                },
                "APEX": {
                    "category": "type-unsupported",
                    "engine_name": "APEX",
                    "engine_version": "6.219",
                    "result": null,
                    "method": "blacklist",
                    "engine_update": "20211016"
                },
                "TrendMicro-HouseCall": {
                    "category": "undetected",
                    "engine_name": "TrendMicro-HouseCall",
                    "engine_version": "10.0.0.1040",
                    "result": null,
                    "method": "blacklist",
                    "engine_update": "20211017"
                },
                "Avast": {
                    "category": "undetected",
                    "engine_name": "Avast",
                    "engine_version": "21.1.5827.0",
                    "result": null,
                    "method": "blacklist",
                    "engine_update": "20211017"
                },
                "ClamAV": {
                    "category": "undetected",
                    "engine_name": "ClamAV",
                    "engine_version": "0.104.0.0",
                    "result": null,
                    "method": "blacklist",
                    "engine_update": "20211017"
                },
                "Kaspersky": {
                    "category": "undetected",
                    "engine_name": "Kaspersky",
                    "engine_version": "21.0.1.45",
                    "result": null,
                    "method": "blacklist",
                    "engine_update": "20211017"
                },
                "BitDefender": {
                    "category": "undetected",
                    "engine_name": "BitDefender",
                    "engine_version": "7.2",
                    "result": null,
                    "method": "blacklist",
                    "engine_update": "20211017"
                },
                "NANO-Antivirus": {
                    "category": "malicious",
                    "engine_name": "NANO-Antivirus",
                    "engine_version": "1.0.146.25370",
                    "result": "Trojan.Android.SmsSpy.eadxgl",
                    "method": "blacklist",
                    "engine_update": "20211017"
                },
                "SUPERAntiSpyware": {
                    "category": "undetected",
                    "engine_name": "SUPERAntiSpyware",
                    "engine_version": "5.6.0.1032",
                    "result": null,
                    "method": "blacklist",
                    "engine_update": "20211016"
                },
                "Tencent": {
                    "category": "undetected",
                    "engine_name": "Tencent",
                    "engine_version": "1.0.0.1",
                    "result": null,
                    "method": "blacklist",
                    "engine_update": "20211017"
                },
                "Ad-Aware": {
                    "category": "undetected",
                    "engine_name": "Ad-Aware",
                    "engine_version": "3.0.21.193",
                    "result": null,
                    "method": "blacklist",
                    "engine_update": "20211017"
                },
                "Emsisoft": {
                    "category": "undetected",
                    "engine_name": "Emsisoft",
                    "engine_version": "2021.5.0.7597",
                    "result": null,
                    "method": "blacklist",
                    "engine_update": "20211017"
                },
                "Comodo": {
                    "category": "undetected",
                    "engine_name": "Comodo",
                    "engine_version": "33996",
                    "result": null,
                    "method": "blacklist",
                    "engine_update": "20211017"
                },
                "F-Secure": {
                    "category": "undetected",
                    "engine_name": "F-Secure",
                    "engine_version": "12.0.86.52",
                    "result": null,
                    "method": "blacklist",
                    "engine_update": "20211017"
                },
                "Baidu": {
                    "category": "undetected",
                    "engine_name": "Baidu",
                    "engine_version": "1.0.0.2",
                    "result": null,
                    "method": "blacklist",
                    "engine_update": "20190318"
                },
                "VIPRE": {
                    "category": "undetected",
                    "engine_name": "VIPRE",
                    "engine_version": "96286",
                    "result": null,
                    "method": "blacklist",
                    "engine_update": "20211017"
                },
                "TrendMicro": {
                    "category": "undetected",
                    "engine_name": "TrendMicro",
                    "engine_version": "11.0.0.1006",
                    "result": null,
                    "method": "blacklist",
                    "engine_update": "20211017"
                },
                "McAfee-GW-Edition": {
                    "category": "undetected",
                    "engine_name": "McAfee-GW-Edition",
                    "engine_version": "v2019.1.2+3728",
                    "result": null,
                    "method": "blacklist",
                    "engine_update": "20211017"
                },
                "SentinelOne": {
                    "category": "type-unsupported",
                    "engine_name": "SentinelOne",
                    "engine_version": "6.2.0.11",
                    "result": null,
                    "method": "blacklist",
                    "engine_update": "20210829"
                },
                "Trapmine": {
                    "category": "type-unsupported",
                    "engine_name": "Trapmine",
                    "engine_version": "3.5.0.1023",
                    "result": null,
                    "method": "blacklist",
                    "engine_update": "20200727"
                },
                "CMC": {
                    "category": "undetected",
                    "engine_name": "CMC",
                    "engine_version": "2.10.2019.1",
                    "result": null,
                    "method": "blacklist",
                    "engine_update": "20211008"
                },
                "Sophos": {
                    "category": "undetected",
                    "engine_name": "Sophos",
                    "engine_version": "1.3.0.0",
                    "result": null,
                    "method": "blacklist",
                    "engine_update": "20211017"
                },
                "Ikarus": {
                    "category": "undetected",
                    "engine_name": "Ikarus",
                    "engine_version": "0.1.5.2",
                    "result": null,
                    "method": "blacklist",
                    "engine_update": "20211017"
                },
                "Avast-Mobile": {
                    "category": "undetected",
                    "engine_name": "Avast-Mobile",
                    "engine_version": "211017-00",
                    "result": null,
                    "method": "blacklist",
                    "engine_update": "20211017"
                },
                "Jiangmin": {
                    "category": "undetected",
                    "engine_name": "Jiangmin",
                    "engine_version": "16.0.100",
                    "result": null,
                    "method": "blacklist",
                    "engine_update": "20211016"
                },
                "Webroot": {
                    "category": "type-unsupported",
                    "engine_name": "Webroot",
                    "engine_version": "1.0.0.403",
                    "result": null,
                    "method": "blacklist",
                    "engine_update": "20211017"
                },
                "Avira": {
                    "category": "undetected",
                    "engine_name": "Avira",
                    "engine_version": "8.3.3.12",
                    "result": null,
                    "method": "blacklist",
                    "engine_update": "20211017"
                },
                "eGambit": {
                    "category": "type-unsupported",
                    "engine_name": "eGambit",
                    "engine_version": null,
                    "result": null,
                    "method": "blacklist",
                    "engine_update": "20211017"
                },
                "Antiy-AVL": {
                    "category": "undetected",
                    "engine_name": "Antiy-AVL",
                    "engine_version": "3.0.0.1",
                    "result": null,
                    "method": "blacklist",
                    "engine_update": "20211017"
                },
                "Kingsoft": {
                    "category": "undetected",
                    "engine_name": "Kingsoft",
                    "engine_version": "2017.9.26.565",
                    "result": null,
                    "method": "blacklist",
                    "engine_update": "20211017"
                },
                "Microsoft": {
                    "category": "undetected",
                    "engine_name": "Microsoft",
                    "engine_version": "1.1.18600.4",
                    "result": null,
                    "method": "blacklist",
                    "engine_update": "20211017"
                },
                "Gridinsoft": {
                    "category": "undetected",
                    "engine_name": "Gridinsoft",
                    "engine_version": "1.0.58.152",
                    "result": null,
                    "method": "blacklist",
                    "engine_update": "20211017"
                },
                "Arcabit": {
                    "category": "undetected",
                    "engine_name": "Arcabit",
                    "engine_version": "1.0.0.886",
                    "result": null,
                    "method": "blacklist",
                    "engine_update": "20211017"
                },
                "ViRobot": {
                    "category": "undetected",
                    "engine_name": "ViRobot",
                    "engine_version": "2014.3.20.0",
                    "result": null,
                    "method": "blacklist",
                    "engine_update": "20211017"
                },
                "ZoneAlarm": {
                    "category": "undetected",
                    "engine_name": "ZoneAlarm",
                    "engine_version": "1.0",
                    "result": null,
                    "method": "blacklist",
                    "engine_update": "20211017"
                },
                "GData": {
                    "category": "undetected",
                    "engine_name": "GData",
                    "engine_version": "A:25.31075B:27.24834",
                    "result": null,
                    "method": "blacklist",
                    "engine_update": "20211017"
                },
                "Cynet": {
                    "category": "type-unsupported",
                    "engine_name": "Cynet",
                    "engine_version": "4.0.0.27",
                    "result": null,
                    "method": "blacklist",
                    "engine_update": "20211017"
                },
                "BitDefenderFalx": {
                    "category": "undetected",
                    "engine_name": "BitDefenderFalx",
                    "engine_version": "2.0.936",
                    "result": null,
                    "method": "blacklist",
                    "engine_update": "20210610"
                },
                "AhnLab-V3": {
                    "category": "undetected",
                    "engine_name": "AhnLab-V3",
                    "engine_version": "3.21.1.10219",
                    "result": null,
                    "method": "blacklist",
                    "engine_update": "20211017"
                },
                "Acronis": {
                    "category": "type-unsupported",
                    "engine_name": "Acronis",
                    "engine_version": "1.1.1.82",
                    "result": null,
                    "method": "blacklist",
                    "engine_update": "20210512"
                },
                "VBA32": {
                    "category": "undetected",
                    "engine_name": "VBA32",
                    "engine_version": "5.0.0",
                    "result": null,
                    "method": "blacklist",
                    "engine_update": "20211015"
                },
                "ALYac": {
                    "category": "undetected",
                    "engine_name": "ALYac",
                    "engine_version": "1.1.3.1",
                    "result": null,
                    "method": "blacklist",
                    "engine_update": "20211017"
                },
                "MAX": {
                    "category": "undetected",
                    "engine_name": "MAX",
                    "engine_version": "2019.9.16.1",
                    "result": null,
                    "method": "blacklist",
                    "engine_update": "20211017"
                },
                "Cylance": {
                    "category": "type-unsupported",
                    "engine_name": "Cylance",
                    "engine_version": "2.3.1.101",
                    "result": null,
                    "method": "blacklist",
                    "engine_update": "20211017"
                },
                "Zoner": {
                    "category": "undetected",
                    "engine_name": "Zoner",
                    "engine_version": "0.0.0.0",
                    "result": null,
                    "method": "blacklist",
                    "engine_update": "20211016"
                },
                "Rising": {
                    "category": "undetected",
                    "engine_name": "Rising",
                    "engine_version": "25.0.0.26",
                    "result": null,
                    "method": "blacklist",
                    "engine_update": "20211017"
                },
                "Yandex": {
                    "category": "undetected",
                    "engine_name": "Yandex",
                    "engine_version": "5.5.2.24",
                    "result": null,
                    "method": "blacklist",
                    "engine_update": "20211017"
                },
                "TACHYON": {
                    "category": "undetected",
                    "engine_name": "TACHYON",
                    "engine_version": "2021-10-17.02",
                    "result": null,
                    "method": "blacklist",
                    "engine_update": "20211017"
                },
                "MaxSecure": {
                    "category": "undetected",
                    "engine_name": "MaxSecure",
                    "engine_version": "1.0.0.1",
                    "result": null,
                    "method": "blacklist",
                    "engine_update": "20211014"
                },
                "Fortinet": {
                    "category": "undetected",
                    "engine_name": "Fortinet",
                    "engine_version": "6.2.142.0",
                    "result": null,
                    "method": "blacklist",
                    "engine_update": "20211017"
                },
                "Panda": {
                    "category": "undetected",
                    "engine_name": "Panda",
                    "engine_version": "4.6.4.2",
                    "result": null,
                    "method": "blacklist",
                    "engine_update": "20211017"
                },
                "CrowdStrike": {
                    "category": "type-unsupported",
                    "engine_name": "CrowdStrike",
                    "engine_version": "1.0",
                    "result": null,
                    "method": "blacklist",
                    "engine_update": "20210203"
                }
            },
            "sha256": "00028662653690debbf48c8dbd5a7b8e03eaeaf6bbf326e6e5e0f4c10a7e4792",
            "type_extension": "apk",
            "tags": [
                "apk",
                "android",
                "contains-elf"
            ],
            "last_analysis_date": 1634503218,
            "unique_sources": 1,
            "first_submission_date": 1555993303,
            "sha1": "305e99cae805520bca3600e6af5e906460359b2e",
            "ssdeep": "786432:pKJbkHtnL62dK/5bECJJLzubxDpBUxElgDj:pKW9c/BbJJvubxDgxE+/",
            "bundle_info": {
                "highest_datetime": "2019-04-15 02:33:04",
                "lowest_datetime": "1980-00-00 00:00:00",
                "num_children": 578,
                "extensions": {
                    "xml": 23,
                    "dex": 1,
                    "fnt": 56,
                    "fsh": 1,
                    "RSA": 1,
                    "jpg": 7,
                    "MF": 1,
                    "so": 3,
                    "mp3": 52,
                    "txt": 1,
                    "SF": 1,
                    "png": 258
                },
                "file_types": {
                    "XML": 100,
                    "DEX": 1,
                    "unknown": 318,
                    "ELF": 7,
                    "JSON": 25,
                    "MP3": 52,
                    "PNG": 75
                },
                "type": "APK",
                "uncompressed_size": 44970693
            },
            "packers": {
                "F-PROT": "appended, UTF-8"
            },
            "md5": "f7692410fe653fd52fdf02e101dd3e7f",
            "androguard": {
                "VTAndroidInfo": 2.0,
                "AndroidApplicationError": false,
                "MinSdkVersion": "17",
                "AndroguardVersion": "3.4.0a1",
                "Activities": [
                    "com.pokercity.lobby.lobby",
                    "com.facebook.FacebookActivity",
                    "com.facebook.CustomTabActivity"
                ],
                "certificate": {
                    "Subject": {
                        "DN": "C:US, CN:Android, L:Mountain View, O:Google Inc., ST:California, OU:Android",
                        "C": "US",
                        "CN": "Android",
                        "L": "Mountain View",
                        "O": "Google Inc.",
                        "ST": "California",
                        "OU": "Android"
                    },
                    "validto": "2048-09-25 10:40:05",
                    "serialnumber": "de154d5162e3b0141a21b228b1b9d97b03d34aff",
                    "thumbprint": "859259f9fc5c6869bc40aeafd2fd44302ab7f859",
                    "validfrom": "2018-09-25 10:40:05",
                    "Issuer": {
                        "DN": "C:US, CN:Android, L:Mountain View, O:Google Inc., ST:California, OU:Android",
                        "C": "US",
                        "CN": "Android",
                        "L": "Mountain View",
                        "O": "Google Inc.",
                        "ST": "California",
                        "OU": "Android"
                    }
                },
                "AndroidApplication": 1,
                "RiskIndicator": {
                    "APK": {
                        "SHARED LIBRARIES": 4
                    },
                    "PERM": {
                        "DEVELOPMENT": 1,
                        "PRIVACY": 4,
                        "APPOP": 1,
                        "INTERNET": 1,
                        "EPHEMERAL": 2,
                        "SYSTEM": 3,
                        "DANGEROUS": 1,
                        "SIGNATURE": 4,
                        "NORMAL": 12,
                        "GPS": 1
                    }
                },
                "Services": [
                    "com.pokercity.push.PokerPushServiceDoMiNo",
                    "com.google.dominofirebase.sdk.messaging.DoMiNoFirebaseInstanceIDService",
                    "com.google.dominofirebase.sdk.messaging.DoMiNoFirebaseMessagingService"
                ],
                "AndroidVersionCode": "126",
                "main_activity": "com.pokercity.lobby.lobby",
                "Package": "com.neptune.domino",
                "intent_filters": {
                    "Services": {
                        "com.google.dominofirebase.sdk.messaging.DoMiNoFirebaseMessagingService": {
                            "action": [
                                "com.google.firebase.MESSAGING_EVENT"
                            ]
                        },
                        "com.google.dominofirebase.sdk.messaging.DoMiNoFirebaseInstanceIDService": {
                            "action": [
                                "com.google.firebase.INSTANCE_ID_EVENT"
                            ]
                        },
                        "com.pokercity.push.PokerPushServiceDoMiNo": {
                            "action": [
                                "com.pokercity.push.PokerPushServiceDoMiNo"
                            ]
                        }
                    },
                    "Activities": {
                        "com.pokercity.lobby.lobby": {
                            "action": [
                                "android.intent.action.MAIN",
                                "android.intent.action.VIEW"
                            ],
                            "category": [
                                "android.intent.category.LAUNCHER",
                                "android.intent.category.DEFAULT",
                                "android.intent.category.BROWSABLE"
                            ]
                        },
                        "com.facebook.CustomTabActivity": {
                            "action": [
                                "android.intent.action.VIEW"
                            ],
                            "category": [
                                "android.intent.category.DEFAULT",
                                "android.intent.category.BROWSABLE"
                            ]
                        }
                    },
                    "Receivers": {
                        "com.appsflyer.SingleInstallBroadcastReceiver": {
                            "action": [
                                "com.android.vending.INSTALL_REFERRER"
                            ]
                        },
                        "com.google.firebase.iid.FirebaseInstanceIdReceiver": {
                            "action": [
                                "com.google.android.c2dm.intent.RECEIVE",
                                "com.google.android.c2dm.intent.REGISTRATION"
                            ],
                            "category": [
                                "com.google.dominofirebase.sdk"
                            ]
                        },
                        "com.pokercity.push.PokerPushReceiver": {
                            "action": [
                                "android.intent.action.USER_PRESENT",
                                "android.intent.action.BOOT_COMPLETED",
                                "android.intent.action.BATTERY_CHANGED"
                            ]
                        }
                    }
                },
                "AndroidVersionName": "1.26",
                "TargetSdkVersion": "26",
                "AndroidApplicationInfo": "APK",
                "Providers": [
                    "android.support.v4.content.FileProvider",
                    "com.facebook.FacebookContentProvider"
                ],
                "permission_details": {
                    "android.permission.CHANGE_NETWORK_STATE": {
                        "short_description": "change network connectivity",
                        "full_description": "Allows the app to change the state of network connectivity.",
                        "permission_type": "normal"
                    },
                    "android.permission.DISABLE_KEYGUARD": {
                        "short_description": "disable your screen lock",
                        "full_description": "Allows the app to disable the\n      keylock and any associated password security.  For example, the phone\n      disables the keylock when receiving an incoming phone call, then\n      re-enables the keylock when the call is finished.",
                        "permission_type": "normal"
                    },
                    "com.android.launcher.permission.UNINSTALL_SHORTCUT": {
                        "short_description": "uninstall shortcuts",
                        "full_description": "Allows the application to remove\n        Homescreen shortcuts without user intervention.",
                        "permission_type": "normal"
                    },
                    "android.permission.READ_LOGS": {
                        "short_description": "read sensitive log data",
                        "full_description": "Allows the app to read from the\n        system's various log files.  This allows it to discover general\n        information about what you are doing with the phone, potentially\n        including personal or private information.",
                        "permission_type": "signature|system|development"
                    },
                    "android.permission.ACCESS_COARSE_LOCATION": {
                        "short_description": "access approximate location\n      (network-based)",
                        "full_description": "This app can get your location based on network sources such as cell towers and Wi-Fi networks. These location services must be turned on and available on your phone for the app to be able to use them.",
                        "permission_type": "dangerous|ephemeral"
                    },
                    "com.google.dominofirebase.sdk.permission.C2D_MESSAGE": {
                        "short_description": "Unknown permission from android reference",
                        "full_description": "Unknown permission from android reference",
                        "permission_type": "normal"
                    },
                    "android.permission.ACCESS_WIFI_STATE": {
                        "short_description": "view Wi-Fi connections",
                        "full_description": "Allows the app to view information\n      about Wi-Fi networking, such as whether Wi-Fi is enabled and name of\n      connected Wi-Fi devices.",
                        "permission_type": "normal"
                    },
                    "android.permission.INTERNET": {
                        "short_description": "have full network access",
                        "full_description": "Allows the app to create\n     network sockets and use custom network protocols. The browser and other\n     applications provide means to send data to the internet, so this\n     permission is not required to send data to the internet.",
                        "permission_type": "normal|ephemeral"
                    },
                    "android.permission.CHANGE_CONFIGURATION": {
                        "short_description": "change system display settings",
                        "full_description": "Allows the app to\n        change the current configuration, such as the locale or overall font\n        size.",
                        "permission_type": "system|signature"
                    },
                    "com.android.vending.BILLING": {
                        "short_description": "Unknown permission from android reference",
                        "full_description": "Unknown permission from android reference",
                        "permission_type": "normal"
                    },
                    "android.permission.WAKE_LOCK": {
                        "short_description": "prevent phone from sleeping",
                        "full_description": "Allows the app to prevent the phone from going to sleep.",
                        "permission_type": "normal|ephemeral"
                    },
                    "com.android.launcher.permission.INSTALL_SHORTCUT": {
                        "short_description": "install shortcuts",
                        "full_description": "Allows an application to add\n        Homescreen shortcuts without user intervention.",
                        "permission_type": "normal"
                    },
                    "com.google.android.c2dm.permission.RECEIVE": {
                        "short_description": "Unknown permission from android reference",
                        "full_description": "Unknown permission from android reference",
                        "permission_type": "normal"
                    },
                    "android.permission.ACCESS_NETWORK_STATE": {
                        "short_description": "view network connections",
                        "full_description": "Allows the app to view\n      information about network connections such as which networks exist and are\n      connected.",
                        "permission_type": "normal|ephemeral"
                    },
                    "android.permission.GET_TASKS": {
                        "short_description": "retrieve running apps",
                        "full_description": "Allows the app to retrieve information\n       about currently and recently running tasks.  This may allow the app to\n       discover information about which applications are used on the device.",
                        "permission_type": "normal"
                    },
                    "android.permission.WRITE_EXTERNAL_STORAGE": {
                        "short_description": "modify or delete the contents of your SD card",
                        "full_description": "Allows the app to write to the SD card.",
                        "permission_type": "dangerous"
                    },
                    "android.permission.RECEIVE_BOOT_COMPLETED": {
                        "short_description": "run at startup",
                        "full_description": "Allows the app to\n        have itself started as soon as the system has finished booting.\n        This can make it take longer to start the phone and allow the\n        app to slow down the overall phone by always running.",
                        "permission_type": "normal"
                    },
                    "Android.permission.RECEIVE_USER_PRESENT": {
                        "short_description": "Unknown permission from android reference",
                        "full_description": "Unknown permission from android reference",
                        "permission_type": "normal"
                    },
                    "com.android.launcher.permission.READ_SETTINGS": {
                        "short_description": "Unknown permission from android reference",
                        "full_description": "Unknown permission from android reference",
                        "permission_type": "normal"
                    },
                    "com.android.launcher.permission.WAKE_LOCK": {
                        "short_description": "Unknown permission from android reference",
                        "full_description": "Unknown permission from android reference",
                        "permission_type": "normal"
                    },
                    "android.permission.READ_PHONE_STATE": {
                        "short_description": "read phone status and identity",
                        "full_description": "Allows the app to access the phone\n      features of the device.  This permission allows the app to determine the\n      phone number and device IDs, whether a call is active, and the remote number\n      connected by a call.",
                        "permission_type": "dangerous"
                    },
                    "android.permission.KILL_BACKGROUND_PROCESSES": {
                        "short_description": "close other apps",
                        "full_description": "Allows the app to end\n      background processes of other apps.  This may cause other apps to stop\n      running.",
                        "permission_type": "normal"
                    },
                    "com.android.launcher.permission.WRITE_SETTINGS": {
                        "short_description": "Unknown permission from android reference",
                        "full_description": "Unknown permission from android reference",
                        "permission_type": "normal"
                    },
                    "android.permission.CAMERA": {
                        "short_description": "take pictures and videos",
                        "full_description": "This app can take pictures and record videos using the camera at any time.",
                        "permission_type": "dangerous|ephemeral"
                    },
                    "android.permission.REQUEST_INSTALL_PACKAGES": {
                        "short_description": "request install packages",
                        "full_description": "Allows an application to request installation of packages.",
                        "permission_type": "signature|appop"
                    },
                    "android.permission.MODIFY_AUDIO_SETTING": {
                        "short_description": "Unknown permission from android reference",
                        "full_description": "Unknown permission from android reference",
                        "permission_type": "normal"
                    },
                    "android.permission.CHANGE_WIFI_STATE": {
                        "short_description": "connect and disconnect from Wi-Fi",
                        "full_description": "Allows the app to connect to and\n      disconnect from Wi-Fi access points and to make changes to device\n      configuration for Wi-Fi networks.",
                        "permission_type": "normal"
                    },
                    "android.permission.RECORD_AUDIO": {
                        "short_description": "record audio",
                        "full_description": "This app can record audio using the microphone at any time.",
                        "permission_type": "dangerous"
                    },
                    "android.permission.MOUNT_UNMOUNT_FILESYSTEMS": {
                        "short_description": "access SD Card filesystem",
                        "full_description": "Allows the app to mount and\n        unmount filesystems for removable storage.",
                        "permission_type": "system|signature"
                    },
                    "android.permission.RESTART_PACKAGES": {
                        "short_description": "close other apps",
                        "full_description": "Allows the app to end\n      background processes of other apps.  This may cause other apps to stop\n      running.",
                        "permission_type": "normal"
                    }
                },
                "Receivers": [
                    "com.appsflyer.SingleInstallBroadcastReceiver",
                    "com.pokercity.push.PokerPushReceiver",
                    "com.google.firebase.iid.FirebaseInstanceIdReceiver",
                    "com.google.firebase.iid.FirebaseInstanceIdInternalReceiver"
                ],
                "StringsInformation": [
                    "http://abroad.apilocate.amap.com/mobile/binary",
                    "http://android.bugly.qq.com/rqd/async",
                    "http://apilocate.amap.com/mobile/binary",
                    "http://apilocatesrc.amap.com/mobile/binary",
                    "http://appsupport.qq.com/cgi-bin/qzapps/mapp_addapp.cgi",
                    "http://cfg.imtt.qq.com/tbs?v=2&mk=",
                    "http://cgi.connect.qq.com/qqconnectopen/openapi/policy_conf",
                    "http://cgicol.amap.com/collection/writedata?ver=v1.0_ali&",
                    "http://debugtbs.qq.com",
                    "http://debugx5.qq.com",
                    "http://developers.facebook.com/android",
                    "http://fusion.qq.com/cgi-bin/qzapps/unified_jump?appid=%1$s&from=%2$s&isOpenAppID=1",
                    "http://log.tbs.qq.com/ajax?c=dl&k=",
                    "http://log.tbs.qq.com/ajax?c=pu&tk=",
                    "http://log.tbs.qq.com/ajax?c=pu&v=2&k=",
                    "http://log.tbs.qq.com/ajax?c=ucfu&k=",
                    "http://log.tbs.qq.com/ajax?c=ul&v=2&k=",
                    "http://logs.amap.com/ws/log/upload?product=%s&type=%s&platform=%s&channel=%s&sign=%s",
                    "http://mdc.html5.qq.com/mh?channel_id=50079&u=",
                    "http://mqqad.html5.qq.com/adjs",
                    "http://open.weixin.qq.com/connect/sdk/qrconnect?appid=%s&noncestr=%s&timestamp=%s&scope=%s&signature=%s",
                    "http://openmobile.qq.com/oauth2.0/m_jump_by_version?",
                    "http://pingma.qq.com:80/mstat/report",
                    "http://play.google.com/store/apps/details?id=com.facebook.orca",
                    "http://plus.google.com/",
                    "http://pms.mb.qq.com/rsp204",
                    "http://qzs.qq.com",
                    "http://qzs.qq.com/open/mobile/invite/sdk_invite.html?",
                    "http://qzs.qq.com/open/mobile/login/qzsjump.html?",
                    "http://qzs.qq.com/open/mobile/request/sdk_request.html?",
                    "http://qzs.qq.com/open/mobile/sendstory/sdk_sendstory_v1.3.html?",
                    "http://restapi.amap.com",
                    "http://restapi.amap.com/v3/config/district?",
                    "http://restapi.amap.com/v3/geocode/regeo",
                    "http://restapi.amap.com/v3/place/around?",
                    "http://restapi.amap.com/v3/place/text?",
                    "http://rqd.uu.qq.com/rqd/sync",
                    "http://soft.tbs.imtt.qq.com/17421/tbs_res_imtt_tbs_DebugPlugin_DebugPlugin.tbs",
                    "http://wup.imtt.qq.com:8080",
                    "https://%s/%s",
                    "https://.facebook.com",
                    "https://accounts.google.com",
                    "https://api.%s/install_data/v3/",
                    "https://app.%s",
                    "https://appsupport.qq.com/cgi-bin/appstage/mstats_batch_report",
                    "https://attr.%s/api/v",
                    "https://events.%s/api/v",
                    "https://facebook.com",
                    "https://graph-video.%s",
                    "https://graph.%s",
                    "https://graph.qq.com/oauth2.0/me",
                    "https://huatuocode.huatuo.qq.com",
                    "https://impression.%s",
                    "https://login.live.com",
                    "https://login.yahoo.com",
                    "https://long.open.weixin.qq.com/connect/l/qrconnect?f=json&uuid=%s",
                    "https://monitorsdk.%s/remote-debug?app_id=",
                    "https://onelink.%s/shortlink-sdk/v1",
                    "https://openmobile.qq.com/",
                    "https://openmobile.qq.com/oauth2.0/m_authorize?",
                    "https://openmobile.qq.com/user/user_login_statis",
                    "https://openmobile.qq.com/v3/user/get_info",
                    "https://play.google.com/store/apps/details?id=",
                    "https://register.%s/api/v",
                    "https://restapi.amap.com/v3/iasdkauth",
                    "https://sdk-services.%s/validate-android-signature",
                    "https://stats.%s/stats",
                    "https://t.%s/api/v",
                    "https://twitter.com",
                    "https://validate.%s/api/v",
                    "https://wspeed.qq.com/w.cgi",
                    "https://www.facebook.com",
                    "https://www.googleapis.com/auth/appstate",
                    "https://www.googleapis.com/auth/datastoremobile",
                    "https://www.googleapis.com/auth/drive.appdata",
                    "https://www.googleapis.com/auth/drive.file",
                    "https://www.googleapis.com/auth/fitness.activity.read",
                    "https://www.googleapis.com/auth/fitness.activity.write",
                    "https://www.googleapis.com/auth/fitness.body.read",
                    "https://www.googleapis.com/auth/fitness.body.write",
                    "https://www.googleapis.com/auth/fitness.location.read",
                    "https://www.googleapis.com/auth/fitness.location.write",
                    "https://www.googleapis.com/auth/fitness.nutrition.read",
                    "https://www.googleapis.com/auth/fitness.nutrition.write",
                    "https://www.googleapis.com/auth/games",
                    "https://www.googleapis.com/auth/plus.login",
                    "https://www.googleapis.com/auth/plus.me",
                    "https://www.googleapis.com/auth/plus.moments.write",
                    "https://www.linkedin.com",
                    "https://www.paypal.com"
                ]
            },
            "magic": "Zip archive data, at least v2.0 to extract",
            "last_analysis_stats": {
                "harmless": 0,
                "type-unsupported": 10,
                "suspicious": 0,
                "confirmed-timeout": 0,
                "timeout": 0,
                "failure": 0,
                "malicious": 2,
                "undetected": 59
            },
            "meaningful_name": "f7692410fe653fd52fdf02e101dd3e7f.virus",
            "reputation": 0
        },
        "type": "file",
        "id": "00028662653690debbf48c8dbd5a7b8e03eaeaf6bbf326e6e5e0f4c10a7e4792",
        "links": {
            "self": "https://www.virustotal.com/api/v3/files/00028662653690debbf48c8dbd5a7b8e03eaeaf6bbf326e6e5e0f4c10a7e4792"
        }
    }
}