{
    "data": {
        "attributes": {
            "type_description": "Android",
            "tlsh": "T1F4C62255F79FE516F57FC83682B6222185895CC69888EA231A13F23C8CB7ED0D746F84",
            "vhash": "ce3214d495ef12136c48725511dd7860",
            "trid": [
                {
                    "file_type": "Android Package",
                    "probability": 57.0
                },
                {
                    "file_type": "Java Archive",
                    "probability": 20.0
                },
                {
                    "file_type": "Sweet Home 3D design (generic)",
                    "probability": 15.5
                },
                {
                    "file_type": "ZIP compressed archive",
                    "probability": 5.9
                },
                {
                    "file_type": "PrintFox/Pagefox bitmap (640x800)",
                    "probability": 1.4
                }
            ],
            "names": [],
            "last_modification_date": 1608773379,
            "type_tag": "android",
            "times_submitted": 1,
            "total_votes": {
                "harmless": 0,
                "malicious": 0
            },
            "size": 12203613,
            "popular_threat_classification": {
                "suggested_threat_label": "jiagu/presenoker",
                "popular_threat_name": [
                    {
                        "count": 3,
                        "value": "jiagu"
                    },
                    {
                        "count": 2,
                        "value": "presenoker"
                    }
                ]
            },
            "last_submission_date": 1575111608,
            "reputation": 0,
            "sha256": "0003095c7360cba191df74ca78f5f3fd33a01b20e44e75a5ba13c3263ee8cbe6",
            "type_extension": "apk",
            "tags": [
                "apk",
                "android",
                "via-tor",
                "contains-elf"
            ],
            "last_analysis_date": 1608478099,
            "unique_sources": 1,
            "first_submission_date": 1575111608,
            "sha1": "86bbbec77d745a37e43e7c1a8de2ac3bce3b1be5",
            "ssdeep": "196608:VlIzGN4exq5Vuh6WJwASeh8oOJQN1pWRsd2Yb+C2vkwaSQEoYrFoqa8GqmUvb:NN4ioDkCoGCb4OYC2vFzQETFLN9L",
            "bundle_info": {
                "highest_datetime": "2018-11-13 12:02:26",
                "lowest_datetime": "1980-00-00 00:00:00",
                "num_children": 1621,
                "extensions": {
                    "dex": 1,
                    "xml": 89,
                    "db": 1,
                    "gz": 1,
                    "jpg": 1,
                    "js": 3,
                    "so": 6,
                    "css": 3,
                    "png": 890
                },
                "file_types": {
                    "DEX": 1,
                    "XML": 89,
                    "unknown": 12,
                    "ELF": 6,
                    "JPG": 1,
                    "HTML": 1,
                    "PNG": 890
                },
                "type": "APK",
                "uncompressed_size": 12343536
            },
            "packers": {
                "F-PROT": "appended, packed"
            },
            "md5": "81e8fc12147781e48519e171a0d5d1ff",
            "androguard": {
                "VTAndroidInfo": 1.41,
                "AndroidApplicationError": false,
                "MinSdkVersion": "16",
                "AndroguardVersion": "3.0-dev",
                "Activities": [
                    "com.dongxiangtech.jiedaijia.activity.GuideActivity",
                    "com.dongxiangtech.jiedaijia.activity.SplashActivity",
                    "com.dongxiangtech.jiedaijia.activity.MainActivity",
                    "com.dongxiangtech.jiedaijia.activity.BigLoanApplyOneActivity",
                    "com.dongxiangtech.jiedaijia.activity.ContactServiceActivity",
                    "com.dongxiangtech.jiedaijia.activity.FrequentlyQuestionActivity",
                    "com.dongxiangtech.jiedaijia.activity.SearchActivity",
                    "com.dongxiangtech.jiedaijia.activity.LoanProductDetailActivity",
                    "com.dongxiangtech.jiedaijia.activity.LoanSearchActivity",
                    "com.dongxiangtech.jiedaijia.activity.CityPickerActivity",
                    "com.dongxiangtech.jiedaijia.activity.LoginActivity",
                    "com.dongxiangtech.jiedaijia.activity.TestLocationActivity",
                    "com.dongxiangtech.jiedaijia.activity.FeedBackActivity",
                    "com.dongxiangtech.jiedaijia.activity.BusinessCooperationActivity",
                    "com.dongxiangtech.jiedaijia.activity.SettingActivity",
                    "com.dongxiangtech.jiedaijia.activity.BigLoanApplyTwoActivity",
                    "com.dongxiangtech.jiedaijia.activity.BigLoanApplyThreeActivity",
                    "com.dongxiangtech.jiedaijia.activity.AboutWeActivity",
                    "com.dongxiangtech.jiedaijia.activity.QuestionDetailsActivity",
                    "com.dongxiangtech.jiedaijia.activity.PersonalInfoActivity",
                    "com.dongxiangtech.jiedaijia.activity.TestNetActivity",
                    "com.dongxiangtech.jiedaijia.activity.ResetPasswordActivity",
                    "com.dongxiangtech.jiedaijia.activity.RegisterActivity",
                    "com.dongxiangtech.jiedaijia.activity.SettingPassWordActivity",
                    "com.dongxiangtech.jiedaijia.activity.SettingPwdSuccessActivity",
                    "com.dongxiangtech.jiedaijia.activity.LoanWebActivity",
                    "com.dongxiangtech.jiedaijia.activity.BannerWebActivity",
                    "com.dongxiangtech.jiedaijia.activity.AgreementActivity",
                    "com.umeng.qq.tencent.AuthActivity",
                    "com.umeng.qq.tencent.AssistActivity",
                    "com.dongxiangtech.jiedaijia.activity.SharedActivity",
                    "com.dongxiangtech.jiedaijia.activity.AdvertActivity",
                    "com.dongxiangtech.jiedaijia.activity.UserInfoEditActivity",
                    "com.dongxiangtech.jiedaijia.view.ucrop.UCropActivity",
                    "com.dongxiangtech.jiedaijia.activity.PostNoteActivity",
                    "com.dongxiangtech.jiedaijia.activity.NoteDetailsActivity",
                    "com.dongxiangtech.jiedaijia.activity.ProductApplyRecordActivity",
                    "com.dongxiangtech.jiedaijia.activity.MyCircleRecordActivity",
                    "com.dongxiangtech.jiedaijia.view.NineGrid.preview.ImagePreviewActivity",
                    "com.ppdai.loan.ui.PersonalInfoActivity",
                    "com.ppdai.loan.ui.LoginActivity",
                    "com.ppdai.loan.v2.ui.BindBankCardActivity",
                    "com.ppdai.loan.ui.UserInfoActivity",
                    "com.ppdai.loan.ui.ContactPickerActivity",
                    "com.ppdai.loan.v2.ui.SelectCityActivity",
                    "com.ppdai.loan.v2.ui.MarriageActivity",
                    "com.ppdai.loan.v2.ui.RealNameAuthenticationActivity",
                    "com.ppdai.loan.ui.AreaChoiceActivity",
                    "com.ppdai.loan.ui.SchoolChoiceActivity",
                    "com.ppdai.loan.v2.ui.UploadIDCardActivity",
                    "com.ppdai.loan.v2.ui.WithdrawalsSuccesActivity",
                    "com.ppdai.loan.v3.ui.MainActivity",
                    "com.ppdai.loan.v3.ui.RepaymentActivity",
                    "com.ppdai.loan.v3.ui.ProgressActivity",
                    "com.ppdai.loan.v3.ui.NewsMainActivity",
                    "com.ppdai.loan.v3.ui.NewsUserInfoActivity",
                    "com.ppdai.loan.v3.ui.QQNumberInputActivity",
                    "com.ppdai.loan.v3.ui.InitActivity",
                    "com.ppdai.loan.v3.ui.HybridWebClientTitleActivity",
                    "com.ppdai.loan.v3.ui.ImageCaptureActivity",
                    "com.ppdai.loan.v3.ui.CouponActivity",
                    "com.ppdai.loan.polling.FakeInitActivity",
                    "com.dongxiangtech.jiedaijia.activity.InformationDetailsActivity",
                    "com.dongxiangtech.jiedaijia.activity.SearchNoteAndCircleActivity",
                    "com.dongxiangtech.jiedaijia.activity.CircleSearchMoreActivity",
                    "com.dongxiangtech.jiedaijia.activity.NoteSearchMoreActivity",
                    "com.dongxiangtech.jiedaijia.activity.CircleDetailsActivity",
                    "com.dongxiangtech.jiedaijia.activity.DaJinDaiActivity",
                    "com.dongxiangtech.jiedaijia.activity.LoanTypeSelectActivity",
                    "com.dongxiangtech.jiedaijia.activity.ForumSelectActivity",
                    "com.dongxiangtech.jiedaijia.activity.OtherPersonalCenterActivity",
                    "com.dongxiangtech.jiedaijia.activity.ForumDetailsActivity",
                    "com.dongxiangtech.jiedaijia.activity.ForumAllActivity",
                    "com.dongxiangtech.jiedaijia.activity.RecentNoteActivity",
                    "com.dongxiangtech.jiedaijia.activity.CreditAssetsActivity",
                    "com.dongxiangtech.jiedaijia.activity.MyNoteActivity",
                    "com.dongxiangtech.jiedaijia.activity.MyDiscussActivity",
                    "com.dongxiangtech.jiedaijia.activity.PointsActivity",
                    "me.iwf.photopicker.PhotoPickerActivity",
                    "me.iwf.photopicker.PhotoPagerActivity",
                    "com.dongxiangtech.jiedaijia.activity.ProductSearchMoreActivity",
                    "com.ppdai.loan.v3.ui.QueryUserStatusActivity",
                    "com.ppdai.loan.v3.ui.HybridWebClientActivity",
                    "com.ppdai.loan.v3.ui.LoanRecordActivity",
                    "com.ppdai.loan.v3.ui.LoanApplyActivity",
                    "com.ppdai.loan.v3.ui.LoanPeriodRepaymentListActivity",
                    "com.ppdai.module.permission.PermissionProxyActivity",
                    "com.ppdai.loan.v3.ui.PhoneNumberPickActivity",
                    "com.ppdai.loan.v3.ui.BindBankCardActivity",
                    "com.ppdai.loan.v3.ui.QueryBankBindsStatusActivity",
                    "com.ppdai.loan.v3.ui.OpenAccountFailActivity",
                    "com.ppdai.loan.v3.ui.BankWebViewActivity",
                    "com.ppdai.loan.v3.ui.LoanApplySubmitActivity",
                    "com.ppdai.loan.v3.ProtocolWebViewActivity",
                    "com.lzy.imagepicker.ui.ImageBaseActivity",
                    "com.lzy.imagepicker.ui.ImageGridActivity",
                    "com.lzy.imagepicker.ui.ImageCropActivity",
                    "com.lzy.imagepicker.ui.ImagePreviewActivity",
                    "com.lzy.imagepicker.ui.ImagePreviewDelActivity"
                ],
                "certificate": {
                    "Subject": {
                        "DN": "C:86, CN:tianpeiliu, L:hangzhou, O:dongxiangtech, ST:zhejiang, OU:dongxiangtech",
                        "C": "86",
                        "CN": "tianpeiliu",
                        "L": "hangzhou",
                        "O": "dongxiangtech",
                        "ST": "zhejiang",
                        "OU": "dongxiangtech"
                    },
                    "validto": "2072-04-09 08:08:18",
                    "serialnumber": "073f256a",
                    "thumbprint": "497be23f48e282fa1a7bb1b0e64a97d4e5309165",
                    "validfrom": "2017-07-07 08:08:18",
                    "Issuer": {
                        "DN": "C:86, CN:tianpeiliu, L:hangzhou, O:dongxiangtech, ST:zhejiang, OU:dongxiangtech",
                        "C": "86",
                        "CN": "tianpeiliu",
                        "L": "hangzhou",
                        "O": "dongxiangtech",
                        "ST": "zhejiang",
                        "OU": "dongxiangtech"
                    }
                },
                "AndroidApplication": 1,
                "RiskIndicator": {
                    "APK": {
                        "DEX": 1,
                        "SHARED LIBRARIES": 6
                    },
                    "PERM": {
                        "PRIVACY": 8,
                        "DANGEROUS": 8,
                        "NORMAL": 9,
                        "SMS": 3,
                        "SIGNATUREORSYSTEM": 1,
                        "MONEY": 1,
                        "INTERNET": 1,
                        "GPS": 3
                    }
                },
                "Services": [
                    "com.amap.api.location.APSService",
                    "com.dongxiangtech.jiedaijia.common.MyService",
                    "com.ppdai.loan.v3.service.EntranceProxyService",
                    "com.ppdai.loan.v3.service.FetchLoanStatusService",
                    "com.ppdai.loan.polling.PollingCoreService",
                    "com.ppdai.module.watchdog.ScheduleDaemonService"
                ],
                "AndroidVersionCode": "15",
                "main_activity": "com.dongxiangtech.jiedaijia.activity.GuideActivity",
                "Package": "com.dongxiangtech.jiedaijia",
                "intent_filters": {
                    "Services": {
                        "com.ppdai.loan.polling.PollingCoreService": {
                            "action": [
                                "com.dongxiangtech.jiedaijia.action.ScheduleCoreService"
                            ]
                        }
                    },
                    "Activities": {
                        "com.ppdai.loan.polling.FakeInitActivity": {
                            "action": [
                                "com.dongxiangtech.jiedaijia.action.NotificationClick"
                            ]
                        },
                        "com.dongxiangtech.jiedaijia.activity.GuideActivity": {
                            "action": [
                                "android.intent.action.MAIN",
                                "android.intent.action.VIEW"
                            ],
                            "category": [
                                "android.intent.category.LAUNCHER",
                                "android.intent.category.DEFAULT",
                                "android.intent.category.BROWSABLE"
                            ]
                        },
                        "com.umeng.qq.tencent.AuthActivity": {
                            "action": [
                                "android.intent.action.VIEW"
                            ],
                            "category": [
                                "android.intent.category.DEFAULT",
                                "android.intent.category.BROWSABLE"
                            ]
                        }
                    },
                    "Receivers": {
                        "com.ppdai.module.watchdog.ScheduleDaemonReceiver": {
                            "action": [
                                "android.intent.action.BOOT_COMPLETED",
                                "android.intent.action.MEDIA_MOUNTED",
                                "android.intent.action.USER_PRESENT",
                                "android.intent.action.ACTION_POWER_CONNECTED",
                                "android.intent.action.ACTION_POWER_DISCONNECTED",
                                "android.intent.action.BATTERY_CHANGED",
                                "android.intent.action.SCREEN_OFF",
                                "android.intent.action.SCREEN_ON"
                            ]
                        }
                    }
                },
                "AndroidVersionName": "3.0.1",
                "TargetSdkVersion": "22",
                "AndroidApplicationInfo": "APK",
                "Providers": [
                    "android.support.v4.content.FileProvider",
                    "com.lzy.imagepicker.ImagePickerProvider"
                ],
                "permission_details": {
                    "android.permission.CHANGE_NETWORK_STATE": {
                        "short_description": "change network connectivity",
                        "full_description": "Allows an application to change the state of network connectivity.",
                        "permission_type": "normal"
                    },
                    "android.permission.ACCESS_COARSE_UPDATES": {
                        "short_description": "Unknown permission from android reference",
                        "full_description": "Unknown permission from android reference",
                        "permission_type": "normal"
                    },
                    "android.permission.ACCESS_COARSE_LOCATION": {
                        "short_description": "coarse (network-based) location",
                        "full_description": "Access coarse location sources, such as the mobile network database, to determine an approximate phone location, where available. Malicious applications can use this to determine approximately where you are.",
                        "permission_type": "dangerous"
                    },
                    "android.permission.BLUETOOTH": {
                        "short_description": "create Bluetooth connections",
                        "full_description": "Allows an application to view configuration of the local Bluetooth phone and to make and accept connections with paired devices.",
                        "permission_type": "dangerous"
                    },
                    "android.permission.ACCESS_WIFI_STATE": {
                        "short_description": "view Wi-Fi status",
                        "full_description": "Allows an application to view the information about the status of Wi-Fi.",
                        "permission_type": "normal"
                    },
                    "android.permission.INTERNET": {
                        "short_description": "full Internet access",
                        "full_description": "Allows an application to create network sockets.",
                        "permission_type": "dangerous"
                    },
                    "android.permission.BLUETOOTH_ADMIN": {
                        "short_description": "bluetooth administration",
                        "full_description": "Allows an application to configure the local Bluetooth phone and to discover and pair with remote devices.",
                        "permission_type": "dangerous"
                    },
                    "android.permission.ACCESS_FINE_LOCATION": {
                        "short_description": "fine (GPS) location",
                        "full_description": "Access fine location sources, such as the Global Positioning System on the phone, where available. Malicious applications can use this to determine where you are and may consume additional battery power.",
                        "permission_type": "dangerous"
                    },
                    "android.permission.RECEIVE_USER_PRESENT": {
                        "short_description": "Unknown permission from android reference",
                        "full_description": "Unknown permission from android reference",
                        "permission_type": "normal"
                    },
                    "android.permission.WRITE_SMS": {
                        "short_description": "edit SMS or MMS",
                        "full_description": "Allows application to write to SMS messages stored on your phone or SIM card. Malicious applications may delete your messages.",
                        "permission_type": "dangerous"
                    },
                    "android.permission.ACCESS_NETWORK_STATE": {
                        "short_description": "view network status",
                        "full_description": "Allows an application to view the status of all networks.",
                        "permission_type": "normal"
                    },
                    "android.permission.GET_TASKS": {
                        "short_description": "retrieve running applications",
                        "full_description": "Allows application to retrieve information about currently and recently running tasks. May allow malicious applications to discover private information about other applications.",
                        "permission_type": "dangerous"
                    },
                    "android.permission.READ_CALL_LOG": {
                        "short_description": "read the user's call log.",
                        "full_description": "Allows an application to read the user's call log.",
                        "permission_type": "dangerous"
                    },
                    "android.permission.WRITE_EXTERNAL_STORAGE": {
                        "short_description": "modify/delete SD card contents",
                        "full_description": "Allows an application to write to the SD card.",
                        "permission_type": "dangerous"
                    },
                    "android.permission.WRITE_CONTACTS": {
                        "short_description": "write contact data",
                        "full_description": "Allows an application to modify the contact (address) data stored on your phone. Malicious applications can use this to erase or modify your contact data.",
                        "permission_type": "dangerous"
                    },
                    "android.permission.READ_EXTERNAL_STORAGE": {
                        "short_description": "read from external storage",
                        "full_description": "Allows an application to read from external storage",
                        "permission_type": "normal"
                    },
                    "android.permission.RECEIVE_BOOT_COMPLETED": {
                        "short_description": "automatically start at boot",
                        "full_description": "Allows an application to start itself as soon as the system has finished booting. This can make it take longer to start the phone and allow the application to slow down the overall phone by always running.",
                        "permission_type": "normal"
                    },
                    "android.permission.BATTERY_STATS": {
                        "short_description": "modify battery statistics",
                        "full_description": "Allows the modification of collected battery statistics. Not for use by normal applications.",
                        "permission_type": "dangerous"
                    },
                    "com.android.launcher.permission.READ_SETTINGS": {
                        "short_description": "Unknown permission from android reference",
                        "full_description": "Unknown permission from android reference",
                        "permission_type": "normal"
                    },
                    "android.permission.WRITE_SETTINGS": {
                        "short_description": "modify global system settings",
                        "full_description": "Allows an application to modify the system's settings data. Malicious applications can corrupt your system's configuration.",
                        "permission_type": "normal"
                    },
                    "android.permission.FLASHLIGHT": {
                        "short_description": "control flashlight",
                        "full_description": "Allows the application to control the flashlight.",
                        "permission_type": "normal"
                    },
                    "android.permission.READ_PHONE_STATE": {
                        "short_description": "read phone state and identity",
                        "full_description": "Allows the application to access the phone features of the device. An application with this permission can determine the phone number and serial number of this phone, whether a call is active, the number that call is connected to and so on.",
                        "permission_type": "dangerous"
                    },
                    "android.permission.READ_SMS": {
                        "short_description": "read SMS or MMS",
                        "full_description": "Allows application to read SMS messages stored on your phone or SIM card. Malicious applications may read your confidential messages.",
                        "permission_type": "dangerous"
                    },
                    "android.permission.VIBRATE": {
                        "short_description": "control vibrator",
                        "full_description": "Allows the application to control the vibrator.",
                        "permission_type": "normal"
                    },
                    "android.permission.SYSTEM_ALERT_WINDOW": {
                        "short_description": "display system-level alerts",
                        "full_description": "Allows an application to show system-alert windows. Malicious applications can take over the entire screen of the phone.",
                        "permission_type": "dangerous"
                    },
                    "android.permission.ACCESS_LOCATION_EXTRA_COMMANDS": {
                        "short_description": "access extra location provider commands",
                        "full_description": "Access extra location provider commands. Malicious applications could use this to interfere with the operation of the GPS or other location sources.",
                        "permission_type": "normal"
                    },
                    "android.permission.CAMERA": {
                        "short_description": "take pictures and videos",
                        "full_description": "Allows application to take pictures and videos with the camera. This allows the application to collect images that the camera is seeing at any time.",
                        "permission_type": "dangerous"
                    },
                    "android.permission.WAKE_LOCK": {
                        "short_description": "prevent phone from sleeping",
                        "full_description": "Allows an application to prevent the phone from going to sleep.",
                        "permission_type": "normal"
                    },
                    "android.permission.CHANGE_WIFI_STATE": {
                        "short_description": "change Wi-Fi status",
                        "full_description": "Allows an application to connect to and disconnect from Wi-Fi access points and to make changes to configured Wi-Fi networks.",
                        "permission_type": "dangerous"
                    },
                    "android.permission.RECEIVE_SMS": {
                        "short_description": "receive SMS",
                        "full_description": "Allows application to receive and process SMS messages. Malicious applications may monitor your messages or delete them without showing them to you.",
                        "permission_type": "dangerous"
                    },
                    "android.permission.READ_CONTACTS": {
                        "short_description": "read contact data",
                        "full_description": "Allows an application to read all of the contact (address) data stored on your phone. Malicious applications can use this to send your data to other people.",
                        "permission_type": "dangerous"
                    },
                    "android.permission.MOUNT_UNMOUNT_FILESYSTEMS": {
                        "short_description": "mount and unmount file systems",
                        "full_description": "Allows the application to mount and unmount file systems for removable storage.",
                        "permission_type": "signatureOrSystem"
                    }
                },
                "Receivers": [
                    "com.ppdai.module.watchdog.ScheduleWakefulReceiver",
                    "com.ppdai.module.watchdog.ScheduleDaemonReceiver"
                ]
            },
            "magic": "Zip archive data, at least v2.0 to extract",
            "last_analysis_stats": {
                "harmless": 0,
                "type-unsupported": 10,
                "suspicious": 0,
                "confirmed-timeout": 0,
                "timeout": 0,
                "failure": 0,
                "malicious": 10,
                "undetected": 57
            },
            "last_analysis_results": {
                "Bkav": {
                    "category": "undetected",
                    "engine_name": "Bkav",
                    "engine_version": "1.3.0.9899",
                    "result": null,
                    "method": "blacklist",
                    "engine_update": "20201219"
                },
                "Lionic": {
                    "category": "undetected",
                    "engine_name": "AegisLab",
                    "engine_version": "4.2",
                    "result": null,
                    "method": "blacklist",
                    "engine_update": "20201223"
                },
                "Elastic": {
                    "category": "type-unsupported",
                    "engine_name": "Elastic",
                    "engine_version": "4.0.14",
                    "result": null,
                    "method": "blacklist",
                    "engine_update": "20201214"
                },
                "DrWeb": {
                    "category": "undetected",
                    "engine_name": "DrWeb",
                    "engine_version": "7.0.49.9080",
                    "result": null,
                    "method": "blacklist",
                    "engine_update": "20201220"
                },
                "MicroWorld-eScan": {
                    "category": "undetected",
                    "engine_name": "MicroWorld-eScan",
                    "engine_version": "14.0.409.0",
                    "result": null,
                    "method": "blacklist",
                    "engine_update": "20201220"
                },
                "FireEye": {
                    "category": "undetected",
                    "engine_name": "FireEye",
                    "engine_version": "32.36.1.0",
                    "result": null,
                    "method": "blacklist",
                    "engine_update": "20201220"
                },
                "CAT-QuickHeal": {
                    "category": "undetected",
                    "engine_name": "CAT-QuickHeal",
                    "engine_version": "14.00",
                    "result": null,
                    "method": "blacklist",
                    "engine_update": "20201220"
                },
                "McAfee": {
                    "category": "undetected",
                    "engine_name": "McAfee",
                    "engine_version": "6.0.6.653",
                    "result": null,
                    "method": "blacklist",
                    "engine_update": "20201220"
                },
                "Malwarebytes": {
                    "category": "undetected",
                    "engine_name": "Malwarebytes",
                    "engine_version": "3.6.4.335",
                    "result": null,
                    "method": "blacklist",
                    "engine_update": "20201220"
                },
                "Zillya": {
                    "category": "malicious",
                    "engine_name": "Zillya",
                    "engine_version": "2.0.0.4249",
                    "result": "Trojan.104654.Linux.1",
                    "method": "blacklist",
                    "engine_update": "20201218"
                },
                "Paloalto": {
                    "category": "type-unsupported",
                    "engine_name": "Paloalto",
                    "engine_version": "1.0",
                    "result": null,
                    "method": "blacklist",
                    "engine_update": "20201220"
                },
                "Sangfor": {
                    "category": "undetected",
                    "engine_name": "Sangfor",
                    "engine_version": "1.0",
                    "result": null,
                    "method": "blacklist",
                    "engine_update": "20201218"
                },
                "Trustlook": {
                    "category": "malicious",
                    "engine_name": "Trustlook",
                    "engine_version": "1.0",
                    "result": "Android.Malware.General (score:9)",
                    "method": "blacklist",
                    "engine_update": "20201220"
                },
                "BitDefender": {
                    "category": "undetected",
                    "engine_name": "BitDefender",
                    "engine_version": "7.2",
                    "result": null,
                    "method": "blacklist",
                    "engine_update": "20201220"
                },
                "K7GW": {
                    "category": "malicious",
                    "engine_name": "K7GW",
                    "engine_version": "11.156.36028",
                    "result": "Adware ( 005307e21 )",
                    "method": "blacklist",
                    "engine_update": "20201220"
                },
                "K7AntiVirus": {
                    "category": "undetected",
                    "engine_name": "K7AntiVirus",
                    "engine_version": "11.156.36028",
                    "result": null,
                    "method": "blacklist",
                    "engine_update": "20201220"
                },
                "BitDefenderTheta": {
                    "category": "undetected",
                    "engine_name": "BitDefenderTheta",
                    "engine_version": "7.2.37796.0",
                    "result": null,
                    "method": "blacklist",
                    "engine_update": "20201215"
                },
                "Cyren": {
                    "category": "malicious",
                    "engine_name": "Cyren",
                    "engine_version": "6.3.0.2",
                    "result": "AndroidOS/Hiddad.D.gen!Eldorado",
                    "method": "blacklist",
                    "engine_update": "20201220"
                },
                "SymantecMobileInsight": {
                    "category": "malicious",
                    "engine_name": "SymantecMobileInsight",
                    "engine_version": "2.0",
                    "result": "AppRisk:Generisk",
                    "method": "blacklist",
                    "engine_update": "20200813"
                },
                "Symantec": {
                    "category": "undetected",
                    "engine_name": "Symantec",
                    "engine_version": "1.13.0.0",
                    "result": null,
                    "method": "blacklist",
                    "engine_update": "20201219"
                },
                "ESET-NOD32": {
                    "category": "malicious",
                    "engine_name": "ESET-NOD32",
                    "engine_version": "22512",
                    "result": "a variant of Android/Packed.Jiagu.D potentially unsafe",
                    "method": "blacklist",
                    "engine_update": "20201220"
                },
                "APEX": {
                    "category": "type-unsupported",
                    "engine_name": "APEX",
                    "engine_version": "6.111",
                    "result": null,
                    "method": "blacklist",
                    "engine_update": "20201219"
                },
                "TrendMicro-HouseCall": {
                    "category": "undetected",
                    "engine_name": "TrendMicro-HouseCall",
                    "engine_version": "10.0.0.1040",
                    "result": null,
                    "method": "blacklist",
                    "engine_update": "20201220"
                },
                "Avast": {
                    "category": "undetected",
                    "engine_name": "Avast",
                    "engine_version": "21.1.5827.0",
                    "result": null,
                    "method": "blacklist",
                    "engine_update": "20201220"
                },
                "ClamAV": {
                    "category": "undetected",
                    "engine_name": "ClamAV",
                    "engine_version": "0.102.3.0",
                    "result": null,
                    "method": "blacklist",
                    "engine_update": "20201220"
                },
                "Kaspersky": {
                    "category": "undetected",
                    "engine_name": "Kaspersky",
                    "engine_version": "15.0.1.13",
                    "result": null,
                    "method": "blacklist",
                    "engine_update": "20201220"
                },
                "Alibaba": {
                    "category": "undetected",
                    "engine_name": "Alibaba",
                    "engine_version": "0.3.0.5",
                    "result": null,
                    "method": "blacklist",
                    "engine_update": "20190527"
                },
                "NANO-Antivirus": {
                    "category": "undetected",
                    "engine_name": "NANO-Antivirus",
                    "engine_version": "1.0.146.25255",
                    "result": null,
                    "method": "blacklist",
                    "engine_update": "20201220"
                },
                "ViRobot": {
                    "category": "undetected",
                    "engine_name": "ViRobot",
                    "engine_version": "2014.3.20.0",
                    "result": null,
                    "method": "blacklist",
                    "engine_update": "20201220"
                },
                "Rising": {
                    "category": "undetected",
                    "engine_name": "Rising",
                    "engine_version": "25.0.0.26",
                    "result": null,
                    "method": "blacklist",
                    "engine_update": "20201220"
                },
                "Ad-Aware": {
                    "category": "undetected",
                    "engine_name": "Ad-Aware",
                    "engine_version": "3.0.16.117",
                    "result": null,
                    "method": "blacklist",
                    "engine_update": "20201220"
                },
                "TACHYON": {
                    "category": "undetected",
                    "engine_name": "TACHYON",
                    "engine_version": "2020-12-18.01",
                    "result": null,
                    "method": "blacklist",
                    "engine_update": "20201218"
                },
                "Emsisoft": {
                    "category": "undetected",
                    "engine_name": "Emsisoft",
                    "engine_version": "2018.12.0.1641",
                    "result": null,
                    "method": "blacklist",
                    "engine_update": "20201220"
                },
                "Comodo": {
                    "category": "undetected",
                    "engine_name": "Comodo",
                    "engine_version": "33096",
                    "result": null,
                    "method": "blacklist",
                    "engine_update": "20201220"
                },
                "F-Secure": {
                    "category": "undetected",
                    "engine_name": "F-Secure",
                    "engine_version": "12.0.86.52",
                    "result": null,
                    "method": "blacklist",
                    "engine_update": "20201220"
                },
                "Baidu": {
                    "category": "undetected",
                    "engine_name": "Baidu",
                    "engine_version": "1.0.0.2",
                    "result": null,
                    "method": "blacklist",
                    "engine_update": "20190318"
                },
                "VIPRE": {
                    "category": "undetected",
                    "engine_name": "VIPRE",
                    "engine_version": "89064",
                    "result": null,
                    "method": "blacklist",
                    "engine_update": "20201220"
                },
                "TrendMicro": {
                    "category": "undetected",
                    "engine_name": "TrendMicro",
                    "engine_version": "11.0.0.1006",
                    "result": null,
                    "method": "blacklist",
                    "engine_update": "20201220"
                },
                "McAfee-GW-Edition": {
                    "category": "undetected",
                    "engine_name": "McAfee-GW-Edition",
                    "engine_version": "v2019.1.2+3728",
                    "result": null,
                    "method": "blacklist",
                    "engine_update": "20201220"
                },
                "Trapmine": {
                    "category": "type-unsupported",
                    "engine_name": "Trapmine",
                    "engine_version": "3.5.0.1023",
                    "result": null,
                    "method": "blacklist",
                    "engine_update": "20200727"
                },
                "CMC": {
                    "category": "undetected",
                    "engine_name": "CMC",
                    "engine_version": "2.10.2019.1",
                    "result": null,
                    "method": "blacklist",
                    "engine_update": "20201214"
                },
                "Sophos": {
                    "category": "undetected",
                    "engine_name": "Sophos",
                    "engine_version": "1.0.2.0",
                    "result": null,
                    "method": "blacklist",
                    "engine_update": "20201220"
                },
                "Ikarus": {
                    "category": "malicious",
                    "engine_name": "Ikarus",
                    "engine_version": "0.1.5.2",
                    "result": "PUA.AndroidOS.Jiagu",
                    "method": "blacklist",
                    "engine_update": "20201220"
                },
                "GData": {
                    "category": "undetected",
                    "engine_name": "GData",
                    "engine_version": "A:25.28076B:27.21294",
                    "result": null,
                    "method": "blacklist",
                    "engine_update": "20201220"
                },
                "Jiangmin": {
                    "category": "undetected",
                    "engine_name": "Jiangmin",
                    "engine_version": "16.0.100",
                    "result": null,
                    "method": "blacklist",
                    "engine_update": "20201220"
                },
                "eGambit": {
                    "category": "type-unsupported",
                    "engine_name": "eGambit",
                    "engine_version": null,
                    "result": null,
                    "method": "blacklist",
                    "engine_update": "20201220"
                },
                "Avira": {
                    "category": "undetected",
                    "engine_name": "Avira",
                    "engine_version": "8.3.3.10",
                    "result": null,
                    "method": "blacklist",
                    "engine_update": "20201220"
                },
                "Antiy-AVL": {
                    "category": "malicious",
                    "engine_name": "Antiy-AVL",
                    "engine_version": "3.0.0.1",
                    "result": "GrayWare/Win32.Presenoker",
                    "method": "blacklist",
                    "engine_update": "20201220"
                },
                "Kingsoft": {
                    "category": "undetected",
                    "engine_name": "Kingsoft",
                    "engine_version": "2017.9.26.565",
                    "result": null,
                    "method": "blacklist",
                    "engine_update": "20201220"
                },
                "Microsoft": {
                    "category": "malicious",
                    "engine_name": "Microsoft",
                    "engine_version": "1.1.17700.4",
                    "result": "PUA:Win32/Presenoker",
                    "method": "blacklist",
                    "engine_update": "20201220"
                },
                "Gridinsoft": {
                    "category": "undetected",
                    "engine_name": "Gridinsoft",
                    "engine_version": "1.0.21.111",
                    "result": null,
                    "method": "blacklist",
                    "engine_update": "20201220"
                },
                "Arcabit": {
                    "category": "undetected",
                    "engine_name": "Arcabit",
                    "engine_version": "1.0.0.881",
                    "result": null,
                    "method": "blacklist",
                    "engine_update": "20201220"
                },
                "SUPERAntiSpyware": {
                    "category": "undetected",
                    "engine_name": "SUPERAntiSpyware",
                    "engine_version": "5.6.0.1032",
                    "result": null,
                    "method": "blacklist",
                    "engine_update": "20201218"
                },
                "AhnLab-V3": {
                    "category": "undetected",
                    "engine_name": "AhnLab-V3",
                    "engine_version": "3.19.3.10105",
                    "result": null,
                    "method": "blacklist",
                    "engine_update": "20201220"
                },
                "ZoneAlarm": {
                    "category": "undetected",
                    "engine_name": "ZoneAlarm",
                    "engine_version": "1.0",
                    "result": null,
                    "method": "blacklist",
                    "engine_update": "20201220"
                },
                "Avast-Mobile": {
                    "category": "undetected",
                    "engine_name": "Avast-Mobile",
                    "engine_version": "201219-10",
                    "result": null,
                    "method": "blacklist",
                    "engine_update": "20201220"
                },
                "Cynet": {
                    "category": "undetected",
                    "engine_name": "Cynet",
                    "engine_version": "4.0.0.25",
                    "result": null,
                    "method": "blacklist",
                    "engine_update": "20201220"
                },
                "BitDefenderFalx": {
                    "category": "undetected",
                    "engine_name": "BitDefenderFalx",
                    "engine_version": "2.0.936",
                    "result": null,
                    "method": "blacklist",
                    "engine_update": "20200916"
                },
                "TotalDefense": {
                    "category": "undetected",
                    "engine_name": "TotalDefense",
                    "engine_version": "37.1.62.1",
                    "result": null,
                    "method": "blacklist",
                    "engine_update": "20201217"
                },
                "Acronis": {
                    "category": "type-unsupported",
                    "engine_name": "Acronis",
                    "engine_version": "1.1.1.80",
                    "result": null,
                    "method": "blacklist",
                    "engine_update": "20201023"
                },
                "VBA32": {
                    "category": "undetected",
                    "engine_name": "VBA32",
                    "engine_version": "4.4.1",
                    "result": null,
                    "method": "blacklist",
                    "engine_update": "20201218"
                },
                "ALYac": {
                    "category": "undetected",
                    "engine_name": "ALYac",
                    "engine_version": "1.1.1.5",
                    "result": null,
                    "method": "blacklist",
                    "engine_update": "20201220"
                },
                "MAX": {
                    "category": "undetected",
                    "engine_name": "MAX",
                    "engine_version": "2019.9.16.1",
                    "result": null,
                    "method": "blacklist",
                    "engine_update": "20201220"
                },
                "Cylance": {
                    "category": "type-unsupported",
                    "engine_name": "Cylance",
                    "engine_version": "2.3.1.101",
                    "result": null,
                    "method": "blacklist",
                    "engine_update": "20201224"
                },
                "Zoner": {
                    "category": "undetected",
                    "engine_name": "Zoner",
                    "engine_version": "0.0.0.0",
                    "result": null,
                    "method": "blacklist",
                    "engine_update": "20201219"
                },
                "Tencent": {
                    "category": "undetected",
                    "engine_name": "Tencent",
                    "engine_version": "1.0.0.1",
                    "result": null,
                    "method": "blacklist",
                    "engine_update": "20201220"
                },
                "Yandex": {
                    "category": "undetected",
                    "engine_name": "Yandex",
                    "engine_version": "5.5.2.24",
                    "result": null,
                    "method": "blacklist",
                    "engine_update": "20201219"
                },
                "SentinelOne": {
                    "category": "undetected",
                    "engine_name": "SentinelOne",
                    "engine_version": "4.7.0.62",
                    "result": null,
                    "method": "blacklist",
                    "engine_update": "20201220"
                },
                "MaxSecure": {
                    "category": "undetected",
                    "engine_name": "MaxSecure",
                    "engine_version": "1.0.0.1",
                    "result": null,
                    "method": "blacklist",
                    "engine_update": "20201212"
                },
                "Fortinet": {
                    "category": "malicious",
                    "engine_name": "Fortinet",
                    "engine_version": "6.2.142.0",
                    "result": "Riskware/Jiagu!Android",
                    "method": "blacklist",
                    "engine_update": "20201220"
                },
                "Webroot": {
                    "category": "type-unsupported",
                    "engine_name": "Webroot",
                    "engine_version": "1.0.0.403",
                    "result": null,
                    "method": "blacklist",
                    "engine_update": "20201220"
                },
                "AVG": {
                    "category": "undetected",
                    "engine_name": "AVG",
                    "engine_version": "21.1.5827.0",
                    "result": null,
                    "method": "blacklist",
                    "engine_update": "20201220"
                },
                "Cybereason": {
                    "category": "type-unsupported",
                    "engine_name": "Cybereason",
                    "engine_version": "1.2.449",
                    "result": null,
                    "method": "blacklist",
                    "engine_update": "20190616"
                },
                "Panda": {
                    "category": "undetected",
                    "engine_name": "Panda",
                    "engine_version": "4.6.4.2",
                    "result": null,
                    "method": "blacklist",
                    "engine_update": "20201220"
                },
                "CrowdStrike": {
                    "category": "type-unsupported",
                    "engine_name": "CrowdStrike",
                    "engine_version": "1.0",
                    "result": null,
                    "method": "blacklist",
                    "engine_update": "20190702"
                },
                "Qihoo-360": {
                    "category": "undetected",
                    "engine_name": "Qihoo-360",
                    "engine_version": "1.0.0.1120",
                    "result": null,
                    "method": "blacklist",
                    "engine_update": "20201220"
                }
            }
        },
        "type": "file",
        "id": "0003095c7360cba191df74ca78f5f3fd33a01b20e44e75a5ba13c3263ee8cbe6",
        "links": {
            "self": "https://www.virustotal.com/api/v3/files/0003095c7360cba191df74ca78f5f3fd33a01b20e44e75a5ba13c3263ee8cbe6"
        }
    }
}