{
    "data": {
        "attributes": {
            "type_description": "Android",
            "tlsh": "T1FD773366E2AEDA3BDF63D03043354696A8548C489AEDF336341DB62D1FF6E005689F4C",
            "vhash": "1c296735057708204c4cde8ce7b575ac",
            "trid": [
                {
                    "file_type": "Android Package",
                    "probability": 57.0
                },
                {
                    "file_type": "Java Archive",
                    "probability": 20.0
                },
                {
                    "file_type": "Sweet Home 3D design (generic)",
                    "probability": 15.5
                },
                {
                    "file_type": "ZIP compressed archive",
                    "probability": 5.9
                },
                {
                    "file_type": "PrintFox/Pagefox bitmap (640x800)",
                    "probability": 1.4
                }
            ],
            "names": [
                "000314F0837FF123AF5445038690A6A697E4FEB6CCE50066D9E776C1EDC1942D.apk"
            ],
            "last_modification_date": 1641151600,
            "type_tag": "android",
            "times_submitted": 2,
            "total_votes": {
                "harmless": 0,
                "malicious": 0
            },
            "size": 35940711,
            "type_extension": "apk",
            "last_submission_date": 1640706775,
            "last_analysis_results": {
                "Bkav": {
                    "category": "undetected",
                    "engine_name": "Bkav",
                    "engine_version": "1.3.0.9899",
                    "result": null,
                    "method": "blacklist",
                    "engine_update": "20211228"
                },
                "Lionic": {
                    "category": "undetected",
                    "engine_name": "Lionic",
                    "engine_version": "4.2",
                    "result": null,
                    "method": "blacklist",
                    "engine_update": "20211228"
                },
                "Elastic": {
                    "category": "undetected",
                    "engine_name": "Elastic",
                    "engine_version": "4.0.32",
                    "result": null,
                    "method": "blacklist",
                    "engine_update": "20211223"
                },
                "MicroWorld-eScan": {
                    "category": "undetected",
                    "engine_name": "MicroWorld-eScan",
                    "engine_version": "14.0.409.0",
                    "result": null,
                    "method": "blacklist",
                    "engine_update": "20211228"
                },
                "FireEye": {
                    "category": "undetected",
                    "engine_name": "FireEye",
                    "engine_version": "32.44.1.0",
                    "result": null,
                    "method": "blacklist",
                    "engine_update": "20211228"
                },
                "CAT-QuickHeal": {
                    "category": "undetected",
                    "engine_name": "CAT-QuickHeal",
                    "engine_version": "14.00",
                    "result": null,
                    "method": "blacklist",
                    "engine_update": "20211228"
                },
                "McAfee": {
                    "category": "malicious",
                    "engine_name": "McAfee",
                    "engine_version": "6.0.6.653",
                    "result": "Artemis!E0A923F45CF5",
                    "method": "blacklist",
                    "engine_update": "20211228"
                },
                "Malwarebytes": {
                    "category": "undetected",
                    "engine_name": "Malwarebytes",
                    "engine_version": "4.2.2.27",
                    "result": null,
                    "method": "blacklist",
                    "engine_update": "20211228"
                },
                "VIPRE": {
                    "category": "undetected",
                    "engine_name": "VIPRE",
                    "engine_version": "97974",
                    "result": null,
                    "method": "blacklist",
                    "engine_update": "20211228"
                },
                "Paloalto": {
                    "category": "type-unsupported",
                    "engine_name": "Paloalto",
                    "engine_version": "1.0",
                    "result": null,
                    "method": "blacklist",
                    "engine_update": "20211228"
                },
                "Sangfor": {
                    "category": "undetected",
                    "engine_name": "Sangfor",
                    "engine_version": "2.9.0.0",
                    "result": null,
                    "method": "blacklist",
                    "engine_update": "20211224"
                },
                "Trustlook": {
                    "category": "undetected",
                    "engine_name": "Trustlook",
                    "engine_version": "1.0",
                    "result": null,
                    "method": "blacklist",
                    "engine_update": "20211228"
                },
                "BitDefender": {
                    "category": "undetected",
                    "engine_name": "BitDefender",
                    "engine_version": "7.2",
                    "result": null,
                    "method": "blacklist",
                    "engine_update": "20211228"
                },
                "K7GW": {
                    "category": "undetected",
                    "engine_name": "K7GW",
                    "engine_version": "11.238.40041",
                    "result": null,
                    "method": "blacklist",
                    "engine_update": "20211228"
                },
                "K7AntiVirus": {
                    "category": "undetected",
                    "engine_name": "K7AntiVirus",
                    "engine_version": "11.238.40039",
                    "result": null,
                    "method": "blacklist",
                    "engine_update": "20211228"
                },
                "Arcabit": {
                    "category": "undetected",
                    "engine_name": "Arcabit",
                    "engine_version": "1.0.0.888",
                    "result": null,
                    "method": "blacklist",
                    "engine_update": "20211228"
                },
                "Baidu": {
                    "category": "undetected",
                    "engine_name": "Baidu",
                    "engine_version": "1.0.0.2",
                    "result": null,
                    "method": "blacklist",
                    "engine_update": "20190318"
                },
                "VirIT": {
                    "category": "undetected",
                    "engine_name": "VirIT",
                    "engine_version": "9.5.100",
                    "result": null,
                    "method": "blacklist",
                    "engine_update": "20211228"
                },
                "Cyren": {
                    "category": "undetected",
                    "engine_name": "Cyren",
                    "engine_version": "6.5.1.2",
                    "result": null,
                    "method": "blacklist",
                    "engine_update": "20211228"
                },
                "SymantecMobileInsight": {
                    "category": "malicious",
                    "engine_name": "SymantecMobileInsight",
                    "engine_version": "2.0",
                    "result": "AdLibrary:Generisk",
                    "method": "blacklist",
                    "engine_update": "20211119"
                },
                "Symantec": {
                    "category": "undetected",
                    "engine_name": "Symantec",
                    "engine_version": "1.16.0.0",
                    "result": null,
                    "method": "blacklist",
                    "engine_update": "20211228"
                },
                "ESET-NOD32": {
                    "category": "malicious",
                    "engine_name": "ESET-NOD32",
                    "engine_version": "24527",
                    "result": "a variant of Android/Packed.TencentProtect.B potentially unsafe",
                    "method": "blacklist",
                    "engine_update": "20211228"
                },
                "APEX": {
                    "category": "type-unsupported",
                    "engine_name": "APEX",
                    "engine_version": "6.243",
                    "result": null,
                    "method": "blacklist",
                    "engine_update": "20211228"
                },
                "TrendMicro-HouseCall": {
                    "category": "undetected",
                    "engine_name": "TrendMicro-HouseCall",
                    "engine_version": "10.0.0.1040",
                    "result": null,
                    "method": "blacklist",
                    "engine_update": "20211228"
                },
                "Avast": {
                    "category": "undetected",
                    "engine_name": "Avast",
                    "engine_version": "21.1.5827.0",
                    "result": null,
                    "method": "blacklist",
                    "engine_update": "20211228"
                },
                "ClamAV": {
                    "category": "undetected",
                    "engine_name": "ClamAV",
                    "engine_version": "0.104.1.0",
                    "result": null,
                    "method": "blacklist",
                    "engine_update": "20211228"
                },
                "Kaspersky": {
                    "category": "undetected",
                    "engine_name": "Kaspersky",
                    "engine_version": "21.0.1.45",
                    "result": null,
                    "method": "blacklist",
                    "engine_update": "20211228"
                },
                "Alibaba": {
                    "category": "undetected",
                    "engine_name": "Alibaba",
                    "engine_version": "0.3.0.5",
                    "result": null,
                    "method": "blacklist",
                    "engine_update": "20190527"
                },
                "NANO-Antivirus": {
                    "category": "undetected",
                    "engine_name": "NANO-Antivirus",
                    "engine_version": "1.0.146.25520",
                    "result": null,
                    "method": "blacklist",
                    "engine_update": "20211228"
                },
                "ViRobot": {
                    "category": "undetected",
                    "engine_name": "ViRobot",
                    "engine_version": "2014.3.20.0",
                    "result": null,
                    "method": "blacklist",
                    "engine_update": "20211228"
                },
                "Rising": {
                    "category": "undetected",
                    "engine_name": "Rising",
                    "engine_version": "25.0.0.27",
                    "result": null,
                    "method": "blacklist",
                    "engine_update": "20220102"
                },
                "Ad-Aware": {
                    "category": "undetected",
                    "engine_name": "Ad-Aware",
                    "engine_version": "3.0.21.193",
                    "result": null,
                    "method": "blacklist",
                    "engine_update": "20211228"
                },
                "Sophos": {
                    "category": "undetected",
                    "engine_name": "Sophos",
                    "engine_version": "1.4.1.0",
                    "result": null,
                    "method": "blacklist",
                    "engine_update": "20211228"
                },
                "Comodo": {
                    "category": "undetected",
                    "engine_name": "Comodo",
                    "engine_version": "34044",
                    "result": null,
                    "method": "blacklist",
                    "engine_update": "20211102"
                },
                "F-Secure": {
                    "category": "undetected",
                    "engine_name": "F-Secure",
                    "engine_version": "12.0.86.52",
                    "result": null,
                    "method": "blacklist",
                    "engine_update": "20211228"
                },
                "DrWeb": {
                    "category": "undetected",
                    "engine_name": "DrWeb",
                    "engine_version": "7.0.52.8270",
                    "result": null,
                    "method": "blacklist",
                    "engine_update": "20211228"
                },
                "Zillya": {
                    "category": "undetected",
                    "engine_name": "Zillya",
                    "engine_version": "2.0.0.4534",
                    "result": null,
                    "method": "blacklist",
                    "engine_update": "20211224"
                },
                "TrendMicro": {
                    "category": "undetected",
                    "engine_name": "TrendMicro",
                    "engine_version": "11.0.0.1006",
                    "result": null,
                    "method": "blacklist",
                    "engine_update": "20211228"
                },
                "McAfee-GW-Edition": {
                    "category": "undetected",
                    "engine_name": "McAfee-GW-Edition",
                    "engine_version": "v2019.1.2+3728",
                    "result": null,
                    "method": "blacklist",
                    "engine_update": "20211228"
                },
                "SentinelOne": {
                    "category": "type-unsupported",
                    "engine_name": "SentinelOne",
                    "engine_version": "7.0.0.7",
                    "result": null,
                    "method": "blacklist",
                    "engine_update": "20211129"
                },
                "CMC": {
                    "category": "undetected",
                    "engine_name": "CMC",
                    "engine_version": "2.10.2019.1",
                    "result": null,
                    "method": "blacklist",
                    "engine_update": "20211026"
                },
                "Emsisoft": {
                    "category": "undetected",
                    "engine_name": "Emsisoft",
                    "engine_version": "2021.5.0.7597",
                    "result": null,
                    "method": "blacklist",
                    "engine_update": "20211228"
                },
                "Ikarus": {
                    "category": "malicious",
                    "engine_name": "Ikarus",
                    "engine_version": "0.1.5.2",
                    "result": "PUA.AndroidOS.TencendProtect",
                    "method": "blacklist",
                    "engine_update": "20211228"
                },
                "GData": {
                    "category": "undetected",
                    "engine_name": "GData",
                    "engine_version": "A:25.31824B:27.25664",
                    "result": null,
                    "method": "blacklist",
                    "engine_update": "20211228"
                },
                "Jiangmin": {
                    "category": "undetected",
                    "engine_name": "Jiangmin",
                    "engine_version": "16.0.100",
                    "result": null,
                    "method": "blacklist",
                    "engine_update": "20211227"
                },
                "Webroot": {
                    "category": "type-unsupported",
                    "engine_name": "Webroot",
                    "engine_version": "1.0.0.403",
                    "result": null,
                    "method": "blacklist",
                    "engine_update": "20211228"
                },
                "Avira": {
                    "category": "undetected",
                    "engine_name": "Avira",
                    "engine_version": "8.3.3.12",
                    "result": null,
                    "method": "blacklist",
                    "engine_update": "20211228"
                },
                "eGambit": {
                    "category": "type-unsupported",
                    "engine_name": "eGambit",
                    "engine_version": null,
                    "result": null,
                    "method": "blacklist",
                    "engine_update": "20211228"
                },
                "Antiy-AVL": {
                    "category": "undetected",
                    "engine_name": "Antiy-AVL",
                    "engine_version": "3.0.0.1",
                    "result": null,
                    "method": "blacklist",
                    "engine_update": "20211228"
                },
                "Kingsoft": {
                    "category": "undetected",
                    "engine_name": "Kingsoft",
                    "engine_version": "2017.9.26.565",
                    "result": null,
                    "method": "blacklist",
                    "engine_update": "20211228"
                },
                "Gridinsoft": {
                    "category": "undetected",
                    "engine_name": "Gridinsoft",
                    "engine_version": "1.0.66.165",
                    "result": null,
                    "method": "blacklist",
                    "engine_update": "20211228"
                },
                "Microsoft": {
                    "category": "malicious",
                    "engine_name": "Microsoft",
                    "engine_version": "1.1.18800.4",
                    "result": "Program:AndroidOS/Multiverze",
                    "method": "blacklist",
                    "engine_update": "20211228"
                },
                "SUPERAntiSpyware": {
                    "category": "undetected",
                    "engine_name": "SUPERAntiSpyware",
                    "engine_version": "5.6.0.1032",
                    "result": null,
                    "method": "blacklist",
                    "engine_update": "20211225"
                },
                "Avast-Mobile": {
                    "category": "undetected",
                    "engine_name": "Avast-Mobile",
                    "engine_version": "211228-08",
                    "result": null,
                    "method": "blacklist",
                    "engine_update": "20211228"
                },
                "Cynet": {
                    "category": "undetected",
                    "engine_name": "Cynet",
                    "engine_version": "4.0.0.27",
                    "result": null,
                    "method": "blacklist",
                    "engine_update": "20211228"
                },
                "BitDefenderFalx": {
                    "category": "undetected",
                    "engine_name": "BitDefenderFalx",
                    "engine_version": "2.0.936",
                    "result": null,
                    "method": "blacklist",
                    "engine_update": "20211222"
                },
                "AhnLab-V3": {
                    "category": "undetected",
                    "engine_name": "AhnLab-V3",
                    "engine_version": "3.21.2.10258",
                    "result": null,
                    "method": "blacklist",
                    "engine_update": "20211228"
                },
                "Acronis": {
                    "category": "type-unsupported",
                    "engine_name": "Acronis",
                    "engine_version": "1.1.1.82",
                    "result": null,
                    "method": "blacklist",
                    "engine_update": "20210512"
                },
                "BitDefenderTheta": {
                    "category": "undetected",
                    "engine_name": "BitDefenderTheta",
                    "engine_version": "7.2.37796.0",
                    "result": null,
                    "method": "blacklist",
                    "engine_update": "20211223"
                },
                "ALYac": {
                    "category": "undetected",
                    "engine_name": "ALYac",
                    "engine_version": "1.1.3.1",
                    "result": null,
                    "method": "blacklist",
                    "engine_update": "20211228"
                },
                "TACHYON": {
                    "category": "undetected",
                    "engine_name": "TACHYON",
                    "engine_version": "2021-12-28.02",
                    "result": null,
                    "method": "blacklist",
                    "engine_update": "20211228"
                },
                "VBA32": {
                    "category": "undetected",
                    "engine_name": "VBA32",
                    "engine_version": "5.0.0",
                    "result": null,
                    "method": "blacklist",
                    "engine_update": "20211228"
                },
                "Cylance": {
                    "category": "type-unsupported",
                    "engine_name": "Cylance",
                    "engine_version": "2.3.1.101",
                    "result": null,
                    "method": "blacklist",
                    "engine_update": "20220102"
                },
                "Zoner": {
                    "category": "undetected",
                    "engine_name": "Zoner",
                    "engine_version": "2.2.2.0",
                    "result": null,
                    "method": "blacklist",
                    "engine_update": "20211227"
                },
                "Tencent": {
                    "category": "undetected",
                    "engine_name": "Tencent",
                    "engine_version": "1.0.0.1",
                    "result": null,
                    "method": "blacklist",
                    "engine_update": "20211228"
                },
                "Yandex": {
                    "category": "undetected",
                    "engine_name": "Yandex",
                    "engine_version": "5.5.2.24",
                    "result": null,
                    "method": "blacklist",
                    "engine_update": "20211228"
                },
                "MAX": {
                    "category": "undetected",
                    "engine_name": "MAX",
                    "engine_version": "2019.9.16.1",
                    "result": null,
                    "method": "blacklist",
                    "engine_update": "20211228"
                },
                "MaxSecure": {
                    "category": "malicious",
                    "engine_name": "MaxSecure",
                    "engine_version": "1.0.0.1",
                    "result": "Android.smsthief.fh",
                    "method": "blacklist",
                    "engine_update": "20211228"
                },
                "Fortinet": {
                    "category": "malicious",
                    "engine_name": "Fortinet",
                    "engine_version": "6.2.142.0",
                    "result": "Riskware/PackedTencent!Android",
                    "method": "blacklist",
                    "engine_update": "20211228"
                },
                "Cybereason": {
                    "category": "type-unsupported",
                    "engine_name": "Cybereason",
                    "engine_version": "1.2.449",
                    "result": null,
                    "method": "blacklist",
                    "engine_update": "20210330"
                },
                "Panda": {
                    "category": "undetected",
                    "engine_name": "Panda",
                    "engine_version": "4.6.4.2",
                    "result": null,
                    "method": "blacklist",
                    "engine_update": "20211228"
                },
                "CrowdStrike": {
                    "category": "type-unsupported",
                    "engine_name": "CrowdStrike",
                    "engine_version": "1.0",
                    "result": null,
                    "method": "blacklist",
                    "engine_update": "20210203"
                }
            },
            "sha256": "000314f0837ff123af5445038690a6a697e4feb6cce50066d9e776c1edc1942d",
            "tags": [
                "apk",
                "android",
                "contains-elf"
            ],
            "last_analysis_date": 1640706775,
            "unique_sources": 2,
            "first_submission_date": 1620646003,
            "sha1": "4d205022f264b5e6ecbe36bc9b3094ba41558988",
            "ssdeep": "786432:mrO47vAa2bcEdzzazrO3TDzn5NvWO5OPGm9BQb5L/EGQX1S6DXBs1:er/Yc8uzrenbWPP9B2EDX1O1",
            "bundle_info": {
                "highest_datetime": "2018-05-25 14:57:32",
                "lowest_datetime": "2018-05-25 14:56:50",
                "num_children": 1132,
                "extensions": {
                    "dex": 3,
                    "xml": 361,
                    "MF": 1,
                    "RSA": 1,
                    "jpg": 1,
                    "gif": 1,
                    "so": 50,
                    "cer": 2,
                    "txt": 3,
                    "SF": 1,
                    "png": 546
                },
                "file_types": {
                    "DEX": 2,
                    "XML": 359,
                    "ZIP": 1,
                    "unknown": 33,
                    "ELF": 54,
                    "JPG": 1,
                    "GIF": 1,
                    "JSON": 3,
                    "PNG": 546
                },
                "type": "APK",
                "uncompressed_size": 53160086
            },
            "md5": "b8128708f79543dd5a84433e111d26ef",
            "androguard": {
                "VTAndroidInfo": 2.0,
                "AndroidApplicationError": false,
                "MinSdkVersion": "16",
                "AndroguardVersion": "3.4.0a1",
                "Activities": [
                    "com.kingnet.knmillionwinner.app.presentation.SplashActivity",
                    "com.kingnet.knmillionwinner.app.presentation.MainActivity",
                    "com.kingnet.knmillionwinner.user.presentation.MineActivity",
                    "com.kingnet.knmillionwinner.business.presentation.BusinessActivity",
                    "com.kingnet.knmillionwinner.user.presentation.LoginActivity",
                    "com.kingnet.knmillionwinner.app.presentation.H5WebViewActivity",
                    "com.kingnet.widget.clip.ClipImageActivity",
                    "com.kingnet.knmillionwinner.user.presentation.InputPhoneActivity",
                    "com.kingnet.knmillionwinner.user.presentation.ResetPwdActivity",
                    "com.kingnet.knmillionwinner.share.presentation.ShareActivity",
                    "com.kingnet.knmillionwinner.mine.presentation.WithdrawalsDetailActivity",
                    "com.kingnet.knmillionwinner.mine.presentation.WithdrawalsRecordActivity",
                    "com.kingnet.knmillionwinner.mine.presentation.MoreActivity",
                    "com.kingnet.knmillionwinner.play.presentation.FeedbackActivity",
                    "com.kingnet.knmillionwinner.play.presentation.H5WebViewActivity",
                    "com.kingnet.knmillionwinner.mine.presentation.WithdrawalsActivity",
                    "com.kingnet.knmillionwinner.mine.presentation.AboutUsActivity",
                    "com.kingnet.knmillionwinner.mine.presentation.MineMessageActivity",
                    "com.kingnet.knmillionwinner.mine.presentation.MessageDetailActivity",
                    "com.kingnet.knmillionwinner.store.presentation.StoreRecordActivity",
                    "com.kingnet.knmillionwinner.app.presentation.H5StoreDetailActivity",
                    "com.kingnet.knmillionwinner.store.presentation.StoreActivity",
                    "com.kingnet.knmillionwinner.advert.presentation.InMobiShowActivity",
                    "com.kingnet.knmillionwinner.store.presentation.StoreDetailActivity",
                    "com.kingnet.knmillionwinner.play.presentation.PlayIntroduceActivity",
                    "com.kingnet.knmillionwinner.mine.presentation.EditInfoActivity",
                    "com.kingnet.knmillionwinner.mine.presentation.EditNickNameActivity",
                    "com.kingnet.sharelogin.activity.SL_WeiBoHandlerActivity",
                    "com.sina.weibo.sdk.component.WeiboSdkBrowser",
                    "com.kingnet.sharelogin.activity.SL_QQHandlerActivity",
                    "com.tencent.connect.common.AssistActivity",
                    "com.tencent.tauth.AuthActivity",
                    "com.kingnet.sharelogin.activity.SL_WeiXinHandlerActivity",
                    "cn.jpush.android.ui.PopWinActivity",
                    "cn.jpush.android.ui.PushActivity"
                ],
                "certificate": {
                    "Subject": {
                        "DN": "C:86, CN:wei lei, L:ShangHai, O:KingNet, ST:China, OU:KingNet",
                        "C": "86",
                        "CN": "wei lei",
                        "L": "ShangHai",
                        "O": "KingNet",
                        "ST": "China",
                        "OU": "KingNet"
                    },
                    "validto": "2116-10-14 10:10:22",
                    "serialnumber": "5820530e",
                    "thumbprint": "ffa7983ea80d6bd4d4493002ac5b55cc19096016",
                    "validfrom": "2016-11-07 10:10:22",
                    "Issuer": {
                        "DN": "C:86, CN:wei lei, L:ShangHai, O:KingNet, ST:China, OU:KingNet",
                        "C": "86",
                        "CN": "wei lei",
                        "L": "ShangHai",
                        "O": "KingNet",
                        "ST": "China",
                        "OU": "KingNet"
                    }
                },
                "AndroidApplication": 1,
                "RiskIndicator": {
                    "APK": {
                        "DEX": 2,
                        "ZIP": 1,
                        "SHARED LIBRARIES": 54
                    },
                    "PERM": {
                        "DEVELOPMENT": 2,
                        "PRIVACY": 3,
                        "NORMAL": 7,
                        "APPOP": 3,
                        "PRE23": 2,
                        "EPHEMERAL": 3,
                        "SYSTEM": 1,
                        "PREINSTALLED": 2,
                        "DANGEROUS": 3,
                        "INSTALLER": 1,
                        "SIGNATURE": 5,
                        "INTERNET": 1,
                        "GPS": 3
                    }
                },
                "Services": [
                    "com.xiaomi.push.service.XMJobService",
                    "com.xiaomi.push.service.XMPushService",
                    "com.xiaomi.mipush.sdk.PushMessageHandler",
                    "com.xiaomi.mipush.sdk.MessageHandleService",
                    "com.kingnet.common.update.service.DownloadService",
                    "cn.jpush.android.service.PushService",
                    "cn.jpush.android.service.DaemonService"
                ],
                "AndroidVersionCode": "58",
                "main_activity": "com.kingnet.knmillionwinner.app.presentation.SplashActivity",
                "Package": "com.kingnet.knmillionwinner",
                "intent_filters": {
                    "Services": {
                        "cn.jpush.android.service.PushService": {
                            "action": [
                                "cn.jpush.android.intent.REGISTER",
                                "cn.jpush.android.intent.REPORT",
                                "cn.jpush.android.intent.PushService",
                                "cn.jpush.android.intent.PUSH_TIME"
                            ]
                        },
                        "cn.jpush.android.service.DaemonService": {
                            "action": [
                                "cn.jpush.android.intent.DaemonService"
                            ],
                            "category": [
                                "com.kingnet.knmillionwinner"
                            ]
                        }
                    },
                    "Activities": {
                        "com.tencent.connect.common.AssistActivity": {
                            "action": [
                                "android.intent.action.VIEW"
                            ],
                            "category": [
                                "android.intent.category.DEFAULT",
                                "android.intent.category.BROWSABLE"
                            ]
                        },
                        "com.tencent.tauth.AuthActivity": {
                            "action": [
                                "android.intent.action.VIEW"
                            ],
                            "category": [
                                "android.intent.category.DEFAULT",
                                "android.intent.category.BROWSABLE"
                            ]
                        },
                        "cn.jpush.android.ui.PushActivity": {
                            "action": [
                                "cn.jpush.android.ui.PushActivity"
                            ],
                            "category": [
                                "android.intent.category.DEFAULT",
                                "com.kingnet.knmillionwinner"
                            ]
                        },
                        "com.kingnet.sharelogin.activity.SL_WeiBoHandlerActivity": {
                            "action": [
                                "com.sina.weibo.sdk.action.ACTION_SDK_REQ_ACTIVITY"
                            ],
                            "category": [
                                "android.intent.category.DEFAULT"
                            ]
                        },
                        "com.kingnet.knmillionwinner.app.presentation.SplashActivity": {
                            "action": [
                                "android.intent.action.MAIN"
                            ],
                            "category": [
                                "android.intent.category.LAUNCHER"
                            ]
                        }
                    },
                    "Receivers": {
                        "com.xiaomi.push.service.receivers.PingReceiver": {
                            "action": [
                                "com.xiaomi.push.PING_TIMER"
                            ]
                        },
                        "cn.jpush.android.service.PushReceiver": {
                            "action": [
                                "cn.jpush.android.intent.NOTIFICATION_RECEIVED_PROXY",
                                "android.intent.action.USER_PRESENT",
                                "android.net.conn.CONNECTIVITY_CHANGE",
                                "android.intent.action.PACKAGE_ADDED",
                                "android.intent.action.PACKAGE_REMOVED"
                            ],
                            "category": [
                                "com.kingnet.knmillionwinner"
                            ]
                        },
                        "com.kingnet.knmillionwinner.push.MiPushBroadcastReceiver": {
                            "action": [
                                "com.xiaomi.mipush.RECEIVE_MESSAGE",
                                "com.xiaomi.mipush.MESSAGE_ARRIVED",
                                "com.xiaomi.mipush.ERROR"
                            ]
                        },
                        "com.xiaomi.push.service.receivers.NetworkStatusReceiver": {
                            "action": [
                                "android.net.conn.CONNECTIVITY_CHANGE"
                            ],
                            "category": [
                                "android.intent.category.DEFAULT"
                            ]
                        }
                    }
                },
                "AndroidVersionName": "1.3.0",
                "TargetSdkVersion": "26",
                "AndroidApplicationInfo": "APK",
                "Providers": [
                    "android.support.v4.content.FileProvider",
                    "android.support.v4.content.FileProvider",
                    "cn.jpush.android.service.DataProvider",
                    "cn.jpush.android.service.DownloadProvider"
                ],
                "permission_details": {
                    "android.permission.CHANGE_NETWORK_STATE": {
                        "short_description": "change network connectivity",
                        "full_description": "Allows the app to change the state of network connectivity.",
                        "permission_type": "normal"
                    },
                    "android.permission.READ_LOGS": {
                        "short_description": "read sensitive log data",
                        "full_description": "Allows the app to read from the\n        system's various log files.  This allows it to discover general\n        information about what you are doing with the phone, potentially\n        including personal or private information.",
                        "permission_type": "signature|system|development"
                    },
                    "android.permission.ACCESS_COARSE_LOCATION": {
                        "short_description": "access approximate location\n      (network-based)",
                        "full_description": "This app can get your location based on network sources such as cell towers and Wi-Fi networks. These location services must be turned on and available on your phone for the app to be able to use them.",
                        "permission_type": "dangerous|ephemeral"
                    },
                    "android.permission.INTERNET": {
                        "short_description": "have full network access",
                        "full_description": "Allows the app to create\n     network sockets and use custom network protocols. The browser and other\n     applications provide means to send data to the internet, so this\n     permission is not required to send data to the internet.",
                        "permission_type": "normal|ephemeral"
                    },
                    "android.permission.ACCESS_FINE_LOCATION": {
                        "short_description": "access precise location (GPS and\n      network-based)",
                        "full_description": "This app can get your location based on GPS or network location sources such as cell towers and Wi-Fi networks. These location services must be turned on and available on your phone for the app to be able to use them. This may increase battery consumption.",
                        "permission_type": "dangerous|ephemeral"
                    },
                    "android.permission.REQUEST_INSTALL_PACKAGES": {
                        "short_description": "request install packages",
                        "full_description": "Allows an application to request installation of packages.",
                        "permission_type": "signature|appop"
                    },
                    "android.permission.INTERACT_ACROSS_USERS_FULL": {
                        "short_description": "",
                        "full_description": "",
                        "permission_type": "signature|installer"
                    },
                    "android.permission.RECEIVE_USER_PRESENT": {
                        "short_description": "Unknown permission from android reference",
                        "full_description": "Unknown permission from android reference",
                        "permission_type": "normal"
                    },
                    "android.permission.ACCESS_NETWORK_STATE": {
                        "short_description": "view network connections",
                        "full_description": "Allows the app to view\n      information about network connections such as which networks exist and are\n      connected.",
                        "permission_type": "normal|ephemeral"
                    },
                    "android.permission.GET_TASKS": {
                        "short_description": "retrieve running apps",
                        "full_description": "Allows the app to retrieve information\n       about currently and recently running tasks.  This may allow the app to\n       discover information about which applications are used on the device.",
                        "permission_type": "normal"
                    },
                    "android.permission.WRITE_EXTERNAL_STORAGE": {
                        "short_description": "modify or delete the contents of your SD card",
                        "full_description": "Allows the app to write to the SD card.",
                        "permission_type": "dangerous"
                    },
                    "android.permission.READ_EXTERNAL_STORAGE": {
                        "short_description": "read the contents of your SD card",
                        "full_description": "Allows the app to read the contents of your SD card.",
                        "permission_type": "dangerous"
                    },
                    "com.kingnet.knmillionwinner.permission.JPUSH_MESSAGE": {
                        "short_description": "Unknown permission from android reference",
                        "full_description": "Unknown permission from android reference",
                        "permission_type": "normal"
                    },
                    "android.permission.WRITE_SETTINGS": {
                        "short_description": "modify system settings",
                        "full_description": "Allows the app to modify the\n        system's settings data. Malicious apps may corrupt your system's\n        configuration.",
                        "permission_type": "signature|preinstalled|appop|pre23"
                    },
                    "android.permission.READ_PHONE_STATE": {
                        "short_description": "read phone status and identity",
                        "full_description": "Allows the app to access the phone\n      features of the device.  This permission allows the app to determine the\n      phone number and device IDs, whether a call is active, and the remote number\n      connected by a call.",
                        "permission_type": "dangerous"
                    },
                    "android.permission.VIBRATE": {
                        "short_description": "control vibration",
                        "full_description": "Allows the app to control the vibrator.",
                        "permission_type": "normal|ephemeral"
                    },
                    "com.kingnet.knmillionwinner.permission.MIPUSH_RECEIVE": {
                        "short_description": "Unknown permission from android reference",
                        "full_description": "Unknown permission from android reference",
                        "permission_type": "normal"
                    },
                    "android.permission.SYSTEM_ALERT_WINDOW": {
                        "short_description": "This app can appear on top of other apps",
                        "full_description": "This app can appear on top of other apps or other parts of the screen. This may interfere with normal app usage and change the way that other apps appear.",
                        "permission_type": "signature|preinstalled|appop|pre23|development"
                    },
                    "android.permission.ACCESS_LOCATION_EXTRA_COMMANDS": {
                        "short_description": "access extra location provider commands",
                        "full_description": "Allows the app to access\n        extra location provider commands.  This may allow the app to interfere\n        with the operation of the GPS or other location sources.",
                        "permission_type": "normal"
                    },
                    "android.permission.ACCESS_WIFI_STATE": {
                        "short_description": "view Wi-Fi connections",
                        "full_description": "Allows the app to view information\n      about Wi-Fi networking, such as whether Wi-Fi is enabled and name of\n      connected Wi-Fi devices.",
                        "permission_type": "normal"
                    },
                    "android.permission.WAKE_LOCK": {
                        "short_description": "prevent phone from sleeping",
                        "full_description": "Allows the app to prevent the phone from going to sleep.",
                        "permission_type": "normal|ephemeral"
                    },
                    "android.permission.CHANGE_WIFI_STATE": {
                        "short_description": "connect and disconnect from Wi-Fi",
                        "full_description": "Allows the app to connect to and\n      disconnect from Wi-Fi access points and to make changes to device\n      configuration for Wi-Fi networks.",
                        "permission_type": "normal"
                    },
                    "android.permission.MOUNT_UNMOUNT_FILESYSTEMS": {
                        "short_description": "access SD Card filesystem",
                        "full_description": "Allows the app to mount and\n        unmount filesystems for removable storage.",
                        "permission_type": "dangerous"
                    }
                },
                "Receivers": [
                    "com.kingnet.knmillionwinner.broadcast.NetWorkStateReceiver",
                    "com.kingnet.knmillionwinner.push.MiPushBroadcastReceiver",
                    "com.xiaomi.push.service.receivers.NetworkStatusReceiver",
                    "com.xiaomi.push.service.receivers.PingReceiver",
                    "cn.jpush.android.service.PushReceiver",
                    "cn.jpush.android.service.AlarmReceiver"
                ],
                "StringsInformation": [
                    "http://android.bugly.qq.com/rqd/async",
                    "http://rqd.uu.qq.com/rqd/sync"
                ]
            },
            "magic": "Zip archive data, at least v2.0 to extract",
            "last_analysis_stats": {
                "harmless": 0,
                "type-unsupported": 9,
                "suspicious": 0,
                "confirmed-timeout": 0,
                "timeout": 0,
                "failure": 0,
                "malicious": 7,
                "undetected": 56
            },
            "meaningful_name": "000314F0837FF123AF5445038690A6A697E4FEB6CCE50066D9E776C1EDC1942D.apk",
            "reputation": 0
        },
        "type": "file",
        "id": "000314f0837ff123af5445038690a6a697e4feb6cce50066d9e776c1edc1942d",
        "links": {
            "self": "https://www.virustotal.com/api/v3/files/000314f0837ff123af5445038690a6a697e4feb6cce50066d9e776c1edc1942d"
        }
    }
}