{
    "data": {
        "attributes": {
            "type_description": "Android",
            "tlsh": "T111472363F358E82AD07B70328A73326721694D44EA01F6E31915762C6DF7BE44A8DFC9",
            "vhash": "fb2cb0974142aa189fbfaee1d7fc1cec",
            "trid": [
                {
                    "file_type": "Android Package",
                    "probability": 46.6
                },
                {
                    "file_type": "PulseView sigrok dump",
                    "probability": 18.1
                },
                {
                    "file_type": "Java Archive",
                    "probability": 16.3
                },
                {
                    "file_type": "Sweet Home 3D design (generic)",
                    "probability": 12.7
                },
                {
                    "file_type": "ZIP compressed archive",
                    "probability": 4.8
                }
            ],
            "crowdsourced_yara_results": [
                {
                    "description": "This signature identifies Adobe Extensible Metadata Platform (XMP) identifiers embedded within files. Defined as a standard for mapping graphical asset relationships, XMP allows for tracking of both parent-child relationships and individual revisions. There are three categories of identifiers: original document, document, and instance. Generally, XMP data is stored in XML format, updated on save/copy, and embedded within the graphical asset. These identifiers can be used to track both malicious and benign graphics within common Microsoft and Adobe document lures.",
                    "source": "https://github.com/InQuest/yara-rules-vt",
                    "author": "InQuest Labs",
                    "ruleset_name": "Adobe_XMP_Identifier",
                    "rule_name": "Adobe_XMP_Identifier",
                    "ruleset_id": "0121ae37cc"
                }
            ],
            "names": [
                "JP4AdqR2AUt6yPLC5vgq20200730-83700-1ppjei2",
                "D9290E3D62D7F440CF16B49E420415CD"
            ],
            "last_modification_date": 1649853841,
            "type_tag": "android",
            "times_submitted": 3,
            "total_votes": {
                "harmless": 0,
                "malicious": 0
            },
            "size": 25217553,
            "popular_threat_classification": {
                "suggested_threat_label": "trojan.jiagu",
                "popular_threat_category": [
                    {
                        "count": 3,
                        "value": "trojan"
                    }
                ],
                "popular_threat_name": [
                    {
                        "count": 2,
                        "value": "jiagu"
                    }
                ]
            },
            "last_submission_date": 1598516652,
            "last_analysis_results": {
                "Bkav": {
                    "category": "undetected",
                    "engine_name": "Bkav",
                    "engine_version": "1.3.0.9899",
                    "result": null,
                    "method": "blacklist",
                    "engine_update": "20220412"
                },
                "Lionic": {
                    "category": "undetected",
                    "engine_name": "Lionic",
                    "engine_version": "7.5",
                    "result": null,
                    "method": "blacklist",
                    "engine_update": "20220413"
                },
                "Elastic": {
                    "category": "undetected",
                    "engine_name": "Elastic",
                    "engine_version": "4.0.35",
                    "result": null,
                    "method": "blacklist",
                    "engine_update": "20220302"
                },
                "DrWeb": {
                    "category": "undetected",
                    "engine_name": "DrWeb",
                    "engine_version": "7.0.54.3080",
                    "result": null,
                    "method": "blacklist",
                    "engine_update": "20220413"
                },
                "MicroWorld-eScan": {
                    "category": "undetected",
                    "engine_name": "MicroWorld-eScan",
                    "engine_version": "14.0.409.0",
                    "result": null,
                    "method": "blacklist",
                    "engine_update": "20220413"
                },
                "FireEye": {
                    "category": "undetected",
                    "engine_name": "FireEye",
                    "engine_version": "32.44.1.0",
                    "result": null,
                    "method": "blacklist",
                    "engine_update": "20220413"
                },
                "CAT-QuickHeal": {
                    "category": "undetected",
                    "engine_name": "CAT-QuickHeal",
                    "engine_version": "14.00",
                    "result": null,
                    "method": "blacklist",
                    "engine_update": "20220413"
                },
                "ALYac": {
                    "category": "undetected",
                    "engine_name": "ALYac",
                    "engine_version": "1.1.3.1",
                    "result": null,
                    "method": "blacklist",
                    "engine_update": "20220413"
                },
                "Malwarebytes": {
                    "category": "undetected",
                    "engine_name": "Malwarebytes",
                    "engine_version": "4.2.2.27",
                    "result": null,
                    "method": "blacklist",
                    "engine_update": "20220413"
                },
                "Sangfor": {
                    "category": "undetected",
                    "engine_name": "Sangfor",
                    "engine_version": "2.9.0.0",
                    "result": null,
                    "method": "blacklist",
                    "engine_update": "20220409"
                },
                "Trustlook": {
                    "category": "undetected",
                    "engine_name": "Trustlook",
                    "engine_version": "1.0",
                    "result": null,
                    "method": "blacklist",
                    "engine_update": "20220413"
                },
                "BitDefender": {
                    "category": "undetected",
                    "engine_name": "BitDefender",
                    "engine_version": "7.2",
                    "result": null,
                    "method": "blacklist",
                    "engine_update": "20220413"
                },
                "K7GW": {
                    "category": "malicious",
                    "engine_name": "K7GW",
                    "engine_version": "12.6.41812",
                    "result": "Adware ( 005321b21 )",
                    "method": "blacklist",
                    "engine_update": "20220413"
                },
                "K7AntiVirus": {
                    "category": "undetected",
                    "engine_name": "K7AntiVirus",
                    "engine_version": "12.6.41811",
                    "result": null,
                    "method": "blacklist",
                    "engine_update": "20220413"
                },
                "Arcabit": {
                    "category": "undetected",
                    "engine_name": "Arcabit",
                    "engine_version": "1.0.0.889",
                    "result": null,
                    "method": "blacklist",
                    "engine_update": "20220412"
                },
                "BitDefenderTheta": {
                    "category": "undetected",
                    "engine_name": "BitDefenderTheta",
                    "engine_version": "7.2.37796.0",
                    "result": null,
                    "method": "blacklist",
                    "engine_update": "20220412"
                },
                "VirIT": {
                    "category": "undetected",
                    "engine_name": "VirIT",
                    "engine_version": "9.5.174",
                    "result": null,
                    "method": "blacklist",
                    "engine_update": "20220412"
                },
                "Cyren": {
                    "category": "undetected",
                    "engine_name": "Cyren",
                    "engine_version": "6.5.1.2",
                    "result": null,
                    "method": "blacklist",
                    "engine_update": "20220413"
                },
                "SymantecMobileInsight": {
                    "category": "malicious",
                    "engine_name": "SymantecMobileInsight",
                    "engine_version": "2.0",
                    "result": "AdLibrary:Generisk",
                    "method": "blacklist",
                    "engine_update": "20220208"
                },
                "Symantec": {
                    "category": "undetected",
                    "engine_name": "Symantec",
                    "engine_version": "1.17.0.0",
                    "result": null,
                    "method": "blacklist",
                    "engine_update": "20220413"
                },
                "tehtris": {
                    "category": "type-unsupported",
                    "engine_name": "tehtris",
                    "engine_version": null,
                    "result": null,
                    "method": "blacklist",
                    "engine_update": "20220413"
                },
                "ESET-NOD32": {
                    "category": "malicious",
                    "engine_name": "ESET-NOD32",
                    "engine_version": "25098",
                    "result": "a variant of Android/Packed.Jiagu.D potentially unsafe",
                    "method": "blacklist",
                    "engine_update": "20220413"
                },
                "APEX": {
                    "category": "type-unsupported",
                    "engine_name": "APEX",
                    "engine_version": "6.281",
                    "result": null,
                    "method": "blacklist",
                    "engine_update": "20220413"
                },
                "TrendMicro-HouseCall": {
                    "category": "undetected",
                    "engine_name": "TrendMicro-HouseCall",
                    "engine_version": "10.0.0.1040",
                    "result": null,
                    "method": "blacklist",
                    "engine_update": "20220413"
                },
                "Avast": {
                    "category": "undetected",
                    "engine_name": "Avast",
                    "engine_version": "21.1.5827.0",
                    "result": null,
                    "method": "blacklist",
                    "engine_update": "20220413"
                },
                "ClamAV": {
                    "category": "undetected",
                    "engine_name": "ClamAV",
                    "engine_version": "0.104.2.0",
                    "result": null,
                    "method": "blacklist",
                    "engine_update": "20220412"
                },
                "Kaspersky": {
                    "category": "undetected",
                    "engine_name": "Kaspersky",
                    "engine_version": "21.0.1.45",
                    "result": null,
                    "method": "blacklist",
                    "engine_update": "20220413"
                },
                "Alibaba": {
                    "category": "undetected",
                    "engine_name": "Alibaba",
                    "engine_version": "0.3.0.5",
                    "result": null,
                    "method": "blacklist",
                    "engine_update": "20190527"
                },
                "NANO-Antivirus": {
                    "category": "undetected",
                    "engine_name": "NANO-Antivirus",
                    "engine_version": "1.0.146.25576",
                    "result": null,
                    "method": "blacklist",
                    "engine_update": "20220413"
                },
                "Cynet": {
                    "category": "type-unsupported",
                    "engine_name": "Cynet",
                    "engine_version": "4.0.0.27",
                    "result": null,
                    "method": "blacklist",
                    "engine_update": "20220413"
                },
                "ViRobot": {
                    "category": "undetected",
                    "engine_name": "ViRobot",
                    "engine_version": "2014.3.20.0",
                    "result": null,
                    "method": "blacklist",
                    "engine_update": "20220413"
                },
                "Rising": {
                    "category": "undetected",
                    "engine_name": "Rising",
                    "engine_version": "25.0.0.27",
                    "result": null,
                    "method": "blacklist",
                    "engine_update": "20220413"
                },
                "Ad-Aware": {
                    "category": "undetected",
                    "engine_name": "Ad-Aware",
                    "engine_version": "3.0.21.193",
                    "result": null,
                    "method": "blacklist",
                    "engine_update": "20220413"
                },
                "Sophos": {
                    "category": "undetected",
                    "engine_name": "Sophos",
                    "engine_version": "1.4.1.0",
                    "result": null,
                    "method": "blacklist",
                    "engine_update": "20220413"
                },
                "Comodo": {
                    "category": "undetected",
                    "engine_name": "Comodo",
                    "engine_version": "34526",
                    "result": null,
                    "method": "blacklist",
                    "engine_update": "20220413"
                },
                "F-Secure": {
                    "category": "undetected",
                    "engine_name": "F-Secure",
                    "engine_version": "12.0.86.52",
                    "result": null,
                    "method": "blacklist",
                    "engine_update": "20220413"
                },
                "Baidu": {
                    "category": "undetected",
                    "engine_name": "Baidu",
                    "engine_version": "1.0.0.2",
                    "result": null,
                    "method": "blacklist",
                    "engine_update": "20190318"
                },
                "Zillya": {
                    "category": "malicious",
                    "engine_name": "Zillya",
                    "engine_version": "2.0.0.4611",
                    "result": "Trojan.Ewind.Android.782",
                    "method": "blacklist",
                    "engine_update": "20220413"
                },
                "TrendMicro": {
                    "category": "undetected",
                    "engine_name": "TrendMicro",
                    "engine_version": "11.0.0.1006",
                    "result": null,
                    "method": "blacklist",
                    "engine_update": "20220413"
                },
                "McAfee-GW-Edition": {
                    "category": "undetected",
                    "engine_name": "McAfee-GW-Edition",
                    "engine_version": "v2019.1.2+3728",
                    "result": null,
                    "method": "blacklist",
                    "engine_update": "20220413"
                },
                "SentinelOne": {
                    "category": "type-unsupported",
                    "engine_name": "SentinelOne",
                    "engine_version": "22.2.1.2",
                    "result": null,
                    "method": "blacklist",
                    "engine_update": "20220330"
                },
                "Trapmine": {
                    "category": "type-unsupported",
                    "engine_name": "Trapmine",
                    "engine_version": "3.5.45.75",
                    "result": null,
                    "method": "blacklist",
                    "engine_update": "20220217"
                },
                "CMC": {
                    "category": "undetected",
                    "engine_name": "CMC",
                    "engine_version": "2.10.2019.1",
                    "result": null,
                    "method": "blacklist",
                    "engine_update": "20211026"
                },
                "Emsisoft": {
                    "category": "undetected",
                    "engine_name": "Emsisoft",
                    "engine_version": "2021.5.0.7597",
                    "result": null,
                    "method": "blacklist",
                    "engine_update": "20220413"
                },
                "Paloalto": {
                    "category": "type-unsupported",
                    "engine_name": "Paloalto",
                    "engine_version": "0.9.0.1003",
                    "result": null,
                    "method": "blacklist",
                    "engine_update": "20220413"
                },
                "Avast-Mobile": {
                    "category": "undetected",
                    "engine_name": "Avast-Mobile",
                    "engine_version": "220413-00",
                    "result": null,
                    "method": "blacklist",
                    "engine_update": "20220413"
                },
                "Jiangmin": {
                    "category": "malicious",
                    "engine_name": "Jiangmin",
                    "engine_version": "16.0.100",
                    "result": "Trojan.Generic.gwslx",
                    "method": "blacklist",
                    "engine_update": "20220412"
                },
                "Webroot": {
                    "category": "type-unsupported",
                    "engine_name": "Webroot",
                    "engine_version": "1.0.0.403",
                    "result": null,
                    "method": "blacklist",
                    "engine_update": "20220413"
                },
                "Avira": {
                    "category": "undetected",
                    "engine_name": "Avira",
                    "engine_version": "8.3.3.14",
                    "result": null,
                    "method": "blacklist",
                    "engine_update": "20220413"
                },
                "Antiy-AVL": {
                    "category": "undetected",
                    "engine_name": "Antiy-AVL",
                    "engine_version": "3.0.0.1",
                    "result": null,
                    "method": "blacklist",
                    "engine_update": "20220413"
                },
                "Kingsoft": {
                    "category": "undetected",
                    "engine_name": "Kingsoft",
                    "engine_version": "2017.9.26.565",
                    "result": null,
                    "method": "blacklist",
                    "engine_update": "20220413"
                },
                "Gridinsoft": {
                    "category": "undetected",
                    "engine_name": "Gridinsoft",
                    "engine_version": "1.0.75.174",
                    "result": null,
                    "method": "blacklist",
                    "engine_update": "20220413"
                },
                "Microsoft": {
                    "category": "undetected",
                    "engine_name": "Microsoft",
                    "engine_version": "1.1.19100.5",
                    "result": null,
                    "method": "blacklist",
                    "engine_update": "20220413"
                },
                "SUPERAntiSpyware": {
                    "category": "undetected",
                    "engine_name": "SUPERAntiSpyware",
                    "engine_version": "5.6.0.1032",
                    "result": null,
                    "method": "blacklist",
                    "engine_update": "20220409"
                },
                "ZoneAlarm": {
                    "category": "undetected",
                    "engine_name": "ZoneAlarm",
                    "engine_version": "1.0",
                    "result": null,
                    "method": "blacklist",
                    "engine_update": "20220413"
                },
                "GData": {
                    "category": "undetected",
                    "engine_name": "GData",
                    "engine_version": "A:25.32792B:27.27008",
                    "result": null,
                    "method": "blacklist",
                    "engine_update": "20220413"
                },
                "TACHYON": {
                    "category": "undetected",
                    "engine_name": "TACHYON",
                    "engine_version": "2022-04-13.02",
                    "result": null,
                    "method": "blacklist",
                    "engine_update": "20220413"
                },
                "BitDefenderFalx": {
                    "category": "undetected",
                    "engine_name": "BitDefenderFalx",
                    "engine_version": "2.0.936",
                    "result": null,
                    "method": "blacklist",
                    "engine_update": "20220103"
                },
                "AhnLab-V3": {
                    "category": "undetected",
                    "engine_name": "AhnLab-V3",
                    "engine_version": "3.21.3.10230",
                    "result": null,
                    "method": "blacklist",
                    "engine_update": "20220413"
                },
                "Acronis": {
                    "category": "undetected",
                    "engine_name": "Acronis",
                    "engine_version": "1.2.0.88",
                    "result": null,
                    "method": "blacklist",
                    "engine_update": "20220411"
                },
                "McAfee": {
                    "category": "undetected",
                    "engine_name": "McAfee",
                    "engine_version": "6.0.6.653",
                    "result": null,
                    "method": "blacklist",
                    "engine_update": "20220413"
                },
                "MAX": {
                    "category": "undetected",
                    "engine_name": "MAX",
                    "engine_version": "2019.9.16.1",
                    "result": null,
                    "method": "blacklist",
                    "engine_update": "20220413"
                },
                "VBA32": {
                    "category": "undetected",
                    "engine_name": "VBA32",
                    "engine_version": "5.0.0",
                    "result": null,
                    "method": "blacklist",
                    "engine_update": "20220412"
                },
                "Cylance": {
                    "category": "undetected",
                    "engine_name": "Cylance",
                    "engine_version": "2.3.1.101",
                    "result": null,
                    "method": "blacklist",
                    "engine_update": "20220413"
                },
                "Zoner": {
                    "category": "undetected",
                    "engine_name": "Zoner",
                    "engine_version": "2.2.2.0",
                    "result": null,
                    "method": "blacklist",
                    "engine_update": "20220412"
                },
                "Tencent": {
                    "category": "undetected",
                    "engine_name": "Tencent",
                    "engine_version": "1.0.0.1",
                    "result": null,
                    "method": "blacklist",
                    "engine_update": "20220413"
                },
                "Yandex": {
                    "category": "malicious",
                    "engine_name": "Yandex",
                    "engine_version": "5.5.2.24",
                    "result": "Trojan.Etecer.bUB6gd.23",
                    "method": "blacklist",
                    "engine_update": "20220413"
                },
                "Ikarus": {
                    "category": "malicious",
                    "engine_name": "Ikarus",
                    "engine_version": "6.0.22.0",
                    "result": "PUA.AndroidOS.Jiagu",
                    "method": "blacklist",
                    "engine_update": "20220412"
                },
                "MaxSecure": {
                    "category": "undetected",
                    "engine_name": "MaxSecure",
                    "engine_version": "1.0.0.1",
                    "result": null,
                    "method": "blacklist",
                    "engine_update": "20220412"
                },
                "Fortinet": {
                    "category": "malicious",
                    "engine_name": "Fortinet",
                    "engine_version": "6.2.142.0",
                    "result": "Riskware/PackagingUntrustworthyJiagu!Android",
                    "method": "blacklist",
                    "engine_update": "20220413"
                },
                "Cybereason": {
                    "category": "type-unsupported",
                    "engine_name": "Cybereason",
                    "engine_version": "1.2.449",
                    "result": null,
                    "method": "blacklist",
                    "engine_update": "20210330"
                },
                "Panda": {
                    "category": "undetected",
                    "engine_name": "Panda",
                    "engine_version": "4.6.4.2",
                    "result": null,
                    "method": "blacklist",
                    "engine_update": "20220412"
                },
                "CrowdStrike": {
                    "category": "type-unsupported",
                    "engine_name": "CrowdStrike",
                    "engine_version": "1.0",
                    "result": null,
                    "method": "blacklist",
                    "engine_update": null
                }
            },
            "sha256": "000346f87d850bb9f756009d54fdcdd6f3944a597946d84bd7f596d96b883a2f",
            "type_extension": "apk",
            "tags": [
                "apk",
                "android",
                "contains-elf"
            ],
            "last_analysis_date": 1649842388,
            "unique_sources": 3,
            "first_submission_date": 1595886286,
            "sha1": "8ac20373f310ebbe59c55cebc9c61f49fb1084e9",
            "ssdeep": "393216:2ynytbYuNbxIaw6JCflm+gc+oCUWtgxDPo58WS9TmFx/9Wc3kmMSWbgzc:2ysdVCf4+gcbGu48WSpWjc",
            "bundle_info": {
                "highest_datetime": "2020-07-24 16:27:00",
                "lowest_datetime": "1980-00-00 00:00:00",
                "num_children": 2644,
                "extensions": {
                    "xml": 111,
                    "dex": 1,
                    "cur": 2,
                    "zip": 1,
                    "svg": 9,
                    "pro": 3,
                    "gz": 1,
                    "js": 8,
                    "gif": 1,
                    "so": 14,
                    "css": 1,
                    "pdf": 1,
                    "ttf": 1,
                    "png": 150
                },
                "file_types": {
                    "XML": 120,
                    "DEX": 1,
                    "ZIP": 1,
                    "unknown": 712,
                    "ELF": 14,
                    "GIF": 1,
                    "PDF": 1,
                    "PNG": 150
                },
                "type": "APK",
                "uncompressed_size": 20590056
            },
            "packers": {
                "F-PROT": "appended, UTF-8, packed"
            },
            "md5": "d9290e3d62d7f440cf16b49e420415cd",
            "androguard": {
                "VTAndroidInfo": 2.0,
                "AndroidApplicationError": false,
                "MinSdkVersion": "21",
                "AndroguardVersion": "3.4.0a1",
                "Activities": [
                    "cn.com.vau.page.start.SplashActivity",
                    "com.alibaba.sdk.android.push.keeplive.PushExtActivity",
                    "com.facebook.FacebookActivity",
                    "com.facebook.CustomTabActivity",
                    "cn.com.vau.page.start.WelcomeActivity",
                    "cn.com.vau.MainActivity",
                    "cn.com.vau.page.user.login.LoginActivity",
                    "cn.com.vau.page.user.loginPwd.LoginPwdActivity",
                    "cn.com.vau.page.coupon.couponUse.CouponUseActivity",
                    "cn.com.vau.page.coupon.couponExchange.CouponExchangeActivity",
                    "cn.com.vau.page.coupon.couponManager.CouponManagerActivity",
                    "cn.com.vau.page.user.openAccountFirstSecondCIMA.OpenAccountFirstSecondCIMAActivity",
                    "cn.com.vau.page.user.register.RegisterThirdActivity",
                    "cn.com.vau.page.user.register.RegisterSecondActivity",
                    "cn.com.vau.page.user.uploadAddressPhoto.UploadAddressPhotoActivity",
                    "cn.com.vau.page.user.selectAccountControl.SelectAccountControlActivity",
                    "cn.com.vau.profile.activity.ChartsActivity",
                    "cn.com.vau.page.user.bindEmail.BindEmailActivity",
                    "cn.com.vau.page.deposit.payToDay.PayToDayActivity",
                    "cn.com.vau.page.user.register.RegisterFirstActivity",
                    "cn.com.vau.home.activity.EventsActivity",
                    "cn.com.vau.home.activity.NewActivitiesActivity",
                    "cn.com.vau.home.activity.NewActivitiesExtractActivity",
                    "cn.com.vau.home.activity.DailyStrategyActivity",
                    "cn.com.vau.home.activity.CustomAttentionActivity",
                    "cn.com.vau.trade.activity.ManageSymbolsActivity",
                    "cn.com.vau.page.user.loginBind.LoginBindActivity",
                    "cn.com.vau.page.msg.activity.msg.MsgActivity",
                    "cn.com.vau.page.msg.activity.customerService.CustomerServiceActivity",
                    "cn.com.vau.page.user.forgotPwdFirst.ForgotPwdFirstActivity",
                    "cn.com.vau.page.user.forgotPwdSecond.ForgotPwdSecondActivity",
                    "cn.com.vau.page.msg.activity.artificialService.ArtificialServiceActivity",
                    "cn.com.vau.page.user.accountManager.AccountManagerActivity",
                    "cn.com.vau.page.common.selectArea.SelectAreaCodeActivity",
                    "cn.com.vau.trade.activity.SearchActivity",
                    "cn.com.vau.trade.activity.SearchProductActivity",
                    "cn.com.vau.trade.activity.ContractAttrActivity",
                    "cn.com.vau.trade.activity.PublishRemindActivity",
                    "cn.com.vau.home.activity.CalendarActivity",
                    "cn.com.vau.home.activity.FiltersActivity",
                    "cn.com.vau.home.activity.EconomicCalendarActivity",
                    "cn.com.vau.signals.activity.personalInfo.PersonalInfoKt",
                    "cn.com.vau.signals.activity.ModifyInfoActivity",
                    "cn.com.vau.page.user.openSameNameAccount.OpenSameNameAccountActivity",
                    "cn.com.vau.page.user.leverage.LeverageActivity",
                    "cn.com.vau.page.user.leverageInformation.LeverageInformationActivity",
                    "cn.com.vau.page.photoPreview.PhotoActivity",
                    "cn.com.vau.webtv.activity.VideoDetailsActivity",
                    "cn.com.vau.profile.activity.accountSummary.AccountSummaryActivity",
                    "cn.com.vau.profile.activity.accountSummary.AccountSummaryKt",
                    "cn.com.vau.profile.activity.manageFunds.ManageFundsActivity",
                    "cn.com.vau.page.html.HtmlActivity",
                    "cn.com.vau.profile.activity.manageFundsDetails.ManageFundsDetailsActivity",
                    "cn.com.vau.profile.activity.withdrawal.WithdrawalActivity",
                    "cn.com.vau.profile.activity.WithdrawalDisclaimerActivity",
                    "cn.com.vau.profile.activity.withdrawalProcess.WithdrawalProcessActivity",
                    "cn.com.vau.profile.activity.inputPWD.InputPWDActivity",
                    "cn.com.vau.page.common.selectNation.SelectNationActivity",
                    "cn.com.vau.page.user.openAcountFirst.OpenAccountFirstActivity",
                    "cn.com.vau.page.user.openAcountSecond.OpenAccountSecondAustralianActivity",
                    "cn.com.vau.page.user.openAcountThird.OpenAccountThirdActivity",
                    "cn.com.vau.page.user.openAcountForth.OpenAccountForthActivity",
                    "cn.com.vau.page.user.openAcountFifth.OpenAccountFifthActivity",
                    "cn.com.vau.profile.activity.commissionManage.CommissionManageActivity",
                    "cn.com.vau.profile.activity.securitySettings.SecuritySettingsActivity",
                    "cn.com.vau.profile.activity.changePhoneNumber.ChangePhoneNumberActivity",
                    "cn.com.vau.profile.activity.changeLoginPWD.ChangeLoginPWDActivity",
                    "cn.com.vau.profile.activity.changeSecurityPWD.ChangeSecurityPWDActivity",
                    "cn.com.vau.page.common.selectResidence.activity.SelectResidenceActivity",
                    "cn.com.vau.page.common.selectResidence.activity.SelectProvinceActivity",
                    "cn.com.vau.page.common.selectResidence.activity.SelectCityActivity",
                    "cn.com.vau.profile.activity.addOrForgotSecurityPWD.AddOrForgotSecurityPWDActivity",
                    "cn.com.vau.profile.activity.iBLevel.IBLevelActivity",
                    "cn.com.vau.profile.activity.iBLevel.IBLevelKt",
                    "cn.com.vau.profile.activity.iBClients.IBClientsActivity",
                    "cn.com.vau.profile.activity.iBCommission.IBCommissionActivity",
                    "cn.com.vau.profile.activity.iBCommissionDetails.IBCommissionDetailsActivity",
                    "cn.com.vau.page.user.transfer.TransferActivity",
                    "cn.com.vau.trade.activity.NewOrderActivity",
                    "cn.com.vau.page.setting.SettingActivity",
                    "cn.com.vau.trade.activity.ProductListActivity",
                    "cn.com.vau.trade.activity.ProductDetailsActivity",
                    "cn.com.vau.trade.activity.HKLineChartActivity",
                    "cn.com.vau.profile.activity.invitations.InvitationsActivity",
                    "cn.com.vau.profile.activity.AboutUsActivity",
                    "cn.com.vau.trade.activity.CloseOrderActivity",
                    "cn.com.vau.trade.activity.SetStoplossTakeprofitActivity",
                    "cn.com.vau.trade.activity.ModifyOrderActivity",
                    "cn.com.vau.page.deposit.DepositActivity",
                    "cn.com.vau.page.common.selectNationSearch.SelectNationSearchActivity",
                    "cn.com.vau.page.user.transferHint.TransferHintActivity",
                    "cn.com.vau.page.deposit.bankWireTranfer.BankWireTransferActivity",
                    "cn.com.vau.page.deposit.credictManager.CreditManagerActivity",
                    "cn.com.vau.page.deposit.addCredit.AddCreditActivity",
                    "cn.com.vau.page.deposit.uploadCreditImage.UploadCreditImageActivity",
                    "cn.com.vau.page.deposit.selectCredit.SelectCreditActivity",
                    "cn.com.vau.page.user.question.QuestionActivity",
                    "cn.com.vau.page.deposit.bankWireTransferAUD.BankWireTransferAUDActivity",
                    "cn.com.vau.page.user.openAccountSecondOrther.OpenAccountSecondOtherActivity",
                    "cn.com.vau.page.msg.activity.customerService.CustomServiceKt"
                ],
                "certificate": {
                    "Subject": {
                        "DN": "C:200000, CN:vay, L:ShangHai, O:vt, ST:ShangHai, OU:vt",
                        "C": "200000",
                        "CN": "vay",
                        "L": "ShangHai",
                        "O": "vt",
                        "ST": "ShangHai",
                        "OU": "vt"
                    },
                    "validto": "2068-11-13 02:23:57",
                    "serialnumber": "6927a68f",
                    "thumbprint": "d1994dfe93950dbf4c3949cf5e104c772bb7fe61",
                    "validfrom": "2018-11-26 02:23:57",
                    "Issuer": {
                        "DN": "C:200000, CN:vay, L:ShangHai, O:vt, ST:ShangHai, OU:vt",
                        "C": "200000",
                        "CN": "vay",
                        "L": "ShangHai",
                        "O": "vt",
                        "ST": "ShangHai",
                        "OU": "vt"
                    }
                },
                "AndroidApplication": 1,
                "RiskIndicator": {
                    "APK": {
                        "ZIP": 1,
                        "SHARED LIBRARIES": 4
                    },
                    "PERM": {
                        "DEVELOPMENT": 1,
                        "INSTANT": 4,
                        "PRE23": 2,
                        "APPOP": 3,
                        "NORMAL": 11,
                        "SYSTEM": 1,
                        "DANGEROUS": 2,
                        "PREINSTALLED": 2,
                        "SIGNATURE": 4,
                        "INTERNET": 1,
                        "PRIVACY": 3
                    }
                },
                "Services": [
                    "com.alibaba.sdk.android.push.MsgService",
                    "com.alibaba.sdk.android.push.channel.CheckService",
                    "com.taobao.accs.ChannelService",
                    "com.taobao.accs.ChannelService$KernelService",
                    "com.taobao.accs.data.MsgDistributeService",
                    "org.android.agoo.accs.AgooService",
                    "com.alibaba.sdk.android.push.AliyunPushIntentService",
                    "com.alibaba.sdk.android.push.channel.TaobaoRecvService",
                    "com.taobao.accs.internal.AccsJobService",
                    "com.alibaba.sdk.android.push.channel.KeepChannelService",
                    "com.zopim.android.sdk.widget.ChatWidgetService",
                    "com.zopim.android.sdk.api.ChatService",
                    "com.google.firebase.components.ComponentDiscoveryService",
                    "com.google.firebase.iid.FirebaseInstanceIdService",
                    "com.google.android.gms.measurement.AppMeasurementService",
                    "com.google.android.gms.measurement.AppMeasurementJobService"
                ],
                "AndroidVersionCode": "33",
                "main_activity": "cn.com.vau.page.start.SplashActivity",
                "Package": "cn.com.vau",
                "intent_filters": {
                    "Services": {
                        "com.alibaba.sdk.android.push.channel.CheckService": {
                            "action": [
                                "com.alibaba.sdk.android.push.CHECK_SERVICE"
                            ]
                        },
                        "com.alibaba.sdk.android.push.MsgService": {
                            "action": [
                                "com.alibaba.sdk.android.push.NOTIFY_ACTION"
                            ]
                        },
                        "com.alibaba.sdk.android.push.AliyunPushIntentService": {
                            "action": [
                                "org.agoo.android.intent.action.RECEIVE"
                            ]
                        },
                        "com.taobao.accs.ChannelService": {
                            "action": [
                                "com.taobao.accs.intent.action.SERVICE"
                            ]
                        },
                        "com.google.firebase.iid.FirebaseInstanceIdService": {
                            "action": [
                                "com.google.firebase.INSTANCE_ID_EVENT"
                            ]
                        },
                        "com.taobao.accs.data.MsgDistributeService": {
                            "action": [
                                "com.taobao.accs.intent.action.RECEIVE"
                            ]
                        },
                        "org.android.agoo.accs.AgooService": {
                            "action": [
                                "com.taobao.accs.intent.action.RECEIVE"
                            ]
                        },
                        "com.alibaba.sdk.android.push.channel.TaobaoRecvService": {
                            "action": [
                                "org.android.agoo.client.MessageReceiverService"
                            ]
                        }
                    },
                    "Activities": {
                        "com.zopim.android.sdk.prechat.ZopimChatActivity": {
                            "action": [
                                "zopim.action.RESUME_CHAT"
                            ],
                            "category": [
                                "android.intent.category.DEFAULT"
                            ]
                        },
                        "com.facebook.CustomTabActivity": {
                            "action": [
                                "android.intent.action.VIEW"
                            ],
                            "category": [
                                "android.intent.category.DEFAULT",
                                "android.intent.category.BROWSABLE"
                            ]
                        },
                        "cn.com.vau.page.start.SplashActivity": {
                            "action": [
                                "android.intent.action.MAIN",
                                "android.intent.action.VIEW"
                            ],
                            "category": [
                                "android.intent.category.LAUNCHER",
                                "android.intent.category.DEFAULT",
                                "android.intent.category.BROWSABLE"
                            ]
                        }
                    },
                    "Receivers": {
                        "com.taobao.accs.ServiceReceiver": {
                            "action": [
                                "com.taobao.accs.intent.action.COMMAND",
                                "com.taobao.accs.intent.action.START_FROM_AGOO"
                            ]
                        },
                        "com.taobao.accs.EventReceiver": {
                            "action": [
                                "android.intent.action.BOOT_COMPLETED",
                                "android.net.conn.CONNECTIVITY_CHANGE",
                                "android.intent.action.PACKAGE_REMOVED",
                                "android.intent.action.USER_PRESENT"
                            ]
                        },
                        "com.google.firebase.iid.FirebaseInstanceIdReceiver": {
                            "action": [
                                "com.google.android.c2dm.intent.RECEIVE"
                            ]
                        },
                        "com.alibaba.sdk.android.push.SystemEventReceiver": {
                            "action": [
                                "android.intent.action.MEDIA_MOUNTED",
                                "android.intent.action.ACTION_POWER_CONNECTED",
                                "android.intent.action.ACTION_POWER_DISCONNECTED"
                            ]
                        },
                        "com.facebook.CurrentAccessTokenExpirationBroadcastReceiver": {
                            "action": [
                                "com.facebook.sdk.ACTION_CURRENT_ACCESS_TOKEN_CHANGED"
                            ]
                        },
                        "com.google.android.gms.measurement.AppMeasurementInstallReferrerReceiver": {
                            "action": [
                                "com.android.vending.INSTALL_REFERRER"
                            ]
                        },
                        "com.appsflyer.SingleInstallBroadcastReceiver": {
                            "action": [
                                "com.android.vending.INSTALL_REFERRER"
                            ]
                        },
                        "com.taobao.agoo.AgooCommondReceiver": {
                            "action": [
                                "cn.com.vau.intent.action.COMMAND",
                                "android.intent.action.PACKAGE_REMOVED"
                            ]
                        },
                        "cn.com.vau.common.push.MyAliPushReceiver": {
                            "action": [
                                "com.alibaba.push2.action.NOTIFICATION_OPENED",
                                "com.alibaba.push2.action.NOTIFICATION_REMOVED",
                                "com.alibaba.sdk.android.push.RECEIVE"
                            ]
                        }
                    }
                },
                "AndroidVersionName": "1.3.7",
                "TargetSdkVersion": "28",
                "AndroidApplicationInfo": "APK",
                "Providers": [
                    "android.support.v4.content.FileProvider",
                    "com.facebook.FacebookContentProvider",
                    "com.luck.picture.lib.PictureFileProvider",
                    "com.zendesk.belvedere.BelvedereFileProvider",
                    "com.google.firebase.provider.FirebaseInitProvider",
                    "com.crashlytics.android.CrashlyticsInitProvider",
                    "android.arch.lifecycle.ProcessLifecycleOwnerInitializer",
                    "com.facebook.internal.FacebookInitProvider"
                ],
                "permission_details": {
                    "android.permission.CHANGE_NETWORK_STATE": {
                        "short_description": "change network connectivity",
                        "full_description": "Allows the app to change the state of network connectivity.",
                        "permission_type": "normal"
                    },
                    "android.permission.BROADCAST_PACKAGE_CHANGED": {
                        "short_description": "Unknown permission from android reference",
                        "full_description": "Unknown permission from android reference",
                        "permission_type": "normal"
                    },
                    "android.permission.ACCESS_WIFI_STATE": {
                        "short_description": "view Wi-Fi connections",
                        "full_description": "Allows the app to view information\n      about Wi-Fi networking, such as whether Wi-Fi is enabled and name of\n      connected Wi-Fi devices.",
                        "permission_type": "normal"
                    },
                    "android.permission.INTERNET": {
                        "short_description": "have full network access",
                        "full_description": "Allows the app to create\n     network sockets and use custom network protocols. The browser and other\n     applications provide means to send data to the internet, so this\n     permission is not required to send data to the internet.",
                        "permission_type": "normal|instant"
                    },
                    "android.permission.REQUEST_INSTALL_PACKAGES": {
                        "short_description": "request install packages",
                        "full_description": "Allows an application to request installation of packages.",
                        "permission_type": "signature|appop"
                    },
                    "android.permission.TYPE_APPLICATION_OVERLAY": {
                        "short_description": "Unknown permission from android reference",
                        "full_description": "Unknown permission from android reference",
                        "permission_type": "normal"
                    },
                    "android.permission.REORDER_TASKS": {
                        "short_description": "reorder running apps",
                        "full_description": "Allows the app to move tasks to the\n      foreground and background.  The app may do this without your input.",
                        "permission_type": "normal"
                    },
                    "com.google.android.c2dm.permission.RECEIVE": {
                        "short_description": "Unknown permission from android reference",
                        "full_description": "Unknown permission from android reference",
                        "permission_type": "normal"
                    },
                    "android.permission.ACCESS_NETWORK_STATE": {
                        "short_description": "view network connections",
                        "full_description": "Allows the app to view\n      information about network connections such as which networks exist and are\n      connected.",
                        "permission_type": "normal|instant"
                    },
                    "android.permission.GET_TASKS": {
                        "short_description": "retrieve running apps",
                        "full_description": "Allows the app to retrieve information\n       about currently and recently running tasks.  This may allow the app to\n       discover information about which applications are used on the device.",
                        "permission_type": "normal"
                    },
                    "android.permission.WRITE_EXTERNAL_STORAGE": {
                        "short_description": "modify or delete the contents of your SD card",
                        "full_description": "Allows the app to write to the SD card.",
                        "permission_type": "dangerous"
                    },
                    "android.permission.BROADCAST_PACKAGE_REPLACED": {
                        "short_description": "Unknown permission from android reference",
                        "full_description": "Unknown permission from android reference",
                        "permission_type": "normal"
                    },
                    "android.permission.READ_EXTERNAL_STORAGE": {
                        "short_description": "read the contents of your SD card",
                        "full_description": "Allows the app to read the contents of your SD card.",
                        "permission_type": "dangerous"
                    },
                    "android.permission.RECEIVE_BOOT_COMPLETED": {
                        "short_description": "run at startup",
                        "full_description": "Allows the app to\n        have itself started as soon as the system has finished booting.\n        This can make it take longer to start the phone and allow the\n        app to slow down the overall phone by always running.",
                        "permission_type": "normal"
                    },
                    "android.permission.WRITE_SETTINGS": {
                        "short_description": "modify system settings",
                        "full_description": "Allows the app to modify the\n        system's settings data. Malicious apps may corrupt your system's\n        configuration.",
                        "permission_type": "signature|preinstalled|appop|pre23"
                    },
                    "android.permission.READ_PHONE_STATE": {
                        "short_description": "read phone status and identity",
                        "full_description": "Allows the app to access the phone\n      features of the device.  This permission allows the app to determine the\n      phone number and device IDs, whether a call is active, and the remote number\n      connected by a call.",
                        "permission_type": "dangerous"
                    },
                    "android.permission.FOREGROUND_SERVICE": {
                        "short_description": "run foreground service",
                        "full_description": "Allows the app to make use of foreground services.",
                        "permission_type": "normal|instant"
                    },
                    "android.permission.VIBRATE": {
                        "short_description": "control vibration",
                        "full_description": "Allows the app to control the vibrator.",
                        "permission_type": "normal|instant"
                    },
                    "android.permission.SYSTEM_ALERT_WINDOW": {
                        "short_description": "This app can appear on top of other apps",
                        "full_description": "This app can appear on top of other apps or other parts of the screen. This may interfere with normal app usage and change the way that other apps appear.",
                        "permission_type": "signature|preinstalled|appop|pre23|development"
                    },
                    "android.permission.CAMERA": {
                        "short_description": "take pictures and videos",
                        "full_description": "This app can take pictures and record videos using the camera at any time.",
                        "permission_type": "dangerous|instant"
                    },
                    "android.permission.WAKE_LOCK": {
                        "short_description": "prevent phone from sleeping",
                        "full_description": "Allows the app to prevent the phone from going to sleep.",
                        "permission_type": "normal|instant"
                    },
                    "android.permission.CHANGE_WIFI_STATE": {
                        "short_description": "connect and disconnect from Wi-Fi",
                        "full_description": "Allows the app to connect to and\n      disconnect from Wi-Fi access points and to make changes to device\n      configuration for Wi-Fi networks.",
                        "permission_type": "normal"
                    },
                    "com.google.android.finsky.permission.BIND_GET_INSTALL_REFERRER_SERVICE": {
                        "short_description": "Unknown permission from android reference",
                        "full_description": "Unknown permission from android reference",
                        "permission_type": "normal"
                    },
                    "android.permission.MOUNT_UNMOUNT_FILESYSTEMS": {
                        "short_description": "access SD Card filesystem",
                        "full_description": "Allows the app to mount and\n        unmount filesystems for removable storage.",
                        "permission_type": "system|signature"
                    },
                    "android.permission.RESTART_PACKAGES": {
                        "short_description": "close other apps",
                        "full_description": "Allows the app to end\n      background processes of other apps.  This may cause other apps to stop\n      running.",
                        "permission_type": "normal"
                    },
                    "android.permission.GET_ACCOUNTS": {
                        "short_description": "find accounts on the device",
                        "full_description": "Allows the app to get\n      the list of accounts known by the phone.  This may include any accounts\n      created by applications you have installed.",
                        "permission_type": "dangerous"
                    }
                },
                "Receivers": [
                    "com.taobao.accs.EventReceiver",
                    "com.taobao.accs.ServiceReceiver",
                    "com.taobao.agoo.AgooCommondReceiver",
                    "com.alibaba.sdk.android.push.SystemEventReceiver",
                    "cn.com.vau.common.push.MyAliPushReceiver",
                    "com.appsflyer.SingleInstallBroadcastReceiver",
                    "com.google.firebase.iid.FirebaseInstanceIdReceiver",
                    "com.google.android.gms.measurement.AppMeasurementReceiver",
                    "com.google.android.gms.measurement.AppMeasurementInstallReferrerReceiver",
                    "com.facebook.CurrentAccessTokenExpirationBroadcastReceiver"
                ]
            },
            "magic": "Zip archive data, at least v2.0 to extract",
            "last_analysis_stats": {
                "harmless": 0,
                "type-unsupported": 9,
                "suspicious": 0,
                "confirmed-timeout": 0,
                "timeout": 0,
                "failure": 0,
                "malicious": 8,
                "undetected": 56
            },
            "meaningful_name": "JP4AdqR2AUt6yPLC5vgq20200730-83700-1ppjei2",
            "reputation": 0
        },
        "type": "file",
        "id": "000346f87d850bb9f756009d54fdcdd6f3944a597946d84bd7f596d96b883a2f",
        "links": {
            "self": "https://www.virustotal.com/api/v3/files/000346f87d850bb9f756009d54fdcdd6f3944a597946d84bd7f596d96b883a2f"
        }
    }
}