{
    "data": {
        "attributes": {
            "type_description": "Android",
            "vhash": "cedfaba6bd7fada3aed4b4754c6311de",
            "trid": [
                {
                    "file_type": "Android Package",
                    "probability": 43.5
                },
                {
                    "file_type": "Opera Widget",
                    "probability": 15.8
                },
                {
                    "file_type": "Java Archive",
                    "probability": 15.2
                },
                {
                    "file_type": "Sweet Home 3D design (generic)",
                    "probability": 11.8
                },
                {
                    "file_type": "Mozilla Archive Format (gen)",
                    "probability": 7.9
                }
            ],
            "names": [
                "000311BD14B9FBC486746994B876F5EBB74E0B601C0F76AC052C985B490A8471.apk"
            ],
            "last_modification_date": 1605437779,
            "type_tag": "android",
            "times_submitted": 1,
            "total_votes": {
                "harmless": 0,
                "malicious": 0
            },
            "size": 44043746,
            "type_extension": "apk",
            "last_submission_date": 1549520887,
            "last_analysis_results": {
                "Bkav": {
                    "category": "undetected",
                    "engine_name": "Bkav",
                    "engine_version": "1.3.0.9899",
                    "result": null,
                    "method": "blacklist",
                    "engine_update": "20200601"
                },
                "Lionic": {
                    "category": "undetected",
                    "engine_name": "AegisLab",
                    "engine_version": "4.2",
                    "result": null,
                    "method": "blacklist",
                    "engine_update": "20200601"
                },
                "TotalDefense": {
                    "category": "undetected",
                    "engine_name": "TotalDefense",
                    "engine_version": "37.1.62.1",
                    "result": null,
                    "method": "blacklist",
                    "engine_update": "20200601"
                },
                "MicroWorld-eScan": {
                    "category": "undetected",
                    "engine_name": "MicroWorld-eScan",
                    "engine_version": "14.0.409.0",
                    "result": null,
                    "method": "blacklist",
                    "engine_update": "20200601"
                },
                "FireEye": {
                    "category": "undetected",
                    "engine_name": "FireEye",
                    "engine_version": "32.31.0.0",
                    "result": null,
                    "method": "blacklist",
                    "engine_update": "20200601"
                },
                "CAT-QuickHeal": {
                    "category": "undetected",
                    "engine_name": "CAT-QuickHeal",
                    "engine_version": "14.00",
                    "result": null,
                    "method": "blacklist",
                    "engine_update": "20200601"
                },
                "ALYac": {
                    "category": "undetected",
                    "engine_name": "ALYac",
                    "engine_version": "1.1.1.5",
                    "result": null,
                    "method": "blacklist",
                    "engine_update": "20200601"
                },
                "Malwarebytes": {
                    "category": "undetected",
                    "engine_name": "Malwarebytes",
                    "engine_version": "3.6.4.335",
                    "result": null,
                    "method": "blacklist",
                    "engine_update": "20200601"
                },
                "VIPRE": {
                    "category": "undetected",
                    "engine_name": "VIPRE",
                    "engine_version": "84156",
                    "result": null,
                    "method": "blacklist",
                    "engine_update": "20200601"
                },
                "Paloalto": {
                    "category": "type-unsupported",
                    "engine_name": "Paloalto",
                    "engine_version": "1.0",
                    "result": null,
                    "method": "blacklist",
                    "engine_update": "20200601"
                },
                "Sangfor": {
                    "category": "undetected",
                    "engine_name": "Sangfor",
                    "engine_version": "1.0",
                    "result": null,
                    "method": "blacklist",
                    "engine_update": "20200423"
                },
                "Trustlook": {
                    "category": "undetected",
                    "engine_name": "Trustlook",
                    "engine_version": "1.0",
                    "result": null,
                    "method": "blacklist",
                    "engine_update": "20200601"
                },
                "Alibaba": {
                    "category": "undetected",
                    "engine_name": "Alibaba",
                    "engine_version": "0.3.0.5",
                    "result": null,
                    "method": "blacklist",
                    "engine_update": "20190527"
                },
                "K7GW": {
                    "category": "undetected",
                    "engine_name": "K7GW",
                    "engine_version": "11.113.34269",
                    "result": null,
                    "method": "blacklist",
                    "engine_update": "20200601"
                },
                "K7AntiVirus": {
                    "category": "undetected",
                    "engine_name": "K7AntiVirus",
                    "engine_version": "11.113.34268",
                    "result": null,
                    "method": "blacklist",
                    "engine_update": "20200601"
                },
                "Invincea": {
                    "category": "type-unsupported",
                    "engine_name": "Invincea",
                    "engine_version": "6.3.6.26157",
                    "result": null,
                    "method": "blacklist",
                    "engine_update": "20200502"
                },
                "BitDefenderTheta": {
                    "category": "undetected",
                    "engine_name": "BitDefenderTheta",
                    "engine_version": "7.2.37796.0",
                    "result": null,
                    "method": "blacklist",
                    "engine_update": "20200521"
                },
                "F-Prot": {
                    "category": "undetected",
                    "engine_name": "F-Prot",
                    "engine_version": "4.7.1.166",
                    "result": null,
                    "method": "blacklist",
                    "engine_update": "20200601"
                },
                "SymantecMobileInsight": {
                    "category": "undetected",
                    "engine_name": "SymantecMobileInsight",
                    "engine_version": "2.0",
                    "result": null,
                    "method": "blacklist",
                    "engine_update": "20200527"
                },
                "Symantec": {
                    "category": "undetected",
                    "engine_name": "Symantec",
                    "engine_version": "1.11.0.0",
                    "result": null,
                    "method": "blacklist",
                    "engine_update": "20200601"
                },
                "ESET-NOD32": {
                    "category": "undetected",
                    "engine_name": "ESET-NOD32",
                    "engine_version": "21423",
                    "result": null,
                    "method": "blacklist",
                    "engine_update": "20200601"
                },
                "Baidu": {
                    "category": "undetected",
                    "engine_name": "Baidu",
                    "engine_version": "1.0.0.2",
                    "result": null,
                    "method": "blacklist",
                    "engine_update": "20190318"
                },
                "TrendMicro-HouseCall": {
                    "category": "undetected",
                    "engine_name": "TrendMicro-HouseCall",
                    "engine_version": "10.0.0.1040",
                    "result": null,
                    "method": "blacklist",
                    "engine_update": "20200601"
                },
                "Avast": {
                    "category": "undetected",
                    "engine_name": "Avast",
                    "engine_version": "18.4.3895.0",
                    "result": null,
                    "method": "blacklist",
                    "engine_update": "20200601"
                },
                "ClamAV": {
                    "category": "undetected",
                    "engine_name": "ClamAV",
                    "engine_version": "0.102.3.0",
                    "result": null,
                    "method": "blacklist",
                    "engine_update": "20200601"
                },
                "Kaspersky": {
                    "category": "undetected",
                    "engine_name": "Kaspersky",
                    "engine_version": "15.0.1.13",
                    "result": null,
                    "method": "blacklist",
                    "engine_update": "20200601"
                },
                "BitDefender": {
                    "category": "undetected",
                    "engine_name": "BitDefender",
                    "engine_version": "7.2",
                    "result": null,
                    "method": "blacklist",
                    "engine_update": "20200601"
                },
                "NANO-Antivirus": {
                    "category": "undetected",
                    "engine_name": "NANO-Antivirus",
                    "engine_version": "1.0.134.25112",
                    "result": null,
                    "method": "blacklist",
                    "engine_update": "20200601"
                },
                "SUPERAntiSpyware": {
                    "category": "undetected",
                    "engine_name": "SUPERAntiSpyware",
                    "engine_version": "5.6.0.1032",
                    "result": null,
                    "method": "blacklist",
                    "engine_update": "20200530"
                },
                "APEX": {
                    "category": "type-unsupported",
                    "engine_name": "APEX",
                    "engine_version": "6.29",
                    "result": null,
                    "method": "blacklist",
                    "engine_update": "20200601"
                },
                "Rising": {
                    "category": "undetected",
                    "engine_name": "Rising",
                    "engine_version": "25.0.0.25",
                    "result": null,
                    "method": "blacklist",
                    "engine_update": "20200601"
                },
                "Ad-Aware": {
                    "category": "undetected",
                    "engine_name": "Ad-Aware",
                    "engine_version": "3.0.5.370",
                    "result": null,
                    "method": "blacklist",
                    "engine_update": "20200601"
                },
                "Emsisoft": {
                    "category": "undetected",
                    "engine_name": "Emsisoft",
                    "engine_version": "2018.12.0.1641",
                    "result": null,
                    "method": "blacklist",
                    "engine_update": "20200601"
                },
                "Comodo": {
                    "category": "undetected",
                    "engine_name": "Comodo",
                    "engine_version": "32496",
                    "result": null,
                    "method": "blacklist",
                    "engine_update": "20200601"
                },
                "F-Secure": {
                    "category": "undetected",
                    "engine_name": "F-Secure",
                    "engine_version": "12.0.86.52",
                    "result": null,
                    "method": "blacklist",
                    "engine_update": "20200601"
                },
                "DrWeb": {
                    "category": "undetected",
                    "engine_name": "DrWeb",
                    "engine_version": "7.0.46.3050",
                    "result": null,
                    "method": "blacklist",
                    "engine_update": "20200601"
                },
                "Zillya": {
                    "category": "undetected",
                    "engine_name": "Zillya",
                    "engine_version": "2.0.0.4101",
                    "result": null,
                    "method": "blacklist",
                    "engine_update": "20200601"
                },
                "TrendMicro": {
                    "category": "undetected",
                    "engine_name": "TrendMicro",
                    "engine_version": "11.0.0.1006",
                    "result": null,
                    "method": "blacklist",
                    "engine_update": "20200601"
                },
                "McAfee-GW-Edition": {
                    "category": "undetected",
                    "engine_name": "McAfee-GW-Edition",
                    "engine_version": "v2017.3010",
                    "result": null,
                    "method": "blacklist",
                    "engine_update": "20200601"
                },
                "Trapmine": {
                    "category": "type-unsupported",
                    "engine_name": "Trapmine",
                    "engine_version": "3.2.25.947",
                    "result": null,
                    "method": "blacklist",
                    "engine_update": "20200505"
                },
                "CMC": {
                    "category": "undetected",
                    "engine_name": "CMC",
                    "engine_version": "1.1.0.977",
                    "result": null,
                    "method": "blacklist",
                    "engine_update": "20190321"
                },
                "Sophos": {
                    "category": "undetected",
                    "engine_name": "Sophos",
                    "engine_version": "4.98.0",
                    "result": null,
                    "method": "blacklist",
                    "engine_update": "20200601"
                },
                "Ikarus": {
                    "category": "failure",
                    "engine_name": "Ikarus",
                    "engine_version": "0.1.5.2",
                    "result": null,
                    "method": "blacklist",
                    "engine_update": "20200601"
                },
                "Cyren": {
                    "category": "undetected",
                    "engine_name": "Cyren",
                    "engine_version": "6.3.0.2",
                    "result": null,
                    "method": "blacklist",
                    "engine_update": "20200601"
                },
                "Jiangmin": {
                    "category": "undetected",
                    "engine_name": "Jiangmin",
                    "engine_version": "16.0.100",
                    "result": null,
                    "method": "blacklist",
                    "engine_update": "20200601"
                },
                "Webroot": {
                    "category": "type-unsupported",
                    "engine_name": "Webroot",
                    "engine_version": "1.0.0.403",
                    "result": null,
                    "method": "blacklist",
                    "engine_update": "20200601"
                },
                "Avira": {
                    "category": "undetected",
                    "engine_name": "Avira",
                    "engine_version": "8.3.3.8",
                    "result": null,
                    "method": "blacklist",
                    "engine_update": "20200601"
                },
                "eGambit": {
                    "category": "type-unsupported",
                    "engine_name": "eGambit",
                    "engine_version": null,
                    "result": null,
                    "method": "blacklist",
                    "engine_update": "20200601"
                },
                "Fortinet": {
                    "category": "undetected",
                    "engine_name": "Fortinet",
                    "engine_version": "6.2.142.0",
                    "result": null,
                    "method": "blacklist",
                    "engine_update": "20200601"
                },
                "Antiy-AVL": {
                    "category": "undetected",
                    "engine_name": "Antiy-AVL",
                    "engine_version": "3.0.0.1",
                    "result": null,
                    "method": "blacklist",
                    "engine_update": "20200601"
                },
                "Kingsoft": {
                    "category": "undetected",
                    "engine_name": "Kingsoft",
                    "engine_version": "2013.8.14.323",
                    "result": null,
                    "method": "blacklist",
                    "engine_update": "20200601"
                },
                "Endgame": {
                    "category": "type-unsupported",
                    "engine_name": "Endgame",
                    "engine_version": "4.0.4",
                    "result": null,
                    "method": "blacklist",
                    "engine_update": "20200530"
                },
                "Arcabit": {
                    "category": "undetected",
                    "engine_name": "Arcabit",
                    "engine_version": "1.0.0.875",
                    "result": null,
                    "method": "blacklist",
                    "engine_update": "20200601"
                },
                "ViRobot": {
                    "category": "undetected",
                    "engine_name": "ViRobot",
                    "engine_version": "2014.3.20.0",
                    "result": null,
                    "method": "blacklist",
                    "engine_update": "20200601"
                },
                "ZoneAlarm": {
                    "category": "undetected",
                    "engine_name": "ZoneAlarm",
                    "engine_version": "1.0",
                    "result": null,
                    "method": "blacklist",
                    "engine_update": "20200601"
                },
                "Avast-Mobile": {
                    "category": "undetected",
                    "engine_name": "Avast-Mobile",
                    "engine_version": "200601-00",
                    "result": null,
                    "method": "blacklist",
                    "engine_update": "20200601"
                },
                "Microsoft": {
                    "category": "undetected",
                    "engine_name": "Microsoft",
                    "engine_version": "1.1.17100.2",
                    "result": null,
                    "method": "blacklist",
                    "engine_update": "20200601"
                },
                "SentinelOne": {
                    "category": "type-unsupported",
                    "engine_name": "SentinelOne",
                    "engine_version": "4.3.0.105",
                    "result": null,
                    "method": "blacklist",
                    "engine_update": "20200601"
                },
                "AhnLab-V3": {
                    "category": "undetected",
                    "engine_name": "AhnLab-V3",
                    "engine_version": "3.17.6.27456",
                    "result": null,
                    "method": "blacklist",
                    "engine_update": "20200601"
                },
                "Acronis": {
                    "category": "type-unsupported",
                    "engine_name": "Acronis",
                    "engine_version": "1.1.1.76",
                    "result": null,
                    "method": "blacklist",
                    "engine_update": "20200529"
                },
                "McAfee": {
                    "category": "undetected",
                    "engine_name": "McAfee",
                    "engine_version": "6.0.6.653",
                    "result": null,
                    "method": "blacklist",
                    "engine_update": "20200601"
                },
                "MAX": {
                    "category": "undetected",
                    "engine_name": "MAX",
                    "engine_version": "2019.9.16.1",
                    "result": null,
                    "method": "blacklist",
                    "engine_update": "20200601"
                },
                "VBA32": {
                    "category": "undetected",
                    "engine_name": "VBA32",
                    "engine_version": "4.4.1",
                    "result": null,
                    "method": "blacklist",
                    "engine_update": "20200601"
                },
                "Cylance": {
                    "category": "type-unsupported",
                    "engine_name": "Cylance",
                    "engine_version": "2.3.1.101",
                    "result": null,
                    "method": "blacklist",
                    "engine_update": "20200601"
                },
                "Zoner": {
                    "category": "undetected",
                    "engine_name": "Zoner",
                    "engine_version": "0.0.0.0",
                    "result": null,
                    "method": "blacklist",
                    "engine_update": "20200531"
                },
                "Tencent": {
                    "category": "undetected",
                    "engine_name": "Tencent",
                    "engine_version": "1.0.0.1",
                    "result": null,
                    "method": "blacklist",
                    "engine_update": "20200601"
                },
                "Yandex": {
                    "category": "undetected",
                    "engine_name": "Yandex",
                    "engine_version": "5.5.2.24",
                    "result": null,
                    "method": "blacklist",
                    "engine_update": "20200601"
                },
                "TACHYON": {
                    "category": "undetected",
                    "engine_name": "TACHYON",
                    "engine_version": "2020-06-01.03",
                    "result": null,
                    "method": "blacklist",
                    "engine_update": "20200601"
                },
                "MaxSecure": {
                    "category": "undetected",
                    "engine_name": "MaxSecure",
                    "engine_version": "1.0.0.1",
                    "result": null,
                    "method": "blacklist",
                    "engine_update": "20200529"
                },
                "GData": {
                    "category": "undetected",
                    "engine_name": "GData",
                    "engine_version": "A:25.25807B:26.18942",
                    "result": null,
                    "method": "blacklist",
                    "engine_update": "20200601"
                },
                "AVG": {
                    "category": "undetected",
                    "engine_name": "AVG",
                    "engine_version": "18.4.3895.0",
                    "result": null,
                    "method": "blacklist",
                    "engine_update": "20200601"
                },
                "Cybereason": {
                    "category": "type-unsupported",
                    "engine_name": "Cybereason",
                    "engine_version": "1.2.449",
                    "result": null,
                    "method": "blacklist",
                    "engine_update": "20190616"
                },
                "Panda": {
                    "category": "undetected",
                    "engine_name": "Panda",
                    "engine_version": "4.6.4.2",
                    "result": null,
                    "method": "blacklist",
                    "engine_update": "20200601"
                },
                "CrowdStrike": {
                    "category": "type-unsupported",
                    "engine_name": "CrowdStrike",
                    "engine_version": "1.0",
                    "result": null,
                    "method": "blacklist",
                    "engine_update": "20190702"
                },
                "Qihoo-360": {
                    "category": "undetected",
                    "engine_name": "Qihoo-360",
                    "engine_version": "1.0.0.1120",
                    "result": null,
                    "method": "blacklist",
                    "engine_update": "20200601"
                }
            },
            "sha256": "000311bd14b9fbc486746994b876f5ebb74e0b601c0f76ac052c985b490a8471",
            "tags": [
                "apk",
                "android",
                "reflection",
                "runtime-modules"
            ],
            "last_analysis_date": 1591041718,
            "unique_sources": 1,
            "first_submission_date": 1549520887,
            "sha1": "a3d7521fc7e168f169b37b21965a87b15a86f28a",
            "ssdeep": "786432:GU/g2Bl2v6V5CUhoJiUryCD+xFuKKjvVwmJlT89tL82C/pJkpV51:zz2ya43VG+x0jvymJ18JC/pJkT51",
            "bundle_info": {
                "highest_datetime": "2016-10-27 13:18:22",
                "lowest_datetime": "2016-10-20 01:16:00",
                "num_children": 1639,
                "extensions": {
                    "xml": 29,
                    "ico": 2,
                    "svg": 1,
                    "jpg": 2,
                    "js": 401,
                    "gif": 6,
                    "mp4": 1,
                    "png": 253,
                    "eot": 1,
                    "txt": 2,
                    "ttf": 1,
                    "css": 78
                },
                "file_types": {
                    "XML": 30,
                    "unknown": 697,
                    "JavaScript": 9,
                    "JPG": 2,
                    "GIF": 6,
                    "HTML": 3,
                    "PNG": 253
                },
                "type": "APK",
                "uncompressed_size": 13412956
            },
            "packers": {
                "F-PROT": "appended, UTF-8"
            },
            "md5": "3acc3c6520a3f1e944fb19db197cec1f",
            "androguard": {
                "VTAndroidInfo": 1.41,
                "AndroidApplicationError": false,
                "MinSdkVersion": "16",
                "AndroguardVersion": "3.0-dev",
                "Activities": [
                    "com.mb.android.MainActivity",
                    "com.mb.android.media.VideoPlayerActivity",
                    "com.mb.android.media.PlaybackServiceActivity",
                    "com.nononsenseapps.filepicker.FilePickerActivity",
                    "tv.emby.iap.PurchaseActivity"
                ],
                "certificate": {
                    "Subject": {
                        "DN": "C:CA, CN:Mark Linton, L:Fraser Valley, O:LCS Software, ST:BC, OU:LCS Software",
                        "C": "CA",
                        "CN": "Mark Linton",
                        "L": "Fraser Valley",
                        "O": "LCS Software",
                        "ST": "BC",
                        "OU": "LCS Software"
                    },
                    "validto": "2038-11-08 08:21:58",
                    "serialnumber": "33ff1a8c",
                    "thumbprint": "07554557251ba745dba935c0874a65220936cd33",
                    "validfrom": "2013-11-14 08:21:58",
                    "Issuer": {
                        "DN": "C:CA, CN:Mark Linton, L:Fraser Valley, O:LCS Software, ST:BC, OU:LCS Software",
                        "C": "CA",
                        "CN": "Mark Linton",
                        "L": "Fraser Valley",
                        "O": "LCS Software",
                        "ST": "BC",
                        "OU": "LCS Software"
                    }
                },
                "AndroidApplication": 1,
                "RiskIndicator": {
                    "APK": {},
                    "PERM": {
                        "DANGEROUS": 2,
                        "INTERNET": 1,
                        "NORMAL": 6
                    }
                },
                "Services": [
                    "com.mb.android.MediaSyncService",
                    "mediabrowser.apiinteraction.android.sync.AuthenticatorService",
                    "com.mb.android.media.RemotePlayerService",
                    "com.mb.android.media.legacy.KitKatMediaService",
                    "com.mb.android.media.PlaybackService",
                    "com.mb.android.media.MediaService"
                ],
                "AndroidVersionCode": "200008142",
                "main_activity": "com.mb.android.MainActivity",
                "Package": "com.mb.android",
                "intent_filters": {
                    "Services": {
                        "com.mb.android.MediaSyncService": {
                            "action": [
                                "android.content.SyncAdapter"
                            ]
                        },
                        "mediabrowser.apiinteraction.android.sync.AuthenticatorService": {
                            "action": [
                                "android.accounts.AccountAuthenticator"
                            ]
                        }
                    },
                    "Activities": {
                        "com.mb.android.MainActivity": {
                            "action": [
                                "android.intent.action.MAIN"
                            ],
                            "category": [
                                "android.intent.category.LAUNCHER"
                            ]
                        },
                        "com.nononsenseapps.filepicker.FilePickerActivity": {
                            "action": [
                                "android.intent.action.GET_CONTENT"
                            ],
                            "category": [
                                "android.intent.category.DEFAULT"
                            ]
                        }
                    },
                    "Receivers": {
                        "com.mb.android.media.legacy.RemoteControlClientReceiver": {
                            "action": [
                                "android.intent.action.MEDIA_BUTTON"
                            ]
                        }
                    }
                },
                "AndroidVersionName": "2.8.14",
                "TargetSdkVersion": "23",
                "AndroidApplicationInfo": "APK",
                "Providers": [
                    "mediabrowser.apiinteraction.android.sync.MediaContentProvider"
                ],
                "permission_details": {
                    "android.permission.READ_EXTERNAL_STORAGE": {
                        "short_description": "read from external storage",
                        "full_description": "Allows an application to read from external storage",
                        "permission_type": "normal"
                    },
                    "android.permission.WRITE_SYNC_SETTINGS": {
                        "short_description": "write sync settings",
                        "full_description": "Allows an application to modify the sync settings, such as whether sync is enabled for Contacts.",
                        "permission_type": "normal"
                    },
                    "android.permission.AUTHENTICATE_ACCOUNTS": {
                        "short_description": "act as an account authenticator",
                        "full_description": "Allows an application to use the account authenticator capabilities of the Account Manager, including creating accounts as well as obtaining and setting their passwords.",
                        "permission_type": "dangerous"
                    },
                    "android.permission.ACCESS_NETWORK_STATE": {
                        "short_description": "view network status",
                        "full_description": "Allows an application to view the status of all networks.",
                        "permission_type": "normal"
                    },
                    "android.permission.WAKE_LOCK": {
                        "short_description": "prevent phone from sleeping",
                        "full_description": "Allows an application to prevent the phone from going to sleep.",
                        "permission_type": "normal"
                    },
                    "android.permission.READ_SYNC_STATS": {
                        "short_description": "read sync statistics",
                        "full_description": "Allows an application to read the sync stats; e.g. the history of syncs that have occurred.",
                        "permission_type": "normal"
                    },
                    "android.permission.ACCESS_WIFI_STATE": {
                        "short_description": "view Wi-Fi status",
                        "full_description": "Allows an application to view the information about the status of Wi-Fi.",
                        "permission_type": "normal"
                    },
                    "android.permission.INTERNET": {
                        "short_description": "full Internet access",
                        "full_description": "Allows an application to create network sockets.",
                        "permission_type": "dangerous"
                    },
                    "android.permission.WRITE_EXTERNAL_STORAGE": {
                        "short_description": "modify/delete SD card contents",
                        "full_description": "Allows an application to write to the SD card.",
                        "permission_type": "dangerous"
                    },
                    "com.android.vending.BILLING": {
                        "short_description": "Unknown permission from android reference",
                        "full_description": "Unknown permission from android reference",
                        "permission_type": "normal"
                    },
                    "android.permission.MEDIA_CONTENT_CONTROL": {
                        "short_description": "Unknown permission from android reference",
                        "full_description": "Unknown permission from android reference",
                        "permission_type": "normal"
                    }
                },
                "Receivers": [
                    "com.mb.android.media.legacy.RemoteControlClientReceiver"
                ],
                "StringsInformation": [
                    "http://",
                    "http://logback.qos.ch/codes.html",
                    "http://logback.qos.ch/codes.html#1andOnly1",
                    "http://logback.qos.ch/codes.html#missingRightParenthesis",
                    "http://logback.qos.ch/codes.html#null_CS",
                    "http://logback.qos.ch/codes.html#renamingError",
                    "http://logback.qos.ch/codes.html#rfa_collision",
                    "http://logback.qos.ch/codes.html#rfa_no_rp",
                    "http://logback.qos.ch/codes.html#rfa_no_tp",
                    "http://logback.qos.ch/codes.html#sbtp_size_format",
                    "http://logback.qos.ch/codes.html#syslog_layout",
                    "http://logback.qos.ch/css/classic.css",
                    "http://mb3admin.com/test/admin/service/",
                    "http://mb3admin.com/test/admin/service/appstore/check",
                    "http://plus.google.com/",
                    "http://schemas.android.com/apk/res-auto",
                    "http://schemas.android.com/apk/res/android",
                    "http://storage.googleapis.com/automotive-media/music.json",
                    "http://www.slf4j.org/codes.html",
                    "http://www.slf4j.org/codes.html#StaticLoggerBinder",
                    "http://www.slf4j.org/codes.html#loggerNameMismatch",
                    "http://www.slf4j.org/codes.html#multiple_bindings",
                    "http://www.slf4j.org/codes.html#no_static_mdc_binder",
                    "http://www.slf4j.org/codes.html#null_LF",
                    "http://www.slf4j.org/codes.html#null_MDCA",
                    "http://www.slf4j.org/codes.html#substituteLogger",
                    "http://www.slf4j.org/codes.html#unsuccessfulInit",
                    "http://www.slf4j.org/codes.html#version_mismatch",
                    "http://xml.org/sax/features/namespaces",
                    "http://xml.org/sax/features/validation",
                    "https://",
                    "https://accounts.google.com",
                    "https://connect.emby.media/service/",
                    "https://login.live.com",
                    "https://login.yahoo.com",
                    "https://mb3admin.com/admin/service/registration/validateDevice?",
                    "https://twitter.com",
                    "https://www.facebook.com",
                    "https://www.googleapis.com/auth/appstate",
                    "https://www.googleapis.com/auth/datastoremobile",
                    "https://www.googleapis.com/auth/drive.appdata",
                    "https://www.googleapis.com/auth/drive.file",
                    "https://www.googleapis.com/auth/fitness.activity.read",
                    "https://www.googleapis.com/auth/fitness.activity.write",
                    "https://www.googleapis.com/auth/fitness.body.read",
                    "https://www.googleapis.com/auth/fitness.body.write",
                    "https://www.googleapis.com/auth/fitness.location.read",
                    "https://www.googleapis.com/auth/fitness.location.write",
                    "https://www.googleapis.com/auth/fitness.nutrition.read",
                    "https://www.googleapis.com/auth/fitness.nutrition.write",
                    "https://www.googleapis.com/auth/games",
                    "https://www.googleapis.com/auth/plus.login",
                    "https://www.googleapis.com/auth/plus.me",
                    "https://www.googleapis.com/auth/plus.moments.write",
                    "https://www.linkedin.com",
                    "https://www.paypal.com"
                ]
            },
            "magic": "Zip archive data, at least v2.0 to extract",
            "last_analysis_stats": {
                "harmless": 0,
                "type-unsupported": 12,
                "suspicious": 0,
                "confirmed-timeout": 0,
                "timeout": 0,
                "failure": 1,
                "malicious": 0,
                "undetected": 62
            },
            "meaningful_name": "000311BD14B9FBC486746994B876F5EBB74E0B601C0F76AC052C985B490A8471.apk",
            "reputation": 0
        },
        "type": "file",
        "id": "000311bd14b9fbc486746994b876f5ebb74e0b601c0f76ac052c985b490a8471",
        "links": {
            "self": "https://www.virustotal.com/api/v3/files/000311bd14b9fbc486746994b876f5ebb74e0b601c0f76ac052c985b490a8471"
        }
    }
}