{
    "data": {
        "attributes": {
            "type_description": "Android",
            "vhash": "48444d0afd0c52e643c1aa37bcdb2200",
            "trid": [
                {
                    "file_type": "Android Package",
                    "probability": 67.5
                },
                {
                    "file_type": "Java Archive",
                    "probability": 23.6
                },
                {
                    "file_type": "ZIP compressed archive",
                    "probability": 7.0
                },
                {
                    "file_type": "PrintFox/Pagefox bitmap (var. P)",
                    "probability": 1.7
                }
            ],
            "names": [],
            "last_modification_date": 1594746029,
            "type_tag": "android",
            "times_submitted": 1,
            "total_votes": {
                "harmless": 0,
                "malicious": 0
            },
            "size": 982800,
            "type_extension": "apk",
            "last_submission_date": 1594709849,
            "reputation": 0,
            "sha256": "002d2ebac804745c10198869ac73044e78a83659969aa37c93745ecf9e499221",
            "tags": [
                "apk",
                "android",
                "reflection"
            ],
            "last_analysis_date": 1594709849,
            "unique_sources": 1,
            "first_submission_date": 1594709849,
            "sha1": "e214575c4b851a3caec08250076e39820f492aca",
            "ssdeep": "24576:GGROp56QktFQ/xCjlm+EnU9qw0DZZFYys82+Pd95Sbfe6NEl:GGIp56BtO/xsw5nTayP2+195weAEl",
            "bundle_info": {
                "highest_datetime": "1980-00-00 00:00:00",
                "lowest_datetime": "1980-00-00 00:00:00",
                "num_children": 97,
                "extensions": {
                    "xml": 43,
                    "md": 1,
                    "MF": 1,
                    "RSA": 1,
                    "dex": 1,
                    "SF": 1,
                    "png": 47
                },
                "file_types": {
                    "XML": 43,
                    "unknown": 6,
                    "DEX": 1,
                    "PNG": 47
                },
                "type": "APK",
                "uncompressed_size": 2264132
            },
            "md5": "1488fa5edc9a7b30e22f5c3f9e086c5e",
            "androguard": {
                "Activities": [
                    "de.company.kuhn.golemdeit_news3.MainActivity",
                    "de.company.kuhn.golemdeit_news3.ArticleActivity"
                ],
                "AndroidVersionCode": "12",
                "main_activity": "de.company.kuhn.golemdeit_news3.MainActivity",
                "certificate": {
                    "Subject": {
                        "DN": "C:DE, CN:Alexander Kuhn, L:Beckum, O:Kuhn Company, ST:NRW, OU:Android Development",
                        "C": "DE",
                        "CN": "Alexander Kuhn",
                        "L": "Beckum",
                        "O": "Kuhn Company",
                        "ST": "NRW",
                        "OU": "Android Development"
                    },
                    "validto": "2039-10-12 14:14:48",
                    "serialnumber": "43e734ab",
                    "thumbprint": "ce1fbf4080976a99439f9a1178ef1446367f1048",
                    "validfrom": "2014-10-18 14:14:48",
                    "Issuer": {
                        "DN": "C:DE, CN:Alexander Kuhn, L:Beckum, O:Kuhn Company, ST:NRW, OU:Android Development",
                        "C": "DE",
                        "CN": "Alexander Kuhn",
                        "L": "Beckum",
                        "O": "Kuhn Company",
                        "ST": "NRW",
                        "OU": "Android Development"
                    }
                },
                "VTAndroidInfo": 1.41,
                "Package": "de.company.kuhn.golemdeit_news3",
                "intent_filters": {
                    "Services": {},
                    "Activities": {
                        "de.company.kuhn.golemdeit_news3.MainActivity": {
                            "action": [
                                "android.intent.action.MAIN"
                            ],
                            "category": [
                                "android.intent.category.LAUNCHER"
                            ]
                        }
                    },
                    "Receivers": {}
                },
                "permission_details": {
                    "android.permission.ACCESS_NETWORK_STATE": {
                        "short_description": "view network status",
                        "full_description": "Allows an application to view the status of all networks.",
                        "permission_type": "normal"
                    },
                    "android.permission.INTERNET": {
                        "short_description": "full Internet access",
                        "full_description": "Allows an application to create network sockets.",
                        "permission_type": "dangerous"
                    }
                },
                "AndroidApplication": 1,
                "StringsInformation": [
                    "http://",
                    "http://schemas.android.com/apk/res/android",
                    "https://",
                    "https://golem.de",
                    "https://rss.golem.de/rss.php?feed=RSS2.0"
                ],
                "AndroidApplicationError": false,
                "AndroidVersionName": "2.1.7",
                "RiskIndicator": {
                    "APK": {
                        "DEX": 1
                    },
                    "PERM": {
                        "INTERNET": 1,
                        "NORMAL": 1
                    }
                },
                "Services": [
                    "de.company.kuhn.golemdeit_news3.rss.RssService",
                    "de.company.kuhn.golemdeit_news3.util.ArticleTextService"
                ],
                "MinSdkVersion": "14",
                "TargetSdkVersion": "28",
                "AndroguardVersion": "3.0-dev",
                "AndroidApplicationInfo": "APK"
            },
            "magic": "Zip archive data",
            "last_analysis_stats": {
                "harmless": 0,
                "type-unsupported": 11,
                "suspicious": 0,
                "confirmed-timeout": 0,
                "timeout": 0,
                "failure": 1,
                "malicious": 0,
                "undetected": 64
            },
            "last_analysis_results": {
                "Bkav": {
                    "category": "undetected",
                    "engine_name": "Bkav",
                    "engine_version": "1.3.0.9899",
                    "result": null,
                    "method": "blacklist",
                    "engine_update": "20200714"
                },
                "Lionic": {
                    "category": "undetected",
                    "engine_name": "AegisLab",
                    "engine_version": "4.2",
                    "result": null,
                    "method": "blacklist",
                    "engine_update": "20200714"
                },
                "DrWeb": {
                    "category": "undetected",
                    "engine_name": "DrWeb",
                    "engine_version": "7.0.46.3050",
                    "result": null,
                    "method": "blacklist",
                    "engine_update": "20200714"
                },
                "MicroWorld-eScan": {
                    "category": "undetected",
                    "engine_name": "MicroWorld-eScan",
                    "engine_version": "14.0.409.0",
                    "result": null,
                    "method": "blacklist",
                    "engine_update": "20200714"
                },
                "FireEye": {
                    "category": "undetected",
                    "engine_name": "FireEye",
                    "engine_version": "32.36.1.0",
                    "result": null,
                    "method": "blacklist",
                    "engine_update": "20200714"
                },
                "CAT-QuickHeal": {
                    "category": "undetected",
                    "engine_name": "CAT-QuickHeal",
                    "engine_version": "14.00",
                    "result": null,
                    "method": "blacklist",
                    "engine_update": "20200714"
                },
                "ALYac": {
                    "category": "undetected",
                    "engine_name": "ALYac",
                    "engine_version": "1.1.1.5",
                    "result": null,
                    "method": "blacklist",
                    "engine_update": "20200714"
                },
                "Malwarebytes": {
                    "category": "undetected",
                    "engine_name": "Malwarebytes",
                    "engine_version": "3.6.4.335",
                    "result": null,
                    "method": "blacklist",
                    "engine_update": "20200714"
                },
                "Zillya": {
                    "category": "undetected",
                    "engine_name": "Zillya",
                    "engine_version": "2.0.0.4128",
                    "result": null,
                    "method": "blacklist",
                    "engine_update": "20200713"
                },
                "Paloalto": {
                    "category": "type-unsupported",
                    "engine_name": "Paloalto",
                    "engine_version": "1.0",
                    "result": null,
                    "method": "blacklist",
                    "engine_update": "20200714"
                },
                "Sangfor": {
                    "category": "undetected",
                    "engine_name": "Sangfor",
                    "engine_version": "1.0",
                    "result": null,
                    "method": "blacklist",
                    "engine_update": "20200423"
                },
                "Trustlook": {
                    "category": "undetected",
                    "engine_name": "Trustlook",
                    "engine_version": "1.0",
                    "result": null,
                    "method": "blacklist",
                    "engine_update": "20200714"
                },
                "Alibaba": {
                    "category": "undetected",
                    "engine_name": "Alibaba",
                    "engine_version": "0.3.0.5",
                    "result": null,
                    "method": "blacklist",
                    "engine_update": "20190527"
                },
                "K7GW": {
                    "category": "undetected",
                    "engine_name": "K7GW",
                    "engine_version": "11.120.34643",
                    "result": null,
                    "method": "blacklist",
                    "engine_update": "20200709"
                },
                "K7AntiVirus": {
                    "category": "undetected",
                    "engine_name": "K7AntiVirus",
                    "engine_version": "11.122.34685",
                    "result": null,
                    "method": "blacklist",
                    "engine_update": "20200714"
                },
                "Invincea": {
                    "category": "type-unsupported",
                    "engine_name": "Invincea",
                    "engine_version": "6.3.6.26157",
                    "result": null,
                    "method": "blacklist",
                    "engine_update": "20200502"
                },
                "BitDefenderTheta": {
                    "category": "undetected",
                    "engine_name": "BitDefenderTheta",
                    "engine_version": "7.2.37796.0",
                    "result": null,
                    "method": "blacklist",
                    "engine_update": "20200713"
                },
                "Cyren": {
                    "category": "undetected",
                    "engine_name": "Cyren",
                    "engine_version": "6.3.0.2",
                    "result": null,
                    "method": "blacklist",
                    "engine_update": "20200714"
                },
                "SymantecMobileInsight": {
                    "category": "undetected",
                    "engine_name": "SymantecMobileInsight",
                    "engine_version": "2.0",
                    "result": null,
                    "method": "blacklist",
                    "engine_update": "20200701"
                },
                "Symantec": {
                    "category": "undetected",
                    "engine_name": "Symantec",
                    "engine_version": "1.11.0.0",
                    "result": null,
                    "method": "blacklist",
                    "engine_update": "20200714"
                },
                "TotalDefense": {
                    "category": "undetected",
                    "engine_name": "TotalDefense",
                    "engine_version": "37.1.62.1",
                    "result": null,
                    "method": "blacklist",
                    "engine_update": "20200714"
                },
                "APEX": {
                    "category": "type-unsupported",
                    "engine_name": "APEX",
                    "engine_version": "6.47",
                    "result": null,
                    "method": "blacklist",
                    "engine_update": "20200713"
                },
                "TrendMicro-HouseCall": {
                    "category": "undetected",
                    "engine_name": "TrendMicro-HouseCall",
                    "engine_version": "10.0.0.1040",
                    "result": null,
                    "method": "blacklist",
                    "engine_update": "20200714"
                },
                "Avast": {
                    "category": "undetected",
                    "engine_name": "Avast",
                    "engine_version": "18.4.3895.0",
                    "result": null,
                    "method": "blacklist",
                    "engine_update": "20200714"
                },
                "ClamAV": {
                    "category": "undetected",
                    "engine_name": "ClamAV",
                    "engine_version": "0.102.3.0",
                    "result": null,
                    "method": "blacklist",
                    "engine_update": "20200713"
                },
                "Kaspersky": {
                    "category": "undetected",
                    "engine_name": "Kaspersky",
                    "engine_version": "15.0.1.13",
                    "result": null,
                    "method": "blacklist",
                    "engine_update": "20200714"
                },
                "BitDefender": {
                    "category": "undetected",
                    "engine_name": "BitDefender",
                    "engine_version": "7.2",
                    "result": null,
                    "method": "blacklist",
                    "engine_update": "20200714"
                },
                "NANO-Antivirus": {
                    "category": "undetected",
                    "engine_name": "NANO-Antivirus",
                    "engine_version": "1.0.134.25119",
                    "result": null,
                    "method": "blacklist",
                    "engine_update": "20200714"
                },
                "SUPERAntiSpyware": {
                    "category": "undetected",
                    "engine_name": "SUPERAntiSpyware",
                    "engine_version": "5.6.0.1032",
                    "result": null,
                    "method": "blacklist",
                    "engine_update": "20200710"
                },
                "Tencent": {
                    "category": "undetected",
                    "engine_name": "Tencent",
                    "engine_version": "1.0.0.1",
                    "result": null,
                    "method": "blacklist",
                    "engine_update": "20200714"
                },
                "Ad-Aware": {
                    "category": "undetected",
                    "engine_name": "Ad-Aware",
                    "engine_version": "3.0.5.370",
                    "result": null,
                    "method": "blacklist",
                    "engine_update": "20200714"
                },
                "TACHYON": {
                    "category": "undetected",
                    "engine_name": "TACHYON",
                    "engine_version": "2020-07-14.01",
                    "result": null,
                    "method": "blacklist",
                    "engine_update": "20200714"
                },
                "Emsisoft": {
                    "category": "undetected",
                    "engine_name": "Emsisoft",
                    "engine_version": "2018.12.0.1641",
                    "result": null,
                    "method": "blacklist",
                    "engine_update": "20200714"
                },
                "Comodo": {
                    "category": "undetected",
                    "engine_name": "Comodo",
                    "engine_version": "32625",
                    "result": null,
                    "method": "blacklist",
                    "engine_update": "20200714"
                },
                "F-Secure": {
                    "category": "undetected",
                    "engine_name": "F-Secure",
                    "engine_version": "12.0.86.52",
                    "result": null,
                    "method": "blacklist",
                    "engine_update": "20200714"
                },
                "Baidu": {
                    "category": "undetected",
                    "engine_name": "Baidu",
                    "engine_version": "1.0.0.2",
                    "result": null,
                    "method": "blacklist",
                    "engine_update": "20190318"
                },
                "VIPRE": {
                    "category": "undetected",
                    "engine_name": "VIPRE",
                    "engine_version": "85182",
                    "result": null,
                    "method": "blacklist",
                    "engine_update": "20200714"
                },
                "TrendMicro": {
                    "category": "undetected",
                    "engine_name": "TrendMicro",
                    "engine_version": "11.0.0.1006",
                    "result": null,
                    "method": "blacklist",
                    "engine_update": "20200714"
                },
                "McAfee-GW-Edition": {
                    "category": "failure",
                    "engine_name": "McAfee-GW-Edition",
                    "engine_version": null,
                    "result": null,
                    "method": "blacklist",
                    "engine_update": "20200713"
                },
                "Trapmine": {
                    "category": "type-unsupported",
                    "engine_name": "Trapmine",
                    "engine_version": "3.5.0.987",
                    "result": null,
                    "method": "blacklist",
                    "engine_update": "20200619"
                },
                "CMC": {
                    "category": "undetected",
                    "engine_name": "CMC",
                    "engine_version": "2.7.2019.1",
                    "result": null,
                    "method": "blacklist",
                    "engine_update": "20200714"
                },
                "Sophos": {
                    "category": "undetected",
                    "engine_name": "Sophos",
                    "engine_version": "4.98.0",
                    "result": null,
                    "method": "blacklist",
                    "engine_update": "20200714"
                },
                "SentinelOne": {
                    "category": "undetected",
                    "engine_name": "SentinelOne",
                    "engine_version": "4.3.0.105",
                    "result": null,
                    "method": "blacklist",
                    "engine_update": "20200601"
                },
                "F-Prot": {
                    "category": "undetected",
                    "engine_name": "F-Prot",
                    "engine_version": "4.7.1.166",
                    "result": null,
                    "method": "blacklist",
                    "engine_update": "20200714"
                },
                "Jiangmin": {
                    "category": "undetected",
                    "engine_name": "Jiangmin",
                    "engine_version": "16.0.100",
                    "result": null,
                    "method": "blacklist",
                    "engine_update": "20200714"
                },
                "Webroot": {
                    "category": "type-unsupported",
                    "engine_name": "Webroot",
                    "engine_version": "1.0.0.403",
                    "result": null,
                    "method": "blacklist",
                    "engine_update": "20200714"
                },
                "Avira": {
                    "category": "undetected",
                    "engine_name": "Avira",
                    "engine_version": "8.3.3.8",
                    "result": null,
                    "method": "blacklist",
                    "engine_update": "20200714"
                },
                "eGambit": {
                    "category": "type-unsupported",
                    "engine_name": "eGambit",
                    "engine_version": null,
                    "result": null,
                    "method": "blacklist",
                    "engine_update": "20200714"
                },
                "Fortinet": {
                    "category": "undetected",
                    "engine_name": "Fortinet",
                    "engine_version": "6.2.142.0",
                    "result": null,
                    "method": "blacklist",
                    "engine_update": "20200714"
                },
                "Antiy-AVL": {
                    "category": "undetected",
                    "engine_name": "Antiy-AVL",
                    "engine_version": "3.0.0.1",
                    "result": null,
                    "method": "blacklist",
                    "engine_update": "20200714"
                },
                "Kingsoft": {
                    "category": "undetected",
                    "engine_name": "Kingsoft",
                    "engine_version": "2013.8.14.323",
                    "result": null,
                    "method": "blacklist",
                    "engine_update": "20200714"
                },
                "Endgame": {
                    "category": "type-unsupported",
                    "engine_name": "Endgame",
                    "engine_version": "4.0.5",
                    "result": null,
                    "method": "blacklist",
                    "engine_update": "20200608"
                },
                "Arcabit": {
                    "category": "undetected",
                    "engine_name": "Arcabit",
                    "engine_version": "1.0.0.877",
                    "result": null,
                    "method": "blacklist",
                    "engine_update": "20200714"
                },
                "ViRobot": {
                    "category": "undetected",
                    "engine_name": "ViRobot",
                    "engine_version": "2014.3.20.0",
                    "result": null,
                    "method": "blacklist",
                    "engine_update": "20200714"
                },
                "ZoneAlarm": {
                    "category": "undetected",
                    "engine_name": "ZoneAlarm",
                    "engine_version": "1.0",
                    "result": null,
                    "method": "blacklist",
                    "engine_update": "20200714"
                },
                "Avast-Mobile": {
                    "category": "undetected",
                    "engine_name": "Avast-Mobile",
                    "engine_version": "200714-00",
                    "result": null,
                    "method": "blacklist",
                    "engine_update": "20200714"
                },
                "Microsoft": {
                    "category": "undetected",
                    "engine_name": "Microsoft",
                    "engine_version": "1.1.17200.2",
                    "result": null,
                    "method": "blacklist",
                    "engine_update": "20200714"
                },
                "Cynet": {
                    "category": "undetected",
                    "engine_name": "Cynet",
                    "engine_version": "4.0.0.24",
                    "result": null,
                    "method": "blacklist",
                    "engine_update": "20200714"
                },
                "AhnLab-V3": {
                    "category": "undetected",
                    "engine_name": "AhnLab-V3",
                    "engine_version": "3.18.0.10009",
                    "result": null,
                    "method": "blacklist",
                    "engine_update": "20200713"
                },
                "Acronis": {
                    "category": "type-unsupported",
                    "engine_name": "Acronis",
                    "engine_version": "1.1.1.76",
                    "result": null,
                    "method": "blacklist",
                    "engine_update": "20200603"
                },
                "McAfee": {
                    "category": "undetected",
                    "engine_name": "McAfee",
                    "engine_version": "6.0.6.653",
                    "result": null,
                    "method": "blacklist",
                    "engine_update": "20200714"
                },
                "MAX": {
                    "category": "undetected",
                    "engine_name": "MAX",
                    "engine_version": "2019.9.16.1",
                    "result": null,
                    "method": "blacklist",
                    "engine_update": "20200714"
                },
                "VBA32": {
                    "category": "undetected",
                    "engine_name": "VBA32",
                    "engine_version": "4.4.1",
                    "result": null,
                    "method": "blacklist",
                    "engine_update": "20200713"
                },
                "Cylance": {
                    "category": "type-unsupported",
                    "engine_name": "Cylance",
                    "engine_version": "2.3.1.101",
                    "result": null,
                    "method": "blacklist",
                    "engine_update": "20200714"
                },
                "Zoner": {
                    "category": "undetected",
                    "engine_name": "Zoner",
                    "engine_version": "0.0.0.0",
                    "result": null,
                    "method": "blacklist",
                    "engine_update": "20200714"
                },
                "ESET-NOD32": {
                    "category": "undetected",
                    "engine_name": "ESET-NOD32",
                    "engine_version": "21651",
                    "result": null,
                    "method": "blacklist",
                    "engine_update": "20200714"
                },
                "Rising": {
                    "category": "undetected",
                    "engine_name": "Rising",
                    "engine_version": "25.0.0.26",
                    "result": null,
                    "method": "blacklist",
                    "engine_update": "20200714"
                },
                "Yandex": {
                    "category": "undetected",
                    "engine_name": "Yandex",
                    "engine_version": "5.5.2.24",
                    "result": null,
                    "method": "blacklist",
                    "engine_update": "20200707"
                },
                "Ikarus": {
                    "category": "undetected",
                    "engine_name": "Ikarus",
                    "engine_version": "0.1.5.2",
                    "result": null,
                    "method": "blacklist",
                    "engine_update": "20200713"
                },
                "MaxSecure": {
                    "category": "undetected",
                    "engine_name": "MaxSecure",
                    "engine_version": "1.0.0.1",
                    "result": null,
                    "method": "blacklist",
                    "engine_update": "20200622"
                },
                "GData": {
                    "category": "undetected",
                    "engine_name": "GData",
                    "engine_version": "A:25.26239B:27.19440",
                    "result": null,
                    "method": "blacklist",
                    "engine_update": "20200714"
                },
                "AVG": {
                    "category": "undetected",
                    "engine_name": "AVG",
                    "engine_version": "18.4.3895.0",
                    "result": null,
                    "method": "blacklist",
                    "engine_update": "20200714"
                },
                "Cybereason": {
                    "category": "type-unsupported",
                    "engine_name": "Cybereason",
                    "engine_version": "1.2.449",
                    "result": null,
                    "method": "blacklist",
                    "engine_update": "20190616"
                },
                "Panda": {
                    "category": "undetected",
                    "engine_name": "Panda",
                    "engine_version": "4.6.4.2",
                    "result": null,
                    "method": "blacklist",
                    "engine_update": "20200714"
                },
                "CrowdStrike": {
                    "category": "type-unsupported",
                    "engine_name": "CrowdStrike",
                    "engine_version": "1.0",
                    "result": null,
                    "method": "blacklist",
                    "engine_update": "20190702"
                },
                "Qihoo-360": {
                    "category": "undetected",
                    "engine_name": "Qihoo-360",
                    "engine_version": "1.0.0.1120",
                    "result": null,
                    "method": "blacklist",
                    "engine_update": "20200714"
                }
            }
        },
        "type": "file",
        "id": "002d2ebac804745c10198869ac73044e78a83659969aa37c93745ecf9e499221",
        "links": {
            "self": "https://www.virustotal.com/api/v3/files/002d2ebac804745c10198869ac73044e78a83659969aa37c93745ecf9e499221"
        }
    }
}