{
    "data": {
        "attributes": {
            "type_description": "Android",
            "vhash": "f03df902351d3bc69f54aed8a01afdbe",
            "trid": [
                {
                    "file_type": "Android Package",
                    "probability": 67.5
                },
                {
                    "file_type": "Java Archive",
                    "probability": 23.6
                },
                {
                    "file_type": "ZIP compressed archive",
                    "probability": 7.0
                },
                {
                    "file_type": "PrintFox/Pagefox bitmap (var. P)",
                    "probability": 1.7
                }
            ],
            "names": [
                "VirusShare_adf0cd4652c44ca3b5e55ce69d3f5ff7",
                "HotClipvideomp4.apk",
                "HotClipvideo.mp4__________.apk",
                "003cb8a203421fd65e65917567df2933710a6a0a94b2b877b16296646cf0998d",
                "003CB8A203421FD65E65917567DF2933710A6A0A94B2B877B16296646CF0998D",
                "24cWRvUL.ocx"
            ],
            "last_modification_date": 1657100967,
            "type_tag": "android",
            "times_submitted": 7,
            "total_votes": {
                "harmless": 0,
                "malicious": 0
            },
            "size": 548877,
            "popular_threat_classification": {
                "suggested_threat_label": "trojan.trojansms/artemis",
                "popular_threat_category": [
                    {
                        "count": 14,
                        "value": "trojan"
                    }
                ],
                "popular_threat_name": [
                    {
                        "count": 6,
                        "value": "trojansms"
                    },
                    {
                        "count": 2,
                        "value": "artemis"
                    },
                    {
                        "count": 2,
                        "value": "smssend"
                    }
                ]
            },
            "last_submission_date": 1591453399,
            "last_analysis_results": {
                "Bkav": {
                    "category": "undetected",
                    "engine_name": "Bkav",
                    "engine_version": "1.3.0.9899",
                    "result": null,
                    "method": "blacklist",
                    "engine_update": "20200606"
                },
                "Lionic": {
                    "category": "malicious",
                    "engine_name": "AegisLab",
                    "engine_version": "4.2",
                    "result": "SUSPICIOUS",
                    "method": "blacklist",
                    "engine_update": "20200606"
                },
                "MicroWorld-eScan": {
                    "category": "undetected",
                    "engine_name": "MicroWorld-eScan",
                    "engine_version": "14.0.409.0",
                    "result": null,
                    "method": "blacklist",
                    "engine_update": "20200606"
                },
                "CMC": {
                    "category": "undetected",
                    "engine_name": "CMC",
                    "engine_version": "1.1.0.977",
                    "result": null,
                    "method": "blacklist",
                    "engine_update": "20190321"
                },
                "CAT-QuickHeal": {
                    "category": "malicious",
                    "engine_name": "CAT-QuickHeal",
                    "engine_version": "14.00",
                    "result": "Android.Agent.PD",
                    "method": "blacklist",
                    "engine_update": "20200606"
                },
                "McAfee": {
                    "category": "malicious",
                    "engine_name": "McAfee",
                    "engine_version": "6.0.6.653",
                    "result": "Artemis!ADF0CD4652C4",
                    "method": "blacklist",
                    "engine_update": "20200606"
                },
                "Malwarebytes": {
                    "category": "undetected",
                    "engine_name": "Malwarebytes",
                    "engine_version": "3.6.4.335",
                    "result": null,
                    "method": "blacklist",
                    "engine_update": "20200606"
                },
                "Zillya": {
                    "category": "undetected",
                    "engine_name": "Zillya",
                    "engine_version": "2.0.0.4105",
                    "result": null,
                    "method": "blacklist",
                    "engine_update": "20200606"
                },
                "Paloalto": {
                    "category": "type-unsupported",
                    "engine_name": "Paloalto",
                    "engine_version": "1.0",
                    "result": null,
                    "method": "blacklist",
                    "engine_update": "20200606"
                },
                "Sangfor": {
                    "category": "undetected",
                    "engine_name": "Sangfor",
                    "engine_version": "1.0",
                    "result": null,
                    "method": "blacklist",
                    "engine_update": "20200423"
                },
                "Trustlook": {
                    "category": "malicious",
                    "engine_name": "Trustlook",
                    "engine_version": "1.0",
                    "result": "Android.Malware.General (score:6)",
                    "method": "blacklist",
                    "engine_update": "20200606"
                },
                "Alibaba": {
                    "category": "malicious",
                    "engine_name": "Alibaba",
                    "engine_version": "0.3.0.5",
                    "result": "Trojan:Android/Agent.68a0157b",
                    "method": "blacklist",
                    "engine_update": "20190527"
                },
                "K7GW": {
                    "category": "malicious",
                    "engine_name": "K7GW",
                    "engine_version": "11.113.34328",
                    "result": "Trojan ( 004b144e1 )",
                    "method": "blacklist",
                    "engine_update": "20200606"
                },
                "K7AntiVirus": {
                    "category": "undetected",
                    "engine_name": "K7AntiVirus",
                    "engine_version": "11.113.34328",
                    "result": null,
                    "method": "blacklist",
                    "engine_update": "20200606"
                },
                "Invincea": {
                    "category": "type-unsupported",
                    "engine_name": "Invincea",
                    "engine_version": "6.3.6.26157",
                    "result": null,
                    "method": "blacklist",
                    "engine_update": "20200502"
                },
                "Baidu": {
                    "category": "undetected",
                    "engine_name": "Baidu",
                    "engine_version": "1.0.0.2",
                    "result": null,
                    "method": "blacklist",
                    "engine_update": "20190318"
                },
                "F-Prot": {
                    "category": "malicious",
                    "engine_name": "F-Prot",
                    "engine_version": "4.7.1.166",
                    "result": "AndroidOS/SMSPay.K",
                    "method": "blacklist",
                    "engine_update": "20200606"
                },
                "SymantecMobileInsight": {
                    "category": "malicious",
                    "engine_name": "SymantecMobileInsight",
                    "engine_version": "2.0",
                    "result": "Trojan:Premiumtext",
                    "method": "blacklist",
                    "engine_update": "20200527"
                },
                "Symantec": {
                    "category": "malicious",
                    "engine_name": "Symantec",
                    "engine_version": "1.11.0.0",
                    "result": "Trojan.Gen.2",
                    "method": "blacklist",
                    "engine_update": "20200605"
                },
                "TotalDefense": {
                    "category": "undetected",
                    "engine_name": "TotalDefense",
                    "engine_version": "37.1.62.1",
                    "result": null,
                    "method": "blacklist",
                    "engine_update": "20200601"
                },
                "APEX": {
                    "category": "type-unsupported",
                    "engine_name": "APEX",
                    "engine_version": "6.32",
                    "result": null,
                    "method": "blacklist",
                    "engine_update": "20200604"
                },
                "TrendMicro-HouseCall": {
                    "category": "undetected",
                    "engine_name": "TrendMicro-HouseCall",
                    "engine_version": "10.0.0.1040",
                    "result": null,
                    "method": "blacklist",
                    "engine_update": "20200606"
                },
                "Avast": {
                    "category": "malicious",
                    "engine_name": "Avast",
                    "engine_version": "18.4.3895.0",
                    "result": "Android:TrojanSMS-ABW [Trj]",
                    "method": "blacklist",
                    "engine_update": "20200606"
                },
                "ClamAV": {
                    "category": "undetected",
                    "engine_name": "ClamAV",
                    "engine_version": "0.102.3.0",
                    "result": null,
                    "method": "blacklist",
                    "engine_update": "20200606"
                },
                "Kaspersky": {
                    "category": "malicious",
                    "engine_name": "Kaspersky",
                    "engine_version": "15.0.1.13",
                    "result": "HEUR:Trojan-SMS.AndroidOS.Agent.qv",
                    "method": "blacklist",
                    "engine_update": "20200606"
                },
                "BitDefender": {
                    "category": "undetected",
                    "engine_name": "BitDefender",
                    "engine_version": "7.2",
                    "result": null,
                    "method": "blacklist",
                    "engine_update": "20200606"
                },
                "NANO-Antivirus": {
                    "category": "malicious",
                    "engine_name": "NANO-Antivirus",
                    "engine_version": "1.0.134.25112",
                    "result": "Trojan.Android.TrojanSMS.dxsoyk",
                    "method": "blacklist",
                    "engine_update": "20200606"
                },
                "SUPERAntiSpyware": {
                    "category": "undetected",
                    "engine_name": "SUPERAntiSpyware",
                    "engine_version": "5.6.0.1032",
                    "result": null,
                    "method": "blacklist",
                    "engine_update": "20200606"
                },
                "Tencent": {
                    "category": "malicious",
                    "engine_name": "Tencent",
                    "engine_version": "1.0.0.1",
                    "result": "Trojan.Android.Smssend.k",
                    "method": "blacklist",
                    "engine_update": "20200606"
                },
                "Ad-Aware": {
                    "category": "undetected",
                    "engine_name": "Ad-Aware",
                    "engine_version": "3.0.5.370",
                    "result": null,
                    "method": "blacklist",
                    "engine_update": "20200606"
                },
                "Sophos": {
                    "category": "malicious",
                    "engine_name": "Sophos",
                    "engine_version": "4.98.0",
                    "result": "Andr/VietSMS-AL",
                    "method": "blacklist",
                    "engine_update": "20200606"
                },
                "Comodo": {
                    "category": "malicious",
                    "engine_name": "Comodo",
                    "engine_version": "32511",
                    "result": "Malware@#1hgnlqg0dpsv1",
                    "method": "blacklist",
                    "engine_update": "20200606"
                },
                "F-Secure": {
                    "category": "undetected",
                    "engine_name": "F-Secure",
                    "engine_version": "12.0.86.52",
                    "result": null,
                    "method": "blacklist",
                    "engine_update": "20200606"
                },
                "DrWeb": {
                    "category": "malicious",
                    "engine_name": "DrWeb",
                    "engine_version": "7.0.46.3050",
                    "result": "Android.SmsSend.1419",
                    "method": "blacklist",
                    "engine_update": "20200606"
                },
                "VIPRE": {
                    "category": "undetected",
                    "engine_name": "VIPRE",
                    "engine_version": "84270",
                    "result": null,
                    "method": "blacklist",
                    "engine_update": "20200606"
                },
                "TrendMicro": {
                    "category": "undetected",
                    "engine_name": "TrendMicro",
                    "engine_version": "11.0.0.1006",
                    "result": null,
                    "method": "blacklist",
                    "engine_update": "20200606"
                },
                "McAfee-GW-Edition": {
                    "category": "malicious",
                    "engine_name": "McAfee-GW-Edition",
                    "engine_version": "v2017.3010",
                    "result": "Artemis!Trojan",
                    "method": "blacklist",
                    "engine_update": "20200606"
                },
                "Trapmine": {
                    "category": "type-unsupported",
                    "engine_name": "Trapmine",
                    "engine_version": "3.2.25.947",
                    "result": null,
                    "method": "blacklist",
                    "engine_update": "20200505"
                },
                "FireEye": {
                    "category": "undetected",
                    "engine_name": "FireEye",
                    "engine_version": "32.31.0.0",
                    "result": null,
                    "method": "blacklist",
                    "engine_update": "20200606"
                },
                "Emsisoft": {
                    "category": "undetected",
                    "engine_name": "Emsisoft",
                    "engine_version": "2018.12.0.1641",
                    "result": null,
                    "method": "blacklist",
                    "engine_update": "20200605"
                },
                "SentinelOne": {
                    "category": "undetected",
                    "engine_name": "SentinelOne",
                    "engine_version": "4.3.0.105",
                    "result": null,
                    "method": "blacklist",
                    "engine_update": "20200601"
                },
                "Cyren": {
                    "category": "malicious",
                    "engine_name": "Cyren",
                    "engine_version": "6.3.0.2",
                    "result": "AndroidOS/SMSPay.K",
                    "method": "blacklist",
                    "engine_update": "20200606"
                },
                "Jiangmin": {
                    "category": "undetected",
                    "engine_name": "Jiangmin",
                    "engine_version": "16.0.100",
                    "result": null,
                    "method": "blacklist",
                    "engine_update": "20200606"
                },
                "Webroot": {
                    "category": "type-unsupported",
                    "engine_name": "Webroot",
                    "engine_version": "1.0.0.403",
                    "result": null,
                    "method": "blacklist",
                    "engine_update": "20200606"
                },
                "Avira": {
                    "category": "malicious",
                    "engine_name": "Avira",
                    "engine_version": "8.3.3.8",
                    "result": "ANDROID/TrojanSMS.Agent.ASU.Gen",
                    "method": "blacklist",
                    "engine_update": "20200606"
                },
                "eGambit": {
                    "category": "type-unsupported",
                    "engine_name": "eGambit",
                    "engine_version": null,
                    "result": null,
                    "method": "blacklist",
                    "engine_update": "20200606"
                },
                "Antiy-AVL": {
                    "category": "undetected",
                    "engine_name": "Antiy-AVL",
                    "engine_version": "3.0.0.1",
                    "result": null,
                    "method": "blacklist",
                    "engine_update": "20200606"
                },
                "Kingsoft": {
                    "category": "undetected",
                    "engine_name": "Kingsoft",
                    "engine_version": "2013.8.14.323",
                    "result": null,
                    "method": "blacklist",
                    "engine_update": "20200606"
                },
                "Microsoft": {
                    "category": "malicious",
                    "engine_name": "Microsoft",
                    "engine_version": "1.1.17100.2",
                    "result": "Trojan:Script/Wacatac.C!ml",
                    "method": "blacklist",
                    "engine_update": "20200606"
                },
                "Endgame": {
                    "category": "type-unsupported",
                    "engine_name": "Endgame",
                    "engine_version": "4.0.4",
                    "result": null,
                    "method": "blacklist",
                    "engine_update": "20200530"
                },
                "Arcabit": {
                    "category": "undetected",
                    "engine_name": "Arcabit",
                    "engine_version": "1.0.0.875",
                    "result": null,
                    "method": "blacklist",
                    "engine_update": "20200606"
                },
                "ViRobot": {
                    "category": "undetected",
                    "engine_name": "ViRobot",
                    "engine_version": "2014.3.20.0",
                    "result": null,
                    "method": "blacklist",
                    "engine_update": "20200606"
                },
                "ZoneAlarm": {
                    "category": "malicious",
                    "engine_name": "ZoneAlarm",
                    "engine_version": "1.0",
                    "result": "HEUR:Trojan-SMS.AndroidOS.Agent.qv",
                    "method": "blacklist",
                    "engine_update": "20200606"
                },
                "Avast-Mobile": {
                    "category": "malicious",
                    "engine_name": "Avast-Mobile",
                    "engine_version": "200605-00",
                    "result": "Android:TrojanSMS-WL [Trj]",
                    "method": "blacklist",
                    "engine_update": "20200605"
                },
                "GData": {
                    "category": "undetected",
                    "engine_name": "GData",
                    "engine_version": "A:25.25847B:27.18996",
                    "result": null,
                    "method": "blacklist",
                    "engine_update": "20200606"
                },
                "TACHYON": {
                    "category": "undetected",
                    "engine_name": "TACHYON",
                    "engine_version": "2020-06-06.02",
                    "result": null,
                    "method": "blacklist",
                    "engine_update": "20200606"
                },
                "AhnLab-V3": {
                    "category": "malicious",
                    "engine_name": "AhnLab-V3",
                    "engine_version": "3.17.6.27456",
                    "result": "Trojan/Android.SMSAgent.37643",
                    "method": "blacklist",
                    "engine_update": "20200606"
                },
                "Acronis": {
                    "category": "type-unsupported",
                    "engine_name": "Acronis",
                    "engine_version": "1.1.1.76",
                    "result": null,
                    "method": "blacklist",
                    "engine_update": "20200603"
                },
                "BitDefenderTheta": {
                    "category": "undetected",
                    "engine_name": "BitDefenderTheta",
                    "engine_version": "7.2.37796.0",
                    "result": null,
                    "method": "blacklist",
                    "engine_update": "20200603"
                },
                "ALYac": {
                    "category": "undetected",
                    "engine_name": "ALYac",
                    "engine_version": "1.1.1.5",
                    "result": null,
                    "method": "blacklist",
                    "engine_update": "20200606"
                },
                "MAX": {
                    "category": "malicious",
                    "engine_name": "MAX",
                    "engine_version": "2019.9.16.1",
                    "result": "malware (ai score=100)",
                    "method": "blacklist",
                    "engine_update": "20200606"
                },
                "VBA32": {
                    "category": "undetected",
                    "engine_name": "VBA32",
                    "engine_version": "4.4.1",
                    "result": null,
                    "method": "blacklist",
                    "engine_update": "20200605"
                },
                "Cylance": {
                    "category": "type-unsupported",
                    "engine_name": "Cylance",
                    "engine_version": "2.3.1.101",
                    "result": null,
                    "method": "blacklist",
                    "engine_update": "20200606"
                },
                "Zoner": {
                    "category": "malicious",
                    "engine_name": "Zoner",
                    "engine_version": "0.0.0.0",
                    "result": "Trojan.Android.Gen.1619172",
                    "method": "blacklist",
                    "engine_update": "20200605"
                },
                "ESET-NOD32": {
                    "category": "malicious",
                    "engine_name": "ESET-NOD32",
                    "engine_version": "21449",
                    "result": "a variant of Android/TrojanSMS.Agent.ASU",
                    "method": "blacklist",
                    "engine_update": "20200606"
                },
                "Rising": {
                    "category": "undetected",
                    "engine_name": "Rising",
                    "engine_version": "25.0.0.25",
                    "result": null,
                    "method": "blacklist",
                    "engine_update": "20200606"
                },
                "Yandex": {
                    "category": "undetected",
                    "engine_name": "Yandex",
                    "engine_version": "5.5.2.24",
                    "result": null,
                    "method": "blacklist",
                    "engine_update": "20200604"
                },
                "Ikarus": {
                    "category": "malicious",
                    "engine_name": "Ikarus",
                    "engine_version": "0.1.5.2",
                    "result": "Trojan-SMS.AndroidOS.Agent",
                    "method": "blacklist",
                    "engine_update": "20200606"
                },
                "MaxSecure": {
                    "category": "failure",
                    "engine_name": "MaxSecure",
                    "engine_version": "1.0.0.1",
                    "result": null,
                    "method": "blacklist",
                    "engine_update": "20200603"
                },
                "Fortinet": {
                    "category": "malicious",
                    "engine_name": "Fortinet",
                    "engine_version": "6.2.142.0",
                    "result": "Android/Agent.ASU!tr",
                    "method": "blacklist",
                    "engine_update": "20200606"
                },
                "AVG": {
                    "category": "malicious",
                    "engine_name": "AVG",
                    "engine_version": "18.4.3895.0",
                    "result": "Android:TrojanSMS-ABW [Trj]",
                    "method": "blacklist",
                    "engine_update": "20200606"
                },
                "Cybereason": {
                    "category": "type-unsupported",
                    "engine_name": "Cybereason",
                    "engine_version": null,
                    "result": null,
                    "method": "blacklist",
                    "engine_update": "20180308"
                },
                "Panda": {
                    "category": "undetected",
                    "engine_name": "Panda",
                    "engine_version": "4.6.4.2",
                    "result": null,
                    "method": "blacklist",
                    "engine_update": "20200606"
                },
                "CrowdStrike": {
                    "category": "type-unsupported",
                    "engine_name": "CrowdStrike",
                    "engine_version": "1.0",
                    "result": null,
                    "method": "blacklist",
                    "engine_update": "20180202"
                },
                "Qihoo-360": {
                    "category": "malicious",
                    "engine_name": "Qihoo-360",
                    "engine_version": "1.0.0.1120",
                    "result": "Trojan.Android.Gen",
                    "method": "blacklist",
                    "engine_update": "20200606"
                }
            },
            "sha256": "003cb8a203421fd65e65917567df2933710a6a0a94b2b877b16296646cf0998d",
            "type_extension": "apk",
            "tags": [
                "apk",
                "android"
            ],
            "last_analysis_date": 1591453399,
            "unique_sources": 7,
            "first_submission_date": 1417358563,
            "sha1": "7bc7402393e627af48d729cfa5eddc720bab027e",
            "ssdeep": "12288:AjvRSPTVYjgRo5p/dc2uxYyQRI+EO+mA37Y1XddYfA68d8Us4L:cv4JYj7p/B4LQRIth34XrYfO8x4L",
            "bundle_info": {
                "highest_datetime": "2014-11-27 17:29:26",
                "lowest_datetime": "2014-11-16 19:09:14",
                "num_children": 19,
                "extensions": {
                    "xml": 5,
                    "dex": 1,
                    "MF": 1,
                    "RSA": 1,
                    "jpg": 5,
                    "txt": 2,
                    "SF": 1,
                    "png": 2
                },
                "file_types": {
                    "XML": 5,
                    "unknown": 6,
                    "DEX": 1,
                    "PNG": 2,
                    "JPG": 5
                },
                "type": "APK",
                "uncompressed_size": 1111819
            },
            "md5": "adf0cd4652c44ca3b5e55ce69d3f5ff7",
            "androguard": {
                "Activities": [
                    "caudep.vn.hotclipapp.MainActivity"
                ],
                "AndroidVersionCode": "1",
                "main_activity": "caudep.vn.hotclipapp.MainActivity",
                "certificate": {
                    "Subject": {
                        "DN": "C:30000, CN:Trinh Thanh Tam, L:Ben Tre, O:MrTam, ST:Ba Tri, OU:MrTam",
                        "C": "30000",
                        "CN": "Trinh Thanh Tam",
                        "L": "Ben Tre",
                        "O": "MrTam",
                        "ST": "Ba Tri",
                        "OU": "MrTam"
                    },
                    "validto": "2042-03-03 17:53:23",
                    "serialnumber": "2d93a3b3",
                    "thumbprint": "4087415e28c89a0f94dbdfa971a25d76e296d667",
                    "validfrom": "2014-10-16 17:53:23",
                    "Issuer": {
                        "DN": "C:30000, CN:Trinh Thanh Tam, L:Ben Tre, O:MrTam, ST:Ba Tri, OU:MrTam",
                        "C": "30000",
                        "CN": "Trinh Thanh Tam",
                        "L": "Ben Tre",
                        "O": "MrTam",
                        "ST": "Ba Tri",
                        "OU": "MrTam"
                    }
                },
                "VTAndroidInfo": 1.41,
                "Package": "caudep.vn.hotclipapp",
                "intent_filters": {
                    "Services": {},
                    "Activities": {
                        "caudep.vn.hotclipapp.MainActivity": {
                            "action": [
                                "android.intent.action.MAIN"
                            ],
                            "category": [
                                "android.intent.category.LAUNCHER"
                            ]
                        }
                    },
                    "Receivers": {}
                },
                "permission_details": {
                    "android.permission.SEND_SMS": {
                        "short_description": "send SMS messages",
                        "full_description": "Allows application to send SMS messages. Malicious applications may cost you money by sending messages without your confirmation.",
                        "permission_type": "dangerous"
                    },
                    "android.permission.WRITE_EXTERNAL_STORAGE": {
                        "short_description": "modify/delete SD card contents",
                        "full_description": "Allows an application to write to the SD card.",
                        "permission_type": "dangerous"
                    },
                    "android.permission.ACCESS_NETWORK_STATE": {
                        "short_description": "view network status",
                        "full_description": "Allows an application to view the status of all networks.",
                        "permission_type": "normal"
                    },
                    "android.permission.INTERNET": {
                        "short_description": "full Internet access",
                        "full_description": "Allows an application to create network sockets.",
                        "permission_type": "dangerous"
                    }
                },
                "AndroidApplication": 1,
                "StringsInformation": [
                    "http://caudep.vn/clip/get_api.php"
                ],
                "AndroidApplicationError": false,
                "AndroidVersionName": "1.0",
                "RiskIndicator": {
                    "APK": {
                        "DEX": 1
                    },
                    "PERM": {
                        "MONEY": 1,
                        "NORMAL": 1,
                        "SMS": 1,
                        "DANGEROUS": 1,
                        "INTERNET": 1
                    }
                },
                "MinSdkVersion": "8",
                "TargetSdkVersion": "21",
                "AndroguardVersion": "3.0-dev",
                "AndroidApplicationInfo": "APK"
            },
            "magic": "Zip archive data, at least v1.0 to extract",
            "last_analysis_stats": {
                "harmless": 0,
                "type-unsupported": 11,
                "suspicious": 0,
                "confirmed-timeout": 0,
                "timeout": 0,
                "failure": 1,
                "malicious": 30,
                "undetected": 33
            },
            "meaningful_name": "VirusShare_adf0cd4652c44ca3b5e55ce69d3f5ff7",
            "reputation": 0
        },
        "type": "file",
        "id": "003cb8a203421fd65e65917567df2933710a6a0a94b2b877b16296646cf0998d",
        "links": {
            "self": "https://www.virustotal.com/api/v3/files/003cb8a203421fd65e65917567df2933710a6a0a94b2b877b16296646cf0998d"
        }
    }
}