{
    "data": {
        "attributes": {
            "type_description": "Android",
            "tlsh": "T1AB53F1234E6E5211C917AA36FC860397E94DB1C4068EF86F2E049250AD7BCD44F5F9EB",
            "vhash": "11b897083544800775360cdfc36c0c81",
            "trid": [
                {
                    "file_type": "Android Package",
                    "probability": 67.5
                },
                {
                    "file_type": "Java Archive",
                    "probability": 23.6
                },
                {
                    "file_type": "ZIP compressed archive",
                    "probability": 7.0
                },
                {
                    "file_type": "PrintFox/Pagefox bitmap (640x800)",
                    "probability": 1.7
                }
            ],
            "names": [
                "02425",
                "00453CA8895FD43A2509E3B731CEEF37A337FE61A36DB3ECE0F2952E3EDEEBC8.apk",
                "00453ca8895fd43a2509e3b731ceef37a337fe61a36db3ece0f2952e3edeebc8.apk",
                "ffa5bd02c09f16a5faafa60c7b6d73d9.apk",
                "VirusShare_ffa5bd02c09f16a5faafa60c7b6d73d9",
                "myfile.exe",
                "00453ca8895fd43a2509e3b731ceef37a337fe61a36db3ece0f2952e3edeebc8.vir",
                "VirusShare_ffa5bd02c09f16a5faafa60c7b6d73d9.apk",
                "00453ca8895fd43a2509e3b731ceef37a337fe61a36db3ece0f2952e3edeebc8",
                "9fae35434352a39c902fee7bbe91e8fa0cacc130.apk",
                "ffa5bd02c09f16a5faafa60c7b6d73d9_1.apk",
                "file-5042107_",
                "test.txt",
                "00453CA8895FD43A2509E3B731CEEF37A337FE61A36DB3ECE0F2952E3EDEEBC8.log",
                "00453ca8895fd43a2509e3b731ceef37a337fe61a36db3ece0f2952e3edeebc8.bin",
                "ffa5bd02c09f16a5faafa60c7b6d73d9",
                "74E6pOqVwL.xlsb"
            ],
            "last_modification_date": 1655717665,
            "type_tag": "android",
            "times_submitted": 65,
            "total_votes": {
                "harmless": 0,
                "malicious": 0
            },
            "size": 65018,
            "popular_threat_classification": {
                "suggested_threat_label": "trojan.fakeinst/artemis",
                "popular_threat_category": [
                    {
                        "count": 18,
                        "value": "trojan"
                    }
                ],
                "popular_threat_name": [
                    {
                        "count": 18,
                        "value": "fakeinst"
                    },
                    {
                        "count": 2,
                        "value": "artemis"
                    },
                    {
                        "count": 2,
                        "value": "fake"
                    }
                ]
            },
            "last_submission_date": 1641115976,
            "last_analysis_results": {
                "Bkav": {
                    "category": "undetected",
                    "engine_name": "Bkav",
                    "engine_version": "1.3.0.9899",
                    "result": null,
                    "method": "blacklist",
                    "engine_update": "20211231"
                },
                "Lionic": {
                    "category": "malicious",
                    "engine_name": "Lionic",
                    "engine_version": "4.2",
                    "result": "Trojan.AndroidOS.FakeInst.C!c",
                    "method": "blacklist",
                    "engine_update": "20220102"
                },
                "Elastic": {
                    "category": "type-unsupported",
                    "engine_name": "Elastic",
                    "engine_version": "4.0.32",
                    "result": null,
                    "method": "blacklist",
                    "engine_update": "20211223"
                },
                "DrWeb": {
                    "category": "malicious",
                    "engine_name": "DrWeb",
                    "engine_version": "7.0.52.8270",
                    "result": "Android.SmsSend.401",
                    "method": "blacklist",
                    "engine_update": "20220102"
                },
                "MicroWorld-eScan": {
                    "category": "undetected",
                    "engine_name": "MicroWorld-eScan",
                    "engine_version": "14.0.409.0",
                    "result": null,
                    "method": "blacklist",
                    "engine_update": "20220102"
                },
                "CMC": {
                    "category": "undetected",
                    "engine_name": "CMC",
                    "engine_version": "2.10.2019.1",
                    "result": null,
                    "method": "blacklist",
                    "engine_update": "20211026"
                },
                "CAT-QuickHeal": {
                    "category": "malicious",
                    "engine_name": "CAT-QuickHeal",
                    "engine_version": "14.00",
                    "result": "Android.FakeInst.V",
                    "method": "blacklist",
                    "engine_update": "20220101"
                },
                "McAfee": {
                    "category": "malicious",
                    "engine_name": "McAfee",
                    "engine_version": "6.0.6.653",
                    "result": "Artemis!FFA5BD02C09F",
                    "method": "blacklist",
                    "engine_update": "20220102"
                },
                "Malwarebytes": {
                    "category": "undetected",
                    "engine_name": "Malwarebytes",
                    "engine_version": "4.2.2.27",
                    "result": null,
                    "method": "blacklist",
                    "engine_update": "20220102"
                },
                "Zillya": {
                    "category": "malicious",
                    "engine_name": "Zillya",
                    "engine_version": "2.0.0.4538",
                    "result": "Trojan.FakeInst.Android.31387",
                    "method": "blacklist",
                    "engine_update": "20211231"
                },
                "Paloalto": {
                    "category": "type-unsupported",
                    "engine_name": "Paloalto",
                    "engine_version": "1.0",
                    "result": null,
                    "method": "blacklist",
                    "engine_update": "20220102"
                },
                "Sangfor": {
                    "category": "malicious",
                    "engine_name": "Sangfor",
                    "engine_version": "2.9.0.0",
                    "result": "Malware.Android-Script.Save.0bce05fe",
                    "method": "blacklist",
                    "engine_update": "20211224"
                },
                "Trustlook": {
                    "category": "malicious",
                    "engine_name": "Trustlook",
                    "engine_version": "1.0",
                    "result": "Android.Malware.Trojan",
                    "method": "blacklist",
                    "engine_update": "20220102"
                },
                "Alibaba": {
                    "category": "malicious",
                    "engine_name": "Alibaba",
                    "engine_version": "0.3.0.5",
                    "result": "Trojan:Android/FakeInst.c84d03da",
                    "method": "blacklist",
                    "engine_update": "20190527"
                },
                "K7GW": {
                    "category": "malicious",
                    "engine_name": "K7GW",
                    "engine_version": "11.238.40117",
                    "result": "Trojan ( 0048da811 )",
                    "method": "blacklist",
                    "engine_update": "20220102"
                },
                "K7AntiVirus": {
                    "category": "undetected",
                    "engine_name": "K7AntiVirus",
                    "engine_version": "11.238.40117",
                    "result": null,
                    "method": "blacklist",
                    "engine_update": "20220102"
                },
                "Arcabit": {
                    "category": "undetected",
                    "engine_name": "Arcabit",
                    "engine_version": "1.0.0.888",
                    "result": null,
                    "method": "blacklist",
                    "engine_update": "20220102"
                },
                "BitDefenderTheta": {
                    "category": "undetected",
                    "engine_name": "BitDefenderTheta",
                    "engine_version": "7.2.37796.0",
                    "result": null,
                    "method": "blacklist",
                    "engine_update": "20211223"
                },
                "VirIT": {
                    "category": "malicious",
                    "engine_name": "VirIT",
                    "engine_version": "9.5.103",
                    "result": "Android.Trj.SmsSend.PL",
                    "method": "blacklist",
                    "engine_update": "20211231"
                },
                "Cyren": {
                    "category": "malicious",
                    "engine_name": "Cyren",
                    "engine_version": "6.5.1.2",
                    "result": "AndroidOS/FakeInst.B",
                    "method": "blacklist",
                    "engine_update": "20220102"
                },
                "SymantecMobileInsight": {
                    "category": "failure",
                    "engine_name": "SymantecMobileInsight",
                    "engine_version": "2.0",
                    "result": null,
                    "method": "blacklist",
                    "engine_update": "20211119"
                },
                "Symantec": {
                    "category": "malicious",
                    "engine_name": "Symantec",
                    "engine_version": "1.16.0.0",
                    "result": "Trojan.Gen.MBT",
                    "method": "blacklist",
                    "engine_update": "20220101"
                },
                "ESET-NOD32": {
                    "category": "malicious",
                    "engine_name": "ESET-NOD32",
                    "engine_version": "24552",
                    "result": "Android/TrojanSMS.FakeInst.S",
                    "method": "blacklist",
                    "engine_update": "20220101"
                },
                "APEX": {
                    "category": "type-unsupported",
                    "engine_name": "APEX",
                    "engine_version": "6.245",
                    "result": null,
                    "method": "blacklist",
                    "engine_update": "20220101"
                },
                "TrendMicro-HouseCall": {
                    "category": "malicious",
                    "engine_name": "TrendMicro-HouseCall",
                    "engine_version": "10.0.0.1040",
                    "result": "AndroidOS_FAKE.CDE",
                    "method": "blacklist",
                    "engine_update": "20220102"
                },
                "Avast": {
                    "category": "malicious",
                    "engine_name": "Avast",
                    "engine_version": "21.1.5827.0",
                    "result": "Android:FakeInst-AJL [Trj]",
                    "method": "blacklist",
                    "engine_update": "20220102"
                },
                "ClamAV": {
                    "category": "malicious",
                    "engine_name": "ClamAV",
                    "engine_version": "0.104.1.0",
                    "result": "Andr.Malware.Agent-1459078",
                    "method": "blacklist",
                    "engine_update": "20220101"
                },
                "Kaspersky": {
                    "category": "malicious",
                    "engine_name": "Kaspersky",
                    "engine_version": "21.0.1.45",
                    "result": "HEUR:Trojan-SMS.AndroidOS.FakeInst.a",
                    "method": "blacklist",
                    "engine_update": "20220102"
                },
                "BitDefender": {
                    "category": "undetected",
                    "engine_name": "BitDefender",
                    "engine_version": "7.2",
                    "result": null,
                    "method": "blacklist",
                    "engine_update": "20220102"
                },
                "NANO-Antivirus": {
                    "category": "malicious",
                    "engine_name": "NANO-Antivirus",
                    "engine_version": "1.0.146.25520",
                    "result": "Trojan.Android.Agent.cujvol",
                    "method": "blacklist",
                    "engine_update": "20220102"
                },
                "SUPERAntiSpyware": {
                    "category": "undetected",
                    "engine_name": "SUPERAntiSpyware",
                    "engine_version": "5.6.0.1032",
                    "result": null,
                    "method": "blacklist",
                    "engine_update": "20220101"
                },
                "Tencent": {
                    "category": "malicious",
                    "engine_name": "Tencent",
                    "engine_version": "1.0.0.1",
                    "result": "Trojan.Android.FakeInst.ev",
                    "method": "blacklist",
                    "engine_update": "20220102"
                },
                "Ad-Aware": {
                    "category": "undetected",
                    "engine_name": "Ad-Aware",
                    "engine_version": "3.0.21.193",
                    "result": null,
                    "method": "blacklist",
                    "engine_update": "20220102"
                },
                "Sophos": {
                    "category": "malicious",
                    "engine_name": "Sophos",
                    "engine_version": "1.4.1.0",
                    "result": "Andr/Boxer-C",
                    "method": "blacklist",
                    "engine_update": "20220102"
                },
                "Comodo": {
                    "category": "malicious",
                    "engine_name": "Comodo",
                    "engine_version": "34044",
                    "result": "Malware@#1sxjs15q9dby1",
                    "method": "blacklist",
                    "engine_update": "20211102"
                },
                "F-Secure": {
                    "category": "malicious",
                    "engine_name": "F-Secure",
                    "engine_version": "12.0.86.52",
                    "result": "Trojan:Android/Fakeinst.K",
                    "method": "blacklist",
                    "engine_update": "20220102"
                },
                "Baidu": {
                    "category": "undetected",
                    "engine_name": "Baidu",
                    "engine_version": "1.0.0.2",
                    "result": null,
                    "method": "blacklist",
                    "engine_update": "20190318"
                },
                "VIPRE": {
                    "category": "undetected",
                    "engine_name": "VIPRE",
                    "engine_version": "98088",
                    "result": null,
                    "method": "blacklist",
                    "engine_update": "20220102"
                },
                "TrendMicro": {
                    "category": "malicious",
                    "engine_name": "TrendMicro",
                    "engine_version": "11.0.0.1006",
                    "result": "AndroidOS_FAKE.CDE",
                    "method": "blacklist",
                    "engine_update": "20220102"
                },
                "McAfee-GW-Edition": {
                    "category": "malicious",
                    "engine_name": "McAfee-GW-Edition",
                    "engine_version": "v2019.1.2+3728",
                    "result": "Artemis!Trojan",
                    "method": "blacklist",
                    "engine_update": "20220102"
                },
                "SentinelOne": {
                    "category": "type-unsupported",
                    "engine_name": "SentinelOne",
                    "engine_version": "7.0.0.7",
                    "result": null,
                    "method": "blacklist",
                    "engine_update": "20211129"
                },
                "FireEye": {
                    "category": "undetected",
                    "engine_name": "FireEye",
                    "engine_version": "32.44.1.0",
                    "result": null,
                    "method": "blacklist",
                    "engine_update": "20220102"
                },
                "Emsisoft": {
                    "category": "undetected",
                    "engine_name": "Emsisoft",
                    "engine_version": "2021.5.0.7597",
                    "result": null,
                    "method": "blacklist",
                    "engine_update": "20220102"
                },
                "Ikarus": {
                    "category": "malicious",
                    "engine_name": "Ikarus",
                    "engine_version": "0.1.5.2",
                    "result": "Trojan-SMS.AndroidOS.FakeInst",
                    "method": "blacklist",
                    "engine_update": "20220101"
                },
                "Avast-Mobile": {
                    "category": "malicious",
                    "engine_name": "Avast-Mobile",
                    "engine_version": "220102-00",
                    "result": "Android:FakeInst-PG [Trj]",
                    "method": "blacklist",
                    "engine_update": "20220102"
                },
                "Jiangmin": {
                    "category": "malicious",
                    "engine_name": "Jiangmin",
                    "engine_version": "16.0.100",
                    "result": "Trojan/AndroidOS.btz",
                    "method": "blacklist",
                    "engine_update": "20220101"
                },
                "Webroot": {
                    "category": "type-unsupported",
                    "engine_name": "Webroot",
                    "engine_version": "1.0.0.403",
                    "result": null,
                    "method": "blacklist",
                    "engine_update": "20220102"
                },
                "Avira": {
                    "category": "malicious",
                    "engine_name": "Avira",
                    "engine_version": "8.3.3.12",
                    "result": "ANDROID/FakeInstall.G.Gen",
                    "method": "blacklist",
                    "engine_update": "20220102"
                },
                "eGambit": {
                    "category": "type-unsupported",
                    "engine_name": "eGambit",
                    "engine_version": null,
                    "result": null,
                    "method": "blacklist",
                    "engine_update": "20220102"
                },
                "Antiy-AVL": {
                    "category": "malicious",
                    "engine_name": "Antiy-AVL",
                    "engine_version": "3.0.0.1",
                    "result": "Trojan[SMS]/Android.FakeInst",
                    "method": "blacklist",
                    "engine_update": "20220102"
                },
                "Kingsoft": {
                    "category": "undetected",
                    "engine_name": "Kingsoft",
                    "engine_version": "2017.9.26.565",
                    "result": null,
                    "method": "blacklist",
                    "engine_update": "20220102"
                },
                "Gridinsoft": {
                    "category": "undetected",
                    "engine_name": "Gridinsoft",
                    "engine_version": "1.0.67.167",
                    "result": null,
                    "method": "blacklist",
                    "engine_update": "20220102"
                },
                "Microsoft": {
                    "category": "malicious",
                    "engine_name": "Microsoft",
                    "engine_version": "1.1.18800.4",
                    "result": "Trojan:AndroidOS/FakeInstSms.CA",
                    "method": "blacklist",
                    "engine_update": "20220102"
                },
                "ViRobot": {
                    "category": "undetected",
                    "engine_name": "ViRobot",
                    "engine_version": "2014.3.20.0",
                    "result": null,
                    "method": "blacklist",
                    "engine_update": "20220101"
                },
                "GData": {
                    "category": "undetected",
                    "engine_name": "GData",
                    "engine_version": "A:25.31873B:27.25722",
                    "result": null,
                    "method": "blacklist",
                    "engine_update": "20220102"
                },
                "Cynet": {
                    "category": "malicious",
                    "engine_name": "Cynet",
                    "engine_version": "4.0.0.27",
                    "result": "Malicious (score: 99)",
                    "method": "blacklist",
                    "engine_update": "20220102"
                },
                "BitDefenderFalx": {
                    "category": "malicious",
                    "engine_name": "BitDefenderFalx",
                    "engine_version": "2.0.936",
                    "result": "Android.Trojan.FakeInst.OH",
                    "method": "blacklist",
                    "engine_update": "20211222"
                },
                "AhnLab-V3": {
                    "category": "malicious",
                    "engine_name": "AhnLab-V3",
                    "engine_version": "3.21.2.10258",
                    "result": "Trojan/Android.FakeInst.547158",
                    "method": "blacklist",
                    "engine_update": "20220102"
                },
                "Acronis": {
                    "category": "type-unsupported",
                    "engine_name": "Acronis",
                    "engine_version": "1.1.1.82",
                    "result": null,
                    "method": "blacklist",
                    "engine_update": "20210512"
                },
                "VBA32": {
                    "category": "malicious",
                    "engine_name": "VBA32",
                    "engine_version": "5.0.0",
                    "result": "Trojan-SMS.AndroidOS.FakeInst.a",
                    "method": "blacklist",
                    "engine_update": "20211231"
                },
                "ALYac": {
                    "category": "undetected",
                    "engine_name": "ALYac",
                    "engine_version": "1.1.3.1",
                    "result": null,
                    "method": "blacklist",
                    "engine_update": "20220102"
                },
                "MAX": {
                    "category": "malicious",
                    "engine_name": "MAX",
                    "engine_version": "2019.9.16.1",
                    "result": "malware (ai score=100)",
                    "method": "blacklist",
                    "engine_update": "20220102"
                },
                "Cylance": {
                    "category": "type-unsupported",
                    "engine_name": "Cylance",
                    "engine_version": "2.3.1.101",
                    "result": null,
                    "method": "blacklist",
                    "engine_update": "20220102"
                },
                "Zoner": {
                    "category": "undetected",
                    "engine_name": "Zoner",
                    "engine_version": "2.2.2.0",
                    "result": null,
                    "method": "blacklist",
                    "engine_update": "20220101"
                },
                "Rising": {
                    "category": "undetected",
                    "engine_name": "Rising",
                    "engine_version": "25.0.0.27",
                    "result": null,
                    "method": "blacklist",
                    "engine_update": "20211231"
                },
                "Yandex": {
                    "category": "undetected",
                    "engine_name": "Yandex",
                    "engine_version": "5.5.2.24",
                    "result": null,
                    "method": "blacklist",
                    "engine_update": "20220102"
                },
                "TACHYON": {
                    "category": "undetected",
                    "engine_name": "TACHYON",
                    "engine_version": "2022-01-02.02",
                    "result": null,
                    "method": "blacklist",
                    "engine_update": "20220102"
                },
                "MaxSecure": {
                    "category": "undetected",
                    "engine_name": "MaxSecure",
                    "engine_version": "1.0.0.1",
                    "result": null,
                    "method": "blacklist",
                    "engine_update": "20211231"
                },
                "Fortinet": {
                    "category": "malicious",
                    "engine_name": "Fortinet",
                    "engine_version": "6.2.142.0",
                    "result": "Android/FakeInst.D!tr",
                    "method": "blacklist",
                    "engine_update": "20220102"
                },
                "AVG": {
                    "category": "malicious",
                    "engine_name": "AVG",
                    "engine_version": "21.1.5827.0",
                    "result": "Android:FakeInst-AJL [Trj]",
                    "method": "blacklist",
                    "engine_update": "20220102"
                },
                "Cybereason": {
                    "category": "type-unsupported",
                    "engine_name": "Cybereason",
                    "engine_version": "1.2.449",
                    "result": null,
                    "method": "blacklist",
                    "engine_update": "20210330"
                },
                "Panda": {
                    "category": "undetected",
                    "engine_name": "Panda",
                    "engine_version": "4.6.4.2",
                    "result": null,
                    "method": "blacklist",
                    "engine_update": "20220101"
                },
                "CrowdStrike": {
                    "category": "type-unsupported",
                    "engine_name": "CrowdStrike",
                    "engine_version": "1.0",
                    "result": null,
                    "method": "blacklist",
                    "engine_update": "20210203"
                }
            },
            "sha256": "00453ca8895fd43a2509e3b731ceef37a337fe61a36db3ece0f2952e3edeebc8",
            "type_extension": "apk",
            "tags": [
                "apk",
                "android"
            ],
            "last_analysis_date": 1641115976,
            "unique_sources": 40,
            "first_submission_date": 1337435433,
            "sha1": "9fae35434352a39c902fee7bbe91e8fa0cacc130",
            "ssdeep": "1536:+ZTYc0QCtRzC6K4qJckpo9lOypbr5oy591Mxn8+I:+ZcQqK4V39lXoy5bMx8+I",
            "bundle_info": {
                "highest_datetime": "2012-05-16 15:11:22",
                "lowest_datetime": "2012-05-16 15:11:22",
                "num_children": 29,
                "extensions": {
                    "xml": 6,
                    "dex": 1,
                    "MF": 1,
                    "RSA": 1,
                    "txt": 15,
                    "SF": 1,
                    "png": 3
                },
                "file_types": {
                    "XML": 6,
                    "unknown": 19,
                    "DEX": 1,
                    "PNG": 3
                },
                "type": "APK",
                "uncompressed_size": 186640
            },
            "md5": "ffa5bd02c09f16a5faafa60c7b6d73d9",
            "androguard": {
                "Activities": [
                    "com.soft.android.appinstaller.FirstActivity",
                    "com.soft.android.appinstaller.RulesActivity",
                    "com.soft.android.appinstaller.FinishActivity",
                    "com.soft.android.appinstaller.QuestionActivity",
                    "com.soft.android.appinstaller.MemberActivity"
                ],
                "AndroidVersionCode": "1",
                "main_activity": "com.soft.android.appinstaller.FirstActivity",
                "certificate": {
                    "Subject": {
                        "DN": "C:US, CN:Bruce Key, L:Arizona, O:Mobile Sevices, ST:Arizona, OU:Mobile Services",
                        "C": "US",
                        "CN": "Bruce Key",
                        "L": "Arizona",
                        "O": "Mobile Sevices",
                        "ST": "Arizona",
                        "OU": "Mobile Services"
                    },
                    "validto": "2039-04-04 18:40:24",
                    "serialnumber": "4ec55518",
                    "thumbprint": "9ad4db5f64c6b12106dcae54a9759154c56e27e1",
                    "validfrom": "2011-11-17 18:40:24",
                    "Issuer": {
                        "DN": "C:US, CN:Bruce Key, L:Arizona, O:Mobile Sevices, ST:Arizona, OU:Mobile Services",
                        "C": "US",
                        "CN": "Bruce Key",
                        "L": "Arizona",
                        "O": "Mobile Sevices",
                        "ST": "Arizona",
                        "OU": "Mobile Services"
                    }
                },
                "VTAndroidInfo": 2.0,
                "Package": "com.soft.android.appinstaller",
                "intent_filters": {
                    "Activities": {
                        "com.soft.android.appinstaller.FirstActivity": {
                            "action": [
                                "android.intent.action.MAIN"
                            ],
                            "category": [
                                "android.intent.category.LAUNCHER"
                            ]
                        }
                    },
                    "Receivers": {
                        "com.soft.android.appinstaller.sms.BinarySMSReceiver": {
                            "action": [
                                "android.intent.action.DATA_SMS_RECEIVED"
                            ]
                        }
                    }
                },
                "AndroidApplication": 1,
                "permission_details": {
                    "android.permission.SEND_SMS": {
                        "short_description": "send SMS messages",
                        "full_description": "Allows the app to send SMS messages.\n     This may result in unexpected charges. Malicious apps may cost you money by\n     sending messages without your confirmation.",
                        "permission_type": "dangerous"
                    },
                    "android.permission.READ_PHONE_STATE": {
                        "short_description": "read phone status and identity",
                        "full_description": "Allows the app to access the phone\n      features of the device.  This permission allows the app to determine the\n      phone number and device IDs, whether a call is active, and the remote number\n      connected by a call.",
                        "permission_type": "dangerous"
                    },
                    "android.permission.INTERNET": {
                        "short_description": "full network access",
                        "full_description": "Allows the app to create\n     network sockets and use custom network protocols. The browser and other\n     applications provide means to send data to the internet, so this\n     permission is not required to send data to the internet.",
                        "permission_type": "dangerous"
                    },
                    "android.permission.RECEIVE_SMS": {
                        "short_description": "receive text messages (SMS)",
                        "full_description": "Allows the app to receive and process SMS\n      messages. This means the app could monitor or delete messages sent to your\n      device without showing them to you.",
                        "permission_type": "dangerous"
                    }
                },
                "AndroidApplicationError": false,
                "AndroidVersionName": "1.0",
                "RiskIndicator": {
                    "APK": {
                        "DEX": 1
                    },
                    "PERM": {
                        "MONEY": 1,
                        "PRIVACY": 2,
                        "SMS": 2,
                        "INTERNET": 1
                    }
                },
                "Services": [
                    "com.soft.android.appinstaller.services.SMSSenderService"
                ],
                "MinSdkVersion": "7",
                "Receivers": [
                    "com.soft.android.appinstaller.sms.BinarySMSReceiver"
                ],
                "AndroguardVersion": "3.4.0a1",
                "AndroidApplicationInfo": "APK"
            },
            "magic": "Zip archive data, at least v2.0 to extract",
            "last_analysis_stats": {
                "harmless": 0,
                "type-unsupported": 10,
                "suspicious": 0,
                "confirmed-timeout": 0,
                "timeout": 0,
                "failure": 1,
                "malicious": 37,
                "undetected": 25
            },
            "meaningful_name": "02425",
            "reputation": 0
        },
        "type": "file",
        "id": "00453ca8895fd43a2509e3b731ceef37a337fe61a36db3ece0f2952e3edeebc8",
        "links": {
            "self": "https://www.virustotal.com/api/v3/files/00453ca8895fd43a2509e3b731ceef37a337fe61a36db3ece0f2952e3edeebc8"
        }
    }
}