{
    "data": {
        "attributes": {
            "type_description": "Android",
            "tlsh": "T102652243F942950AC6509C3E0FFF4493E54642F422B0DA29384F8CD6EFD2D0B9A57AA7",
            "vhash": "c2285323a1ac653892a4daa5c5333c34",
            "trid": [
                {
                    "file_type": "Android Package",
                    "probability": 43.5
                },
                {
                    "file_type": "Opera Widget",
                    "probability": 15.8
                },
                {
                    "file_type": "Java Archive",
                    "probability": 15.2
                },
                {
                    "file_type": "Sweet Home 3D design (generic)",
                    "probability": 11.8
                },
                {
                    "file_type": "Mozilla Archive Format (gen)",
                    "probability": 7.9
                }
            ],
            "crowdsourced_yara_results": [
                {
                    "description": "This signature identifies Adobe Extensible Metadata Platform (XMP) identifiers embedded within files. Defined as a standard for mapping graphical asset relationships, XMP allows for tracking of both parent-child relationships and individual revisions. There are three categories of identifiers: original document, document, and instance. Generally, XMP data is stored in XML format, updated on save/copy, and embedded within the graphical asset. These identifiers can be used to track both malicious and benign graphics within common Microsoft and Adobe document lures.",
                    "source": "https://github.com/InQuest/yara-rules-vt",
                    "author": "InQuest Labs",
                    "ruleset_name": "Adobe_XMP_Identifier",
                    "rule_name": "Adobe_XMP_Identifier",
                    "ruleset_id": "0121ae37cc"
                }
            ],
            "names": [
                "000046AF75B3E9B34D9DF6B5084A7649D5A0B4DF82CA1E4F87EA61423B92ACF5.apk",
                "com.cidcnh.caseihen.apk",
                "67ACC09D7F876BC7E80A39B59BBD216B"
            ],
            "last_modification_date": 1648153475,
            "type_tag": "android",
            "times_submitted": 8,
            "total_votes": {
                "harmless": 0,
                "malicious": 0
            },
            "size": 1460067,
            "type_extension": "apk",
            "last_submission_date": 1648146059,
            "last_analysis_results": {
                "Bkav": {
                    "category": "undetected",
                    "engine_name": "Bkav",
                    "engine_version": "1.3.0.9899",
                    "result": null,
                    "method": "blacklist",
                    "engine_update": "20220324"
                },
                "Lionic": {
                    "category": "undetected",
                    "engine_name": "Lionic",
                    "engine_version": "7.5",
                    "result": null,
                    "method": "blacklist",
                    "engine_update": "20220324"
                },
                "tehtris": {
                    "category": "type-unsupported",
                    "engine_name": "tehtris",
                    "engine_version": "v0.0.7",
                    "result": null,
                    "method": "blacklist",
                    "engine_update": "20220324"
                },
                "MicroWorld-eScan": {
                    "category": "undetected",
                    "engine_name": "MicroWorld-eScan",
                    "engine_version": "14.0.409.0",
                    "result": null,
                    "method": "blacklist",
                    "engine_update": "20220324"
                },
                "FireEye": {
                    "category": "undetected",
                    "engine_name": "FireEye",
                    "engine_version": "32.44.1.0",
                    "result": null,
                    "method": "blacklist",
                    "engine_update": "20220324"
                },
                "CAT-QuickHeal": {
                    "category": "undetected",
                    "engine_name": "CAT-QuickHeal",
                    "engine_version": "14.00",
                    "result": null,
                    "method": "blacklist",
                    "engine_update": "20220324"
                },
                "ALYac": {
                    "category": "undetected",
                    "engine_name": "ALYac",
                    "engine_version": "1.1.3.1",
                    "result": null,
                    "method": "blacklist",
                    "engine_update": "20220324"
                },
                "Malwarebytes": {
                    "category": "undetected",
                    "engine_name": "Malwarebytes",
                    "engine_version": "4.2.2.27",
                    "result": null,
                    "method": "blacklist",
                    "engine_update": "20220324"
                },
                "Paloalto": {
                    "category": "type-unsupported",
                    "engine_name": "Paloalto",
                    "engine_version": "0.9.0.1003",
                    "result": null,
                    "method": "blacklist",
                    "engine_update": "20220324"
                },
                "Sangfor": {
                    "category": "undetected",
                    "engine_name": "Sangfor",
                    "engine_version": "2.9.0.0",
                    "result": null,
                    "method": "blacklist",
                    "engine_update": "20211224"
                },
                "Trustlook": {
                    "category": "undetected",
                    "engine_name": "Trustlook",
                    "engine_version": "1.0",
                    "result": null,
                    "method": "blacklist",
                    "engine_update": "20220324"
                },
                "Alibaba": {
                    "category": "undetected",
                    "engine_name": "Alibaba",
                    "engine_version": "0.3.0.5",
                    "result": null,
                    "method": "blacklist",
                    "engine_update": "20190527"
                },
                "K7GW": {
                    "category": "undetected",
                    "engine_name": "K7GW",
                    "engine_version": "12.1.41461",
                    "result": null,
                    "method": "blacklist",
                    "engine_update": "20220324"
                },
                "K7AntiVirus": {
                    "category": "undetected",
                    "engine_name": "K7AntiVirus",
                    "engine_version": "12.1.41464",
                    "result": null,
                    "method": "blacklist",
                    "engine_update": "20220324"
                },
                "Baidu": {
                    "category": "undetected",
                    "engine_name": "Baidu",
                    "engine_version": "1.0.0.2",
                    "result": null,
                    "method": "blacklist",
                    "engine_update": "20190318"
                },
                "VirIT": {
                    "category": "undetected",
                    "engine_name": "VirIT",
                    "engine_version": "9.5.161",
                    "result": null,
                    "method": "blacklist",
                    "engine_update": "20220324"
                },
                "Cyren": {
                    "category": "undetected",
                    "engine_name": "Cyren",
                    "engine_version": "6.5.1.2",
                    "result": null,
                    "method": "blacklist",
                    "engine_update": "20220324"
                },
                "SymantecMobileInsight": {
                    "category": "undetected",
                    "engine_name": "SymantecMobileInsight",
                    "engine_version": "2.0",
                    "result": null,
                    "method": "blacklist",
                    "engine_update": "20220208"
                },
                "Elastic": {
                    "category": "type-unsupported",
                    "engine_name": "Elastic",
                    "engine_version": "4.0.35",
                    "result": null,
                    "method": "blacklist",
                    "engine_update": "20220302"
                },
                "ESET-NOD32": {
                    "category": "undetected",
                    "engine_name": "ESET-NOD32",
                    "engine_version": "24993",
                    "result": null,
                    "method": "blacklist",
                    "engine_update": "20220324"
                },
                "APEX": {
                    "category": "type-unsupported",
                    "engine_name": "APEX",
                    "engine_version": "6.273",
                    "result": null,
                    "method": "blacklist",
                    "engine_update": "20220322"
                },
                "TrendMicro-HouseCall": {
                    "category": "undetected",
                    "engine_name": "TrendMicro-HouseCall",
                    "engine_version": "10.0.0.1040",
                    "result": null,
                    "method": "blacklist",
                    "engine_update": "20220324"
                },
                "Avast": {
                    "category": "undetected",
                    "engine_name": "Avast",
                    "engine_version": "21.1.5827.0",
                    "result": null,
                    "method": "blacklist",
                    "engine_update": "20220324"
                },
                "ClamAV": {
                    "category": "undetected",
                    "engine_name": "ClamAV",
                    "engine_version": "0.104.2.0",
                    "result": null,
                    "method": "blacklist",
                    "engine_update": "20220324"
                },
                "Kaspersky": {
                    "category": "undetected",
                    "engine_name": "Kaspersky",
                    "engine_version": "21.0.1.45",
                    "result": null,
                    "method": "blacklist",
                    "engine_update": "20220324"
                },
                "BitDefender": {
                    "category": "undetected",
                    "engine_name": "BitDefender",
                    "engine_version": "7.2",
                    "result": null,
                    "method": "blacklist",
                    "engine_update": "20220324"
                },
                "NANO-Antivirus": {
                    "category": "undetected",
                    "engine_name": "NANO-Antivirus",
                    "engine_version": "1.0.146.25563",
                    "result": null,
                    "method": "blacklist",
                    "engine_update": "20220324"
                },
                "SUPERAntiSpyware": {
                    "category": "undetected",
                    "engine_name": "SUPERAntiSpyware",
                    "engine_version": "5.6.0.1032",
                    "result": null,
                    "method": "blacklist",
                    "engine_update": "20220319"
                },
                "Rising": {
                    "category": "undetected",
                    "engine_name": "Rising",
                    "engine_version": "25.0.0.27",
                    "result": null,
                    "method": "blacklist",
                    "engine_update": "20220324"
                },
                "Ad-Aware": {
                    "category": "undetected",
                    "engine_name": "Ad-Aware",
                    "engine_version": "3.0.21.193",
                    "result": null,
                    "method": "blacklist",
                    "engine_update": "20220324"
                },
                "Sophos": {
                    "category": "timeout",
                    "engine_name": "Sophos",
                    "engine_version": "1.4.1.0",
                    "result": null,
                    "method": "blacklist",
                    "engine_update": "20220324"
                },
                "Comodo": {
                    "category": "undetected",
                    "engine_name": "Comodo",
                    "engine_version": "34467",
                    "result": null,
                    "method": "blacklist",
                    "engine_update": "20220324"
                },
                "F-Secure": {
                    "category": "undetected",
                    "engine_name": "F-Secure",
                    "engine_version": "12.0.86.52",
                    "result": null,
                    "method": "blacklist",
                    "engine_update": "20220324"
                },
                "DrWeb": {
                    "category": "undetected",
                    "engine_name": "DrWeb",
                    "engine_version": "7.0.54.3080",
                    "result": null,
                    "method": "blacklist",
                    "engine_update": "20220324"
                },
                "Zillya": {
                    "category": "undetected",
                    "engine_name": "Zillya",
                    "engine_version": "2.0.0.4596",
                    "result": null,
                    "method": "blacklist",
                    "engine_update": "20220324"
                },
                "TrendMicro": {
                    "category": "undetected",
                    "engine_name": "TrendMicro",
                    "engine_version": "11.0.0.1006",
                    "result": null,
                    "method": "blacklist",
                    "engine_update": "20220324"
                },
                "McAfee-GW-Edition": {
                    "category": "undetected",
                    "engine_name": "McAfee-GW-Edition",
                    "engine_version": "v2019.1.2+3728",
                    "result": null,
                    "method": "blacklist",
                    "engine_update": "20220324"
                },
                "SentinelOne": {
                    "category": "type-unsupported",
                    "engine_name": "SentinelOne",
                    "engine_version": "7.2.0.1",
                    "result": null,
                    "method": "blacklist",
                    "engine_update": "20220201"
                },
                "Trapmine": {
                    "category": "type-unsupported",
                    "engine_name": "Trapmine",
                    "engine_version": "3.5.45.75",
                    "result": null,
                    "method": "blacklist",
                    "engine_update": "20220217"
                },
                "CMC": {
                    "category": "undetected",
                    "engine_name": "CMC",
                    "engine_version": "2.10.2019.1",
                    "result": null,
                    "method": "blacklist",
                    "engine_update": "20211026"
                },
                "Emsisoft": {
                    "category": "undetected",
                    "engine_name": "Emsisoft",
                    "engine_version": "2021.5.0.7597",
                    "result": null,
                    "method": "blacklist",
                    "engine_update": "20220324"
                },
                "Ikarus": {
                    "category": "failure",
                    "engine_name": "Ikarus",
                    "engine_version": "6.0.11.0",
                    "result": null,
                    "method": "blacklist",
                    "engine_update": "20220324"
                },
                "Avast-Mobile": {
                    "category": "undetected",
                    "engine_name": "Avast-Mobile",
                    "engine_version": "220324-00",
                    "result": null,
                    "method": "blacklist",
                    "engine_update": "20220324"
                },
                "Jiangmin": {
                    "category": "undetected",
                    "engine_name": "Jiangmin",
                    "engine_version": "16.0.100",
                    "result": null,
                    "method": "blacklist",
                    "engine_update": "20220323"
                },
                "Webroot": {
                    "category": "type-unsupported",
                    "engine_name": "Webroot",
                    "engine_version": "1.0.0.403",
                    "result": null,
                    "method": "blacklist",
                    "engine_update": "20220324"
                },
                "Avira": {
                    "category": "undetected",
                    "engine_name": "Avira",
                    "engine_version": "8.3.3.14",
                    "result": null,
                    "method": "blacklist",
                    "engine_update": "20220324"
                },
                "Antiy-AVL": {
                    "category": "undetected",
                    "engine_name": "Antiy-AVL",
                    "engine_version": "3.0.0.1",
                    "result": null,
                    "method": "blacklist",
                    "engine_update": "20220324"
                },
                "Kingsoft": {
                    "category": "undetected",
                    "engine_name": "Kingsoft",
                    "engine_version": "2017.9.26.565",
                    "result": null,
                    "method": "blacklist",
                    "engine_update": "20220324"
                },
                "Microsoft": {
                    "category": "undetected",
                    "engine_name": "Microsoft",
                    "engine_version": "1.1.19000.8",
                    "result": null,
                    "method": "blacklist",
                    "engine_update": "20220324"
                },
                "Gridinsoft": {
                    "category": "undetected",
                    "engine_name": "Gridinsoft",
                    "engine_version": "1.0.74.174",
                    "result": null,
                    "method": "blacklist",
                    "engine_update": "20220324"
                },
                "Arcabit": {
                    "category": "undetected",
                    "engine_name": "Arcabit",
                    "engine_version": "1.0.0.889",
                    "result": null,
                    "method": "blacklist",
                    "engine_update": "20220324"
                },
                "ViRobot": {
                    "category": "undetected",
                    "engine_name": "ViRobot",
                    "engine_version": "2014.3.20.0",
                    "result": null,
                    "method": "blacklist",
                    "engine_update": "20220324"
                },
                "ZoneAlarm": {
                    "category": "undetected",
                    "engine_name": "ZoneAlarm",
                    "engine_version": "1.0",
                    "result": null,
                    "method": "blacklist",
                    "engine_update": "20220324"
                },
                "GData": {
                    "category": "undetected",
                    "engine_name": "GData",
                    "engine_version": "A:25.32624B:27.26778",
                    "result": null,
                    "method": "blacklist",
                    "engine_update": "20220324"
                },
                "Cynet": {
                    "category": "undetected",
                    "engine_name": "Cynet",
                    "engine_version": "4.0.0.27",
                    "result": null,
                    "method": "blacklist",
                    "engine_update": "20220324"
                },
                "BitDefenderFalx": {
                    "category": "undetected",
                    "engine_name": "BitDefenderFalx",
                    "engine_version": "2.0.936",
                    "result": null,
                    "method": "blacklist",
                    "engine_update": "20220103"
                },
                "AhnLab-V3": {
                    "category": "undetected",
                    "engine_name": "AhnLab-V3",
                    "engine_version": "3.21.3.10230",
                    "result": null,
                    "method": "blacklist",
                    "engine_update": "20220324"
                },
                "Acronis": {
                    "category": "type-unsupported",
                    "engine_name": "Acronis",
                    "engine_version": "1.1.1.82",
                    "result": null,
                    "method": "blacklist",
                    "engine_update": "20210512"
                },
                "McAfee": {
                    "category": "undetected",
                    "engine_name": "McAfee",
                    "engine_version": "6.0.6.653",
                    "result": null,
                    "method": "blacklist",
                    "engine_update": "20220324"
                },
                "MAX": {
                    "category": "undetected",
                    "engine_name": "MAX",
                    "engine_version": "2019.9.16.1",
                    "result": null,
                    "method": "blacklist",
                    "engine_update": "20220324"
                },
                "VBA32": {
                    "category": "undetected",
                    "engine_name": "VBA32",
                    "engine_version": "5.0.0",
                    "result": null,
                    "method": "blacklist",
                    "engine_update": "20220324"
                },
                "Cylance": {
                    "category": "type-unsupported",
                    "engine_name": "Cylance",
                    "engine_version": "2.3.1.101",
                    "result": null,
                    "method": "blacklist",
                    "engine_update": "20220324"
                },
                "Zoner": {
                    "category": "undetected",
                    "engine_name": "Zoner",
                    "engine_version": "2.2.2.0",
                    "result": null,
                    "method": "blacklist",
                    "engine_update": "20220323"
                },
                "Tencent": {
                    "category": "undetected",
                    "engine_name": "Tencent",
                    "engine_version": "1.0.0.1",
                    "result": null,
                    "method": "blacklist",
                    "engine_update": "20220324"
                },
                "Yandex": {
                    "category": "undetected",
                    "engine_name": "Yandex",
                    "engine_version": "5.5.2.24",
                    "result": null,
                    "method": "blacklist",
                    "engine_update": "20220324"
                },
                "TACHYON": {
                    "category": "undetected",
                    "engine_name": "TACHYON",
                    "engine_version": "2022-03-24.02",
                    "result": null,
                    "method": "blacklist",
                    "engine_update": "20220324"
                },
                "MaxSecure": {
                    "category": "undetected",
                    "engine_name": "MaxSecure",
                    "engine_version": "1.0.0.1",
                    "result": null,
                    "method": "blacklist",
                    "engine_update": "20220324"
                },
                "Fortinet": {
                    "category": "undetected",
                    "engine_name": "Fortinet",
                    "engine_version": "6.2.142.0",
                    "result": null,
                    "method": "blacklist",
                    "engine_update": "20220324"
                },
                "BitDefenderTheta": {
                    "category": "undetected",
                    "engine_name": "BitDefenderTheta",
                    "engine_version": "7.2.37796.0",
                    "result": null,
                    "method": "blacklist",
                    "engine_update": "20220318"
                },
                "Cybereason": {
                    "category": "type-unsupported",
                    "engine_name": "Cybereason",
                    "engine_version": "1.2.449",
                    "result": null,
                    "method": "blacklist",
                    "engine_update": "20210330"
                },
                "Panda": {
                    "category": "undetected",
                    "engine_name": "Panda",
                    "engine_version": "4.6.4.2",
                    "result": null,
                    "method": "blacklist",
                    "engine_update": "20220324"
                },
                "CrowdStrike": {
                    "category": "type-unsupported",
                    "engine_name": "CrowdStrike",
                    "engine_version": "1.0",
                    "result": null,
                    "method": "blacklist",
                    "engine_update": "20210907"
                }
            },
            "sha256": "000046af75b3e9b34d9df6b5084a7649d5a0b4df82ca1e4f87ea61423b92acf5",
            "tags": [
                "apk",
                "android",
                "reflection",
                "telephony"
            ],
            "last_analysis_date": 1648146059,
            "unique_sources": 6,
            "first_submission_date": 1527529177,
            "sha1": "6e2a457615a1756942cc49ec646885c91381cd4a",
            "ssdeep": "24576:eNHKo0DT+8HDoZjb5HhbFZSLYaeDSxktzEs8luAXawDbiqpfiXvMGO:njoZjb5vZSL0yFXppfo0p",
            "bundle_info": {
                "highest_datetime": "2017-02-21 16:04:00",
                "lowest_datetime": "1980-01-01 00:00:00",
                "num_children": 108,
                "extensions": {
                    "xml": 2,
                    "dex": 1,
                    "MF": 1,
                    "RSA": 1,
                    "jpg": 13,
                    "js": 24,
                    "gif": 1,
                    "png": 44,
                    "SF": 1,
                    "css": 5
                },
                "file_types": {
                    "XML": 2,
                    "DEX": 1,
                    "unknown": 32,
                    "JavaScript": 2,
                    "JPG": 13,
                    "GIF": 1,
                    "JSON": 1,
                    "HTML": 12,
                    "PNG": 44
                },
                "type": "APK",
                "uncompressed_size": 2201687
            },
            "md5": "67acc09d7f876bc7e80a39b59bbd216b",
            "androguard": {
                "Activities": [
                    "com.cidcnh.caseihen.IAPCaseihEN"
                ],
                "AndroidVersionCode": "20107",
                "main_activity": "com.cidcnh.caseihen.IAPCaseihEN",
                "certificate": {
                    "Subject": {
                        "DN": "C:BR, CN:Fastinfo, L:SP, O:Fastinfo SIS, ST:SP, OU:Fastinfo Informatica",
                        "C": "BR",
                        "CN": "Fastinfo",
                        "L": "SP",
                        "O": "Fastinfo SIS",
                        "ST": "SP",
                        "OU": "Fastinfo Informatica"
                    },
                    "validto": "2042-09-08 14:44:28",
                    "serialnumber": "317d6797",
                    "thumbprint": "8b0a298f7a1784bfa6f1d90866fdf0f7c1466efa",
                    "validfrom": "2015-04-23 14:44:28",
                    "Issuer": {
                        "DN": "C:BR, CN:Fastinfo, L:SP, O:Fastinfo SIS, ST:SP, OU:Fastinfo Informatica",
                        "C": "BR",
                        "CN": "Fastinfo",
                        "L": "SP",
                        "O": "Fastinfo SIS",
                        "ST": "SP",
                        "OU": "Fastinfo Informatica"
                    }
                },
                "VTAndroidInfo": 2.0,
                "Package": "com.cidcnh.caseihen",
                "intent_filters": {
                    "Activities": {
                        "com.cidcnh.caseihen.IAPCaseihEN": {
                            "action": [
                                "android.intent.action.MAIN"
                            ],
                            "category": [
                                "android.intent.category.LAUNCHER"
                            ]
                        }
                    }
                },
                "AndroidApplication": 1,
                "StringsInformation": [
                    "http://*/*",
                    "https://*/*",
                    "https://ssl.gstatic.com/accessibility/javascript/android/"
                ],
                "permission_details": {
                    "android.permission.ACCESS_FINE_LOCATION": {
                        "short_description": "precise (GPS) location",
                        "full_description": "Access precise\n      location sources such as the Global Positioning System on the phone. When\n      location services are available and turned on, this permission allows the\n      app to determine your precise location.",
                        "permission_type": "dangerous"
                    },
                    "android.permission.ACCESS_NETWORK_STATE": {
                        "short_description": "view network connections",
                        "full_description": "Allows the app to view\n      information about network connections such as which networks exist and are\n      connected.",
                        "permission_type": "normal"
                    },
                    "android.permission.INTERNET": {
                        "short_description": "full network access",
                        "full_description": "Allows the app to create\n     network sockets and use custom network protocols. The browser and other\n     applications provide means to send data to the internet, so this\n     permission is not required to send data to the internet.",
                        "permission_type": "dangerous"
                    },
                    "android.permission.ACCESS_COARSE_LOCATION": {
                        "short_description": "approximate (network-based) location",
                        "full_description": "Access\n      approximate location from location providers using network sources such as\n      cell tower and Wi-Fi. When these location services are available and turned\n      on, this permission allows the app to determine your approximate\n      location.",
                        "permission_type": "dangerous"
                    }
                },
                "AndroidApplicationError": false,
                "AndroidVersionName": "2.1.7",
                "RiskIndicator": {
                    "APK": {
                        "DEX": 1
                    },
                    "PERM": {
                        "GPS": 2,
                        "INTERNET": 1,
                        "NORMAL": 1,
                        "PRIVACY": 2
                    }
                },
                "MinSdkVersion": "14",
                "AndroguardVersion": "3.4.0a1",
                "AndroidApplicationInfo": "APK"
            },
            "magic": "Zip archive data, at least v2.0 to extract",
            "last_analysis_stats": {
                "harmless": 0,
                "type-unsupported": 11,
                "suspicious": 0,
                "confirmed-timeout": 0,
                "timeout": 1,
                "failure": 1,
                "malicious": 0,
                "undetected": 59
            },
            "meaningful_name": "000046AF75B3E9B34D9DF6B5084A7649D5A0B4DF82CA1E4F87EA61423B92ACF5.apk",
            "reputation": 0
        },
        "type": "file",
        "id": "000046af75b3e9b34d9df6b5084a7649d5a0b4df82ca1e4f87ea61423b92acf5",
        "links": {
            "self": "https://www.virustotal.com/api/v3/files/000046af75b3e9b34d9df6b5084a7649d5a0b4df82ca1e4f87ea61423b92acf5"
        }
    }
}