{
    "data": {
        "attributes": {
            "type_description": "Android",
            "tlsh": "T150E52353E328B13FCDBB48339ABB567612964E880982AB173958714C6DFB5C04F5AFC4",
            "vhash": "8902d27365e10851569b141863b125ed",
            "trid": [
                {
                    "file_type": "Android Package",
                    "probability": 57.0
                },
                {
                    "file_type": "Java Archive",
                    "probability": 20.0
                },
                {
                    "file_type": "Sweet Home 3D design (generic)",
                    "probability": 15.5
                },
                {
                    "file_type": "ZIP compressed archive",
                    "probability": 5.9
                },
                {
                    "file_type": "PrintFox/Pagefox bitmap (640x800)",
                    "probability": 1.4
                }
            ],
            "names": [
                "submission"
            ],
            "last_modification_date": 1641209179,
            "type_tag": "android",
            "times_submitted": 2,
            "total_votes": {
                "harmless": 0,
                "malicious": 0
            },
            "size": 3240754,
            "type_extension": "apk",
            "last_submission_date": 1641201947,
            "last_analysis_results": {
                "Bkav": {
                    "category": "undetected",
                    "engine_name": "Bkav",
                    "engine_version": "1.3.0.9899",
                    "result": null,
                    "method": "blacklist",
                    "engine_update": "20211231"
                },
                "Lionic": {
                    "category": "undetected",
                    "engine_name": "Lionic",
                    "engine_version": "4.2",
                    "result": null,
                    "method": "blacklist",
                    "engine_update": "20220103"
                },
                "Elastic": {
                    "category": "type-unsupported",
                    "engine_name": "Elastic",
                    "engine_version": "4.0.32",
                    "result": null,
                    "method": "blacklist",
                    "engine_update": "20211223"
                },
                "DrWeb": {
                    "category": "undetected",
                    "engine_name": "DrWeb",
                    "engine_version": "7.0.52.8270",
                    "result": null,
                    "method": "blacklist",
                    "engine_update": "20220103"
                },
                "MicroWorld-eScan": {
                    "category": "undetected",
                    "engine_name": "MicroWorld-eScan",
                    "engine_version": "14.0.409.0",
                    "result": null,
                    "method": "blacklist",
                    "engine_update": "20220103"
                },
                "FireEye": {
                    "category": "undetected",
                    "engine_name": "FireEye",
                    "engine_version": "32.44.1.0",
                    "result": null,
                    "method": "blacklist",
                    "engine_update": "20220103"
                },
                "CAT-QuickHeal": {
                    "category": "undetected",
                    "engine_name": "CAT-QuickHeal",
                    "engine_version": "14.00",
                    "result": null,
                    "method": "blacklist",
                    "engine_update": "20220103"
                },
                "McAfee": {
                    "category": "undetected",
                    "engine_name": "McAfee",
                    "engine_version": "6.0.6.653",
                    "result": null,
                    "method": "blacklist",
                    "engine_update": "20220103"
                },
                "Malwarebytes": {
                    "category": "undetected",
                    "engine_name": "Malwarebytes",
                    "engine_version": "4.2.2.27",
                    "result": null,
                    "method": "blacklist",
                    "engine_update": "20220103"
                },
                "Zillya": {
                    "category": "undetected",
                    "engine_name": "Zillya",
                    "engine_version": "2.0.0.4538",
                    "result": null,
                    "method": "blacklist",
                    "engine_update": "20211231"
                },
                "Sangfor": {
                    "category": "undetected",
                    "engine_name": "Sangfor",
                    "engine_version": "2.9.0.0",
                    "result": null,
                    "method": "blacklist",
                    "engine_update": "20211224"
                },
                "Trustlook": {
                    "category": "undetected",
                    "engine_name": "Trustlook",
                    "engine_version": "1.0",
                    "result": null,
                    "method": "blacklist",
                    "engine_update": "20220103"
                },
                "Alibaba": {
                    "category": "undetected",
                    "engine_name": "Alibaba",
                    "engine_version": "0.3.0.5",
                    "result": null,
                    "method": "blacklist",
                    "engine_update": "20190527"
                },
                "K7GW": {
                    "category": "undetected",
                    "engine_name": "K7GW",
                    "engine_version": "11.238.40137",
                    "result": null,
                    "method": "blacklist",
                    "engine_update": "20220103"
                },
                "K7AntiVirus": {
                    "category": "undetected",
                    "engine_name": "K7AntiVirus",
                    "engine_version": "11.238.40136",
                    "result": null,
                    "method": "blacklist",
                    "engine_update": "20220103"
                },
                "Arcabit": {
                    "category": "undetected",
                    "engine_name": "Arcabit",
                    "engine_version": "1.0.0.888",
                    "result": null,
                    "method": "blacklist",
                    "engine_update": "20220103"
                },
                "BitDefenderTheta": {
                    "category": "undetected",
                    "engine_name": "BitDefenderTheta",
                    "engine_version": "7.2.37796.0",
                    "result": null,
                    "method": "blacklist",
                    "engine_update": "20211223"
                },
                "VirIT": {
                    "category": "undetected",
                    "engine_name": "VirIT",
                    "engine_version": "9.5.103",
                    "result": null,
                    "method": "blacklist",
                    "engine_update": "20211231"
                },
                "Cyren": {
                    "category": "undetected",
                    "engine_name": "Cyren",
                    "engine_version": "6.5.1.2",
                    "result": null,
                    "method": "blacklist",
                    "engine_update": "20220103"
                },
                "SymantecMobileInsight": {
                    "category": "failure",
                    "engine_name": "SymantecMobileInsight",
                    "engine_version": "2.0",
                    "result": null,
                    "method": "blacklist",
                    "engine_update": "20211119"
                },
                "Symantec": {
                    "category": "undetected",
                    "engine_name": "Symantec",
                    "engine_version": "1.16.0.0",
                    "result": null,
                    "method": "blacklist",
                    "engine_update": "20220102"
                },
                "ESET-NOD32": {
                    "category": "undetected",
                    "engine_name": "ESET-NOD32",
                    "engine_version": "24557",
                    "result": null,
                    "method": "blacklist",
                    "engine_update": "20220103"
                },
                "APEX": {
                    "category": "type-unsupported",
                    "engine_name": "APEX",
                    "engine_version": "6.245",
                    "result": null,
                    "method": "blacklist",
                    "engine_update": "20220101"
                },
                "TrendMicro-HouseCall": {
                    "category": "undetected",
                    "engine_name": "TrendMicro-HouseCall",
                    "engine_version": "10.0.0.1040",
                    "result": null,
                    "method": "blacklist",
                    "engine_update": "20220103"
                },
                "Avast": {
                    "category": "undetected",
                    "engine_name": "Avast",
                    "engine_version": "21.1.5827.0",
                    "result": null,
                    "method": "blacklist",
                    "engine_update": "20220103"
                },
                "ClamAV": {
                    "category": "undetected",
                    "engine_name": "ClamAV",
                    "engine_version": "0.104.1.0",
                    "result": null,
                    "method": "blacklist",
                    "engine_update": "20220102"
                },
                "Kaspersky": {
                    "category": "undetected",
                    "engine_name": "Kaspersky",
                    "engine_version": "21.0.1.45",
                    "result": null,
                    "method": "blacklist",
                    "engine_update": "20220103"
                },
                "BitDefender": {
                    "category": "undetected",
                    "engine_name": "BitDefender",
                    "engine_version": "7.2",
                    "result": null,
                    "method": "blacklist",
                    "engine_update": "20220103"
                },
                "NANO-Antivirus": {
                    "category": "undetected",
                    "engine_name": "NANO-Antivirus",
                    "engine_version": "1.0.146.25520",
                    "result": null,
                    "method": "blacklist",
                    "engine_update": "20220103"
                },
                "SUPERAntiSpyware": {
                    "category": "undetected",
                    "engine_name": "SUPERAntiSpyware",
                    "engine_version": "5.6.0.1032",
                    "result": null,
                    "method": "blacklist",
                    "engine_update": "20220101"
                },
                "Tencent": {
                    "category": "undetected",
                    "engine_name": "Tencent",
                    "engine_version": "1.0.0.1",
                    "result": null,
                    "method": "blacklist",
                    "engine_update": "20220103"
                },
                "Ad-Aware": {
                    "category": "undetected",
                    "engine_name": "Ad-Aware",
                    "engine_version": "3.0.21.193",
                    "result": null,
                    "method": "blacklist",
                    "engine_update": "20220103"
                },
                "TACHYON": {
                    "category": "undetected",
                    "engine_name": "TACHYON",
                    "engine_version": "2022-01-03.02",
                    "result": null,
                    "method": "blacklist",
                    "engine_update": "20220103"
                },
                "Emsisoft": {
                    "category": "undetected",
                    "engine_name": "Emsisoft",
                    "engine_version": "2021.5.0.7597",
                    "result": null,
                    "method": "blacklist",
                    "engine_update": "20220103"
                },
                "Comodo": {
                    "category": "undetected",
                    "engine_name": "Comodo",
                    "engine_version": "34044",
                    "result": null,
                    "method": "blacklist",
                    "engine_update": "20211102"
                },
                "F-Secure": {
                    "category": "undetected",
                    "engine_name": "F-Secure",
                    "engine_version": "12.0.86.52",
                    "result": null,
                    "method": "blacklist",
                    "engine_update": "20220103"
                },
                "Baidu": {
                    "category": "undetected",
                    "engine_name": "Baidu",
                    "engine_version": "1.0.0.2",
                    "result": null,
                    "method": "blacklist",
                    "engine_update": "20190318"
                },
                "VIPRE": {
                    "category": "undetected",
                    "engine_name": "VIPRE",
                    "engine_version": "98112",
                    "result": null,
                    "method": "blacklist",
                    "engine_update": "20220103"
                },
                "TrendMicro": {
                    "category": "undetected",
                    "engine_name": "TrendMicro",
                    "engine_version": "11.0.0.1006",
                    "result": null,
                    "method": "blacklist",
                    "engine_update": "20220103"
                },
                "McAfee-GW-Edition": {
                    "category": "undetected",
                    "engine_name": "McAfee-GW-Edition",
                    "engine_version": "v2019.1.2+3728",
                    "result": null,
                    "method": "blacklist",
                    "engine_update": "20220103"
                },
                "SentinelOne": {
                    "category": "type-unsupported",
                    "engine_name": "SentinelOne",
                    "engine_version": "7.0.0.7",
                    "result": null,
                    "method": "blacklist",
                    "engine_update": "20211129"
                },
                "CMC": {
                    "category": "undetected",
                    "engine_name": "CMC",
                    "engine_version": "2.10.2019.1",
                    "result": null,
                    "method": "blacklist",
                    "engine_update": "20211026"
                },
                "Sophos": {
                    "category": "undetected",
                    "engine_name": "Sophos",
                    "engine_version": "1.4.1.0",
                    "result": null,
                    "method": "blacklist",
                    "engine_update": "20220103"
                },
                "Paloalto": {
                    "category": "type-unsupported",
                    "engine_name": "Paloalto",
                    "engine_version": "1.0",
                    "result": null,
                    "method": "blacklist",
                    "engine_update": "20220103"
                },
                "Avast-Mobile": {
                    "category": "undetected",
                    "engine_name": "Avast-Mobile",
                    "engine_version": "220102-00",
                    "result": null,
                    "method": "blacklist",
                    "engine_update": "20220102"
                },
                "Jiangmin": {
                    "category": "undetected",
                    "engine_name": "Jiangmin",
                    "engine_version": "16.0.100",
                    "result": null,
                    "method": "blacklist",
                    "engine_update": "20220102"
                },
                "Webroot": {
                    "category": "type-unsupported",
                    "engine_name": "Webroot",
                    "engine_version": "1.0.0.403",
                    "result": null,
                    "method": "blacklist",
                    "engine_update": "20220103"
                },
                "Avira": {
                    "category": "undetected",
                    "engine_name": "Avira",
                    "engine_version": "8.3.3.12",
                    "result": null,
                    "method": "blacklist",
                    "engine_update": "20220103"
                },
                "eGambit": {
                    "category": "type-unsupported",
                    "engine_name": "eGambit",
                    "engine_version": null,
                    "result": null,
                    "method": "blacklist",
                    "engine_update": "20220103"
                },
                "Antiy-AVL": {
                    "category": "undetected",
                    "engine_name": "Antiy-AVL",
                    "engine_version": "3.0.0.1",
                    "result": null,
                    "method": "blacklist",
                    "engine_update": "20220103"
                },
                "Kingsoft": {
                    "category": "undetected",
                    "engine_name": "Kingsoft",
                    "engine_version": "2017.9.26.565",
                    "result": null,
                    "method": "blacklist",
                    "engine_update": "20220103"
                },
                "Gridinsoft": {
                    "category": "undetected",
                    "engine_name": "Gridinsoft",
                    "engine_version": "1.0.67.167",
                    "result": null,
                    "method": "blacklist",
                    "engine_update": "20220103"
                },
                "Microsoft": {
                    "category": "undetected",
                    "engine_name": "Microsoft",
                    "engine_version": "1.1.18800.4",
                    "result": null,
                    "method": "blacklist",
                    "engine_update": "20220103"
                },
                "ViRobot": {
                    "category": "undetected",
                    "engine_name": "ViRobot",
                    "engine_version": "2014.3.20.0",
                    "result": null,
                    "method": "blacklist",
                    "engine_update": "20220103"
                },
                "GData": {
                    "category": "undetected",
                    "engine_name": "GData",
                    "engine_version": "A:25.31888B:27.25734",
                    "result": null,
                    "method": "blacklist",
                    "engine_update": "20220103"
                },
                "Cynet": {
                    "category": "undetected",
                    "engine_name": "Cynet",
                    "engine_version": "4.0.0.27",
                    "result": null,
                    "method": "blacklist",
                    "engine_update": "20220103"
                },
                "BitDefenderFalx": {
                    "category": "undetected",
                    "engine_name": "BitDefenderFalx",
                    "engine_version": "2.0.936",
                    "result": null,
                    "method": "blacklist",
                    "engine_update": "20211222"
                },
                "AhnLab-V3": {
                    "category": "undetected",
                    "engine_name": "AhnLab-V3",
                    "engine_version": "3.21.2.10258",
                    "result": null,
                    "method": "blacklist",
                    "engine_update": "20220103"
                },
                "Acronis": {
                    "category": "type-unsupported",
                    "engine_name": "Acronis",
                    "engine_version": "1.1.1.82",
                    "result": null,
                    "method": "blacklist",
                    "engine_update": "20210512"
                },
                "VBA32": {
                    "category": "undetected",
                    "engine_name": "VBA32",
                    "engine_version": "5.0.0",
                    "result": null,
                    "method": "blacklist",
                    "engine_update": "20211231"
                },
                "ALYac": {
                    "category": "undetected",
                    "engine_name": "ALYac",
                    "engine_version": "1.1.3.1",
                    "result": null,
                    "method": "blacklist",
                    "engine_update": "20220103"
                },
                "MAX": {
                    "category": "undetected",
                    "engine_name": "MAX",
                    "engine_version": "2019.9.16.1",
                    "result": null,
                    "method": "blacklist",
                    "engine_update": "20220103"
                },
                "Cylance": {
                    "category": "type-unsupported",
                    "engine_name": "Cylance",
                    "engine_version": "2.3.1.101",
                    "result": null,
                    "method": "blacklist",
                    "engine_update": "20220103"
                },
                "Zoner": {
                    "category": "undetected",
                    "engine_name": "Zoner",
                    "engine_version": "2.2.2.0",
                    "result": null,
                    "method": "blacklist",
                    "engine_update": "20220102"
                },
                "Rising": {
                    "category": "undetected",
                    "engine_name": "Rising",
                    "engine_version": "25.0.0.27",
                    "result": null,
                    "method": "blacklist",
                    "engine_update": "20220103"
                },
                "Yandex": {
                    "category": "undetected",
                    "engine_name": "Yandex",
                    "engine_version": "5.5.2.24",
                    "result": null,
                    "method": "blacklist",
                    "engine_update": "20220103"
                },
                "Ikarus": {
                    "category": "undetected",
                    "engine_name": "Ikarus",
                    "engine_version": "0.1.5.2",
                    "result": null,
                    "method": "blacklist",
                    "engine_update": "20220102"
                },
                "MaxSecure": {
                    "category": "undetected",
                    "engine_name": "MaxSecure",
                    "engine_version": "1.0.0.1",
                    "result": null,
                    "method": "blacklist",
                    "engine_update": "20211231"
                },
                "Fortinet": {
                    "category": "undetected",
                    "engine_name": "Fortinet",
                    "engine_version": "6.2.142.0",
                    "result": null,
                    "method": "blacklist",
                    "engine_update": "20220103"
                },
                "Cybereason": {
                    "category": "type-unsupported",
                    "engine_name": "Cybereason",
                    "engine_version": "1.2.449",
                    "result": null,
                    "method": "blacklist",
                    "engine_update": "20210330"
                },
                "Panda": {
                    "category": "undetected",
                    "engine_name": "Panda",
                    "engine_version": "4.6.4.2",
                    "result": null,
                    "method": "blacklist",
                    "engine_update": "20220102"
                },
                "CrowdStrike": {
                    "category": "type-unsupported",
                    "engine_name": "CrowdStrike",
                    "engine_version": "1.0",
                    "result": null,
                    "method": "blacklist",
                    "engine_update": null
                }
            },
            "sha256": "0000ee327265f740a73481ffd4cfead52ada6fc95f14aea5a2d929d3a5e7228c",
            "tags": [
                "apk",
                "android",
                "runtime-modules",
                "reflection"
            ],
            "last_analysis_date": 1641201947,
            "unique_sources": 2,
            "first_submission_date": 1638576941,
            "sha1": "708e0ef47f859cc58e9785493c320485bb155fbb",
            "ssdeep": "98304:aUelyrTahVdvre4M4GsRNe5bAyND0d08PD:aNyK/a4MDue5bAyp0z",
            "bundle_info": {
                "highest_datetime": "1981-01-01 01:01:02",
                "lowest_datetime": "1981-01-01 01:01:02",
                "num_children": 411,
                "extensions": {
                    "xml": 230,
                    "v0": 1,
                    "MF": 1,
                    "r0": 1,
                    "Z": 1,
                    "RSA": 1,
                    "otf": 1,
                    "gz": 1,
                    "dat": 1,
                    "dex": 1,
                    "n0": 1,
                    "txt": 1,
                    "ttf": 4,
                    "SF": 1,
                    "png": 56
                },
                "file_types": {
                    "XML": 229,
                    "unknown": 124,
                    "JSON": 1,
                    "DEX": 1,
                    "PNG": 56
                },
                "type": "APK",
                "uncompressed_size": 7027495
            },
            "md5": "07faa618ea25007107c7d3d6001aceca",
            "androguard": {
                "VTAndroidInfo": 2.0,
                "AndroidApplicationError": false,
                "MinSdkVersion": "19",
                "AndroguardVersion": "3.4.0a1",
                "Activities": [
                    "app.bowlr.MainActivity",
                    "com.facebook.FacebookActivity",
                    "com.facebook.CustomTabActivity",
                    "io.flutter.plugins.urllauncher.WebViewActivity",
                    "com.facebook.CustomTabMainActivity",
                    "com.google.firebase.auth.internal.GenericIdpActivity",
                    "com.google.firebase.auth.internal.RecaptchaActivity",
                    "com.google.android.gms.auth.api.signin.internal.SignInHubActivity",
                    "com.google.android.gms.common.api.GoogleApiActivity",
                    "com.android.billingclient.api.ProxyBillingActivity"
                ],
                "certificate": {
                    "Subject": {
                        "DN": "C:US, CN:Android, L:Mountain View, O:Google Inc., ST:California, OU:Android",
                        "C": "US",
                        "CN": "Android",
                        "L": "Mountain View",
                        "O": "Google Inc.",
                        "ST": "California",
                        "OU": "Android"
                    },
                    "validto": "2048-07-04 14:29:15",
                    "serialnumber": "1c5969db52f38708e27d47bb98b6dfe867708ca8",
                    "thumbprint": "e908f695ec59097dae2cbc283519e66a62e23e3f",
                    "validfrom": "2018-07-04 14:29:15",
                    "Issuer": {
                        "DN": "C:US, CN:Android, L:Mountain View, O:Google Inc., ST:California, OU:Android",
                        "C": "US",
                        "CN": "Android",
                        "L": "Mountain View",
                        "O": "Google Inc.",
                        "ST": "California",
                        "OU": "Android"
                    }
                },
                "AndroidApplication": 1,
                "RiskIndicator": {
                    "APK": {
                        "DEX": 1
                    },
                    "PERM": {
                        "INSTANT": 3,
                        "NORMAL": 5,
                        "DANGEROUS": 2,
                        "PRIVACY": 1,
                        "INTERNET": 1,
                        "GPS": 1
                    }
                },
                "Services": [
                    "com.google.firebase.components.ComponentDiscoveryService",
                    "com.google.firebase.auth.api.fallback.service.FirebaseAuthFallbackService",
                    "com.google.android.gms.auth.api.signin.RevocationBoundService",
                    "com.google.android.gms.measurement.AppMeasurementService",
                    "com.google.android.gms.measurement.AppMeasurementJobService"
                ],
                "AndroidVersionCode": "200002230",
                "main_activity": "app.bowlr.MainActivity",
                "Package": "app.bowlr",
                "intent_filters": {
                    "Services": {
                        "com.google.firebase.auth.api.fallback.service.FirebaseAuthFallbackService": {
                            "action": [
                                "com.google.firebase.auth.api.gms.service.START"
                            ],
                            "category": [
                                "android.intent.category.DEFAULT"
                            ]
                        }
                    },
                    "Activities": {
                        "com.google.firebase.auth.internal.RecaptchaActivity": {
                            "action": [
                                "android.intent.action.VIEW"
                            ],
                            "category": [
                                "android.intent.category.DEFAULT",
                                "android.intent.category.BROWSABLE"
                            ]
                        },
                        "com.facebook.CustomTabActivity": {
                            "action": [
                                "android.intent.action.VIEW"
                            ],
                            "category": [
                                "android.intent.category.DEFAULT",
                                "android.intent.category.BROWSABLE"
                            ]
                        },
                        "com.google.firebase.auth.internal.GenericIdpActivity": {
                            "action": [
                                "android.intent.action.VIEW"
                            ],
                            "category": [
                                "android.intent.category.DEFAULT",
                                "android.intent.category.BROWSABLE"
                            ]
                        },
                        "app.bowlr.MainActivity": {
                            "action": [
                                "android.intent.action.MAIN"
                            ],
                            "category": [
                                "android.intent.category.LAUNCHER"
                            ]
                        }
                    },
                    "Receivers": {
                        "com.facebook.CurrentAccessTokenExpirationBroadcastReceiver": {
                            "action": [
                                "com.facebook.sdk.ACTION_CURRENT_ACCESS_TOKEN_CHANGED"
                            ]
                        },
                        "com.facebook.AuthenticationTokenManager$CurrentAuthenticationTokenChangedBroadcastReceiver": {
                            "action": [
                                "com.facebook.sdk.ACTION_CURRENT_AUTHENTICATION_TOKEN_CHANGED"
                            ]
                        },
                        "com.dexterous.flutterlocalnotifications.ScheduledNotificationBootReceiver": {
                            "action": [
                                "android.intent.action.BOOT_COMPLETED",
                                "android.intent.action.MY_PACKAGE_REPLACED",
                                "android.intent.action.QUICKBOOT_POWERON",
                                "com.htc.intent.action.QUICKBOOT_POWERON"
                            ]
                        }
                    }
                },
                "AndroidVersionName": "6.5.4",
                "TargetSdkVersion": "30",
                "AndroidApplicationInfo": "APK",
                "Providers": [
                    "dev.fluttercommunity.plus.share.ShareFileProvider",
                    "com.facebook.internal.FacebookInitProvider",
                    "io.sentry.android.core.SentryPerformanceProvider",
                    "com.google.firebase.provider.FirebaseInitProvider",
                    "androidx.lifecycle.ProcessLifecycleOwnerInitializer"
                ],
                "permission_details": {
                    "android.permission.ACCESS_FINE_LOCATION": {
                        "short_description": "access precise location only in the foreground",
                        "full_description": "This app can get your exact location only when it is in the foreground. These location services must be turned on and available on your phone for the app to be able to use them. This may increase battery consumption.",
                        "permission_type": "dangerous|instant"
                    },
                    "android.permission.VIBRATE": {
                        "short_description": "control vibration",
                        "full_description": "Allows the app to control the vibrator.",
                        "permission_type": "normal|instant"
                    },
                    "android.permission.READ_EXTERNAL_STORAGE": {
                        "short_description": "read the contents of your shared storage",
                        "full_description": "Allows the app to read the contents of your shared storage.",
                        "permission_type": "dangerous"
                    },
                    "android.permission.RECEIVE_BOOT_COMPLETED": {
                        "short_description": "run at startup",
                        "full_description": "Allows the app to\n        have itself started as soon as the system has finished booting.\n        This can make it take longer to start the phone and allow the\n        app to slow down the overall phone by always running.",
                        "permission_type": "normal"
                    },
                    "android.permission.USE_FULL_SCREEN_INTENT": {
                        "short_description": "",
                        "full_description": "",
                        "permission_type": "normal"
                    },
                    "com.google.android.c2dm.permission.RECEIVE": {
                        "short_description": "Unknown permission from android reference",
                        "full_description": "Unknown permission from android reference",
                        "permission_type": "normal"
                    },
                    "android.permission.ACCESS_NETWORK_STATE": {
                        "short_description": "view network connections",
                        "full_description": "Allows the app to view\n      information about network connections such as which networks exist and are\n      connected.",
                        "permission_type": "normal|instant"
                    },
                    "android.permission.WAKE_LOCK": {
                        "short_description": "prevent phone from sleeping",
                        "full_description": "Allows the app to prevent the phone from going to sleep.",
                        "permission_type": "normal|instant"
                    },
                    "android.permission.INTERNET": {
                        "short_description": "have full network access",
                        "full_description": "Allows the app to create\n     network sockets and use custom network protocols. The browser and other\n     applications provide means to send data to the internet, so this\n     permission is not required to send data to the internet.",
                        "permission_type": "normal|instant"
                    },
                    "com.google.android.finsky.permission.BIND_GET_INSTALL_REFERRER_SERVICE": {
                        "short_description": "Unknown permission from android reference",
                        "full_description": "Unknown permission from android reference",
                        "permission_type": "normal"
                    },
                    "android.permission.WRITE_EXTERNAL_STORAGE": {
                        "short_description": "modify or delete the contents of your shared storage",
                        "full_description": "Allows the app to write the contents of your shared storage.",
                        "permission_type": "dangerous"
                    },
                    "com.android.vending.BILLING": {
                        "short_description": "Unknown permission from android reference",
                        "full_description": "Unknown permission from android reference",
                        "permission_type": "normal"
                    },
                    "android.permission.SCHEDULE_EXACT_ALARM": {
                        "short_description": "Unknown permission from android reference",
                        "full_description": "Unknown permission from android reference",
                        "permission_type": "normal"
                    }
                },
                "Receivers": [
                    "com.dexterous.flutterlocalnotifications.ScheduledNotificationReceiver",
                    "com.dexterous.flutterlocalnotifications.ScheduledNotificationBootReceiver",
                    "com.facebook.CurrentAccessTokenExpirationBroadcastReceiver",
                    "com.facebook.AuthenticationTokenManager$CurrentAuthenticationTokenChangedBroadcastReceiver",
                    "com.google.android.gms.measurement.AppMeasurementReceiver"
                ],
                "StringsInformation": [
                    "http://[",
                    "http://localhost",
                    "http://schemas.android.com/apk/res/android",
                    "https://%1$s-%2$s.cloudfunctions.net/%3$s",
                    "https://%s/%s/%s",
                    "https://.facebook.com",
                    "https://accounts.google.com/o/oauth2/revoke?token=",
                    "https://app-measurement.com/a",
                    "https://facebook.com",
                    "https://facebook.com/device?user_code=%1$s&qr=1",
                    "https://github.com/flutter/plugins/blob/master/packages/in_app_purchase/README.md#loading-products-for-sale",
                    "https://google.com/search?",
                    "https://graph-video.%s",
                    "https://graph.%s",
                    "https://pagead2.googlesyndication.com/pagead/gen_204?id=gmob-apps",
                    "https://play.google.com/store/apps/details?id=",
                    "https://plus.google.com/",
                    "https://www.google.com",
                    "https://www.googleadservices.com/pagead/conversion/app/deeplink?id_type=adid&sdk_version=%s&rdid=%s&bundleid=%s&retry=%s",
                    "https://www.googleapis.com/auth/games",
                    "https://www.googleapis.com/auth/games_lite"
                ]
            },
            "magic": "Zip archive data",
            "last_analysis_stats": {
                "harmless": 0,
                "type-unsupported": 10,
                "suspicious": 0,
                "confirmed-timeout": 0,
                "timeout": 0,
                "failure": 1,
                "malicious": 0,
                "undetected": 61
            },
            "meaningful_name": "submission",
            "reputation": 0
        },
        "type": "file",
        "id": "0000ee327265f740a73481ffd4cfead52ada6fc95f14aea5a2d929d3a5e7228c",
        "links": {
            "self": "https://www.virustotal.com/api/v3/files/0000ee327265f740a73481ffd4cfead52ada6fc95f14aea5a2d929d3a5e7228c"
        }
    }
}