{
    "data": {
        "attributes": {
            "type_description": "Android",
            "tlsh": "T114061242A384E827C47BC83AC7A6B99B26245D441742FBA35A0DB15C1FBFED09C54F8D",
            "vhash": "d0311d3ecffc6041d7230ac87ba91ad5",
            "trid": [
                {
                    "file_type": "Android Package",
                    "probability": 51.6
                },
                {
                    "file_type": "Java Archive",
                    "probability": 18.1
                },
                {
                    "file_type": "Sweet Home 3D design (generic)",
                    "probability": 14.0
                },
                {
                    "file_type": "Mozilla Archive Format (gen)",
                    "probability": 9.3
                },
                {
                    "file_type": "ZIP compressed archive",
                    "probability": 5.3
                }
            ],
            "crowdsourced_yara_results": [
                {
                    "description": "This signature identifies Adobe Extensible Metadata Platform (XMP) identifiers embedded within files. Defined as a standard for mapping graphical asset relationships, XMP allows for tracking of both parent-child relationships and individual revisions. There are three categories of identifiers: original document, document, and instance. Generally, XMP data is stored in XML format, updated on save/copy, and embedded within the graphical asset. These identifiers can be used to track both malicious and benign graphics within common Microsoft and Adobe document lures.",
                    "source": "https://github.com/InQuest/yara-rules-vt",
                    "author": "InQuest Labs",
                    "ruleset_name": "Adobe_XMP_Identifier",
                    "rule_name": "Adobe_XMP_Identifier",
                    "ruleset_id": "0121ae37cc"
                }
            ],
            "names": [
                "00003326AED0F089E9C5F35256A7DAF3B0662FAA2E3F4C66D384C27E7A43E1E8.apk",
                "osaamUaNqJ26TLTUlZjgv7hDVNIfdf57MHIJ5v6X0Rpe",
                "\u96c6\u5408\u5566.apk"
            ],
            "last_modification_date": 1649316764,
            "type_tag": "android",
            "times_submitted": 9,
            "total_votes": {
                "harmless": 0,
                "malicious": 0
            },
            "size": 3959369,
            "type_extension": "apk",
            "last_submission_date": 1648097871,
            "last_analysis_results": {
                "Bkav": {
                    "category": "undetected",
                    "engine_name": "Bkav",
                    "engine_version": "1.3.0.9899",
                    "result": null,
                    "method": "blacklist",
                    "engine_update": "20220404"
                },
                "Lionic": {
                    "category": "undetected",
                    "engine_name": "Lionic",
                    "engine_version": "7.5",
                    "result": null,
                    "method": "blacklist",
                    "engine_update": "20220407"
                },
                "Elastic": {
                    "category": "undetected",
                    "engine_name": "Elastic",
                    "engine_version": "4.0.35",
                    "result": null,
                    "method": "blacklist",
                    "engine_update": "20220302"
                },
                "DrWeb": {
                    "category": "timeout",
                    "engine_name": "DrWeb",
                    "engine_version": "7.0.54.3080",
                    "result": null,
                    "method": "blacklist",
                    "engine_update": "20220407"
                },
                "MicroWorld-eScan": {
                    "category": "undetected",
                    "engine_name": "MicroWorld-eScan",
                    "engine_version": "14.0.409.0",
                    "result": null,
                    "method": "blacklist",
                    "engine_update": "20220407"
                },
                "FireEye": {
                    "category": "undetected",
                    "engine_name": "FireEye",
                    "engine_version": "32.44.1.0",
                    "result": null,
                    "method": "blacklist",
                    "engine_update": "20220407"
                },
                "CAT-QuickHeal": {
                    "category": "undetected",
                    "engine_name": "CAT-QuickHeal",
                    "engine_version": "14.00",
                    "result": null,
                    "method": "blacklist",
                    "engine_update": "20220406"
                },
                "McAfee": {
                    "category": "timeout",
                    "engine_name": "McAfee",
                    "engine_version": "6.0.6.653",
                    "result": null,
                    "method": "blacklist",
                    "engine_update": "20220407"
                },
                "ALYac": {
                    "category": "undetected",
                    "engine_name": "ALYac",
                    "engine_version": "1.1.3.1",
                    "result": null,
                    "method": "blacklist",
                    "engine_update": "20220405"
                },
                "Malwarebytes": {
                    "category": "undetected",
                    "engine_name": "Malwarebytes",
                    "engine_version": "4.2.2.27",
                    "result": null,
                    "method": "blacklist",
                    "engine_update": "20220406"
                },
                "Paloalto": {
                    "category": "type-unsupported",
                    "engine_name": "Paloalto",
                    "engine_version": "0.9.0.1003",
                    "result": null,
                    "method": "blacklist",
                    "engine_update": "20220407"
                },
                "Sangfor": {
                    "category": "timeout",
                    "engine_name": "Sangfor",
                    "engine_version": "2.9.0.0",
                    "result": null,
                    "method": "blacklist",
                    "engine_update": "20220401"
                },
                "Trustlook": {
                    "category": "undetected",
                    "engine_name": "Trustlook",
                    "engine_version": "1.0",
                    "result": null,
                    "method": "blacklist",
                    "engine_update": "20220407"
                },
                "Alibaba": {
                    "category": "undetected",
                    "engine_name": "Alibaba",
                    "engine_version": "0.3.0.5",
                    "result": null,
                    "method": "blacklist",
                    "engine_update": "20190527"
                },
                "K7GW": {
                    "category": "malicious",
                    "engine_name": "K7GW",
                    "engine_version": "12.4.41706",
                    "result": "Trojan ( 005718ec1 )",
                    "method": "blacklist",
                    "engine_update": "20220407"
                },
                "K7AntiVirus": {
                    "category": "undetected",
                    "engine_name": "K7AntiVirus",
                    "engine_version": "12.4.41700",
                    "result": null,
                    "method": "blacklist",
                    "engine_update": "20220406"
                },
                "Baidu": {
                    "category": "undetected",
                    "engine_name": "Baidu",
                    "engine_version": "1.0.0.2",
                    "result": null,
                    "method": "blacklist",
                    "engine_update": "20190318"
                },
                "VirIT": {
                    "category": "undetected",
                    "engine_name": "VirIT",
                    "engine_version": "9.5.170",
                    "result": null,
                    "method": "blacklist",
                    "engine_update": "20220406"
                },
                "Cyren": {
                    "category": "undetected",
                    "engine_name": "Cyren",
                    "engine_version": "6.5.1.2",
                    "result": null,
                    "method": "blacklist",
                    "engine_update": "20220407"
                },
                "SymantecMobileInsight": {
                    "category": "malicious",
                    "engine_name": "SymantecMobileInsight",
                    "engine_version": "2.0",
                    "result": "AdLibrary:Jpush",
                    "method": "blacklist",
                    "engine_update": "20220208"
                },
                "Symantec": {
                    "category": "undetected",
                    "engine_name": "Symantec",
                    "engine_version": "1.17.0.0",
                    "result": null,
                    "method": "blacklist",
                    "engine_update": "20220406"
                },
                "tehtris": {
                    "category": "type-unsupported",
                    "engine_name": "tehtris",
                    "engine_version": "v0.0.7",
                    "result": null,
                    "method": "blacklist",
                    "engine_update": "20220407"
                },
                "ESET-NOD32": {
                    "category": "undetected",
                    "engine_name": "ESET-NOD32",
                    "engine_version": "25067",
                    "result": null,
                    "method": "blacklist",
                    "engine_update": "20220407"
                },
                "APEX": {
                    "category": "type-unsupported",
                    "engine_name": "APEX",
                    "engine_version": "6.278",
                    "result": null,
                    "method": "blacklist",
                    "engine_update": "20220404"
                },
                "TrendMicro-HouseCall": {
                    "category": "undetected",
                    "engine_name": "TrendMicro-HouseCall",
                    "engine_version": "10.0.0.1040",
                    "result": null,
                    "method": "blacklist",
                    "engine_update": "20220407"
                },
                "Avast": {
                    "category": "timeout",
                    "engine_name": "Avast",
                    "engine_version": "21.1.5827.0",
                    "result": null,
                    "method": "blacklist",
                    "engine_update": "20220407"
                },
                "ClamAV": {
                    "category": "undetected",
                    "engine_name": "ClamAV",
                    "engine_version": "0.104.2.0",
                    "result": null,
                    "method": "blacklist",
                    "engine_update": "20220406"
                },
                "Kaspersky": {
                    "category": "timeout",
                    "engine_name": "Kaspersky",
                    "engine_version": "21.0.1.45",
                    "result": null,
                    "method": "blacklist",
                    "engine_update": "20220407"
                },
                "BitDefender": {
                    "category": "undetected",
                    "engine_name": "BitDefender",
                    "engine_version": "7.2",
                    "result": null,
                    "method": "blacklist",
                    "engine_update": "20220407"
                },
                "NANO-Antivirus": {
                    "category": "undetected",
                    "engine_name": "NANO-Antivirus",
                    "engine_version": "1.0.146.25576",
                    "result": null,
                    "method": "blacklist",
                    "engine_update": "20220407"
                },
                "SUPERAntiSpyware": {
                    "category": "undetected",
                    "engine_name": "SUPERAntiSpyware",
                    "engine_version": "5.6.0.1032",
                    "result": null,
                    "method": "blacklist",
                    "engine_update": "20220402"
                },
                "Rising": {
                    "category": "timeout",
                    "engine_name": "Rising",
                    "engine_version": "25.0.0.27",
                    "result": null,
                    "method": "blacklist",
                    "engine_update": "20220407"
                },
                "Ad-Aware": {
                    "category": "undetected",
                    "engine_name": "Ad-Aware",
                    "engine_version": "3.0.21.193",
                    "result": null,
                    "method": "blacklist",
                    "engine_update": "20220407"
                },
                "Emsisoft": {
                    "category": "undetected",
                    "engine_name": "Emsisoft",
                    "engine_version": "2021.5.0.7597",
                    "result": null,
                    "method": "blacklist",
                    "engine_update": "20220407"
                },
                "Comodo": {
                    "category": "undetected",
                    "engine_name": "Comodo",
                    "engine_version": "34508",
                    "result": null,
                    "method": "blacklist",
                    "engine_update": "20220407"
                },
                "F-Secure": {
                    "category": "undetected",
                    "engine_name": "F-Secure",
                    "engine_version": "12.0.86.52",
                    "result": null,
                    "method": "blacklist",
                    "engine_update": "20220407"
                },
                "BitDefenderTheta": {
                    "category": "undetected",
                    "engine_name": "BitDefenderTheta",
                    "engine_version": "7.2.37796.0",
                    "result": null,
                    "method": "blacklist",
                    "engine_update": "20220404"
                },
                "Zillya": {
                    "category": "undetected",
                    "engine_name": "Zillya",
                    "engine_version": "2.0.0.4606",
                    "result": null,
                    "method": "blacklist",
                    "engine_update": "20220406"
                },
                "TrendMicro": {
                    "category": "timeout",
                    "engine_name": "TrendMicro",
                    "engine_version": "11.0.0.1006",
                    "result": null,
                    "method": "blacklist",
                    "engine_update": "20220407"
                },
                "McAfee-GW-Edition": {
                    "category": "timeout",
                    "engine_name": "McAfee-GW-Edition",
                    "engine_version": null,
                    "result": null,
                    "method": "blacklist",
                    "engine_update": "20220407"
                },
                "SentinelOne": {
                    "category": "type-unsupported",
                    "engine_name": "SentinelOne",
                    "engine_version": "22.2.1.2",
                    "result": null,
                    "method": "blacklist",
                    "engine_update": "20220330"
                },
                "Trapmine": {
                    "category": "type-unsupported",
                    "engine_name": "Trapmine",
                    "engine_version": "3.5.45.75",
                    "result": null,
                    "method": "blacklist",
                    "engine_update": "20220217"
                },
                "CMC": {
                    "category": "undetected",
                    "engine_name": "CMC",
                    "engine_version": "2.10.2019.1",
                    "result": null,
                    "method": "blacklist",
                    "engine_update": "20211026"
                },
                "Sophos": {
                    "category": "undetected",
                    "engine_name": "Sophos",
                    "engine_version": "1.4.1.0",
                    "result": null,
                    "method": "blacklist",
                    "engine_update": "20220407"
                },
                "Ikarus": {
                    "category": "failure",
                    "engine_name": "Ikarus",
                    "engine_version": "6.0.18.0",
                    "result": null,
                    "method": "blacklist",
                    "engine_update": "20220406"
                },
                "Avast-Mobile": {
                    "category": "undetected",
                    "engine_name": "Avast-Mobile",
                    "engine_version": "220406-02",
                    "result": null,
                    "method": "blacklist",
                    "engine_update": "20220406"
                },
                "Jiangmin": {
                    "category": "undetected",
                    "engine_name": "Jiangmin",
                    "engine_version": "16.0.100",
                    "result": null,
                    "method": "blacklist",
                    "engine_update": "20220406"
                },
                "Webroot": {
                    "category": "type-unsupported",
                    "engine_name": "Webroot",
                    "engine_version": "1.0.0.403",
                    "result": null,
                    "method": "blacklist",
                    "engine_update": "20220407"
                },
                "Avira": {
                    "category": "undetected",
                    "engine_name": "Avira",
                    "engine_version": "8.3.3.14",
                    "result": null,
                    "method": "blacklist",
                    "engine_update": "20220406"
                },
                "Antiy-AVL": {
                    "category": "undetected",
                    "engine_name": "Antiy-AVL",
                    "engine_version": "3.0.0.1",
                    "result": null,
                    "method": "blacklist",
                    "engine_update": "20220407"
                },
                "Kingsoft": {
                    "category": "undetected",
                    "engine_name": "Kingsoft",
                    "engine_version": "2017.9.26.565",
                    "result": null,
                    "method": "blacklist",
                    "engine_update": "20220407"
                },
                "Microsoft": {
                    "category": "timeout",
                    "engine_name": "Microsoft",
                    "engine_version": "1.1.19000.8",
                    "result": null,
                    "method": "blacklist",
                    "engine_update": "20220407"
                },
                "Gridinsoft": {
                    "category": "undetected",
                    "engine_name": "Gridinsoft",
                    "engine_version": "1.0.74.174",
                    "result": null,
                    "method": "blacklist",
                    "engine_update": "20220407"
                },
                "Arcabit": {
                    "category": "undetected",
                    "engine_name": "Arcabit",
                    "engine_version": "1.0.0.889",
                    "result": null,
                    "method": "blacklist",
                    "engine_update": "20220407"
                },
                "ViRobot": {
                    "category": "undetected",
                    "engine_name": "ViRobot",
                    "engine_version": "2014.3.20.0",
                    "result": null,
                    "method": "blacklist",
                    "engine_update": "20220407"
                },
                "ZoneAlarm": {
                    "category": "timeout",
                    "engine_name": "ZoneAlarm",
                    "engine_version": "1.0",
                    "result": null,
                    "method": "blacklist",
                    "engine_update": "20220407"
                },
                "GData": {
                    "category": "undetected",
                    "engine_name": "GData",
                    "engine_version": "A:25.32735B:27.26936",
                    "result": null,
                    "method": "blacklist",
                    "engine_update": "20220407"
                },
                "Cynet": {
                    "category": "undetected",
                    "engine_name": "Cynet",
                    "engine_version": "4.0.0.27",
                    "result": null,
                    "method": "blacklist",
                    "engine_update": "20220406"
                },
                "BitDefenderFalx": {
                    "category": "undetected",
                    "engine_name": "BitDefenderFalx",
                    "engine_version": "2.0.936",
                    "result": null,
                    "method": "blacklist",
                    "engine_update": "20220103"
                },
                "AhnLab-V3": {
                    "category": "undetected",
                    "engine_name": "AhnLab-V3",
                    "engine_version": "3.21.3.10230",
                    "result": null,
                    "method": "blacklist",
                    "engine_update": "20220407"
                },
                "Acronis": {
                    "category": "type-unsupported",
                    "engine_name": "Acronis",
                    "engine_version": "1.1.1.82",
                    "result": null,
                    "method": "blacklist",
                    "engine_update": "20210512"
                },
                "VBA32": {
                    "category": "timeout",
                    "engine_name": "VBA32",
                    "engine_version": null,
                    "result": null,
                    "method": "blacklist",
                    "engine_update": "20220406"
                },
                "MAX": {
                    "category": "undetected",
                    "engine_name": "MAX",
                    "engine_version": "2019.9.16.1",
                    "result": null,
                    "method": "blacklist",
                    "engine_update": "20220407"
                },
                "Cylance": {
                    "category": "failure",
                    "engine_name": "Cylance",
                    "engine_version": "2.3.1.101",
                    "result": null,
                    "method": "blacklist",
                    "engine_update": "20220407"
                },
                "Zoner": {
                    "category": "undetected",
                    "engine_name": "Zoner",
                    "engine_version": "2.2.2.0",
                    "result": null,
                    "method": "blacklist",
                    "engine_update": "20220406"
                },
                "Tencent": {
                    "category": "undetected",
                    "engine_name": "Tencent",
                    "engine_version": "1.0.0.1",
                    "result": null,
                    "method": "blacklist",
                    "engine_update": "20220407"
                },
                "Yandex": {
                    "category": "undetected",
                    "engine_name": "Yandex",
                    "engine_version": "5.5.2.24",
                    "result": null,
                    "method": "blacklist",
                    "engine_update": "20220406"
                },
                "TACHYON": {
                    "category": "undetected",
                    "engine_name": "TACHYON",
                    "engine_version": "2022-04-07.01",
                    "result": null,
                    "method": "blacklist",
                    "engine_update": "20220407"
                },
                "MaxSecure": {
                    "category": "undetected",
                    "engine_name": "MaxSecure",
                    "engine_version": "1.0.0.1",
                    "result": null,
                    "method": "blacklist",
                    "engine_update": "20220407"
                },
                "Fortinet": {
                    "category": "undetected",
                    "engine_name": "Fortinet",
                    "engine_version": "6.2.142.0",
                    "result": null,
                    "method": "blacklist",
                    "engine_update": "20220407"
                },
                "AVG": {
                    "category": "timeout",
                    "engine_name": "AVG",
                    "engine_version": "21.1.5827.0",
                    "result": null,
                    "method": "blacklist",
                    "engine_update": "20220407"
                },
                "Cybereason": {
                    "category": "type-unsupported",
                    "engine_name": "Cybereason",
                    "engine_version": "1.2.449",
                    "result": null,
                    "method": "blacklist",
                    "engine_update": "20210330"
                },
                "Panda": {
                    "category": "undetected",
                    "engine_name": "Panda",
                    "engine_version": "4.6.4.2",
                    "result": null,
                    "method": "blacklist",
                    "engine_update": "20220406"
                },
                "CrowdStrike": {
                    "category": "type-unsupported",
                    "engine_name": "CrowdStrike",
                    "engine_version": "1.0",
                    "result": null,
                    "method": "blacklist",
                    "engine_update": "20210907"
                }
            },
            "sha256": "00003326aed0f089e9c5f35256a7daf3b0662faa2e3f4c66d384c27e7a43e1e8",
            "tags": [
                "apk",
                "android",
                "runtime-modules",
                "dyn-calls",
                "contains-elf"
            ],
            "last_analysis_date": 1649308229,
            "unique_sources": 4,
            "first_submission_date": 1415548553,
            "sha1": "33b7498e27aac44a2928062bea22d67c1f840643",
            "ssdeep": "98304:Ht5kq48jOU33lzMa8HDrcwNQBhQmtFDMZIezgFk6nq1RlRQVqU64jIR6+E8JL:HtYuQmeM9q1p3",
            "bundle_info": {
                "highest_datetime": "2014-11-07 10:58:18",
                "lowest_datetime": "2013-05-28 10:12:52",
                "num_children": 594,
                "extensions": {
                    "xml": 166,
                    "dex": 1,
                    "MF": 1,
                    "RSA": 1,
                    "jpg": 1,
                    "so": 11,
                    "cer": 1,
                    "ogg": 1,
                    "tmp": 1,
                    "SF": 1,
                    "png": 406
                },
                "file_types": {
                    "XML": 166,
                    "DEX": 1,
                    "unknown": 8,
                    "ELF": 11,
                    "JPG": 1,
                    "OGG": 1,
                    "PNG": 406
                },
                "type": "APK",
                "uncompressed_size": 7545693
            },
            "md5": "859def90ea76cd3dc65adc7ef8d8f971",
            "androguard": {
                "Activities": [
                    "com.gather.android.activity.StartActivity",
                    "com.gather.android.activity.LoginIndex",
                    "com.gather.android.activity.LoginPhone",
                    "com.gather.android.activity.RegisterPhone",
                    "com.gather.android.activity.RegisterProve",
                    "com.gather.android.activity.ResetPassword",
                    "com.gather.android.activity.RegisterData",
                    "com.gather.android.activity.RegisterIcon",
                    "com.gather.android.activity.RegisterInterest",
                    "com.gather.android.activity.IndexHome",
                    "com.gather.android.activity.SelectCity",
                    "com.gather.android.activity.ActDetail",
                    "com.gather.android.activity.TouchGallery",
                    "com.gather.android.activity.InterestActList",
                    "com.gather.android.activity.RecommendAct",
                    "com.gather.android.activity.Setting",
                    "com.gather.android.activity.Message",
                    "com.gather.android.activity.SignIn",
                    "com.gather.android.activity.UserInfo",
                    "com.gather.android.activity.EditData",
                    "com.gather.android.activity.QRCodeScan",
                    "com.gather.android.activity.MyMarkList",
                    "com.gather.android.activity.SetMyMark",
                    "com.gather.android.activity.BindThird",
                    "com.gather.android.activity.ActDetailWeb",
                    "com.gather.android.activity.About",
                    "com.gather.android.activity.Agreement",
                    "com.gather.android.activity.AgreementWeb",
                    "com.gather.android.activity.GuideActivity",
                    "com.gather.android.wxapi.WXEntryActivity",
                    "com.tencent.tauth.AuthActivity",
                    "com.tencent.connect.common.AssistActivity",
                    "cn.jpush.android.ui.PushActivity"
                ],
                "AndroidVersionCode": "3",
                "main_activity": "com.gather.android.activity.StartActivity",
                "certificate": {
                    "Subject": {
                        "DN": "L:Chengdu, O:Chengdu zero2all, ST:Sichuan",
                        "L": "Chengdu",
                        "O": "Chengdu zero2all",
                        "ST": "Sichuan"
                    },
                    "validto": "3013-02-22 03:00:09",
                    "serialnumber": "2826a043",
                    "thumbprint": "f3862292178099cad411d273643853c5e6e0cc9a",
                    "validfrom": "2014-10-22 03:00:09",
                    "Issuer": {
                        "DN": "L:Chengdu, O:Chengdu zero2all, ST:Sichuan",
                        "L": "Chengdu",
                        "O": "Chengdu zero2all",
                        "ST": "Sichuan"
                    }
                },
                "VTAndroidInfo": 2.0,
                "Package": "com.gather.android",
                "intent_filters": {
                    "Services": {
                        "cn.jpush.android.service.PushService": {
                            "action": [
                                "cn.jpush.android.intent.REGISTER",
                                "cn.jpush.android.intent.REPORT",
                                "cn.jpush.android.intent.PushService",
                                "cn.jpush.android.intent.PUSH_TIME"
                            ]
                        },
                        "com.baidu.location.f": {
                            "action": [
                                "com.baidu.location.service_v4.2"
                            ]
                        }
                    },
                    "Activities": {
                        "com.tencent.tauth.AuthActivity": {
                            "action": [
                                "android.intent.action.VIEW"
                            ],
                            "category": [
                                "android.intent.category.DEFAULT",
                                "android.intent.category.BROWSABLE"
                            ]
                        },
                        "cn.jpush.android.ui.PushActivity": {
                            "action": [
                                "cn.jpush.android.ui.PushActivity"
                            ],
                            "category": [
                                "android.intent.category.DEFAULT",
                                "com.gather.android"
                            ]
                        },
                        "com.gather.android.activity.StartActivity": {
                            "action": [
                                "android.intent.action.MAIN"
                            ],
                            "category": [
                                "android.intent.category.LAUNCHER"
                            ]
                        }
                    },
                    "Receivers": {
                        "cn.jpush.android.service.PushReceiver": {
                            "action": [
                                "cn.jpush.android.intent.NOTIFICATION_RECEIVED_PROXY",
                                "android.intent.action.USER_PRESENT",
                                "android.net.conn.CONNECTIVITY_CHANGE",
                                "android.intent.action.PACKAGE_ADDED",
                                "android.intent.action.PACKAGE_REMOVED"
                            ],
                            "category": [
                                "com.gather.android"
                            ]
                        },
                        "com.gather.android.service.JPushReceiver": {
                            "action": [
                                "cn.jpush.android.intent.REGISTRATION",
                                "cn.jpush.android.intent.UNREGISTRATION",
                                "cn.jpush.android.intent.MESSAGE_RECEIVED",
                                "cn.jpush.android.intent.NOTIFICATION_RECEIVED",
                                "cn.jpush.android.intent.NOTIFICATION_OPENED",
                                "cn.jpush.android.intent.ACTION_RICHPUSH_CALLBACK",
                                "cn.jpush.android.intent.CONNECTION"
                            ],
                            "category": [
                                "com.gather.android"
                            ]
                        }
                    }
                },
                "AndroidApplication": 1,
                "StringsInformation": [
                    "http://alog.umeng.co/app_logs",
                    "http://alog.umeng.com/app_logs",
                    "http://app.jhla.com.cn/",
                    "http://app.jhla.com.cn/act/site/useragreement",
                    "http://app.jhla.com.cn/act/tagInfo/getSltTags",
                    "http://app.sina.cn/appdetail.php?appID=84560",
                    "http://appsupport.qq.com/cgi-bin/appstage/mstats_report",
                    "http://appsupport.qq.com/cgi-bin/qzapps/mapp_addapp.cgi",
                    "http://cgi.connect.qq.com/qqconnectopen/openapi/policy_conf",
                    "http://cgi.connect.qq.com/qqconnectutil/sdk",
                    "http://cgi.qplus.com/report/report",
                    "http://fusion.qq.com/cgi-bin/qzapps/mapp_getappinfo.cgi",
                    "http://fusion.qq.com/cgi-bin/qzapps/unified_jump?appid=%1$s&from=%2$s&isOpenAppID=1",
                    "http://jhla-app-icons.oss-cn-qingdao.aliyuncs.com/ic_launcher.jpg",
                    "http://lba.baidu.com/",
                    "http://loc.map.baidu.com/fence",
                    "http://loc.map.baidu.com/oqur.php",
                    "http://loc.map.baidu.com/sdk.php",
                    "http://loc.map.baidu.com/sdk_ep.php",
                    "http://loc.map.baidu.com/tcu.php",
                    "http://loc.map.baidu.com/user_err.php",
                    "http://log.umsns.com/",
                    "http://log.umsns.com/share/api/",
                    "http://oc.umeng.co/check_config_update",
                    "http://oc.umeng.com/check_config_update",
                    "http://openmobile.qq.com/api/check2?page=qzshare.html&loginpage=loginindex.html&logintype=qzone",
                    "http://openmobile.qq.com/api/check?page=shareindex.html&style=9",
                    "http://openmobile.qq.com/oauth2.0/m_authorize?",
                    "http://pingma.qq.com:80/mstat/report",
                    "http://qzs.qq.com",
                    "http://qzs.qq.com/open/mobile/brag/sdk_brag.html?",
                    "http://qzs.qq.com/open/mobile/invite/sdk_invite.html?",
                    "http://qzs.qq.com/open/mobile/login/qzsjump.html?",
                    "http://qzs.qq.com/open/mobile/not_support.html?",
                    "http://qzs.qq.com/open/mobile/reactive/sdk_reactive.html?",
                    "http://qzs.qq.com/open/mobile/request/sdk_request.html?",
                    "http://qzs.qq.com/open/mobile/sdk_common/down_qq.htm?",
                    "http://qzs.qq.com/open/mobile/sendstory/sdk_sendstory_v1.3.html?",
                    "http://wspeed.qq.com/w.cgi",
                    "http://www.",
                    "http://www.jhla.com.cn",
                    "https://api.weibo.com/2/statuses/upload_url_text.json",
                    "https://api.weibo.com/2/users/show.json?uid=",
                    "https://graph.qq.com/user/get_user_info?oauth_consumer_key=1103292660&access_token=",
                    "https://open.weibo.cn/oauth2/authorize?",
                    "https://openmobile.qq.com/",
                    "https://openmobile.qq.com/user/user_login_statis",
                    "https://upload.api.weibo.com/2/statuses/upload.json",
                    "https://www."
                ],
                "permission_details": {
                    "android.permission.CHANGE_NETWORK_STATE": {
                        "short_description": "change network connectivity",
                        "full_description": "Allows the app to change the state of network connectivity.",
                        "permission_type": "dangerous"
                    },
                    "android.permission.ACCESS_FINE_LOCATION": {
                        "short_description": "precise (GPS) location",
                        "full_description": "Access precise\n      location sources such as the Global Positioning System on the phone. When\n      location services are available and turned on, this permission allows the\n      app to determine your precise location.",
                        "permission_type": "dangerous"
                    },
                    "android.permission.READ_EXTERNAL_STORAGE": {
                        "short_description": "test access to protected storage",
                        "full_description": "Allows the app to test a permission for the SD card that will be available on future devices.",
                        "permission_type": "normal"
                    },
                    "android.permission.MOUNT_UNMOUNT_FILESYSTEMS": {
                        "short_description": "access SD Card filesystem",
                        "full_description": "Allows the app to mount and\n        unmount filesystems for removable storage.",
                        "permission_type": "dangerous"
                    },
                    "android.permission.READ_PHONE_STATE": {
                        "short_description": "read phone status and identity",
                        "full_description": "Allows the app to access the phone\n      features of the device.  This permission allows the app to determine the\n      phone number and device IDs, whether a call is active, and the remote number\n      connected by a call.",
                        "permission_type": "dangerous"
                    },
                    "android.permission.RECEIVE_USER_PRESENT": {
                        "short_description": "Unknown permission from android reference",
                        "full_description": "Unknown permission from android reference",
                        "permission_type": "normal"
                    },
                    "android.permission.SYSTEM_ALERT_WINDOW": {
                        "short_description": "draw over other apps",
                        "full_description": "Allows the app to show system\n      alert windows.  Some alert windows may take over the entire screen.\n      ",
                        "permission_type": "dangerous"
                    },
                    "android.permission.ACCESS_LOCATION_EXTRA_COMMANDS": {
                        "short_description": "access extra location provider commands",
                        "full_description": "Allows the app to access\n      extra location provider commands.  This may allow the app to to interfere\n      with the operation of the GPS or other location sources.",
                        "permission_type": "normal"
                    },
                    "android.permission.READ_LOGS": {
                        "short_description": "read sensitive log data",
                        "full_description": "Allows the app to read from the\n        system's various log files.  This allows it to discover general\n        information about what you are doing with the phone, potentially\n        including personal or private information.",
                        "permission_type": "signature|system|development"
                    },
                    "android.permission.ACCESS_WIFI_STATE": {
                        "short_description": "view Wi-Fi connections",
                        "full_description": "Allows the app to view information\n      about Wi-Fi networking, such as whether Wi-Fi is enabled and name of\n      connected Wi-Fi devices.",
                        "permission_type": "normal"
                    },
                    "android.permission.ACCESS_COARSE_LOCATION": {
                        "short_description": "approximate (network-based) location",
                        "full_description": "Access\n      approximate location from location providers using network sources such as\n      cell tower and Wi-Fi. When these location services are available and turned\n      on, this permission allows the app to determine your approximate\n      location.",
                        "permission_type": "dangerous"
                    },
                    "android.permission.WAKE_LOCK": {
                        "short_description": "prevent phone from sleeping",
                        "full_description": "Allows the app to prevent the phone from going to sleep.",
                        "permission_type": "dangerous"
                    },
                    "android.permission.VIBRATE": {
                        "short_description": "control vibration",
                        "full_description": "Allows the app to control the vibrator.",
                        "permission_type": "normal"
                    },
                    "android.permission.WRITE_SETTINGS": {
                        "short_description": "modify system settings",
                        "full_description": "Allows the app to modify the\n        system's settings data. Malicious apps may corrupt your system's\n        configuration.",
                        "permission_type": "dangerous"
                    },
                    "android.permission.CAMERA": {
                        "short_description": "take pictures and videos",
                        "full_description": "Allows the app to take pictures and videos\n      with the camera.  This permission allows the app to use the camera at any\n      time without your confirmation.",
                        "permission_type": "dangerous"
                    },
                    "android.permission.INTERNET": {
                        "short_description": "full network access",
                        "full_description": "Allows the app to create\n     network sockets and use custom network protocols. The browser and other\n     applications provide means to send data to the internet, so this\n     permission is not required to send data to the internet.",
                        "permission_type": "dangerous"
                    },
                    "android.permission.ACCESS_NETWORK_STATE": {
                        "short_description": "view network connections",
                        "full_description": "Allows the app to view\n      information about network connections such as which networks exist and are\n      connected.",
                        "permission_type": "normal"
                    },
                    "com.gather.android.permission.JPUSH_MESSAGE": {
                        "short_description": "Unknown permission from android reference",
                        "full_description": "Unknown permission from android reference",
                        "permission_type": "normal"
                    },
                    "android.permission.CHANGE_WIFI_STATE": {
                        "short_description": "connect and disconnect from Wi-Fi",
                        "full_description": "Allows the app to connect to and\n      disconnect from Wi-Fi access points and to make changes to device\n      configuration for Wi-Fi networks.",
                        "permission_type": "dangerous"
                    },
                    "android.permission.WRITE_EXTERNAL_STORAGE": {
                        "short_description": "modify or delete the contents of your SD card",
                        "full_description": "Allows the app to write to the SD card.",
                        "permission_type": "dangerous"
                    },
                    "android.permission.SET_DEBUG_APP": {
                        "short_description": "enable app debugging",
                        "full_description": "Allows the app to turn\n        on debugging for another app. Malicious apps may use this\n        to kill other apps.",
                        "permission_type": "signature|system|development"
                    }
                },
                "AndroidApplicationError": false,
                "AndroidVersionName": "1.0.3",
                "RiskIndicator": {
                    "PERM": {
                        "DEVELOPMENT": 2,
                        "PRIVACY": 4,
                        "DANGEROUS": 7,
                        "NORMAL": 4,
                        "SYSTEM": 2,
                        "SIGNATURE": 2,
                        "INTERNET": 1,
                        "GPS": 3
                    }
                },
                "Services": [
                    "com.baidu.location.f",
                    "cn.jpush.android.service.DownloadService",
                    "cn.jpush.android.service.PushService"
                ],
                "MinSdkVersion": "10",
                "Receivers": [
                    "cn.jpush.android.service.PushReceiver",
                    "cn.jpush.android.service.AlarmReceiver",
                    "com.gather.android.service.JPushReceiver"
                ],
                "AndroguardVersion": "3.4.0a1",
                "AndroidApplicationInfo": "APK"
            },
            "magic": "Zip archive data, at least v2.0 to extract",
            "last_analysis_stats": {
                "harmless": 0,
                "type-unsupported": 9,
                "suspicious": 0,
                "confirmed-timeout": 0,
                "timeout": 12,
                "failure": 2,
                "malicious": 2,
                "undetected": 49
            },
            "meaningful_name": "00003326AED0F089E9C5F35256A7DAF3B0662FAA2E3F4C66D384C27E7A43E1E8.apk",
            "reputation": 0
        },
        "type": "file",
        "id": "00003326aed0f089e9c5f35256a7daf3b0662faa2e3f4c66d384c27e7a43e1e8",
        "links": {
            "self": "https://www.virustotal.com/api/v3/files/00003326aed0f089e9c5f35256a7daf3b0662faa2e3f4c66d384c27e7a43e1e8"
        }
    }
}