{
    "data": {
        "attributes": {
            "type_description": "Android",
            "tlsh": "T149C5F082F3A8B826C437C033A3A19BBA659ACD149747E7670505B3AC6CFFDD44D84AC5",
            "vhash": "b139ea8a989d5fdbd274bc956f09e3ab",
            "trid": [
                {
                    "file_type": "Android Package",
                    "probability": 57.0
                },
                {
                    "file_type": "Java Archive",
                    "probability": 20.0
                },
                {
                    "file_type": "Sweet Home 3D design (generic)",
                    "probability": 15.5
                },
                {
                    "file_type": "ZIP compressed archive",
                    "probability": 5.9
                },
                {
                    "file_type": "PrintFox/Pagefox bitmap (640x800)",
                    "probability": 1.4
                }
            ],
            "names": [
                "00023BCFC14CE3027A542987394A97C64B6C1B9304090F9593E203587E1C2048.apk",
                "com.kuyhaa.android.auto.call.recorder.acr.lite.autocallrecorder.voicecallrecorder.tools.apk"
            ],
            "last_modification_date": 1627039692,
            "type_tag": "android",
            "times_submitted": 3,
            "total_votes": {
                "harmless": 0,
                "malicious": 0
            },
            "size": 2656414,
            "popular_threat_classification": {
                "suggested_threat_label": "adware.airpush/artemis",
                "popular_threat_category": [
                    {
                        "count": 4,
                        "value": "adware"
                    },
                    {
                        "count": 3,
                        "value": "trojan"
                    }
                ],
                "popular_threat_name": [
                    {
                        "count": 10,
                        "value": "airpush"
                    },
                    {
                        "count": 2,
                        "value": "artemis"
                    }
                ]
            },
            "last_submission_date": 1553298987,
            "last_analysis_results": {
                "Bkav": {
                    "category": "undetected",
                    "engine_name": "Bkav",
                    "engine_version": "1.3.0.9899",
                    "result": null,
                    "method": "blacklist",
                    "engine_update": "20210722"
                },
                "Lionic": {
                    "category": "malicious",
                    "engine_name": "Lionic",
                    "engine_version": "4.2",
                    "result": "Riskware.AndroidOS.Airpush.z!c",
                    "method": "blacklist",
                    "engine_update": "20210723"
                },
                "Elastic": {
                    "category": "type-unsupported",
                    "engine_name": "Elastic",
                    "engine_version": "4.0.25",
                    "result": null,
                    "method": "blacklist",
                    "engine_update": "20210710"
                },
                "MicroWorld-eScan": {
                    "category": "undetected",
                    "engine_name": "MicroWorld-eScan",
                    "engine_version": "14.0.409.0",
                    "result": null,
                    "method": "blacklist",
                    "engine_update": "20210723"
                },
                "FireEye": {
                    "category": "undetected",
                    "engine_name": "FireEye",
                    "engine_version": "32.44.1.0",
                    "result": null,
                    "method": "blacklist",
                    "engine_update": "20210723"
                },
                "CAT-QuickHeal": {
                    "category": "malicious",
                    "engine_name": "CAT-QuickHeal",
                    "engine_version": "14.00",
                    "result": "Android.Airpush.G (AdWare)",
                    "method": "blacklist",
                    "engine_update": "20210722"
                },
                "McAfee": {
                    "category": "malicious",
                    "engine_name": "McAfee",
                    "engine_version": "6.0.6.653",
                    "result": "Artemis!843652433155",
                    "method": "blacklist",
                    "engine_update": "20210723"
                },
                "Malwarebytes": {
                    "category": "undetected",
                    "engine_name": "Malwarebytes",
                    "engine_version": "4.2.2.27",
                    "result": null,
                    "method": "blacklist",
                    "engine_update": "20210723"
                },
                "Zillya": {
                    "category": "failure",
                    "engine_name": "Zillya",
                    "engine_version": "2.0.0.4414",
                    "result": null,
                    "method": "blacklist",
                    "engine_update": "20210721"
                },
                "Paloalto": {
                    "category": "type-unsupported",
                    "engine_name": "Paloalto",
                    "engine_version": "1.0",
                    "result": null,
                    "method": "blacklist",
                    "engine_update": "20210723"
                },
                "Sangfor": {
                    "category": "undetected",
                    "engine_name": "Sangfor",
                    "engine_version": "2.9.0.0",
                    "result": null,
                    "method": "blacklist",
                    "engine_update": "20210625"
                },
                "Trustlook": {
                    "category": "undetected",
                    "engine_name": "Trustlook",
                    "engine_version": "1.0",
                    "result": null,
                    "method": "blacklist",
                    "engine_update": "20210723"
                },
                "Alibaba": {
                    "category": "undetected",
                    "engine_name": "Alibaba",
                    "engine_version": "0.3.0.5",
                    "result": null,
                    "method": "blacklist",
                    "engine_update": "20190527"
                },
                "K7GW": {
                    "category": "undetected",
                    "engine_name": "K7GW",
                    "engine_version": "11.196.37810",
                    "result": null,
                    "method": "blacklist",
                    "engine_update": "20210723"
                },
                "K7AntiVirus": {
                    "category": "undetected",
                    "engine_name": "K7AntiVirus",
                    "engine_version": "11.196.37809",
                    "result": null,
                    "method": "blacklist",
                    "engine_update": "20210723"
                },
                "Arcabit": {
                    "category": "undetected",
                    "engine_name": "Arcabit",
                    "engine_version": "1.0.0.886",
                    "result": null,
                    "method": "blacklist",
                    "engine_update": "20210723"
                },
                "Baidu": {
                    "category": "undetected",
                    "engine_name": "Baidu",
                    "engine_version": "1.0.0.2",
                    "result": null,
                    "method": "blacklist",
                    "engine_update": "20190318"
                },
                "Cyren": {
                    "category": "undetected",
                    "engine_name": "Cyren",
                    "engine_version": "6.3.0.2",
                    "result": null,
                    "method": "blacklist",
                    "engine_update": "20210723"
                },
                "SymantecMobileInsight": {
                    "category": "malicious",
                    "engine_name": "SymantecMobileInsight",
                    "engine_version": "2.0",
                    "result": "AdLibrary:Airpush",
                    "method": "blacklist",
                    "engine_update": "20210126"
                },
                "Symantec": {
                    "category": "malicious",
                    "engine_name": "Symantec",
                    "engine_version": "1.15.0.0",
                    "result": "Trojan.Gen.2",
                    "method": "blacklist",
                    "engine_update": "20210722"
                },
                "ESET-NOD32": {
                    "category": "malicious",
                    "engine_name": "ESET-NOD32",
                    "engine_version": "23672",
                    "result": "a variant of Android/Obfus.QY",
                    "method": "blacklist",
                    "engine_update": "20210723"
                },
                "APEX": {
                    "category": "type-unsupported",
                    "engine_name": "APEX",
                    "engine_version": "6.189",
                    "result": null,
                    "method": "blacklist",
                    "engine_update": "20210722"
                },
                "TrendMicro-HouseCall": {
                    "category": "undetected",
                    "engine_name": "TrendMicro-HouseCall",
                    "engine_version": "10.0.0.1040",
                    "result": null,
                    "method": "blacklist",
                    "engine_update": "20210723"
                },
                "Avast": {
                    "category": "undetected",
                    "engine_name": "Avast",
                    "engine_version": "21.1.5827.0",
                    "result": null,
                    "method": "blacklist",
                    "engine_update": "20210723"
                },
                "ClamAV": {
                    "category": "undetected",
                    "engine_name": "ClamAV",
                    "engine_version": "0.103.3.0",
                    "result": null,
                    "method": "blacklist",
                    "engine_update": "20210722"
                },
                "Kaspersky": {
                    "category": "undetected",
                    "engine_name": "Kaspersky",
                    "engine_version": "21.0.1.45",
                    "result": null,
                    "method": "blacklist",
                    "engine_update": "20210723"
                },
                "BitDefender": {
                    "category": "undetected",
                    "engine_name": "BitDefender",
                    "engine_version": "7.2",
                    "result": null,
                    "method": "blacklist",
                    "engine_update": "20210723"
                },
                "NANO-Antivirus": {
                    "category": "malicious",
                    "engine_name": "NANO-Antivirus",
                    "engine_version": "1.0.146.25311",
                    "result": "Trojan.Android.Leadbolt.drgkvc",
                    "method": "blacklist",
                    "engine_update": "20210723"
                },
                "SUPERAntiSpyware": {
                    "category": "undetected",
                    "engine_name": "SUPERAntiSpyware",
                    "engine_version": "5.6.0.1032",
                    "result": null,
                    "method": "blacklist",
                    "engine_update": "20210717"
                },
                "Rising": {
                    "category": "undetected",
                    "engine_name": "Rising",
                    "engine_version": "25.0.0.26",
                    "result": null,
                    "method": "blacklist",
                    "engine_update": "20210723"
                },
                "Ad-Aware": {
                    "category": "undetected",
                    "engine_name": "Ad-Aware",
                    "engine_version": "3.0.21.179",
                    "result": null,
                    "method": "blacklist",
                    "engine_update": "20210723"
                },
                "Sophos": {
                    "category": "malicious",
                    "engine_name": "Sophos",
                    "engine_version": "1.3.0.0",
                    "result": "Android Airpush (PUA)",
                    "method": "blacklist",
                    "engine_update": "20210723"
                },
                "Comodo": {
                    "category": "undetected",
                    "engine_name": "Comodo",
                    "engine_version": "33736",
                    "result": null,
                    "method": "blacklist",
                    "engine_update": "20210723"
                },
                "F-Secure": {
                    "category": "undetected",
                    "engine_name": "F-Secure",
                    "engine_version": "12.0.86.52",
                    "result": null,
                    "method": "blacklist",
                    "engine_update": "20210723"
                },
                "DrWeb": {
                    "category": "malicious",
                    "engine_name": "DrWeb",
                    "engine_version": "7.0.49.9080",
                    "result": "Adware.Airpush.24.origin",
                    "method": "blacklist",
                    "engine_update": "20210723"
                },
                "VIPRE": {
                    "category": "undetected",
                    "engine_name": "VIPRE",
                    "engine_version": "94206",
                    "result": null,
                    "method": "blacklist",
                    "engine_update": "20210723"
                },
                "TrendMicro": {
                    "category": "undetected",
                    "engine_name": "TrendMicro",
                    "engine_version": "11.0.0.1006",
                    "result": null,
                    "method": "blacklist",
                    "engine_update": "20210723"
                },
                "McAfee-GW-Edition": {
                    "category": "malicious",
                    "engine_name": "McAfee-GW-Edition",
                    "engine_version": "v2019.1.2+3728",
                    "result": "Artemis",
                    "method": "blacklist",
                    "engine_update": "20210722"
                },
                "SentinelOne": {
                    "category": "type-unsupported",
                    "engine_name": "SentinelOne",
                    "engine_version": "5.2.0.9",
                    "result": null,
                    "method": "blacklist",
                    "engine_update": "20210703"
                },
                "Trapmine": {
                    "category": "type-unsupported",
                    "engine_name": "Trapmine",
                    "engine_version": "3.5.0.1023",
                    "result": null,
                    "method": "blacklist",
                    "engine_update": "20200727"
                },
                "CMC": {
                    "category": "undetected",
                    "engine_name": "CMC",
                    "engine_version": "2.10.2019.1",
                    "result": null,
                    "method": "blacklist",
                    "engine_update": "20210624"
                },
                "Emsisoft": {
                    "category": "undetected",
                    "engine_name": "Emsisoft",
                    "engine_version": "2018.12.0.1641",
                    "result": null,
                    "method": "blacklist",
                    "engine_update": "20210723"
                },
                "Ikarus": {
                    "category": "malicious",
                    "engine_name": "Ikarus",
                    "engine_version": "0.1.5.2",
                    "result": "PUA.AndroidOS.AirPush",
                    "method": "blacklist",
                    "engine_update": "20210723"
                },
                "Avast-Mobile": {
                    "category": "malicious",
                    "engine_name": "Avast-Mobile",
                    "engine_version": "210723-00",
                    "result": "APK:RepMetagen [PUP]",
                    "method": "blacklist",
                    "engine_update": "20210723"
                },
                "Jiangmin": {
                    "category": "undetected",
                    "engine_name": "Jiangmin",
                    "engine_version": "16.0.100",
                    "result": null,
                    "method": "blacklist",
                    "engine_update": "20210722"
                },
                "Webroot": {
                    "category": "type-unsupported",
                    "engine_name": "Webroot",
                    "engine_version": "1.0.0.403",
                    "result": null,
                    "method": "blacklist",
                    "engine_update": "20210723"
                },
                "Avira": {
                    "category": "malicious",
                    "engine_name": "Avira",
                    "engine_version": "8.3.3.12",
                    "result": "ADWARE/ANDR.Airpush.W.Gen",
                    "method": "blacklist",
                    "engine_update": "20210723"
                },
                "eGambit": {
                    "category": "type-unsupported",
                    "engine_name": "eGambit",
                    "engine_version": null,
                    "result": null,
                    "method": "blacklist",
                    "engine_update": "20210723"
                },
                "Antiy-AVL": {
                    "category": "malicious",
                    "engine_name": "Antiy-AVL",
                    "engine_version": "3.0.0.1",
                    "result": "Trojan/Generic.ASMalwAD.148",
                    "method": "blacklist",
                    "engine_update": "20210723"
                },
                "Kingsoft": {
                    "category": "undetected",
                    "engine_name": "Kingsoft",
                    "engine_version": "2017.9.26.565",
                    "result": null,
                    "method": "blacklist",
                    "engine_update": "20210723"
                },
                "Gridinsoft": {
                    "category": "undetected",
                    "engine_name": "Gridinsoft",
                    "engine_version": "1.0.48.141",
                    "result": null,
                    "method": "blacklist",
                    "engine_update": "20210721"
                },
                "Microsoft": {
                    "category": "malicious",
                    "engine_name": "Microsoft",
                    "engine_version": "1.1.18400.4",
                    "result": "PUA:AndroidOS/Airpush.B!MTB",
                    "method": "blacklist",
                    "engine_update": "20210723"
                },
                "ViRobot": {
                    "category": "undetected",
                    "engine_name": "ViRobot",
                    "engine_version": "2014.3.20.0",
                    "result": null,
                    "method": "blacklist",
                    "engine_update": "20210723"
                },
                "ZoneAlarm": {
                    "category": "undetected",
                    "engine_name": "ZoneAlarm",
                    "engine_version": "1.0",
                    "result": null,
                    "method": "blacklist",
                    "engine_update": "20210723"
                },
                "GData": {
                    "category": "undetected",
                    "engine_name": "GData",
                    "engine_version": "A:25.30368B:27.23821",
                    "result": null,
                    "method": "blacklist",
                    "engine_update": "20210723"
                },
                "Cynet": {
                    "category": "malicious",
                    "engine_name": "Cynet",
                    "engine_version": "4.0.0.27",
                    "result": "Malicious (score: 99)",
                    "method": "blacklist",
                    "engine_update": "20210723"
                },
                "BitDefenderFalx": {
                    "category": "malicious",
                    "engine_name": "BitDefenderFalx",
                    "engine_version": "2.0.936",
                    "result": "Android.Adware.Minimob.E",
                    "method": "blacklist",
                    "engine_update": "20210610"
                },
                "AhnLab-V3": {
                    "category": "malicious",
                    "engine_name": "AhnLab-V3",
                    "engine_version": "3.20.4.10148",
                    "result": "PUP/Android.Airpush.56916",
                    "method": "blacklist",
                    "engine_update": "20210723"
                },
                "Acronis": {
                    "category": "type-unsupported",
                    "engine_name": "Acronis",
                    "engine_version": "1.1.1.82",
                    "result": null,
                    "method": "blacklist",
                    "engine_update": "20210512"
                },
                "BitDefenderTheta": {
                    "category": "undetected",
                    "engine_name": "BitDefenderTheta",
                    "engine_version": "7.2.37796.0",
                    "result": null,
                    "method": "blacklist",
                    "engine_update": "20210721"
                },
                "ALYac": {
                    "category": "undetected",
                    "engine_name": "ALYac",
                    "engine_version": "1.1.3.1",
                    "result": null,
                    "method": "blacklist",
                    "engine_update": "20210723"
                },
                "MAX": {
                    "category": "undetected",
                    "engine_name": "MAX",
                    "engine_version": "2019.9.16.1",
                    "result": null,
                    "method": "blacklist",
                    "engine_update": "20210723"
                },
                "VBA32": {
                    "category": "undetected",
                    "engine_name": "VBA32",
                    "engine_version": "5.0.0",
                    "result": null,
                    "method": "blacklist",
                    "engine_update": "20210722"
                },
                "Cylance": {
                    "category": "type-unsupported",
                    "engine_name": "Cylance",
                    "engine_version": "2.3.1.101",
                    "result": null,
                    "method": "blacklist",
                    "engine_update": "20210723"
                },
                "Zoner": {
                    "category": "undetected",
                    "engine_name": "Zoner",
                    "engine_version": "0.0.0.0",
                    "result": null,
                    "method": "blacklist",
                    "engine_update": "20210722"
                },
                "Tencent": {
                    "category": "malicious",
                    "engine_name": "Tencent",
                    "engine_version": "1.0.0.1",
                    "result": "a.gray.andrsca.i",
                    "method": "blacklist",
                    "engine_update": "20210723"
                },
                "Yandex": {
                    "category": "undetected",
                    "engine_name": "Yandex",
                    "engine_version": "5.5.2.24",
                    "result": null,
                    "method": "blacklist",
                    "engine_update": "20210722"
                },
                "TACHYON": {
                    "category": "undetected",
                    "engine_name": "TACHYON",
                    "engine_version": "2021-07-23.02",
                    "result": null,
                    "method": "blacklist",
                    "engine_update": "20210723"
                },
                "MaxSecure": {
                    "category": "undetected",
                    "engine_name": "MaxSecure",
                    "engine_version": "1.0.0.1",
                    "result": null,
                    "method": "blacklist",
                    "engine_update": "20210722"
                },
                "Fortinet": {
                    "category": "malicious",
                    "engine_name": "Fortinet",
                    "engine_version": "6.2.142.0",
                    "result": "Android/AirPush.G",
                    "method": "blacklist",
                    "engine_update": "20210723"
                },
                "Cybereason": {
                    "category": "type-unsupported",
                    "engine_name": "Cybereason",
                    "engine_version": "1.2.449",
                    "result": null,
                    "method": "blacklist",
                    "engine_update": "20210330"
                },
                "Panda": {
                    "category": "undetected",
                    "engine_name": "Panda",
                    "engine_version": "4.6.4.2",
                    "result": null,
                    "method": "blacklist",
                    "engine_update": "20210722"
                },
                "CrowdStrike": {
                    "category": "type-unsupported",
                    "engine_name": "CrowdStrike",
                    "engine_version": "1.0",
                    "result": null,
                    "method": "blacklist",
                    "engine_update": "20210203"
                },
                "Qihoo-360": {
                    "category": "undetected",
                    "engine_name": "Qihoo-360",
                    "engine_version": "1.0.0.1300",
                    "result": null,
                    "method": "blacklist",
                    "engine_update": "20210723"
                }
            },
            "sha256": "00023bcfc14ce3027a542987394a97c64b6c1b9304090f9593e203587e1c2048",
            "type_extension": "apk",
            "tags": [
                "apk",
                "android",
                "dyn-class",
                "reflection",
                "runtime-modules"
            ],
            "last_analysis_date": 1627032192,
            "unique_sources": 3,
            "first_submission_date": 1494822956,
            "sha1": "19fc4396ee9a7c0a58a0644b596cd7a1df2145d5",
            "ssdeep": "49152:77U3HBTU0aL5NmUseVPekGkU1v358oc4+lGlmP80KQTMwG5IbUHG3SRr6RQ0/5DF:77UXBg0I5oUseVPM3DdMG425XHG3SRWT",
            "bundle_info": {
                "highest_datetime": "2017-05-05 09:30:44",
                "lowest_datetime": "1980-01-01 08:00:00",
                "num_children": 441,
                "extensions": {
                    "xml": 74,
                    "dex": 1,
                    "MF": 1,
                    "RSA": 1,
                    "SF": 1,
                    "png": 361
                },
                "file_types": {
                    "XML": 74,
                    "unknown": 5,
                    "DEX": 1,
                    "PNG": 361
                },
                "type": "APK",
                "uncompressed_size": 5850521
            },
            "packers": {
                "F-PROT": "appended"
            },
            "md5": "8436524331550133666dd023a414cc20",
            "androguard": {
                "VTAndroidInfo": 1.41,
                "AndroidApplicationError": false,
                "MinSdkVersion": "11",
                "AndroguardVersion": "3.0-dev",
                "Activities": [
                    "com.kuyhaa.android.auto.call.recorder.acr.lite.autocallrecorder.voicecallrecorder.tools.angelrecorder.SplashScreenActivity",
                    "com.kuyhaa.android.auto.call.recorder.acr.lite.autocallrecorder.voicecallrecorder.tools.angelrecorder.MainActivity",
                    "com.kuyhaa.android.auto.call.recorder.acr.lite.autocallrecorder.voicecallrecorder.tools.angelrecorder.PreferencesActivity",
                    "com.google.android.gms.ads.AdActivity",
                    "com.yrkfgo.assxqx4.AdActivity",
                    "com.yrkfgo.assxqx4.BrowserActivity",
                    "com.yrkfgo.assxqx4.PlayActivity"
                ],
                "certificate": {
                    "Subject": {
                        "DN": "C:ID, OU:Kuyhaa, CN:Kuyhaa Android",
                        "C": "ID",
                        "OU": "Kuyhaa",
                        "CN": "Kuyhaa Android"
                    },
                    "validto": "2067-04-23 01:29:55",
                    "serialnumber": "4343e19f",
                    "thumbprint": "a4d4c537e737b1e153ca4e8d05c401a883f72c5e",
                    "validfrom": "2017-05-05 01:29:55",
                    "Issuer": {
                        "DN": "C:ID, OU:Kuyhaa, CN:Kuyhaa Android",
                        "C": "ID",
                        "OU": "Kuyhaa",
                        "CN": "Kuyhaa Android"
                    }
                },
                "AndroidApplication": 1,
                "RiskIndicator": {
                    "PERM": {
                        "PRIVACY": 7,
                        "MONEY": 1,
                        "NORMAL": 3,
                        "DANGEROUS": 3,
                        "CALL": 1,
                        "INTERNET": 1,
                        "GPS": 2
                    }
                },
                "Services": [
                    "com.kuyhaa.android.auto.call.recorder.acr.lite.autocallrecorder.voicecallrecorder.tools.angelrecorder.CallRecordingService",
                    "com.yrkfgo.assxqx4.UbService",
                    "com.yrkfgo.assxqx4.AdService"
                ],
                "AndroidVersionCode": "1",
                "main_activity": "com.kuyhaa.android.auto.call.recorder.acr.lite.autocallrecorder.voicecallrecorder.tools.angelrecorder.SplashScreenActivity",
                "Package": "com.kuyhaa.android.auto.call.recorder.acr.lite.autocallrecorder.voicecallrecorder.tools",
                "intent_filters": {
                    "Activities": {
                        "com.kuyhaa.android.auto.call.recorder.acr.lite.autocallrecorder.voicecallrecorder.tools.angelrecorder.SplashScreenActivity": {
                            "action": [
                                "android.intent.action.MAIN"
                            ],
                            "category": [
                                "android.intent.category.LAUNCHER"
                            ]
                        }
                    },
                    "Receivers": {
                        "com.kuyhaa.android.auto.call.recorder.acr.lite.autocallrecorder.voicecallrecorder.tools.angelrecorder.OutgoingCall": {
                            "action": [
                                "android.intent.action.NEW_OUTGOING_CALL"
                            ]
                        },
                        "com.kuyhaa.android.auto.call.recorder.acr.lite.autocallrecorder.voicecallrecorder.tools.angelrecorder.IncomingCall": {
                            "action": [
                                "android.intent.action.PHONE_STATE"
                            ]
                        },
                        "com.yrkfgo.assxqx4.BootReceiver": {
                            "action": [
                                "android.intent.action.BOOT_COMPLETED"
                            ],
                            "category": [
                                "android.intent.category.HOME"
                            ]
                        }
                    }
                },
                "AndroidVersionName": "1.0",
                "TargetSdkVersion": "21",
                "AndroidApplicationInfo": "APK",
                "permission_details": {
                    "android.permission.ACCESS_FINE_LOCATION": {
                        "short_description": "fine (GPS) location",
                        "full_description": "Access fine location sources, such as the Global Positioning System on the phone, where available. Malicious applications can use this to determine where you are and may consume additional battery power.",
                        "permission_type": "dangerous"
                    },
                    "android.permission.RECEIVE_BOOT_COMPLETED": {
                        "short_description": "automatically start at boot",
                        "full_description": "Allows an application to start itself as soon as the system has finished booting. This can make it take longer to start the phone and allow the application to slow down the overall phone by always running.",
                        "permission_type": "normal"
                    },
                    "android.permission.READ_CONTACTS": {
                        "short_description": "read contact data",
                        "full_description": "Allows an application to read all of the contact (address) data stored on your phone. Malicious applications can use this to send your data to other people.",
                        "permission_type": "dangerous"
                    },
                    "com.android.launcher.permission.INSTALL_SHORTCUT": {
                        "short_description": "Unknown permission from android reference",
                        "full_description": "Unknown permission from android reference",
                        "permission_type": "normal"
                    },
                    "android.permission.SYSTEM_ALERT_WINDOW": {
                        "short_description": "display system-level alerts",
                        "full_description": "Allows an application to show system-alert windows. Malicious applications can take over the entire screen of the phone.",
                        "permission_type": "dangerous"
                    },
                    "android.permission.PROCESS_OUTGOING_CALLS": {
                        "short_description": "intercept outgoing calls",
                        "full_description": "Allows application to process outgoing calls and change the number to be dialled. Malicious applications may monitor, redirect or prevent outgoing calls.",
                        "permission_type": "dangerous"
                    },
                    "android.permission.ACCESS_WIFI_STATE": {
                        "short_description": "view Wi-Fi status",
                        "full_description": "Allows an application to view the information about the status of Wi-Fi.",
                        "permission_type": "normal"
                    },
                    "android.permission.ACCESS_COARSE_LOCATION": {
                        "short_description": "coarse (network-based) location",
                        "full_description": "Access coarse location sources, such as the mobile network database, to determine an approximate phone location, where available. Malicious applications can use this to determine approximately where you are.",
                        "permission_type": "dangerous"
                    },
                    "android.permission.GET_TASKS": {
                        "short_description": "retrieve running applications",
                        "full_description": "Allows application to retrieve information about currently and recently running tasks. May allow malicious applications to discover private information about other applications.",
                        "permission_type": "dangerous"
                    },
                    "android.permission.ACCESS_NETWORK_STATE": {
                        "short_description": "view network status",
                        "full_description": "Allows an application to view the status of all networks.",
                        "permission_type": "normal"
                    },
                    "android.permission.READ_PHONE_STATE": {
                        "short_description": "read phone state and identity",
                        "full_description": "Allows the application to access the phone features of the device. An application with this permission can determine the phone number and serial number of this phone, whether a call is active, the number that call is connected to and so on.",
                        "permission_type": "dangerous"
                    },
                    "com.android.browser.permission.READ_HISTORY_BOOKMARKS": {
                        "short_description": "read Browser's history and bookmarks",
                        "full_description": "Allows the application to read all the URLs that the browser has visited and all of the browser's bookmarks.",
                        "permission_type": "dangerous"
                    },
                    "android.permission.INTERNET": {
                        "short_description": "full Internet access",
                        "full_description": "Allows an application to create network sockets.",
                        "permission_type": "dangerous"
                    },
                    "android.permission.STORAGE": {
                        "short_description": "Unknown permission from android reference",
                        "full_description": "Unknown permission from android reference",
                        "permission_type": "normal"
                    },
                    "android.permission.WRITE_EXTERNAL_STORAGE": {
                        "short_description": "modify/delete SD card contents",
                        "full_description": "Allows an application to write to the SD card.",
                        "permission_type": "dangerous"
                    },
                    "android.permission.GET_ACCOUNTS": {
                        "short_description": "discover known accounts",
                        "full_description": "Allows an application to access the list of accounts known by the phone.",
                        "permission_type": "normal"
                    },
                    "android.permission.RECORD_AUDIO": {
                        "short_description": "record audio",
                        "full_description": "Allows application to access the audio record path.",
                        "permission_type": "dangerous"
                    }
                },
                "Receivers": [
                    "com.kuyhaa.android.auto.call.recorder.acr.lite.autocallrecorder.voicecallrecorder.tools.angelrecorder.OutgoingCall",
                    "com.kuyhaa.android.auto.call.recorder.acr.lite.autocallrecorder.voicecallrecorder.tools.angelrecorder.IncomingCall",
                    "com.yrkfgo.assxqx4.BootReceiver"
                ],
                "StringsInformation": [
                    "http://beta.airpush.com/images/adsthumbnail/48.png",
                    "https://www.googleapis.com/auth/games",
                    "https://www.googleapis.com/auth/fitness.nutrition.write",
                    "http://schema.org/ActiveActionStatus",
                    "https://www.googleapis.com/auth/drive.file",
                    "https://www.google-analytics.com",
                    "https://www.googleapis.com/auth/plus.moments.write",
                    "https://ssl.google-analytics.com",
                    "https://www.googleapis.com/auth/drive",
                    "https://www.googleapis.com/auth/fitness.body.write",
                    "https://googleads.g.doubleclick.net/mads/static/mad/sdk/native/mraid/v2/mraid_app_expanded_banner.js",
                    "http://schema.org/LikeAction",
                    "http://schema.org/CompletedActionStatus",
                    "https://www.googleapis.com/auth/fitness.location.write",
                    "http://plus.google.com/",
                    "https://www.googleapis.com/auth/fitness.activity.read",
                    "https://www.googleapis.com/auth/fitness.activity.write",
                    "http://hostname/?",
                    "https://www.googleapis.com/auth/plus.me",
                    "http://www.google.com",
                    "https://www.googleapis.com/auth/fitness.nutrition.read",
                    "https://www.googleapis.com/auth/plus.login",
                    "http://schema.org/BookmarkAction",
                    "https://www.googleapis.com/auth/fitness.body.read",
                    "https://ssl.google-analytics.com/collect",
                    "http://xmlpull.org/v1/doc/features.html#process-namespaces",
                    "https://www.googleapis.com/auth/datastoremobile",
                    "https://csi.gstatic.com/csi",
                    "http://schemas.android.com/apk/res-auto",
                    "http://play.google.com/store/",
                    "https://www.googletagmanager.com",
                    "http://schema.org/FailedActionStatus",
                    "https://googleads.g.doubleclick.net/mads/static/mad/sdk/native/native_ads.html",
                    "http://schema.org/ListenAction",
                    "https://www.googleapis.com/auth/drive.appdata",
                    "https://www.googleapis.com/auth/games.firstparty",
                    "https://googleads.g.doubleclick.net/mads/static/mad/sdk/native/sdk-core-v40.html",
                    "https://googleads.g.doubleclick.net/mads/static/mad/sdk/native/mraid/v2/mraid_app_banner.js",
                    "https://googleads.g.doubleclick.net/mads/static/mad/sdk/native/mraid/v2/mraid_app_interstitial.js",
                    "http://schemas.android.com/apk/lib/com.google.android.gms.plus",
                    "http://www.google-analytics.com/collect",
                    "https://www.googleapis.com/auth/fitness.location.read",
                    "http://schema.org/WatchAction",
                    "https://www.googleapis.com/auth/drive.apps",
                    "http://schema.org/AddAction",
                    "http://schema.org/WantAction",
                    "https://play.google.com/store/",
                    "http://schema.org/ViewAction",
                    "https://www.googleapis.com/auth/appstate"
                ]
            },
            "magic": "Zip archive data, at least v2.0 to extract",
            "last_analysis_stats": {
                "harmless": 0,
                "type-unsupported": 11,
                "suspicious": 0,
                "confirmed-timeout": 0,
                "timeout": 0,
                "failure": 1,
                "malicious": 20,
                "undetected": 42
            },
            "meaningful_name": "00023BCFC14CE3027A542987394A97C64B6C1B9304090F9593E203587E1C2048.apk",
            "reputation": 0
        },
        "type": "file",
        "id": "00023bcfc14ce3027a542987394a97c64b6c1b9304090f9593e203587e1c2048",
        "links": {
            "self": "https://www.virustotal.com/api/v3/files/00023bcfc14ce3027a542987394a97c64b6c1b9304090f9593e203587e1c2048"
        }
    }
}