{
    "data": {
        "attributes": {
            "type_description": "Android",
            "tlsh": "T16F95F192F3AAB926C836C13261A567376649CE58C906F7881409FBED7DF7CA44F817C0",
            "vhash": "55d76e43796071d8f2684230c94b67a7",
            "trid": [
                {
                    "file_type": "Android Package",
                    "probability": 67.5
                },
                {
                    "file_type": "Java Archive",
                    "probability": 23.6
                },
                {
                    "file_type": "ZIP compressed archive",
                    "probability": 7.0
                },
                {
                    "file_type": "PrintFox/Pagefox bitmap (640x800)",
                    "probability": 1.7
                }
            ],
            "names": [
                "com.misonicon.DogWhistle.apk"
            ],
            "last_modification_date": 1628030234,
            "type_tag": "android",
            "times_submitted": 3,
            "total_votes": {
                "harmless": 0,
                "malicious": 0
            },
            "size": 1956587,
            "popular_threat_classification": {
                "suggested_threat_label": "trojan.addisplay/airpush",
                "popular_threat_category": [
                    {
                        "count": 2,
                        "value": "trojan"
                    },
                    {
                        "count": 2,
                        "value": "pua"
                    }
                ],
                "popular_threat_name": [
                    {
                        "count": 2,
                        "value": "addisplay"
                    },
                    {
                        "count": 2,
                        "value": "airpush"
                    }
                ]
            },
            "last_submission_date": 1526656141,
            "last_analysis_results": {
                "Bkav": {
                    "category": "undetected",
                    "engine_name": "Bkav",
                    "engine_version": "1.3.0.9899",
                    "result": null,
                    "method": "blacklist",
                    "engine_update": "20210731"
                },
                "Lionic": {
                    "category": "malicious",
                    "engine_name": "Lionic",
                    "engine_version": "4.2",
                    "result": "Riskware.AndroidOS.Generic.z!c",
                    "method": "blacklist",
                    "engine_update": "20210801"
                },
                "Elastic": {
                    "category": "type-unsupported",
                    "engine_name": "Elastic",
                    "engine_version": "4.0.25",
                    "result": null,
                    "method": "blacklist",
                    "engine_update": "20210710"
                },
                "MicroWorld-eScan": {
                    "category": "undetected",
                    "engine_name": "MicroWorld-eScan",
                    "engine_version": "14.0.409.0",
                    "result": null,
                    "method": "blacklist",
                    "engine_update": "20210731"
                },
                "FireEye": {
                    "category": "undetected",
                    "engine_name": "FireEye",
                    "engine_version": "32.44.1.0",
                    "result": null,
                    "method": "blacklist",
                    "engine_update": "20210731"
                },
                "CAT-QuickHeal": {
                    "category": "undetected",
                    "engine_name": "CAT-QuickHeal",
                    "engine_version": "14.00",
                    "result": null,
                    "method": "blacklist",
                    "engine_update": "20210731"
                },
                "McAfee": {
                    "category": "malicious",
                    "engine_name": "McAfee",
                    "engine_version": "6.0.6.653",
                    "result": "Artemis!32C78EFC510D",
                    "method": "blacklist",
                    "engine_update": "20210801"
                },
                "Malwarebytes": {
                    "category": "undetected",
                    "engine_name": "Malwarebytes",
                    "engine_version": "4.2.2.27",
                    "result": null,
                    "method": "blacklist",
                    "engine_update": "20210801"
                },
                "VIPRE": {
                    "category": "undetected",
                    "engine_name": "VIPRE",
                    "engine_version": "94416",
                    "result": null,
                    "method": "blacklist",
                    "engine_update": "20210801"
                },
                "Paloalto": {
                    "category": "type-unsupported",
                    "engine_name": "Paloalto",
                    "engine_version": "1.0",
                    "result": null,
                    "method": "blacklist",
                    "engine_update": "20210801"
                },
                "Sangfor": {
                    "category": "undetected",
                    "engine_name": "Sangfor",
                    "engine_version": "2.9.0.0",
                    "result": null,
                    "method": "blacklist",
                    "engine_update": "20210625"
                },
                "K7AntiVirus": {
                    "category": "undetected",
                    "engine_name": "K7AntiVirus",
                    "engine_version": "11.198.37849",
                    "result": null,
                    "method": "blacklist",
                    "engine_update": "20210731"
                },
                "BitDefender": {
                    "category": "undetected",
                    "engine_name": "BitDefender",
                    "engine_version": "7.2",
                    "result": null,
                    "method": "blacklist",
                    "engine_update": "20210731"
                },
                "K7GW": {
                    "category": "undetected",
                    "engine_name": "K7GW",
                    "engine_version": "11.198.37849",
                    "result": null,
                    "method": "blacklist",
                    "engine_update": "20210731"
                },
                "Trustlook": {
                    "category": "malicious",
                    "engine_name": "Trustlook",
                    "engine_version": "1.0",
                    "result": "Android.PUA.General",
                    "method": "blacklist",
                    "engine_update": "20210801"
                },
                "Arcabit": {
                    "category": "undetected",
                    "engine_name": "Arcabit",
                    "engine_version": "1.0.0.886",
                    "result": null,
                    "method": "blacklist",
                    "engine_update": "20210801"
                },
                "BitDefenderTheta": {
                    "category": "undetected",
                    "engine_name": "BitDefenderTheta",
                    "engine_version": "7.2.37796.0",
                    "result": null,
                    "method": "blacklist",
                    "engine_update": "20210721"
                },
                "Cyren": {
                    "category": "undetected",
                    "engine_name": "Cyren",
                    "engine_version": "6.3.0.2",
                    "result": null,
                    "method": "blacklist",
                    "engine_update": "20210801"
                },
                "SymantecMobileInsight": {
                    "category": "malicious",
                    "engine_name": "SymantecMobileInsight",
                    "engine_version": "2.0",
                    "result": "AppRisk:Generisk",
                    "method": "blacklist",
                    "engine_update": "20210126"
                },
                "Symantec": {
                    "category": "malicious",
                    "engine_name": "Symantec",
                    "engine_version": "1.15.0.0",
                    "result": "Trojan.Gen.MBT",
                    "method": "blacklist",
                    "engine_update": "20210731"
                },
                "ESET-NOD32": {
                    "category": "malicious",
                    "engine_name": "ESET-NOD32",
                    "engine_version": "23719",
                    "result": "a variant of Android/AdDisplay.AirPush.V potentially unwanted",
                    "method": "blacklist",
                    "engine_update": "20210731"
                },
                "Baidu": {
                    "category": "undetected",
                    "engine_name": "Baidu",
                    "engine_version": "1.0.0.2",
                    "result": null,
                    "method": "blacklist",
                    "engine_update": "20190318"
                },
                "TrendMicro-HouseCall": {
                    "category": "undetected",
                    "engine_name": "TrendMicro-HouseCall",
                    "engine_version": "10.0.0.1040",
                    "result": null,
                    "method": "blacklist",
                    "engine_update": "20210801"
                },
                "Avast": {
                    "category": "undetected",
                    "engine_name": "Avast",
                    "engine_version": "21.1.5827.0",
                    "result": null,
                    "method": "blacklist",
                    "engine_update": "20210801"
                },
                "ClamAV": {
                    "category": "undetected",
                    "engine_name": "ClamAV",
                    "engine_version": "0.103.3.0",
                    "result": null,
                    "method": "blacklist",
                    "engine_update": "20210803"
                },
                "Kaspersky": {
                    "category": "undetected",
                    "engine_name": "Kaspersky",
                    "engine_version": "21.0.1.45",
                    "result": null,
                    "method": "blacklist",
                    "engine_update": "20210731"
                },
                "Alibaba": {
                    "category": "undetected",
                    "engine_name": "Alibaba",
                    "engine_version": "0.3.0.5",
                    "result": null,
                    "method": "blacklist",
                    "engine_update": "20190527"
                },
                "NANO-Antivirus": {
                    "category": "undetected",
                    "engine_name": "NANO-Antivirus",
                    "engine_version": "1.0.146.25311",
                    "result": null,
                    "method": "blacklist",
                    "engine_update": "20210801"
                },
                "ViRobot": {
                    "category": "undetected",
                    "engine_name": "ViRobot",
                    "engine_version": "2014.3.20.0",
                    "result": null,
                    "method": "blacklist",
                    "engine_update": "20210731"
                },
                "Rising": {
                    "category": "undetected",
                    "engine_name": "Rising",
                    "engine_version": "25.0.0.26",
                    "result": null,
                    "method": "blacklist",
                    "engine_update": "20210731"
                },
                "Ad-Aware": {
                    "category": "undetected",
                    "engine_name": "Ad-Aware",
                    "engine_version": "3.0.21.179",
                    "result": null,
                    "method": "blacklist",
                    "engine_update": "20210801"
                },
                "TACHYON": {
                    "category": "undetected",
                    "engine_name": "TACHYON",
                    "engine_version": "2021-08-01.01",
                    "result": null,
                    "method": "blacklist",
                    "engine_update": "20210801"
                },
                "Sophos": {
                    "category": "undetected",
                    "engine_name": "Sophos",
                    "engine_version": "1.3.0.0",
                    "result": null,
                    "method": "blacklist",
                    "engine_update": "20210803"
                },
                "Comodo": {
                    "category": "malicious",
                    "engine_name": "Comodo",
                    "engine_version": "33762",
                    "result": "ApplicUnwnt@#1q4pav7bmxiix",
                    "method": "blacklist",
                    "engine_update": "20210731"
                },
                "F-Secure": {
                    "category": "undetected",
                    "engine_name": "F-Secure",
                    "engine_version": "12.0.86.52",
                    "result": null,
                    "method": "blacklist",
                    "engine_update": "20210731"
                },
                "DrWeb": {
                    "category": "undetected",
                    "engine_name": "DrWeb",
                    "engine_version": "7.0.49.9080",
                    "result": null,
                    "method": "blacklist",
                    "engine_update": "20210801"
                },
                "Zillya": {
                    "category": "undetected",
                    "engine_name": "Zillya",
                    "engine_version": "2.0.0.4418",
                    "result": null,
                    "method": "blacklist",
                    "engine_update": "20210730"
                },
                "TrendMicro": {
                    "category": "undetected",
                    "engine_name": "TrendMicro",
                    "engine_version": "11.0.0.1006",
                    "result": null,
                    "method": "blacklist",
                    "engine_update": "20210801"
                },
                "McAfee-GW-Edition": {
                    "category": "malicious",
                    "engine_name": "McAfee-GW-Edition",
                    "engine_version": "v2019.1.2+3728",
                    "result": "BehavesLike.PUP.tc",
                    "method": "blacklist",
                    "engine_update": "20210731"
                },
                "SentinelOne": {
                    "category": "type-unsupported",
                    "engine_name": "SentinelOne",
                    "engine_version": "5.2.0.9",
                    "result": null,
                    "method": "blacklist",
                    "engine_update": "20210703"
                },
                "Trapmine": {
                    "category": "type-unsupported",
                    "engine_name": "Trapmine",
                    "engine_version": "3.5.0.1023",
                    "result": null,
                    "method": "blacklist",
                    "engine_update": "20200727"
                },
                "CMC": {
                    "category": "undetected",
                    "engine_name": "CMC",
                    "engine_version": "2.10.2019.1",
                    "result": null,
                    "method": "blacklist",
                    "engine_update": "20210624"
                },
                "Emsisoft": {
                    "category": "undetected",
                    "engine_name": "Emsisoft",
                    "engine_version": "2018.12.0.1641",
                    "result": null,
                    "method": "blacklist",
                    "engine_update": "20210801"
                },
                "APEX": {
                    "category": "type-unsupported",
                    "engine_name": "APEX",
                    "engine_version": "6.192",
                    "result": null,
                    "method": "blacklist",
                    "engine_update": "20210731"
                },
                "GData": {
                    "category": "undetected",
                    "engine_name": "GData",
                    "engine_version": "A:25.30448B:27.23926",
                    "result": null,
                    "method": "blacklist",
                    "engine_update": "20210801"
                },
                "Jiangmin": {
                    "category": "undetected",
                    "engine_name": "Jiangmin",
                    "engine_version": "16.0.100",
                    "result": null,
                    "method": "blacklist",
                    "engine_update": "20210731"
                },
                "Webroot": {
                    "category": "type-unsupported",
                    "engine_name": "Webroot",
                    "engine_version": "1.0.0.403",
                    "result": null,
                    "method": "blacklist",
                    "engine_update": "20210801"
                },
                "Avira": {
                    "category": "malicious",
                    "engine_name": "Avira",
                    "engine_version": "8.3.3.12",
                    "result": "ADWARE/ANDR.AirPush.FOPL.Gen",
                    "method": "blacklist",
                    "engine_update": "20210731"
                },
                "eGambit": {
                    "category": "type-unsupported",
                    "engine_name": "eGambit",
                    "engine_version": null,
                    "result": null,
                    "method": "blacklist",
                    "engine_update": "20210801"
                },
                "Antiy-AVL": {
                    "category": "malicious",
                    "engine_name": "Antiy-AVL",
                    "engine_version": "3.0.0.1",
                    "result": "Trojan/Generic.ASMalwAD.4B7",
                    "method": "blacklist",
                    "engine_update": "20210801"
                },
                "Kingsoft": {
                    "category": "undetected",
                    "engine_name": "Kingsoft",
                    "engine_version": "2017.9.26.565",
                    "result": null,
                    "method": "blacklist",
                    "engine_update": "20210803"
                },
                "Gridinsoft": {
                    "category": "undetected",
                    "engine_name": "Gridinsoft",
                    "engine_version": "1.0.49.142",
                    "result": null,
                    "method": "blacklist",
                    "engine_update": "20210801"
                },
                "Microsoft": {
                    "category": "malicious",
                    "engine_name": "Microsoft",
                    "engine_version": "1.1.18400.4",
                    "result": "PUA:Win32/Presenoker",
                    "method": "blacklist",
                    "engine_update": "20210801"
                },
                "SUPERAntiSpyware": {
                    "category": "undetected",
                    "engine_name": "SUPERAntiSpyware",
                    "engine_version": "5.6.0.1032",
                    "result": null,
                    "method": "blacklist",
                    "engine_update": "20210731"
                },
                "ZoneAlarm": {
                    "category": "undetected",
                    "engine_name": "ZoneAlarm",
                    "engine_version": "1.0",
                    "result": null,
                    "method": "blacklist",
                    "engine_update": "20210801"
                },
                "Avast-Mobile": {
                    "category": "undetected",
                    "engine_name": "Avast-Mobile",
                    "engine_version": "210731-02",
                    "result": null,
                    "method": "blacklist",
                    "engine_update": "20210731"
                },
                "Cynet": {
                    "category": "malicious",
                    "engine_name": "Cynet",
                    "engine_version": "4.0.0.27",
                    "result": "Malicious (score: 99)",
                    "method": "blacklist",
                    "engine_update": "20210731"
                },
                "BitDefenderFalx": {
                    "category": "undetected",
                    "engine_name": "BitDefenderFalx",
                    "engine_version": "2.0.936",
                    "result": null,
                    "method": "blacklist",
                    "engine_update": "20210610"
                },
                "AhnLab-V3": {
                    "category": "undetected",
                    "engine_name": "AhnLab-V3",
                    "engine_version": "3.20.4.10148",
                    "result": null,
                    "method": "blacklist",
                    "engine_update": "20210801"
                },
                "Acronis": {
                    "category": "type-unsupported",
                    "engine_name": "Acronis",
                    "engine_version": "1.1.1.82",
                    "result": null,
                    "method": "blacklist",
                    "engine_update": "20210512"
                },
                "VBA32": {
                    "category": "undetected",
                    "engine_name": "VBA32",
                    "engine_version": "5.0.0",
                    "result": null,
                    "method": "blacklist",
                    "engine_update": "20210730"
                },
                "ALYac": {
                    "category": "undetected",
                    "engine_name": "ALYac",
                    "engine_version": "1.1.3.1",
                    "result": null,
                    "method": "blacklist",
                    "engine_update": "20210801"
                },
                "MAX": {
                    "category": "undetected",
                    "engine_name": "MAX",
                    "engine_version": "2019.9.16.1",
                    "result": null,
                    "method": "blacklist",
                    "engine_update": "20210801"
                },
                "Cylance": {
                    "category": "type-unsupported",
                    "engine_name": "Cylance",
                    "engine_version": "2.3.1.101",
                    "result": null,
                    "method": "blacklist",
                    "engine_update": "20210803"
                },
                "Zoner": {
                    "category": "undetected",
                    "engine_name": "Zoner",
                    "engine_version": "0.0.0.0",
                    "result": null,
                    "method": "blacklist",
                    "engine_update": "20210731"
                },
                "Tencent": {
                    "category": "malicious",
                    "engine_name": "Tencent",
                    "engine_version": "1.0.0.1",
                    "result": "a.privacy.counterclank.b",
                    "method": "blacklist",
                    "engine_update": "20210801"
                },
                "Yandex": {
                    "category": "undetected",
                    "engine_name": "Yandex",
                    "engine_version": "5.5.2.24",
                    "result": null,
                    "method": "blacklist",
                    "engine_update": "20210731"
                },
                "Ikarus": {
                    "category": "malicious",
                    "engine_name": "Ikarus",
                    "engine_version": "0.1.5.2",
                    "result": "PUA.AndroidOS.AdDisplay",
                    "method": "blacklist",
                    "engine_update": "20210731"
                },
                "MaxSecure": {
                    "category": "undetected",
                    "engine_name": "MaxSecure",
                    "engine_version": "1.0.0.1",
                    "result": null,
                    "method": "blacklist",
                    "engine_update": "20210731"
                },
                "Fortinet": {
                    "category": "malicious",
                    "engine_name": "Fortinet",
                    "engine_version": "6.2.142.0",
                    "result": "Riskware/Generic.Z.8EF88B!Android",
                    "method": "blacklist",
                    "engine_update": "20210801"
                },
                "Cybereason": {
                    "category": "type-unsupported",
                    "engine_name": "Cybereason",
                    "engine_version": "1.2.449",
                    "result": null,
                    "method": "blacklist",
                    "engine_update": "20210330"
                },
                "Panda": {
                    "category": "undetected",
                    "engine_name": "Panda",
                    "engine_version": "4.6.4.2",
                    "result": null,
                    "method": "blacklist",
                    "engine_update": "20210731"
                },
                "CrowdStrike": {
                    "category": "type-unsupported",
                    "engine_name": "CrowdStrike",
                    "engine_version": "1.0",
                    "result": null,
                    "method": "blacklist",
                    "engine_update": "20210203"
                },
                "Qihoo-360": {
                    "category": "undetected",
                    "engine_name": "Qihoo-360",
                    "engine_version": "1.0.0.1300",
                    "result": null,
                    "method": "blacklist",
                    "engine_update": "20210801"
                }
            },
            "sha256": "0008b8945dcdaca9e21b29f2179c49ebf94ce5d6401844bcdaf1fd47baa68f8d",
            "type_extension": "apk",
            "tags": [
                "apk",
                "checks-gps",
                "android"
            ],
            "last_analysis_date": 1627787806,
            "unique_sources": 3,
            "first_submission_date": 1489735314,
            "sha1": "c89ace2d3c7fbd70008406acb3a693e8e664469b",
            "ssdeep": "49152:z4goz8TbgNZg0xGdktYyf3zuWCZG3uGbMfL/odRYCJAz:0gS8TkNZg0xGSY+juluxojAdSC2z",
            "bundle_info": {
                "highest_datetime": "1980-00-00 00:00:00",
                "lowest_datetime": "1980-00-00 00:00:00",
                "num_children": 215,
                "extensions": {
                    "xml": 18,
                    "dex": 1,
                    "MF": 1,
                    "RSA": 1,
                    "SF": 1,
                    "png": 192
                },
                "file_types": {
                    "XML": 18,
                    "unknown": 4,
                    "DEX": 1,
                    "PNG": 192
                },
                "type": "APK",
                "uncompressed_size": 4043904
            },
            "md5": "32c78efc510d3e820e68f93e45403e04",
            "androguard": {
                "VTAndroidInfo": 1.41,
                "AndroidApplicationError": false,
                "MinSdkVersion": "9",
                "AndroguardVersion": "3.0-dev",
                "Activities": [
                    "com.misonicon.DogWhistle.DogWhistleActivity",
                    "com.millennialmedia.android.MMActivity",
                    "com.ouyzfwk.lnhtqzk157447.AdActivity",
                    "com.ouyzfwk.lnhtqzk157447.BrowserActivity",
                    "com.appbrain.AppBrainActivity",
                    "com.google.android.gms.ads.AdActivity",
                    "com.google.android.gms.ads.purchase.InAppPurchaseActivity"
                ],
                "certificate": {
                    "Subject": {
                        "DN": "C:US, CN:Peter Misoniconos, L:Tempe, O:Misonicon Ltd, ST:Arizona, OU:Misonicon Ltd",
                        "C": "US",
                        "CN": "Peter Misoniconos",
                        "L": "Tempe",
                        "O": "Misonicon Ltd",
                        "ST": "Arizona",
                        "OU": "Misonicon Ltd"
                    },
                    "validto": "2163-07-16 17:46:41",
                    "serialnumber": "14d34ab9",
                    "thumbprint": "7501e99d3285fd56accf656c3b033ea886283394",
                    "validfrom": "2013-08-21 17:46:41",
                    "Issuer": {
                        "DN": "C:US, CN:Peter Misoniconos, L:Tempe, O:Misonicon Ltd, ST:Arizona, OU:Misonicon Ltd",
                        "C": "US",
                        "CN": "Peter Misoniconos",
                        "L": "Tempe",
                        "O": "Misonicon Ltd",
                        "ST": "Arizona",
                        "OU": "Misonicon Ltd"
                    }
                },
                "AndroidApplication": 1,
                "RiskIndicator": {
                    "APK": {
                        "DEX": 1
                    },
                    "PERM": {
                        "DANGEROUS": 1,
                        "INTERNET": 1,
                        "PRIVACY": 1,
                        "NORMAL": 2,
                        "GPS": 1
                    }
                },
                "Services": [
                    "com.appbrain.AppBrainService"
                ],
                "AndroidVersionCode": "9",
                "main_activity": "com.misonicon.DogWhistle.DogWhistleActivity",
                "Package": "com.misonicon.DogWhistle",
                "intent_filters": {
                    "Activities": {
                        "com.misonicon.DogWhistle.DogWhistleActivity": {
                            "action": [
                                "android.intent.action.MAIN"
                            ],
                            "category": [
                                "android.intent.category.LAUNCHER"
                            ]
                        }
                    },
                    "Receivers": {
                        "com.appbrain.ReferrerReceiver": {
                            "action": [
                                "com.android.vending.INSTALL_REFERRER"
                            ]
                        }
                    }
                },
                "AndroidVersionName": "3.0",
                "TargetSdkVersion": "25",
                "AndroidApplicationInfo": "APK",
                "permission_details": {
                    "android.permission.INTERNET": {
                        "short_description": "full Internet access",
                        "full_description": "Allows an application to create network sockets.",
                        "permission_type": "dangerous"
                    },
                    "android.permission.WRITE_EXTERNAL_STORAGE": {
                        "short_description": "modify/delete SD card contents",
                        "full_description": "Allows an application to write to the SD card.",
                        "permission_type": "dangerous"
                    },
                    "android.permission.ACCESS_NETWORK_STATE": {
                        "short_description": "view network status",
                        "full_description": "Allows an application to view the status of all networks.",
                        "permission_type": "normal"
                    },
                    "android.permission.ACCESS_WIFI_STATE": {
                        "short_description": "view Wi-Fi status",
                        "full_description": "Allows an application to view the information about the status of Wi-Fi.",
                        "permission_type": "normal"
                    },
                    "android.permission.ACCESS_COARSE_LOCATION": {
                        "short_description": "coarse (network-based) location",
                        "full_description": "Access coarse location sources, such as the mobile network database, to determine an approximate phone location, where available. Malicious applications can use this to determine approximately where you are.",
                        "permission_type": "dangerous"
                    }
                },
                "Receivers": [
                    "com.appbrain.ReferrerReceiver"
                ],
                "StringsInformation": [
                    "http://androidsdk.ads.mp.mydas.mobi/getAd.php5?",
                    "https://www.linkedin.com",
                    "https://www.googleapis.com/auth/fitness.nutrition.write",
                    "http://ads.mp.mydas.mobi/appConfigServlet?apid=",
                    "https://ads.mp.mydas.mobi/appConfigServlet?apid=",
                    "https://www.googleapis.com/auth/games",
                    "http://applift-a.apptornado.com,http://applift-b.apptornado.com",
                    "https://www.googleapis.com/auth/drive.file",
                    "http://apportal.airpush.com/ep/url",
                    "http://sdk.appbrain.com,http://sdk-b.apptornado.com",
                    "http://applift-a.apptornado.com",
                    "https://www.googleapis.com/auth/plus.me",
                    "https://twitter.com",
                    "http://lp.mydas.mobi/assets/mmjs/1.4/mm.js",
                    "http://schemas.android.com/apk/lib/com.appbrain",
                    "https://www.googleapis.com/auth/fitness.body.write",
                    "https://googleads.g.doubleclick.net/mads/static/mad/sdk/native/mraid/v2/mraid_app_expanded_banner.js",
                    "https://www.googleapis.com/auth/fitness.location.read",
                    "https://www.googleapis.com/auth/fitness.location.write",
                    "http://plus.google.com/",
                    "https://www.googleapis.com/auth/datastoremobile",
                    "https://www.googleapis.com/auth/fitness.activity.read",
                    "https://www.googleapis.com/auth/fitness.activity.write",
                    "https://accounts.google.com",
                    "https://play.google.com",
                    "http://www.google.com",
                    "https://www.googleapis.com/auth/fitness.nutrition.read",
                    "https://www.googleapis.com/auth/fitness.body.read",
                    "https://www.googleapis.com/auth/appstate",
                    "http://images.millennialmedia.com/9513/192134.gif",
                    "http://market.android.com",
                    "http://mediation1.apptornado.com",
                    "https://csi.gstatic.com/csi",
                    "http://cvt.mydas.mobi/handleConversion?firstlaunch=",
                    "https://login.live.com",
                    "http://play.google.com/store/",
                    "https://www.facebook.com",
                    "http://millennialmedia.com/android/schema",
                    "https://login.yahoo.com",
                    "https://market.android.com",
                    "https://play.google.com/store/apps/details?id=com.misonicon.DogWhistle",
                    "https://www.googleapis.com/auth/drive.appdata",
                    "https://www.googleapis.com/auth/plus.login",
                    "https://googleads.g.doubleclick.net/mads/static/mad/sdk/native/sdk-core-v40.html",
                    "https://googleads.g.doubleclick.net/mads/static/mad/sdk/native/mraid/v2/mraid_app_banner.js",
                    "http://play.google.com",
                    "http://schemas.android.com/apk/lib/com.google.android.gms.plus",
                    "https://www.googleapis.com/auth/plus.moments.write",
                    "https://play.google.com/store/",
                    "https://www.paypal.com",
                    "https://googleads.g.doubleclick.net/mads/static/mad/sdk/native/mraid/v2/mraid_app_interstitial.js",
                    "http://ads.mp.mydas.mobi/pixel?id="
                ]
            },
            "magic": "Zip archive data, at least v2.0 to extract",
            "last_analysis_stats": {
                "harmless": 0,
                "type-unsupported": 11,
                "suspicious": 0,
                "confirmed-timeout": 0,
                "timeout": 0,
                "failure": 0,
                "malicious": 15,
                "undetected": 48
            },
            "meaningful_name": "com.misonicon.DogWhistle.apk",
            "reputation": 0
        },
        "type": "file",
        "id": "0008b8945dcdaca9e21b29f2179c49ebf94ce5d6401844bcdaf1fd47baa68f8d",
        "links": {
            "self": "https://www.virustotal.com/api/v3/files/0008b8945dcdaca9e21b29f2179c49ebf94ce5d6401844bcdaf1fd47baa68f8d"
        }
    }
}