{
    "data": {
        "attributes": {
            "type_description": "Android",
            "tlsh": "T15FF5D01289B32D97C5E8E2F0C3E6A0BDF3743ABA6512C1477FB6D7E9016F3801564698",
            "vhash": "ff0d2d956a99d48bc5f5b9b9cf6845a8",
            "trid": [
                {
                    "file_type": "Android Package",
                    "probability": 67.5
                },
                {
                    "file_type": "Java Archive",
                    "probability": 23.6
                },
                {
                    "file_type": "ZIP compressed archive",
                    "probability": 7.0
                },
                {
                    "file_type": "PrintFox/Pagefox bitmap (640x800)",
                    "probability": 1.7
                }
            ],
            "names": [
                "000a067df9235aea987cd1e6b7768bcc1053e640b267c5b1f0deefc18be5dbe1.apk",
                "000A067DF9235AEA987CD1E6B7768BCC1053E640B267C5B1F0DEEFC18BE5DBE1.apk",
                "ac926221a2c45f4b3f8721400341ceb0",
                "myfile.apk",
                "000a067df9235aea987cd1e6b7768bcc1053e640b267c5b1f0deefc18be5dbe1",
                "000a067df9235aea987cd1e6b7768bcc1053e640b267c5b1f0deefc18be5dbe1_SXiERN9",
                "1.apk",
                "000a067df9235aea987cd1e6b7768bcc1053e640b267c5b1f0deefc18be5dbe1_y99Y2tp",
                "000a067df9235aea987cd1e6b7768bcc1053e640b267c5b1f0deefc18be5dbe1_I55sMLS",
                "000a067df9235aea987cd1e6b7768bcc1053e640b267c5b1f0deefc18be5dbe1_0LlcYO6",
                "a.apk",
                "991078b81a8f98cf2f9e9a89303ed898dbe1bf0b.apk",
                "file-7691759_",
                "ac926221a2c45f4b3f8721400341ceb0.apk.log",
                "000a067df9235aea987cd1e6b7768bcc1053e640b267c5b1f0deefc18be5dbe1.bin",
                "test.bin",
                "com_hippoapp_alarmlocation_1.apk"
            ],
            "last_modification_date": 1656601641,
            "type_tag": "android",
            "times_submitted": 104,
            "total_votes": {
                "harmless": 1,
                "malicious": 1
            },
            "size": 3366203,
            "popular_threat_classification": {
                "suggested_threat_label": "trojan.fakeinst/boxer",
                "popular_threat_category": [
                    {
                        "count": 15,
                        "value": "trojan"
                    }
                ],
                "popular_threat_name": [
                    {
                        "count": 5,
                        "value": "fakeinst"
                    },
                    {
                        "count": 4,
                        "value": "boxer"
                    },
                    {
                        "count": 2,
                        "value": "boxersms"
                    }
                ]
            },
            "last_submission_date": 1631877618,
            "last_analysis_results": {
                "Bkav": {
                    "category": "undetected",
                    "engine_name": "Bkav",
                    "engine_version": "1.3.0.9899",
                    "result": null,
                    "method": "blacklist",
                    "engine_update": "20220630"
                },
                "Lionic": {
                    "category": "malicious",
                    "engine_name": "Lionic",
                    "engine_version": "7.5",
                    "result": "SUSPICIOUS",
                    "method": "blacklist",
                    "engine_update": "20220630"
                },
                "tehtris": {
                    "category": "type-unsupported",
                    "engine_name": "tehtris",
                    "engine_version": null,
                    "result": null,
                    "method": "blacklist",
                    "engine_update": "20220630"
                },
                "MicroWorld-eScan": {
                    "category": "undetected",
                    "engine_name": "MicroWorld-eScan",
                    "engine_version": "14.0.409.0",
                    "result": null,
                    "method": "blacklist",
                    "engine_update": "20220630"
                },
                "FireEye": {
                    "category": "undetected",
                    "engine_name": "FireEye",
                    "engine_version": "35.24.1.0",
                    "result": null,
                    "method": "blacklist",
                    "engine_update": "20220630"
                },
                "CAT-QuickHeal": {
                    "category": "malicious",
                    "engine_name": "CAT-QuickHeal",
                    "engine_version": "14.00",
                    "result": "Android.Agent.GEN49634",
                    "method": "blacklist",
                    "engine_update": "20220629"
                },
                "McAfee": {
                    "category": "malicious",
                    "engine_name": "McAfee",
                    "engine_version": "6.0.6.653",
                    "result": "Artemis!AC926221A2C4",
                    "method": "blacklist",
                    "engine_update": "20220630"
                },
                "Malwarebytes": {
                    "category": "undetected",
                    "engine_name": "Malwarebytes",
                    "engine_version": "4.3.3.37",
                    "result": null,
                    "method": "blacklist",
                    "engine_update": "20220630"
                },
                "Sangfor": {
                    "category": "undetected",
                    "engine_name": "Sangfor",
                    "engine_version": "2.14.0.0",
                    "result": null,
                    "method": "blacklist",
                    "engine_update": "20220602"
                },
                "Trustlook": {
                    "category": "malicious",
                    "engine_name": "Trustlook",
                    "engine_version": "1.0",
                    "result": "Android.Malware.Trojan",
                    "method": "blacklist",
                    "engine_update": "20220630"
                },
                "Alibaba": {
                    "category": "malicious",
                    "engine_name": "Alibaba",
                    "engine_version": "0.3.0.5",
                    "result": "Trojan:Android/BoxerSms.ab197e53",
                    "method": "blacklist",
                    "engine_update": "20190527"
                },
                "K7GW": {
                    "category": "malicious",
                    "engine_name": "K7GW",
                    "engine_version": "12.22.43095",
                    "result": "Trojan ( 000001021 )",
                    "method": "blacklist",
                    "engine_update": "20220630"
                },
                "K7AntiVirus": {
                    "category": "undetected",
                    "engine_name": "K7AntiVirus",
                    "engine_version": "12.22.43093",
                    "result": null,
                    "method": "blacklist",
                    "engine_update": "20220630"
                },
                "BitDefenderTheta": {
                    "category": "undetected",
                    "engine_name": "BitDefenderTheta",
                    "engine_version": "7.2.37796.0",
                    "result": null,
                    "method": "blacklist",
                    "engine_update": "20220614"
                },
                "VirIT": {
                    "category": "malicious",
                    "engine_name": "VirIT",
                    "engine_version": "9.5.228",
                    "result": "Android.Adw.X-Gen.IGJ",
                    "method": "blacklist",
                    "engine_update": "20220630"
                },
                "Cyren": {
                    "category": "malicious",
                    "engine_name": "Cyren",
                    "engine_version": "6.5.1.2",
                    "result": "AndroidOS/Positmob.A",
                    "method": "blacklist",
                    "engine_update": "20220630"
                },
                "SymantecMobileInsight": {
                    "category": "malicious",
                    "engine_name": "SymantecMobileInsight",
                    "engine_version": "2.0",
                    "result": "Trojan:Premiumtext",
                    "method": "blacklist",
                    "engine_update": "20220208"
                },
                "Symantec": {
                    "category": "malicious",
                    "engine_name": "Symantec",
                    "engine_version": "1.17.0.0",
                    "result": "Android.Positmob",
                    "method": "blacklist",
                    "engine_update": "20220630"
                },
                "Elastic": {
                    "category": "type-unsupported",
                    "engine_name": "Elastic",
                    "engine_version": "4.0.40",
                    "result": null,
                    "method": "blacklist",
                    "engine_update": "20220623"
                },
                "ESET-NOD32": {
                    "category": "malicious",
                    "engine_name": "ESET-NOD32",
                    "engine_version": "25519",
                    "result": "multiple detections",
                    "method": "blacklist",
                    "engine_update": "20220630"
                },
                "Baidu": {
                    "category": "undetected",
                    "engine_name": "Baidu",
                    "engine_version": "1.0.0.2",
                    "result": null,
                    "method": "blacklist",
                    "engine_update": "20190318"
                },
                "TrendMicro-HouseCall": {
                    "category": "undetected",
                    "engine_name": "TrendMicro-HouseCall",
                    "engine_version": "10.0.0.1040",
                    "result": null,
                    "method": "blacklist",
                    "engine_update": "20220630"
                },
                "Avast": {
                    "category": "malicious",
                    "engine_name": "Avast",
                    "engine_version": "21.1.5827.0",
                    "result": "Android:AQ-A [Trj]",
                    "method": "blacklist",
                    "engine_update": "20220630"
                },
                "ClamAV": {
                    "category": "undetected",
                    "engine_name": "ClamAV",
                    "engine_version": "0.105.0.0",
                    "result": null,
                    "method": "blacklist",
                    "engine_update": "20220630"
                },
                "Kaspersky": {
                    "category": "malicious",
                    "engine_name": "Kaspersky",
                    "engine_version": "21.0.1.45",
                    "result": "HEUR:Trojan-SMS.AndroidOS.FakeInst.a",
                    "method": "blacklist",
                    "engine_update": "20220630"
                },
                "BitDefender": {
                    "category": "undetected",
                    "engine_name": "BitDefender",
                    "engine_version": "7.2",
                    "result": null,
                    "method": "blacklist",
                    "engine_update": "20220630"
                },
                "NANO-Antivirus": {
                    "category": "malicious",
                    "engine_name": "NANO-Antivirus",
                    "engine_version": "1.0.146.25588",
                    "result": "Trojan.Android.Agent.dmtsox",
                    "method": "blacklist",
                    "engine_update": "20220630"
                },
                "ViRobot": {
                    "category": "undetected",
                    "engine_name": "ViRobot",
                    "engine_version": "2014.3.20.0",
                    "result": null,
                    "method": "blacklist",
                    "engine_update": "20220630"
                },
                "Tencent": {
                    "category": "malicious",
                    "engine_name": "Tencent",
                    "engine_version": "1.0.0.1",
                    "result": "Trojan.Android.FakeInst.aaaa",
                    "method": "blacklist",
                    "engine_update": "20220630"
                },
                "Ad-Aware": {
                    "category": "undetected",
                    "engine_name": "Ad-Aware",
                    "engine_version": "3.0.21.193",
                    "result": null,
                    "method": "blacklist",
                    "engine_update": "20220630"
                },
                "TACHYON": {
                    "category": "undetected",
                    "engine_name": "TACHYON",
                    "engine_version": "2022-06-30.02",
                    "result": null,
                    "method": "blacklist",
                    "engine_update": "20220630"
                },
                "Emsisoft": {
                    "category": "undetected",
                    "engine_name": "Emsisoft",
                    "engine_version": "2021.5.0.7597",
                    "result": null,
                    "method": "blacklist",
                    "engine_update": "20220630"
                },
                "Comodo": {
                    "category": "malicious",
                    "engine_name": "Comodo",
                    "engine_version": "34762",
                    "result": "Malware@#ttptikiaubyz",
                    "method": "blacklist",
                    "engine_update": "20220630"
                },
                "F-Secure": {
                    "category": "undetected",
                    "engine_name": "F-Secure",
                    "engine_version": "18.10.978.51",
                    "result": null,
                    "method": "blacklist",
                    "engine_update": "20220630"
                },
                "DrWeb": {
                    "category": "malicious",
                    "engine_name": "DrWeb",
                    "engine_version": "7.0.56.4040",
                    "result": "Android.SmsSend.362",
                    "method": "blacklist",
                    "engine_update": "20220630"
                },
                "Zillya": {
                    "category": "undetected",
                    "engine_name": "Zillya",
                    "engine_version": "2.0.0.4661",
                    "result": null,
                    "method": "blacklist",
                    "engine_update": "20220629"
                },
                "TrendMicro": {
                    "category": "undetected",
                    "engine_name": "TrendMicro",
                    "engine_version": "11.0.0.1006",
                    "result": null,
                    "method": "blacklist",
                    "engine_update": "20220630"
                },
                "McAfee-GW-Edition": {
                    "category": "malicious",
                    "engine_name": "McAfee-GW-Edition",
                    "engine_version": "v2019.1.2+3728",
                    "result": "Artemis!Trojan",
                    "method": "blacklist",
                    "engine_update": "20220630"
                },
                "SentinelOne": {
                    "category": "type-unsupported",
                    "engine_name": "SentinelOne",
                    "engine_version": "22.2.1.2",
                    "result": null,
                    "method": "blacklist",
                    "engine_update": "20220330"
                },
                "Trapmine": {
                    "category": "type-unsupported",
                    "engine_name": "Trapmine",
                    "engine_version": "3.5.48.98",
                    "result": null,
                    "method": "blacklist",
                    "engine_update": "20220628"
                },
                "Sophos": {
                    "category": "malicious",
                    "engine_name": "Sophos",
                    "engine_version": "1.4.1.0",
                    "result": "Andr/Boxer-D",
                    "method": "blacklist",
                    "engine_update": "20220630"
                },
                "APEX": {
                    "category": "type-unsupported",
                    "engine_name": "APEX",
                    "engine_version": "6.307",
                    "result": null,
                    "method": "blacklist",
                    "engine_update": "20220628"
                },
                "GData": {
                    "category": "undetected",
                    "engine_name": "GData",
                    "engine_version": "A:25.33391B:27.27904",
                    "result": null,
                    "method": "blacklist",
                    "engine_update": "20220630"
                },
                "Jiangmin": {
                    "category": "malicious",
                    "engine_name": "Jiangmin",
                    "engine_version": "16.0.100",
                    "result": "Trojan/AndroidOS.gh",
                    "method": "blacklist",
                    "engine_update": "20220629"
                },
                "Webroot": {
                    "category": "type-unsupported",
                    "engine_name": "Webroot",
                    "engine_version": "1.0.0.403",
                    "result": null,
                    "method": "blacklist",
                    "engine_update": "20220630"
                },
                "Avira": {
                    "category": "malicious",
                    "engine_name": "Avira",
                    "engine_version": "8.3.3.14",
                    "result": "ANDROID/SMSBoxer.B.Gen",
                    "method": "blacklist",
                    "engine_update": "20220630"
                },
                "Kingsoft": {
                    "category": "undetected",
                    "engine_name": "Kingsoft",
                    "engine_version": "2017.9.26.565",
                    "result": null,
                    "method": "blacklist",
                    "engine_update": "20220630"
                },
                "Microsoft": {
                    "category": "malicious",
                    "engine_name": "Microsoft",
                    "engine_version": "1.1.19300.2",
                    "result": "Trojan:AndroidOS/BoxerSms.A",
                    "method": "blacklist",
                    "engine_update": "20220630"
                },
                "Gridinsoft": {
                    "category": "undetected",
                    "engine_name": "Gridinsoft",
                    "engine_version": "1.0.82.174",
                    "result": null,
                    "method": "blacklist",
                    "engine_update": "20220630"
                },
                "Arcabit": {
                    "category": "undetected",
                    "engine_name": "Arcabit",
                    "engine_version": "1.0.0.889",
                    "result": null,
                    "method": "blacklist",
                    "engine_update": "20220630"
                },
                "SUPERAntiSpyware": {
                    "category": "undetected",
                    "engine_name": "SUPERAntiSpyware",
                    "engine_version": "5.6.0.1032",
                    "result": null,
                    "method": "blacklist",
                    "engine_update": "20220625"
                },
                "ZoneAlarm": {
                    "category": "undetected",
                    "engine_name": "ZoneAlarm",
                    "engine_version": "1.0",
                    "result": null,
                    "method": "blacklist",
                    "engine_update": "20220630"
                },
                "Avast-Mobile": {
                    "category": "malicious",
                    "engine_name": "Avast-Mobile",
                    "engine_version": "220630-00",
                    "result": "Android:Evo-gen [Trj]",
                    "method": "blacklist",
                    "engine_update": "20220630"
                },
                "Cynet": {
                    "category": "malicious",
                    "engine_name": "Cynet",
                    "engine_version": "4.0.0.27",
                    "result": "Malicious (score: 99)",
                    "method": "blacklist",
                    "engine_update": "20220630"
                },
                "BitDefenderFalx": {
                    "category": "malicious",
                    "engine_name": "BitDefenderFalx",
                    "engine_version": "2.0.936",
                    "result": "Android.Trojan.FakeInst.M",
                    "method": "blacklist",
                    "engine_update": "20220103"
                },
                "AhnLab-V3": {
                    "category": "malicious",
                    "engine_name": "AhnLab-V3",
                    "engine_version": "3.22.1.10283",
                    "result": "Trojan/Android.FakeInst.77781",
                    "method": "blacklist",
                    "engine_update": "20220630"
                },
                "Acronis": {
                    "category": "undetected",
                    "engine_name": "Acronis",
                    "engine_version": "1.2.0.108",
                    "result": null,
                    "method": "blacklist",
                    "engine_update": "20220426"
                },
                "ALYac": {
                    "category": "undetected",
                    "engine_name": "ALYac",
                    "engine_version": "1.1.3.1",
                    "result": null,
                    "method": "blacklist",
                    "engine_update": "20220630"
                },
                "MAX": {
                    "category": "malicious",
                    "engine_name": "MAX",
                    "engine_version": "2019.9.16.1",
                    "result": "malware (ai score=100)",
                    "method": "blacklist",
                    "engine_update": "20220630"
                },
                "VBA32": {
                    "category": "malicious",
                    "engine_name": "VBA32",
                    "engine_version": "5.0.0",
                    "result": "Trojan-SMS.AndroidOS.Boxer.ci",
                    "method": "blacklist",
                    "engine_update": "20220630"
                },
                "Cylance": {
                    "category": "type-unsupported",
                    "engine_name": "Cylance",
                    "engine_version": "2.3.1.101",
                    "result": null,
                    "method": "blacklist",
                    "engine_update": "20220630"
                },
                "Zoner": {
                    "category": "undetected",
                    "engine_name": "Zoner",
                    "engine_version": "2.2.2.0",
                    "result": null,
                    "method": "blacklist",
                    "engine_update": "20220629"
                },
                "Rising": {
                    "category": "undetected",
                    "engine_name": "Rising",
                    "engine_version": "25.0.0.27",
                    "result": null,
                    "method": "blacklist",
                    "engine_update": "20220630"
                },
                "Yandex": {
                    "category": "malicious",
                    "engine_name": "Yandex",
                    "engine_version": "5.5.2.24",
                    "result": "Trojan.Etecer.bSmjBJ.2",
                    "method": "blacklist",
                    "engine_update": "20220630"
                },
                "Ikarus": {
                    "category": "malicious",
                    "engine_name": "Ikarus",
                    "engine_version": "6.0.24.0",
                    "result": "Trojan-SMS.AndroidOS.Boxer",
                    "method": "blacklist",
                    "engine_update": "20220630"
                },
                "MaxSecure": {
                    "category": "malicious",
                    "engine_name": "MaxSecure",
                    "engine_version": "1.0.0.1",
                    "result": "Android.Boxer.b",
                    "method": "blacklist",
                    "engine_update": "20220629"
                },
                "Fortinet": {
                    "category": "malicious",
                    "engine_name": "Fortinet",
                    "engine_version": "6.2.142.0",
                    "result": "Android/FakeInst.AAA!tr",
                    "method": "blacklist",
                    "engine_update": "20220630"
                },
                "AVG": {
                    "category": "malicious",
                    "engine_name": "AVG",
                    "engine_version": "21.1.5827.0",
                    "result": "Android:AQ-A [Trj]",
                    "method": "blacklist",
                    "engine_update": "20220630"
                },
                "Cybereason": {
                    "category": "type-unsupported",
                    "engine_name": "Cybereason",
                    "engine_version": "1.2.449",
                    "result": null,
                    "method": "blacklist",
                    "engine_update": "20210330"
                },
                "Paloalto": {
                    "category": "type-unsupported",
                    "engine_name": "Paloalto",
                    "engine_version": "0.9.0.1003",
                    "result": null,
                    "method": "blacklist",
                    "engine_update": "20220630"
                },
                "CrowdStrike": {
                    "category": "type-unsupported",
                    "engine_name": "CrowdStrike",
                    "engine_version": "1.0",
                    "result": null,
                    "method": "blacklist",
                    "engine_update": null
                }
            },
            "sandbox_verdicts": {
                "Zenbox Linux": {
                    "category": "harmless",
                    "confidence": 2,
                    "sandbox_name": "Zenbox Linux",
                    "malware_classification": [
                        "CLEAN"
                    ]
                }
            },
            "sha256": "000a067df9235aea987cd1e6b7768bcc1053e640b267c5b1f0deefc18be5dbe1",
            "type_extension": "apk",
            "tags": [
                "apk",
                "android"
            ],
            "last_analysis_date": 1656594408,
            "unique_sources": 44,
            "first_submission_date": 1321286541,
            "sha1": "991078b81a8f98cf2f9e9a89303ed898dbe1bf0b",
            "ssdeep": "49152:W8Fd2PQhazkFemgfGt0DqxonDbspi34l+TEUO1IHy58rmNx5yr81OHIRKyM7Cvw9:w",
            "bundle_info": {
                "highest_datetime": "2011-10-02 19:29:08",
                "lowest_datetime": "2011-10-02 19:29:04",
                "num_children": 173,
                "extensions": {
                    "xml": 4,
                    "dex": 1,
                    "MF": 1,
                    "cfg": 2,
                    "RSA": 1,
                    "SF": 1,
                    "png": 3
                },
                "file_types": {
                    "XML": 4,
                    "unknown": 6,
                    "DEX": 1,
                    "directory": 6,
                    "PNG": 156
                },
                "type": "APK",
                "uncompressed_size": 3357131
            },
            "md5": "ac926221a2c45f4b3f8721400341ceb0",
            "androguard": {
                "Activities": [
                    "com.depositmobi.Main",
                    "com.depositmobi.ReadOffertActivity",
                    "com.depositmobi.ActivationDoneActivity"
                ],
                "AndroidVersionCode": "1",
                "main_activity": "com.depositmobi.Main",
                "certificate": {
                    "Subject": {
                        "DN": "C:SD, CN:Code Coder, L:New York, O:Reti, ST:WW, OU:UI",
                        "C": "SD",
                        "CN": "Code Coder",
                        "L": "New York",
                        "O": "Reti",
                        "ST": "WW",
                        "OU": "UI"
                    },
                    "validto": "2038-12-02 19:29:30",
                    "serialnumber": "4e23381a",
                    "thumbprint": "5cb0136d4f218b1d7a489024972f8aa4720f5e67",
                    "validfrom": "2011-07-17 19:29:30",
                    "Issuer": {
                        "DN": "C:SD, CN:Code Coder, L:New York, O:Reti, ST:WW, OU:UI",
                        "C": "SD",
                        "CN": "Code Coder",
                        "L": "New York",
                        "O": "Reti",
                        "ST": "WW",
                        "OU": "UI"
                    }
                },
                "VTAndroidInfo": 2.0,
                "Package": "com.depositmobi",
                "intent_filters": {
                    "Activities": {
                        "com.depositmobi.Main": {
                            "action": [
                                "android.intent.action.MAIN"
                            ],
                            "category": [
                                "android.intent.category.LAUNCHER"
                            ]
                        }
                    }
                },
                "permission_details": {
                    "android.permission.SEND_SMS": {
                        "short_description": "send SMS messages",
                        "full_description": "Allows application to send SMS\n      messages. Malicious applications may cost you money by sending\n      messages without your confirmation.",
                        "permission_type": "dangerous"
                    }
                },
                "AndroidApplication": 1,
                "AndroidApplicationError": false,
                "AndroidVersionName": "1.0",
                "RiskIndicator": {
                    "APK": {
                        "DEX": 1
                    },
                    "PERM": {
                        "MONEY": 1,
                        "SMS": 1
                    }
                },
                "MinSdkVersion": "5",
                "TargetSdkVersion": "12",
                "AndroguardVersion": "3.4.0a1",
                "AndroidApplicationInfo": "APK"
            },
            "magic": "Zip archive data, at least v2.0 to extract",
            "last_analysis_stats": {
                "harmless": 0,
                "type-unsupported": 10,
                "suspicious": 0,
                "confirmed-timeout": 0,
                "timeout": 0,
                "failure": 0,
                "malicious": 33,
                "undetected": 28
            },
            "meaningful_name": "000a067df9235aea987cd1e6b7768bcc1053e640b267c5b1f0deefc18be5dbe1.apk",
            "reputation": 5
        },
        "type": "file",
        "id": "000a067df9235aea987cd1e6b7768bcc1053e640b267c5b1f0deefc18be5dbe1",
        "links": {
            "self": "https://www.virustotal.com/api/v3/files/000a067df9235aea987cd1e6b7768bcc1053e640b267c5b1f0deefc18be5dbe1"
        }
    }
}