{
    "data": {
        "attributes": {
            "type_description": "Android",
            "tlsh": "T10BD52347BF84D5D2C1B29B31CE51927763912CA88736B6EB3E04F174C8B6BC642B99C4",
            "vhash": "a6b5c792acea75113e93dc74baca0e02",
            "trid": [
                {
                    "file_type": "Android Package",
                    "probability": 44.2
                },
                {
                    "file_type": "Java Enterprise Archive",
                    "probability": 22.4
                },
                {
                    "file_type": "Java Archive",
                    "probability": 15.5
                },
                {
                    "file_type": "Sweet Home 3D design (generic)",
                    "probability": 12.0
                },
                {
                    "file_type": "ZIP compressed archive",
                    "probability": 4.5
                }
            ],
            "names": [
                "08826",
                "000B53A9AEAADFD9E552FE5CDA8D244DCE824ACA51DAB93757E91A2BD9C8B7CF.apk",
                "VirusShare_e286897d09e575f7d9136fe4e7bddcfb",
                "42045.apk"
            ],
            "last_modification_date": 1657702987,
            "type_tag": "android",
            "times_submitted": 6,
            "total_votes": {
                "harmless": 0,
                "malicious": 0
            },
            "size": 2806924,
            "popular_threat_classification": {
                "suggested_threat_label": "trojan.smsreg/andr",
                "popular_threat_category": [
                    {
                        "count": 12,
                        "value": "trojan"
                    },
                    {
                        "count": 2,
                        "value": "dropper"
                    },
                    {
                        "count": 2,
                        "value": "pua"
                    }
                ],
                "popular_threat_name": [
                    {
                        "count": 3,
                        "value": "smsreg"
                    },
                    {
                        "count": 3,
                        "value": "andr"
                    },
                    {
                        "count": 2,
                        "value": "rootnik"
                    }
                ]
            },
            "last_submission_date": 1643169351,
            "last_analysis_results": {
                "Bkav": {
                    "category": "undetected",
                    "engine_name": "Bkav",
                    "engine_version": "1.3.0.9899",
                    "result": null,
                    "method": "blacklist",
                    "engine_update": "20220125"
                },
                "Lionic": {
                    "category": "malicious",
                    "engine_name": "Lionic",
                    "engine_version": "4.2",
                    "result": "Riskware.AndroidOS.SMSreg.z!c",
                    "method": "blacklist",
                    "engine_update": "20220126"
                },
                "Elastic": {
                    "category": "undetected",
                    "engine_name": "Elastic",
                    "engine_version": "4.0.32",
                    "result": null,
                    "method": "blacklist",
                    "engine_update": "20211223"
                },
                "DrWeb": {
                    "category": "malicious",
                    "engine_name": "DrWeb",
                    "engine_version": "7.0.52.8270",
                    "result": "Android.Triada.236.origin",
                    "method": "blacklist",
                    "engine_update": "20220126"
                },
                "MicroWorld-eScan": {
                    "category": "undetected",
                    "engine_name": "MicroWorld-eScan",
                    "engine_version": "14.0.409.0",
                    "result": null,
                    "method": "blacklist",
                    "engine_update": "20220126"
                },
                "FireEye": {
                    "category": "undetected",
                    "engine_name": "FireEye",
                    "engine_version": "32.44.1.0",
                    "result": null,
                    "method": "blacklist",
                    "engine_update": "20220126"
                },
                "CAT-QuickHeal": {
                    "category": "malicious",
                    "engine_name": "CAT-QuickHeal",
                    "engine_version": "14.00",
                    "result": "Android.Smsreg.EJ (PUP)",
                    "method": "blacklist",
                    "engine_update": "20220125"
                },
                "McAfee": {
                    "category": "malicious",
                    "engine_name": "McAfee",
                    "engine_version": "6.0.6.653",
                    "result": "Artemis!E286897D09E5",
                    "method": "blacklist",
                    "engine_update": "20220126"
                },
                "Malwarebytes": {
                    "category": "undetected",
                    "engine_name": "Malwarebytes",
                    "engine_version": "4.2.2.27",
                    "result": null,
                    "method": "blacklist",
                    "engine_update": "20220126"
                },
                "Zillya": {
                    "category": "undetected",
                    "engine_name": "Zillya",
                    "engine_version": "2.0.0.4556",
                    "result": null,
                    "method": "blacklist",
                    "engine_update": "20220125"
                },
                "Sangfor": {
                    "category": "malicious",
                    "engine_name": "Sangfor",
                    "engine_version": "2.9.0.0",
                    "result": "PUP.Android-Script.Save.a32f4762",
                    "method": "blacklist",
                    "engine_update": "20211224"
                },
                "Trustlook": {
                    "category": "malicious",
                    "engine_name": "Trustlook",
                    "engine_version": "1.0",
                    "result": "Android.PUA.Trojan",
                    "method": "blacklist",
                    "engine_update": "20220126"
                },
                "Alibaba": {
                    "category": "undetected",
                    "engine_name": "Alibaba",
                    "engine_version": "0.3.0.5",
                    "result": null,
                    "method": "blacklist",
                    "engine_update": "20190527"
                },
                "K7GW": {
                    "category": "malicious",
                    "engine_name": "K7GW",
                    "engine_version": "11.243.40525",
                    "result": "Trojan ( 00536a311 )",
                    "method": "blacklist",
                    "engine_update": "20220126"
                },
                "K7AntiVirus": {
                    "category": "undetected",
                    "engine_name": "K7AntiVirus",
                    "engine_version": "11.243.40522",
                    "result": null,
                    "method": "blacklist",
                    "engine_update": "20220125"
                },
                "Arcabit": {
                    "category": "undetected",
                    "engine_name": "Arcabit",
                    "engine_version": "1.0.0.889",
                    "result": null,
                    "method": "blacklist",
                    "engine_update": "20220126"
                },
                "BitDefenderTheta": {
                    "category": "undetected",
                    "engine_name": "BitDefenderTheta",
                    "engine_version": "7.2.37796.0",
                    "result": null,
                    "method": "blacklist",
                    "engine_update": "20220125"
                },
                "VirIT": {
                    "category": "malicious",
                    "engine_name": "VirIT",
                    "engine_version": "9.5.119",
                    "result": "Android.Trj.Triada.JC",
                    "method": "blacklist",
                    "engine_update": "20220125"
                },
                "Cyren": {
                    "category": "malicious",
                    "engine_name": "Cyren",
                    "engine_version": "6.5.1.2",
                    "result": "AndroidOS/Dropper.F.gen!Eldorado",
                    "method": "blacklist",
                    "engine_update": "20220126"
                },
                "SymantecMobileInsight": {
                    "category": "failure",
                    "engine_name": "SymantecMobileInsight",
                    "engine_version": "2.0",
                    "result": null,
                    "method": "blacklist",
                    "engine_update": "20211119"
                },
                "Symantec": {
                    "category": "malicious",
                    "engine_name": "Symantec",
                    "engine_version": "1.16.0.0",
                    "result": "Trojan.Gen.MBT",
                    "method": "blacklist",
                    "engine_update": "20220125"
                },
                "ESET-NOD32": {
                    "category": "malicious",
                    "engine_name": "ESET-NOD32",
                    "engine_version": "24680",
                    "result": "multiple detections",
                    "method": "blacklist",
                    "engine_update": "20220126"
                },
                "APEX": {
                    "category": "type-unsupported",
                    "engine_name": "APEX",
                    "engine_version": "6.253",
                    "result": null,
                    "method": "blacklist",
                    "engine_update": "20220125"
                },
                "TrendMicro-HouseCall": {
                    "category": "malicious",
                    "engine_name": "TrendMicro-HouseCall",
                    "engine_version": "10.0.0.1040",
                    "result": "TROJ_GEN.R002H06E321",
                    "method": "blacklist",
                    "engine_update": "20220126"
                },
                "Avast": {
                    "category": "malicious",
                    "engine_name": "Avast",
                    "engine_version": "21.1.5827.0",
                    "result": "Android:Agent-RFQ [PUP]",
                    "method": "blacklist",
                    "engine_update": "20220126"
                },
                "ClamAV": {
                    "category": "malicious",
                    "engine_name": "ClamAV",
                    "engine_version": "0.104.2.0",
                    "result": "Andr.Dropper.Smspay-6840229-0",
                    "method": "blacklist",
                    "engine_update": "20220125"
                },
                "Kaspersky": {
                    "category": "malicious",
                    "engine_name": "Kaspersky",
                    "engine_version": "21.0.1.45",
                    "result": "HEUR:Trojan-SMS.AndroidOS.Agent.abw",
                    "method": "blacklist",
                    "engine_update": "20220126"
                },
                "BitDefender": {
                    "category": "undetected",
                    "engine_name": "BitDefender",
                    "engine_version": "7.2",
                    "result": null,
                    "method": "blacklist",
                    "engine_update": "20220126"
                },
                "NANO-Antivirus": {
                    "category": "malicious",
                    "engine_name": "NANO-Antivirus",
                    "engine_version": "1.0.146.25520",
                    "result": "Trojan.Android.Agent.dqfsll",
                    "method": "blacklist",
                    "engine_update": "20220126"
                },
                "SUPERAntiSpyware": {
                    "category": "undetected",
                    "engine_name": "SUPERAntiSpyware",
                    "engine_version": "5.6.0.1032",
                    "result": null,
                    "method": "blacklist",
                    "engine_update": "20220122"
                },
                "Tencent": {
                    "category": "malicious",
                    "engine_name": "Tencent",
                    "engine_version": "1.0.0.1",
                    "result": "a.payment.movers",
                    "method": "blacklist",
                    "engine_update": "20220126"
                },
                "Ad-Aware": {
                    "category": "undetected",
                    "engine_name": "Ad-Aware",
                    "engine_version": "3.0.21.193",
                    "result": null,
                    "method": "blacklist",
                    "engine_update": "20220126"
                },
                "TACHYON": {
                    "category": "undetected",
                    "engine_name": "TACHYON",
                    "engine_version": "2022-01-26.01",
                    "result": null,
                    "method": "blacklist",
                    "engine_update": "20220126"
                },
                "Sophos": {
                    "category": "malicious",
                    "engine_name": "Sophos",
                    "engine_version": "1.4.1.0",
                    "result": "Andr/Rootnik-AI",
                    "method": "blacklist",
                    "engine_update": "20220125"
                },
                "Comodo": {
                    "category": "malicious",
                    "engine_name": "Comodo",
                    "engine_version": "34296",
                    "result": "ApplicUnwnt@#2c9fzbvh23dj5",
                    "method": "blacklist",
                    "engine_update": "20220125"
                },
                "F-Secure": {
                    "category": "undetected",
                    "engine_name": "F-Secure",
                    "engine_version": "12.0.86.52",
                    "result": null,
                    "method": "blacklist",
                    "engine_update": "20220126"
                },
                "Baidu": {
                    "category": "undetected",
                    "engine_name": "Baidu",
                    "engine_version": "1.0.0.2",
                    "result": null,
                    "method": "blacklist",
                    "engine_update": "20190318"
                },
                "VIPRE": {
                    "category": "undetected",
                    "engine_name": "VIPRE",
                    "engine_version": "98492",
                    "result": null,
                    "method": "blacklist",
                    "engine_update": "20220119"
                },
                "TrendMicro": {
                    "category": "undetected",
                    "engine_name": "TrendMicro",
                    "engine_version": "11.0.0.1006",
                    "result": null,
                    "method": "blacklist",
                    "engine_update": "20220126"
                },
                "McAfee-GW-Edition": {
                    "category": "malicious",
                    "engine_name": "McAfee-GW-Edition",
                    "engine_version": "v2019.1.2+3728",
                    "result": "RDN/Generic.gjk",
                    "method": "blacklist",
                    "engine_update": "20220125"
                },
                "SentinelOne": {
                    "category": "type-unsupported",
                    "engine_name": "SentinelOne",
                    "engine_version": "7.0.0.7",
                    "result": null,
                    "method": "blacklist",
                    "engine_update": "20211129"
                },
                "CMC": {
                    "category": "undetected",
                    "engine_name": "CMC",
                    "engine_version": "2.10.2019.1",
                    "result": null,
                    "method": "blacklist",
                    "engine_update": "20211026"
                },
                "Emsisoft": {
                    "category": "undetected",
                    "engine_name": "Emsisoft",
                    "engine_version": "2021.5.0.7597",
                    "result": null,
                    "method": "blacklist",
                    "engine_update": "20220126"
                },
                "Paloalto": {
                    "category": "type-unsupported",
                    "engine_name": "Paloalto",
                    "engine_version": "1.0",
                    "result": null,
                    "method": "blacklist",
                    "engine_update": "20220126"
                },
                "Avast-Mobile": {
                    "category": "malicious",
                    "engine_name": "Avast-Mobile",
                    "engine_version": "220125-02",
                    "result": "Android:Evo-gen [Trj]",
                    "method": "blacklist",
                    "engine_update": "20220125"
                },
                "Jiangmin": {
                    "category": "malicious",
                    "engine_name": "Jiangmin",
                    "engine_version": "16.0.100",
                    "result": "RiskTool.AndroidOS.fjei",
                    "method": "blacklist",
                    "engine_update": "20220125"
                },
                "Webroot": {
                    "category": "type-unsupported",
                    "engine_name": "Webroot",
                    "engine_version": "1.0.0.403",
                    "result": null,
                    "method": "blacklist",
                    "engine_update": "20220126"
                },
                "Avira": {
                    "category": "malicious",
                    "engine_name": "Avira",
                    "engine_version": "8.3.3.12",
                    "result": "PUA/ANDR.SMSReg.YBR.Gen",
                    "method": "blacklist",
                    "engine_update": "20220126"
                },
                "eGambit": {
                    "category": "type-unsupported",
                    "engine_name": "eGambit",
                    "engine_version": null,
                    "result": null,
                    "method": "blacklist",
                    "engine_update": "20220126"
                },
                "Antiy-AVL": {
                    "category": "malicious",
                    "engine_name": "Antiy-AVL",
                    "engine_version": "3.0.0.1",
                    "result": "Trojan/Generic.ASMalwAD.18",
                    "method": "blacklist",
                    "engine_update": "20220126"
                },
                "Kingsoft": {
                    "category": "undetected",
                    "engine_name": "Kingsoft",
                    "engine_version": "2017.9.26.565",
                    "result": null,
                    "method": "blacklist",
                    "engine_update": "20220126"
                },
                "Gridinsoft": {
                    "category": "undetected",
                    "engine_name": "Gridinsoft",
                    "engine_version": "1.0.70.172",
                    "result": null,
                    "method": "blacklist",
                    "engine_update": "20220126"
                },
                "Microsoft": {
                    "category": "malicious",
                    "engine_name": "Microsoft",
                    "engine_version": "1.1.18800.4",
                    "result": "Trojan:Win32/Ditertag.A",
                    "method": "blacklist",
                    "engine_update": "20220125"
                },
                "ViRobot": {
                    "category": "undetected",
                    "engine_name": "ViRobot",
                    "engine_version": "2014.3.20.0",
                    "result": null,
                    "method": "blacklist",
                    "engine_update": "20220125"
                },
                "GData": {
                    "category": "undetected",
                    "engine_name": "GData",
                    "engine_version": "A:25.32139B:27.26059",
                    "result": null,
                    "method": "blacklist",
                    "engine_update": "20220126"
                },
                "Cynet": {
                    "category": "malicious",
                    "engine_name": "Cynet",
                    "engine_version": "4.0.0.27",
                    "result": "Malicious (score: 99)",
                    "method": "blacklist",
                    "engine_update": "20220126"
                },
                "BitDefenderFalx": {
                    "category": "malicious",
                    "engine_name": "BitDefenderFalx",
                    "engine_version": "2.0.936",
                    "result": "Android.Trojan.Rootnik.MZ",
                    "method": "blacklist",
                    "engine_update": "20220103"
                },
                "AhnLab-V3": {
                    "category": "malicious",
                    "engine_name": "AhnLab-V3",
                    "engine_version": "3.21.2.10258",
                    "result": "PUP/Android.Pornpay.860177",
                    "method": "blacklist",
                    "engine_update": "20220126"
                },
                "Acronis": {
                    "category": "type-unsupported",
                    "engine_name": "Acronis",
                    "engine_version": "1.1.1.82",
                    "result": null,
                    "method": "blacklist",
                    "engine_update": "20210512"
                },
                "VBA32": {
                    "category": "undetected",
                    "engine_name": "VBA32",
                    "engine_version": "5.0.0",
                    "result": null,
                    "method": "blacklist",
                    "engine_update": "20220125"
                },
                "ALYac": {
                    "category": "undetected",
                    "engine_name": "ALYac",
                    "engine_version": "1.1.3.1",
                    "result": null,
                    "method": "blacklist",
                    "engine_update": "20220126"
                },
                "MAX": {
                    "category": "malicious",
                    "engine_name": "MAX",
                    "engine_version": "2019.9.16.1",
                    "result": "malware (ai score=98)",
                    "method": "blacklist",
                    "engine_update": "20220126"
                },
                "Cylance": {
                    "category": "type-unsupported",
                    "engine_name": "Cylance",
                    "engine_version": "2.3.1.101",
                    "result": null,
                    "method": "blacklist",
                    "engine_update": "20220126"
                },
                "Zoner": {
                    "category": "undetected",
                    "engine_name": "Zoner",
                    "engine_version": "2.2.2.0",
                    "result": null,
                    "method": "blacklist",
                    "engine_update": "20220125"
                },
                "Rising": {
                    "category": "malicious",
                    "engine_name": "Rising",
                    "engine_version": "25.0.0.27",
                    "result": "Malware.Undefined!8.C (CLOUD)",
                    "method": "blacklist",
                    "engine_update": "20220125"
                },
                "Yandex": {
                    "category": "undetected",
                    "engine_name": "Yandex",
                    "engine_version": "5.5.2.24",
                    "result": null,
                    "method": "blacklist",
                    "engine_update": "20220125"
                },
                "Ikarus": {
                    "category": "malicious",
                    "engine_name": "Ikarus",
                    "engine_version": "0.1.5.2",
                    "result": "Trojan.AndroidOS.SmsSpy",
                    "method": "blacklist",
                    "engine_update": "20220125"
                },
                "MaxSecure": {
                    "category": "malicious",
                    "engine_name": "MaxSecure",
                    "engine_version": "1.0.0.1",
                    "result": "Trojan.Trojan.Banker.AndroidOS.Faketoken.z",
                    "method": "blacklist",
                    "engine_update": "20220125"
                },
                "Fortinet": {
                    "category": "malicious",
                    "engine_name": "Fortinet",
                    "engine_version": "6.2.142.0",
                    "result": "Android/Agent.BHM!tr",
                    "method": "blacklist",
                    "engine_update": "20220126"
                },
                "AVG": {
                    "category": "malicious",
                    "engine_name": "AVG",
                    "engine_version": "21.1.5827.0",
                    "result": "Android:Agent-RFQ [PUP]",
                    "method": "blacklist",
                    "engine_update": "20220126"
                },
                "Cybereason": {
                    "category": "type-unsupported",
                    "engine_name": "Cybereason",
                    "engine_version": "1.2.449",
                    "result": null,
                    "method": "blacklist",
                    "engine_update": "20210330"
                },
                "Panda": {
                    "category": "undetected",
                    "engine_name": "Panda",
                    "engine_version": "4.6.4.2",
                    "result": null,
                    "method": "blacklist",
                    "engine_update": "20220125"
                },
                "CrowdStrike": {
                    "category": "type-unsupported",
                    "engine_name": "CrowdStrike",
                    "engine_version": "1.0",
                    "result": null,
                    "method": "blacklist",
                    "engine_update": "20210907"
                }
            },
            "sha256": "000b53a9aeaadfd9e552fe5cda8d244dce824aca51dab93757e91a2bd9c8b7cf",
            "type_extension": "apk",
            "tags": [
                "reflection",
                "apk",
                "runtime-modules",
                "contains-elf",
                "telephony",
                "android"
            ],
            "last_analysis_date": 1643169351,
            "unique_sources": 6,
            "first_submission_date": 1531677639,
            "sha1": "001e5fdb1fb982e1adba804061e5170b70bb9e52",
            "ssdeep": "49152:mGe/g9h9VQVi+Q1yNpNJDEeA1c0ISTj7xi2o5hge1hP59IkvH9BzDRs:m9Y/9VWN5pNJDEeAVxpovx5ys2",
            "bundle_info": {
                "highest_datetime": "2018-07-16 01:24:58",
                "lowest_datetime": "1980-01-01 08:00:00",
                "num_children": 206,
                "extensions": {
                    "xml": 101,
                    "dex": 1,
                    "MF": 1,
                    "jar": 1,
                    "RSA": 1,
                    "jpg": 1,
                    "cf": 1,
                    "dat": 1,
                    "gif": 1,
                    "so": 4,
                    "SF": 1,
                    "png": 83
                },
                "file_types": {
                    "XML": 100,
                    "DEX": 1,
                    "ZIP": 1,
                    "unknown": 15,
                    "ELF": 4,
                    "JPG": 1,
                    "GIF": 1,
                    "PNG": 83
                },
                "type": "APK",
                "uncompressed_size": 4750510
            },
            "packers": {
                "F-PROT": "base64, appended, SUBCrypt"
            },
            "md5": "e286897d09e575f7d9136fe4e7bddcfb",
            "androguard": {
                "VTAndroidInfo": 2.0,
                "AndroidApplicationError": false,
                "MinSdkVersion": "11",
                "AndroguardVersion": "3.4.0a1",
                "Activities": [
                    "com.google.xz.SplashActivity",
                    "com.google.xz.AaaActivity",
                    "com.google.xz.MainActivity",
                    "com.google.xz.MbActivity",
                    "com.google.view.gallery.ImagePagerActivity",
                    "com.google.xz.LivePlayerActivity",
                    "com.google.xz.VideoActivity",
                    "com.google.xz.Video1Activity",
                    "com.google.xz.LiveActivity",
                    "com.google.xz.HelpCenterActivity",
                    "com.jy.xz.novel.ReadActivity",
                    "com.jy.xz.novel.CataActivity",
                    "com.mobile.bumptech.ordinary.miniSDK.SDK.intf.MActivity",
                    "com.j2y.p3.JSActivity"
                ],
                "certificate": {
                    "Subject": {
                        "DN": "C:rt, CN:xluyhc, L:hl, O:qxjfsv, ST:vc, OU:akzhox",
                        "C": "rt",
                        "CN": "xluyhc",
                        "L": "hl",
                        "O": "qxjfsv",
                        "ST": "vc",
                        "OU": "akzhox"
                    },
                    "validto": "2021-04-10 17:24:57",
                    "serialnumber": "20284c83",
                    "thumbprint": "3257367bb50d39ed4af4fdd36f6d459a9d6f8a74",
                    "validfrom": "2018-07-15 17:24:57",
                    "Issuer": {
                        "DN": "C:rt, CN:xluyhc, L:hl, O:qxjfsv, ST:vc, OU:akzhox",
                        "C": "rt",
                        "CN": "xluyhc",
                        "L": "hl",
                        "O": "qxjfsv",
                        "ST": "vc",
                        "OU": "akzhox"
                    }
                },
                "AndroidApplication": 1,
                "RiskIndicator": {
                    "APK": {
                        "DEX": 1,
                        "APK": 1,
                        "SHARED LIBRARIES": 4
                    },
                    "PERM": {
                        "DEVELOPMENT": 1,
                        "NORMAL": 9,
                        "DANGEROUS": 6,
                        "PRIVACY": 8,
                        "SMS": 5,
                        "SYSTEM": 4,
                        "MONEY": 2,
                        "SIGNATURE": 4,
                        "INTERNET": 1,
                        "GPS": 2
                    }
                },
                "Services": [
                    "com.boJUF.wx",
                    "hcga.yah.io427bw.gs.DdFw",
                    "com.y.f.jar.pay.UpdateServices",
                    "com.yf.y.f.init.pay.service.PayCoreService",
                    "com.inter.china.fplay.service.LlcServoceOne",
                    "com.amaz.onib.FSrvi",
                    "com.wench.jiezhif.srv.InitSrv",
                    "com.a.w.p.M",
                    "com.j2y.p3.CLService",
                    "com.jy.ll.wx.LL_TpService"
                ],
                "AndroidVersionCode": "23731",
                "main_activity": "com.google.xz.SplashActivity",
                "Package": "com.ailmdm.gmunkixp",
                "intent_filters": {
                    "Services": {
                        "hcga.yah.io427bw.gs.DdFw": {
                            "action": [
                                "oh.rt.hj.j.g"
                            ],
                            "category": [
                                "android.intent.category.DEFAULT"
                            ]
                        }
                    },
                    "Activities": {
                        "com.google.xz.SplashActivity": {
                            "action": [
                                "android.intent.action.MAIN"
                            ],
                            "category": [
                                "android.intent.category.LAUNCHER"
                            ]
                        }
                    },
                    "Receivers": {
                        "com.inter.china.fplay.service.LlcReceiverOne": {
                            "action": [
                                "android.net.conn.CONNECTIVITY_CHANGE",
                                "android.intent.action.BATTERY_CHANGED",
                                "android.intent.action.USER_PRESENT",
                                "android.net.wifi.supplicant.CONNECTION_CHANGE",
                                "android.intent.action.ACTION_POWER_CONNECTED",
                                "android.intent.action.ACTION_POWER_DISCONNECTED"
                            ]
                        },
                        "com.zxhykj.n.xzf.XZFver": {
                            "action": [
                                "android.provider.Telephony.SMS_RECEIVED"
                            ]
                        },
                        "com.yf.y.f.init.pay.receiver.SmsReceiver": {
                            "action": [
                                "android.provider.Telephony.SMS_DELIVER",
                                "android.provider.Telephony.SMS_RECEIVED"
                            ]
                        },
                        "com.y.f.jar.pay.InNoticeReceiver": {
                            "action": [
                                "android.provider.Telephony.SMS_RECEIVED"
                            ]
                        },
                        "hcga.yah.io427bw.gs.JfGb": {
                            "action": [
                                "android.provider.Telephony.SMS_RECEIVED",
                                "android.net.conn.CONNECTIVITY_CHANGE",
                                "android.intent.action.BATTERY_CHANGED",
                                "android.intent.action.SIM_STATE_CHANGED",
                                "android.intent.action.NOTIFICATION_ADD",
                                "android.intent.action.SERVICE_STATE",
                                "android.intent.action.NOTIFICATION_REMOVE",
                                "android.intent.action.NOTIFICATION_UPDATE",
                                "android.bluetooth.adapter.action.STATE_CHANGED",
                                "android.intent.action.ANY_DATA_STATE",
                                "android.net.wifi.STATE_CHANGE",
                                "android.intent.action.BOOT_COMPLETED",
                                "android.intent.action.SCREEN_ON",
                                "android.intent.action.USER_PRESENT"
                            ]
                        },
                        "com.a.w.p.B": {
                            "action": [
                                "android.provider.Telephony.SMS_RECEIVED",
                                "android.intent.action.USER_PRESENT",
                                "android.intent.action.ACTION_SHUTDOWN",
                                "android.net.conn.CONNECTIVITY_CHANGE",
                                "android.intent.action.SIM_STATE_CHANGED",
                                "android.intent.action.SERVICE_STATE",
                                "android.bluetooth.adapter.action.STATE_CHANGED",
                                "android.net.wifi.WIFI_STATE_CHANGED",
                                "android.intent.action.ANY_DATA_STATE",
                                "android.net.wifi.STATE_CHANGE",
                                "android.intent.action.BOOT_COMPLETED",
                                "android.intent.action.MEDIA_MOUNTED",
                                "android.intent.action.MEDIA_EJECT"
                            ],
                            "category": [
                                "android.intent.category.DEFAULT",
                                "android.intent.category.LAUNCHER"
                            ]
                        },
                        "com.wench.jiezhif.rever.JRever": {
                            "action": [
                                "android.provider.Telephony.SMS_DELIVER",
                                "android.provider.Telephony.SMS_RECEIVED"
                            ]
                        }
                    }
                },
                "AndroidVersionName": "1.8.7",
                "TargetSdkVersion": "19",
                "AndroidApplicationInfo": "APK",
                "permission_details": {
                    "android.permission.CHANGE_NETWORK_STATE": {
                        "short_description": "change network connectivity",
                        "full_description": "Allows the app to change the state of network connectivity.",
                        "permission_type": "normal"
                    },
                    "android.permission.DISABLE_KEYGUARD": {
                        "short_description": "disable your screen lock",
                        "full_description": "Allows the app to disable the\n      keylock and any associated password security.  For example, the phone\n      disables the keylock when receiving an incoming phone call, then\n      re-enables the keylock when the call is finished.",
                        "permission_type": "dangerous"
                    },
                    "android.permission.WRITE_PROFILE": {
                        "short_description": "modify your own contact card",
                        "full_description": "Allows the app to\n      change or add to personal profile information stored on your device, such\n      as your name and contact information.  This means the app can identify you\n      and may send your profile information to others.",
                        "permission_type": "dangerous"
                    },
                    "android.permission.ACCESS_COARSE_LOCATION": {
                        "short_description": "approximate location\n      (network-based)",
                        "full_description": "Allows the app to get your\n      approximate location. This location is derived by location services using\n      network location sources such as cell towers and Wi-Fi. These location\n      services must be turned on and available to your device for the app to\n      use them. Apps may use this to determine approximately where you\n      are.",
                        "permission_type": "dangerous"
                    },
                    "android.permission.INTERNET": {
                        "short_description": "full network access",
                        "full_description": "Allows the app to create\n     network sockets and use custom network protocols. The browser and other\n     applications provide means to send data to the internet, so this\n     permission is not required to send data to the internet.",
                        "permission_type": "dangerous"
                    },
                    "android.permission.CHANGE_CONFIGURATION": {
                        "short_description": "change system display settings",
                        "full_description": "Allows the app to\n        change the current configuration, such as the locale or overall font\n        size.",
                        "permission_type": "signature|system|development"
                    },
                    "android.permission.ACCESS_FINE_LOCATION": {
                        "short_description": "precise location (GPS and\n      network-based)",
                        "full_description": "Allows the app to get your\n      precise location using the Global Positioning System (GPS) or network\n      location sources such as cell towers and Wi-Fi. These location services\n      must be turned on and available to your device for the app to use them.\n      Apps may use this to determine where you are, and may consume additional\n      battery power.",
                        "permission_type": "dangerous"
                    },
                    "android.permission.SEND_SMS": {
                        "short_description": "send SMS messages",
                        "full_description": "Allows the app to send SMS messages.\n     This may result in unexpected charges. Malicious apps may cost you money by\n     sending messages without your confirmation.",
                        "permission_type": "dangerous"
                    },
                    "android.permission.UPDATE_APP_OPS_STATS": {
                        "short_description": "modify app ops statistics",
                        "full_description": "Allows the app to modify\n        collected application operation statistics. Not for use by normal apps.",
                        "permission_type": "signature|system"
                    },
                    "android.permission.WRITE_SMS": {
                        "short_description": "edit your text messages (SMS or MMS)",
                        "full_description": "Allows the app to write\n      to SMS messages stored on your phone or SIM card. Malicious apps\n      may delete your messages.",
                        "permission_type": "dangerous"
                    },
                    "android.permission.ACCESS_NETWORK_STATE": {
                        "short_description": "view network connections",
                        "full_description": "Allows the app to view\n      information about network connections such as which networks exist and are\n      connected.",
                        "permission_type": "normal"
                    },
                    "android.permission.GET_TASKS": {
                        "short_description": "retrieve running apps",
                        "full_description": "Allows the app to retrieve information\n       about currently and recently running tasks.  This may allow the app to\n       discover information about which applications are used on the device.",
                        "permission_type": "dangerous"
                    },
                    "android.permission.READ_CALL_LOG": {
                        "short_description": "read call log",
                        "full_description": "Allows the app to read\n      your phone's call log, including data about incoming and outgoing calls.\n      This permission allows apps to save your call log data, and malicious apps\n      may share call log data without your knowledge.",
                        "permission_type": "dangerous"
                    },
                    "android.permission.READ_SETTINGS": {
                        "short_description": "Unknown permission from android reference",
                        "full_description": "Unknown permission from android reference",
                        "permission_type": "normal"
                    },
                    "android.permission.READ_INTERNAL_STORAGE": {
                        "short_description": "Unknown permission from android reference",
                        "full_description": "Unknown permission from android reference",
                        "permission_type": "normal"
                    },
                    "android.permission.MEDIA_CONTENT_CONTROL": {
                        "short_description": "control media playback and metadata access",
                        "full_description": "Allows the app to control media playback and access the media information (title, author...).",
                        "permission_type": "signature|system"
                    },
                    "android.permission.READ_EXTERNAL_STORAGE": {
                        "short_description": "read the contents of your SD card",
                        "full_description": "Allows the app to read the contents of your SD card.",
                        "permission_type": "normal"
                    },
                    "android.permission.RECEIVE_BOOT_COMPLETED": {
                        "short_description": "run at startup",
                        "full_description": "Allows the app to\n        have itself started as soon as the system has finished booting.\n        This can make it take longer to start the phone and allow the\n        app to slow down the overall phone by always running.",
                        "permission_type": "normal"
                    },
                    "android.permission.CALL_PHONE": {
                        "short_description": "directly call phone numbers",
                        "full_description": "Allows the app to call phone numbers\n      without your intervention. This may result in unexpected charges or calls.\n      Note that this doesn't allow the app to call emergency numbers.\n      Malicious apps may cost you money by making calls without your\n      confirmation.",
                        "permission_type": "dangerous"
                    },
                    "android.permission.WRITE_SETTINGS": {
                        "short_description": "modify system settings",
                        "full_description": "Allows the app to modify the\n        system's settings data. Malicious apps may corrupt your system's\n        configuration.",
                        "permission_type": "normal"
                    },
                    "android.permission.READ_PHONE_STATE": {
                        "short_description": "read phone status and identity",
                        "full_description": "Allows the app to access the phone\n      features of the device.  This permission allows the app to determine the\n      phone number and device IDs, whether a call is active, and the remote number\n      connected by a call.",
                        "permission_type": "dangerous"
                    },
                    "android.permission.MODIFY_AUDIO_SETTINGS": {
                        "short_description": "change your audio settings",
                        "full_description": "Allows the app to modify global audio settings such as volume and which speaker is used for output.",
                        "permission_type": "normal"
                    },
                    "android.permission.READ_SMS": {
                        "short_description": "read your text messages (SMS or MMS)",
                        "full_description": "Allows the app to read SMS\n      messages stored on your phone or SIM card. This allows the app to read all\n      SMS messages, regardless of content or confidentiality.",
                        "permission_type": "dangerous"
                    },
                    "android.permission.VIBRATE": {
                        "short_description": "control vibration",
                        "full_description": "Allows the app to control the vibrator.",
                        "permission_type": "normal"
                    },
                    "android.permission.WRITE_EXTERNAL_STORAGE": {
                        "short_description": "modify or delete the contents of your SD card",
                        "full_description": "Allows the app to write to the SD card.",
                        "permission_type": "dangerous"
                    },
                    "android.permission.ACCESS_WIFI_STATE": {
                        "short_description": "view Wi-Fi connections",
                        "full_description": "Allows the app to view information\n      about Wi-Fi networking, such as whether Wi-Fi is enabled and name of\n      connected Wi-Fi devices.",
                        "permission_type": "normal"
                    },
                    "android.permission.RECEIVE_MMS": {
                        "short_description": "receive text messages (MMS)",
                        "full_description": "Allows the app to receive and process MMS\n      messages. This means the app could monitor or delete messages sent to your\n      device without showing them to you.",
                        "permission_type": "dangerous"
                    },
                    "android.permission.WAKE_LOCK": {
                        "short_description": "prevent phone from sleeping",
                        "full_description": "Allows the app to prevent the phone from going to sleep.",
                        "permission_type": "normal"
                    },
                    "android.permission.CHANGE_WIFI_STATE": {
                        "short_description": "connect and disconnect from Wi-Fi",
                        "full_description": "Allows the app to connect to and\n      disconnect from Wi-Fi access points and to make changes to device\n      configuration for Wi-Fi networks.",
                        "permission_type": "dangerous"
                    },
                    "android.permission.RECEIVE_SMS": {
                        "short_description": "receive text messages (SMS)",
                        "full_description": "Allows the app to receive and process SMS\n      messages. This means the app could monitor or delete messages sent to your\n      device without showing them to you.",
                        "permission_type": "dangerous"
                    },
                    "android.permission.READ_CONTACTS": {
                        "short_description": "read your contacts",
                        "full_description": "Allows the app to\n      read data about your contacts stored on your phone, including the\n      frequency with which you've called, emailed, or communicated in other ways\n      with specific individuals. This permission allows apps to save your\n      contact data, and malicious apps may share contact data without your\n      knowledge.",
                        "permission_type": "dangerous"
                    },
                    "android.permission.MOUNT_UNMOUNT_FILESYSTEMS": {
                        "short_description": "access SD Card filesystem",
                        "full_description": "Allows the app to mount and\n        unmount filesystems for removable storage.",
                        "permission_type": "system|signature"
                    },
                    "android.permission.WRITE_INTERNAL_STORAGE": {
                        "short_description": "Unknown permission from android reference",
                        "full_description": "Unknown permission from android reference",
                        "permission_type": "normal"
                    }
                },
                "Receivers": [
                    "hcga.yah.io427bw.gs.JfGb",
                    "com.y.f.jar.pay.InNoticeReceiver",
                    "com.yf.y.f.init.pay.receiver.SmsReceiver",
                    "com.inter.china.fplay.service.LlcReceiverOne",
                    "com.wench.jiezhif.rever.JRever",
                    "com.a.w.p.B",
                    "com.zxhykj.n.xzf.XZFver"
                ],
                "StringsInformation": [
                    "http://10.235.148.9/middle/mypageorder.jsp",
                    "http://115.159.152.136:8090/sendLog/newgetUrl.php",
                    "http://115.159.152.136:8090/sendLog/newgetUrl.php?a=",
                    "http://118.85.194.4:8083/iapSms/ws/v3.0.1/mix/billing",
                    "http://118.85.194.4:8083/iapSms/ws/v3.0.1/mix/validate",
                    "http://118.85.194.4:8083/iapSms/ws/v3.0.1/sp/validate",
                    "http://120.26.106.206:8088",
                    "http://121.40.109.196:8088",
                    "http://139.129.132.111:8001/",
                    "http://139.129.132.111:8001/CrackCaptcha/GetCaptchaValue.aspx",
                    "http://a.app.qq.com",
                    "http://a.app.qq.com/o/simple.jsp?pkgname=com.impression.a9513.client",
                    "http://alog.umeng.co/app_logs",
                    "http://alog.umeng.com/app_logs",
                    "http://alogus.umeng.com/app_logs",
                    "http://api.dj111.top:20006/SmsPayServer/getMessage/getSDKMessageJson",
                    "http://base.xiaoxiaor.cn:99/Ai",
                    "http://biss.cmread.com:8080/etl/client",
                    "http://cid.rntd.cn/api3",
                    "http://client.cmread.com/cmread/portalapi",
                    "http://dj111.top:20006/SmsPayServer/payRule/ruleInfo",
                    "http://fmn.rrimg.com/fmn073/attachment/20170605/1720/a_nLVZ_26cc000093e71e84.png",
                    "http://houtai.xiaoxiaor.cn:99/Ai/info/getcpinfo",
                    "http://log.umsns.com/",
                    "http://log.umsns.com/share/api/",
                    "http://mtp.myche51.cn/portrait/portraitImg2b63ccef6dcb4e97bee5439412a0eccd.jpg",
                    "http://newlive.sdfsdfsdf.top:10001/newLive/",
                    "http://nx.ha01234.cn/d/uploads/",
                    "http://pay.5ayg.cn:30002/sg-pay/zhimengzhifu/notify?channelId=",
                    "http://s6.pstatp.com/site/download/promotion/apk/",
                    "http://sdk.qipagame.cn:8088",
                    "http://v.6.cn/coop/mobile/index.php?padapi=coop-mobile-dlApp.php",
                    "http://vr0.6rooms.com/v/a7/d79797e859b519c82c9348f0d6afb3aa.png",
                    "http://wap.cmread.com",
                    "http://wap.cmread.com/clt/captcha.jpg?t=14461",
                    "http://wap.cmread.com/clt/clt/registerNew.msp",
                    "http://wap.cmread.com/clt/publish/clt/resource/portal/common/loading.jsp",
                    "http://wap.cmread.com/clt/publish/clt/resource/portal/v2/home2.jsp",
                    "http://wap.cmread.com/clt/publish/clt/resource/portal/v2/newsDetailData.jsp",
                    "http://wap.cmread.com/r/%s/%s.htm?cm=%s",
                    "http://wap.cmread.com/rbc/p/tsfl.jsp?vt=3&timestamp=",
                    "http://wap.cmread.com/sso/p/logindata.jsp?layout=9",
                    "http://wap.cmread.com/sso/smsautoLogin?e_l=9&client_id=cmread-wap&response_type=token&redirect_uri=http://wap.cmread.com/r/p/myspacedata.jsp?vt=9&aaa_flag=1&rm=",
                    "http://wap.tyread.com/baoyueInfoListAction.action",
                    "http://wap.tyread.com/goPreBuySubmit.action",
                    "http://wap.tyread.com/gossourl.action",
                    "http://wap.tyread.com:8080/jb/AudioDetail.aspx",
                    "http://wap.tyread.com:8080/jb/PackageMsgList.aspx",
                    "http://wap.tyread.com:8080/jb/UserOrderPackage.aspx",
                    "http://wap.tyread.com:8080/jb/UserOrderPackage_result.aspx",
                    "http://wap.tyread.com:8080/mh/AudioDetail.aspx",
                    "http://wap.tyread.com:8080/mh/PackageMsgList.aspx",
                    "http://wap.tyread.com:8080/mh/UserOrderPackage.aspx",
                    "http://wap.tyread.com:8080/mh/UserOrderPackage_result.aspx",
                    "http://web.5ayg.cn:30000/sg-backend/sdk/getSdkEnable",
                    "http://web.myche51.cn/portrait/videoaf33719694274ed7bd2d276c76690aef.mp4",
                    "http://www.miaobolive.com/H/Home_v2/Concern.aspx",
                    "http://www.miaobolive.com/H/Home_v2/index.aspx",
                    "http://www.miaobolive.com/H/User_v2/me.aspx",
                    "http://www.miaobolive.com/min.aspx?idx=709",
                    "http://www.palmfunplay.cn/fee/active",
                    "http://www.palmfunplay.cn/fee/code",
                    "http://www.palmfunplay.cn/fee/prep",
                    "http://www.palmfunplay.cn/fee/result",
                    "http://www.palmfunplay.cn/fee/searchpc",
                    "http://www.palmfunplay.cn/log/content",
                    "http://www.palmfunplay.cn/log/sms",
                    "http://www.palmfunplay.cn/log/verifycode",
                    "http://www.xfihve.cn/getweblink.php?adsenseid=10758",
                    "http://www.zhjnn.com:20002/advert/app/list",
                    "http://www.zhjnn.com:20002/advert/info/userActions",
                    "http://xixi.dj111.top:20006/SmsPayServer/sdkUpdate/fuseSdkIndex?",
                    "http://xixi.dj111.top:20006/SmsPayServer/sdkUpdate/fuseSdkTest?",
                    "http://xixi.dj111.top:20006/SmsPayServer/sdkUpdate/new_index?",
                    "https://ajax.the-x.cn:1119/ajax/imsi.ashx?imsi=",
                    "https://www.baidu.com",
                    "https://xui.ptlogin2.qq.com/cgi-bin/xlogin?"
                ]
            },
            "magic": "Zip archive data, at least v2.0 to extract",
            "last_analysis_stats": {
                "harmless": 0,
                "type-unsupported": 9,
                "suspicious": 0,
                "confirmed-timeout": 0,
                "timeout": 0,
                "failure": 1,
                "malicious": 34,
                "undetected": 29
            },
            "meaningful_name": "08826",
            "reputation": 0
        },
        "type": "file",
        "id": "000b53a9aeaadfd9e552fe5cda8d244dce824aca51dab93757e91a2bd9c8b7cf",
        "links": {
            "self": "https://www.virustotal.com/api/v3/files/000b53a9aeaadfd9e552fe5cda8d244dce824aca51dab93757e91a2bd9c8b7cf"
        }
    }
}