{
    "data": {
        "attributes": {
            "type_description": "Android",
            "tlsh": "T14103E11F6B69CD6EC226AB39394BA402AF4511DA3647713722B0700C6F76F31D4B5ACE",
            "vhash": "fbc7ed84c6bbbfb0e84a7b5ca7bf4797",
            "trid": [
                {
                    "file_type": "Android Package",
                    "probability": 60.1
                },
                {
                    "file_type": "Java Archive",
                    "probability": 21.0
                },
                {
                    "file_type": "Mozilla Archive Format (gen)",
                    "probability": 10.9
                },
                {
                    "file_type": "ZIP compressed archive",
                    "probability": 6.2
                },
                {
                    "file_type": "PrintFox/Pagefox bitmap (640x800)",
                    "probability": 1.5
                }
            ],
            "names": [
                "ciik9i987.dll",
                "17e367089fbcaf0b1a477d7158948f8d.apk"
            ],
            "last_modification_date": 1659067063,
            "type_tag": "android",
            "times_submitted": 12,
            "total_votes": {
                "harmless": 0,
                "malicious": 0
            },
            "size": 37676,
            "popular_threat_classification": {
                "suggested_threat_label": "trojan.slocker/fusob",
                "popular_threat_category": [
                    {
                        "count": 12,
                        "value": "trojan"
                    },
                    {
                        "count": 7,
                        "value": "ransomware"
                    }
                ],
                "popular_threat_name": [
                    {
                        "count": 5,
                        "value": "slocker"
                    },
                    {
                        "count": 5,
                        "value": "fusob"
                    },
                    {
                        "count": 5,
                        "value": "locker"
                    }
                ]
            },
            "last_submission_date": 1617544372,
            "last_analysis_results": {
                "Bkav": {
                    "category": "undetected",
                    "engine_name": "Bkav",
                    "engine_version": "1.3.0.9899",
                    "result": null,
                    "method": "blacklist",
                    "engine_update": "20220728"
                },
                "Lionic": {
                    "category": "malicious",
                    "engine_name": "Lionic",
                    "engine_version": "7.5",
                    "result": "Trojan.AndroidOS.Fusob.C!c",
                    "method": "blacklist",
                    "engine_update": "20220729"
                },
                "Elastic": {
                    "category": "type-unsupported",
                    "engine_name": "Elastic",
                    "engine_version": "4.0.41",
                    "result": null,
                    "method": "blacklist",
                    "engine_update": "20220728"
                },
                "DrWeb": {
                    "category": "malicious",
                    "engine_name": "DrWeb",
                    "engine_version": "7.0.56.4040",
                    "result": "Android.Locker.232",
                    "method": "blacklist",
                    "engine_update": "20220728"
                },
                "MicroWorld-eScan": {
                    "category": "undetected",
                    "engine_name": "MicroWorld-eScan",
                    "engine_version": "14.0.409.0",
                    "result": null,
                    "method": "blacklist",
                    "engine_update": "20220729"
                },
                "CMC": {
                    "category": "undetected",
                    "engine_name": "CMC",
                    "engine_version": "2.10.2019.1",
                    "result": null,
                    "method": "blacklist",
                    "engine_update": "20220623"
                },
                "CAT-QuickHeal": {
                    "category": "malicious",
                    "engine_name": "CAT-QuickHeal",
                    "engine_version": "14.00",
                    "result": "Android.Fusob.E",
                    "method": "blacklist",
                    "engine_update": "20220728"
                },
                "ALYac": {
                    "category": "undetected",
                    "engine_name": "ALYac",
                    "engine_version": "1.1.3.1",
                    "result": null,
                    "method": "blacklist",
                    "engine_update": "20220729"
                },
                "Malwarebytes": {
                    "category": "undetected",
                    "engine_name": "Malwarebytes",
                    "engine_version": "4.3.3.37",
                    "result": null,
                    "method": "blacklist",
                    "engine_update": "20220728"
                },
                "Zillya": {
                    "category": "undetected",
                    "engine_name": "Zillya",
                    "engine_version": "2.0.0.4679",
                    "result": null,
                    "method": "blacklist",
                    "engine_update": "20220727"
                },
                "Paloalto": {
                    "category": "type-unsupported",
                    "engine_name": "Paloalto",
                    "engine_version": "0.9.0.1003",
                    "result": null,
                    "method": "blacklist",
                    "engine_update": "20220729"
                },
                "Sangfor": {
                    "category": "undetected",
                    "engine_name": "Sangfor",
                    "engine_version": "2.14.0.0",
                    "result": null,
                    "method": "blacklist",
                    "engine_update": "20220722"
                },
                "Trustlook": {
                    "category": "malicious",
                    "engine_name": "Trustlook",
                    "engine_version": "1.0",
                    "result": "Android.Malware.Ransomware",
                    "method": "blacklist",
                    "engine_update": "20220729"
                },
                "Alibaba": {
                    "category": "malicious",
                    "engine_name": "Alibaba",
                    "engine_version": "0.3.0.5",
                    "result": "Ransom:Android/Fusob.e6166303",
                    "method": "blacklist",
                    "engine_update": "20190527"
                },
                "K7GW": {
                    "category": "malicious",
                    "engine_name": "K7GW",
                    "engine_version": "12.27.43567",
                    "result": "Trojan ( 0053663a1 )",
                    "method": "blacklist",
                    "engine_update": "20220728"
                },
                "K7AntiVirus": {
                    "category": "undetected",
                    "engine_name": "K7AntiVirus",
                    "engine_version": "12.27.43565",
                    "result": null,
                    "method": "blacklist",
                    "engine_update": "20220728"
                },
                "Arcabit": {
                    "category": "undetected",
                    "engine_name": "Arcabit",
                    "engine_version": "1.0.0.889",
                    "result": null,
                    "method": "blacklist",
                    "engine_update": "20220728"
                },
                "BitDefenderTheta": {
                    "category": "undetected",
                    "engine_name": "BitDefenderTheta",
                    "engine_version": "7.2.37796.0",
                    "result": null,
                    "method": "blacklist",
                    "engine_update": "20220718"
                },
                "VirIT": {
                    "category": "malicious",
                    "engine_name": "VirIT",
                    "engine_version": "9.5.248",
                    "result": "Android.Trj.Locker.IY",
                    "method": "blacklist",
                    "engine_update": "20220728"
                },
                "Cyren": {
                    "category": "malicious",
                    "engine_name": "Cyren",
                    "engine_version": "6.5.1.2",
                    "result": "AndroidOS/RANSOM.SLocker.W.gen!Eldorado",
                    "method": "blacklist",
                    "engine_update": "20220729"
                },
                "SymantecMobileInsight": {
                    "category": "malicious",
                    "engine_name": "SymantecMobileInsight",
                    "engine_version": "2.0",
                    "result": "Trojan:Lockdroid.E",
                    "method": "blacklist",
                    "engine_update": "20220208"
                },
                "Symantec": {
                    "category": "malicious",
                    "engine_name": "Symantec",
                    "engine_version": "1.18.0.0",
                    "result": "Android.Lockdroid.E",
                    "method": "blacklist",
                    "engine_update": "20220728"
                },
                "tehtris": {
                    "category": "type-unsupported",
                    "engine_name": "tehtris",
                    "engine_version": null,
                    "result": null,
                    "method": "blacklist",
                    "engine_update": "20220729"
                },
                "ESET-NOD32": {
                    "category": "malicious",
                    "engine_name": "ESET-NOD32",
                    "engine_version": "25669",
                    "result": "a variant of Android/Locker.EB",
                    "method": "blacklist",
                    "engine_update": "20220729"
                },
                "APEX": {
                    "category": "type-unsupported",
                    "engine_name": "APEX",
                    "engine_version": "6.317",
                    "result": null,
                    "method": "blacklist",
                    "engine_update": "20220728"
                },
                "TrendMicro-HouseCall": {
                    "category": "undetected",
                    "engine_name": "TrendMicro-HouseCall",
                    "engine_version": "10.0.0.1040",
                    "result": null,
                    "method": "blacklist",
                    "engine_update": "20220729"
                },
                "Avast": {
                    "category": "malicious",
                    "engine_name": "Avast",
                    "engine_version": "21.1.5827.0",
                    "result": "Android:Locker-IC [Trj]",
                    "method": "blacklist",
                    "engine_update": "20220729"
                },
                "ClamAV": {
                    "category": "undetected",
                    "engine_name": "ClamAV",
                    "engine_version": "0.105.1.0",
                    "result": null,
                    "method": "blacklist",
                    "engine_update": "20220728"
                },
                "Kaspersky": {
                    "category": "malicious",
                    "engine_name": "Kaspersky",
                    "engine_version": "21.0.1.45",
                    "result": "HEUR:Trojan-Ransom.AndroidOS.Fusob.f",
                    "method": "blacklist",
                    "engine_update": "20220728"
                },
                "BitDefender": {
                    "category": "undetected",
                    "engine_name": "BitDefender",
                    "engine_version": "7.2",
                    "result": null,
                    "method": "blacklist",
                    "engine_update": "20220728"
                },
                "NANO-Antivirus": {
                    "category": "malicious",
                    "engine_name": "NANO-Antivirus",
                    "engine_version": "1.0.146.25618",
                    "result": "Trojan.Android.Ransom.dvsula",
                    "method": "blacklist",
                    "engine_update": "20220728"
                },
                "SUPERAntiSpyware": {
                    "category": "undetected",
                    "engine_name": "SUPERAntiSpyware",
                    "engine_version": "5.6.0.1032",
                    "result": null,
                    "method": "blacklist",
                    "engine_update": "20220723"
                },
                "Tencent": {
                    "category": "malicious",
                    "engine_name": "Tencent",
                    "engine_version": "1.0.0.1",
                    "result": "Trojan.Android.Fusob.ky",
                    "method": "blacklist",
                    "engine_update": "20220729"
                },
                "Ad-Aware": {
                    "category": "undetected",
                    "engine_name": "Ad-Aware",
                    "engine_version": "3.0.21.193",
                    "result": null,
                    "method": "blacklist",
                    "engine_update": "20220729"
                },
                "Sophos": {
                    "category": "malicious",
                    "engine_name": "Sophos",
                    "engine_version": "1.4.1.0",
                    "result": "Andr/Xgen2-HP",
                    "method": "blacklist",
                    "engine_update": "20220729"
                },
                "Comodo": {
                    "category": "malicious",
                    "engine_name": "Comodo",
                    "engine_version": "34847",
                    "result": "Malware@#3hujc0q749plz",
                    "method": "blacklist",
                    "engine_update": "20220728"
                },
                "F-Secure": {
                    "category": "undetected",
                    "engine_name": "F-Secure",
                    "engine_version": "18.10.978.51",
                    "result": null,
                    "method": "blacklist",
                    "engine_update": "20220728"
                },
                "Baidu": {
                    "category": "undetected",
                    "engine_name": "Baidu",
                    "engine_version": "1.0.0.2",
                    "result": null,
                    "method": "blacklist",
                    "engine_update": "20190318"
                },
                "VIPRE": {
                    "category": "undetected",
                    "engine_name": "VIPRE",
                    "engine_version": "6.0.0.35",
                    "result": null,
                    "method": "blacklist",
                    "engine_update": "20220728"
                },
                "TrendMicro": {
                    "category": "undetected",
                    "engine_name": "TrendMicro",
                    "engine_version": "11.0.0.1006",
                    "result": null,
                    "method": "blacklist",
                    "engine_update": "20220728"
                },
                "McAfee-GW-Edition": {
                    "category": "malicious",
                    "engine_name": "McAfee-GW-Edition",
                    "engine_version": "v2019.1.2+3728",
                    "result": "Artemis!Trojan",
                    "method": "blacklist",
                    "engine_update": "20220728"
                },
                "SentinelOne": {
                    "category": "type-unsupported",
                    "engine_name": "SentinelOne",
                    "engine_version": "22.2.1.2",
                    "result": null,
                    "method": "blacklist",
                    "engine_update": "20220330"
                },
                "Trapmine": {
                    "category": "type-unsupported",
                    "engine_name": "Trapmine",
                    "engine_version": "3.5.48.101",
                    "result": null,
                    "method": "blacklist",
                    "engine_update": "20220707"
                },
                "FireEye": {
                    "category": "undetected",
                    "engine_name": "FireEye",
                    "engine_version": "35.24.1.0",
                    "result": null,
                    "method": "blacklist",
                    "engine_update": "20220728"
                },
                "Emsisoft": {
                    "category": "undetected",
                    "engine_name": "Emsisoft",
                    "engine_version": "2021.5.0.7597",
                    "result": null,
                    "method": "blacklist",
                    "engine_update": "20220729"
                },
                "Ikarus": {
                    "category": "malicious",
                    "engine_name": "Ikarus",
                    "engine_version": "6.0.26.0",
                    "result": "Trojan-Ransom.AndroidOS.PornLocker",
                    "method": "blacklist",
                    "engine_update": "20220728"
                },
                "GData": {
                    "category": "undetected",
                    "engine_name": "GData",
                    "engine_version": "A:25.33616B:27.28244",
                    "result": null,
                    "method": "blacklist",
                    "engine_update": "20220728"
                },
                "Jiangmin": {
                    "category": "undetected",
                    "engine_name": "Jiangmin",
                    "engine_version": "16.0.100",
                    "result": null,
                    "method": "blacklist",
                    "engine_update": "20220728"
                },
                "Webroot": {
                    "category": "type-unsupported",
                    "engine_name": "Webroot",
                    "engine_version": "1.0.0.403",
                    "result": null,
                    "method": "blacklist",
                    "engine_update": "20220729"
                },
                "Avira": {
                    "category": "malicious",
                    "engine_name": "Avira",
                    "engine_version": "8.3.3.16",
                    "result": "ANDROID/Agent.FGJN.Gen",
                    "method": "blacklist",
                    "engine_update": "20220729"
                },
                "Antiy-AVL": {
                    "category": "malicious",
                    "engine_name": "Antiy-AVL",
                    "engine_version": "3.0",
                    "result": "Trojan/Generic.ASMalwAD.3B",
                    "method": "blacklist",
                    "engine_update": "20220728"
                },
                "Kingsoft": {
                    "category": "malicious",
                    "engine_name": "Kingsoft",
                    "engine_version": "2017.9.26.565",
                    "result": "Android.Troj.idevreg.ac.(kcloud)",
                    "method": "blacklist",
                    "engine_update": "20220729"
                },
                "Gridinsoft": {
                    "category": "undetected",
                    "engine_name": "Gridinsoft",
                    "engine_version": "1.0.86.174",
                    "result": null,
                    "method": "blacklist",
                    "engine_update": "20220729"
                },
                "Microsoft": {
                    "category": "malicious",
                    "engine_name": "Microsoft",
                    "engine_version": "1.1.19400.3",
                    "result": "Ransom:AndroidOS/Slocker",
                    "method": "blacklist",
                    "engine_update": "20220728"
                },
                "ViRobot": {
                    "category": "undetected",
                    "engine_name": "ViRobot",
                    "engine_version": "2014.3.20.0",
                    "result": null,
                    "method": "blacklist",
                    "engine_update": "20220728"
                },
                "ZoneAlarm": {
                    "category": "undetected",
                    "engine_name": "ZoneAlarm",
                    "engine_version": "1.0",
                    "result": null,
                    "method": "blacklist",
                    "engine_update": "20220728"
                },
                "Avast-Mobile": {
                    "category": "malicious",
                    "engine_name": "Avast-Mobile",
                    "engine_version": "220728-00",
                    "result": "Android:Evo-gen [Trj]",
                    "method": "blacklist",
                    "engine_update": "20220728"
                },
                "Cynet": {
                    "category": "malicious",
                    "engine_name": "Cynet",
                    "engine_version": "4.0.0.27",
                    "result": "Malicious (score: 99)",
                    "method": "blacklist",
                    "engine_update": "20220728"
                },
                "BitDefenderFalx": {
                    "category": "malicious",
                    "engine_name": "BitDefenderFalx",
                    "engine_version": "2.0.936",
                    "result": "Android.Trojan.SLocker.EB",
                    "method": "blacklist",
                    "engine_update": "20220103"
                },
                "AhnLab-V3": {
                    "category": "malicious",
                    "engine_name": "AhnLab-V3",
                    "engine_version": "3.22.1.10283",
                    "result": "Trojan/Android.Slocker.706059",
                    "method": "blacklist",
                    "engine_update": "20220728"
                },
                "Acronis": {
                    "category": "undetected",
                    "engine_name": "Acronis",
                    "engine_version": "1.2.0.108",
                    "result": null,
                    "method": "blacklist",
                    "engine_update": "20220426"
                },
                "McAfee": {
                    "category": "malicious",
                    "engine_name": "McAfee",
                    "engine_version": "6.0.6.653",
                    "result": "Artemis!17E367089FBC",
                    "method": "blacklist",
                    "engine_update": "20220728"
                },
                "MAX": {
                    "category": "malicious",
                    "engine_name": "MAX",
                    "engine_version": "2019.9.16.1",
                    "result": "malware (ai score=100)",
                    "method": "blacklist",
                    "engine_update": "20220729"
                },
                "VBA32": {
                    "category": "undetected",
                    "engine_name": "VBA32",
                    "engine_version": "5.0.0",
                    "result": null,
                    "method": "blacklist",
                    "engine_update": "20220728"
                },
                "Cylance": {
                    "category": "type-unsupported",
                    "engine_name": "Cylance",
                    "engine_version": "2.3.1.101",
                    "result": null,
                    "method": "blacklist",
                    "engine_update": "20220729"
                },
                "Zoner": {
                    "category": "undetected",
                    "engine_name": "Zoner",
                    "engine_version": "2.2.2.0",
                    "result": null,
                    "method": "blacklist",
                    "engine_update": "20220728"
                },
                "Rising": {
                    "category": "undetected",
                    "engine_name": "Rising",
                    "engine_version": "25.0.0.27",
                    "result": null,
                    "method": "blacklist",
                    "engine_update": "20220728"
                },
                "Yandex": {
                    "category": "undetected",
                    "engine_name": "Yandex",
                    "engine_version": "5.5.2.24",
                    "result": null,
                    "method": "blacklist",
                    "engine_update": "20220725"
                },
                "TACHYON": {
                    "category": "undetected",
                    "engine_name": "TACHYON",
                    "engine_version": "2022-07-29.01",
                    "result": null,
                    "method": "blacklist",
                    "engine_update": "20220729"
                },
                "MaxSecure": {
                    "category": "undetected",
                    "engine_name": "MaxSecure",
                    "engine_version": "1.0.0.1",
                    "result": null,
                    "method": "blacklist",
                    "engine_update": "20220728"
                },
                "Fortinet": {
                    "category": "malicious",
                    "engine_name": "Fortinet",
                    "engine_version": "6.4.258.0",
                    "result": "Android/SLocker.EB!tr",
                    "method": "blacklist",
                    "engine_update": "20220729"
                },
                "AVG": {
                    "category": "malicious",
                    "engine_name": "AVG",
                    "engine_version": "21.1.5827.0",
                    "result": "Android:Locker-IC [Trj]",
                    "method": "blacklist",
                    "engine_update": "20220729"
                },
                "Cybereason": {
                    "category": "type-unsupported",
                    "engine_name": "Cybereason",
                    "engine_version": "1.2.449",
                    "result": null,
                    "method": "blacklist",
                    "engine_update": "20210330"
                },
                "Panda": {
                    "category": "undetected",
                    "engine_name": "Panda",
                    "engine_version": "4.6.4.2",
                    "result": null,
                    "method": "blacklist",
                    "engine_update": "20220728"
                },
                "CrowdStrike": {
                    "category": "type-unsupported",
                    "engine_name": "CrowdStrike",
                    "engine_version": "1.0",
                    "result": null,
                    "method": "blacklist",
                    "engine_update": null
                }
            },
            "sandbox_verdicts": {
                "Tencent HABO": {
                    "category": "malicious",
                    "sandbox_name": "Tencent HABO",
                    "malware_classification": [
                        "MALWARE"
                    ]
                }
            },
            "sha256": "0002f45e396b4d948ed0e9d2f818ec9f1b10f592347d43825ca2ff6a271a6867",
            "type_extension": "apk",
            "tags": [
                "reflection",
                "telephony",
                "runtime-modules",
                "apk",
                "dyn-calls",
                "android",
                "xorcrypt"
            ],
            "last_analysis_date": 1659059840,
            "unique_sources": 6,
            "first_submission_date": 1447881819,
            "sha1": "c8d75f57df034048d5c0a8672a944f1cec936ec4",
            "ssdeep": "768:a0nqqnLUbMOR9N+WGOOPSGbqQpr1nCVF7xX2TFXC:a0nqqnLUQQEWMXbqQx9CVF7xf",
            "bundle_info": {
                "highest_datetime": "2015-08-11 16:56:30",
                "lowest_datetime": "2015-08-11 16:56:24",
                "num_children": 12,
                "extensions": {
                    "xml": 3,
                    "dex": 1,
                    "MF": 1,
                    "RSA": 1,
                    "dat": 1,
                    "SF": 1,
                    "png": 1
                },
                "file_types": {
                    "XML": 3,
                    "unknown": 5,
                    "DEX": 1,
                    "HTML": 2,
                    "PNG": 1
                },
                "type": "APK",
                "uncompressed_size": 50438
            },
            "packers": {
                "Cyren": "XORCrypt",
                "F-PROT": "XORCrypt"
            },
            "md5": "17e367089fbcaf0b1a477d7158948f8d",
            "androguard": {
                "Activities": [
                    "content.nail.outsell.BroomsticksActivity",
                    "content.nail.outsell.ReluctantActivity",
                    "content.nail.outsell.SecularActivity",
                    "content.nail.outsell.VerifiesActivity",
                    "content.nail.outsell.LampooningActivity"
                ],
                "AndroidVersionCode": "1",
                "main_activity": "content.nail.outsell.BroomsticksActivity",
                "certificate": {
                    "validto": "2042-12-27 14:56:29",
                    "serialnumber": "630b9538",
                    "validfrom": "2015-08-11 14:56:29",
                    "thumbprint": "489b7c44ecb8c24d8867a8f18ff68018c6cdeeb8"
                },
                "VTAndroidInfo": 2.0,
                "Package": "content.nail.outsell",
                "intent_filters": {
                    "Activities": {
                        "content.nail.outsell.BroomsticksActivity": {
                            "action": [
                                "android.intent.action.MAIN"
                            ],
                            "category": [
                                "android.intent.category.LAUNCHER"
                            ]
                        }
                    },
                    "Receivers": {
                        "content.nail.outsell.Wrangler": {
                            "action": [
                                "android.app.action.DEVICE_ADMIN_ENABLED",
                                "android.app.user.TEST"
                            ]
                        },
                        "content.nail.outsell.Abraham": {
                            "action": [
                                "android.intent.action.BOOT_COMPLETED",
                                "android.intent.action.USER_PRESENT",
                                "android.intent.action.SCREEN_ON",
                                "android.intent.action.NEW_OUTGOING_CALL",
                                "android.intent.action.PHONE_STATE"
                            ]
                        }
                    }
                },
                "permission_details": {
                    "android.permission.WRITE_CONTACTS": {
                        "short_description": "modify your contacts",
                        "full_description": "Allows the app to\n    modify the data about your contacts stored on your phone, including the\n    frequency with which you've called, emailed, or communicated in other ways\n    with specific contacts. This permission allows apps to delete contact\n    data.",
                        "permission_type": "dangerous"
                    },
                    "android.permission.ACCESS_FINE_LOCATION": {
                        "short_description": "precise (GPS) location",
                        "full_description": "Access precise\n      location sources such as the Global Positioning System on the phone. When\n      location services are available and turned on, this permission allows the\n      app to determine your precise location.",
                        "permission_type": "dangerous"
                    },
                    "android.permission.ACCESS_COARSE_UPDATES": {
                        "short_description": "Unknown permission from android reference",
                        "full_description": "Unknown permission from android reference",
                        "permission_type": "normal"
                    },
                    "android.permission.READ_PHONE_STATE": {
                        "short_description": "read phone status and identity",
                        "full_description": "Allows the app to access the phone\n      features of the device.  This permission allows the app to determine the\n      phone number and device IDs, whether a call is active, and the remote number\n      connected by a call.",
                        "permission_type": "dangerous"
                    },
                    "android.permission.SYSTEM_ALERT_WINDOW": {
                        "short_description": "draw over other apps",
                        "full_description": "Allows the app to show system\n      alert windows.  Some alert windows may take over the entire screen.\n      ",
                        "permission_type": "dangerous"
                    },
                    "android.permission.PROCESS_OUTGOING_CALLS": {
                        "short_description": "reroute outgoing calls",
                        "full_description": "Allows the app to process\n      outgoing calls and change the number to be dialed. This permission allows\n      the app to monitor, redirect, or prevent outgoing calls.",
                        "permission_type": "dangerous"
                    },
                    "android.permission.ACCESS_NETWORK_STATE": {
                        "short_description": "view network connections",
                        "full_description": "Allows the app to view\n      information about network connections such as which networks exist and are\n      connected.",
                        "permission_type": "normal"
                    },
                    "android.permission.ACCESS_COARSE_LOCATION": {
                        "short_description": "approximate (network-based) location",
                        "full_description": "Access\n      approximate location from location providers using network sources such as\n      cell tower and Wi-Fi. When these location services are available and turned\n      on, this permission allows the app to determine your approximate\n      location.",
                        "permission_type": "dangerous"
                    },
                    "android.permission.WAKE_LOCK": {
                        "short_description": "prevent phone from sleeping",
                        "full_description": "Allows the app to prevent the phone from going to sleep.",
                        "permission_type": "dangerous"
                    },
                    "android.permission.GET_TASKS": {
                        "short_description": "retrieve running apps",
                        "full_description": "Allows the app to retrieve information\n       about currently and recently running tasks.  This may allow the app to\n       discover information about which applications are used on the device.",
                        "permission_type": "dangerous"
                    },
                    "android.permission.READ_CALL_LOG": {
                        "short_description": "read call log",
                        "full_description": "Allows the app to read\n      your phone's call log, including data about incoming and outgoing calls.\n      This permission allows apps to save your call log data, and malicious apps\n      may share call log data without your knowledge.",
                        "permission_type": "dangerous"
                    },
                    "android.permission.RECEIVE_BOOT_COMPLETED": {
                        "short_description": "run at startup",
                        "full_description": "Allows the app to\n        have itself started as soon as the system has finished booting.\n        This can make it take longer to start the phone and allow the\n        app to slow down the overall phone by always running.",
                        "permission_type": "normal"
                    },
                    "android.permission.WRITE_SETTINGS": {
                        "short_description": "modify system settings",
                        "full_description": "Allows the app to modify the\n        system's settings data. Malicious apps may corrupt your system's\n        configuration.",
                        "permission_type": "dangerous"
                    },
                    "android.permission.CAMERA": {
                        "short_description": "take pictures and videos",
                        "full_description": "Allows the app to take pictures and videos\n      with the camera.  This permission allows the app to use the camera at any\n      time without your confirmation.",
                        "permission_type": "dangerous"
                    },
                    "android.permission.READ_CONTACTS": {
                        "short_description": "read your contacts",
                        "full_description": "Allows the app to\n      read data about your contacts stored on your phone, including the\n      frequency with which you've called, emailed, or communicated in other ways\n      with specific individuals. This permission allows apps to save your\n      contact data, and malicious apps may share contact data without your\n      knowledge.",
                        "permission_type": "dangerous"
                    },
                    "android.permission.INTERNET": {
                        "short_description": "full network access",
                        "full_description": "Allows the app to create\n     network sockets and use custom network protocols. The browser and other\n     applications provide means to send data to the internet, so this\n     permission is not required to send data to the internet.",
                        "permission_type": "dangerous"
                    },
                    "android.permission.READ_PROFILE": {
                        "short_description": "read your own contact card",
                        "full_description": "Allows the app to read\n     personal profile information stored on your device, such as your name and\n     contact information. This means the app can identify you and may send your\n     profile information to others.",
                        "permission_type": "dangerous"
                    },
                    "android.permission.WRITE_EXTERNAL_STORAGE": {
                        "short_description": "modify or delete the contents of your SD card",
                        "full_description": "Allows the app to write to the SD card.",
                        "permission_type": "dangerous"
                    }
                },
                "AndroidApplication": 1,
                "AndroidApplicationError": false,
                "AndroidVersionName": "1.0",
                "RiskIndicator": {
                    "APK": {
                        "DEX": 1
                    },
                    "PERM": {
                        "NORMAL": 2,
                        "DANGEROUS": 6,
                        "PRIVACY": 7,
                        "MONEY": 1,
                        "CALL": 1,
                        "INTERNET": 1,
                        "GPS": 2
                    }
                },
                "Services": [
                    "content.nail.outsell.SpratService",
                    "content.nail.outsell.NetballService",
                    "content.nail.outsell.TestService",
                    "content.nail.outsell.TestService2",
                    "content.nail.outsell.TestService3",
                    "content.nail.outsell.TestService4",
                    "content.nail.outsell.TestService5"
                ],
                "MinSdkVersion": "8",
                "TargetSdkVersion": "16",
                "Receivers": [
                    "content.nail.outsell.Abraham",
                    "content.nail.outsell.Wrangler"
                ],
                "AndroguardVersion": "4.0",
                "AndroidApplicationInfo": "APK"
            },
            "magic": "Zip archive data, at least v2.0 to extract",
            "last_analysis_stats": {
                "harmless": 0,
                "type-unsupported": 10,
                "suspicious": 0,
                "confirmed-timeout": 0,
                "timeout": 0,
                "failure": 0,
                "malicious": 31,
                "undetected": 34
            },
            "meaningful_name": "ciik9i987.dll",
            "reputation": 0,
            "first_seen_itw_date": 1591881102
        },
        "type": "file",
        "id": "0002f45e396b4d948ed0e9d2f818ec9f1b10f592347d43825ca2ff6a271a6867",
        "links": {
            "self": "https://www.virustotal.com/api/v3/files/0002f45e396b4d948ed0e9d2f818ec9f1b10f592347d43825ca2ff6a271a6867"
        }
    }
}